Date,Close,High,Low,Open,Volume,Daily_Change_%,Crash_Signal
2020-01-01,1690.74658203125,1699.5624676460316,1681.3179258408104,1687.917985174118,397285,,0
2020-01-02,1688.3421630859375,1697.063669128781,1681.5063880793846,1688.6721429981108,411266,-0.14221048682669934,0
2020-01-03,1651.3345947265625,1678.1119968918447,1647.2331529821627,1678.1119968918447,1318628,-2.191947175668041,1
2020-01-06,1609.6126708984375,1638.7000451127078,1597.213968021247,1638.6528558049367,1871804,-2.5265578497151053,1
2020-01-07,1625.8775634765625,1641.0576775493344,1613.2431406417186,1613.2431406417186,1033650,1.010484874541051,0
2020-01-08,1630.0260009765625,1636.8145868652969,1598.1570995026948,1599.099965048124,1006057,0.25515067020973614,0
2020-01-09,1671.2762451171875,1673.5862194944743,1641.5287933182422,1662.2718337852161,1781733,2.530649456874401,0
2020-01-10,1690.1337890625,1694.6124006936202,1659.4434675308844,1670.7578548095041,1256612,1.1283319559173277,0
2020-01-13,1701.7779541015625,1704.6536248023565,1691.8306770958864,1696.2150246646413,823821,0.6889493077066655,0
2020-01-14,1715.2139892578125,1717.5711532715532,1701.68389083812,1701.8724179208596,775629,0.7895292757710726,0
2020-01-15,1736.9942626953125,1739.5871432611489,1706.681108697353,1713.658337602785,1252925,1.2698283464283477,0
2020-01-16,1730.2999267578125,1742.4157273841327,1724.2655635572146,1731.0541502229466,1031569,-0.38539769999655915,0
2020-01-17,1725.4912109375,1733.8355483507446,1711.3010378360927,1730.7240458799565,862204,-0.27791227092767157,0
2020-01-20,1743.123046875,1755.8517344383874,1728.8386078124597,1732.9872401115617,1091453,1.0218444362820156,0
2020-01-21,1707.2939453125,1737.2771184865437,1691.3594930922807,1734.8255757635081,2101561,-2.055454526100897,1
2020-01-22,1677.593505859375,1714.7895052368694,1665.9019501873058,1711.3009487900888,3415306,-1.7396207334225977,0
2020-01-23,1674.6236572265625,1686.7866471255193,1656.7092098842568,1677.357990629569,1885275,-0.17703028906821405,0
2020-01-24,1684.71240234375,1697.0639194340388,1678.536586250653,1681.742352504353,1195596,0.6024485008109925,0
2020-01-27,1686.1737060546875,1702.5795908379996,1678.3008011583215,1684.9008604887194,969054,0.08673906056040348,0
2020-01-28,1677.4520263671875,1691.5007456574333,1671.7005697049215,1691.5007456574333,873291,-0.5172468089249871,0
2020-01-29,1694.2821044921875,1700.7878994241396,1679.2434458915911,1684.9006388592215,873805,1.0033120387620498,0
2020-01-30,1701.872314453125,1705.54951311018,1683.957869037829,1697.1579867122575,1005975,0.44798973800248554,0
2020-01-31,1693.0565185546875,1719.7867334150692,1686.503534038143,1706.5866159436816,1169614,-0.5180057177950115,0
2020-02-03,1760.943115234375,1765.8931600683266,1664.1579298904057,1667.7408655228674,2854532,4.009706464946627,0
2020-02-04,1783.24169921875,1788.3802705387345,1749.062822293995,1763.1586165321912,1830049,1.2662864456815415,0
2020-02-05,1766.4586181640625,1782.0158998292384,1759.5285793505718,1781.0730342737731,1344016,-0.9411557088441991,0
2020-02-06,1750.7127685546875,1774.8501031919172,1739.586909221581,1770.701471825544,995386,-0.8913794779829121,0
2020-02-07,1752.5040283203125,1769.2870799666634,1744.8668409223671,1750.7126759781888,632858,0.10231602795149897,0
2020-02-10,1762.687255859375,1765.7515690883363,1732.2326506531854,1760.3300918370971,747711,0.5810672828422847,0
2020-02-11,1770.7960205078125,1786.2590407656091,1765.7517121107387,1772.587488329029,1093021,0.4600228782209115,0
2020-02-12,1785.5048828125,1807.1907957678625,1770.8904632121469,1772.5876676557175,1616826,0.830635608751229,0
2020-02-13,1766.9774169921875,1793.2832765440821,1761.3202230935601,1781.073212417906,638878,-1.037659767758703,0
2020-02-14,1769.8060302734375,1791.1147711357262,1763.158781342847,1769.2874081229156,771464,0.16008202787700654,0
2020-02-17,1773.9073486328125,1785.315999282138,1763.7243541961186,1772.493050244155,676579,0.23173829726081951,0
2020-02-18,1757.1712646484375,1772.492828609737,1754.672648121726,1772.492828609737,683421,-0.9434587436189301,0
2020-02-19,1777.20751953125,1784.6089920012828,1745.5743303510867,1763.2530616151332,723351,1.1402562337497146,0
2020-02-20,1736.9942626953125,1778.2446353336188,1733.9771386207017,1775.4160383527064,1401879,-2.2627215107971166,1
2020-02-24,1715.025146484375,1747.1297626348264,1710.3580083214113,1739.8225550469042,1310832,-1.2647777072589683,0
2020-02-25,1721.766845703125,1738.2199194478137,1716.2039156550522,1733.364138598329,897257,0.39309623142085304,0
2020-02-26,1722.2855224609375,1739.587083716115,1716.0154430153548,1721.6726367835372,1909619,0.030124680301923945,0
2020-02-27,1738.4556884765625,1746.187140576825,1707.0110277506851,1725.3026439270957,1643273,0.9388783569706627,0
2020-02-28,1695.2252197265625,1736.852760465102,1681.270877408192,1716.0154529837653,2964119,-2.4867167473151763,1
2020-03-02,1684.71240234375,1732.4684558047848,1668.1650640213272,1711.3954313852903,1219296,-0.6201428140921728,0
2020-03-03,1704.497314453125,1721.0163747975778,1672.737037550781,1685.0909141872557,1392463,1.1743792045366686,0
2020-03-04,1749.36865234375,1758.3618624611165,1707.8106475112018,1707.8106475112018,3050469,2.632526171214389,0
2020-03-05,1774.4547119140625,1781.601992485556,1753.2970280480106,1755.0956929161641,2062439,1.43400646494396,0
2020-03-06,1777.2950439453125,1783.8743568695727,1737.109638317641,1741.8429070868988,1393659,0.16006787956770463,0
2020-03-09,1767.54443359375,1813.6938002814836,1749.4159925934705,1787.2821396193033,3420741,-0.54862080355087,0
2020-03-11,1782.4068603515625,1803.3752624996378,1752.7292905606716,1774.9282731591932,3194186,0.8408516626421836,0
2020-03-12,1745.01416015625,1774.7864898128166,1718.1765495599118,1765.4618579649687,6254349,-2.0978768106815537,1
2020-03-13,1701.799072265625,1745.3925152772931,1580.7694367585987,1689.7766181803217,3878300,-2.476489238732338,1
2020-03-16,1593.5970458984375,1682.2038193489927,1588.627113398954,1682.2038193489927,2867336,-6.358096448080497,1
2020-03-17,1639.2255859375,1684.8543653418885,1580.9117389189782,1608.3646972594875,2643189,2.8632420069113484,0
2020-03-18,1531.875,1664.7379417467657,1522.2191783012656,1639.6042393145474,3676437,-6.548859831034449,1
2020-03-19,1515.7816162109375,1565.71759091329,1354.8505129047774,1457.8464652440377,4906644,-1.0505676892084814,0
2020-03-20,1649.9698486328125,1663.649062510477,1486.766860168815,1524.1122985274242,3128629,8.852741779340946,0
2020-03-23,1418.5130615234375,1561.9784629331318,1411.2238749197372,1494.3873717890922,2155326,-14.027940407587646,1
2020-03-24,1443.5047607421875,1512.7524967035772,1375.7243841267043,1473.5137500680983,3910566,1.7618236938833576,0
2020-03-25,1508.161376953125,1519.7105059592918,1368.8612608070516,1369.3819665694116,2196415,4.479141182582169,0
2020-03-26,1530.6917724609375,1561.9787258907445,1490.0330391224436,1519.3793060937242,2622118,1.4938981896837733,0
2020-03-27,1518.5745849609375,1576.4151040236288,1467.5025475358268,1575.9891560738215,2102479,-0.791615119255451,0
2020-03-30,1509.865234375,1533.1056283450803,1475.8804598518498,1506.268019741038,1844011,-0.5735214241163855,0
2020-03-31,1577.5985107421875,1599.844874380016,1516.3500579286008,1538.3123792115541,2789174,4.486047815732719,0
2020-04-01,1517.6751708984375,1566.7118789524186,1499.7361294443317,1562.025989344436,1559455,-3.798389731970453,1
2020-04-03,1439.7655029296875,1529.7922384022168,1436.3101941310417,1528.940227038971,2925847,-5.133487683179849,1
2020-04-07,1537.1763916015625,1547.7788672825561,1455.9534543612058,1457.8467618441202,2733586,6.765746815968288,0
2020-04-08,1523.1182861328125,1597.762016048786,1514.645782510217,1537.1761847483774,2382213,-0.9145408129839327,0
2020-04-09,1563.25634765625,1589.3366996988416,1532.5847489168436,1552.5118527625104,1489539,2.635255704620798,0
2020-04-13,1591.1829833984375,1612.766735811153,1517.3439885400098,1558.1921222688686,2586159,1.7864399389170726,0
2020-04-15,1626.5404052734375,1644.1008783244126,1593.9756091556121,1612.766662730138,2508270,2.222083961675092,0
2020-04-16,1650.1119384765625,1658.8212213085408,1594.874721637175,1600.7913068932855,1821296,1.4491821492231827,0
2020-04-17,1662.5606689453125,1688.5462684800193,1634.9656886807625,1668.9505818366326,1398686,0.7544173324534054,0
2020-04-20,1638.1365966796875,1664.8322962437176,1614.6596578699655,1664.4536117103698,1431055,-1.4690635188139622,0
2020-04-21,1633.92431640625,1660.3832415870693,1609.3113197512312,1618.7778569262384,1594930,-0.25713852446586083,0
2020-04-22,1716.282958984375,1724.8028412959357,1620.9076097744048,1625.498856575086,3727805,5.040542071083776,0
2020-04-23,1724.4715576171875,1746.9545806701924,1704.970516522873,1710.6030592328316,2573552,0.4771123893031026,0
2020-04-24,1730.056884765625,1744.4933525983902,1717.2296818777806,1718.2237144108994,2744768,0.3238863015029958,0
2020-04-27,1752.58740234375,1760.5866958908562,1721.1111650593941,1741.8429053598518,1770889,1.3022992351593876,0
2020-04-28,1727.0751953125,1764.562662235451,1709.940784847737,1748.6588323610724,1934910,-1.4556881441195046,0
2020-04-29,1673.2103271484375,1748.4692923582259,1662.2291679150228,1748.3746501048433,2931120,-3.1188490408673886,1
2020-04-30,1664.8800048828125,1701.1368919302547,1648.1242787148433,1699.2435843154185,2926333,-0.49786462170730017,0
2020-05-04,1587.3487548828125,1657.5904036633906,1582.3314447306439,1626.3508358045144,2942397,-4.656867147939425,1
2020-05-05,1532.774169921875,1602.5898715722801,1494.0560153186686,1591.3246708383856,5867890,-3.4380966875150576,1
2020-05-06,1524.727783203125,1551.2813497732484,1492.8728635421953,1528.8457036275493,3937921,-0.5249557877896716,0
2020-05-07,1509.2498779296875,1541.8146692632008,1462.7690938084672,1524.0649142958205,5256213,-1.0151258109117545,0
2020-05-08,1494.1982421875,1550.6187803131154,1486.2463278947441,1525.8164992811276,5644426,-0.9972924935952032,0
2020-05-11,1485.867431640625,1513.6990699215744,1472.0463125253584,1498.5526126865868,3767646,-0.5575438594197957,0
2020-05-12,1442.0848388671875,1461.3965967636123,1431.3403428706602,1456.8999918504933,4504073,-2.946601550119099,1
2020-05-13,1479.9039306640625,1495.5237183524603,1451.5515800401274,1495.5237183524603,2940514,2.6225289093659176,0
2020-05-14,1441.185302734375,1474.5074595081169,1436.0733507538507,1470.436918817881,2592264,-2.6162933368461094,1
2020-05-15,1470.1058349609375,1476.7797898499311,1429.447104277818,1447.433524795221,2860493,2.0067185095276274,0
2020-05-18,1421.0216064453125,1475.4069216786618,1418.1816458239875,1474.8862160081014,2871905,-3.3388227805332904,1
2020-05-19,1423.7197265625,1436.0262241496644,1403.839999690927,1429.4470274321575,3164137,0.18987185732783907,0
2020-05-20,1420.0277099609375,1433.2334808164767,1413.022450549383,1423.7195663750572,2057402,-0.2593218688116905,0
2020-05-21,1490.3167724609375,1499.0259391458226,1420.9270190450773,1422.8203261990348,3845743,4.949837387464329,0
2020-05-22,1531.5911865234375,1538.312405305724,1472.4253247809097,1485.1105086501725,5203736,2.7695061093853335,0
2020-05-26,1542.9033203125,1568.557609319621,1533.5788056245292,1538.3120735431232,3552636,0.738587025610915,0
2020-05-27,1533.0584716796875,1549.5302711422823,1510.8121070678003,1543.9923694463075,2260057,-0.6380729435995103,0
2020-05-28,1555.919921875,1568.5577250383276,1529.082313908314,1535.4722260698254,3138915,1.4912314577450125,0
2020-05-29,1593.31298828125,1608.3648068187053,1545.9802982630422,1551.5655787968558,3532977,2.403277050478825,0
2020-06-01,1602.92138671875,1620.5765014366757,1591.7982056799517,1615.4645483156928,2529255,0.6030452590400914,0
2020-06-02,1618.115234375,1640.5508811015338,1590.3782344204135,1602.9213960906936,2440552,0.9478847672843349,0
2020-06-03,1624.9783935546875,1650.9639904144353,1614.8491300124579,1632.030917129866,3088817,0.4241452669060619,0
2020-06-04,1546.595458984375,1627.8656547885864,1540.2055466060158,1624.8836725670233,4388930,-4.823629340624491,1
2020-06-05,1551.139404296875,1570.8297311340727,1534.5255863032726,1561.9785425048733,2884206,0.29380309415132366,0
2020-06-08,1547.0687255859375,1577.1249789360086,1542.0987939296265,1568.6050960966184,2046505,-0.26243151967264566,0
2020-06-09,1554.452880859375,1604.5781521318463,1549.4355696175808,1552.5121943930549,3671930,0.47729975736150454,0
2020-06-10,1548.677978515625,1585.7394916902647,1541.0574860368924,1560.0852011184847,2069280,-0.3715070694556788,0
2020-06-11,1524.6802978515625,1558.191859124218,1521.2723679299017,1548.6779440162074,1888420,-1.5495591076373216,0
2020-06-12,1550.003662109375,1555.304900571128,1493.3464521551243,1495.713086786115,2391556,1.6608966675502934,0
2020-06-15,1531.875,1562.5939824791906,1516.6338982542934,1542.0989063760958,1681166,-1.1695883405013374,0
2020-06-16,1535.18798828125,1552.7484575421572,1521.8875754772423,1551.5651406258776,1497691,0.2162701448388482,0
2020-06-17,1510.291259765625,1536.0875717869492,1505.5579915048315,1521.7931247510144,1812788,-1.621738100198311,0
2020-06-18,1512.5634765625,1526.195198733993,1502.6236117367637,1510.2914843478097,1417273,0.150448913888801,0
2020-06-19,1535.9454345703125,1543.0453364250288,1506.1732256828545,1512.5631373520991,2714342,1.5458497028469242,0
2020-06-22,1564.0137939453125,1584.2248255243874,1537.365471557577,1545.885354096997,2034739,1.8274320651795906,0
2020-06-23,1594.070068359375,1598.89797875372,1553.4586045795468,1571.3030023675353,2334863,1.9217397270035574,0
2020-06-24,1654.0406494140625,1716.9931194017777,1594.1648038994313,1594.1648038994313,11545923,3.762104454819193,0
2020-06-25,1598.8983154296875,1653.8042374515476,1593.360413647769,1647.1776606558058,4054785,-3.3337955753329873,1
2020-06-26,1596.76806640625,1619.1090697461593,1581.574228888532,1618.7777640757004,2129986,-0.13323230144657305,0
2020-06-29,1601.6905517578125,1617.3103365426398,1584.745544346976,1597.0046625456857,2753482,0.3082780433254273,0
2020-06-30,1597.4306640625,1626.3509794488987,1591.940142197948,1617.7364542992184,1960731,-0.26596196691286433,0
2020-07-01,1597.9512939453125,1607.4178300468843,1590.4254439678837,1607.4178300468843,1661296,0.03259170457441396,0
2020-07-02,1596.4842529296875,1613.098073323693,1571.539948440367,1609.3114581280975,2038399,-0.0918076177405247,0
2020-07-03,1605.193115234375,1628.2441060661527,1599.8444995649988,1604.9564518468655,1988941,0.5455025496622357,0
2020-07-06,1617.689453125,1620.6714359464984,1601.8803796168463,1617.7840954009469,1236670,0.7784943613342366,0
2020-07-07,1652.62060546875,1656.5492412183578,1614.8491018139391,1617.7837050101416,2983260,2.1593237364730955,0
2020-07-08,1596.294677734375,1667.8144054419558,1590.4254714732174,1656.643846425593,2725937,-3.4082794047214926,1
2020-07-09,1625.64111328125,1630.1377184861335,1601.8327489268886,1603.6314141205053,1904661,1.8384096593322186,0
2020-07-10,1612.62451171875,1619.7244141771537,1604.7672401081265,1616.8370742874129,1156043,-0.8007057311823829,0
2020-07-13,1614.65966796875,1640.4559774826337,1609.3110522422855,1616.8842807234257,1289791,0.12620149546349602,0
2020-07-14,1598.3299560546875,1626.3508794101642,1592.3659921711323,1614.6597306005697,1347120,-1.011340794472515,0
2020-07-15,1582.4736328125,1622.185708102023,1574.5690977684465,1609.3112412834175,1611341,-0.9920556880086973,0
2020-07-16,1602.8739013671875,1606.5658736848509,1557.3398842714878,1590.1888350034658,1442725,1.2891379756154508,0
2020-07-17,1626.2562255859375,1649.5438807913317,1599.6079039122828,1604.5778352604345,2308792,1.458775028953041,0
2020-07-20,1658.158447265625,1663.6017055464365,1628.4808795766874,1634.870791471553,1848600,1.961697128519413,0
2020-07-21,1632.2677001953125,1677.2337525422909,1627.2977680938043,1667.0572249058694,2088461,-1.5614157448588517,0
2020-07-22,1605.2880859375,1643.7695837319645,1600.791480654762,1632.2677176339287,1300409,-1.6528915112750342,0
2020-07-23,1637.076171875,1648.6355241131603,1598.4184650453458,1601.26094008692,2375218,1.9802106684754683,0
2020-07-24,1622.1531982421875,1636.3181527793643,1593.6810266212453,1633.4756777021562,3971563,-0.9115625704649188,0
2020-07-27,1684.78271484375,1694.1154867589255,1627.0330151800583,1627.0330151800583,6470525,3.8608879031542642,0
2020-07-28,1667.254150390625,1698.5213831923359,1659.1057431562451,1685.588095583138,2534092,-1.0404050503777018,0
2020-07-29,1648.778076171875,1686.4408797280798,1639.1610101191072,1677.060686653653,1530981,-1.108173832670989,0
2020-07-30,1651.809814453125,1684.6404286153513,1637.3605644326615,1660.0056416952168,2113975,0.18387788660370052,0
2020-07-31,1625.422119140625,1677.9131859337162,1620.5899342822981,1661.9005520097094,1678643,-1.597502029689557,0
2020-08-03,1615.9471435546875,1643.89814955578,1608.3672097238828,1638.2131991826764,1437425,-0.5829239970566502,0
2020-08-04,1623.9537353515625,1643.8984865972996,1618.837371495272,1628.7386158275262,1815396,0.495473619221376,0
2020-08-05,1626.1802978515625,1650.4833711176286,1622.57978258071,1627.790987721845,1416803,0.13710750814694972,0
2020-08-06,1636.839599609375,1660.100455242447,1629.780715896527,1641.103312954895,1914507,0.6554809311055454,0
2020-08-07,1711.4071044921875,1721.4979155345359,1635.0865919210341,1636.8395443212614,5166075,4.55557801146842,0
2020-08-10,1688.76220703125,1728.5095626258264,1683.693148371712,1714.96038185301,1892614,-1.3231742115302647,0
2020-08-11,1695.583984375,1741.3004633858372,1686.535391487882,1705.4852273472964,3039662,0.40395132691548596,0
2020-08-12,1702.8797607421875,1711.1703145919548,1678.9555910614308,1695.963023837559,1679096,0.43028103794438,0
2020-08-13,1707.9013671875,1719.6975936732426,1694.115315420252,1711.5491874358952,1192375,0.2948890791399039,0
2020-08-14,1707.9013671875,1733.9099704804594,1701.2215038238605,1723.203267021442,1868376,0.0,0
2020-08-17,1740.258056640625,1745.7535550728069,1707.2379921774766,1724.434990628227,1634180,1.8945291616230042,0
2020-08-18,1775.6943359375,1785.0745277664857,1734.8574630257087,1734.8574630257087,2586298,2.0362657803338013,0
2020-08-19,1786.685302734375,1802.5084857375148,1774.2258776623378,1790.7595638794085,1947114,0.6189672723752926,0
2020-08-20,1776.4522705078125,1781.284455206303,1759.5395662327899,1769.8671335775712,1538879,-0.5727383670141362,0
2020-08-21,1855.189208984375,1869.6384609951062,1781.995456995589,1788.7700474638953,5688228,4.432257470900414,0
2020-08-24,1859.12109375,1891.1936686559538,1838.134126849975,1855.1889795733255,3996329,0.21193982514471355,0
2020-08-25,1895.55224609375,1910.948989258261,1860.8740661599625,1861.110939131724,3544399,1.9595900700726032,0
2020-08-26,1867.88525390625,1903.5109204754092,1852.8201119908724,1895.8835656447989,2245810,-1.459574234607075,0
2020-08-27,1878.402587890625,1903.5111218523407,1866.606360652107,1876.8866240665711,3116305,0.563061031847667,0
2020-08-28,1855.2835693359375,1892.1410214793505,1850.7356783401672,1889.298546234264,1842536,-1.230780808316989,0
2020-08-31,1799.3817138671875,1879.7290674336023,1782.4690078089393,1873.1913506648625,2738522,-3.01311650643028,1
2020-09-01,1875.370849609375,1883.6139832517044,1807.5777548030378,1823.921990824714,3068285,4.2230692440945905,0
2020-09-02,1841.876708984375,1892.1411971663385,1823.9217849500258,1874.091431419856,2569603,-1.7860009198701454,0
2020-09-03,1874.1387939453125,1883.471565110641,1842.871564319329,1847.7984754506901,1931667,1.7515876498990668,0
2020-09-04,1853.62548828125,1889.0142825137546,1848.5564304789486,1855.1888728230554,1930422,-1.0945457044234885,0
2020-09-07,1878.0234375,1898.4419316612364,1845.8087169200635,1861.821351163979,2855392,1.3162286218546093,0
2020-09-08,1857.415771484375,1896.8314124204228,1849.5042370451256,1883.1402003725345,2401034,-1.0973061147233398,0
2020-09-09,1875.1336669921875,1889.2038968945046,1855.188918615147,1857.4155011820762,2776804,0.9539003479900998,0
2020-09-10,1948.564453125,1961.023878697306,1876.9813960230204,1880.8187843639469,5081252,3.9160294236836535,0
2020-09-11,1929.0457763671875,1961.2604957706446,1915.8283127585437,1954.6754743921244,2599475,-1.001695208311404,0
2020-09-14,1924.545166015625,1946.1480238395297,1899.7209288209626,1942.3580568992386,2142458,-0.23330759729497386,0
2020-09-15,1911.612060546875,1941.931797087255,1903.5583805283363,1937.6206632836734,1997383,-0.6720084151376593,0
2020-09-16,1906.4481201171875,1920.565770273024,1889.4406895307172,1920.565770273024,1717740,-0.2701353761186409,0
2020-09-17,1902.5162353515625,1937.6208550533322,1894.9837213235523,1894.9837213235523,2416918,-0.2062413723266321,0
2020-09-18,1921.8924560546875,1937.004904517866,1909.1960423678584,1919.9027463386872,3021436,1.0184523182029226,0
2020-09-21,1868.974853515625,1948.9904836460873,1859.26306330786,1929.472177189921,2518361,-2.753411220921964,1
2020-09-22,1835.765380859375,1890.9093579066184,1825.2008240515956,1885.6981529545014,1974860,-1.7768817271019755,0
2020-09-23,1844.34033203125,1885.5088072108745,1827.0486055329593,1838.1342140648726,2732912,0.4671049613028888,0
2020-09-24,1817.6209716796875,1842.8716526749427,1807.5775811776975,1839.6028520488444,1906183,-1.448721794319563,0
2020-09-25,1824.489990234375,1852.3462692830808,1807.8141594844594,1824.1583912722515,1939316,0.37791259353372464,0
2020-09-28,1843.4400634765625,1855.1889851869907,1828.659214203724,1836.2391487703717,1137313,1.0386504362105642,0
2020-09-29,1857.0364990234375,1885.461252899113,1851.398969102343,1857.0839198774781,1965383,0.7375577766945751,0
2020-09-30,1882.097900390625,1898.7737344069835,1855.3312546835405,1862.8637688926096,2518982,1.3495373612940176,0
2020-10-01,1933.3095703125,1941.7423860086376,1887.4510603551144,1901.6160163049974,2014003,2.720988632485377,0
2020-10-05,1921.51318359375,1935.4412654354376,1905.4058245596802,1933.309409092693,1554873,-0.610165433404608,0
2020-10-06,1980.2578125,1987.742905004401,1937.7154086112978,1942.3581414473686,3152378,3.0572066539966025,0
2020-10-07,1994.4703369140625,2007.5457706602197,1965.0506688155217,1970.7830407511876,2429595,0.7177108114079234,0
2020-10-08,1978.9786376953125,1997.265275534654,1963.250412749892,1993.9964751183797,1427493,-0.7767324954413457,0
2020-10-09,1942.9268798828125,1998.165469673541,1937.7629799046163,1984.0479336389,1636939,-1.8217355723700646,0
2020-10-12,1968.7457275390625,1976.8940173918513,1934.0674386819733,1959.3180000375648,2182836,1.328863578119166,0
2020-10-13,1956.2388916015625,2002.9977053984683,1946.1956171127465,1967.9405080949,2619233,-0.6352692357653345,0
2020-10-14,1962.587158203125,1975.994074137372,1947.0955753307599,1961.3079517930282,1530471,0.3245138734750963,0
2020-10-15,1980.68408203125,2012.4724765000994,1957.565375865484,1961.3079220128088,4001883,0.9220952940858895,0
2020-10-16,1952.9700927734375,1980.2579034488476,1947.6168565198848,1980.210482593607,2017706,-1.399213004700428,0
2020-10-19,1961.4029541015625,1970.7356099498897,1948.5169725254832,1970.7356099498897,1338404,0.4317967468794759,0
2020-10-20,2007.261474609375,2019.863162418258,1958.7973592425394,1968.7932131551531,2377713,2.33804687669692,0
2020-10-21,2003.2821044921875,2031.2805354798156,1971.9674519637194,2018.157680568275,2895432,-0.19824871684751555,0
2020-10-22,1989.6375732421875,2005.697741362536,1967.7506554706401,2003.1867497604967,2755686,-0.68110882732908,0
2020-10-23,2008.9193115234375,2017.5887681992601,1985.9426374027237,2002.5237424382904,3070714,0.9691080697591392,0
2020-10-26,1971.209228515625,2005.224322228983,1961.355406526726,2005.224322228983,1278139,-1.8771327843533747,0
2020-10-27,2082.397216796875,2091.4458084149182,1975.5201112751577,1975.5201112751577,4964874,5.640597998061203,0
2020-10-28,2049.279296875,2105.266644138026,2040.359139831881,2087.4740549654543,3166047,-1.5903747687877057,0
2020-10-29,2111.814453125,2119.2162173577303,2050.7504194722937,2051.6043711753778,4795796,3.0515682437899816,0
2020-10-30,2098.57666015625,2128.325962998224,2083.3936501799894,2097.248239453066,3006197,-0.6268445103764231,0
2020-11-02,2061.900634765625,2112.241625189831,2055.495301374389,2085.766339842476,1772571,-1.7476619313918307,0
2020-11-03,2044.6295166015625,2081.875339433066,2037.1329977969385,2081.875339433066,1781465,-0.837630964017122,0
2020-11-04,2058.674072265625,2100.8070702279906,2045.9108989387541,2049.70665199801,2189957,0.6868997806216859,0
2020-11-05,2124.0087890625,2131.0308402948885,2072.149168402107,2078.175019690607,2671841,3.1736309150176556,0
2020-11-06,2096.25244140625,2133.213546148993,2090.0368484845003,2119.8809151506784,2395965,-1.306790621544518,0
2020-11-09,2111.577392578125,2134.1621697444457,2101.091578357221,2134.1621697444457,1691773,0.7310642014849433,0
2020-11-10,2087.426513671875,2124.2453570202515,2077.225429447771,2111.5769411512824,1879561,-1.1437363835745118,0
2020-11-11,2070.298583984375,2109.4897809963313,2047.1445827916405,2092.4088920813815,2387398,-0.8205285108394689,0
2020-11-12,2060.904296875,2089.3249533229173,2051.6046549717935,2061.0940382047806,1626054,-0.4537648425231189,0
2020-11-13,2068.6376953125,2093.879543035257,2061.093683276263,2069.1596576353095,1560060,0.37524296733362217,0
2020-11-14,2073.05029296875,2081.400763018193,2069.017305991147,2080.072342330603,146991,0.21330935166892218,0
2020-11-17,2075.944580078125,2108.445713733698,2070.5831718674635,2093.7371714954097,1699293,0.1396149007668379,0
2020-11-18,2083.631103515625,2097.153473195733,2055.4951778685167,2073.430017616596,1817170,0.37026631208096905,0
2020-11-19,2051.31982421875,2082.91951513402,2046.5751328403126,2063.9407496202703,2669522,-1.5507197623589652,0
2020-11-20,2055.922607421875,2078.2226605872966,2050.228976826448,2052.8860507725317,2196113,0.22438154932169496,0
2020-11-23,2074.6162109375,2084.769803691033,2029.5891381373333,2050.228544695545,4002609,0.9092561873750071,0
2020-11-24,2095.1611328125,2117.0817039045914,2079.124165510964,2080.9270559148895,2954306,0.9902998813315911,0
2020-11-25,2044.297607421875,2095.919752752005,2040.2171268333352,2085.054456713742,1682365,-2.4276665213976534,1
2020-11-26,2045.246337890625,2066.2652241834276,2009.0442102891418,2049.706300635844,2247478,0.04640862784879296,0
2020-11-27,2102.18310546875,2129.987044564258,2054.451461664258,2059.196153261635,10036402,2.7838586738087923,0
2020-12-01,2116.1796875,2158.8344134215213,2093.5474186719666,2158.8344134215213,2235498,0.6658117456485257,0
2020-12-02,2197.5986328125,2207.1827696700657,2121.825824539239,2126.570515560123,3305952,3.847449523943136,0
2020-12-03,2288.269775390625,2298.186366188062,2197.9783867856277,2220.5156719172664,4334658,4.125919138477241,0
2020-12-04,2314.22314453125,2320.1540085613146,2253.72833142459,2277.451787544849,2789953,1.1341918431009512,0
2020-12-07,2346.29736328125,2352.2282274623244,2312.562561484424,2315.40937629134,1762501,1.3859605036703027,0
2020-12-08,2314.364990234375,2357.351931585666,2303.9741645950735,2344.3990194656835,2090950,-1.3609687137958626,0
2020-12-09,2393.5068359375,2402.8064765070417,2322.0517441056295,2324.898558667263,2022370,3.419592243966263,0
2020-12-10,2397.065673828125,2421.6905767355215,2373.294722733362,2387.4813041893126,2372909,0.14868718305669493,0
2020-12-11,2392.225830078125,2407.361348799592,2367.600928876192,2387.5286320851696,2171653,-0.20190701501602293,0
2020-12-14,2418.037353515625,2423.493749456039,2392.2737679623947,2400.814213782173,1280339,1.078975200123855,0
2020-12-15,2398.39404296875,2408.974843943248,2374.7180788867545,2405.5585734177516,1283286,-0.8123658850147764,0
2020-12-16,2450.585693359375,2455.7573608161806,2408.0259491425395,2410.3033084177446,1920875,2.1761082397462106,0
2020-12-17,2443.563232421875,2470.418228433941,2426.4348524589695,2437.8221102726216,1750663,-0.2865625534552607,0
2020-12-18,2468.662841796875,2501.4012112152845,2444.037940699642,2445.4138548185842,4402604,1.0271724931023352,0
2020-12-21,2424.205078125,2469.4221260558515,2409.4492732482904,2462.921806184742,1383048,-1.8008843864444235,0
2020-12-22,2467.998779296875,2480.1452358831807,2368.739740353732,2411.2522225686075,1993090,1.8065180032436512,0
2020-12-23,2507.616455078125,2514.6859976801306,2471.034844512853,2471.034844512853,1339307,1.605255080091128,0
2020-12-24,2513.02587890625,2522.2780274267207,2479.5758034860874,2522.2780274267207,1143202,0.2157197452254067,0
2020-12-28,2546.85546875,2552.16961602088,2495.2808099741073,2518.7195401834615,1226254,1.3461695769911408,0
2020-12-29,2559.09716796875,2573.9479615173045,2536.512387321019,2547.8996483190936,1562853,0.480659360884661,0
2020-12-30,2594.77685546875,2602.7955696305926,2543.4869244950396,2556.439839922886,1614643,1.394229494158683,0
2020-12-31,2623.33984375,2630.456880765057,2585.904275385677,2594.776709193152,1526325,1.1007878469800003,0
2021-01-01,2633.825439453125,2649.435426342945,2609.5800223650067,2618.120466074565,1246698,0.39970405390312713,0
2021-01-04,2613.091552734375,2648.5819869074076,2604.8358352199257,2639.0926031725444,1360486,-0.7872156752747883,0
2021-01-05,2651.191162109375,2661.3922480647684,2592.4992400125484,2613.0911532341424,1299589,1.458028109850651,0
2021-01-06,2662.104248046875,2678.330954554186,2638.0485686094003,2658.261001459165,1697884,0.41162953820415016,0
2021-01-07,2649.6728515625,2687.2508992584403,2639.4717652864515,2657.9760613220747,1142806,-0.4669763212126532,0
2021-01-08,2699.444580078125,2704.28425779892,2646.6362593967724,2674.1079752634146,1660967,1.878410328515634,0
2021-01-11,2703.8095703125,2726.7263344160206,2680.370843881342,2699.7290898523684,1517995,0.16169956837004396,0
2021-01-12,2581.634033203125,2704.4740447977465,2573.6628128033035,2704.0945621629658,6674890,-4.518644302869834,1
2021-01-13,2565.64453125,2621.916620877694,2541.2568623635416,2619.0698058713124,2862676,-0.6193558710289482,0
2021-01-14,2527.876220703125,2596.91147044894,2512.7881969335735,2574.46917608791,2124950,-1.4720788514094751,0
2021-01-15,2458.60400390625,2525.9313576629293,2448.782632084691,2525.0296809915562,2570436,-2.7403326250526217,1
2021-01-18,2456.041748046875,2486.075780410653,2424.916529447216,2459.647759461204,2395168,-0.10421588248062941,0
2021-01-19,2509.9892578125,2539.9283070479346,2457.7501588730056,2481.4736160049843,2558693,2.1965225065301075,0
2021-01-20,2559.52392578125,2568.9183226342398,2509.989390996181,2518.482342765201,2065439,1.9735011938624814,0
2021-01-21,2577.64794921875,2673.110977467575,2557.388029303884,2587.706553483401,5015712,0.7081013486509136,0
2021-01-22,2464.060546875,2627.467907663497,2457.7501998424577,2609.5803280180535,4945564,-4.406629787367855,1
2021-01-25,2385.58349609375,2497.1312444165314,2373.2947909123104,2479.4336370261094,3520087,-3.1848669822978626,1
2021-01-27,2312.182861328125,2396.06890374391,2306.4417390060644,2396.06890374391,2700415,-3.0768419921505252,1
2021-01-28,2317.0224609375,2328.646954410935,2278.4482140403,2296.430547405147,3035457,0.20930868792077284,0
2021-01-29,2284.426513671875,2357.1625354723174,2277.4517250940266,2330.5922653462203,2768673,-1.4068032492199567,0
2021-02-01,2322.810791015625,2341.742060293298,2255.530938881731,2302.6933490805245,1797359,1.6802587920437428,0
2021-02-02,2337.8515625,2391.324324083277,2301.2701793103656,2334.388030652723,2679428,0.6475246086573572,0
2021-02-03,2328.36181640625,2375.9986931383837,2313.843249189786,2375.9986931383837,2409356,-0.4059173921034609,0
2021-02-04,2279.16015625,2330.5925680537657,2275.5541442153626,2330.5925680537657,3478562,-2.113144950649948,1
2021-02-05,2255.38916015625,2300.1315094351053,2249.743023466861,2296.4307426435785,3303319,-1.0429717292382623,0
2021-02-08,2293.44189453125,2310.570047534435,2252.2103351755873,2271.7585591395373,3666313,1.687191507667074,0
2021-02-09,2378.845947265625,2403.13862748738,2299.8940994403833,2308.2922956317543,7178572,3.723837649343653,0
2021-02-10,2382.404296875,2424.537059565215,2348.6220048625855,2399.86466678686,4473123,0.14958302001293333,0
2021-02-11,2377.564697265625,2410.303065677385,2367.695832501103,2396.021499209265,1446286,-0.20313930829133353,0
2021-02-12,2359.15576171875,2394.171494714853,2338.3738725221706,2389.42680289021,1376085,-0.7742769552410711,0
2021-02-15,2331.303955078125,2388.9519515250554,2323.5227080654295,2367.6008417298963,1634576,-1.1805836262516967,0
2021-02-16,2325.135986328125,2348.717194908603,2298.3284803129145,2345.775393614172,1615849,-0.2645716246723051,0
2021-02-17,2266.20703125,2329.6911459639696,2260.3711530585892,2311.6138240347286,3178784,-2.5344304773840864,1
2021-02-18,2344.589111328125,2352.9873072601436,2272.9442755878545,2300.2262494624606,4253843,3.4587343079105493,0
2021-02-19,2293.061767578125,2344.73140849834,2277.451779838689,2344.73140849834,2244567,-2.197713172898408,1
2021-02-22,2265.163330078125,2323.0010760576706,2258.473268389402,2304.7340128574624,2002642,-1.2166457046408174,0
2021-02-23,2251.071044921875,2277.4515719653446,2196.791828791572,2253.7281180907057,3267268,-0.622131082960975,0
2021-02-24,2240.775146484375,2286.3241767353343,2227.3475329370353,2251.8301830317955,1708526,-0.4573777651632138,0
2021-02-25,2252.5419921875,2264.403719371215,2216.909317392748,2253.7281649058714,2839515,0.5251238939161906,0
2021-02-26,2160.922119140625,2239.4942519419374,2144.6004277071097,2218.665103857268,3933813,-4.067399114628745,1
2021-03-01,2241.67724609375,2248.889038985205,2182.5583369789583,2182.5583369789583,2545806,3.737067904383351,0
2021-03-02,2268.341796875,2279.871535092291,2238.545229851095,2264.1665614348085,2033586,1.1894910753862842,0
2021-03-03,2279.444580078125,2294.247877235017,2254.4874586760848,2283.145346448756,1591567,0.48946694093547904,0
2021-03-04,2293.678466796875,2310.6643668030174,2230.004625046033,2258.4727691955572,2149984,0.6244453953016205,0
2021-03-05,2265.2109375,2300.1316851292404,2255.721553541095,2276.503211741332,1953642,-1.241129901551974,0
2021-03-08,2261.034912109375,2290.2622538318665,2239.5415554112733,2261.3196398928267,1593838,-0.18435481312102375,0
2021-03-09,2298.99267578125,2319.2051070507337,2273.798318647603,2277.4518236177414,1800442,1.678778309374418,0
2021-03-10,2307.770263671875,2321.1028920317062,2292.2077694939862,2321.1028920317062,1056102,0.38180147257937946,0
2021-03-12,2278.73291015625,2338.800514746123,2274.6049361880373,2318.066353435474,1279203,-1.2582428144049307,0
2021-03-15,2234.74951171875,2303.595026026106,2223.4097463062612,2279.8715704876904,1524449,-1.930169097109502,0
2021-03-16,2342.549072265625,2353.366875718126,2254.060579862111,2257.7138531443843,4230564,4.82378718427221,0
2021-03-17,2299.229736328125,2334.3879425291375,2287.9849578047056,2334.3879425291375,1623187,-1.8492392091322585,0
2021-03-18,2281.77001953125,2342.786808822833,2267.9629186081847,2342.786808822833,1851739,-0.7593724333418761,0
2021-03-19,2288.127685546875,2309.7160338501167,2235.082122385817,2270.809559984934,3738079,0.2786286944435723,0
2021-03-22,2301.839599609375,2313.6065735934826,2267.962548463027,2267.962548463027,1489853,0.5992635004205438,0
2021-03-23,2287.225830078125,2309.6681262336388,2275.7435849861504,2305.9198666124967,1745466,-0.6348734956914459,0
2021-03-24,2318.778076171875,2343.8774462144793,2286.9411519744513,2287.225879780526,4132092,1.3794985033319662,0
2021-03-25,2279.539794921875,2342.9289268432835,2269.8606695055223,2325.800542262341,2272545,-1.6921964914718979,0
2021-03-26,2377.232666015625,2385.583369307743,2286.0873285434345,2301.1753546941486,3084607,4.285640080132858,0
2021-03-30,2446.41015625,2451.5343298254948,2392.747655069139,2409.4490599455935,2332884,2.9100008267310296,0
2021-03-31,2407.836181640625,2451.0603717032755,2401.7630686055004,2446.410666255234,1616044,-1.5767582762370225,0
2021-04-01,2421.453369140625,2433.5998260270867,2402.7118372348637,2402.7118372348637,1219588,0.5655362936992425,0
2021-04-05,2382.45166015625,2427.3839777463622,2357.637018260687,2427.3839777463622,1268939,-1.6106735517362747,0
2021-04-06,2478.24755859375,2486.218548292558,2376.616165724699,2397.0183408347334,3372846,4.020895787292389,0
2021-04-07,2494.379150390625,2531.8147176246034,2467.334410550008,2471.9841152563645,1937977,0.6509273757149936,0
2021-04-08,2515.302734375,2522.657004802856,2493.809378633004,2495.707254872451,897483,0.8388293327860064,0
2021-04-09,2496.46630859375,2519.4305634397656,2476.8705985401743,2500.4518021332515,1185017,-0.7488731087445188,0
2021-04-12,2469.326904296875,2476.7286684916076,2424.537068197723,2446.552387804998,1427691,-1.0871127803107616,0
2021-04-13,2439.435791015625,2491.9121285573688,2433.362678193091,2467.2397312449198,1200230,-1.2104964000204443,0
2021-04-15,2455.5673828125,2461.1187640630387,2407.456261447188,2457.7499870509328,1209829,0.6612837220921097,0
2021-04-16,2527.6865234375,2555.964926861839,2449.873594533594,2455.4724686666586,2760777,2.9369644315114574,0
2021-04-19,2440.57421875,2514.6863895417173,2435.7822658754717,2514.6863895417173,1552036,-3.446325479040513,1
2021-04-20,2423.256103515625,2471.699448194152,2399.6751266761844,2467.2394846913166,1489287,-0.709591828895284,0
2021-04-22,2383.021484375,2426.4354148519164,2360.9586672473865,2425.1542553811955,1690758,-1.660353566519579,0
2021-04-23,2389.379150390625,2434.02674381974,2368.739742328996,2398.0620748556685,1614593,0.2667901257840555,0
2021-04-26,2427.289306640625,2443.5162450542407,2400.8140194125162,2400.8140194125162,1103980,1.5866111597986565,0
2021-04-27,2442.899169921875,2448.1655916399877,2404.609420536016,2415.0477408303714,866331,0.6430985889710028,0
2021-04-28,2481.04638671875,2486.455288057545,2443.51583503413,2455.852031482846,1065561,1.561555109050805,0
2021-04-29,2480.00244140625,2507.094672793451,2438.771123799837,2495.7074146278487,1295346,-0.04207681557621967,0
2021-04-30,2406.88671875,2472.7431677658656,2395.1674711748055,2462.494589037312,1384907,-2.948211720904226,1
2021-05-03,2450.301025390625,2462.5899621500384,2377.659981294393,2381.8352172923974,1034774,1.8037536333729953,0
2021-05-04,2455.045166015625,2484.2725064646775,2440.2418703390226,2471.983804137901,1058140,0.1936146039135611,0
2021-05-05,2436.541015625,2483.3712072935737,2416.0915832659102,2483.3712072935737,1220186,-0.7537193468687198,0
2021-05-06,2418.890869140625,2450.016087201445,2398.915674487729,2448.1182108766916,1518119,-0.7243935715093075,0
2021-05-07,2421.358154296875,2457.7500282732967,2411.726523882851,2424.5371900533873,1416102,0.10200068087926617,0
2021-05-10,2426.387451171875,2456.8009664033198,2412.3431196679144,2456.8009664033198,1526814,0.20770561620861994,0
2021-05-11,2425.7236328125,2431.180028270171,2392.558284148144,2403.6608163966994,1168363,-0.027358300054447504,0
2021-05-12,2425.676025390625,2456.7537545780947,2400.813888375527,2445.413988278155,2085630,-0.00196260700233708,0
2021-05-14,2632.8291015625,2690.4770986502353,2468.7102821142657,2486.218146006037,10543708,8.54001416526824,0
2021-05-17,2640.658203125,2679.9916515415457,2607.255619417656,2639.946499359896,2134352,0.29736459376925595,0
2021-05-18,2677.71337890625,2699.7286948634173,2646.5881651929953,2654.179669431627,1328605,1.4032552845119506,0
2021-05-19,2672.06787109375,2703.5250814958085,2655.745947810503,2661.9140464520347,1219067,-0.21083316298796673,0
2021-05-20,2651.42822265625,2699.729082642573,2636.624694594864,2670.311999492513,1211975,-0.7724223123513507,0
2021-05-21,2687.867431640625,2708.2696027898833,2652.282249403547,2663.669507719412,1328308,1.3743237954927379,0
2021-05-24,2675.246337890625,2703.5247405854266,2664.808018428905,2700.677926186776,813091,-0.4695578956547042,0
2021-05-25,2765.585693359375,2773.4144343471394,2678.615590692331,2692.042974989468,2730112,3.376861195518188,0
2021-05-26,2791.396484375,2797.374609229887,2761.789429501526,2789.7358426543433,1250531,0.9332848039242059,0
2021-05-27,2798.751220703125,2813.602012178597,2754.056134855087,2799.3679379179966,2415085,0.2634787415293216,0
2021-05-28,2790.542724609375,2812.463291318919,2781.480317794845,2807.101651088107,711383,-0.29329138056393145,0
2021-05-31,2825.463623046875,2837.277857856226,2786.1776723936564,2787.9805623884868,2093635,1.2514016764387126,0
2021-06-01,2781.337890625,2830.3031948799567,2766.2498657713973,2813.6017897315332,1194073,-1.5617165289953938,0
2021-06-02,2755.431640625,2783.9472781687227,2730.2372865831408,2769.8081925019605,2067842,-0.9314312398835733,0
2021-06-03,2785.466064453125,2791.7764113263083,2755.7642500439742,2770.5202865882748,1404434,1.0900079459533307,0
2021-06-04,2775.54931640625,2837.3252874071713,2759.512353103697,2802.2145731482865,1509084,-0.3560175502917873,0
2021-06-07,2783.331298828125,2790.827819478278,2755.6696056113756,2780.3894971340883,802415,0.280376297977325,0
2021-06-08,2776.83056640625,2793.9114549821793,2759.0379741396573,2778.491208351132,762931,-0.23355941941269887,0
2021-06-09,2793.247314453125,2813.601994180702,2770.520289030623,2781.148351409009,1340352,0.5912045281222023,0
2021-06-10,2813.798095703125,2822.094681221297,2785.2365150934074,2808.4576416939813,1344559,0.7357308156590303,0
2021-06-11,2819.18603515625,2833.824438860532,2802.3544552122767,2822.7621696617334,878445,0.19148280259884132,0
2021-06-14,2813.130126953125,2832.298299482156,2781.2787846598344,2818.089219323687,746823,-0.21481052075335016,0
2021-06-15,2901.15087890625,2908.589284953331,2823.6679676267554,2832.298418462752,2262031,3.1289257155145966,0
2021-06-16,2878.74072265625,2901.1511669126126,2866.152774999909,2888.5632192562716,859505,-0.7724574551754682,0
2021-06-17,2918.412109375,2931.429146807993,2861.384633684162,2878.0255342479823,1533864,1.3780812702765655,0
2021-06-18,2905.9189453125,2935.100293741412,2876.213283453807,2919.603712086779,2293860,-0.4280808739234421,0
2021-06-21,2926.279296875,2936.3876970637234,2880.9815945759465,2883.9854543367524,720491,0.7006510486241568,0
2021-06-22,2871.20703125,2949.452903871602,2864.9129411443027,2941.966768883861,1199238,-1.881989380979876,0
2021-06-23,2848.84423828125,2889.5167154209653,2845.17264701599,2889.5167154209653,1009007,-0.7788638271415183,0
2021-06-24,2902.15283203125,2908.3037378260155,2837.496262995384,2848.8446713815547,985596,1.871235816745176,0
2021-06-25,2864.626953125,2911.927389638502,2846.603326697537,2889.7076253147648,786964,-1.2930359315358686,0
2021-06-28,2844.64794921875,2897.9563317463662,2838.2586357294463,2883.7947465588727,891695,-0.6974382435540161,0
2021-06-29,2862.338134765625,2883.6519901170227,2835.2072401557707,2850.417686095104,1242734,0.6218760937265921,0
2021-06-30,2853.9462890625,2889.516956911508,2847.223108984638,2859.9542421708293,924522,-0.2931814938702981,0
2021-07-01,2881.506103515625,2886.5601871338768,2858.0465690793676,2868.536563160073,848235,0.9656739006878245,0
2021-07-02,2865.676025390625,2897.9089670158464,2860.669436660741,2892.330103588323,805542,-0.5493681969191866,0
2021-07-05,2875.021484375,2908.589420632474,2867.678534696999,2879.9803443639576,863343,0.3261170802830504,0
2021-07-06,2863.291748046875,2889.0399169718594,2857.0931147871565,2863.7685659899303,762630,-0.4079877799826215,0
2021-07-07,2899.148681640625,2926.7086668674333,2871.6361919532615,2922.8941231504346,1234865,1.2522975913372703,0
2021-07-08,2887.895751953125,2917.1723286281263,2878.83621055987,2908.589605202937,907391,-0.3881460015749183,0
2021-07-09,2871.016357421875,2898.2424763351187,2867.583175024965,2881.8877136433134,547082,-0.5844876678749333,0
2021-07-12,2860.33544921875,2901.7711156767996,2852.3727290800102,2894.1895239514724,765566,-0.37202533435637397,0
2021-07-13,2855.042724609375,2881.0293009935804,2846.936820049164,2879.980208451407,703484,-0.18503859786168642,0
2021-07-14,2862.76708984375,2868.298224331239,2845.840053526942,2863.7684540492764,470744,0.27055165121676605,0
2021-07-15,2845.26806640625,2871.397596038107,2833.34761806667,2870.443960170941,635535,-0.6112625613023615,0
2021-07-16,2850.70361328125,2866.629284966816,2827.5302162097837,2855.185655086709,1062548,0.19103812885601368,0
2021-07-19,2843.694580078125,2860.621617628353,2827.530497826809,2850.7038972063046,837836,-0.24587028867084637,0
2021-07-20,3012.58349609375,3032.085303423193,2841.4058543373535,2857.093118117907,6755922,5.939066635313028,0
2021-07-22,2962.708251953125,3018.2575416211926,2946.734851061449,2984.8802860266455,1982572,-1.655563877492372,0
2021-07-23,2940.774658203125,2984.4989566266804,2935.3389802268803,2961.9930566287494,815329,-0.7403224308549672,0
2021-07-26,2919.270263671875,2974.3904670150555,2909.7339043675624,2937.1509373674608,1136884,-0.7312493145731125,0
2021-07-27,2888.229248046875,2938.628998012954,2881.2201639410296,2936.6262695134196,904289,-1.0633142128456563,0
2021-07-28,2864.817626953125,2892.377610628833,2845.6494527254986,2889.850568687054,996594,-0.8105873558887922,0
2021-07-29,2858.475830078125,2899.0053550934886,2851.657426645221,2864.8176483909324,762683,-0.22136825797685056,0
2021-07-30,2821.28369140625,2869.156160397825,2815.037330561314,2868.536390277089,1067423,-1.3011178293173997,0
2021-08-02,2836.160400390625,2848.319255995368,2823.381541866239,2847.1749396791665,832285,0.5273028384096934,0
2021-08-03,2886.656005859375,2922.894171773698,2855.376700295388,2879.9805542435784,2433031,1.7804213563448412,0
2021-08-04,2878.645263671875,2911.736381030587,2872.3511739470755,2899.625252326203,659295,-0.2775094147428603,0
2021-08-05,2849.845458984375,2899.0531650458975,2841.8827388323543,2893.33134958857,693694,-1.0004638310579517,0
2021-08-06,2828.913330078125,2861.8614988635522,2824.1451503066096,2856.1396831377338,744159,-0.7345004916059494,0
2021-08-09,2853.80322265625,2875.2123025237233,2835.2073221921664,2855.805718398082,825462,0.8798393472675858,0
2021-08-10,2839.1171875,2868.823087161723,2823.2869703553774,2859.0005902706534,724335,-0.514612746935672,0
2021-08-11,2834.778076171875,2862.2903312886483,2815.6576304419036,2848.8917007703635,987941,-0.1528331182393261,0
2021-08-12,2837.543212890625,2846.8411615801506,2820.85458703763,2836.1127592460825,438552,0.09754332242064567,0
2021-08-13,2850.13134765625,2862.814750710991,2835.254768457895,2842.692941646449,572250,0.4436279492921358,0
2021-08-16,2833.633544921875,2845.7924023241576,2822.7621890789255,2841.8349065727025,461742,-0.5788435942765124,0
2021-08-17,2875.49853515625,2902.867840438441,2835.255144510748,2836.1133237397908,2036757,1.4774313463856714,0
2021-08-18,2862.3857421875,2906.6820810113654,2853.8030195073484,2906.6820810113654,1375320,-0.4560180715945772,0
2021-08-20,2968.62060546875,2979.206056292543,2862.337938957274,2862.337938957274,3931334,3.7114097417234593,0
2021-08-23,2934.7666015625,3017.1608787386067,2909.542979880978,3012.583380091947,1578949,-1.1403950994574585,0
2021-08-24,2904.727294921875,2949.4052310709926,2893.8559385213557,2949.4052310709926,763704,-1.0235671424307369,0
2021-08-25,2897.193359375,2927.661977363442,2872.923374237653,2885.7020011406435,797870,-0.2593680845718649,0
2021-08-26,2898.71923828125,2941.4899010522226,2885.8928821322093,2921.940365318207,1319516,0.05266748597612114,0
2021-08-27,2896.001708984375,2916.1710162642494,2880.4573963843422,2899.482387084734,634375,-0.09374931041912227,0
2021-08-30,2964.6162109375,2969.8612094610726,2906.730546523425,2914.979405618337,1051747,2.369283890277396,0
2021-08-31,3052.92236328125,3061.1712206382654,2959.1799083092897,2964.615586342432,2283290,2.978670629201785,0
2021-09-01,3149.62109375,3178.4685808701083,3065.9395402032396,3080.2918076322094,2423168,3.1674153143160577,0
2021-09-02,3148.524658203125,3165.117831197793,3115.194894302119,3159.348286929786,847517,-0.03481166509364808,0
2021-09-03,3183.99951171875,3189.864279232004,3134.1243088026413,3148.5243036694437,832039,1.1267135362335257,0
2021-09-06,3161.82763671875,3192.4869385694965,3152.624910352588,3187.051260362934,664394,-0.6963529648291722,0
2021-09-07,3181.56787109375,3237.2126207313095,3169.7428786916294,3178.945372286554,1285818,0.6243298700332023,0
2021-09-08,3181.901611328125,3205.6947802763943,3144.137536865116,3189.9120596948173,702598,0.010489804017921323,0
2021-09-09,3191.199951171875,3203.2633535546615,3151.7670090795345,3151.7670090795345,591745,0.292225875578489,0
2021-09-13,3210.93994140625,3217.5676646313213,3175.941548939097,3191.4381329788894,610920,0.6185757876790543,0
2021-09-14,3206.6005859375,3231.490575063911,3201.212636445765,3227.961936117548,569412,-0.1351428412843414,0
2021-09-15,3196.87353515625,3227.0560169506184,3191.771490184546,3205.980804169582,587855,-0.30334463306430637,0
2021-09-16,3187.14697265625,3214.7069599616984,3180.37606391939,3194.6806039370185,516746,-0.304252338825306,0
2021-09-17,3149.90673828125,3225.1962372313174,3132.7412940854597,3196.587163571666,1545695,-1.1684504886187663,0
2021-09-20,3119.86767578125,3161.303110407709,3113.6213138706394,3146.9508430857964,689288,-0.9536492663395735,0
2021-09-21,3155.77197265625,3180.375826211889,3119.3431266983775,3119.867673024076,922057,1.1508275544413582,0
2021-09-22,3163.687255859375,3175.5599768416005,3135.793404394752,3174.1772512819684,825945,0.2508192376289742,0
2021-09-23,3166.69091796875,3185.1438655277825,3161.302968330718,3185.1438655277825,694716,0.0949418152446091,0
2021-09-24,3288.70849609375,3342.4934618086227,3166.88152327034,3175.6071976669655,2775975,3.8531571689752075,0
2021-09-27,3271.590576171875,3309.116238168361,3259.1933107262876,3301.1057905474013,902449,-0.5205058442305677,0
2021-09-28,3223.00341796875,3270.6852161244,3194.6804764285503,3266.107716937202,961271,-1.4851234306946015,0
2021-09-29,3168.979736328125,3224.9103871862153,3156.5347416134036,3208.98471466136,973387,-1.6761906406749238,0
2021-09-30,3094.21435546875,3192.486572815039,3070.707325746425,3175.5118087357946,2077896,-2.35928870110117,1
2021-10-01,3030.51171875,3102.129629967198,3023.0255843479576,3097.409179167876,1512332,-2.058766116386257,1
2021-10-04,3053.16064453125,3080.7206275945086,3030.654745239235,3054.3049609922627,921241,0.7473630819877508,0
2021-10-05,3103.846923828125,3108.853513074641,3043.6723961367184,3059.7889850230454,909337,1.6601248737980079,0
2021-10-06,3063.31689453125,3127.9257262238307,3052.2546250539044,3110.760280165285,786378,-1.3057998764606338,0
2021-10-07,3138.27294921875,3164.1640720505084,3070.7077492473286,3070.7077492473286,1177283,2.4468919562750546,0
2021-10-08,3153.57861328125,3174.65406079352,3112.7631810937037,3153.674070004257,882436,0.48770977891869904,0
2021-10-11,3152.76806640625,3189.2923685504097,3144.8528417398234,3172.1744176025513,460197,-0.025702447105213633,0
2021-10-12,3169.17041015625,3180.3756316470603,3127.925658711352,3127.925658711352,564524,0.5202521531720627,0
2021-10-13,3169.408935546875,3203.1675535116015,3138.7971298168777,3188.004835725351,770144,0.00752642994079622,0
2021-10-14,3144.900390625,3197.493315258324,3137.4619843410346,3187.05104913913,648597,-0.7732844016118179,0
2021-10-18,3091.210693359375,3131.692489748418,3082.151152533549,3101.700687999805,1576121,-1.7071986580457277,0
2021-10-19,3036.138916015625,3117.5318498137794,3028.8436930208613,3109.7118475814405,1042069,-1.781560133123783,0
2021-10-20,3022.64453125,3070.659960543676,2991.222041157766,3042.0986110574067,1205540,-0.4444587398304556,0
2021-10-21,2862.815185546875,3047.296017611547,2785.046125531137,3045.913292017561,5103543,-5.287732118372135,1
2021-10-22,2844.123779296875,2863.721044737989,2777.1308534526274,2837.066966357807,2855592,-0.6529030006674819,0
2021-10-25,2782.757080078125,2813.2256982799927,2724.77597505441,2813.2256982799927,2161537,-2.157666261414304,1
2021-10-26,2832.10791015625,2883.794928783824,2763.636806751165,2782.7572528928363,1988263,1.773450885505956,0
2021-10-27,2951.169189453125,2999.184849246029,2888.7537675330677,2888.7537675330677,4609951,4.2039810301686575,0
2021-10-28,2975.32470703125,3005.2088026415636,2923.4810866032117,2962.626326495678,1791065,0.8185067011559966,0
2021-10-29,2959.85791015625,3002.440157522983,2943.8178611744347,2983.6313918480137,1118903,-0.5198355943621613,0
2021-11-01,2980.575927734375,3000.1007631603707,2951.7897148368747,2986.4954052559915,750393,0.6999666270139038,0
2021-11-02,2962.960693359375,2997.7617210225767,2940.666907816512,2978.8573871388044,881916,-0.591001028059357,0
2021-11-03,3027.216064453125,3038.9118990396364,2954.988411857351,2961.767315345969,879227,2.168620435558255,0
2021-11-04,3016.331787109375,3045.69071801184,3002.7264288862816,3035.1883362255926,263595,-0.35954742284695085,0
2021-11-08,2996.04296875,3037.097732184114,2955.1313263684647,3021.8215411388624,787824,-0.6726321834382265,0
2021-11-09,3002.86962890625,3012.274127900613,2978.8574577020327,2997.9526978155072,668840,0.22785588282461244,0
2021-11-10,2967.686767578125,2994.754130387201,2941.144337391452,2990.314580331124,872975,-1.1716413190052455,0
2021-11-11,2924.913330078125,2966.1112163378943,2913.933567291803,2950.214522585737,958143,-1.4413056649811629,0
2021-11-12,2981.626220703125,2986.495600246353,2936.6570693934505,2949.2598814453277,682344,1.9389596964052735,0
2021-11-15,3025.35400390625,3036.1428600596582,2984.5857171529847,2984.5857171529847,696377,1.4665749482446255,0
2021-11-16,3009.12353515625,3063.8314477639215,2978.9531939453104,3021.8219171619853,1400107,-0.5364816391418503,0
2021-11-17,3084.119873046875,3093.3332328770184,3021.869438829441,3026.5954639915158,1616452,2.4922984056462427,0
2021-11-18,3080.87353515625,3112.52379895315,3068.604751483259,3102.8330588911954,1609821,-0.1052597831555091,0
2021-11-22,3113.7177734375,3158.6871597779855,3069.607812810191,3094.383841689824,2146970,1.0660690192719757,0
2021-11-23,3041.442138671875,3139.5439342671125,3028.0754706588987,3113.717575522802,1482618,-2.3212005719398854,1
2021-11-24,3014.18359375,3063.7356476498285,3007.500259839246,3041.919476098866,1056213,-0.8962374978397025,0
2021-11-25,3002.01025390625,3029.793919821408,2972.1739430421103,3013.7060877649924,728825,-0.4038685589355495,0
2021-11-26,3000.912353515625,3024.0653306120334,2951.1691630927057,2960.716782513905,1029110,-0.036572173236126826,0
2021-11-29,3002.058349609375,3035.092976562536,2932.9334375809044,2989.359967770922,876651,0.038188256061766346,0
2021-11-30,3001.437744140625,3044.7362980618013,2975.1817867255418,2975.1817867255418,2340489,-0.02067266510095145,0
2021-12-01,2996.186279296875,3054.9997117792304,2982.77205966382,3013.1333048095184,1741820,-0.1749649765017347,0
2021-12-02,3036.71630859375,3049.5100269901036,3009.648710889028,3017.048116871862,939320,1.3527206094270827,0
2021-12-03,2969.739501953125,3043.256178073967,2965.4908575497966,3040.917057725725,1216263,-2.2055667976321747,1
2021-12-06,2900.853515625,2974.0837165365315,2891.258110626565,2974.0837165365315,1107363,-2.3195969303981157,1
2021-12-07,2893.262939453125,2930.1643952126897,2879.9916086232924,2902.476298939908,2056459,-0.26166699321388265,0
2021-12-08,2967.87744140625,2981.7214893072924,2893.883392279988,2894.742584773308,1171484,2.578904977341212,0
2021-12-09,3034.901611328125,3039.054918840374,2970.2642771806813,3009.7913266857954,1287243,2.258320002935066,0
2021-12-10,3134.626708984375,3143.076445766298,3034.9018665512763,3039.9621516767597,2554394,3.2859417018335835,0
2021-12-13,3131.47607421875,3189.8596742092195,3122.9785530080158,3136.4885744550857,1265832,-0.10051068462457735,0
2021-12-14,3148.327392578125,3155.4881068902814,3102.02144002618,3125.890487733368,863179,0.5381270033678609,0
2021-12-15,3152.576416015625,3164.033560294496,3118.7301489110328,3129.8530332432915,811946,0.13496129556018754,0
2021-12-16,3149.378173828125,3174.5837985692615,3122.644836577015,3174.5837985692615,502930,-0.10144852227061962,0
2021-12-17,3096.96142578125,3144.3177138068713,3081.685233914429,3126.845522739957,1019403,-1.6643522992083715,0
2021-12-20,3092.903564453125,3126.8453985281394,3037.097774875729,3081.016824748185,948872,-0.13102718343033226,0
2021-12-21,3123.360595703125,3146.895384512051,3093.4287153577197,3100.112049002011,712026,0.9847391169916841,0
2021-12-22,3131.715087890625,3137.013830781767,3094.383798563336,3127.513995020352,619865,0.26748407465322366,0
2021-12-23,3120.06640625,3158.2568833085206,3102.9762610047815,3141.166738063302,1051596,-0.3719585375332124,0
2021-12-24,3136.201904296875,3150.714238412146,3113.478524685457,3131.619000603588,651404,0.5171523918386045,0
2021-12-27,3124.363037109375,3136.1544409027324,3080.2530798714834,3131.7148908958475,640701,-0.3774905936789197,0
2021-12-28,3215.8291015625,3222.3215293371404,3124.9358120060624,3127.7523130939517,1211648,2.927510771531483,0
2021-12-29,3215.11279296875,3232.823672168824,3194.824103354578,3219.6479118236825,598421,-0.022274460835058907,0
2021-12-30,3213.4423828125,3236.6431457864905,3198.7391414064,3211.1032625564644,691223,-0.05195494726975003,0
2021-12-31,3229.912109375,3250.9646584077163,3209.336941349392,3236.6432281944662,570671,0.5125259643860458,0
2022-01-03,3267.577392578125,3285.240489670109,3229.9598628207,3229.9598628207,696276,1.166139570603164,0
2022-01-04,3302.808349609375,3315.3633771133345,3260.5601296205587,3278.6528235389023,790886,1.0781980898531218,0
2022-01-05,3367.2548828125,3379.8576953964316,3295.886418764228,3313.0243511371805,1024506,1.9512646929921607,0
2022-01-06,3355.654052734375,3377.5182416276302,3295.98142982077,3333.2171465188594,1312743,-0.3445189176898733,0
2022-01-07,3414.515380859375,3419.9574776300005,3338.3731115011974,3355.654163811295,964364,1.7540940514126246,0
2022-01-10,3392.746826171875,3427.5956397796626,3367.4456327306048,3418.0480196131457,657511,-0.6375298471205326,0
2022-01-11,3378.6640625,3402.771803249735,3336.941009287024,3389.97808555568,734344,-0.41508442549380575,0
2022-01-12,3383.485595703125,3420.387053475454,3374.1288815572143,3395.9928379473918,594543,0.1427053152942781,0
2022-01-13,3299.896240234375,3398.952800067812,3293.9289775938064,3398.952800067812,1153984,-2.47051016191423,1
2022-01-14,3212.201171875,3305.3860360904932,3194.633644355514,3305.3860360904932,1558978,-2.657509872284547,1
2022-01-17,3225.806396484375,3245.235895570112,3170.7644628385824,3212.2010385814992,1103159,0.4235483359043002,0
2022-01-18,3221.080810546875,3242.8016480548126,3199.407757762593,3226.1888809575566,558543,-0.14649316656604183,0
2022-01-19,3132.0009765625,3217.5477396748174,3119.923331252933,3217.5477396748174,1495218,-2.7655262076225595,1
2022-01-20,3156.824951171875,3212.6785275988063,3076.243132437137,3133.5288518493744,3075678,0.7925915347772428,0
2022-01-21,3126.7021484375,3174.535580488579,3095.0994358341486,3150.7621020598085,1441694,-0.9542120073269489,0
2022-01-24,3012.4169921875,3122.071492430762,2993.1786326515103,3120.1619685821806,1575665,-3.6551340941480936,1
2022-01-25,3004.731689453125,3014.135955627217,2874.549792921497,2959.762304428013,2699779,-0.2551208134300875,0
2022-01-27,2975.9453125,3000.8169087446904,2932.312736551744,2998.048192235994,1834684,-0.9580348572941766,0
2022-01-28,2970.121337890625,3026.5954146125086,2962.6263632626546,2988.4049361946854,892060,-0.19570166779988574,0
2022-01-31,3009.6484375,3048.9845842743707,2994.515366948694,2997.9526032992308,944530,1.3308244045493023,0
2022-02-01,3051.658203125,3067.029965372574,2999.480550317089,3049.509988511928,1008915,1.3958363077082758,0
2022-02-02,3053.04248046875,3097.3911299070637,3047.7435046112023,3059.821384084164,667265,0.0453614805987268,0
2022-02-03,3058.1025390625,3094.9564437301988,3045.8815394304634,3067.5070375491036,899753,0.1657382308343447,0
2022-02-04,3090.230224609375,3101.830722356214,3032.3717893163644,3043.7811481930207,705765,1.0505758108661833,0
2022-02-07,3031.0830078125,3104.122304018135,3000.9126671460635,3087.700443516631,860393,-1.9140068052486803,0
2022-02-08,3070.848876953125,3077.675332070256,3022.9674224053756,3035.1884227241644,799206,1.3119359990514834,0
2022-02-09,3082.305908203125,3111.5692694316904,3076.95914791684,3083.8811722198097,472725,0.37309003826224707,0
2022-02-10,3092.235107421875,3101.066655007719,3032.3237981233115,3074.3333217748936,728666,0.32213542440173715,0
2022-02-11,3070.801025390625,3083.8334332746285,3038.530023610963,3083.8334332746285,587840,-0.6931582265463754,0
2022-02-14,3001.246337890625,3038.7207435888267,2978.8572172838003,2997.9524558561325,681236,-2.2650340065961228,1
2022-02-15,3116.916259765625,3122.0718815609143,2991.126360562062,2997.9528159331103,676844,3.8540629076218025,0
2022-02-16,3105.69775390625,3136.4888292883106,3077.198014151352,3131.619449710343,624320,-0.3599232358016069,0
2022-02-17,3118.10986328125,3145.89330022841,3089.9919332680606,3124.9363189827973,636735,0.3996560630984858,0
2022-02-18,3111.044189453125,3123.981261160605,3083.9290419162467,3089.7529502532384,423801,-0.2266011827014247,0
2022-02-21,3104.5517578125,3130.1394259802337,3059.2005629037853,3088.655063782974,547472,-0.20868979176301705,0
2022-02-22,3081.160400390625,3090.3739944613653,2978.8577351913686,2978.8577351913686,1147209,-0.753453614133226,0
2022-02-23,3090.75537109375,3147.7546135012853,3083.8811315992048,3090.4688958864394,935896,0.31140769892761266,0
2022-02-24,2930.212158203125,3053.1377571234507,2913.456039653391,2988.404851422289,1823450,-5.1943034506096275,1
2022-02-25,2978.093505859375,2999.3369598035433,2943.57895370092,2964.5359324333454,1239456,1.6340573675597492,0
2022-02-28,3031.035400390625,3046.168472878484,2878.607724722968,2950.2148820543853,1678348,1.777710955921541,0
2022-03-02,2891.926513671875,2970.4556936134204,2855.788909325496,2966.4457395547956,3014206,-4.5894840654392315,1
2022-03-03,2741.980712890625,2912.9786689995717,2732.5286629553507,2891.97390639125,4406840,-5.18497963459189,1
2022-03-04,2614.281982421875,2734.2479907699208,2541.624720034395,2734.2479907699208,6979253,-4.657170995711657,1
2022-03-07,2585.925048828125,2604.5429075152797,2481.760656236168,2530.023688048226,3233760,-1.0846929973284736,0
2022-03-08,2600.198486328125,2613.1355567973724,2518.661912644735,2568.3095318477394,2611102,0.5519664039167926,0
2022-03-09,2744.89306640625,2759.262281654869,2544.4886084615614,2625.595596730412,4076068,5.564751338750895,0
2022-03-10,2781.031005859375,2902.4766946202985,2760.4080518959577,2864.2862117963473,3971987,1.3165518138176013,0
2022-03-11,2799.362060546875,2806.9523714929005,2751.9582225758822,2785.0406311784564,1265493,0.6591460019280015,0
2022-03-14,2828.768798828125,2837.8868222205474,2785.3271293851976,2816.547799046922,1214217,1.0504799895553862,0
2022-03-15,2852.01708984375,2894.8382569021637,2831.8239676688054,2862.3763503274035,1857685,0.8218519316692152,0
2022-03-16,2904.3857421875,2912.0238374989726,2874.5494323770595,2905.340504101434,1287234,1.8361970035256414,0
2022-03-17,2994.70654296875,3020.19864141353,2937.325254286549,2972.6514478209556,2867519,3.1098073327278764,0
2022-03-21,2907.96630859375,2976.279575070127,2893.0243768040737,2976.279575070127,1259015,-2.896451893714158,1
2022-03-22,2913.1220703125,2924.1496183620247,2840.4170350733866,2887.2003744745953,1515772,0.17729784913647073,0
2022-03-23,2880.326416015625,2940.5717660507958,2869.060176357771,2921.5720930631546,948403,-1.1257905952893,0
2022-03-24,2888.489501953125,2901.474126158573,2817.0732529864345,2835.1659474699222,1243917,0.2834083627504924,0
2022-03-25,2909.11181640625,2925.9157196150995,2855.69293303442,2888.489098573034,1083275,0.713948049289459,0
2022-03-28,2890.49462890625,2920.2356097828706,2860.1331458696527,2909.1124908602865,680332,-0.6399612209818217,0
2022-03-29,2904.958740234375,2948.0183634015557,2876.41121868168,2930.1643619373017,1120936,0.500402636402697,0
2022-03-30,2942.14697265625,2954.367973228297,2917.657186791538,2938.7575208391613,849545,1.280163876574525,0
2022-03-31,2940.618896484375,2987.688705240984,2927.3955838957754,2974.0833480308906,1464862,-0.05193745200618993,0
2022-04-01,2973.271728515625,2979.811940880987,2947.9705377327523,2969.309559801304,637392,1.1104067946474672,0
2022-04-04,2976.947998046875,3000.8170487047237,2953.556328402183,2983.5835475105173,873264,0.12364391373960171,0
2022-04-05,2998.716552734375,3014.18365060032,2940.6669761954345,2969.309836353182,805874,0.7312373176078912,0
2022-04-06,3011.319580078125,3021.8219628875286,2972.1743350612564,2995.088624827228,736379,0.4202807141694631,0
2022-04-07,3012.2744140625,3063.7837825426777,3003.2041741469393,3011.319651966125,1025244,0.031708158466203784,0
2022-04-08,3061.205810546875,3074.333788681774,3008.6461132857303,3024.686162280702,678898,1.6244003619306335,0
2022-04-11,3014.61328125,3076.2432160112394,3007.500350848977,3039.9622593978233,672652,-1.522031910966204,0
2022-04-12,2987.11572265625,3019.052694661024,2973.271675118023,3011.987316749332,794265,-0.9121421565006949,0
2022-04-13,2941.287353515625,2980.671284562192,2927.395753405237,2976.183949947032,1121350,-1.5342013298324075,0
2022-04-18,2884.861328125,2919.662358340789,2876.698065951863,2917.752834234615,1032504,-1.9184125387538442,0
2022-04-19,2855.88427734375,2920.808098562486,2835.6433679359743,2892.9290925407417,749782,-1.0044521204103596,0
2022-04-20,2943.531005859375,2949.7369583530776,2845.1905278822373,2855.9793842212935,838182,3.068987395985978,0
2022-04-21,3015.376953125,3030.796265504502,2946.44318639329,2950.023543734925,1069035,2.4408082375422246,0
2022-04-22,3021.248779296875,3029.7463009538455,2972.412796239629,2980.2895827389393,681191,0.19472942398759407,0
2022-04-25,2988.97802734375,3012.36969647605,2955.0839761520497,2992.224124923633,1096774,-1.0681262719660967,0
2022-04-26,2984.251708984375,3006.2590193859414,2965.2998234156566,2988.405016862899,1703441,-0.15812489473451263,0
2022-04-27,3005.925048828125,3020.8669809537205,2946.347759914938,2955.943164675322,963536,0.7262570974995386,0
2022-04-28,3100.7802734375,3120.1619872357082,3026.595318095837,3045.6905566958108,2001838,3.1556084422781794,0
2022-04-29,3090.75537109375,3129.7097056910816,3075.5747491642887,3102.021608843906,1088970,-0.3233025709569737,0
2022-05-02,3055.238525390625,3066.2182888412476,3011.367256309334,3050.4647151947024,595522,-1.1491315694310833,0
2022-05-04,2960.57373046875,3050.1780009675754,2942.0512085021774,3034.23352278176,1120002,-3.0984420409457814,1
2022-05-05,2937.373046875,2985.4929579312343,2931.11930922143,2964.2972883730404,724601,-0.7836549839978724,0
2022-05-06,2879.801025390625,2914.3155801646994,2868.00962086708,2883.381383068276,923941,-1.9599833104489206,0
2022-05-09,2869.298583984375,2901.330896635617,2840.4170326440444,2865.097724300624,998324,-0.36469330046250414,0
2022-05-10,2946.729736328125,2996.7591709454987,2898.6573772968645,2912.978807026592,2460016,2.698609087808057,0
2022-05-11,2915.5087890625,2968.8801229079377,2844.235901421119,2950.5962913710687,1883969,-1.0595117319625258,0
2022-05-12,2902.428955078125,2938.757699049161,2852.829111357665,2904.3862639725626,1254245,-0.44862955081610423,0
2022-05-13,2925.390625,2975.276937061439,2897.989003558694,2935.3200560761493,1121729,0.7911191032497378,0
2022-05-16,2864.1904296875,2950.1190096612786,2850.1554749110214,2950.1190096612786,733044,-2.092034984644142,1
2022-05-17,2912.0244140625,2918.325937180597,2817.50296586834,2863.2359773621793,1179081,1.6700699743703584,0
2022-05-18,2959.85791015625,2987.2595342397417,2889.109949354269,2892.9289975358342,1379763,1.642620022784036,0
2022-05-19,2909.064208984375,2932.7423529140356,2864.7155612459865,2864.7633459646404,772390,-1.7160857957939535,0
2022-05-20,2969.26171875,2983.630931937444,2931.119027535345,2940.666646517545,778957,2.069308390640212,0
2022-05-23,3030.605712890625,3043.7814760624583,2988.4530607815054,3001.724160302517,813294,2.0659679055320623,0
2022-05-24,2947.207275390625,3039.6280537264447,2931.119441892896,3031.1307648695347,691307,-2.7518735659101456,1
2022-05-25,2709.662109375,2901.5214702752846,2698.4436568328038,2901.5214702752846,3381427,-8.060008808988183,1
2022-05-26,2711.667236328125,2730.6193555130835,2595.568315475915,2721.0717353889117,3212196,0.07399915089736364,0
2022-05-27,2706.607177734375,2739.212207142787,2655.1931502488987,2738.257445132629,1879534,-0.1866032279315255,0
2022-05-30,2715.3427734375,2753.5332484506853,2689.5642028035995,2749.714200949367,2525482,0.3227507772456839,0
2022-05-31,2730.284912109375,2747.8048870984567,2683.835836564893,2715.342980857544,2408221,0.5502855410390417,0
2022-06-01,2723.458984375,2806.905101560481,2703.9341453744487,2730.2854403874417,1770795,-0.2500078912680781,0
2022-06-02,2776.97265625,2786.9498710739763,2719.1617789718,2740.357445657756,1164197,1.9649156525586742,0
2022-06-03,2756.302490234375,2787.380041821589,2726.800435899574,2773.583776711577,1228489,-0.7443417193577218,0
2022-06-06,2689.99462890625,2742.0769518923944,2680.68569774993,2741.2177591779964,1193698,-2.4056815811419385,1
2022-06-07,2620.53515625,2677.152588204664,2607.45496376139,2673.333540289964,1403598,-2.5821416857063406,1
2022-06-08,2582.822265625,2649.464703710546,2577.857549556207,2646.5048481003514,1743575,-1.4391293524551485,0
2022-06-09,2580.037353515625,2590.408251569058,2529.0953015969912,2573.5075114494302,1857501,-0.10782438057932442,0
2022-06-10,2601.115234375,2627.282429626211,2546.620249769266,2559.1036823661743,1592920,0.8169602982938784,0
2022-06-13,2555.022705078125,2576.3885813115135,2537.4978852462446,2563.857087913698,1674206,-1.7720295005672848,0
2022-06-14,2530.6796875,2560.4000462705394,2482.2824749935107,2513.0109234266993,2296040,-0.9527515168355705,0
2022-06-15,2555.40673828125,2576.9648550663155,2522.7099329419625,2544.6998872484305,928842,0.97709128908674,0
2022-06-16,2551.853515625,2617.1514675152994,2535.0969557410413,2587.863415564503,1280628,-0.13904724453531747,0
2022-06-17,2477.673095703125,2551.4214168918406,2458.2758100275164,2544.795689148406,2043251,-2.906923123434335,1
2022-06-20,2554.974609375,2567.122090739149,2485.499643344724,2496.6866261824057,1595360,3.119923843300154,0
2022-06-21,2571.923583984375,2602.3158506040095,2535.097359998002,2568.658545205532,1042074,0.6633715476930258,0
2022-06-22,2560.400390625,2600.34723829702,2521.9898249175844,2581.1900155383437,1871760,-0.44803793670741277,0
2022-06-23,2648.600341796875,2657.9629165882884,2568.658357039422,2568.658357039422,1612872,3.4447718214237977,0
2022-06-24,2651.19287109375,2674.143322112884,2617.6797501663773,2664.7326877152227,2215583,0.09788299336683792,0
2022-06-27,2708.856689453125,2715.2904113783948,2655.1299654311165,2669.4378052846023,1295734,2.1750140847197397,0
2022-06-28,2618.15966796875,2674.143103318981,2596.8418550991078,2669.533789456492,1838358,-3.3481661040800637,1
2022-06-29,2590.6005859375,2610.958138363063,2571.587309502127,2598.9548368810706,1066354,-1.0526127328449486,0
2022-06-30,2588.103515625,2618.591897975024,2573.5075495453207,2606.9728441053026,1291447,-0.09638962972735587,0
2022-07-01,2662.9560546875,2669.5339569543394,2578.3088756915113,2597.418035780258,1477191,2.8921771718402045,0
2022-07-04,2679.4248046875,2686.81879092689,2635.7327907535564,2664.8766637798826,653147,0.6184386697261068,0
2022-07-05,2656.66650390625,2700.550522276424,2650.3286676643143,2674.3352679148966,1073043,-0.8493726243571253,0
2022-07-06,2747.699462890625,2754.997563457026,2693.684609999563,2718.0754575687174,2085735,3.4265858680615047,0
2022-07-07,2776.50732421875,2815.4941376357388,2762.487610036082,2786.1099645244653,1469087,1.0484356719937082,0
2022-07-08,2765.36865234375,2773.24277121901,2727.6302256397503,2765.5606582793453,1274148,-0.40117567052102565,0
2022-07-11,2816.50244140625,2823.7044215835017,2738.0489175632815,2759.7988039227976,1081885,1.8490767594100843,0
2022-07-12,2778.235595703125,2807.0915741062418,2770.745490052549,2803.970716288455,1115524,-1.3586654547339538,0
2022-07-13,2824.32861328125,2850.975941011324,2809.7807065125103,2831.8187198554347,2153712,1.6590751932418435,0
2022-07-14,2822.359619140625,2837.435950302668,2796.672559167329,2834.795224511021,882479,-0.06971547614417206,0
2022-07-15,2859.81005859375,2866.3879605872917,2823.6081536846073,2832.73066143187,1668006,1.3269194754326863,0
2022-07-18,2897.932861328125,2904.798655283011,2869.6528984383494,2875.750668730181,823390,1.3330536627709222,0
2022-07-19,2899.133056640625,2902.877992362105,2859.810059367854,2864.8995053161207,638171,0.041415566541114224,0
2022-07-20,2886.985595703125,2923.715692937107,2880.7919399201865,2912.480651259308,867436,-0.4190032226936147,0
2022-07-21,2944.265625,2962.3664612332213,2862.5470625809294,2862.5470625809294,1184060,1.9840774190951427,0
2022-07-22,2945.513427734375,2969.8562116615076,2926.884401631,2944.265272201235,1268141,0.042380779905859534,0
2022-07-25,2981.572021484375,2993.3352569108906,2930.3898971896792,2947.530705444109,985844,1.2241870436060287,0
2022-07-26,2984.980712890625,3024.639663893808,2931.686059660633,2972.9774126136,2876310,0.11432530831680943,0
2022-07-27,3059.44921875,3066.1230067813476,2972.9773971171476,2995.0154094230024,1976407,2.4947734348092387,0
2022-07-28,3142.367919921875,3149.6660203301317,3055.560145332463,3070.9243698218784,1332572,2.7102493044729448,0
2022-07-29,3201.280517578125,3221.062052272436,3144.8650003954585,3154.85165349115,1836550,1.8747835758746723,0
2022-08-01,3192.4462890625,3221.686286112643,3182.7955872787943,3207.3303836779237,1076122,-0.27595921279365276,0
2022-08-02,3261.20068359375,3269.4590482602152,3193.4542419200475,3198.6395740523612,1650536,2.153658614925069,0
2022-08-03,3302.972412109375,3310.9907113491377,3237.290439569542,3268.739089742594,1169005,1.2808696111762607,0
2022-08-04,3322.993896484375,3338.7901939389644,3275.364703657689,3317.712443968651,981434,0.606165655565194,0
2022-08-05,3335.861083984375,3353.1938964264195,3314.3993238095286,3336.917468181741,792478,0.38721670580295076,0
2022-08-08,3321.025146484375,3338.7900313540094,3299.995457630702,3327.3149228801653,724644,-0.44474086679532343,0
2022-08-10,3276.0849609375,3312.7672375339885,3261.0569213742147,3304.2688063747564,1089295,-1.3532022060853244,0
2022-08-11,3269.89111328125,3339.7503232842764,3255.2951465327724,3312.910989834237,1410533,-0.1890624855613532,0
2022-08-12,3291.640869140625,3298.3146566937967,3248.5729372811775,3263.9371604548396,548472,0.6651522973053936,0
2022-08-16,3361.884521484375,3369.9987060179437,3318.000500211219,3332.1163352044505,911189,2.134001099642724,0
2022-08-17,3383.6826171875,3404.760367636623,3365.3417132435775,3378.161098522905,817912,0.6483891865952662,0
2022-08-18,3394.86962890625,3401.927429064047,3375.856353682949,3384.9308021369548,599877,0.33061646095071673,0
2022-08-19,3344.167724609375,3397.8944530925496,3326.3547790059606,3380.1295675811148,581829,-1.4934860492186286,0
2022-08-22,3216.64453125,3347.0484373344752,3200.75211418756,3324.530292041516,2336567,-3.8133013610814226,1
2022-08-23,3223.222412109375,3249.4854932792246,3185.0519160259096,3200.560086696613,831446,0.20449511270115295,0
2022-08-24,3244.588134765625,3250.4936646346,3170.791752030561,3206.8977724799797,1182154,0.6628683945600677,0
2022-08-25,3228.8876953125,3269.8428610772626,3218.0366652403623,3240.8909952950744,615392,-0.4838962235266586,0
2022-08-26,3191.4853515625,3250.0133934110277,3174.296485904873,3245.068127761169,1384783,-1.1583662015962504,0
2022-08-29,3210.40283203125,3215.300272533534,3108.0866491221404,3117.977415869429,1031166,0.5927484661487847,0
2022-08-30,3256.831787109375,3274.2604865975322,3198.639689377925,3198.639689377925,1426459,1.4462034052203032,0
2022-09-01,3309.59814453125,3336.341357951905,3183.2753604873647,3183.2753604873647,1417762,1.6201744784832162,0
2022-09-02,3294.714111328125,3350.361367753884,3288.904466769003,3350.361367753884,740821,-0.4497232761542125,0
2022-09-05,3288.712646484375,3312.911255725254,3270.22756194156,3288.9527125173986,518438,-0.18215434301614986,0
2022-09-06,3260.33642578125,3298.0748487926094,3249.533455516899,3284.102960362823,540937,-0.8628367313714413,0
2022-09-07,3265.23388671875,3298.5069415675116,3251.4059440292885,3257.2155882960697,682921,0.15021336138114627,0
2022-09-08,3313.054931640625,3346.184041498708,3291.208924415367,3312.910985808333,1143090,1.4645518998313012,0
2022-09-09,3305.0849609375,3345.271871333777,3297.0186021399204,3345.271871333777,702805,-0.24056258853450974,0
2022-09-12,3295.81787109375,3316.4154858633137,3286.983489671682,3305.0845588434004,641280,-0.2803888539410271,0
2022-09-13,3286.21533203125,3321.5530932386487,3278.9652921240045,3295.6259658846607,776044,-0.2913552701658606,0
2022-09-14,3302.300048828125,3311.4706175072884,3245.6925292662418,3245.6925292662418,816678,0.4894602200925524,0
2022-09-15,3260.480712890625,3321.3135389225054,3254.431236460943,3303.308586597302,590182,-1.2663699639389292,0
2022-09-16,3190.525390625,3284.1030761255374,3178.0419578794936,3276.804975513916,1598265,-2.1455524024126205,1
2022-09-19,3184.475830078125,3209.298750904808,3102.901441454483,3188.7008983535497,1013563,-0.1896101678002915,0
2022-09-20,3258.367919921875,3274.500402811891,3201.5203351832392,3203.0568514354177,708184,2.3203846970927477,0
2022-09-21,3222.6943359375,3288.808377661165,3214.9641631495588,3269.6992161064063,605378,-1.0948298307954851,0
2022-09-22,3299.467041015625,3303.308096942302,3183.8991770459484,3222.693982569056,829396,2.382252149141273,0
2022-09-23,3260.33642578125,3301.3396526967185,3248.2850653984597,3298.506920715292,513370,-1.1859677562449655,0
2022-09-26,3301.43603515625,3330.1958980569375,3220.7257906813634,3236.0900162779353,1429914,1.2605941230482642,0
2022-09-27,3332.740478515625,3360.924323403384,3294.7141611202323,3317.56849340727,1455383,0.9482068719799841,0
2022-09-28,3428.766845703125,3440.5300806907653,3284.103155732958,3313.871342232292,1843428,2.8813034740187593,0
2022-09-29,3250.302001953125,3421.853091193288,3238.3945863417866,3421.853091193288,2624894,-5.204927945848792,1
2022-09-30,3209.63427734375,3276.3245635402413,3154.707224844648,3266.818043960579,2159720,-1.2511983374141056,0
2022-10-03,3171.656005859375,3219.2851960479807,3155.187571339195,3214.9640078653656,934543,-1.1832585336110424,0
2022-10-04,3205.121337890625,3234.5055116422795,3180.4425986549954,3197.679291491508,994382,1.0551375044905775,0
2022-10-06,3196.6708984375,3232.968925689561,3180.1063439062327,3205.1212687964157,922770,-0.2636542758373883,0
2022-10-07,3210.834716796875,3226.103055188391,3156.627860430884,3186.155978678127,774544,0.44308027974659936,0
2022-10-10,3147.697509765625,3167.9111149956398,3130.6528228025536,3149.6660979647463,734377,-1.9663798544646283,0
2022-10-11,3167.623046875,3226.487281366394,3143.9045711885638,3159.748928373845,1411316,0.6330194387343946,0
2022-10-12,3119.12939453125,3206.8015422754806,3078.606301702408,3202.480354390995,1812549,-1.5309161357312084,0
2022-10-13,3081.4873046875,3128.7322485726286,3066.9872239061738,3101.7489697094384,779890,-1.2068139882156714,0
2022-10-14,3058.920654296875,3117.016620262959,3053.639202845413,3106.4537173600347,845765,-0.7323298186657112,0
2022-10-17,3070.540771484375,3090.130066570617,3044.133507087019,3058.9214813737417,1067773,0.3798763845403119,0
2022-10-18,3097.667724609375,3120.858006481758,3084.3679744059714,3090.129558417938,1015424,0.8834584896876718,0
2022-10-19,3085.08837890625,3116.729033001925,3069.3401419952233,3113.176102844623,943543,-0.4060908664666796,0
2022-10-20,3016.09326171875,3113.0321051451265,2978.5470780168534,3070.9244327649803,2284352,-2.236406504891142,1
2022-10-21,2969.520263671875,3038.995457001832,2950.5550499027663,3015.2289232911776,1738731,-1.5441497992782494,0
2022-10-24,2997.6083984375,3033.474357119406,2992.1829999316456,3024.8319800335953,178709,0.9458812290067842,0
2022-10-25,2962.318359375,3010.427680193103,2957.517039310896,3009.4674161802823,1016316,-1.1772731581915385,0
2022-10-27,2922.515380859375,2998.9044278219485,2912.480669095091,2998.9044278219485,2005709,-1.343642839388226,0
2022-10-28,2932.070068359375,2949.5470610956077,2919.2026242519423,2937.1595145592846,715736,0.32693369426135543,0
2022-10-31,2988.51904296875,2993.615833875331,2943.658173612827,2963.8046900108484,814364,1.925225976641154,0
2022-11-01,3038.236083984375,3043.044332667504,2991.2115057744813,2991.2115057744813,939335,1.6636012787871302,0
2022-11-02,3011.79052734375,3038.7648477199714,3002.3665483380532,3036.889677806705,787012,-0.8704246776617852,0
2022-11-03,3020.830810546875,3027.9950551867546,2985.9228729987685,2985.9228729987685,563798,0.30016307977096535,0
2022-11-04,3059.3447265625,3062.8546544689084,3006.0210566083083,3027.273611387166,609757,1.2749444914676555,0
2022-11-07,2984.5283203125,3075.3560980797806,2978.6621625495136,3063.816300338393,1669943,-2.445504280717792,1
2022-11-09,2968.13232421875,3025.35049149269,2961.881600062773,3025.35049149269,1391333,-0.5493664101680618,0
2022-11-10,2928.367431640625,2967.65091501326,2917.1643067701634,2967.65091501326,1375007,-1.3397277558571008,0
2022-11-11,2938.224853515625,2979.1912309773024,2931.1087385470687,2972.1711401269295,810288,0.3366183412809365,0
2022-11-14,2936.10888671875,2959.909717358223,2924.424936497751,2938.8015528981623,811702,-0.07201514187531455,0
2022-11-15,2961.20849609375,2976.306352119864,2925.3389089333205,2950.8226305265925,873840,0.8548596235151917,0
2022-11-16,2964.81396484375,2974.3823317909882,2933.993046975204,2961.2077786994832,770953,0.12175666640008576,0
2022-11-17,2953.803466796875,2977.7965811102035,2942.648235782799,2973.421027790985,706271,-0.37137230792337883,0
2022-11-18,2976.787109375,2995.3951278754917,2938.5615278541936,2976.30628445021,1258576,0.7781033110861868,0
2022-11-21,2976.594482421875,2991.0673579413055,2948.6103811214775,2985.9224379294183,612194,-0.0064709683980535004,0
2022-11-22,2984.816650390625,2999.866374965882,2954.476554026456,2984.9608039410477,764079,0.27622734696666207,0
2022-11-23,2981.883544921875,2995.3466412104226,2971.497680829442,2991.6923252622632,488341,-0.09826752569094266,0
2022-11-24,2995.82763671875,3000.587756222067,2973.4211496638513,2998.375914750267,571872,0.4676269742532879,0
2022-11-25,2988.95166015625,3000.1550209237853,2957.3134764073975,2995.8275969277415,898769,-0.22951843017346985,0
2022-11-28,3030.3505859375,3037.8515007962537,2977.9406755882137,2988.9515180546664,914689,1.385065082621173,0
2022-11-29,3014.820068359375,3047.4680301203202,3007.222894536592,3035.928233224945,877720,-0.5124990372465499,0
2022-11-30,3053.382080078125,3077.2310406015204,3013.137179299053,3019.483926720608,2547283,1.279081697891682,0
2022-12-01,3057.421142578125,3074.3941662882226,3040.0151886702047,3068.6242679467373,761717,0.13228159444418353,0
2022-12-02,3022.89794921875,3052.5649387960807,3013.8104057676355,3051.4589006841575,932259,-1.1291605490195478,0
2022-12-05,3035.83203125,3047.1795453653954,2993.1348758478102,3009.96374663571,926122,0.42787028369888347,0
2022-12-06,3040.447998046875,3047.468088247683,3005.155498824238,3005.155498824238,958365,0.15204947933085133,0
2022-12-07,3102.76318359375,3110.648665262233,3054.5844330894065,3058.0464663964435,1832282,2.049539593734373,0
2022-12-08,3097.90625,3116.6102889299323,3079.8271894379177,3106.1284015478827,851312,-0.15653574914874513,0
2022-12-09,3103.196044921875,3118.0055939959707,3083.049526816052,3110.937373440402,847879,0.170753873583962,0
2022-12-12,3044.919921875,3106.128837406906,3021.4073965683783,3103.243888022317,1323816,-1.8779388154428478,0
2022-12-13,3056.603515625,3062.8542385608384,3022.128280598543,3062.8542385608384,886601,0.3837077509350584,0
2022-12-14,3025.30224609375,3072.4712173723487,3005.155729041812,3057.0848200396545,1103870,-1.0240539661503845,0
2022-12-15,3010.541015625,3039.967359203624,2997.173942281542,3021.5037296444852,799124,-0.4879258093239969,0
2022-12-16,2938.70556640625,2997.462463827097,2933.3204683260396,2995.5391642032105,1192821,-2.3861308929497116,1
2022-12-19,2962.794921875,2969.5745999606484,2924.377059093372,2944.5717050127932,655594,0.8197267444594258,0
2022-12-20,2963.94873046875,2970.199453943749,2902.2589919304437,2957.121158001185,739257,0.03894324866129395,0
2022-12-21,2951.92822265625,2993.0868811633136,2933.080027391856,2966.6896410373547,616324,-0.4055572111936967,0
2022-12-22,2970.103515625,2974.863635145594,2921.540201070336,2956.1114641789413,663202,0.6157091771152645,0
2022-12-23,2940.62890625,2968.4688565087613,2919.5688689915128,2960.8716820238287,1230858,-0.9923765020290132,0
2022-12-26,2938.849853515625,2954.091861643241,2912.644897042805,2940.6287647397735,536884,-0.06049905619147644,0
2022-12-27,2993.231201171875,3009.0021636634738,2939.090271565551,2942.6483287984115,729041,1.850429602287984,0
2022-12-28,3003.905517578125,3023.234773011515,2985.9227127691793,2990.6828324571666,972274,0.35661516564677864,0
2022-12-29,2995.683349609375,3005.1556942688258,2973.950204495096,2982.076098536841,596265,-0.2737159314977089,0
2022-12-30,2969.478515625,3010.6853061320658,2953.515268778897,3010.6853061320658,836220,-0.8747531339649783,0
2023-01-02,2930.387451171875,2969.478422939694,2905.1441430766213,2969.478422939694,1015990,-1.3164286000869496,0
2023-01-03,2912.1162109375,2942.600464778347,2908.9908488684678,2930.1471459511476,860367,-0.6235093665538427,0
2023-01-04,2901.1533203125,2933.0319175710515,2886.4400312786356,2918.6071704354563,836382,-0.37645786881117527,0
2023-01-05,2889.13232421875,2929.762023398439,2880.525371718245,2922.982346165567,1113920,-0.4143523201474597,0
2023-01-06,2864.177734375,2907.548235234713,2838.790272999131,2894.565962644778,1045526,-0.8637399413852775,0
2023-01-09,2869.70703125,2901.9222981410403,2837.8284356853487,2878.5062674018286,808263,0.193050061406419,0
2023-01-10,2846.8203125,2870.524888100327,2838.9827251214197,2869.70739179226,864325,-0.7975280577694033,0
2023-01-11,2827.635009765625,2860.81192823823,2822.4421946984185,2860.81192823823,890426,-0.6739203963852192,0
2023-01-12,2804.122802734375,2827.106374766739,2784.9379353905406,2826.2888784919887,1558620,-0.8315149214819906,0
2023-01-13,2797.58349609375,2812.8257397398665,2761.6178865292177,2812.8257397398665,1507864,-0.23320329032124887,0
2023-01-16,2804.218994140625,2817.249396108736,2784.9378683657537,2812.825713042068,644073,0.23718677409056976,0
2023-01-17,2828.11572265625,2831.914427080682,2799.5066419180816,2812.8255851812473,716489,0.8521705532113177,0
2023-01-18,2832.29931640625,2846.4836521729903,2817.0091771857665,2834.8957241334147,893808,0.14792866205879385,0
2023-01-19,2756.232177734375,2859.561625221395,2734.547164947539,2841.578588113642,2379947,-2.685702680901414,1
2023-01-20,2680.887451171875,2738.7787241581427,2674.348185352456,2738.7787241581427,3171005,-2.733613197435114,1
2023-01-23,2677.665771484375,2692.619473013274,2661.7025254753253,2692.619473013274,1402260,-0.12017213501789303,0
2023-01-24,2702.81298828125,2718.6802097845257,2677.66570545636,2687.8111576761316,1061471,0.9391469639220329,0
2023-01-25,2668.578125,2703.197516891892,2660.9811856903902,2703.1012580033034,857953,-1.266638255391117,0
2023-01-27,2618.235595703125,2666.510600934349,2582.8470727553918,2660.5002900019526,1801498,-1.8864926166205054,0
2023-01-30,2660.11572265625,2669.5399379807604,2592.848363753828,2619.5341466352997,1171912,1.5995553273302043,0
2023-01-31,2621.31298828125,2673.3380973679728,2613.8120734950803,2654.15323237214,1961805,-1.4586859528146312,0
2023-02-01,2638.52685546875,2671.463363824032,2601.0706396377927,2644.3448841921777,1176872,0.656688738218425,0
2023-02-02,2601.88720703125,2635.8816150954376,2590.6840828409736,2635.8816150954376,1308570,-1.3886403453335583,0
2023-02-03,2654.538330078125,2657.904104778879,2596.454769153374,2601.8879972591817,1278409,2.023574384953819,0
2023-02-06,2648.575927734375,2658.9617929045335,2613.7642506743296,2654.538109753865,1120284,-0.2246116500255857,0
2023-02-07,2652.278076171875,2668.0971672234677,2642.757603009122,2656.0765456374907,732250,0.13977882977540546,0
2023-02-08,2659.538818359375,2677.2330810182084,2639.055630374476,2661.8466840008623,811956,0.27375493741514934,0
2023-02-09,2706.65966796875,2712.1891544147215,2660.067546527856,2675.2616605871262,946372,1.7717676946126693,0
2023-02-10,2697.04296875,2722.3822986642,2685.887737796843,2721.4687783619997,700072,-0.35529768786805027,0
2023-02-13,2683.72412109375,2720.5072251452902,2673.3863859681537,2706.5633033479744,467228,-0.49383149658986936,0
2023-02-14,2670.50146484375,2697.1872464964017,2658.961667372333,2697.1872464964017,524746,-0.4926980439632911,0
2023-02-15,2679.300537109375,2690.984723223754,2648.3835894802605,2670.501535216661,817717,0.3294913850998338,0
2023-02-16,2698.341064453125,2725.6520581731907,2683.099056808293,2689.734346160864,788964,0.7106529140733286,0
2023-02-17,2724.9306640625,2736.710872802038,2678.675219916967,2695.4559601046753,840526,0.9854054389067279,0
2023-02-20,2717.189453125,2742.6250416362345,2704.2553111569887,2735.893493497576,646218,-0.2840883637735936,0
2023-02-21,2709.063720703125,2729.8352153263954,2697.4276643184817,2728.20045763691,631934,-0.29904916687092387,0
2023-02-22,2688.724609375,2706.034305118468,2673.386342602315,2702.187706064364,580270,-0.7507801006188974,0
2023-02-23,2602.17626953125,2697.956685001184,2596.5507589810636,2697.42773064746,1790570,-3.2189365746858045,1
2023-02-24,2633.477783203125,2656.0765518375138,2606.0707659231216,2608.0903242653862,1429040,1.2028975146066267,0
2023-02-27,2644.4404296875,2652.8548646056743,2620.5435753865404,2635.304757490625,561317,0.416280196259744,0
2023-02-28,2720.315185546875,2730.1239672160436,2622.8518778008324,2644.5371292159634,1815923,2.869217812871705,0
2023-03-01,2731.950439453125,2743.875036166062,2708.0535861439503,2719.5452526854265,816598,0.4277171251356737,0
2023-03-02,2725.218994140625,2739.739998538895,2703.1973098956946,2722.430303918432,604523,-0.24639705081354046,0
2023-03-03,2720.363037109375,2742.6251353028442,2702.8608235289107,2728.248518242699,679295,-0.17818593814628025,0
2023-03-06,2754.694091796875,2773.3981341999115,2721.709455381172,2733.9704908218964,1050267,1.2620026893167768,0
2023-03-08,2749.885498046875,2759.9346906443657,2718.5837527706,2759.9346906443657,580250,-0.17455999068352046,0
2023-03-09,2744.115966796875,2762.291054987,2728.05646131377,2752.241861045311,774224,-0.20980987223278014,0
2023-03-10,2721.6611328125,2734.931946597537,2699.350905098202,2734.931946597537,489978,-0.8182902711136419,0
2023-03-13,2677.425048828125,2740.1726917775845,2665.8852524236268,2715.2179290084086,813217,-1.6253340083768109,0
2023-03-14,2640.305908203125,2680.06998842509,2634.968704608099,2676.223389045294,1060450,-1.3863745930533744,0
2023-03-15,2718.968505859375,2756.4249527751335,2659.153936239376,2665.885484728586,2170346,2.9792986264150167,0
2023-03-16,2782.29345703125,2788.7845935852847,2720.2189116219215,2740.702100592435,1755487,2.3290064241424657,0
2023-03-17,2752.86669921875,2811.8158787678335,2745.558301623579,2811.8158787678335,1848073,-1.0576439281821393,0
2023-03-20,2745.654052734375,2803.208881309763,2722.4784357829976,2803.208881309763,1074367,-0.26200493058461394,0
2023-03-21,2730.219970703125,2776.28290102446,2726.2771127136625,2748.5392110986086,691891,-0.562127701990689,0
2023-03-22,2730.94140625,2743.731161366338,2706.9001601248624,2716.6608121405507,731807,0.026424081378650932,0
2023-03-23,2690.503662109375,2714.737188354864,2661.606040761309,2709.06354885779,1016581,-1.480725439516195,0
2023-03-24,2691.177001953125,2707.6692023366313,2666.5107781582906,2690.5038940395143,784111,0.025026535114314186,0
2023-03-27,2696.2255859375,2711.8523949509586,2679.637127138598,2691.176924563921,791560,0.18759761920941198,0
2023-03-28,2677.665771484375,2702.813054929367,2658.961729600608,2683.9646247071596,558581,-0.6883628191174385,0
2023-03-29,2664.250732421875,2686.6090899489673,2649.345160737147,2677.665699982574,1087648,-0.5009975182624582,0
2023-03-31,2655.739990234375,2668.578108559637,2642.1327399162533,2650.3548923954786,1967803,-0.3194422388227536,0
2023-04-03,2670.50146484375,2674.973042452812,2604.772607835025,2641.603841720187,1035295,0.5558328248870481,0
2023-04-05,2700.793212890625,2703.726291464235,2646.7004166559454,2654.1532019149454,668643,1.1343093589595732,0
2023-04-06,2702.091796875,2716.6606975009267,2679.9257219274446,2699.7836964777093,627554,0.04808157759641496,0
2023-04-10,2669.87646484375,2702.2358860809027,2649.4414069863765,2702.2358860809027,1215461,-1.1922367725814231,0
2023-04-11,2648.19140625,2683.0030838955226,2644.58521930928,2683.0030838955226,1246379,-0.8122120584713621,0
2023-04-12,2679.87744140625,2698.5814820923397,2645.498462836133,2649.8740161551564,2235399,1.1965160479513681,0
2023-04-13,2701.9951171875,2705.409020417101,2675.30933927062,2679.8290456919835,602597,0.8253241524972088,0
2023-04-17,2734.066650390625,2736.4707748995056,2698.3893487677215,2716.6606950352148,754555,1.186957481866524,0
2023-04-18,2745.125244140625,2748.827454506505,2721.5648272063354,2738.778262402328,717724,0.40447418311546635,0
2023-04-19,2701.947509765625,2743.29845290511,2693.2445317539655,2727.575618880377,799624,-1.5728875929126196,0
2023-04-20,2734.787841796875,2741.6635438656435,2705.2650055015974,2711.8524004563715,761101,1.2154319028240046,0
2023-04-21,2771.571044921875,2776.283035136901,2737.913301163721,2737.913301163721,894930,1.3450112130391823,0
2023-04-24,2780.225830078125,2786.861119785549,2742.6252289953018,2771.5709818800333,782967,0.31227000917430914,0
2023-04-25,2786.861083984375,2790.4672706872534,2754.3091447686147,2780.1776649172634,636120,0.23865881089464303,0
2023-04-26,2798.400634765625,2804.6032283922855,2777.292470747601,2785.8510591902477,569221,0.41406982384468716,0
2023-04-27,2788.73583984375,2808.0169621731247,2782.86991787846,2803.6895387725153,599461,-0.34536852235542703,0
2023-04-28,2791.04443359375,2807.9693294657254,2737.432456424454,2807.9693294657254,1080665,0.08278280491884615,0
2023-05-02,2788.3515625,2821.19180735037,2782.052709720502,2799.3142756717866,663800,-0.0964825590498597,0
2023-05-03,2817.345458984375,2848.791361458532,2785.899556510218,2806.094202932971,1237193,1.0398221255278006,0
2023-05-04,2868.456787109375,2871.6300431705604,2810.084464826128,2834.9432024904086,1008540,1.814166167021103,0
2023-05-05,2897.403076171875,2908.991004650093,2837.8770401035486,2857.0619090298933,1326561,1.0091241113543203,0
2023-05-08,2903.6533203125,2919.280128909465,2878.217731120995,2899.3740258368857,941879,0.2157188342908345,0
2023-05-09,2918.414794921875,2956.8807860641755,2895.2870707920115,2900.383861573922,1025850,0.5083759313176728,0
2023-05-10,2924.761474609375,2939.763304717275,2903.124355094773,2926.252078687047,751851,0.21747010392572097,0
2023-05-11,3019.340087890625,3035.111051369875,2915.241492615791,2935.0034438013527,3229605,3.233720564986653,0
2023-05-12,3011.021484375,3057.805648598759,2967.6509887808065,3018.6184231312222,1998170,-0.2755106504559568,0
2023-05-15,3011.887451171875,3046.5068471623563,3001.357431846998,3014.003033971288,810281,0.028759900962804785,0
2023-05-16,3017.7529296875,3044.2943197686927,3002.6069473531325,3011.886772777057,822404,0.19474427948305006,0
2023-05-17,2973.853759765625,3027.22532156065,2957.601972697709,3015.733653859438,835371,-1.4546972845262407,0
2023-05-18,2989.8173828125,3005.1556502960543,2974.6232688890464,2986.547632598307,498067,0.536799195133697,0
2023-05-19,2966.160888671875,3007.9926579337507,2950.3899247463337,3004.194187910359,633262,-0.791235420484826,0
2023-05-22,2966.593505859375,2986.4998454256697,2929.185420889144,2952.2650171141404,659425,0.014585088393292978,0
2023-05-23,3000.92431640625,3007.99230123187,2966.6894912508847,2968.612790758989,581204,1.1572468718436646,0
2023-05-24,2982.55712890625,3012.9932539633314,2979.1913542968123,2995.5394023997965,439465,-0.6120510070709018,0
2023-05-25,3003.761474609375,3009.0024194038156,2967.651475321245,2982.5570481882182,500313,0.7109451650604504,0
2023-05-26,3008.425048828125,3016.6472013233874,2992.4136740566473,3003.232233977315,568249,0.15525780785761167,0
2023-05-29,3017.079833984375,3034.00496350808,2996.5487526732572,3026.504048496943,535712,0.28768491871258295,0
2023-05-30,3023.811767578125,3034.005350145837,3007.6081080803183,3026.2158922612834,506026,0.2231274598014199,0
2023-05-31,3070.499267578125,3095.886959738623,3016.166061210611,3031.071631099044,2349066,1.5439949172958434,0
2023-06-01,3116.41845703125,3125.2655882275367,3084.0109057566847,3111.273771472663,1104861,1.4954958608195401,0
2023-06-02,3113.1005859375,3125.3134905431193,3095.550478379122,3115.16803894423,781973,-0.10646423577245212,0
2023-06-05,3077.038818359375,3115.697091740736,3072.470982001157,3115.697091740736,492565,-1.1583874848446363,0
2023-06-06,3089.54052734375,3114.6875767802444,3072.4712426622928,3084.7322781377056,577698,0.4062902589913042,0
2023-06-07,3101.128173828125,3105.4074682781097,3083.289523934873,3093.627258790951,470038,0.3750605108371108,0
2023-06-08,3089.0595703125,3122.4769008653398,3070.547811660927,3096.5123562631334,561161,-0.389168162008835,0
2023-06-09,3078.943359375,3135.4291531038652,3067.326714535183,3107.258931172055,1239045,-0.3274851360822617,0
2023-06-12,3092.68994140625,3100.047244974664,3050.482700318273,3083.444980157113,1029156,0.44647076697248433,0
2023-06-13,3158.6142578125,3167.471855046685,3102.7573676281963,3107.4525228300304,1598821,2.1316173834184715,0
2023-06-14,3165.729248046875,3184.799859184139,3149.078771225031,3160.695415939049,741615,0.22525669973079143,0
2023-06-15,3189.10791015625,3198.4495341441143,3168.778781761266,3171.344029617469,806994,0.7384921538630795,0
2023-06-16,3210.88916015625,3215.874542408856,3181.5570844006475,3186.5909166087754,984671,0.6829888048201171,0
2023-06-19,3203.967529296875,3238.0914248384406,3197.72362972135,3212.8253631358207,516915,-0.21556741806180169,0
2023-06-20,3212.68017578125,3220.5699562450786,3172.4092785409434,3209.098423903668,866290,0.2719330456600222,0
2023-06-21,3210.162841796875,3226.5228541415704,3194.5770833084857,3212.679639512322,742456,-0.07835619627972745,0
2023-06-22,3144.286865234375,3220.5695440063646,3138.865669981879,3218.778550126191,871640,-2.052107005438586,1
2023-06-23,3192.3505859375,3198.594484930035,3149.1270834904476,3160.6952777441134,1260659,1.5286048240239714,0
2023-06-26,3202.466796875,3209.4369726832247,3166.8908229139124,3189.736985082562,592801,0.31688909676972354,0
2023-06-27,3219.746826171875,3237.6558208454107,3168.778889921259,3170.376084098885,914141,0.5395849634955541,0
2023-06-28,3241.28564453125,3248.0620201040774,3217.3263166130396,3224.5867190124973,713110,0.6689599997209639,0
2023-06-30,3254.64501953125,3339.3981690203527,3236.9295893887406,3245.884086196769,1436363,0.41216284107943313,0
2023-07-03,3251.40234375,3271.973487588133,3230.5891864549476,3257.5011301326176,474224,-0.09963224135937088,0
2023-07-04,3240.753662109375,3278.7982237542265,3224.5872109020747,3251.4022539196194,473663,-0.3275104251891259,0
2023-07-05,3266.6005859375,3291.3828572817706,3234.025670724728,3244.287135345697,632406,0.7975590409825095,0
2023-07-06,3290.8017578125,3301.063221895064,3260.211401725198,3301.063221895064,693995,0.7408671871052874,0
2023-07-07,3236.88134765625,3304.9355750432887,3230.54054818632,3276.8620156770744,620761,-1.6385189423288926,0
2023-07-10,3236.348876953125,3264.3257728000376,3188.720678585586,3238.1398709698337,548838,-0.01645011496979043,0
2023-07-11,3284.17041015625,3291.3339125263283,3238.139412495138,3242.9312307252053,772158,1.4776383826748285,0
2023-07-12,3297.9169921875,3305.322508567636,3254.8386018881406,3299.1270593307404,1025127,0.41857091181196626,0
2023-07-13,3289.97900390625,3315.5839774271844,3276.2326884067706,3315.5839774271844,750126,-0.2406970308850842,0
2023-07-14,3320.182373046875,3329.136870299061,3278.798074935423,3289.979143096942,832843,0.9180413949378963,0
2023-07-17,3349.85302734375,3362.0505988585414,3315.5840198936094,3320.1822751036807,817694,0.893645317128966,0
2023-07-18,3401.208251953125,3410.4532121296434,3345.206486769023,3349.465828546286,962485,1.5330590384168952,0
2023-07-19,3402.3701171875,3417.229837220129,3371.247282753286,3407.549299437636,620289,0.03416036738437267,0
2023-07-20,3413.357421875,3422.0699053681583,3383.299306555357,3397.9170122859296,589848,0.3229309072518616,0
2023-07-21,3405.32275390625,3424.925843062171,3393.028518098936,3422.989735491216,857975,-0.2353890019620719,0
2023-07-24,3430.491943359375,3454.015696181776,3386.735962189446,3393.9963651382586,680246,0.7391131846240739,0
2023-07-25,3291.769775390625,3434.5576991096727,3242.9799624326124,3434.5576991096727,2555630,-4.043798098324746,1
2023-07-26,3265.2451171875,3303.9672650343723,3257.5006876181255,3291.2374534662067,959076,-0.8057871604941536,0
2023-07-27,3261.76025390625,3304.935546264483,3243.9481592068782,3281.702255956824,874078,-0.10672593193407076,0
2023-07-28,3282.3798828125,3290.414776401472,3257.0169212129313,3267.1814858355306,553750,0.6321626146972736,0
2023-07-31,3269.456298828125,3279.7659763246456,3216.9875985636363,3217.0360485174847,933890,-0.39372602945949575,0
2023-08-01,3236.1552734375,3276.861981360464,3231.363454588251,3264.2772824660224,698667,-1.0185493350243324,0
2023-08-02,3255.4677734375,3264.228706906695,3224.248040842965,3234.4610548979526,857218,0.5967729718817205,0
2023-08-03,3229.76611328125,3271.9731135381217,3211.9537830835307,3262.341026322125,711067,-0.789492077481424,0
2023-08-04,3232.96044921875,3265.5355980743393,3216.842449627559,3231.5083686667062,519248,0.09890301109929389,0
2023-08-07,3236.2041015625,3242.980478682134,3210.066646958196,3210.1150969201635,360358,0.10033071529018667,0
2023-08-08,3241.09228515625,3252.6120298189503,3226.1841161525476,3236.203566631201,500258,0.1510468264776632,0
2023-08-09,3224.5869140625,3249.7078606159043,3197.4814101316233,3226.087444584064,643222,-0.50925335169697,0
2023-08-10,3134.4609375,3213.938239711281,3126.8134079118786,3204.2577028446804,1253219,-2.7949619273544335,1
2023-08-11,3083.59033203125,3145.1584132175803,3078.4111495544557,3134.461371231536,919023,-1.622945906268769,0
2023-08-14,3100.2890625,3107.35566586631,3051.5474612074386,3083.5901351605353,815534,0.5415353101639209,0
2023-08-16,3092.01220703125,3106.3394501682233,3075.4099429867283,3092.8349109351743,597686,-0.2669704437842202,0
2023-08-17,3081.556884765625,3121.0050723268278,3060.9857440128503,3120.9081724220873,873392,-0.33813974737387786,0
2023-08-18,3062.486328125,3083.735059559415,3054.209421726559,3073.473595808879,592652,-0.6188610937187145,0
2023-08-21,3080.6376953125,3085.6715278701063,3051.450731055889,3058.9531481040435,353330,0.5927003500653338,0
2023-08-22,3078.120361328125,3096.416718411817,3069.698341245746,3096.416718411817,377068,-0.08171470433557815,0
2023-08-23,3067.569091796875,3093.900109288523,3064.1324533559127,3084.219570773853,370811,-0.34278287697292464,0
2023-08-24,3122.553955078125,3129.6205576662182,3069.601231229716,3083.250882262249,1167742,1.7924572075096012,0
2023-08-25,3155.177490234375,3160.6953490885794,3113.4542809824998,3121.876300953784,1363431,1.0447709030998453,0
2023-08-28,3155.564453125,3167.471560354234,3127.829810435283,3160.646734815666,707315,0.01226437789387802,0
2023-08-29,3180.73388671875,3183.928511088422,3151.0631363586585,3156.8230084096517,533163,0.7976206465637015,0
2023-08-30,3189.446533203125,3197.336312799122,3171.7311029189345,3195.835782269961,599080,0.27391937818987966,0
2023-08-31,3152.080078125,3196.5136530847376,3117.1332413485325,3194.6259954397506,1601967,-1.1715654954277732,0
2023-09-01,3155.419677734375,3159.9210331776785,3114.325842928938,3137.559133147277,650131,0.10594907256802344,0
2023-09-04,3132.186279296875,3161.9054814060987,3113.35768160122,3155.4195687124884,696213,-0.736301373837589,0
2023-09-05,3120.327392578125,3145.0612107248694,3117.132768249252,3141.334109617647,597022,-0.3786137113598542,0
2023-09-06,3122.263916015625,3126.8137215310257,3092.931839099575,3106.4845920721555,754106,0.062061546557767855,0
2023-09-07,3142.641357421875,3149.8048605705776,3098.9820391553017,3122.2637789004534,923108,0.6526495502742202,0
2023-09-08,3134.606201171875,3158.8075426729606,3128.749429260367,3146.706871922418,395918,-0.2556816173447052,0
2023-09-11,3155.2744140625,3160.6956097980437,3138.4303727305537,3138.4303727305537,359345,0.6593559625734935,0
2023-09-12,3152.8056640625,3175.0224483402644,3139.3980263054327,3155.854938561736,554905,-0.07824200611513676,0
2023-09-13,3173.037841796875,3179.717317425407,3122.263475274487,3141.3340848542016,880907,0.6417197851739775,0
2023-09-14,3136.736328125,3188.9627834112866,3120.2794135109657,3177.1525743094667,1102554,-1.1440617944637466,0
2023-09-15,3094.528564453125,3136.493784157273,3083.250834117566,3131.653515971845,1568607,-1.3455948876998858,0
2023-09-18,3103.87109375,3126.7170227112197,3088.0917687916817,3097.772307251844,673602,0.30190476844171865,0
2023-09-20,3111.66357421875,3124.8774129806384,3092.931640171357,3103.87069449248,901084,0.2510568330122087,0
2023-09-21,3140.56005859375,3157.0169730255525,3078.9435293900037,3107.452666240375,845739,0.9286506618009005,0
2023-09-22,3170.23046875,3178.7009378628964,3118.2458006641687,3131.6049877904647,896521,0.9447490130004343,0
2023-09-25,3217.08447265625,3228.2655402086107,3166.6487801282137,3167.7621836928456,1422084,1.4779368367096701,0
2023-09-26,3187.607177734375,3218.681558794058,3156.1938833530744,3216.842351354151,834560,-0.9162735754195572,0
2023-09-27,3196.319580078125,3203.2895190707777,3167.1810707564955,3182.960392476494,516326,0.2733210793540275,0
2023-09-28,3069.0693359375,3183.9288201516833,3054.209616168611,3176.9588803402457,2104381,-3.9811489731422567,1
2023-09-29,3060.06640625,3092.9317843585804,3033.8805045946137,3092.9317843585804,1550585,-0.2933439652887393,0
2023-10-03,3065.680908203125,3124.6837330611183,3060.9857532923543,3064.9548679390614,1219145,0.18347647429015623,0
2023-10-04,3068.633544921875,3087.123466428834,3050.6763365968663,3063.8417260380957,892584,0.09631259113920265,0
2023-10-05,3103.822509765625,3128.8467951410976,3072.8932379891953,3107.452711531433,1002610,1.14673076236107,0
2023-10-06,3093.65771484375,3114.228856654101,3088.091405883302,3112.0507357565343,814257,-0.32749278961323736,0
2023-10-09,3052.079833984375,3061.9539347193313,3032.6218595592095,3039.7371489803686,700012,-1.3439715925869677,0
2023-10-10,3050.8212890625,3063.7931143335363,3039.737121271327,3049.36920848703,847367,-0.04123564881434172,0
2023-10-11,3062.8251953125,3083.2512241755635,3051.3539000665496,3067.7623640227193,1025317,0.3934647464614027,0
2023-10-12,3058.1787109375,3086.639396788513,3049.417777189421,3084.2192624018194,992531,-0.15170582970621682,0
2023-10-13,3048.207763671875,3070.6665639076145,3028.314211394702,3049.369380929693,854688,-0.3260420076159787,0
2023-10-16,3012.631591796875,3028.0720011842827,2997.1911824094673,3024.1997863490087,853011,-1.1671176846602127,0
2023-10-17,3014.08349609375,3036.7843069697324,2993.028329158273,3036.7843069697324,792640,0.04819388805550329,0
2023-10-18,2997.530029296875,3015.6810373659855,2991.2861297893514,3010.647205063069,481985,-0.5492039891505374,0
2023-10-19,3002.709228515625,3011.518376010426,2977.8302939159094,2989.059575833664,568124,0.17278222964007828,0
2023-10-20,3006.6298828125,3015.5843801454535,2966.6492150198205,2993.706270503575,711434,0.13057056139975654,0
2023-10-23,2973.861083984375,3009.5821723902673,2966.1166540781655,2997.1428236581655,374476,-1.0898846916758465,0
2023-10-25,2963.0185546875,3008.7106380877717,2954.4996355997037,2994.5769607597535,669290,-0.36459434353767195,0
2023-10-26,2865.7294921875,2957.4041327663795,2846.077954282539,2953.628817771685,1834111,-3.2834442547141185,1
2023-10-27,2860.743896484375,2879.620944290715,2837.3654933530197,2839.108037341854,1708185,-0.17397300466484023,0
2023-10-30,2872.312255859375,2896.3682487345804,2845.206751994645,2878.9917319181172,878885,0.40438290855804304,0
2023-10-31,2899.99853515625,2916.503898654541,2871.2473864108765,2874.151547624374,1152306,0.9639021398316405,0
2023-11-01,2840.802001953125,2912.776651966831,2836.3973103974013,2902.176511334446,1029990,-2.041260796703659,1
2023-11-02,2860.98583984375,2867.3750888659015,2840.2695849873585,2866.4554851096987,900125,0.7104978761894643,0
2023-11-03,2887.7509765625,2892.647992174285,2852.9855749735552,2867.531728482938,715997,0.9355214676704415,0
2023-11-06,2937.644287109375,2942.2505691345473,2893.5694885561225,2907.2912655716914,620959,1.7277566851095605,0
2023-11-07,2941.57177734375,2947.0021993288515,2911.3641228335237,2937.6442685016677,757998,0.13369522823472035,0
2023-11-08,3001.598876953125,3005.1868809212315,2954.0329060373683,2965.47592786452,783400,2.040647114978089,0
2023-11-09,2987.00439453125,3017.2603495786148,2981.0405656831485,3006.205366480828,849702,-0.4862236101543904,0
2023-11-10,2983.36767578125,2991.659030981247,2948.117637679187,2977.1128768597823,364232,-0.1217513692533645,0
2023-11-13,2992.2412109375,3004.2659379372017,2972.2643963129512,3004.2659379372017,405941,0.29743350872522,0
2023-11-15,3021.914794921875,3024.4847573746474,2985.5494118960023,2992.3376167274987,700017,0.9916842223785194,0
2023-11-16,3035.588134765625,3045.867273845066,3003.877569568554,3024.629985831062,675454,0.4524727125571948,0
2023-11-17,3073.0205078125,3130.5748872056256,3050.4739683166335,3054.6924478270644,1430175,1.2331176492019535,0
2023-11-20,3045.33447265625,3075.9296944731177,3037.237018725364,3073.02046361227,406431,-0.9009388347999692,0
2023-11-21,3038.44921875,3061.3835608228896,3032.388321082343,3061.3835608228896,409069,-0.22609187818520837,0
2023-11-22,3038.206787109375,3061.4806341858593,3026.763764946007,3044.994992506683,489889,-0.007978795206742273,0
2023-11-23,3028.4609375,3075.4449708152783,3020.8968895466523,3052.75306370906,792460,-0.32077637541740867,0
2023-11-24,3041.26123046875,3044.800936584253,3016.872274159308,3023.660479212061,756329,0.42266660303422743,0
2023-11-28,3053.092529296875,3064.3899481700873,3041.2614673091102,3046.1101855815314,647883,0.38902606292394726,0
2023-11-29,3053.092529296875,3074.0873847149296,3046.9345623893714,3053.092529296875,620725,0.0,0
2023-11-30,3025.5029296875,3058.522746255366,3014.3025806336414,3053.092324207333,1793116,-0.903660774923476,0
2023-12-01,3077.38427734375,3094.064056839185,3045.23737137303,3051.734606209418,960196,1.714800774019043,0
2023-12-04,3097.894775390625,3107.4951432918356,3070.693417332085,3093.4823942173853,1018189,0.66649128605345,0
2023-12-05,3128.63525390625,3149.3876720086314,3083.7846129165055,3100.270253928952,1005550,0.9923022163252471,0
2023-12-06,3154.1396484375,3189.4867559220547,3135.1325788451045,3166.2129091169077,1229158,0.8151923270508066,0
2023-12-07,3153.412353515625,3200.105414156322,3148.6121699433556,3184.638050755092,1071725,-0.023058424893629414,0
2023-12-08,3134.21142578125,3170.8677825053214,3130.1385498683126,3156.5155293681837,895852,-0.6088936549312529,0
2023-12-11,3135.18115234375,3146.8180758909584,3089.118329969383,3132.271921456948,910426,0.03094004937009842,0
2023-12-12,3127.1806640625,3158.503429592723,3112.8769460084113,3130.3323307523838,1019030,-0.2551842427117479,0
2023-12-13,3145.5087890625,3156.4669392870414,3093.7731091399105,3141.9693195614327,1052079,0.5860910183612456,0
2023-12-14,3143.278564453125,3160.0066418292845,3120.6349563177837,3156.5154701101264,923107,-0.07090187180941454,0
2023-12-15,3213.63330078125,3225.7067983027605,3143.9088289191463,3151.666777910927,1631687,2.2382596669527244,0
2023-12-18,3231.234130859375,3234.8706692706105,3196.274827581937,3212.760468379538,911936,0.5476925470571326,0
2023-12-19,3235.113037109375,3252.422817530438,3200.2991013992273,3235.015968052263,780448,0.12004410986363734,0
2023-12-20,3197.389892578125,3258.2898356573664,3183.3286109210712,3235.113059213811,979762,-1.1660533681059904,0
2023-12-21,3203.014404296875,3219.5485791399037,3172.8555220084145,3180.7588372225555,1585879,0.17590947328025575,0
2023-12-22,3240.20458984375,3249.4171547597057,3187.5474609207313,3209.754496385031,930563,1.1610995410131109,0
2023-12-26,3280.982177734375,3289.2732962982595,3243.9863165079832,3248.592598711836,600190,1.2584880602428683,0
2023-12-27,3301.443603515625,3306.7771933993845,3252.520085478084,3278.751697620791,837182,0.6236372120551836,0
2023-12-28,3294.461669921875,3316.474803793342,3270.993920551142,3301.9771833347513,779250,-0.21148123161380816,0
2023-12-29,3299.45556640625,3319.3838449572722,3281.5153096079625,3306.8257125492332,615676,0.1515845981748365,0
2024-01-01,3293.34619140625,3308.5711179132286,3286.606284276378,3300.037327253673,283951,-0.1851631239469742,0
2024-01-02,3288.739990234375,3296.0613648725757,3243.7922805246862,3293.2492031873944,552394,-0.13986386198616696,0
2024-01-03,3271.527099609375,3296.1584923173427,3263.1872099581815,3288.7400484880545,379131,-0.5233886131500887,0
2024-01-04,3277.68505859375,3298.34064604322,3262.023793079595,3269.975643794998,777127,0.18822888507052937,0
2024-01-05,3254.0234375,3278.1214257825845,3246.701825399603,3277.685088479398,416956,-0.7219003861189122,0
2024-01-08,3198.602294921875,3274.339367136616,3195.1598944379634,3253.489879088804,545884,-1.7031574493115542,0
2024-01-09,3168.63720703125,3214.7000279444815,3163.54605314084,3209.851309953615,670704,-0.9368181826855393,0
2024-01-10,3187.401611328125,3193.3654393268394,3159.618317184531,3192.3956957983464,691087,0.5921916291090845,0
2024-01-11,3188.7109375,3209.0755536066436,3171.740424077797,3187.4019256597185,537469,0.04107816747100923,0
2024-01-12,3178.6259765625,3195.2569864695392,3145.848591849064,3195.2569864695392,673004,-0.3162707794832853,0
2024-01-15,3174.843505859375,3187.7411432060017,3160.0066180491363,3182.8924251624435,728116,-0.11899703617270774,0
2024-01-16,3197.147705078125,3219.548877815052,3174.8436014065146,3175.861879577069,748215,0.702529090885462,0
2024-01-17,3144.19970703125,3204.372344482611,3096.4398349530143,3194.432472628765,2239241,-1.6561010916942065,0
2024-01-18,3068.123046875,3159.375767568918,2956.360109239526,3159.375767568918,1979174,-2.4195874068088874,1
2024-01-19,3070.06298828125,3104.6827887757086,3053.3349105409116,3081.6513773940833,936201,0.06322893106343042,0
2024-01-23,2962.275634765625,3014.9327579467185,2930.1287301342622,2994.131805729143,2365225,-3.5109166791385205,1
2024-01-24,2908.697509765625,2962.566816246501,2886.0541378541334,2962.566816246501,2665932,-1.8086812844557931,0
2024-01-25,2859.9677734375,2924.746693170147,2853.276637309158,2918.976766109648,2001961,-1.6753112403239068,0
2024-01-29,2886.00537109375,2898.0300965445845,2851.0946029094966,2851.0946029094966,1862723,0.9104157710474681,0
2024-01-30,2864.7197265625,2914.0795821882225,2861.7619611665878,2899.5334278678156,1273188,-0.7375469479179442,0
2024-01-31,2868.356201171875,2881.980909345077,2858.8526665437294,2876.2595168081757,1771244,0.12693997865329543,0
2024-02-01,2840.71875,2882.9026001734114,2831.603017335517,2871.4110428384333,3006472,-0.9635292562542808,0
2024-02-02,2847.458251953125,2872.720120721962,2835.5788925530705,2860.7436922579327,1881911,0.237246364256416,0
2024-02-05,2829.08154296875,2875.289730101747,2823.893320086437,2860.743576323829,923435,-0.6453723762857688,0
2024-02-06,2842.270263671875,2857.83469748161,2814.826469480684,2842.318798207872,1471312,0.466183830434419,0
2024-02-07,2890.951171875,2912.091630681534,2847.2158755486116,2867.531957555572,1134012,1.7127473353021339,0
2024-02-08,2840.9609375,2908.9883561526253,2831.457402895202,2908.9883561526253,1633654,-1.7291967730668212,0
2024-02-09,2862.34375,2869.4714605294744,2822.4874280347994,2841.348894677715,1144765,0.7526612639319419,0
2024-02-12,2864.428466796875,2875.2410123813715,2831.6996228818143,2862.3433761692713,614469,0.07283250996232837,0
2024-02-13,2881.690185546875,2891.048116614855,2856.573684175403,2875.2412485342575,717118,0.6026234884232595,0
2024-02-14,2886.3447265625,2890.6117404107663,2847.215714758446,2880.0413932275264,750339,0.1615212155341883,0
2024-02-15,2925.2802734375,2932.9896881534637,2877.6657652169315,2889.8360954529085,1068730,1.348956918301658,0
2024-02-16,2916.8916015625,2943.1717471196857,2909.2307220293437,2943.1717471196857,1179473,-0.2867647230650694,0
2024-02-19,2907.38818359375,2927.364758339173,2897.108807433223,2916.891480822631,560700,-0.3258063468542738,0
2024-02-20,2920.528564453125,2925.813857102718,2882.1753899295873,2907.388726518507,729371,0.45196513260683524,0
2024-02-21,2910.9765625,2935.1716194376536,2893.230206192199,2920.916435003258,927130,-0.3270641509686367,0
2024-02-22,2926.1044921875,2935.608027624536,2843.385545492719,2892.7454042188574,2615821,0.5196857261711374,0
2024-02-23,2895.60546875,2914.079129216085,2876.453035205235,2908.260668392359,1650523,-1.0423080761104209,0
2024-02-26,2781.6611328125,2841.3489019778503,2761.6360210888265,2831.6514654523285,3524491,-3.9350780749384473,1
2024-02-27,2773.030517578125,2783.1642914278555,2763.866487383944,2768.618136594609,1296180,-0.31026839080318114,0
2024-02-28,2709.80322265625,2772.8848567446894,2701.220896780246,2763.914728115999,2472196,-2.280079303890814,1
2024-02-29,2736.519287109375,2752.132253297183,2692.7354595993493,2700.7358440566086,2284424,0.9859042246963101,0
2024-03-01,2746.0712890625,2759.841600078365,2729.8766191792715,2747.1863994399687,978174,0.3490566281816765,0
2024-03-04,2746.0712890625,2774.387753282545,2742.434750761455,2773.466544263706,971299,0.0,0
2024-03-05,2735.064697265625,2749.0776813942125,2720.1307408409607,2748.2533046500116,736381,-0.40081231105375537,0
2024-03-06,2741.756103515625,2753.10205618507,2693.705261207495,2742.3863421485585,1723066,0.24465257647066085,0
2024-03-07,2783.697509765625,2806.4379496015104,2739.5256418881363,2739.5256418881363,1564364,1.5297278337858211,0
2024-03-11,2789.80712890625,2808.911031561163,2766.775717097375,2807.9412879060524,866546,0.2194785575369229,0
2024-03-12,2789.1279296875,2812.159339933572,2778.751720632663,2792.8615372078593,663186,-0.02434574102677667,0
2024-03-13,2773.6123046875,2799.892453240558,2749.223345722394,2791.5042650706614,955841,-0.5562894708002308,0
2024-03-14,2804.740966796875,2810.365527107244,2755.0416065934555,2773.4667352542356,1381741,1.1223148259317473,0
2024-03-15,2780.788330078125,2809.298697447771,2763.7692824093683,2807.4077447632003,1356226,-0.8540053075241638,0
2024-03-18,2760.375,2779.2849991217286,2732.0100013174074,2779.2849991217286,940424,-0.7340842831267014,0
2024-03-19,2729.92529296875,2754.071813817955,2716.251813557779,2754.071813817955,1199135,-1.1031003769868208,0
2024-03-20,2739.4287109375,2751.211238202901,2712.9063644648068,2729.9254126789515,818910,0.3481200746858315,0
2024-03-21,2735.792236328125,2759.308520122843,2721.100714555841,2758.9207173597174,1167680,-0.1327457288760936,0
2024-03-22,2755.526611328125,2768.7635175925043,2723.04019870117,2735.792233135296,1652689,0.721340412402327,0
2024-03-26,2729.48876953125,2758.0962061556497,2724.979556425878,2734.676992569742,1372390,-0.9449316036300281,0
2024-03-27,2744.859375,2756.8358036641666,2732.4466090482824,2732.689044958457,1156231,0.5631312955132417,0
2024-03-28,2760.617919921875,2781.224973859994,2733.707531837979,2749.271965810243,1864623,0.5741111936517607,0
2024-04-01,2784.1337890625,2799.116279866047,2766.0481661861677,2774.387818834666,558086,0.8518335323017379,0
2024-04-02,2787.237060546875,2804.8863470503106,2769.5877740434394,2787.091693705646,562473,0.11146272842801341,0
2024-04-03,2782.533935546875,2797.273991139584,2758.920583827355,2758.920583827355,816676,-0.16873788981111026,0
2024-04-04,2830.0029296875,2854.197986306274,2764.981570867498,2783.1642642313786,1831347,1.7059628108828662,0
2024-04-05,2796.207275390625,2839.1669663618586,2792.8617071546932,2835.530427680668,1155672,-1.1941914950811316,0
2024-04-08,2804.49853515625,2820.935642083115,2786.849248710386,2820.014432999438,570695,0.2965180671188561,0
2024-04-09,2770.702880859375,2828.208724703413,2758.9205906132897,2805.4682842334787,1017670,-1.2050515938312745,0
2024-04-10,2809.104736328125,2811.383728459654,2771.5271723227,2796.0617324305517,740495,1.3859968794935895,0
2024-04-12,2768.13330078125,2805.46843200566,2758.9207359336683,2802.5592010011605,1766311,-1.4585228886990542,0
2024-04-15,2758.338623046875,2767.16338457849,2727.258529823065,2744.5683111682647,884519,-0.35383692438549774,0
2024-04-16,2744.374267578125,2755.477783960146,2734.676832003644,2742.0952755166027,911249,-0.5062596503588424,0
2024-04-18,2722.7490234375,2772.6908181967674,2715.379114224338,2768.6179424797824,1732434,-0.7879845105714711,0
2024-04-19,2723.573486328125,2736.713559705892,2682.456214862923,2705.5846948592125,1337807,0.030280532047877173,0
2024-04-22,2755.865966796875,2760.4722489343744,2728.907047146642,2760.4722489343744,676040,1.185665840516248,0
2024-04-23,2787.915771484375,2790.8735368051066,2757.9507890475124,2765.7087378212045,929062,1.162966743435323,0
2024-04-24,2780.982421875,2795.868081976507,2773.466908399442,2795.7224783730708,718441,-0.24869293686313743,0
2024-04-25,2774.872802734375,2783.0670888799937,2743.45320450303,2778.315439897226,1594152,-0.21969283561691366,0
2024-04-26,2758.09619140625,2791.1160086502914,2751.2111538332124,2783.1641584056088,625507,-0.6045902828984873,0
2024-04-29,2781.418701171875,2786.9947271826154,2753.1022338246194,2758.096318941406,566219,0.8456017537856075,0
2024-04-30,2788.885498046875,2823.8933363758592,2768.6179517009195,2768.6179517009195,1290649,0.2684528176881029,0
2024-05-02,2885.375,2897.5938640075788,2788.109906752457,2788.109906752457,2493406,3.4597871451050644,0
2024-05-03,2841.106201171875,2906.321455725611,2821.2264581480595,2892.793580384555,1594445,-1.5342476741541433,0
2024-05-06,2843.43359375,2869.4713040356246,2823.117512739982,2860.7436116610656,768806,0.08191853501164914,0
2024-05-07,2824.863037109375,2878.15039926399,2816.135344924691,2857.8343186959587,629534,-0.6531032298923378,0
2024-05-08,2757.27197265625,2817.105104284615,2735.646643437831,2812.2563863770683,1652877,-2.392720056342612,1
2024-05-09,2628.102294921875,2767.5997734377193,2621.992862728712,2742.4349736995487,3547959,-4.684691209838753,1
2024-05-10,2687.402099609375,2708.106221311954,2589.312623764945,2617.3381206479758,2478584,2.2563735362235215,0
2024-05-13,2792.13427734375,2807.4077391369824,2670.770959764447,2687.4019679044427,2748823,3.897153230236672,0
2024-05-14,2779.4306640625,2800.6196574884475,2756.011449647565,2791.891964650014,999330,-0.4549785941289075,0
2024-05-15,2728.5673828125,2787.2854021916864,2721.2457716497734,2779.4303847250108,1230520,-1.8299892099361337,0
2024-05-16,2728.906982421875,2751.744491196891,2702.2390338372884,2735.695187516133,1534319,0.01244607743662307,0
2024-05-17,2724.88232421875,2752.326114213534,2701.802616981231,2729.44030833652,1325150,-0.14748242534646794,0
2024-05-21,2765.51513671875,2780.20665910254,2716.252109306305,2729.828521134327,921822,1.491176779960579,0
2024-05-22,2798.437744140625,2807.407872922848,2750.7749383398536,2765.5149945014996,933846,1.1904692541635287,0
2024-05-23,2815.892822265625,2832.863334324049,2790.2431528195093,2797.7101307744565,1181894,0.6237436641764571,0
2024-05-24,2787.7705078125,2822.147872237353,2780.254994659862,2822.147872237353,755822,-0.99869974562804,0
2024-05-27,2785.394775390625,2810.6081106721194,2769.1515690073547,2800.522634507227,817091,-0.08521979894747789,0
2024-05-28,2823.117431640625,2832.6209659706774,2777.345582519692,2788.8371385176015,1084544,1.354301967652316,0
2024-05-29,2812.401611328125,2833.299631806114,2793.928186435393,2808.3772703694094,1758297,-0.379574019571427,0
2024-05-30,2796.44970703125,2822.778389095149,2788.012984654538,2788.255420566247,1344426,-0.5671986615503943,0
2024-05-31,2794.025146484375,2818.0748345428656,2769.199852967387,2796.4495054266863,2520363,-0.08670138214103007,0
2024-06-03,2779.721435546875,2860.743558948534,2773.515171340847,2860.743558948534,952701,-0.5119392341725315,0
2024-06-04,2771.187744140625,2809.347250057113,2691.765836847094,2792.8616086173574,2683847,-0.30699807891257924,0
2024-06-05,2872.13818359375,2935.7049256130604,2777.8306159886206,2777.8306159886206,2410576,3.6428581811742466,0
2024-06-06,2816.911376953125,2872.138229981339,2795.0436104882974,2870.441178608851,1689408,-1.9228464339247964,0
2024-06-07,2839.1181640625,2854.0523568903927,2801.4437689308443,2816.9111313119706,1600180,0.7883381525972899,0
2024-06-10,2848.67041015625,2862.586089011269,2826.8026442368628,2839.4093112609035,876867,0.33645116341622927,0
2024-06-11,2841.865234375,2859.3917395137455,2834.5707908568284,2854.15331790938,855430,-0.238889544995724,0
2024-06-12,2845.1455078125,2857.090801944555,2805.833439883359,2848.2786644471253,1701770,0.11542677667546464,0
2024-06-13,2849.2578125,2867.861214024914,2844.3621805197595,2867.861214024914,726380,0.14453758783894433,0
2024-06-14,2860.615966796875,2870.1624498007072,2844.4603801750054,2849.258004220651,982815,0.3986355410537268,0
2024-06-18,2857.580322265625,2866.8820228178,2844.362116217797,2860.615709642566,741098,-0.10611856210287485,0
2024-06-19,2831.33984375,2859.049169468482,2822.478701768596,2857.0909166126817,1018294,-0.9182761482211088,0
2024-06-20,2854.642822265625,2863.4549592576986,2812.442381719111,2824.77946912582,1129752,0.8230371414814419,0
2024-06-21,2830.5078125,2866.8822647425595,2819.982203092219,2863.9448853729464,1722379,-0.8454651341098351,0
2024-06-24,2835.598876953125,2839.4173740507977,2811.4632693119147,2822.8212304424273,892125,0.17986399580462997,0
2024-06-25,2798.783935546875,2834.5220507465415,2796.3851235684087,2815.9676524449383,1217792,-1.2983127375832515,0
2024-06-26,2803.58154296875,2813.8623696917093,2784.684356516693,2800.49715152515,960622,0.17141757035765703,0
2024-06-27,2820.716552734375,2842.404108165772,2785.614773589949,2801.0360153066595,1628022,0.6111828567497479,0
2024-06-28,2856.16064453125,2870.798536051804,2802.4554671595374,2805.1970688227893,1206712,1.2565633992013714,0
2024-07-01,2866.6865234375,2877.652692080206,2827.717242166599,2828.9901543850715,1104110,0.36853245374710575,0
2024-07-02,2864.5322265625,2874.7150452739984,2851.2160122063633,2866.6862567847948,1064295,-0.07514937044517112,0
2024-07-03,2864.4833984375,2887.3948614683854,2855.1326931458952,2868.5466775372956,925189,-0.001704575865724145,0
2024-07-04,2873.63818359375,2906.4879244986932,2861.986674208804,2878.631824212755,968666,0.31959637682814623,0
2024-07-05,2874.6171875,2885.387578219812,2852.2932961527476,2875.8410955363424,817429,0.03406844716358215,0
2024-07-08,2837.65478515625,2874.6168029086853,2830.360342044472,2874.6168029086853,828260,-1.2858199869004272,0
2024-07-09,2844.362060546875,2852.390848846916,2829.675165225635,2848.229561839231,685431,0.23636685567640647,0
2024-07-10,2933.9033203125,2951.5766000440462,2833.934656021691,2839.5156288199328,2299950,3.148026090195044,0
2024-07-11,2958.968994140625,2966.7530012359516,2910.942796262206,2936.4000827414584,1968980,0.8543455966863789,0
2024-07-12,2936.546875,2988.2938013522385,2908.886553935714,2961.8573882996466,1879930,-0.7577679652955305,0
2024-07-15,2894.787109375,2936.399980049256,2871.3370806510006,2936.399980049256,2425341,-1.422070459031921,0
2024-07-16,2912.362548828125,2952.99629549068,2880.1003809133895,2897.235093361455,2085611,0.607141001706335,0
2024-07-18,2870.358154296875,2896.1579924860052,2782.6773340515433,2814.988506473676,5384611,-1.4422790372768612,0
2024-07-19,2884.555419921875,2917.796713869977,2856.3565313883187,2863.944761097209,2164746,0.49461652037210424,0
2024-07-22,2873.050537109375,2911.2854694246976,2856.258376543479,2875.6941304827324,1616347,-0.3988442285782656,0
2024-07-23,2836.626953125,2885.7790465079315,2825.7585553711524,2873.05040436662,1906312,-1.2677669088627108,0
2024-07-24,2851.999267578125,2865.902813878231,2825.9544111645673,2840.4455288899035,1476148,0.541922315029475,0
2024-07-25,2840.837158203125,2847.98482852285,2825.02436292371,2831.682470057762,1239922,-0.3913784095912032,0
2024-07-26,2888.569580078125,2902.5711350519036,2840.151828635072,2841.620518197821,1359780,1.6802237937915354,0
2024-07-29,2893.024658203125,2903.2077159502537,2874.7150427628258,2891.4091952989465,854408,0.15423128996876478,0
2024-07-30,2942.323974609375,2969.4947334881667,2908.005544865272,2911.432487426561,2144591,1.7040752233639767,0
2024-07-31,3020.06640625,3033.333616908847,2942.3238649463924,2942.3238649463924,3549501,2.642211813229922,0
2024-08-01,3034.655517578125,3063.63751572626,2998.8683996827003,3023.5423372686028,1675122,0.48307253436326025,0
2024-08-02,3041.85205078125,3063.7356222427234,2996.126894030928,3005.918158390506,1348780,0.2371449794363656,0
2024-08-05,3028.829345703125,3079.3523608179776,2991.524775315157,3005.868880678585,2019141,-0.42811763559573723,0
2024-08-06,3037.00537109375,3069.5613245357963,3021.6331341194955,3036.9563669638774,885743,0.26994011406500373,0
2024-08-07,3036.711669921875,3053.4058236448914,2996.175930651477,3037.005455664756,1907105,-0.00967074917517241,0
2024-08-08,2942.666259765625,3025.2066595272886,2927.9793644003653,3015.709181666658,1280109,-3.096948949343925,1
2024-08-09,2977.1318359375,2989.0281261135715,2904.0889106716413,2975.565138075225,1665414,1.1712363254751113,0
2024-08-12,2989.468505859375,3019.625645065168,2941.00175182866,2956.9615590456574,1736881,0.4143810419463767,0
2024-08-13,2960.437744140625,2995.931076975215,2950.1079125688234,2991.1332140756795,502260,-0.971101105826988,0
2024-08-14,2962.689453125,2971.452585827257,2931.553188527847,2971.452585827257,454671,0.07606000122217793,0
2024-08-16,2984.52392578125,2990.25191061881,2940.3164661389283,2990.25191061881,514229,0.7369814825924248,0
2024-08-19,3012.086669921875,3023.395627942857,2974.928869891109,2990.203098698877,542858,0.9235223045970464,0
2024-08-20,3038.425048828125,3041.50944046779,3013.751110933483,3031.375386436018,668282,0.8744230094459127,0
2024-08-21,3085.765625,3104.418029346318,3019.674597898923,3036.270741339846,1186536,1.5580629902367749,0
2024-08-22,3120.084228515625,3131.882510198292,3090.1718696981125,3100.893255785909,1540888,1.112158461990287,0
2024-08-23,3088.80126953125,3131.8340697721064,3083.024518888985,3123.4134863853474,779284,-1.0026318744368545,0
2024-08-26,3105.15283203125,3111.1253600826362,3075.925811229537,3089.144018599137,472874,0.5293821477379002,0
2024-08-27,3100.110107421875,3136.7783450382058,3084.2483067958333,3088.1648125822408,1003501,-0.1623985962093899,0
2024-08-28,3060.259521484375,3099.4245769505,3053.6994225027042,3087.136492989098,538366,-1.285457114639088,0
2024-08-29,3050.811279296875,3078.3245894258002,3028.1443582967177,3060.25975402824,849866,-0.3087399000368807,0
2024-08-30,3061.532470703125,3100.648522515117,3045.768440069131,3064.714631498317,1567031,0.3514209967363513,0
2024-09-02,3085.17822265625,3117.5383973598614,3074.065281657704,3082.289847640968,702358,0.772350193225102,0
2024-09-03,3088.996826171875,3108.2855672410215,3081.800151962512,3098.885858768937,577471,0.12377254213655764,0
2024-09-04,3164.193603515625,3184.1189205458286,3089.633226870345,3089.633226870345,2379110,2.4343429784918102,0
2024-09-05,3170.656005859375,3189.0146255180994,3149.8495702461546,3172.369477027523,1482119,0.2042353646303452,0
2024-09-06,3205.365966796875,3217.311260765833,3158.0253499809933,3170.411203009902,2131256,1.0947249046681762,0
2024-09-09,3212.26904296875,3244.8249968447576,3189.993916632535,3205.366153811696,1272289,0.21536000080430995,0
2024-09-10,3226.2705078125,3240.9083997547514,3202.6244617108327,3221.3258716595565,928920,0.43587460005560796,0
2024-09-11,3297.1591796875,3312.3356390339472,3245.8040473208475,3245.8040473208475,2561892,2.197232739887789,0
2024-09-12,3312.629638671875,3322.1761217804396,3270.5762044794674,3299.656212908954,1643536,0.46920570531390204,0
2024-09-13,3287.955322265625,3299.362048746183,3251.580634550987,3285.5075063646877,1029400,-0.7448558727543908,0
2024-09-16,3266.169921875,3324.0361492011148,3261.0785123587843,3289.8647331560865,1019280,-0.6625820078240419,0
2024-09-17,3243.650146484375,3279.9755942979473,3232.879755550594,3266.170054800463,586834,-0.6894857257670473,0
2024-09-18,3206.29638671875,3255.4487265544813,3183.678708777706,3243.650204828617,410510,-1.1515964447063043,0
2024-09-19,3225.095458984375,3250.6995177002595,3206.6388314663704,3225.2422323206792,963456,0.5863173580425984,0
2024-09-20,3237.922119140625,3255.3996216379064,3197.8759435332227,3235.0337439638506,1504277,0.3977141241050086,0
2024-09-23,3209.037841796875,3255.4973426803335,3204.876554506199,3247.713335439624,522775,-0.8920621398829764,0
2024-09-24,3180.59423828125,3228.914223807304,3173.4468064909433,3209.0379092276316,1057933,-0.8863592427971523,0
2024-09-25,3177.020263671875,3184.118929797654,3139.813461909172,3184.118929797654,740636,-0.11236814071908796,0
2024-09-26,3208.646240234375,3217.2626004258645,3159.738924008051,3182.1608231130963,951080,0.9954603350860625,0
2024-09-27,3241.64306640625,3268.2752594509975,3208.64655109868,3222.2563138582786,1315996,1.0283722075096868,0
2024-09-30,3259.610107421875,3287.9067674861108,3236.159836650409,3241.643040635688,1088162,0.5542572284352065,0
2024-10-01,3208.93994140625,3259.4627192551634,3176.3349850997006,3247.7622068074065,968660,-1.5544854858638768,0
2024-10-03,3083.5625,3158.563431046302,3061.2383725829454,3125.6649308399383,1741363,-3.9071295722445387,1
2024-10-04,3008.36572265625,3090.8571179805103,2990.7904524109053,3069.561119781072,1551818,-2.438633150576641,1
2024-10-07,2998.32958984375,3033.8719232633402,2974.58577645369,3010.813450492132,909812,-0.33360747122322953,0
2024-10-08,3023.59130859375,3034.3126947984106,2982.0762060642724,2994.168512647157,817718,0.8425264132258636,0
2024-10-09,3014.583251953125,3081.0168312337073,3007.631359264989,3030.934614154712,1225598,-0.29792573536714384,0
2024-10-10,2995.24560546875,3030.3961469022447,2979.481575128766,3025.549519128867,1161933,-0.6414699767155585,0
2024-10-11,2973.802490234375,3000.043124115832,2962.8363229681813,2995.3432698461725,976017,-0.7159050728669403,0
2024-10-14,2975.711669921875,2991.230917764415,2954.2198949337467,2973.6066439445267,716011,0.06419994918187566,0
2024-10-15,3003.07861328125,3032.15861893477,2984.034413970068,3010.813616059169,1242322,0.9196772535456477,0
2024-10-16,3017.765625,3038.7678388325867,3002.0996023303546,3023.5423752416177,764001,0.4890651764424714,0
2024-10-17,2992.0634765625,3020.6049152328696,2973.606848480462,3018.54865419464,674481,-0.8516946519827928,0
2024-10-18,2929.69287109375,3004.938828213083,2918.384152760825,2993.1893117782324,899318,-2.084534835484364,1
2024-10-21,2985.55224609375,2993.1894800145687,2937.917841154578,2944.282162914504,806970,1.9066631711175175,0
2024-10-22,2944.086181640625,2994.1193950477304,2932.7282202836327,2990.2518937471714,541838,-1.3888909332395172,0
2024-10-23,2927.29443359375,2963.326336410059,2910.012946578948,2937.3304801651043,624689,-0.5703551802113904,0
2024-10-24,2909.963623046875,2939.6312003908815,2889.4019689136367,2927.2941122931275,571259,-0.5920419329188742,0
2024-10-25,2896.255859375,2952.6046308847276,2890.381101039554,2913.3905711867183,1047769,-0.4710630594592202,0
2024-10-28,2939.190673828125,2958.6261894041795,2901.2005217719843,2925.531669338662,504961,1.4824247766007215,0
2024-10-29,2930.378662109375,2964.794860863872,2879.70886883008,2956.961849342435,613459,-0.29981082197954034,0
2024-10-30,2934.09912109375,2943.254048832852,2901.6901796846887,2943.254048832852,812725,0.12696171428223657,0
2024-10-31,2874.37255859375,2933.952500585891,2858.0701983014237,2931.700461870474,1031171,-2.0356013902398606,1
2024-11-01,2878.484619140625,2903.8438953136397,2868.8401292317167,2896.255666302873,112249,0.1430594142913355,0
2024-11-04,2854.447265625,2900.3191944222995,2825.269250851829,2900.3191944222995,1146008,-0.8350697223041381,0
2024-11-05,2827.03173828125,2857.8742202713024,2812.73639704265,2834.570963847689,935417,-0.9604495999594898,0
2024-11-06,2836.82275390625,2847.1525844609255,2800.301294114663,2830.164647076376,1817087,0.3463355395844525,0
2024-11-07,2783.509521484375,2844.3131261788453,2766.032020005644,2839.4664984128735,1112489,-1.8793289904511568,0
2024-11-08,2711.641845703125,2787.573153813489,2704.738956048627,2783.5098744441934,2060410,-2.5819087460108525,1
2024-11-11,2490.0166015625,2544.5048935644454,2453.6909141981723,2511.5083795982237,8854840,-8.173101639208468,1
2024-11-12,2423.19091796875,2482.0852716971294,2418.4420596023315,2482.0852716971294,3445898,-2.683744500009222,1
2024-11-13,2418.931640625,2445.857615171524,2399.9366851081686,2418.442077451427,1803766,-0.1757714306440339,0
2024-11-14,2431.3173828125,2449.52922765963,2414.72123979145,2430.974832033276,1206967,0.5120335762899053,0
2024-11-18,2431.856201171875,2467.398537436715,2419.2255661813806,2467.398537436715,945471,0.02216158051531192,0
2024-11-19,2436.0244140625,2455.150104366518,2424.8924251734834,2440.241921866545,941508,0.17140046720758306,0
2024-11-21,2381.54052734375,2418.614988081474,2378.45108872154,2407.5809366389517,1377572,-2.236590339744937,1
2024-11-22,2424.745361328125,2446.077863815995,2376.44072925789,2383.355450368951,3805843,1.8141548921094097,0
2024-11-25,2412.4853515625,2459.8091798845007,2403.0206816798122,2456.915853815773,1857124,-0.505620506019222,0
2024-11-26,2456.915771484375,2469.666232573915,2410.425724524224,2412.6813837689556,1152258,1.841686619696925,0
2024-11-27,2444.06689453125,2469.322613059505,2432.395415536785,2469.175588150749,864653,-0.5229677428201907,0
2024-11-28,2410.866943359375,2457.896478934162,2406.2081212225285,2452.01165097183,1506133,-1.358389626984513,0
2024-11-29,2432.00341796875,2443.674898059773,2407.9246148110415,2410.867028896604,1030854,0.8767167623080274,0
2024-12-02,2431.4638671875,2438.280411759127,2414.103672404123,2432.0033576473265,914624,-0.022185445022959716,0
2024-12-03,2421.998779296875,2446.1266681971183,2416.212127948517,2446.1266681971183,1341985,-0.3892752846692882,0
2024-12-04,2412.239990234375,2431.5129456124614,2406.1099610659503,2431.3165931156605,1005012,-0.4029229554497582,0
2024-12-05,2405.129150390625,2419.5469310678895,2377.3723304944847,2417.6834979870496,3190834,-0.2947816084857724,0
2024-12-06,2383.061279296875,2420.6261495243543,2380.413154333715,2420.6261495243543,1735948,-0.9175337253787719,0
2024-12-09,2345.937744140625,2392.182588518261,2341.180745712624,2391.348808767617,2301281,-1.5578086673122993,0
2024-12-10,2343.044189453125,2358.4918630654356,2339.2682351315643,2353.833040864897,1657888,-0.12334320016492706,0
2024-12-11,2370.899169921875,2381.3937319700995,2346.7221912027503,2353.686000121601,1337700,1.1888371800299335,0
2024-12-12,2343.681884765625,2368.643316127544,2335.0016675148786,2366.6817067560096,1089028,-1.1479731192932552,0
2024-12-13,2361.434326171875,2365.7009223732866,2308.814250110579,2343.681904879696,1150861,0.7574595136671247,0
2024-12-16,2356.137939453125,2373.4981336387937,2340.3468890142485,2373.4981336387937,987775,-0.2242868522766006,0
2024-12-17,2310.77587890625,2353.833109560867,2305.381453042929,2342.161629383754,1258218,-1.925271852182131,0
2024-12-18,2300.428466796875,2327.1553963947094,2296.063933524049,2311.560696557871,855682,-0.4477895153671363,0
2024-12-19,2247.857177734375,2280.3707553024697,2221.8658551470567,2280.3707553024697,2784409,-2.285282495034524,1
2024-12-20,2238.53955078125,2273.505140179618,2232.3113455775715,2252.9082428785946,1719502,-0.41451151992299984,0
2024-12-23,2235.449951171875,2258.3518359488926,2222.5524655707823,2255.8507361549114,855647,-0.13801854018155035,0
2024-12-24,2240.157958984375,2250.9468108008496,2233.439350935133,2238.2945258159666,601558,0.21060671969113098,0
2024-12-26,2218.972412109375,2243.541617232668,2213.1857602794494,2240.1578889777365,1267334,-0.9457166531508743,0
2024-12-27,2227.799560546875,2246.8273142100848,2216.6675715702577,2226.6717309940805,821790,0.3978034332165814,0
2024-12-30,2244.326416015625,2254.6739537738313,2213.480155249782,2236.47997820152,1076940,0.7418466078112029,0
2024-12-31,2237.55859375,2253.5455166218694,2229.368779837357,2236.2344118034202,685486,-0.3015524933151159,0
2025-01-01,2260.411376953125,2278.605351392144,2236.2346377260815,2236.2346377260815,1067328,1.0213266936096366,0
2025-01-02,2298.2705078125,2302.880241800115,2249.9658785540914,2269.581971653953,1342922,1.6748779114006407,0
2025-01-03,2291.11083984375,2303.8613017716807,2277.575686214012,2299.006366082288,1355319,-0.31152416325285204,0
2025-01-06,2223.63134765625,2295.0830680126287,2213.381986119443,2291.110760965597,1190987,-2.945274013548027,1
2025-01-07,2248.5927734375,2271.543505823445,2228.3881024312896,2228.3881024312896,740798,1.1225523424806871,0
2025-01-08,2289.54150390625,2293.121345211807,2229.0747516227793,2243.1493945831817,1439632,1.8210825433789157,0
2025-01-09,2305.087158203125,2316.072122953004,2276.7419981529406,2296.9464313017265,1362304,0.6789854768018966,0
2025-01-10,2276.202392578125,2303.8119477071496,2271.5435704883926,2290.767437419308,1214334,-1.2530877855185474,0
2025-01-13,2209.409423828125,2257.71405119624,2203.279394974303,2247.7589801193344,1181928,-2.934403766896465,1
2025-01-14,2196.953369140625,2242.462849427957,2194.0600432596334,2225.445792649132,1316807,-0.5637730405765207,0
2025-01-15,2186.900146484375,2210.488546922533,2177.386388981929,2205.829724693855,1308999,-0.4575983631451619,0
2025-01-16,2173.07080078125,2196.855312695061,2165.42047689338,2196.021532990608,1936087,-0.6323720689925816,0
2025-01-17,2217.599365234375,2225.4948907413877,2170.030338602855,2182.9278242686637,878848,2.0491078540614716,0
2025-01-20,2236.77392578125,2243.001891172134,2207.791102642474,2228.6331999019817,555716,0.8646539518128105,0
2025-01-21,2216.9619140625,2270.562793071887,2211.7145133378426,2236.774120348776,1410294,-0.885740462654494,0
2025-01-22,2218.67822265625,2226.426483358484,2201.808191659471,2226.426483358484,835523,0.07741714383378007,0
2025-01-23,2232.65478515625,2257.6162158801017,2203.0833809637184,2218.678318741337,1142465,0.629949956567688,0
2025-01-24,2218.972412109375,2252.467035601808,2211.7636413843934,2239.177084297799,543202,-0.6128297638238522,0
2025-01-27,2208.28173828125,2234.027861145955,2203.0834255834275,2212.0088439582323,1097939,-0.4817848915013023,0
2025-01-28,2198.76806640625,2223.5333855549316,2191.215917962656,2216.6186643968203,897501,-0.43081784855969474,0
2025-01-29,2180.47607421875,2203.672251186656,2169.5892847167747,2198.768227234155,1281088,-0.8319200404523386,0
2025-01-30,2206.66357421875,2215.883042717907,2172.4824342680818,2180.475896878825,1155718,1.2009991904810446,0
2025-01-31,2256.635498046875,2260.7548298894417,2191.951476076034,2211.714594967762,1292909,2.2645918667423937,0
2025-02-01,2306.018798828125,2343.142351284642,2241.4329551285223,2267.6203918669285,1318619,2.1883596541839134,0
2025-02-03,2248.249267578125,2319.0633093891597,2233.9785132445845,2306.0185607637545,1070382,-2.505163066292315,1
2025-02-04,2309.157470703125,2372.174168024552,2220.296475663504,2260.41128914945,5373733,2.7091392401791703,0
2025-02-05,2231.526611328125,2251.4860810176606,2194.3051240935533,2225.4456706082346,3474642,-3.3618694419901063,1
2025-02-06,2219.953369140625,2254.771937667948,2216.8639299685055,2243.296570015997,1285954,-0.5186244308604482,0
2025-02-07,2227.407470703125,2232.6057834969856,2200.141052188956,2222.503447209723,1336756,0.3357773936209174,0
2025-02-10,2226.57373046875,2234.273143271832,2210.7338300854735,2227.456598385804,1181565,-0.037430970549445775,0
2025-02-11,2197.83642578125,2239.0790740672005,2183.2713794225256,2235.2540313135382,1607942,-1.2906513848723988,0
2025-02-12,2185.47802734375,2204.7998316412377,2143.744740335438,2198.8170667681698,1181706,-0.5622983718229668,0
2025-02-13,2193.4716796875,2206.7616321381893,2177.3865773303783,2185.4782166380246,921923,0.36576219224064843,0
2025-02-14,2188.4697265625,2207.3502183450614,2160.712903739357,2193.4716872063455,1380052,-0.22803819038651474,0
2025-02-17,2207.644287109375,2216.6185540575925,2183.320283404085,2188.469507921254,923900,0.8761629331283105,0
2025-02-18,2194.648681640625,2208.723085343409,2176.1604173554124,2204.8489546884357,735853,-0.5886639231072022,0
2025-02-19,2196.119873046875,2206.614435319362,2183.3694121007593,2194.6486660146306,645234,0.06703539471064612,0
2025-02-20,2205.87890625,2213.774432147032,2188.2244212672454,2196.119947164277,637442,0.4443761619253195,0
2025-02-21,2214.264892578125,2222.307443612556,2194.0602190084924,2205.8789641005346,755585,0.38016530754996225,0
2025-02-24,2203.08349609375,2215.6378442975797,2197.9833594824595,2202.7892067893094,765042,-0.5049710412631025,0
2025-02-25,2182.045166015625,2213.774292529145,2175.130445275953,2203.083378069052,947702,-0.9549492842839458,0
2025-02-27,2171.158203125,2185.6250722817654,2155.8087055302076,2171.501580547716,1027196,-0.49893389285357026,0
2025-02-28,2137.908935546875,2168.902458264366,2134.0348050707535,2167.578276205342,1701193,-1.5314069481564552,0
2025-03-03,2124.815185546875,2151.2480635171437,2088.1331859068287,2137.909023945707,959068,-0.6124559274855446,0
2025-03-04,2091.173828125,2118.3911589596355,2083.9648176897913,2112.7024437231626,2180989,-1.5832604007494644,0
2025-03-05,2122.608154296875,2140.9003035438814,2083.9645492939253,2091.075382560136,1535212,1.5031904927798267,0
2025-03-06,2224.170654296875,2231.3305761243014,2141.1947246770724,2147.8151560567817,1985096,4.7847974104124225,0
2025-03-07,2226.426513671875,2234.223862602033,2204.8488117772577,2224.1706151284047,921429,0.10142474322472061,0
2025-03-10,2234.861572265625,2248.9850634502022,2218.4330943708187,2226.4265564901693,1072395,0.3788608580589825,0
2025-03-11,2243.492431640625,2246.92524787127,2214.558694839471,2230.3497452821425,601228,0.38619212402719594,0
2025-03-12,2208.085693359375,2251.8785279157673,2203.8681852119953,2243.4925997474033,749216,-1.5781973579183317,0
2025-03-13,2188.4697265625,2213.8724742700488,2179.8385967138997,2211.959952863452,747470,-0.8883698153503872,0
2025-03-17,2176.945068359375,2196.2668726021657,2153.8961584537587,2162.6743124205764,838015,-0.5266080706186949,0
2025-03-18,2176.945068359375,2176.945068359375,2176.945068359375,2176.945068359375,0,0.0,0
2025-03-19,2236.921142578125,2244.031976370776,2224.3179463561214,2230.3497992399066,663292,2.75505684964068,0
2025-03-20,2243.29638671875,2262.7163670183427,2225.2005885014587,2246.0426876775055,1166849,0.2850008442084606,0
2025-03-21,2256.242919921875,2270.072361261491,2234.1259666391193,2247.6608792387738,1624115,0.5771209404060063,0
2025-03-24,2277.9189453125,2285.520181836148,2257.910624954544,2258.204674804942,1100353,0.9607132813241437,0
2025-03-25,2286.010498046875,2299.4965623386884,2263.697191673147,2280.3708711612076,1828005,0.3552168856150839,0
2025-03-26,2278.556396484375,2296.0147684448502,2259.7740818204,2295.0830518488438,1934287,-0.32607468639661574,0
2025-03-27,2293.219482421875,2304.9891383988142,2246.53308459831,2270.562798884561,1497861,0.6435252583663953,0
2025-03-28,2295.72021484375,2318.6220982712343,2280.3707184774194,2298.956917947923,1281871,0.10904897856676143,0
2025-04-01,2271.543701171875,2316.3664283861817,2261.4904529261876,2297.044623551179,970583,-1.0531123747377191,0
2025-04-02,2262.373046875,2283.705548924632,2248.151378841912,2283.3133228295655,792693,-0.40371903442332213,0
2025-04-03,2304.302490234375,2309.6969161401757,2245.846673182262,2250.946809784164,608846,1.8533390599438038,0
2025-04-04,2310.8251953125,2318.573457445355,2258.597339749077,2304.3026997244897,1163188,0.2830663554706181,0
2025-04-07,2296.4072265625,2308.8143104866754,2147.9623364340778,2147.9623364340778,1745817,-0.6239316058716526,0
2025-04-08,2348.242431640625,2373.5472393560162,2310.7757421168485,2310.7757421168485,1876867,2.257230532918908,0
2025-04-09,2364.866943359375,2382.8157156416073,2345.0056499754683,2353.931067722282,1186937,0.7079555115242053,0
2025-04-11,2347.654296875,2401.0099783908627,2334.560457951328,2392.673138188117,968152,-0.7278484116287731,0
2025-04-15,2369.329833984375,2378.451365462363,2339.2191779908185,2368.5451423440904,1141122,0.923284877940822,0
2025-04-16,2412.681396484375,2421.1164127236184,2357.560219989948,2358.9334902486225,1166695,1.8296972366695696,0
2025-04-17,2420.52783203125,2428.864672011156,2384.336234253132,2412.6813944031032,885840,0.32521639858078544,0
2025-04-21,2398.067626953125,2423.470374336272,2394.1444079315247,2418.5663505592715,541913,-0.9279052602042093,0
2025-04-22,2385.317138671875,2402.9716240732296,2367.1722508982607,2398.067600350631,543647,-0.5316984449454498,0
2025-04-23,2406.011962890625,2409.4447791373664,2379.0398352376574,2390.2209123739117,744684,0.867592148785401,0
2025-04-24,2417.094970703125,2443.1844711141525,2389.1420371717104,2402.9714790163284,1203452,0.4606381008673166,0
2025-04-25,2384.9248046875,2421.3125153908227,2367.3682568820964,2416.9970704918337,702217,-1.3309434012957588,0
2025-04-28,2405.129150390625,2412.5833616225136,2358.835218117182,2373.4491118364936,554920,0.8471690874032545,0
2025-04-29,2404.050537109375,2424.549259908607,2394.7328922998554,2412.7796033071086,1235066,-0.04484637679746939,0
2025-04-30,2379.137939453125,2414.937311402688,2355.402513339064,2402.9715418199903,1479669,-1.0362759547561273,0
2025-05-02,2363.7392578125,2397.969245058867,2351.969601757002,2378.451327881872,744673,-0.6472378665090983,0
2025-05-05,2390.122802734375,2427.4915564148305,2376.5878898620194,2376.5878898620194,1229588,1.1161783108976087,0
2025-05-06,2371.585693359375,2402.8732665678112,2345.202143503626,2395.125005452272,702802,-0.7755714205894715,0
2025-05-07,2289.29638671875,2359.521860813671,2273.9957373452403,2342.1616652061393,1711738,-3.4698011069573154,1
2025-05-08,2258.401123046875,2304.008544122107,2249.4757040009754,2277.4286394986984,2292261,-1.3495528080641916,0
2025-05-09,2255.45849609375,2287.040358313372,2201.9064657768918,2203.4758490175027,1503010,-0.13029691329390358,0
2025-05-12,2311.16796875,2332.8438471773284,2276.4475801129197,2285.2748219143054,940135,2.4699843846709646,0
2025-05-13,2279.978759765625,2312.73754180249,2270.661114877108,2308.8143229020616,1220489,-1.34949988084353,0
2025-05-14,2238.490478515625,2274.4859609248783,2233.3903422767617,2274.4859609248783,1549845,-1.8196784102613717,0
2025-05-15,2285.1767578125,2290.6693598735023,2224.4650431141526,2241.1387228905814,1675015,2.085614379196876,0
2025-05-16,2308.421875,2309.7949057015176,2270.562720466672,2289.0998322084342,785113,1.0172130933867596,0
2025-05-19,2286.64794921875,2333.2361718049738,2281.9402782892416,2308.4220048119373,552961,-0.9432385829063361,0
2025-05-20,2251.53515625,2302.634932707437,2247.415585328712,2302.438819676483,1095824,-1.5355574512791348,0
2025-05-21,2268.0126953125,2271.739801067979,2246.042765786948,2251.92759399425,469330,0.7318357440149414,0
2025-05-22,2255.06591796875,2265.658655678356,2239.2751073744516,2264.8739640972276,916504,-0.5708423665576556,0
2025-05-23,2271.05322265625,2284.294085755304,2250.946726839168,2257.6162465132484,458035,0.7089506590521655,0
2025-05-26,2282.528564453125,2293.1213027072104,2258.5970264512307,2271.5436001154403,1258062,0.5052872245527196,0
2025-05-27,2282.921142578125,2306.4604556573113,2256.929817719857,2268.69947425945,2485428,0.017199264496126077,0
2025-05-28,2258.9892578125,2288.217284736854,2256.1450200640998,2282.9210353245694,774808,-1.0483009824245881,0
2025-05-29,2250.260009765625,2264.6777892903533,2242.609686103245,2258.989074800161,1414643,-0.38642273382600845,0
2025-05-30,2215.73583984375,2259.7738720370758,2211.7144450710093,2252.4178372973715,3610431,-1.534230256594693,0
2025-06-02,2223.189697265625,2228.6822987043906,2214.5585690565263,2215.7357261178645,702789,0.3364055086278128,0
2025-06-03,2212.401123046875,2243.3946474767345,2203.5738807103767,2228.976866217975,792587,-0.4852745688781801,0
2025-06-04,2205.82958984375,2217.5992452808887,2197.8849766419803,2206.319992153631,768079,-0.2970317242505627,0
2025-06-05,2200.435302734375,2217.5993846589804,2190.136853579612,2207.889514094768,996614,-0.24454686500769984,0
2025-06-06,2202.1025390625,2209.360637101461,2196.0215981598762,2205.92782084708,822087,0.07576847753956173,0
2025-06-09,2204.750732421875,2212.499233024373,2193.0792525749403,2197.002471273643,1041851,0.12025749538904229,0
2025-06-10,2196.386474609375,2217.272486211869,2192.724063924676,2217.272486211869,1809051,-0.3793743070134803,0
2025-06-11,2186.388916015625,2203.315269404601,2184.8050534192694,2186.5868384242935,1430888,-0.4551821234251574,0
2025-06-12,2196.88134765625,2240.0390684418803,2185.6961934513174,2201.434771637093,3417373,0.4798977695032347,0
2025-06-13,2191.734130859375,2194.604851740266,2152.733989669046,2152.9319120868795,1786807,-0.23429653141560092,0
2025-06-16,2222.02392578125,2227.1711173642298,2186.8841148183924,2191.7343019196833,1301826,1.3820013338022186,0
2025-06-17,2241.82080078125,2257.856383051544,2204.404281041556,2208.3636960052586,1540986,0.8909388765037551,0
2025-06-18,2258.25244140625,2260.826158041413,2232.120396840362,2234.1001045094,1131156,0.732959593348137,0
2025-06-19,2244.988525390625,2261.816040792583,2241.029110001929,2246.9682330849732,524926,-0.5873531130720422,0
2025-06-20,2262.5087890625,2266.666126702171,2240.0391560683156,2243.9985712801026,1945026,0.780416624571667,0
2025-06-23,2241.128173828125,2249.7398538958046,2231.0314713382227,2238.257452696542,596186,-0.9449958973743677,0
2025-06-24,2252.21435546875,2286.2652288580507,2245.8791462744125,2281.612964421652,1044179,0.4946696833358022,0
2025-06-25,2256.767578125,2271.021617818927,2252.313236032559,2253.006327022203,807368,0.20216648762556577,0
2025-06-26,2266.5673828125,2269.3390219114503,2257.064689234252,2263.7957437135497,921519,0.4342407602134113,0
2025-06-27,2334.76806640625,2340.5092666724286,2253.9961428230686,2259.836183469298,1555059,3.0089854866402588,0
2025-06-30,2317.3466796875,2345.854273974067,2302.4988736367836,2338.034526119427,785414,-0.7461720489249979,0
2025-07-01,2345.458740234375,2375.6492832084828,2326.3545122491983,2356.3471327824136,1232160,1.2131141530651757,0
2025-07-02,2394.852294921875,2405.344842339883,2303.389896347699,2316.257996327295,1936030,2.105922983857922,0
2025-07-03,2406.2353515625,2439.3954517375932,2400.395311182141,2404.25564408936,1547480,0.47531351577556613,0
2025-07-04,2399.603515625,2418.2128152580945,2387.527347688303,2406.2354877025405,602309,-0.2756104440570839,0
2025-07-07,2418.014892578125,2440.088680482908,2396.4360315695767,2398.7127436249625,869054,0.76726746036333,0
2025-07-08,2459.390869140625,2462.7562754239448,2412.570735668228,2415.7382195225628,1136367,1.7111547447246744,0
2025-07-09,2473.545654296875,2509.2794744445164,2467.6065312804385,2494.926593821461,2328636,0.5755402825089018,0
2025-07-10,2426.32958984375,2486.512749306158,2420.2916266528655,2481.8604847719294,932859,-1.9088414386491892,0
2025-07-11,2414.451416015625,2459.5888473703967,2410.7890051739755,2422.6672511448596,1050411,-0.48955318674944737,0
2025-07-14,2377.23291015625,2423.7560373356596,2366.7403635312317,2406.4335963646026,891618,-1.541489118915207,0
2025-07-15,2369.215087890625,2390.4969447486355,2362.088188810415,2385.448593665743,610228,-0.3372754193066374,0
2025-07-16,2386.04248046875,2397.8216435077948,2346.9432570800277,2356.8417946467926,1200909,0.7102517903136762,0
2025-07-17,2374.560302734375,2389.507192526197,2369.7101155375785,2379.707736082246,526163,-0.481222686870153,0
2025-07-18,2358.2275390625,2380.5983310634733,2348.230160923921,2376.2430711148772,599552,-0.6878226530220077,0
2025-07-21,2351.298583984375,2383.567914037501,2336.8468637229585,2358.22756047867,390931,-0.29382046318056076,0
2025-07-22,2341.2021484375,2356.643964310425,2337.341815301031,2351.298608817401,411317,-0.429398274453352,0
2025-07-23,2351.298583984375,2360.5042725166427,2328.7301110194885,2339.0244937170323,368999,0.43125005474702327,0
2025-07-24,2328.2353515625,2355.8521774818505,2317.2478770945427,2351.298753078445,506960,-0.9808721265333054,0
2025-07-25,2312.496337890625,2326.651295187884,2302.2019553090836,2316.25783056356,383636,-0.6760061289041275,0
2025-07-28,2335.658935546875,2342.3897475154404,2296.460631549846,2312.496213489174,650364,1.001627430786689,0
2025-07-29,2377.1337890625,2393.7633804542284,2301.409976918723,2335.065004538179,1742815,1.7757238817881715,0
2025-07-30,2391.288818359375,2419.004724295606,2342.4889785032356,2384.5577642993003,1685818,0.5954662443487191,0
2025-07-31,2371.788818359375,2392.674588818769,2349.418025516724,2377.0348502382585,1274735,-0.8154598411654335,0
2025-08-01,2406.33447265625,2446.9184765142945,2353.872223766583,2353.872223766583,2225293,1.4565231958876934,0
2025-08-04,2424.94384765625,2441.969284403293,2414.8473873951507,2418.4107160183803,1165898,0.7733494745415737,0
2025-08-05,2412.075927734375,2438.70289982959,2384.6570242206344,2436.9211145537915,659094,-0.5306481605465652,0
2025-08-06,2465.923828125,2480.1778683627604,2415.243360050098,2415.243360050098,2019109,2.2324297411816296,0
2025-08-07,2481.068603515625,2484.5330918907716,2441.8702955199838,2458.8959745801,1502806,0.6141623361553883,0
2025-08-08,2450.482177734375,2486.215755117334,2443.454119049418,2481.0685636610756,1178226,-1.2327924241155475,0
2025-08-11,2463.84521484375,2478.791862374858,2427.121541831701,2438.9007055038905,721135,0.5453227626299295,0
2025-08-12,2453.15478515625,2477.406203891745,2448.898365372008,2463.8452548090927,608984,-0.4338920977297711,0
2025-08-13,2474.83251953125,2478.9898573216647,2436.2282198165494,2454.639597884359,350844,0.8836676147045086,0
2025-08-14,2503.043212890625,2509.1802580128915,2472.357745615771,2479.583726564812,1088550,1.1399031302820495,0
2025-08-18,2561.147705078125,2568.6706908574174,2510.863323805654,2524.127268472607,1755615,2.321353937809101,0
2025-08-19,2553.228759765625,2568.670575497609,2535.2134691873252,2561.1475900561763,698587,-0.30919518217550346,0
2025-08-20,2544.023193359375,2553.1297994329543,2537.3909799718176,2551.8429412384953,308028,-0.36054608781295183,0
2025-08-21,2540.558837890625,2549.863366865174,2533.3328568800803,2548.7744310291314,781082,-0.13617625333735006,0
2025-08-22,2479.088623046875,2543.2311919519207,2475.7232170896536,2536.797142820435,523774,-2.4195548604096673,1
2025-08-25,2467.6064453125,2496.9062145049056,2450.878012731079,2490.4721647945858,766497,-0.46316124512979506,0
2025-08-26,2456.22314453125,2497.6981641187676,2442.9592001585233,2455.9263817194274,7106393,-0.46130941191508956,0
2025-08-28,2463.74609375,2502.350391723584,2439.989602689333,2439.989602689333,1485769,0.3062811795214948,0
2025-08-29,2493.0458984375,2505.913997946369,2464.7359828525773,2465.725836660952,1798653,1.1892379966355948,0
2025-09-01,2544.122314453125,2551.6453003711945,2489.581512369503,2492.451991866285,1314833,2.048755542272085,0
2025-09-02,2514.228759765625,2545.805000673645,2505.320075183778,2542.93452119602,1024054,-1.1750046182007479,0
2025-09-03,2527.987548828125,2539.074104831537,2501.6575824788406,2504.330139433277,925847,0.5472369611976946,0
2025-09-04,2542.53857421875,2556.792372311873,2527.0967582315957,2527.9875299885935,933071,0.575597193798294,0
2025-09-05,2553.7236328125,2575.5994976942957,2538.9749083727397,2538.9749083727397,1153436,0.4399169675208148,0
2025-09-08,2505.1220703125,2563.3255226646506,2500.7665685510233,2553.7237473782398,742880,-1.9031645349373072,0
2025-09-09,2511.55615234375,2525.711110339231,2499.1829795616045,2514.2287093319874,702450,0.25683706624513025,0
2025-09-10,2517.4951171875,2529.0763578516126,2499.4798270807123,2511.5559946250305,520584,0.236465541023545,0
2025-09-11,2529.96728515625,2533.5308555782876,2509.9722862990047,2515.21855988452,423961,0.4954197481297884,0
2025-09-12,2520.46484375,2542.241627907083,2511.4570772741577,2534.0257928242045,547539,-0.3755954261544181,0
2025-09-15,2477.2080078125,2517.6929281557755,2472.6545840507674,2509.3782536017916,583051,-1.7162245307552726,0
2025-09-16,2455.728271484375,2484.4340325696035,2449.3933036344274,2469.685307160192,760790,-0.8670945782664696,0
2025-09-17,2468.29931640625,2471.5656403296753,2455.629140541995,2456.816916665378,359627,0.5119069999661052,0
2025-09-18,2453.550537109375,2480.7715162918726,2444.246008163312,2472.555681514996,400796,-0.5975279901770048,0
2025-09-19,2456.520263671875,2484.0382491741548,2443.454241118311,2449.8882911759447,3731525,0.12103792106923361,0
2025-09-22,2457.509765625,2477.603844337264,2448.9971686889035,2468.794242954483,872806,0.04028063467491627,0
2025-09-23,2422.0732421875,2458.598993546187,2403.36510144872,2447.0177520572506,1332111,-1.4419687739669174,0
2025-09-24,2432.268798828125,2449.8882454513505,2418.4108451164807,2421.182484191517,637749,0.4209433663292961,0
2025-09-25,2379.6083984375,2437.7127648253804,2363.770738547733,2433.5554274370193,1518215,-2.165073219538771,1
2025-09-26,2319.029541015625,2375.64913028812,2315.26804822663,2373.174495777403,1089446,-2.5457490174287667,1
2025-09-29,2318.83154296875,2339.7173125599843,2305.5673574257466,2319.1283057695373,950369,-0.008537970016042618,0
2025-09-30,2326.156494140625,2364.562870972334,2316.257955867686,2328.136201795213,778874,0.31588975033938205,0
2025-10-01,2312.1005859375,2333.0854384512804,2297.648623594792,2329.52186805722,648279,-0.6042546251093017,0
2025-10-03,2333.87744140625,2338.727628575792,2312.3976613270074,2318.4356247764845,659872,0.941864536569037,0
2025-10-06,2330.907958984375,2335.2632193797976,2310.418032053584,2331.1058814271587,362107,-0.12723386280668603,0
2025-10-07,2328.927978515625,2347.339113482409,2322.1969246043586,2331.1056084583392,498524,-0.08494460114215618,0
2025-10-08,2304.87451171875,2345.3594343916707,2296.4607546435473,2336.0549055856777,701799,-1.032812822842455,0
2025-10-09,2312.6943359375,2317.2477601110313,2300.2223229785895,2304.8745875346162,587567,0.3392733174405471,0
2025-10-10,2316.455810546875,2333.8773340631014,2312.8924818709593,2315.168952276326,1117236,0.16264469328801656,0
2025-10-13,2318.732421875,2342.5879940440077,2313.288226220651,2316.455709905024,667732,0.09827993772899557,0
2025-10-14,2294.580322265625,2331.105832918551,2284.5827016458666,2318.6335776566284,353345,-1.0416078794397876,0
2025-10-15,2351.001708984375,2359.811310584155,2301.4099400621476,2306.3592087504535,753640,2.458897872140753,0
2025-10-16,2385.25048828125,2396.237961365467,2342.8847002435737,2352.882319596366,715890,1.4567739005034719,0
2025-10-17,2482.355224609375,2518.1878811898305,2396.435872783247,2396.435872783247,3719960,4.071049845926078,0
2025-10-20,2490.47216796875,2511.35817987428,2475.327356452451,2482.355415118091,714986,0.32698556914441124,0
2025-10-21,2479.18798828125,2493.6397091369963,2458.796902808329,2487.502663750938,107942,-0.45309398886812513,0
2025-10-23,2477.010009765625,2520.1677313672517,2471.466973579269,2493.342597184148,811738,-0.08785047870190077,0
2025-10-24,2476.218505859375,2481.266615533017,2461.07369351137,2469.6853737363804,327596,-0.031954005156598075,0
2025-10-27,2493.243896484375,2504.3302111417024,2474.23875111988,2476.2184587966717,550089,0.6875560692529259,0
2025-10-28,2483.840087890625,2502.944313788174,2466.715569512749,2489.4822059889902,1103957,-0.37717162797470394,0
2025-10-29,2512.94189453125,2524.9192226571176,2487.0077722636356,2494.4316760614374,615292,1.1716457425139382,0
2025-10-30,2497.89599609375,2512.941725110214,2487.799535942144,2509.774241369409,736486,-0.5987364240392257,0
2025-10-31,2485.32470703125,2504.329849652434,2479.8805117059187,2497.7967185966363,609128,-0.5032751196270446,0
2025-11-03,2486.710693359375,2489.7793368360453,2469.6852561586425,2470.873032398037,425210,0.055766810839807945,0
2025-11-04,2461.469482421875,2495.421517284876,2454.540505578958,2484.533125103149,527087,-1.0150441305820324,0
2025-11-06,2576.490478515625,2604.305468247461,2534.124927247066,2534.124927247066,4448622,4.672858912740985,0
2025-11-07,2587.280029296875,2592.3281389100152,2558.772190218216,2576.490477384487,791663,0.41876928601987107,0
2025-11-10,2623.50830078125,2639.742047393502,2584.607241463536,2587.2797982746247,1706880,1.400245473012074,0
2025-11-11,2630.239501953125,2637.8613279758315,2606.6809328855093,2623.5084476961592,776404,0.2565725128397922,0
2025-11-12,2741.697265625,2809.8980998107063,2615.292976226382,2633.0112636282392,2859196,4.237551887921631,0
2025-11-13,2850.184814453125,2867.705419302586,2811.18467304877,2829.892812411752,5933630,3.9569485000523708,0
2025-11-14,2876.910888671875,2880.3753768526763,2832.9614781294044,2836.030121469235,2494076,0.9376961831816466,0
2025-11-17,2858.5986328125,2897.2029302084065,2850.7788846207886,2876.9109277310713,1230683,-0.6365249591664957,0
2025-11-18,2881.00439453125,2890.918380747806,2837.48209185684,2861.1764220981377,1819066,0.7838022960469093,0
2025-11-19,2868.81005859375,2890.9182956137456,2862.365967742759,2888.935498428825,1387906,-0.4232668287714958,0
2025-11-20,2835.201904296875,2881.10371014527,2827.964645752369,2872.4783482680073,1062883,-1.171501549787135,0
2025-11-21,2851.857421875,2870.693996016735,2829.550952496629,2844.3226954020324,857340,0.5874543732805382,0
2025-11-24,2854.434814453125,2871.5860587238258,2839.8613033711026,2851.2623873259877,5404326,0.09037592687330953,0
2025-11-25,2851.064208984375,2883.4828955546254,2844.322649938532,2874.9567705789004,972417,-0.11808311234445812,0
2025-11-26,2849.27978515625,2871.288787280634,2833.020943741294,2855.228177192067,570376,-0.06258799161736883,0
2025-11-27,2854.3359375,2889.4313527396475,2846.701974295966,2855.2280994648086,1158685,0.17745369795170163,0
2025-11-28,2849.676025390625,2865.0427036171095,2831.236156743247,2855.227954340334,748446,-0.16325731138208122,0
2025-12-01,2842.934814453125,2862.663550417217,2823.5033044461416,2852.947795413725,499153,-0.2365606082037286,0
2025-12-02,2928.988037109375,2936.522763568836,2836.589732524731,2842.339893028985,2102147,3.0269150815124712,0
2025-12-03,2928.095947265625,2943.66085784583,2907.3758120528328,2943.462626521632,1252456,-0.030457271673611785,0
2025-12-04,2931.763916015625,2960.0187763517797,2908.763516711522,2924.6258944441,1466098,0.12526805186918732,0
2025-12-05,2942.966796875,2947.923789963892,2915.703334886096,2929.5829155349925,944978,0.38212083852235956,0
2025-12-08,2903.112548828125,2948.91511542508,2889.728667820144,2944.453821755753,983544,-1.3542201050040559,0
2025-12-09,2771.95068359375,2888.4400274143027,2764.515193562651,2884.9701320664567,1839391,-4.517973830787925,1
2025-12-10,2780.37744140625,2799.709714577019,2772.644483729807,2785.830133839031,845073,0.30400100053638024,0
2025-12-11,2755.4931640625,2787.416392522806,2739.4325551970373,2775.9160719797633,777422,-0.8949963761453961,0
2025-12-12,2741.01904296875,2772.9420311726108,2722.3806998927384,2770.9592338675175,977696,-0.5252824170469128,0
2025-12-15,2756.286376953125,2777.8989151364117,2734.9713067620355,2749.2475920214038,1029674,0.5569948163453464,0
2025-12-16,2766.894287109375,2783.847300176722,2752.2217812965405,2768.9763210091114,916244,0.38486240925286186,0
2025-12-17,2761.739013671875,2782.360152826057,2748.156901348238,2775.916061967917,636499,-0.18631985549710794,0
2025-12-18,2735.962646484375,2769.7694352946414,2731.6005894949667,2756.088086314156,417994,-0.9333382720052574,0
2025-12-19,2775.81689453125,2788.2093772598632,2735.9627184841656,2742.6050408185665,3895542,1.4566810003084907,0
2025-12-22,2783.450927734375,2798.817606705464,2756.3856963642547,2761.8383889023835,463953,0.2750193364038145,0
2025-12-23,2783.649169921875,2794.752786362001,2759.1616717450024,2773.9334147715076,431068,0.007122172894247214,0
2025-12-24,2761.540771484375,2800.403547790722,2758.070876420582,2783.6490084418188,512144,-0.7942235924119911,0
2025-12-26,2722.87646484375,2770.3643646289715,2719.406569476208,2761.045313886708,532078,-1.4000990693265103,0
2025-12-29,2751.527587890625,2769.769467423096,2711.475181117445,2722.8762650599865,815529,1.0522373459391998,0
2025-12-30,2734.574951171875,2768.3814999924343,2717.423706078166,2746.4717350000174,4833527,-0.6161172722148223,0
2025-12-31,2745.678466796875,2772.74369741969,2731.2039501881377,2731.3031868660014,1274705,0.4060417367694358,0
2026-01-01,2728.3291015625,2758.764991896357,2722.479946307838,2752.0234326268005,327945,-0.6318789852555073,0
2026-01-02,2748.751953125,2774.92478028137,2732.0964076433634,2732.0964076433634,508884,0.7485479501283088,0
2026-01-05,2791.382080078125,2803.6753262766442,2745.182807093362,2746.174205723587,866733,1.5508902833032856,0
2026-01-06,2821.322265625,2823.899756834903,2787.4164809356535,2795.7441325994646,875891,1.0725936001579894,0
2026-01-07,2785.235107421875,2830.145512045567,2777.0066927411867,2821.322161393437,636748,-1.2790867120289984,0
2026-01-08,2762.5322265625,2780.575632855042,2746.2733861759625,2770.9591147468823,620031,-0.8151154205574329,0
2026-01-09,2801.19677734375,2832.1283656204937,2762.234763496008,2765.902889951143,1657381,1.3996054203270436,0
2026-01-12,2871.48681640625,2875.0559481926903,2783.847276732784,2801.6924515836354,1743901,2.5092860177124976,0
2026-01-13,2861.473876953125,2889.4312695473,2846.1071983880256,2875.0559895993033,1051986,-0.3487022609999779,0
2026-01-14,2789.696533203125,2859.193674606754,2783.153447410751,2859.193674606754,958254,-2.5084046486710587,1
2026-01-15,2789.696533203125,2789.696533203125,2789.696533203125,2789.696533203125,0,0.0,0
2026-01-16,2733.186767578125,2802.188208571498,2726.841913205698,2763.9201248983854,1143463,-2.0256599580785073,1
2026-01-19,2730.311767578125,2762.3339910381023,2701.263739943396,2733.186726726262,1342048,-0.10518856721041248,0
2026-01-20,2652.586181640625,2716.531391115573,2646.340322074472,2716.432154439653,911151,-2.8467659576636994,1
2026-01-21,2638.2109375,2664.879463288815,2625.223518894636,2647.0342883114345,914318,-0.5419331609325506,0
2026-01-22,2680.543701171875,2706.4190605473364,2642.374853390455,2642.374853390455,1290346,1.6046011738542143,0
2026-01-23,2680.4443359375,2758.9630563425376,2667.6553908637447,2680.5435726133815,1786635,-0.003706905965816798,0
2026-01-27,2600.240478515625,2711.177892805429,2524.1010122974158,2696.5051440901416,3818761,-2.9921851517883957,1
2026-01-28,2490.195068359375,2526.5793488119016,2429.917984672541,2513.195467623375,3430002,-4.2321243387100305,1
2026-01-29,2395.218994140625,2493.2682179040366,2389.270602598885,2490.1950274985406,3488159,-3.814001377864884,1
2026-01-30,2407.413330078125,2423.969638711495,2379.8523998883206,2396.2104772047783,2048843,0.5091115245549949,0
2026-02-02,2381.339599609375,2408.603062968766,2351.597639580948,2354.4725989007534,1183482,-1.0830599857110434,0
2026-02-03,2405.133056640625,2503.2815202051024,2370.434104875406,2503.2815202051024,2233860,0.9991626996482594,0
2026-02-04,2431.603271484375,2442.6078926414953,2396.3096269309112,2409.098571916173,970973,1.1005717446968433,0
2026-02-05,2411.1806640625,2434.6767627880085,2381.9344049720994,2423.969609356947,1047405,-0.8398823797192922,0
2026-02-06,2380.447265625,2422.9781685762937,2365.576286685293,2411.081385424528,1043982,-1.2746203092769748,0
2026-02-09,2396.60693359375,2405.3312898812637,2376.184267191432,2383.3222888664236,669839,0.6788500716695012,0
2026-02-10,2373.011962890625,2399.1847910678152,2366.3693981423053,2398.1933923938204,1513620,-0.984515665559893,0
2026-02-11,2371.921142578125,2385.0075556462834,2355.8605337198996,2378.3652334566027,3177710,-0.04596775446388257,0
2026-02-12,2389.766357421875,2393.1370158909117,2356.5545038754603,2377.3738747553025,607767,0.7523527879326197,0
2026-02-13,2346.045654296875,2391.055297957956,2339.8000364723516,2388.180096666005,675635,-1.8294969710832665,0
2026-02-16,2376.580810546875,2384.413005156297,2336.5284016474056,2339.700828939525,683108,1.3015584839141336,0
2026-02-17,2416.434814453125,2431.305793229297,2378.8609048949324,2378.8609048949324,1004356,1.6769471389058044,0
2026-02-18,2411.1806640625,2427.14203651116,2395.71474887978,2419.0126162907773,551809,-0.21743397997739944,0
2026-02-19,2380.14990234375,2407.115896932551,2370.5333839478317,2399.184707815805,971600,-1.2869529928324686,0
2026-02-20,2407.215087890625,2414.7495721840155,2355.6623596109553,2357.7441514901498,790329,1.1371210494021344,0
2026-02-23,2408.80126953125,2425.5560520661024,2390.7578623742984,2403.8442762441377,634365,0.06589280902251637,0
2026-02-24,2392.34423828125,2420.4998638211146,2383.0249455164217,2392.245001597522,499660,-0.6832041919839438,0
2026-02-25,2395.615478515625,2407.0165624074957,2379.356638303487,2395.219015892177,526764,0.13673785661905136,0
2026-02-26,2374.300537109375,2401.3657687427703,2361.5115913027257,2395.318382184249,588742,-0.8897480249817513,0
2026-02-27,2355.761474609375,2376.977551402081,2338.7094658691667,2364.4858313259697,2531619,-0.7808220657091081,0
2026-03-02,2287.255859375,2317.7907433233195,2263.8587550617035,2280.2168323371657,2528308,-2.9080030373505594,1
2026-03-04,2265.544189453125,2271.1951134569463,2197.236917991508,2241.254922068388,1610358,-0.9492453514932886,0
2026-03-05,2268.121826171875,2293.105023152167,2234.315036191103,2265.5440929266383,925040,0.11377560988437008,0
2026-03-06,2259.89306640625,2288.0486893030497,2234.314934596808,2242.2461232483765,979742,-0.3628006075631962,0
2026-03-09,2201.6982421875,2210.8190616570496,2143.998887282437,2181.077101186327,2198153,-2.5751140655205007,1
2026-03-10,2260.785400390625,2285.2731408487366,2232.233312704302,2232.233312704302,1192174,2.6837082880358354,0
2026-03-11,2212.8017578125,2282.199662403394,2206.8533659904233,2270.3028787592407,687786,-2.122432432986976,1
2026-03-12,2202.094482421875,2230.547573323493,2182.068279469138,2189.0080695446873,1384055,-0.48387865532111274,0
2026-03-13,2177.904541015625,2200.6074726410466,2171.162981978515,2185.736493312427,949233,-1.098496980912722,0
2026-03-16,2198.624755859375,2208.637979123367,2156.3913182449023,2166.602530791707,1111587,0.9513830589694905,0
2026-03-17,2218.948486328125,2242.0481240756235,2198.1291139621785,2198.624813304225,875461,0.9243837728374116,0
2026-03-18,2242.642822265625,2250.871236838399,2209.430969870703,2215.8750606338967,844912,1.0678182068439623,0
2026-03-19,2167.197509765625,2219.741639691324,2161.844053721548,2200.9050648122998,889334,-3.3641252075879646,1
2026-03-20,2176.516357421875,2205.366153071308,2166.205908950689,2191.883035494523,875920,0.42999531026859383,0
2026-03-23,2103.053955078125,2161.2490060531636,2096.8080953222207,2161.2490060531636,978398,-3.3752285891739175,1
2026-03-24,2198.228271484375,2205.3662933446494,2134.7787579873834,2165.2146480848346,1561016,4.525528989707461,0
2026-03-25,2250.673095703125,2270.005368767247,2202.887730691226,2205.9611632253836,1270855,2.3857769868156575,0
2026-03-27,2188.413330078125,2249.483585042764,2182.167712081868,2226.978883613762,1089010,-2.7662731537451357,1
2026-03-30,2146.576171875,2183.951850191729,2132.498360349631,2166.503380287283,1513565,-1.9117576020993954,0
2026-04-01,2206.655029296875,2227.276168370157,2179.4905627154985,2205.6636307072044,1209900,2.798822525333322,0
2026-04-02,2150.34375,2166.305365661368,2123.972448135313,2166.206128976487,1854061,-2.551884120954684,1
2026-04-06,2165.511962890625,2174.3353134208273,2127.4421122612302,2150.3435162351893,2048228,0.7053854943250393,0
2026-04-07,2167.395751953125,2179.7882354882618,2126.550174629453,2149.0548763211227,1793007,0.08699047129647752,0
2026-04-08,2262.76806640625,2316.7992900724025,2225.8880869174877,2264.850100281215,2914767,4.400318417491644,0
2026-04-09,2250.078369140625,2269.9063412266696,2232.629656888636,2255.431824787587,1980060,-0.5608041519597262,0
2026-04-10,2340.394775390625,2356.4553853234625,2248.1946997294717,2248.1946997294717,3018178,4.0139226921458215,0
2026-04-13,2332.166015625,2342.1792384979185,2242.5436772411817,2260.2896157134237,1734562,-0.3515970831994175,0
2026-04-15,2402.258056640625,2405.1330157789134,2360.520078553006,2379.8523513508994,1182431,3.0054481776178754,0
2026-04-16,2419.31005859375,2425.5559181989383,2390.8569671041973,2414.0555975912685,1496210,0.7098322308041638,0
2026-04-17,2442.80615234375,2464.7161582374533,2396.706117407068,2404.1416069129846,1286575,0.9711898508642403,0
2026-04-20,2495.152099609375,2502.0918899615717,2435.3707143101733,2448.7545957036955,1203157,2.142861283340136,0
2026-04-21,2521.7216796875,2559.7912906799447,2492.0787151016143,2494.656448384103,1681872,1.0648481141604327,0
2026-04-22,2540.85546875,2549.8772931587087,2478.496591328449,2478.496591328449,1126584,0.7587589549085783,0
2026-04-23,2499.71240234375,2519.837842888377,2488.41055480751,2508.238527355777,1378614,-1.6192603991950327,0
2026-04-24,2463.724853515625,2517.061906637907,2449.4485678958704,2499.7124304630092,436871,-1.4396675711326967,0
2026-04-27,2463.82373046875,2498.1262185409096,2454.20721254214,2481.470673800435,452134,0.004013311510164819,0
2026-04-28,2441.41845703125,2477.5052717360595,2434.974365688199,2453.711703700179,556571,-0.9093699829426205,0
2026-04-29,2426.25,2456.586653908799,2417.6248800271264,2448.6554645929264,603585,-0.6212968935155327,0
2026-04-30,2423.473876953125,2434.7757241733725,2364.9813595711516,2405.8269334704287,823684,-0.11442032135496882,0
2026-05-01,2423.473876953125,2423.473876953125,2423.473876953125,2423.473876953125,0,0.0,0
2026-05-04,2427.04296875,2485.4362484938797,2421.292808558354,2438.8405150757653,581159,0.1472717255513567,0
2026-05-05,2409.0986328125,2433.7843614929498,2394.227653597608,2409.0986328125,327682,-0.7393497424045159,0
2026-05-06,2497.333251953125,2507.24723866195,2419.4092196054808,2438.840730371055,1395987,3.6625573539766476,0
2026-05-07,2508.83349609375,2533.8166934225105,2489.699453926799,2512.799090655162,1053513,0.46050098166237063,0
2026-05-08,2577.537109375,2584.972598834762,2493.7639281283514,2518.1524303726387,2327900,2.738468431174157,0
2026-05-11,2544.028076171875,2585.468344538891,2533.0234547576356,2556.7177847784324,1271257,-1.300040766871835,0
2026-05-12,2483.94921875,2533.717380591815,2478.496526391938,2524.2990937915256,628802,-2.3615642446949137,1
2026-05-13,2595.085205078125,2619.6716979847315,2532.0321540727255,2532.0321540727255,3515018,4.47416499054083,0
2026-05-14,2599.6455078125,2642.7713493560886,2587.5504926153094,2597.464479177054,1040916,0.1757284394921399,0
2026-05-15,2583.1884765625,2617.2924940627995,2570.498525152845,2599.6455492931773,796240,-0.6330490522858945,0
2026-05-18,2591.51611328125,2596.869569262112,2534.0149906453235,2557.907795315493,898479,0.3223782079514237,0
2026-05-19,2578.330322265625,2623.240727805118,2572.7786352618723,2606.3869513982067,688639,-0.508806059435607,0
2026-05-20,2576.24853515625,2591.5159769955762,2539.963249067585,2539.963249067585,586190,-0.08074167578131508,0
2026-05-21,2576.44677734375,2625.5210089438397,2568.515588398281,2602.4213727320252,1031843,0.007694994671303412,0
2026-05-22,2617.09423828125,2641.7799681669367,2577.8347544208896,2583.684151755406,1556434,1.5776557581137496,0
2026-05-25,2634.939453125,2661.013286747998,2630.378922392816,2649.0172659355308,815621,0.6818713129516318,0
2026-05-26,2624.232177734375,2641.383422468467,2613.227556107807,2627.2063736290493,486267,-0.4063575494277938,0
2026-05-27,2648.91796875,2666.4659185712258,2619.275245789924,2622.0512104312984,858457,0.9406862405344496,0
2026-05-28,2648.91796875,2648.91796875,2648.91796875,2648.91796875,0,0.0,0
2026-05-29,2648.62060546875,2724.56159325931,2608.964661335609,2653.081899183728,5062328,-0.011225839560080608,0
2026-06-01,2609.757568359375,2754.8984680974218,2604.106644768003,2709.095901351661,2224344,-1.4672934669892834,0
2026-06-02,2637.814208984375,2649.1162982589444,2585.468314449159,2603.511962617927,1026319,1.0750669320843453,0
2026-06-03,2639.49951171875,2652.982629371886,2602.1238332482144,2629.288299864542,958774,0.06389012268699368,0
2026-06-04,2638.706787109375,2675.5867690885616,2622.15023574918,2640.9868104093725,1840743,-0.030033140974472516,0
2026-06-05,2663.590576171875,2676.577994677205,2642.077274911872,2643.0686735140903,1615011,0.9430297138000476,0
2026-06-08,2636.3271484375,2651.9912949616705,2607.477593967183,2620.5640072762417,1262904,-1.0235592503694102,0
2026-06-09,2684.806640625,2695.6127885292044,2638.6073691322094,2643.2668941356555,1416560,1.838902740740389,0
2026-06-10,2691.74658203125,2720.397906312803,2676.7763655410236,2687.7809874156337,1395772,0.25848943090496235,0
2026-06-11,2667.75439453125,2683.4185408112085,2648.0256592178175,2670.7285903296975,771558,-0.8913241558533014,0
2026-06-12,2723.7685546875,2729.320483944781,2686.0954059806704,2702.255252386737,1078025,2.0996745529152205,0
2026-06-15,2715.73828125,2808.3348153056413,2706.518225699372,2796.041569265256,2752021,-0.2948221655500127,0
2026-06-16,2724.462646484375,2747.1655780831534,2711.4752277363496,2717.423619460817,962931,0.3212520622701387,0
2026-06-17,2714.449462890625,2745.083583898793,2708.9967703976017,2740.2258274031,557209,-0.36752875311654165,0
2026-06-18,2731.30322265625,2741.2172089453834,2704.7336909932365,2721.3892363671166,600888,0.6208905340119086,0
2026-06-19,2709.393310546875,2729.2212838160262,2695.4147346165373,2729.2212838160262,838991,-0.8021779466897527,0
2026-06-22,2651.0,2732.790388930441,2647.034405385191,2719.1090391012117,1033475,-2.155217196394743,1
2026-06-23,2661.199951171875,2695.39990234375,2650.10009765625,2669.0,1182151,0.3847586258723057,0
2026-06-24,2667.5,2687.60009765625,2653.60009765625,2662.0,1264476,0.2367371465398893,0
2026-06-25,2645.199951171875,2690.699951171875,2637.10009765625,2690.0,2050810,-0.8359905839971926,0
2026-06-26,2645.199951171875,2645.199951171875,2645.199951171875,2645.199951171875,0,0.0,0
2026-06-29,2656.89990234375,2687.800048828125,2630.0,2631.300048828125,4752587,0.4423087625830213,0
2026-06-30,2635.699951171875,2672.10009765625,2630.300048828125,2658.0,1821479,-0.7979205822987057,0
2026-07-01,2716.39990234375,2723.0,2624.0,2648.0,1097512,3.061803417190734,0
2026-07-02,2744.5,2759.89990234375,2711.0,2720.0,1629567,1.0344610022995804,0
2026-07-03,2737.800048828125,2762.39990234375,2730.0,2744.0,472124,-0.24412283373564936,0
2026-07-06,2754.89990234375,2758.0,2722.0,2724.0,504943,0.6245837245471675,0
2026-07-07,2731.39990234375,2751.800048828125,2726.39990234375,2750.0,489066,-0.8530255484058502,0
2026-07-08,2665.89990234375,2713.10009765625,2653.300048828125,2676.60009765625,1481672,-2.3980377221144322,1
2026-07-09,2673.800048828125,2722.800048828125,2656.0,2658.0,918568,0.2963407019682007,0
2026-07-10,2677.800048828125,2728.199951171875,2672.89990234375,2695.0,982095,0.14959981774826936,0
2026-07-13,2652.10009765625,2664.39990234375,2630.10009765625,2650.5,1107802,-0.9597412317294607,0
2026-07-14,2641.0,2655.89990234375,2579.89990234375,2604.0,975301,-0.41853992110100213,0
2026-07-15,2670.0,2684.0,2644.89990234375,2644.89990234375,809114,1.0980689132904287,0
2026-07-16,2674.699951171875,2693.10009765625,2660.10009765625,2688.0,455037,0.17602813377808335,0
2026-07-17,2689.0,2700.0,2665.0,2665.0,452284,0.5346412341264539,0
2026-07-20,2691.39990234375,2708.5,2666.699951171875,2689.0,571087,0.08924887853292152,0
2026-07-21,2692.39990234375,2720.0,2680.5,2695.0,1000078,0.03715538516328998,0
2026-07-22,2692.800048828125,2700.0,2665.60009765625,2683.0,528096,0.014862074687593818,0
2026-07-23,2668.800048828125,2693.39990234375,2656.0,2671.10009765625,584245,-0.8912655809867664,0
2026-07-24,2637.89990234375,2657.10009765625,2620.10009765625,2620.10009765625,645563,-1.1578292085966946,0
