Date,Close,High,Low,Open,Volume,Daily_Change_%,Crash_Signal
2020-01-01,411.005615234375,413.01630845870875,410.00513009484246,411.6369841712036,4070420,,0
2020-01-02,412.4383850097656,417.26597588581717,411.3650369926037,411.85070999967877,8638440,0.34860102205016563,0
2020-01-03,407.3291320800781,411.34565769519617,405.34271625972417,409.90805479358744,11768500,-1.238791808761086,0
2020-01-06,388.2178955078125,408.3538804982184,386.9648507817357,404.46849623155003,28667350,-4.691841331031654,1
2020-01-07,389.281494140625,397.4747952838457,388.1692839983894,393.88080322454584,21490420,0.2739695014371435,0
2020-01-08,393.3902893066406,394.4004975000772,383.6816902667164,383.6816902667164,16305760,1.0554817600785693,0
2020-01-09,400.6025085449219,402.9142869987882,396.3091464157756,398.824928861583,14193880,1.833349585469679,0
2020-01-10,402.60833740234375,406.5957234516167,400.00027573256364,401.1756257496897,11066240,0.5007030197358153,0
2020-01-13,404.51702880859375,406.2411619244845,402.7200328899098,404.85697617329356,6451520,0.47408144067879743,0
2020-01-14,407.2853698730469,408.1984374933081,403.15231750339,405.051285908739,7034340,0.6843571141137428,0
2020-01-15,408.6695251464844,409.90798528715106,405.05611707623757,406.98908600446924,6169760,0.3398490041193858,0
2020-01-16,409.9322814941406,410.87448828095586,406.79968477838554,406.99396583173734,5787280,0.3089920510230382,0
2020-01-17,411.04937744140625,412.04503091672166,408.15964648428917,409.61666564645134,6711290,0.272507435421776,0
2020-01-20,403.36114501953125,413.10860557974314,400.6948050216906,410.78221296367013,8486390,-1.8703914526597032,0
2020-01-21,402.001220703125,406.615113966369,399.9079713662625,403.10370784235306,8979220,-0.3371480702089924,0
2020-01-22,402.3509216308594,406.6539770860904,400.5199250245939,406.6054216457157,7979010,0.08699001637924031,0
2020-01-23,400.75787353515625,404.45386716875817,396.7947953540318,400.48589787216855,11545220,-0.3959349935737655,0
2020-01-24,407.4310302734375,408.5140714147309,399.320286464791,400.19449180467177,8648920,1.665134281559122,0
2020-01-27,404.50244140625,408.7423569197647,403.4970948080003,405.4397866748112,7821550,-0.7187937711131243,0
2020-01-28,409.22802734375,412.72487861090724,403.12314427617946,403.12314427617946,10527640,1.168246579939436,0
2020-01-29,429.2378234863281,431.66618866744915,409.43209248353236,412.32668480782564,45814130,4.889644600458887,0
2020-01-30,423.9245300292969,435.64868342901707,422.0352549344124,433.6088508890182,35777740,-1.237843723527432,0
2020-01-31,424.0799560546875,429.3446645352513,420.9619436251221,424.47821148075786,17369270,0.036663607406706156,0
2020-02-03,423.44366455078125,425.14838131599754,412.8414159523682,412.8414159523682,10941810,-0.1500404569519942,0
2020-02-04,438.9754943847656,441.96239495517426,425.1726771193175,426.2217473162842,19583230,3.667980214194877,0
2020-02-05,439.8448791503906,440.986198781684,434.93473249913376,438.5626953850807,12856310,0.19804858739176368,0
2020-02-06,453.2640075683594,454.38104943468113,439.53402366380186,439.84486146891953,18464770,3.0508774920579462,0
2020-02-07,452.0935974121094,455.260195108289,449.35439436117355,453.0309428190488,9503260,-0.2582181988216803,0
2020-02-10,458.645263671875,459.83516839336977,450.70452236038375,452.6472142671095,11608790,1.4491835976596201,0
2020-02-11,461.326171875,464.7890224492327,460.0294333726304,460.12657389319884,11674290,0.5845276110913789,0
2020-02-12,463.20574951171875,464.51707250420577,458.6695804168814,463.332029231139,8829640,0.40742922281635785,0
2020-02-13,465.79437255859375,466.30432324153145,459.93229633326405,462.9434746349263,6810390,0.5588495068560295,0
2020-02-14,464.47332763671875,467.7030647071595,463.13772698464743,466.2460458139908,7311180,-0.2836111811782005,0
2020-02-17,463.97796630859375,466.051769731284,461.39418255336636,464.47333258021825,7164840,-0.10665011285910797,0
2020-02-18,462.1663818359375,463.52142838047166,456.68800620280155,463.27373042531485,7286110,-0.3904462289597954,0
2020-02-19,473.82745361328125,474.69682730111515,464.3131356374715,464.78908571698116,11720490,2.523132844717213,0
2020-02-20,474.0605773925781,478.2324919132895,471.4670704979828,472.8415334048155,16346430,0.04920014184892629,0
2020-02-24,466.62969970703125,473.6282634679079,461.50585604886425,470.1314123236526,12633890,-1.5674953877029996,0
2020-02-25,468.7667236328125,471.0930866291878,464.69192005213813,471.0930866291878,9593090,0.4579699764337697,0
2020-02-26,467.21746826171875,469.9129477269103,463.06496966473384,467.7031413056498,8513460,-0.3304960213659003,0
2020-02-27,462.34130859375,467.7031281767104,457.707968913107,467.7031281767104,11748700,-1.0436595374120894,0
2020-02-28,433.7885437011719,450.7045425363119,418.8200983326075,450.7045425363119,49414100,-6.1756897689769,1
2020-03-02,423.5797119140625,448.5627318132226,418.22758605536035,446.81915272862096,22382160,-2.3534120334312125,1
2020-03-03,433.64166259765625,435.6715657288124,420.59084220749816,428.3745986264658,20235030,2.3754562365902787,0
2020-03-04,417.3147277832031,437.7987992720653,411.33694116965245,434.8001903833568,24729910,-3.7650752274699384,1
2020-03-05,421.627685546875,425.21532026089153,416.0247360282891,419.6123707423057,18332950,1.0335024087413602,0
2020-03-06,411.419677734375,412.6025720914656,392.9849705133876,401.6011465079927,33122380,-2.421095236964721,1
2020-03-09,392.0406188964844,401.84456241363216,384.09137111328664,396.2464855296143,35456270,-4.710289732520357,1
2020-03-11,392.4154357910156,401.00727827326295,387.9710473881999,390.79441920611316,27936830,0.09560664800150054,0
2020-03-12,363.56829833984375,376.7700209156632,353.2240263912706,375.80131502581,52726190,-7.3511729713238605,1
2020-03-13,384.8117980957031,393.66649627835875,319.4360038003649,334.9110242997916,48499170,5.843056133569191,0
2020-03-16,357.5223693847656,373.2164499974109,350.48825880401677,373.2164499974109,31404670,-7.091629946374612,1
2020-03-17,335.3832092285156,363.60240035468627,331.2114510800313,360.4285246161086,25585480,-6.192384603611711,1
2020-03-18,298.0465393066406,343.6732977903853,293.91370227823296,339.7789828012591,54435800,-11.132540000365786,1
2020-03-19,267.3543701171875,297.23836846634754,241.90504429157284,272.60197234625633,83247130,-10.297777407801389,1
2020-03-20,287.3906555175781,296.3573056740704,255.23822973798693,272.58737697675576,61101890,7.494280116539054,0
2020-03-23,220.6275177001953,262.86621951364856,216.62123645106223,258.65548022397195,48442350,-23.23079631700108,1
2020-03-24,240.8828125,250.07825454024834,204.90421399185237,240.66862402215426,62572210,9.180765396331502,0
2020-03-25,251.7284698486328,262.8662109409579,233.65885416974035,238.52674696494327,62263550,4.5024621043200375,0
2020-03-26,271.9886474609375,285.891348615711,249.72778238325975,256.7618936777383,50961240,8.048425203747268,0
2020-03-27,247.5128631591797,295.9678702942288,243.39463017617499,287.69245286823883,71706090,-8.998825697411872,1
2020-03-30,218.2860565185547,235.0608110280439,216.71859443522933,232.6901496000013,76983550,-11.808197064016323,1
2020-03-31,215.72555541992188,227.81740026679122,204.45151305994085,224.41960548743458,110431110,-1.1730025909443165,0
2020-04-01,216.07115173339844,222.64767955032684,207.63022754163873,212.2401225405872,64083010,0.16020184201350762,0
2020-04-03,214.91746520996094,228.17760032551237,212.53705852121402,220.88550648352262,61726720,-0.5339382486658772,0
2020-04-07,219.38131713867188,222.56005033687208,202.65035819047046,218.56837255727166,111614780,2.0770075267498855,0
2020-04-08,227.12612915039062,231.12753751037098,208.74983436240302,212.62954540590664,91093390,3.5302969791284555,0
2020-04-09,248.44264221191406,249.83485242064,230.45578724701403,232.78263940889624,71932460,9.385319576070783,0
2020-04-13,222.68661499023438,245.3417917446434,220.60803015820224,245.3417917446434,81831990,-10.366991347528243,1
2020-04-15,212.4786376953125,230.5433947187038,211.11076107377403,228.30416116894864,93336280,-4.584010267240146,1
2020-04-16,216.1344451904297,219.0551809362463,206.5933721163027,208.83260582588815,72467400,1.7205529622980276,0
2020-04-17,224.71652221679688,231.31251056397753,217.61426889372945,229.27773507915674,101915460,3.9707123123321475,0
2020-04-20,224.72628784179688,228.35287423797826,220.51556317178418,226.35703504388442,54031770,0.004345752997458874,0
2020-04-21,204.4271697998047,215.16086778196984,202.9911354413607,215.16086778196984,73839850,-9.032818651052688,1
2020-04-22,209.14901733398438,211.26655373540774,196.89166646832743,200.55231661359608,90627230,2.309794504714713,0
2020-04-23,211.50506591796875,216.04681814231506,205.61978540548975,210.2929653851751,71440060,1.1264927820445303,0
2020-04-24,192.40347290039062,205.76584527177818,191.79985891568143,205.76584527177818,104944510,-9.03126974036007,1
2020-04-27,199.00433349609375,202.9911390706072,186.50358777767244,194.71572093103808,144952470,3.430738799148636,0
2020-04-28,216.92306518554688,218.48079702923994,198.12326308944017,202.6017309983338,147563440,9.00419170510418,0
2020-04-29,223.57745361328125,231.2249090781637,214.19215684534436,214.19215684534436,150601540,3.067626036928117,0
2020-04-30,225.6852569580078,235.5038038525051,223.06147030863107,230.25621569812085,88833050,0.9427620319768071,0
2020-05-04,202.47027587890625,214.401486723105,197.49528849382602,214.1872982364181,73127450,-10.286441122479284,1
2020-05-05,194.9445037841797,207.8590228034823,194.42363568861836,207.3722335229121,115212090,-3.7169762633343706,1
2020-05-06,205.0599822998047,207.5572136599648,190.07660899447382,195.68928874663854,131496960,5.1889016203420235,0
2020-05-07,200.6107177734375,211.25193887926918,199.4229656286584,204.34927063578112,77702040,-2.169738081739525,1
2020-05-08,197.06689453125,207.37222996035797,196.17607669958747,207.37222996035797,69663750,-1.7665174032175934,0
2020-05-11,196.1809539794922,203.74079096119556,194.258130366608,201.5307634536014,76549900,-0.44956335962219596,0
2020-05-12,201.50155639648438,202.50434112804305,192.4862242500608,193.71292789155964,103365270,2.7120891753581677,0
2020-05-13,210.39520263671875,218.07673732220832,208.8326131177222,216.13445273722297,94411850,4.413686126937311,0
2020-05-14,205.6197967529297,219.92654136916735,204.13995312564217,210.19561318854159,143075310,-2.269731355060678,1
2020-05-15,203.13229370117188,208.01478936638787,200.16774890159448,206.39377281753073,80267260,-1.2097585402959798,0
2020-05-18,188.73794555664062,203.81381057747782,187.5112418844847,203.4779247763583,108205710,-7.086193870141988,1
2020-05-19,191.30331420898438,195.0613280411869,187.1412718112485,190.82139757605051,94135140,1.3592225160540705,0
2020-05-20,198.88262939453125,200.55718572593608,188.387453582372,191.79497858256994,163185080,3.961936162416424,0
2020-05-21,193.76161193847656,202.2658213757763,192.23308644674069,200.45982242512582,98795420,-2.5748942839527333,1
2020-05-22,184.5223388671875,195.3972093391496,181.5967306106836,192.28176099292185,161950940,-4.768371288231609,1
2020-05-26,178.06752014160156,188.2657619270925,177.34220883781737,186.73237860197986,98692950,-3.4981231894268827,1
2020-05-27,188.5286407470703,189.45841013511182,173.58907526088382,178.16489191825931,173352460,5.8748055777661845,0
2020-05-28,189.6239013671875,193.0606325150459,187.60858660584512,190.23724576164088,90517750,0.5809518467735586,0
2020-05-29,190.2031707763672,192.7685447997925,184.10370201114438,186.34292069754778,103618470,0.3054833304257265,0
2020-06-01,210.37571716308594,216.75751711365953,194.4284965448616,194.4284965448616,189159830,10.605788696570562,0
2020-06-02,228.42098999023438,231.22490091087076,210.3757232241633,210.80408529870104,234424700,8.577640552098288,0
2020-06-03,234.81741333007812,243.0879583753862,233.46413973704466,235.3139330435636,187051760,2.8002782669478865,0
2020-06-04,225.19357299804688,238.88209950202446,221.66435085426826,235.02184937034417,163153500,-4.098435544259749,1
2020-06-05,232.71934509277344,234.53505952496462,221.48911329925994,228.20679914498578,158500390,3.341912468697239,0
2020-06-08,244.10049438476562,248.03861794160528,241.01423722620828,243.8814332629361,149925030,4.890504176803656,0
2020-06-09,237.9036407470703,246.8021475640295,235.14841183379838,246.8021475640295,123730770,-2.538648540353816,1
2020-06-10,237.12966918945312,240.47390923449763,233.75622297546212,237.55317349480737,89614430,-0.3253298500127011,0
2020-06-11,227.71031188964844,239.40298623263539,225.87997925748613,234.63245674724683,100427670,-3.972239042040393,1
2020-06-12,238.54135131835938,240.47390536256304,214.0899203299246,214.18728412859866,168024570,4.756499316535034,0
2020-06-15,228.92727661132812,236.57473252851267,226.94118275867868,235.60602655330405,120703460,-4.030359790408089,1
2020-06-16,230.25132751464844,239.0524710869765,222.46269909977661,238.7214579446956,129143510,0.578371840577252,0
2020-06-17,233.26943969726562,236.09281170947725,227.04340035879378,228.49889561944835,96502790,1.3107903503510432,0
2020-06-18,245.92108154296875,247.4544648287297,231.03019900876413,231.22491175279836,127382680,5.423617368019684,0
2020-06-19,262.7298889160156,264.28274786614975,249.23610469658158,249.43083228787938,186038260,6.835041252902885,0
2020-06-22,276.5255126953125,278.7939376301364,265.59221494889596,266.7605210863325,139393260,5.250877178921498,0
2020-06-23,294.55621337890625,302.70993470292234,275.81482406698865,282.3329403635769,161869530,6.520447429189202,0
2020-06-24,285.6917724609375,304.2433051021433,283.4087295110006,304.2433051021433,201088070,-3.009422485536184,1
2020-06-25,292.5943908691406,296.5519894807222,277.56721049516676,280.20072701995434,159821300,2.41610682335871,0
2020-06-26,282.6785583496094,297.79823313459184,279.61663457352324,296.2112952296827,125724990,-3.388934589646997,1
2020-06-29,278.2439270019531,281.79748317884486,269.6812895898539,275.91218708938857,116139990,-1.5687894311996686,0
2020-06-30,275.62005615234375,285.9059145181867,274.1596885249501,283.3113197143658,97030570,-0.9430110040069106,0
2020-07-01,287.58538818359375,289.0262654526381,273.1861528076375,275.62009923373677,127048960,4.341241417002095,0
2020-07-02,288.5929870605469,293.631273486578,284.77170343738567,290.1263850404818,116197340,0.35036511532007264,0
2020-07-03,285.404541015625,291.0464416874904,284.3822954404466,290.12640284307446,85435970,-1.1048245064433693,0
2020-07-06,302.66607666015625,305.1827686622792,287.69243517861537,289.1528028698774,114375830,6.048094253548064,0
2020-07-07,326.3386535644531,332.92976933614733,304.27248846664673,306.6772285583962,228764010,7.821351228230733,0
2020-07-08,312.328857421875,331.87345856120015,309.6077220319248,326.3386669199858,191261830,-4.29302382342861,1
2020-07-09,324.20159912109375,329.0597457084301,311.0680363399757,314.9526045515731,187577860,3.8013591818644388,0
2020-07-10,322.6585693359375,330.52994422460733,318.55978191971826,318.8470006879496,161504130,-0.47594761695789467,0
2020-07-13,314.91375732421875,328.87487228766804,313.122376085317,327.12244251583877,131364670,-2.4003118924311617,1
2020-07-14,310.6640319824219,313.4728154565253,303.9852680368325,313.4728154565253,124044220,-1.3494886275868812,0
2020-07-15,306.6042175292969,321.0569925072142,303.9755732320002,314.465876321847,109802620,-1.3068183101913489,0
2020-07-16,312.0124816894531,313.0055211694266,302.03330099898153,309.597996055607,99999250,1.7639236027924055,0
2020-07-17,321.407470703125,323.5201193818475,312.03190511846327,312.5186943620178,84256260,3.0110939673954285,0
2020-07-20,335.05706787109375,336.2691684693118,322.8873354210957,325.6571677151657,105554950,4.246820130878826,0
2020-07-21,320.5458984375,342.6510183635062,313.3608832338755,340.7525281081131,259600480,-4.330954582094238,1
2020-07-22,316.70513916015625,325.17528573291446,310.9220793064482,323.22812833331614,170696590,-1.1981932372448156,0
2020-07-23,321.0667724609375,323.22811829582395,313.1077787217429,316.7051293252283,87180350,1.377190566704245,0
2020-07-24,316.5931091308594,320.3073133325738,313.4922641127318,315.9262102626754,66376830,-1.3933747474981772,0
2020-07-27,308.7363586425781,319.33377088204435,306.89143794893215,317.67867542894436,70898670,-2.4816555577758193,1
2020-07-28,315.4004821777344,317.3865906346,307.76763031187284,309.1111733941273,82116970,2.158515946892825,0
2020-07-29,319.7475280761719,324.10429809339996,315.4005033521894,315.926244096032,80700220,1.3782622868622862,0
2020-07-30,313.3267517089844,323.61748345748157,312.03677803918464,320.83306324330385,65082780,-2.0080769367692874,1
2020-07-31,316.53961181640625,318.6522607190404,309.7196890375883,315.05003776170537,72353970,1.0254024241140858,0
2020-08-03,309.0625,315.82885260135305,308.5270140098702,315.82885260135305,44639200,-2.362140957177583,1
2020-08-04,315.0110778808594,317.38661195459827,305.98114263943376,311.73986816629036,66791450,1.9247168067492382,0
2020-08-05,317.595947265625,324.201681794875,316.2134822578393,316.99720591946345,69853800,0.8205645979673326,0
2020-08-06,325.6814880371094,328.95272743693283,316.8998201531882,320.50207269688343,81729060,2.5458576663517585,0
2020-08-07,337.27679443359375,338.94647800469966,322.2544852287096,324.49370390621857,101512670,3.5603209953287696,0
2020-08-10,335.1982421875,346.2872864963248,332.30184003962273,340.1683417032912,71292450,-0.6162749054776762,0
2020-08-11,336.60504150390625,340.2218822854856,331.47429319368143,337.08211520150525,55718180,0.41969173442721885,0
2020-08-12,332.7934875488281,335.88458744735476,327.3171084056647,333.4506411615044,56625270,-1.1323520105488094,0
2020-08-13,332.9297790527344,338.0264781164257,331.11406459857875,335.88459346201944,46633590,0.04095377734405492,0
2020-08-14,324.3087158203125,335.76775363729996,321.88451489321324,333.4506320824586,55313350,-2.589453925374563,1
2020-08-17,329.5368957519531,330.9680574846962,322.488166473004,326.14883152247165,46705720,1.6120997298565864,0
2020-08-18,332.9541015625,334.71143333479125,327.76494123271175,330.91932606373643,47062980,1.0369721432100354,0
2020-08-19,331.9854431152344,337.34499827452333,331.11410092974273,335.59256860955014,41988490,-0.2909285221956659,0
2020-08-20,330.4130859375,332.42840062330333,326.4457415471812,328.8748152233207,36774590,-0.4736223260212613,0
2020-08-21,329.9750061035156,334.91105701050725,329.0695850859054,333.9374783564069,26273800,-0.13258549755721383,0
2020-08-24,339.978515625,342.21289167489385,331.11897377739086,331.3087990314734,62055750,3.0315961319646645,0
2020-08-25,354.6649475097656,356.3297585543503,341.7260799250737,343.1864477880013,98540590,4.319811755683101,0
2020-08-26,354.9229431152344,360.9056026901961,353.5063993103305,356.81656064279997,66650850,0.072743474448278,0
2020-08-27,353.6524353027344,357.1475789988745,350.137830730161,356.0328421700241,46110620,-0.3579672256035282,0
2020-08-28,357.3811950683594,359.05575133473025,352.1482104498578,355.3561647912699,42513280,1.0543571578782052,0
2020-08-31,339.5647277832031,365.07734078600487,337.34496986260086,361.68443377765146,85297660,-4.985283929600248,1
2020-09-01,354.7574462890625,357.6927703067922,340.7719695507902,342.40760417298804,60651820,4.474174513072282,0
2020-09-02,357.171875,358.27689613017816,347.9034181657289,354.64543754671865,42810110,0.6805857737994359,0
2020-09-03,352.40625,357.9605028868481,350.9750882574899,357.1086216046697,32213660,-1.3342665908394946,0
2020-09-04,350.1767272949219,355.3367114596887,342.7726814043594,344.79283907786265,49146490,-0.6326569704930396,0
2020-09-07,341.25390625,353.3116566190113,338.5716925395815,351.1698015947483,46651680,-2.5480908208405872,1
2020-09-08,340.7525329589844,348.0446276567025,338.31858629499163,342.6996902901786,44487030,-0.14692089433500088,0
2020-09-09,333.2413635253906,340.11482624721697,330.2816761835559,338.51330010369526,45632470,-2.2042886573341636,1
2020-09-10,340.6259765625,343.03558979819854,332.769189287107,336.5174732413865,47622820,2.2159953251261744,0
2020-09-11,345.0751647949219,346.37001112275834,336.5368920737361,339.77889539524153,46083840,1.3061799564794807,0
2020-09-14,334.9792175292969,348.0592444827795,332.9639025672656,346.3019421277109,45315090,-2.925724101769256,1
2020-09-15,342.0570983886719,343.10857990461875,336.3714029860392,338.3185601668556,38936370,2.1129313369286695,0
2020-09-16,342.845703125,347.31442539982663,338.9660066079503,342.500101732089,39077180,0.23054768927264213,0
2020-09-17,338.0216064453125,342.4075824974112,336.4882083688404,339.66208389918444,27811560,-1.4070751465502962,0
2020-09-18,338.299072265625,341.1224440100079,333.8400660394631,339.9152161619461,37690870,0.08208523213364405,0
2020-09-21,324.2162780761719,337.53969827874977,322.668262021504,337.1307822110289,36274190,-4.162823768666923,1
2020-09-22,321.572998046875,326.5187939478254,313.20508883432467,324.1043083361498,42249680,-0.8152829478462742,0
2020-09-23,315.81427001953125,325.5646432098022,311.56457967966566,324.20163925727843,42443280,-1.7907996200925758,0
2020-09-24,294.8872375488281,311.03403037273654,292.7453527360912,310.66893839633326,59637770,-6.626373301437239,1
2020-09-25,305.6014099121094,308.34690838900985,294.8774582774322,299.86217540041713,62325930,3.6333116523929565,0
2020-09-28,324.70306396484375,326.148813848409,307.9185495798543,309.40325092452423,55886950,6.250512410341291,0
2020-09-29,320.7698059082031,328.29070631812937,316.8511580986896,326.9276725485072,46434460,-1.2113399881765519,0
2020-09-30,319.19744873046875,325.55007253004413,317.38660689120564,320.6870524328592,36035360,-0.4901824139221911,0
2020-10-01,335.1836242675781,336.85818057332943,322.74616414964424,323.7148700596302,53821060,5.008240385595353,0
2020-10-05,329.35186767578125,342.60225634039915,328.1202766545383,337.3449385647582,42071900,-1.7398691849997316,0
2020-10-06,338.2503967285156,338.8053436462248,330.15996115800226,334.9012840581004,47587570,2.701830451283249,0
2020-10-07,324.3135986328125,331.0166962392602,319.8497494453266,331.0166962392602,65710800,-4.12026067980904,1
2020-10-08,323.85601806640625,329.8483927051378,321.47564115103114,326.53823165918186,44618100,-0.14109200734574445,0
2020-10-09,323.0235900878906,332.8129139035249,321.76766561550465,323.7050771504895,56840990,-0.25703643967639467,0
2020-10-12,323.9290771484375,329.01115869427895,321.7677314401771,326.14883519654865,32046520,0.2803160785565195,0
2020-10-13,318.6133117675781,325.1752213983738,315.7947829740846,323.2231917376751,37776570,-1.6410275445644773,0
2020-10-14,328.2955627441406,329.2983475259208,314.72874716457227,318.1654784760383,53044470,3.0388720806572955,0
2020-10-15,312.9811706542969,328.0959717177359,311.64250014654647,327.9207347092418,52680190,-4.664818483026256,1
2020-10-16,314.5973205566406,318.30665252946,308.6341518185734,315.0841098413808,50762360,0.5163728856164562,0
2020-10-19,318.08758544921875,320.7649264651257,311.21412325437296,316.90956372137236,42066370,1.1094388491302176,0
2020-10-20,317.595947265625,320.2587002521447,314.15434326440305,316.8998421148102,32520900,-0.15456063238036277,0
2020-10-21,314.74334716796875,320.79413433058295,301.9407950936891,318.36018793960733,75364600,-0.8981852955669001,0
2020-10-22,322.687744140625,325.66201942952586,306.6772380278046,307.65081656122624,70857690,2.5240873378704176,0
2020-10-23,322.92626953125,326.81083841294384,321.5729810941256,324.33797030409465,32047770,0.07391832970298218,0
2020-10-26,320.6870422363281,324.2016464241468,315.11329927972736,324.2016464241468,35462450,-0.6934175092575323,0
2020-10-27,336.20098876953125,337.3449315591471,319.13900273335724,323.8121971011901,60209460,4.837721669393247,0
2020-10-28,328.173828125,339.7691516401184,325.9443547492663,335.7823464890906,46491050,-2.387607684888138,1
2020-10-29,329.0744323730469,334.13218022202864,324.5667587981417,327.8817926714316,37803490,0.2744290284183881,0
2020-10-30,322.1571350097656,330.14049097346714,316.69050098021063,327.6043081644491,42876230,-2.1020464316837684,1
2020-11-02,332.94439697265625,335.6314535165393,318.8128903233787,323.7684014844676,42885510,3.34844732293873,0
2020-11-03,339.85675048828125,342.699612620472,332.559784797223,333.93740661597127,44460450,2.076128500277097,0
2020-11-04,346.7351379394531,347.56268568726256,337.05292139499176,337.7344085845765,43711430,2.023907849789519,0
2020-11-05,363.81658935546875,365.0919749443736,349.2859406371871,351.4618745464503,63321410,4.926368731339359,0
2020-11-06,368.08575439453125,372.6177617530203,360.62326583643227,363.54400174208615,57440500,1.173438805147864,0
2020-11-09,376.2881164550781,377.6219143391638,368.601724358343,370.93343433217274,41498980,2.228383457555716,0
2020-11-10,409.73541259765625,413.18185928299096,378.02107935081926,379.59339920622983,114214480,8.888746330252806,0
2020-11-11,415.6011962890625,431.25145290460836,402.47247472073707,409.97391372780845,138966540,1.4316028127073777,0
2020-11-12,418.4732666015625,421.0727344746263,408.9078749110627,414.74447372529664,55900380,0.691064014768239,0
2020-11-13,426.0428466796875,429.34813511907475,413.7708785161151,414.7444570538001,60884590,1.8088563075003172,0
2020-11-14,425.921142578125,431.78207458557847,422.5330786248953,428.3745497579584,7894790,-0.028566164767462876,0
2020-11-17,436.9420471191406,438.49490611532457,423.01988555499906,428.24799768366086,58515230,2.5875457776774136,0
2020-11-18,453.0791015625,455.44001757762396,434.6054432922366,435.67638560132957,75130190,3.6931795760455355,0
2020-11-19,441.6687927246094,465.85735390858497,439.3322100579156,450.6598064259712,83510050,-2.518392218608345,1
2020-11-20,459.1250915527344,463.6327655759298,439.5951056911841,445.1153098564639,87364100,3.9523505204972498,0
2020-11-23,468.4324645996094,474.06462036354,460.84830870097704,464.29962819818746,73250390,2.02719764572179,0
2020-11-24,468.35455322265625,473.35388843176077,464.3969541609251,470.72521454257287,42973850,-0.016632360658375145,0
2020-11-25,456.583984375,469.75162768548665,455.14795014086013,469.45956601909734,47633210,-2.513174851544686,1
2020-11-26,469.3866271972656,472.57509147346457,451.7405133928571,453.2008814318427,62732080,2.8040061106809677,0
2020-11-27,477.9102783203125,482.8949961069697,465.8719881769834,473.06184609076496,123647070,1.8159126462426345,0
2020-12-01,473.2662658691406,482.155042994611,469.77599500401834,482.0382183196503,40174270,-0.971733118503737,0
2020-12-02,469.6445617675781,475.49574853444824,465.85732702109124,473.54859147270906,36549700,-0.7652571845388811,0
2020-12-03,473.8844909667969,476.0799153712367,468.9728037747385,473.6459689736333,28768440,0.9027953359581398,0
2020-12-04,474.65362548828125,482.70023681433565,468.77807532975237,474.13275739478587,36793780,0.16230421888574487,0
2020-12-07,470.1849365234375,479.4826005144478,468.77810827858605,474.13279071998215,31151240,-0.9414631480475388,0
2020-12-08,466.5534362792969,473.6459595054855,464.88375264926896,472.1855916961161,29710760,-0.7723557183673457,0
2020-12-09,471.6160888671875,472.4630975008258,466.4609770741231,469.2648882139335,19659920,1.0851174151163878,0
2020-12-10,466.8114929199219,473.15921490114215,465.8573751650134,472.18563626965835,19259630,-1.0187514931490504,0
2020-12-11,471.5868225097656,475.9825139061287,467.80446059960457,467.80446059960457,26700190,1.0229674423767765,0
2020-12-14,476.9220275878906,478.484631793458,471.99085005479657,472.9157615243707,17863480,1.1313303984473722,0
2020-12-15,498.7156066894531,501.3929476721686,474.0207965510278,476.0750330072705,59367960,4.5696314787109005,0
2020-12-16,501.0618896484375,508.69477131027304,498.47219695858337,506.16349095409936,32691840,0.4704651162932949,0
2020-12-17,514.7017822265625,516.303338040023,496.6808625301146,500.4047828512728,37331520,2.7221971696341107,0
2020-12-18,511.3721008300781,514.5313582698868,502.85328905994356,511.1287062080743,32550430,-0.6469146817561833,0
2020-12-21,490.8636474609375,509.63908168597254,477.55968964897244,508.9868007640723,35515700,-4.010475607850051,1
2020-12-22,487.8992004394531,498.95903922307025,469.88312344989924,493.6043568509202,54735210,-0.6039247430153827,0
2020-12-23,495.4444274902344,502.95068045786365,483.9026425034147,486.7892994840035,34314570,1.54647251809088,0
2020-12-24,504.7906799316406,508.1057430694646,497.10916142775204,500.3171154864564,26255590,1.8864380993750318,0
2020-12-28,506.6600036621094,510.6224756211562,503.82691613468154,504.7907494231619,19326060,0.37031660939577105,0
2020-12-29,506.3095397949219,510.83670406063163,503.0967422946707,508.69481925295685,19695290,-0.0691714097529661,0
2020-12-30,519.3213500976562,520.6697658171449,503.72953570399625,506.30948305517916,38647000,2.569931885542731,0
2020-12-31,515.5293579101562,523.0551014528469,513.2706484334869,519.404181712599,28692120,-0.7301822247028578,0
2021-01-01,514.0641479492188,519.6962743243231,511.12879404202846,516.9897565622518,14471870,-0.2842146501369269,0
2021-01-04,507.83795166015625,518.3331551573526,505.8907948931076,518.3331551573526,23336590,-1.211171079310036,0
2021-01-05,498.3748474121094,508.6168829307228,492.87413461739663,508.0132689912644,39534000,-1.8634102112910944,0
2021-01-06,489.7392272949219,503.1795020457536,485.84491301161177,499.4458068345228,36079230,-1.7327560092627703,0
2021-01-07,494.67523193359375,499.59669373356724,488.86296721597927,493.117500422387,30357500,1.007884270560866,0
2021-01-08,494.7726745605469,500.2977214337881,490.8783600176422,499.44584012752773,29984510,0.019698303182114074,0
2021-01-11,485.2558898925781,497.5911435243241,482.7246093638075,497.30392477142925,29241640,-1.9234661001482078,0
2021-01-12,490.8977966308594,496.42771587775565,482.01876466569956,485.2558956427312,33359080,1.1626663077763277,0
2021-01-13,477.3358459472656,493.9937610375037,469.8733578805767,493.21491006512207,32693730,-2.762683144367817,1
2021-01-14,474.8483581542969,483.5570261177438,470.6279031185093,477.3358741309052,26808110,-0.5211190012416433,0
2021-01-15,475.4568176269531,479.68217477948724,471.4456786601797,474.81428191471167,25449160,0.12813763851291515,0
2021-01-18,459.51446533203125,475.1063403319953,456.21892208891796,474.1327617657412,37034130,-3.353059984393869,1
2021-01-19,482.8122253417969,486.2976235529154,462.64454880950217,463.9199343605722,47674650,5.070081959864181,0
2021-01-20,485.031982421875,489.963160251861,477.1508627156112,483.6738213026105,33147070,0.4597557732732849,0
2021-01-21,498.30670166015625,508.69479797598865,485.81570179907817,486.1077634827901,70618090,2.7368750349198834,0
2021-01-22,484.1167907714844,500.12729663233654,481.4929895345036,499.9325690442132,30847960,-2.84762593828195,1
2021-01-25,477.9005126953125,502.65860884802714,476.0799255049541,491.55981898096127,36730600,-1.2840451301566413,0
2021-01-27,471.69879150390625,481.492989008387,468.3886304882358,479.1272003426917,28004930,-1.2977013053259046,0
2021-01-28,468.31561279296875,477.9297009069136,459.83087935446883,465.32671953469077,34773290,-0.7172328553463059,0
2021-01-29,460.9456481933594,481.9214124400959,458.27317965999333,475.7586729054836,42607950,-1.5737174670850562,0
2021-02-01,492.49444580078125,494.5779182216238,454.32043803042654,464.88377155674283,42907450,6.844363913852947,0
2021-02-02,503.65167236328125,519.6913555159208,496.02853553095434,496.5250701086662,43479930,2.2654522619760087,0
2021-02-03,510.6517333984375,513.075934663723,500.4194125562688,508.07172627675476,26507830,1.3898615688715754,0
2021-02-04,535.9403686523438,539.654573161575,506.84983710587255,507.62387482985054,53258880,4.952227437985557,0
2021-02-05,539.2213134765625,547.8326464063871,532.5474517211131,537.9994676772218,44379870,0.6121846787673135,0
2021-02-08,535.2442626953125,551.5322117335995,533.0634563965897,539.557208253013,28008090,-0.7375544478404383,0
2021-02-09,525.7616577148438,539.2651875737369,524.0384046502886,539.1191270208859,22639040,-1.7716406585504552,0
2021-02-10,533.1219482421875,535.6970233116782,525.2456709781798,529.110749617154,26380120,1.39992911604363,0
2021-02-11,541.9960327148438,544.0356511391274,531.1600993113414,532.5474367822582,20289470,1.664550578327506,0
2021-02-12,543.0086059570312,546.9564601544128,538.5885803874867,542.2832946345267,16252680,0.18682299889087872,0
2021-02-15,562.7137451171875,564.5781859421505,545.2039503655129,545.724788707902,31688260,3.6288815580421074,0
2021-02-16,560.8056030273438,566.8368697989456,553.9954258846789,563.8382906759227,21268100,-0.33909640672565855,0
2021-02-17,555.441162109375,564.57820600267,552.01901935935,557.8604904636817,23463950,-0.9565597934489967,0
2021-02-18,541.6358642578125,556.3757988948158,537.6295384598524,554.8424601592503,23175130,-2.485465390993835,1
2021-02-19,535.2685546875,547.3409514035857,528.1663164347594,541.3096256916613,27444560,-1.1755701552439546,0
2021-02-22,523.478515625,539.2358801336567,519.3797290436345,533.5209795048057,20005630,-2.202639956943342,1
2021-02-23,524.1453857421875,535.9208471043042,520.8644313675608,527.6794800022765,21902450,0.12739207002436803,0
2021-02-24,541.592041015625,543.1498024953318,524.0773707649821,530.0162361308539,19087950,3.3285908352952642,0
2021-02-25,538.384033203125,547.1462396274369,536.5731914701709,545.3012893706685,15845950,-0.592329201604247,0
2021-02-26,512.579345703125,530.9897488006901,508.30532173712044,528.653136582699,37133260,-4.7929890020093175,1
2021-03-01,512.7643432617188,522.801935729023,505.77405640780495,517.456999000478,20318810,0.03609149688619251,0
2021-03-02,517.5835571289062,526.7059831742598,512.3019055037603,515.9966193758922,22086340,0.9398496464345207,0
2021-03-03,539.6448974609375,542.6094872835432,519.9007530113938,522.2421788037396,22524130,4.262372718022189,0
2021-03-04,534.0955200195312,542.0058462881894,525.8297876405002,528.6531894007843,22346980,-1.0283387219107265,0
2021-03-05,530.103759765625,537.3909807390463,525.9368745925145,529.6267157976013,20757600,-0.7473869568799696,0
2021-03-08,518.0070190429688,534.879150176349,517.0674896952312,532.4500767036517,17210420,-2.2819571640096625,1
2021-03-09,527.1976928710938,530.1135560703326,519.404191301235,522.9090505475668,18114960,1.774237315375582,0
2021-03-10,539.8541870117188,541.407016300293,529.626739431217,529.626739431217,21912500,2.4007112155021604,0
2021-03-12,541.100341796875,552.0190516540722,537.5127071273115,545.2040016336515,25080130,0.23083173477900232,0
2021-03-15,529.5342407226562,543.806875337084,520.9180353741291,542.3854293399245,20870080,-2.1375150190832026,1
2021-03-16,531.1796264648438,536.1497859874614,527.6796396655207,534.3437571454949,15613050,0.3107232008155103,0
2021-03-17,521.818603515625,531.6128011884653,520.3241866121937,531.5738794392208,11347580,-1.7623083572536613,0
2021-03-18,522.9917602539062,539.8492742328665,516.483390406737,527.9716047367476,23390580,0.22482079603474148,0
2021-03-19,530.9166870117188,533.4236634374631,505.2920947449087,517.5542869587772,32203100,1.5153062361757064,0
2021-03-22,524.6956176757812,535.176206310474,519.5989476042424,530.2596459158249,19384610,-1.1717599932586364,0
2021-03-23,523.66845703125,530.1135425467959,520.8645459367049,526.7060174799203,18490380,-0.19576314532246952,0
2021-03-24,513.1051635742188,523.2011690105069,512.1023490826718,523.2011690105069,17376430,-2.017171994073508,1
2021-03-25,498.6863708496094,515.9966258002062,496.8317346320559,514.0494687217149,23432710,-2.810104779334144,1
2021-03-26,504.6106262207031,510.93401418666576,499.9325883909024,503.34011333611795,23474600,1.1879721840002633,0
2021-03-30,505.6329040527344,512.102352983484,501.3929881872515,509.65378849821263,18452800,0.20258745632997233,0
2021-03-31,501.3783264160156,508.0911694143875,498.75939778607403,504.80046921996217,18459750,-0.8414360700455981,0
2021-04-01,513.2852783203125,514.8770294491894,502.5564229120549,507.23446105073566,21482340,2.37484376107977,0
2021-04-05,483.1383361816406,512.004962807646,479.05903984282344,512.004962807646,37396800,-5.8733307601039115,1
2021-04-06,486.11749267578125,492.57719571981346,482.17451151996244,491.65715687970277,20709060,0.6166259787384387,0
2021-04-07,494.2955627441406,497.40128072973914,480.9478089958183,484.84212323869946,24027820,1.682323757440618,0
2021-04-08,489.661376953125,497.9854622379945,488.2496760749839,496.5250943135429,14078790,-0.9375333586424284,0
2021-04-09,474.356689453125,487.7628554425894,471.69880930525864,486.7892768888118,29026460,-3.1255655888630773,1
2021-04-12,439.18133544921875,461.4762806169408,428.37460647986063,461.4762806169408,45000460,-7.415380616737821,1
2021-04-13,460.3809814453125,464.87403718617867,439.47824767080687,441.52764132418014,31750190,4.82708263874867,0
2021-04-15,453.716796875,462.44979739531556,444.5456741358065,458.3705010161278,28971850,-1.4475368963746238,0
2021-04-16,449.4622802734375,456.60834331779336,446.87255774598543,453.784971444221,21426480,-0.9377031291029403,0
2021-04-19,436.124267578125,438.4998017730216,424.6750032819346,433.2424832000375,34265070,-2.9675488424074414,1
2021-04-20,449.175048828125,457.4845451441083,443.48448113382284,444.2438711985058,33945970,2.9924455528405502,0
2021-04-22,456.4817810058594,458.9449336083786,438.6701776418766,442.9782509451357,25635390,1.6267003692207016,0
2021-04-23,454.4470520019531,463.40398768214743,448.86843550706163,449.90042652401166,27295250,-0.4457415582770241,0
2021-04-26,461.1403503417969,470.1410793496934,456.6083433462878,456.6083433462878,29039890,1.4728444843812083,0
2021-04-27,473.65087890625,476.0653349075335,462.1139661311665,462.15779024272746,26449970,2.712954647143828,0
2021-04-28,514.1370849609375,516.970172188039,478.5138222795125,478.5138222795125,85764540,8.547689418032501,0
2021-04-29,533.9932250976562,537.9021572985246,518.9173752762237,520.8645324067161,72584860,3.8620322706788057,0
2021-04-30,530.7852172851562,537.8680240077318,518.6933900357126,520.8644508811916,41248880,-0.6007581485539149,0
2021-05-03,540.4480590820312,543.2568427677437,515.1447615223699,517.5835805971988,40335910,1.8204805789991951,0
2021-05-04,546.7373657226562,559.8027727383746,541.3096536242051,546.1775461927681,48383470,1.1637208303250546,0
2021-05-05,536.9432373046875,554.939824183695,530.8340075764626,553.2847286130283,43786930,-1.7913771825386893,0
2021-05-06,538.2720947265625,547.1413807466877,532.873618493179,542.0885058713087,22231110,0.247485642718126,0
2021-05-07,534.8645629882812,546.4842200502545,531.3791353075663,544.2303834378287,18510330,-0.6330500450728804,0
2021-05-10,535.2247314453125,542.7699641305352,530.113444787581,542.7699641305352,19973390,0.06733825382243541,0
2021-05-11,528.1371459960938,531.3889246129104,524.7588568320629,526.8277113232839,16172480,-1.3242260741725298,0
2021-05-12,521.6823120117188,529.6266861581854,518.8589106878258,527.00775770451,15393360,-1.2221889774863048,0
2021-05-14,518.9513549804688,526.2191441440152,512.7837736248406,526.2191441440152,15257620,-0.5234904401337337,0
2021-05-17,528.6629028320312,534.4946288928584,517.4618767568958,520.864529066811,24115830,1.8713792262721851,0
2021-05-18,553.844482421875,555.4265475221791,535.5655218785843,535.5655218785843,31478830,4.763258298425477,0
2021-05-19,548.2415161132812,557.1692142539781,544.7171667231365,552.5009220192933,22509060,-1.0116497476137853,0
2021-05-20,544.1087036132812,550.8507230819819,539.8492975237118,547.9299874777057,14888270,-0.7538306345895252,0
2021-05-21,548.2950439453125,554.4529396636566,543.8701464294965,551.0454150125191,18569660,0.7693941126526438,0
2021-05-24,545.486328125,553.7714914536435,544.2304331329548,548.5142027083766,12150600,-0.5122635798605946,0
2021-05-25,547.0197143554688,550.9286465799256,543.4515702844164,549.0983141124159,13155460,0.2811044294619647,0
2021-05-26,561.8667602539062,564.1692639550851,543.8506849172285,549.0982874219022,29167460,2.7141701676933527,0
2021-05-27,553.206787109375,562.9377595955651,550.1692267215547,562.7235414102274,21525900,-1.5412858985674571,0
2021-05-28,546.2506103515625,559.8076801114977,544.4348958184563,557.2763995878278,15263750,-1.2574279491688878,0
2021-05-31,547.925048828125,551.5029376278669,541.3096001196421,547.1510706245303,17958110,0.3065330170495928,0
2021-06-01,563.1956176757812,566.4279051166299,547.6767754965466,549.4876764940623,28534510,2.7869813362824347,0
2021-06-02,565.5176391601562,569.0566063479548,559.0822998407896,560.4404607992878,20131950,0.41229395462230034,0
2021-06-03,574.5574951171875,575.8718025967063,562.7431080533513,568.5699623270947,22303780,1.5985099899724187,0
2021-06-04,583.5093994140625,585.1207004147187,574.4113365136174,575.871704318313,24453670,1.558051957019413,0
2021-06-07,557.8361206054688,568.944684633529,553.2311132881267,564.6755333778885,28358050,-4.399805527447176,1
2021-06-08,560.3333129882812,566.3305894448289,556.9014846467736,559.9049360985279,17890070,0.4476569893147264,0
2021-06-09,552.4571533203125,564.188762819722,547.8618317208462,564.188762819722,15381120,-1.4056204557899354,0
2021-06-10,592.558837890625,595.343258164545,552.7005313612199,556.4001178103638,52961200,7.258786374526616,0
2021-06-11,595.830078125,606.5394422743055,588.5477295186785,594.4037593901157,37027210,0.5520532350880014,0
2021-06-14,603.0491333007812,608.3892567833608,581.7715932064838,590.9329411726976,26336010,1.2115962991493534,0
2021-06-15,599.8363037109375,607.4934890508291,598.750773198838,605.4684885695873,15236610,-0.532764150121301,0
2021-06-16,592.091552734375,599.8120835524401,590.261279580986,597.7772780723745,14816580,-1.291144088586993,0
2021-06-17,589.039306640625,595.3432031337483,576.3584239659509,576.3584239659509,18718570,-0.5155023880435761,0
2021-06-18,592.6221923828125,598.5561255674995,580.7445212970806,592.8996361444719,27096150,0.6082591945554938,0
2021-06-21,595.4406127929688,597.2904357926298,582.8912305419116,584.1471254695646,12719620,0.475584688927011,0
2021-06-22,585.78271484375,602.5477678023607,584.1471100662665,598.7507878179232,15406110,-1.621975011734167,0
2021-06-23,585.6658935546875,595.3432664441887,584.2444475198854,589.1123401318575,12382150,-0.01994276821459806,0
2021-06-24,588.3919677734375,594.6618165404112,585.2180919255173,586.7758533902298,10824210,0.46546576277546325,0
2021-06-25,591.5267944335938,594.5643543572367,587.0872792049994,589.6964622459485,9619940,0.532778629188102,0
2021-06-28,587.7542114257812,595.6061242240979,585.6074542444861,593.8828713036352,8284810,-0.6377704346300805,0
2021-06-29,589.2487182617188,597.5484998197597,584.3516486712458,588.0414902727362,13100790,0.25427411780039044,0
2021-06-30,585.6903076171875,596.3168967192685,584.147164133161,589.015057167604,12257940,-0.6038894161753183,0
2021-07-01,580.9490356445312,588.0415302735241,578.3057433484657,588.0415302735241,11206010,-0.8095185989922871,0
2021-07-02,583.9281005859375,587.0678676513838,580.73960705481,584.1471319914267,8112980,0.512792819786867,0
2021-07-05,591.22509765625,593.4886203717281,584.736158232481,586.9705639120832,8631790,1.2496396496401552,0
2021-07-06,603.852294921875,617.5213745397173,589.3070303429618,589.5017579195932,34913930,2.135768139018812,0
2021-07-07,603.4823608398438,611.9914275081275,599.7632838016034,605.5658331122771,19479250,-0.06126234596477431,0
2021-07-08,596.5784301757812,606.6322434159603,592.9313122440007,602.6438461424882,11305600,-1.144015320423708,0
2021-07-09,598.36767578125,601.766065028797,591.0442772983755,593.184742332344,14475440,0.2999179177399336,0
2021-07-12,599.6744995117188,604.4868713255889,595.1936459837091,602.1562442093002,9787400,0.21839811596815473,0
2021-07-13,600.1376342773438,607.0319642911157,598.7431744172612,603.1313572916548,10021270,0.0772310254983477,0
2021-07-14,598.1483764648438,602.838854238796,596.792901179349,599.718356577287,7765740,-0.3314669333969289,0
2021-07-15,597.7387084960938,602.3706790673431,595.0375787618857,598.1483150631083,8709900,-0.06848935562965286,0
2021-07-16,597.3243408203125,603.6189623350565,594.5695250901153,597.28047565464,9631210,-0.06932254342767452,0
2021-07-19,586.5927734375,597.0854159902542,578.7525746448908,593.6723848002675,12905320,-1.7966064078478228,0
2021-07-20,579.4204711914062,587.8165124745951,572.2189668522975,587.0412835908561,14018370,-1.2227055243219653,0
2021-07-22,604.1600952148438,608.8847360795342,577.4019305907536,578.2649493551684,34885910,4.269718667786759,0
2021-07-23,602.7315673828125,607.0319603838809,598.7431705633782,603.5214379143777,9537390,-0.23644855781533858,0
2021-07-26,600.9324340820312,604.428374815564,597.7680711585077,599.7183748164474,7335020,-0.2984966107870357,0
2021-07-27,607.6610107421875,616.9785794060068,602.1562595743147,602.6438354929984,20685280,1.1196893824568788,0
2021-07-28,610.6400756835938,612.7854215705597,600.4009816725928,610.2402301108752,11491530,0.4902511250092667,0
2021-07-29,624.1068725585938,627.0225667285019,610.8399522260794,613.3655618938732,14846640,2.205357527496754,0
2021-07-30,607.334228515625,625.7402168718957,605.7837111228878,625.7402168718957,14068850,-2.6874634426324207,1
2021-08-02,604.6428833007812,612.7805563123251,601.6686821081694,611.4202004567621,10124350,-0.44314071041601233,0
2021-08-03,617.456298828125,618.4412115545713,605.1791129054939,606.056773230861,10917100,2.1191708165644085,0
2021-08-04,620.1135864257812,631.6496479725905,615.808312995959,618.5387259163032,16320910,0.4303604324224386,0
2021-08-05,609.2991943359375,619.7576728797175,607.7145727675745,619.611435830684,8665670,-1.7439372925492358,0
2021-08-06,606.9636840820312,614.2968441366012,605.6667156161107,612.8828622245791,7297890,-0.3833109046618155,0
2021-08-09,603.9260864257812,611.4152444506622,598.3579487095021,607.0319422556167,8811790,-0.5004578916190106,0
2021-08-10,601.6783447265625,609.3186200110152,598.9430514194486,607.0319179012319,7310090,-0.3721882113954633,0
2021-08-11,601.4541015625,604.5891809865445,590.6494039271596,602.2634346302025,7919290,-0.037269608592016557,0
2021-08-12,604.54541015625,609.9477300576144,599.8402905074508,602.7413434962276,7946020,0.5139724853017391,0
2021-08-13,600.3570556640625,607.4073834940564,597.8654906642381,605.5692129944487,6679320,-0.6928105683748353,0
2021-08-16,621.868896484375,623.6095160917212,595.2179836897293,599.6208079275075,14233350,3.583174482145135,0
2021-08-17,625.0819702148438,627.6904889812527,614.8331168253683,625.06732865561,16027760,0.5166802437994944,0
2021-08-18,638.1490478515625,647.5007795760677,624.6870847196193,627.4126767882025,21537300,2.090458253375549,0
2021-08-20,649.5582885742188,656.5404081192906,629.5238134404099,631.1133154826117,21647320,1.787864568797426,0
2021-08-23,658.44189453125,665.0047058673713,653.0590976834064,657.2522380401931,17383400,1.3676379954339124,0
2021-08-24,680.6657104492188,687.3845205666538,656.0772318766311,660.6653377136943,26229900,3.3752129235017803,0
2021-08-25,677.2379760742188,687.8720339464421,674.902468703531,683.0937668023657,15096670,-0.5035855813476764,0
2021-08-26,675.9703369140625,681.9480220129708,668.4665369175985,672.8547198732939,12345880,-0.18717780232946346,0
2021-08-27,679.3491821289062,684.9807072110195,670.124284799361,677.7304564355051,9359060,0.4998511074123302,0
2021-08-30,698.7449340820312,701.8166857240071,680.6558820710982,682.211220453352,15043820,2.855048988554554,0
2021-08-31,733.7528686523438,740.9982382469692,695.2831242764015,698.2085792172559,29464380,5.010116404822851,0
2021-09-01,733.2750854492188,748.3801755880825,729.7401605767765,733.8016459345787,22277890,-0.0651150030939629,0
2021-09-02,731.2125854492188,739.7890873578214,726.0053087903917,731.3637625290384,11833780,-0.2812723411619089,0
2021-09-03,733.6456909179688,736.7271442477771,727.6338423108323,731.3638096437231,8802470,0.3327493969835338,0
2021-09-06,731.9830932617188,742.5781082244492,729.9108956517687,736.2396214175433,8970710,-0.2266213346349355,0
2021-09-07,727.1998901367188,737.8241874208138,722.3143703821605,734.182009945783,8360130,-0.6534581425489017,0
2021-09-08,727.7752685546875,732.7290561599249,722.6898259389036,727.1706792250627,8592560,0.0791224566687676,0
2021-09-09,724.60107421875,727.4631419743286,719.661928655569,724.5376869797938,7004360,-0.43615034380616313,0
2021-09-13,726.0540771484375,730.8762095155511,716.9315519114903,724.6011106177968,8025650,0.2005245343106976,0
2021-09-14,723.3237915039062,734.2893696935566,722.3925047881719,729.4136102666406,7192580,-0.3760443926235313,0
2021-09-15,722.9921264648438,729.4135222821978,719.6620046046284,726.0004910950486,6572830,-0.04585291441512318,0
2021-09-16,722.7337036132812,726.0004379888927,714.8349391611118,726.0004379888927,5771290,-0.03574352224637867,0
2021-09-17,724.4207153320312,748.9116412844843,717.7116667293823,726.0492020410773,34749690,0.2334209281116717,0
2021-09-20,725.751708984375,739.262415565018,713.8841304943567,717.7115886797374,10838060,0.18373213578433134,0
2021-09-21,761.968994140625,765.2113857596514,721.7098189916245,729.5256749056305,19931330,4.9903134512673475,0
2021-09-22,759.9991455078125,769.8823181651729,757.7904124765051,765.4941352243961,15005410,-0.2585208385065818,0
2021-09-23,770.27734375,780.0239816420444,761.0719079876369,766.8203876193332,21091470,1.3523960260928725,0
2021-09-24,759.9747924804688,775.2310011656662,753.3681155542212,775.2310011656662,11293460,-1.3375119173795968,0
2021-09-27,760.1746215820312,766.4692425226461,754.7723025461403,765.3965994512124,6507740,0.02629417495680908,0
2021-09-28,735.5862426757812,763.05625104833,724.0550612274772,762.0810992898017,15723010,-3.2345698222703168,1
2021-09-29,732.8655395507812,744.6112854698002,727.0877772191973,734.1917911916227,9458790,-0.3698686798577322,0
2021-09-30,747.756103515625,750.8668399475779,730.4764432483274,735.7519879746072,14907070,2.031827553792631,0
2021-10-01,733.5823974609375,744.9380005245262,728.9260234701476,743.0657255976622,9377400,-1.8954985439836425,0
2021-10-04,750.3842163085938,757.5954831623926,737.229427599229,739.9451992670402,10901980,2.2903792274474366,0
2021-10-05,753.2266845703125,757.2053203041976,744.4405579373131,749.2090641938004,7732430,0.37880171250161965,0
2021-10-06,754.2944946289062,768.4780596869016,749.4040944839019,761.5934909459043,17646310,0.14176476756169176,0
2021-10-07,755.5377807617188,768.907132288165,754.5723900805436,765.0943152458248,9405500,0.16482768224685973,0
2021-10-08,754.0068359375,763.4463576090004,752.0370698009895,755.7426346867127,7565710,-0.20262981722439788,0
2021-10-11,762.2859497070312,770.7990060392906,755.9377018436246,758.0732867075557,9086480,1.0980157440134253,0
2021-10-12,766.0548095703125,772.8077231973836,755.7425684264634,761.5934786336361,10994490,0.49441549653770345,0
2021-10-13,773.2271118164062,781.0965940068653,766.5960914613798,771.1402726740599,10524380,0.9362648933849416,0
2021-10-14,766.7520751953125,777.0984808627802,761.8226900669705,777.0984808627802,11348490,-0.8374042402474857,0
2021-10-18,767.0104370117188,784.997117231375,760.6963535718374,784.997117231375,8550980,0.03369561358415041,0
2021-10-19,754.6991577148438,771.8032973254644,748.0388548532612,769.394701164481,12449890,-1.6050993184447249,0
2021-10-20,756.849365234375,763.8899318560522,738.6774039972331,754.8648982180091,11028990,0.2849092247620755,0
2021-10-21,754.504150390625,763.5438262298537,749.4041257441157,763.5438262298537,6394610,-0.3098654701287562,0
2021-10-22,751.861572265625,773.7829660447522,747.4538670110934,756.3277247298352,15173760,-0.35024036960324967,0
2021-10-25,745.6644897460938,764.2996873783139,716.7853763873005,755.7427058370624,11697290,-0.824231846409873,0
2021-10-26,766.0451049804688,769.8774443063488,746.0983587974431,750.3792893656031,16605750,2.7332152079972083,0
2021-10-27,729.6231689453125,772.3152802140304,727.5606730659624,767.4444021436108,31122330,-4.754541971270065,1
2021-10-28,729.8280029296875,740.7253128227694,717.0681792129649,735.2644863338089,15723020,0.028073941877582165,0
2021-10-29,721.6317749023438,736.2102450979165,713.1333017096629,729.4134663665798,9483340,-1.1230355637824707,0
2021-11-01,722.9725952148438,731.3832784126761,704.0595094301349,724.5376946074657,10373140,0.18580394588105786,0
2021-11-02,727.0097045898438,736.7271175770138,721.6366686584137,728.1165113046692,6871160,0.5584042053212723,0
2021-11-03,732.9483642578125,735.1473360060259,726.5854758879082,729.9985066877117,6687040,0.8168611272278969,0
2021-11-04,733.8114624023438,738.092392924638,732.8265495991443,737.3122238997204,940330,0.11775701899616742,0
2021-11-08,748.29736328125,752.1492248556847,729.9986251813127,735.6447922841941,9003010,1.9740630422264704,0
2021-11-09,738.9213256835938,756.1717645557151,736.239658054917,750.8669360295179,8002470,-1.2529828458225145,0
2021-11-10,739.306396484375,742.0904355112222,731.851342774208,735.7519495311658,4649890,0.05211255750738886,0
2021-11-11,726.7514038085938,741.2079816839932,722.5874865607514,738.2094375023709,6344000,-1.698212369794716,0
2021-11-12,739.0772094726562,741.1397053436252,726.7805606418502,731.3637856019969,4971280,1.6960140151732972,0
2021-11-15,734.7037353515625,743.7921572987373,730.3887005265262,739.0675753815883,4025180,-0.5917479344565768,0
2021-11-16,736.7954711914062,745.9911457543622,731.437016677177,733.8017479479183,5980490,0.2847046692695532,0
2021-11-17,741.861328125,750.0867306751439,733.4360028028684,734.0942183239796,6455740,0.6875526698613132,0
2021-11-18,729.8961791992188,750.6425557728699,725.5128769955205,743.0656078905735,7725390,-1.612855188990947,0
2021-11-22,688.2913208007812,732.7777352828354,681.6358987406267,730.5836440224681,19352430,-5.700106341710532,1
2021-11-23,693.7521362304688,699.9638475243731,675.2047326675108,682.6061599326497,11875890,0.7933872278578447,0
2021-11-24,699.8956909179688,713.7916042377208,689.0422464899001,698.2086973292941,10993800,0.8855547055871105,0
2021-11-25,694.8735961914062,702.5967807805987,691.0704808572133,697.2334465761667,6154860,-0.7175490279095142,0
2021-11-26,663.7907104492188,687.2772030274492,660.6653323226337,684.6540423530575,16890820,-4.4731712231623755,1
2021-11-29,673.4154052734375,680.6558948297746,651.2355843502454,659.8851752723442,14918150,1.4499592526242555,0
2021-11-30,682.3379516601562,702.0896527210359,667.9057194152042,673.8297774812822,21955390,1.3249691523014473,0
2021-12-01,686.3800048828125,693.108575249315,677.8279056451123,685.7461324864989,11367680,0.5923828819460741,0
2021-12-02,700.207763671875,703.0844734906984,684.7906155312743,691.382651463114,8477040,2.014592309026164,0
2021-12-03,689.3591918945312,705.4053318380063,687.9696124477962,698.2087066089612,8164110,-1.5493361171053044,0
2021-12-06,677.901123046875,691.9579739704924,676.5700503974281,689.3591563991523,8582530,-1.6621333235822378,0
2021-12-07,692.6649780273438,699.1838656632813,678.5106348585102,687.287001373112,10796080,2.177877345019219,0
2021-12-08,717.85791015625,720.281147719356,694.3079740275375,694.3079740275375,14026910,3.637102051940566,0
2021-12-09,725.5421142578125,728.2530049083997,715.4687809989823,721.6122245202453,10769500,1.0704352480966461,0
2021-12-10,726.7318725585938,728.1458545598667,717.7117184879236,719.0769548033336,6791450,0.16398197670417503,0
2021-12-13,703.9376220703125,729.1209262198597,702.0117213013265,728.4383081371753,12985990,-3.1365420107459796,1
2021-12-14,689.0324096679688,700.1588634689241,686.0191649726854,700.1588634689241,12764810,-2.117405283511742,1
2021-12-15,667.7108154296875,689.6761342881342,666.126193700146,689.6761342881342,18175280,-3.0944254492405787,1
2021-12-16,685.4196166992188,688.7936040038652,676.063003761261,677.2429589248692,17683180,2.6521663061778167,0
2021-12-17,672.9619140625,685.0440577063531,669.4416307692688,682.6061784974337,16805110,-1.8175293401597403,0
2021-12-20,646.9303588867188,669.4271197559931,633.1271150636551,667.979033507949,22263190,-3.8682063028850133,1
2021-12-21,641.4109497070312,658.2274370217557,637.74925009219,655.8041991862067,13755910,-0.8531689854817892,0
2021-12-22,660.2947387695312,662.2011770787484,645.9210117027538,647.0131768856746,12678980,2.944101448708558,0
2021-12-23,674.5855712890625,681.9722975850779,666.833103597738,667.0037432365259,13393990,2.1643111296271167,0
2021-12-24,668.1740112304688,681.4311711041365,658.968576051063,681.1337569536081,9807740,-0.9504442922403378,0
2021-12-27,671.9526977539062,673.7128395039787,648.8708727123537,658.3249164639178,9123600,0.5655243185048286,0
2021-12-28,673.503173828125,680.655933466804,669.124751916613,680.655933466804,8624640,0.2307418482582868,0
2021-12-29,673.99072265625,677.7255704396796,668.2763478146209,671.3822036875584,5323790,0.07238998227043769,0
2021-12-30,670.0365600585938,677.2380658507512,668.651861124294,672.8450020922869,6589920,-0.5866790839601732,0
2021-12-31,680.3926391601562,682.5087613970892,670.4704816039776,671.0994735542478,7699070,1.5455991088989096,0
2022-01-03,704.0206298828125,706.3951221854198,680.1683949223716,680.1683949223716,12697250,3.4726993448696675,0
2022-01-04,716.053955078125,719.1744527428874,705.5710732245846,706.9850552387707,9591730,1.709229060136419,0
2022-01-05,748.0194702148438,750.0038779683512,723.0750701453129,728.4286440816821,25832620,4.464121021890199,0
2022-01-06,755.572021484375,758.6047293627302,733.4116606447092,733.8017451804618,15359860,1.009673086097873,0
2022-01-07,746.9028930664062,759.1556778389872,739.6526417994501,757.1030023417596,11659510,-1.1473596389842022,0
2022-01-10,753.9190063476562,756.6201954870949,747.9169193218861,749.5015407666335,6390600,0.9393608387892716,0
2022-01-11,747.9267578125,756.7128846866448,738.2873731489789,754.6699703198371,10379120,-0.7948133001959401,0
2022-01-12,758.1317138671875,767.346909491462,750.0671901261137,753.4021923312238,14584040,1.3644325394286616,0
2022-01-13,761.4326171875,765.4502375254741,758.0829733991553,763.3487569931464,6163740,0.4353997148430544,0
2022-01-14,763.7582397460938,765.113714811622,753.6459219897315,758.1804009280972,5696350,0.3054272309983119,0
2022-01-17,765.7476806640625,771.3450422441064,760.7695499746525,762.5199307188522,6797740,0.2604804523784976,0
2022-01-18,755.1575927734375,774.7581205365482,752.4320005847813,770.3650568285359,11300240,-1.3829735509536478,0
2022-01-19,738.3653564453125,784.509541992886,728.7308528958996,765.4940838588136,50003170,-2.2236731099336216,1
2022-01-20,734.3136596679688,745.9910778969136,721.7097758677554,742.0904709536617,29103830,-0.5487387432218771,0
2022-01-21,719.0525512695312,731.2663512487071,712.4312920410172,721.8561126662424,13704500,-2.0782819708594302,1
2022-01-24,675.9508056640625,716.736539708315,664.8292308512905,716.736539708315,25025820,-5.994241384634547,1
2022-01-25,679.0712890625,682.2161295986159,658.4419255517711,672.8546967555197,25259340,0.4616435652254225,0
2022-01-27,666.7113037109375,673.0838945945355,654.1415826085916,665.4045740987304,17610280,-1.820130750723714,0
2022-01-28,669.6610107421875,687.0528623063855,667.4913220709923,678.807938222481,14675220,0.44242643177516694,0
2022-01-31,682.6306762695312,690.0077021649702,675.7899719711216,680.6462089864159,12512490,1.9367508813107337,0
2022-02-01,684.0299072265625,693.8984372985626,671.4894116013116,690.0075916846115,13834490,0.2049762786339837,0
2022-02-02,706.736328125,709.9104517331746,691.8701449240211,692.3577207837279,13398210,3.3195070359572476,0
2022-02-03,693.3963012695312,710.5979929145575,692.3577622454216,707.2775725422132,8398560,-1.8875535789790732,0
2022-02-04,698.0526123046875,700.9780673761414,687.9695176369205,691.3825485536167,8232080,0.6715223352981692,0
2022-02-07,675.8387451171875,698.6963070762507,671.0019704691596,698.6963070762507,11830120,-3.182262596820429,1
2022-02-08,687.9696044921875,696.9410130809821,674.2881959785307,682.6062695174079,16405420,1.7949339931519592,0
2022-02-09,694.049560546875,698.0037934321062,689.4322316673279,695.1417256573404,6491660,0.8837535866392354,0
2022-02-10,695.9658203125,706.0098714977798,688.9447157640627,695.7707780575496,12442000,0.2760984048624904,0
2022-02-11,683.7374267578125,690.4026109018221,674.9074341333287,686.5068841262539,12764610,-1.7570393829393405,0
2022-02-14,661.7330932617188,675.7801832147579,657.6472644432848,664.0783618603898,11697660,-3.2182432370910563,1
2022-02-15,696.458251953125,701.6216636535291,661.7330539147248,663.1031706523972,13468200,5.247607992558456,0
2022-02-16,689.295654296875,704.5421592761807,687.4818865826788,700.6464333470279,10540410,-1.0284317309994462,0
2022-02-17,690.6463623046875,695.0881714858908,680.8509794157985,694.3080619716533,9036160,0.1959548126253985,0
2022-02-18,685.5413818359375,693.9179013115902,683.5813174654605,684.5564691308891,7625170,-0.7391598287312617,0
2022-02-21,683.2254638671875,690.4952369135704,673.9273584919141,682.6062329757359,8166640,-0.3378232197373321,0
2022-02-22,683.7130126953125,686.131369921949,662.0305284230825,663.1031715107583,12587320,0.07135987370339159,0
2022-02-23,686.9505004882812,694.0495738422989,685.2829696716012,688.457093184238,7952280,0.47351560272430593,0
2022-02-24,646.3110961914062,672.8742199585773,642.8639014740704,663.1031805173742,19300400,-5.915914504464103,1
2022-02-25,679.6221923828125,681.6261218785405,659.1050231221318,663.1031210741361,14132810,5.154034394226326,0
2022-02-28,682.8305053710938,685.0441189365798,663.7467780757174,668.9541147195641,15808910,0.4720730170733045,0
2022-03-02,666.1797485351562,676.3993186970138,659.397552200104,674.6098940073371,16080090,-2.4384904753030012,1
2022-03-03,658.0665893554688,677.1746603939755,655.7895884654968,674.8050486514852,13339990,-1.217863376592776,0
2022-03-04,637.54443359375,653.1566224478119,633.8486299320509,652.2205148708539,19965090,-3.1185530603853984,1
2022-03-07,597.2803955078125,621.171611328125,594.8425163424745,619.2213079958547,28435880,-6.315487354971427,1
2022-03-08,600.8738403320312,606.2859202953055,576.5974200197035,597.5729423460508,28857830,0.6016344837776799,0
2022-03-09,631.1669921875,636.2865390534473,596.9732925011505,606.4956639562623,22801310,5.041516175630045,0
2022-03-10,642.127685546875,662.5181425798357,633.9461478351354,662.5181425798357,20915610,1.7365758182929403,0
2022-03-11,646.3305053710938,651.8888817112313,632.878304948465,638.7243343617899,12647710,0.6545146578813776,0
2022-03-14,649.9825439453125,652.2790669213351,633.8486739782429,643.6976834126415,12668460,0.5650419628765446,0
2022-03-15,650.0897827148438,658.2273950521841,644.0876954547668,651.1282621336869,14792700,0.016498715316304313,0
2022-03-16,667.062255859375,672.7961524994239,657.5789295785145,661.1528390591453,16335960,2.610789093416055,0
2022-03-17,682.0601196289062,688.1548178629234,675.7899012279738,677.506177773639,16706780,2.2483454336971187,0
2022-03-21,669.96826171875,684.4346598927212,667.978973501712,682.6062502937202,9620190,-1.7728434139698934,0
2022-03-22,681.2214965820312,683.5813470493079,659.8851724575827,669.9292231424744,12737960,1.679666859801987,0
2022-03-23,683.0744018554688,692.7479518115857,679.6808922000331,687.4821076054853,11767500,0.2719974755251098,0
2022-03-24,682.3673095703125,686.0728742730936,671.0262900894967,679.5832704026856,7837160,-0.10351614454231495,0
2022-03-25,680.0220947265625,689.1836650790523,676.7553599520786,688.3596903638615,7023730,-0.3436880417420296,0
2022-03-28,682.7427368164062,686.0192322981575,669.929228981996,681.631049575568,9369730,0.4000814254333518,0
2022-03-29,686.4434204101562,688.4571110832304,681.094727535552,686.5068076523997,7159500,0.5420319242070759,0
2022-03-30,707.1654052734375,709.369257707245,692.2602372615017,692.3577286271326,12722540,3.0187462283344013,0
2022-03-31,707.9552612304688,726.0004483929064,706.0732255716209,710.6856741158817,16330110,0.11169324052635599,0
2022-04-01,722.4022216796875,726.3906188353111,704.0889013410718,705.0298895225706,8715130,2.0406600869254277,0
2022-04-04,730.4519653320312,740.2278843268937,724.5376682568382,726.3904801795783,10497590,1.1143021727739066,0
2022-04-05,720.4859619140625,729.4086241813975,714.7862285377996,725.0253218524612,10720820,-1.364361229891231,0
2022-04-06,716.4390869140625,724.0501388067019,711.8607425304947,716.7365010409776,7670310,-0.5616868633011252,0
2022-04-07,710.9051513671875,717.3216070607565,708.9353257764564,712.8359327958591,7182660,-0.7724223381936679,0
2022-04-08,718.3552856445312,724.0501982403985,707.9601938350562,714.6204971722774,8819730,1.047978659743265,0
2022-04-11,715.4346923828125,720.0520811863629,711.3732067415247,716.2538460468616,5975080,-0.40656668365686155,0
2022-04-12,709.3741455078125,711.855890022115,704.0595566185492,711.855890022115,8055980,-0.847113921022602,0
2022-04-13,714.6350708007812,719.6620067474355,710.1104118190075,713.1284779803021,6723170,0.7416291284767063,0
2022-04-18,708.1016235351562,719.1744531888282,705.190750175276,708.4965290648925,7582220,-0.9142354654248841,0
2022-04-19,707.9163208007812,725.8347345984566,697.3310078506896,711.8607930505067,11911100,-0.026168946407700844,0
2022-04-20,685.7754516601562,711.3439013600519,678.7056016430413,709.4180005076323,15581810,-3.1276110593946527,1
2022-04-21,696.072998046875,700.8415039076403,687.2186043851701,692.2601812772791,8753430,1.501591572254446,0
2022-04-22,693.406005859375,702.7918409566901,689.5687863068246,690.407402483019,8079870,-0.38314834722555924,0
2022-04-25,683.142578125,689.915014483911,677.73049756613,682.6062565414259,6849530,-1.4801469337801576,0
2022-04-26,706.0635375976562,708.2478681320293,692.0652523921989,695.3807328395355,10124190,3.355223375999583,0
2022-04-27,654.7266845703125,692.3578210609251,652.264461833301,692.3578210609251,39843570,-7.270854575214958,1
2022-04-28,656.0480346679688,663.5908197825155,641.6499036251215,658.0324424522669,24990940,0.20181705264135097,0
2022-04-29,650.6016845703125,665.4044797905636,648.5733524298956,663.1031361319658,13375170,-0.8301755069524241,0
2022-05-02,646.1500854492188,648.4611900424657,636.3351819480757,638.724315336629,12387410,-0.6842280348588026,0
2022-05-04,618.2218017578125,650.2117070268549,613.3704456493213,646.5158438332238,16491150,-4.322259536960338,1
2022-05-05,615.2671508789062,633.5999925555411,613.3704735125447,624.0971431606179,14860280,-0.477927318400162,0
2022-05-06,585.120361328125,605.0865705644644,582.6531987127922,604.6916055177755,30648650,-4.8997885727714685,1
2022-05-09,588.6942138671875,598.2799717628109,568.7621106980375,581.2879057410337,19356480,0.6107892965731887,0
2022-05-10,578.1138305664062,596.1151539179313,575.3395523110268,585.0910701468068,11779330,-1.797263002005356,0
2022-05-11,566.2706298828125,584.7594688649682,559.4445676719399,580.8979060489681,18613390,-2.048593210785221,1
2022-05-12,545.4413452148438,562.1505185923986,536.9087683537512,560.7121937289419,24940440,-3.678326858004144,1
2022-05-13,537.8693237304688,560.6147495821601,536.3334478624279,555.8364823301525,21053150,-1.3882375347604947,0
2022-05-16,550.5121459960938,557.0018094432979,535.1632670165015,543.6470991217507,14149550,2.3505378923525333,0
2022-05-17,569.225341796875,570.366312257486,551.1558098725561,551.9359194097094,14017700,3.3992339563955865,0
2022-05-18,567.0702514648438,580.8686126940283,564.6128500662915,574.3594868184744,16550940,-0.37860056005734055,0
2022-05-19,556.5191650390625,560.2247301143519,547.157671696782,551.058279043096,10650250,-1.8606312707333705,0
2022-05-20,562.62353515625,569.6787432820787,557.0066519521239,569.4885815621069,10986100,1.0968840788724732,0
2022-05-23,565.0029296875,575.9489839237577,562.7795551997091,568.0258762084044,9680210,0.4229105934200117,0
2022-05-24,565.470947265625,568.80594926527,558.274323280026,563.9301909833483,10840690,0.08283454005872937,0
2022-05-25,568.2598266601562,573.1648677148951,565.7634409765312,569.3910358321988,8675980,0.49319587646670104,0
2022-05-26,567.3238525390625,572.9455575287448,551.2923542903476,570.4638128202148,12595460,-0.16470883162632566,0
2022-05-27,584.4572143554688,592.5997676917888,571.5413333749526,575.3395687262914,16258050,3.0200319869728265,0
2022-05-30,595.9347534179688,597.4755099017287,589.0989298898346,593.6723941370864,8174840,1.9637945739376717,0
2022-05-31,593.1019287109375,601.5905815679245,586.6951747775706,595.8177000590567,15489660,-0.47535819832350557,0
2022-06-01,586.080810546875,597.7679893328242,582.8725233768635,590.9419274644233,8876200,-1.183796211778032,0
2022-06-02,590.7322387695312,592.8922259453001,580.137225208787,585.773630530914,7508090,0.7936496365263945,0
2022-06-03,587.8410034179688,601.4736062623757,586.4563045549569,597.2804655102569,10434650,-0.4894324639509784,0
2022-06-06,587.1388549804688,589.9668189115934,576.4121855457125,585.8906916686109,7376570,-0.11944529786411806,0
2022-06-07,573.252685546875,584.1110096560042,568.8693832526955,583.1407384396488,8969820,-2.365057143774907,1
2022-06-08,580.6346435546875,590.3569381918305,565.8074434021893,575.3395762913837,13341460,1.2877319538015186,0
2022-06-09,575.1980590820312,578.4209281521186,570.9512926802718,575.8270509439803,12376740,-0.9363176195228529,0
2022-06-10,552.6672973632812,569.0010904481246,551.1948085831134,568.0259386221638,21518910,-3.9170441142842627,1
2022-06-13,522.5107421875,541.599351199043,519.2683504429968,538.7762675999961,19327850,-5.456547785558341,1
2022-06-14,524.2171020507812,532.5302332345242,515.2895611156205,521.4135413677643,18845410,0.3265693363810218,0
2022-06-15,534.8658447265625,536.3236918050865,526.2064925809577,528.337196735611,16599430,2.0313611734761094,0
2022-06-16,515.2604370117188,547.5428159944893,512.4275926665515,542.6719378635582,21796860,-3.665481336701648,1
2022-06-17,528.4883422851562,533.8955416537012,509.02917396024117,509.02917396024117,19379390,2.5672270415624032,0
2022-06-20,533.4517822265625,537.308523410971,521.9011402694985,529.3122685091346,11194560,0.9391768075610818,0
2022-06-21,541.1263427734375,542.5744884388342,531.9453099504638,538.7713725896081,10023590,1.4386605879995962,0
2022-06-22,530.4435424804688,539.4051890234362,527.0694961570272,539.4051890234362,8983460,-1.9741785695030378,0
2022-06-23,531.2772827148438,535.8458661079251,521.0235481717509,531.028614266632,11018570,0.15717794027170218,0
2022-06-24,544.8904418945312,547.7085852126704,531.9452786300774,537.3086132450461,13049330,2.5623454310193416,0
2022-06-27,550.1026000976562,558.2743765189274,544.8904425661295,555.8364971454822,10490080,0.9565515931978519,0
2022-06-28,543.76904296875,547.937840878282,538.7713898053968,546.7676467704708,7395000,-1.1513410639727772,0
2022-06-29,537.5816650390625,541.5992853360926,532.4328354243032,534.8707147073816,7559820,-1.137868734841363,0
2022-06-30,528.5482177734375,541.7313701288626,526.2482910336289,539.539086316308,11982750,-1.6803860423641126,0
2022-07-01,549.4826049804688,551.3959846446133,522.1425594513455,524.9759216389047,12218900,3.9607336668770587,0
2022-07-04,551.038818359375,552.8640887029217,542.2989537185742,549.3358260755626,7898180,0.28321431193651936,0
2022-07-05,554.0531005859375,563.2431287874067,550.6619308382845,553.9454576779708,12284530,0.5470181276043373,0
2022-07-06,579.0687866210938,581.2366385496649,552.565570728322,555.9029193656519,22229520,4.515034029897302,0
2022-07-07,573.588134765625,585.9393545338368,569.2133038835432,580.859886581899,13352470,-0.9464595540451648,0
2022-07-08,574.8114013671875,580.174670476745,567.7451401984172,580.174670476745,8032820,0.21326567399486684,0
2022-07-11,573.66650390625,577.821091309723,568.9980737875409,572.540972118238,7613370,-0.1991779317902176,0
2022-07-12,574.8457641601562,583.2626411555851,566.0815266420386,572.5213458181329,9754460,0.20556547155470284,0
2022-07-13,575.3693237304688,585.1661435536923,574.1654792516913,580.3655799804043,8869340,0.09107826880787595,0
2022-07-14,570.6666870117188,580.0720023536459,567.1286278031637,579.8811482252403,6929200,-0.817324894601601,0
2022-07-15,578.9219970703125,580.1991963891522,568.9049337442023,573.030190175602,5698590,1.4466080194416975,0
2022-07-18,593.0740356445312,593.8863753273484,580.5026325319312,584.2755110058437,9664320,2.444550154569436,0
2022-07-19,593.6759033203125,596.8273558434488,587.4220409133387,591.1361994805629,9785600,0.10148272215746434,0
2022-07-20,594.5029296875,601.8627901258428,591.3368420718173,601.8040703770369,8270920,0.13930603593006463,0
2022-07-21,613.3429565429688,614.9333478057933,590.7446937926165,594.9531615378282,13254930,3.169038521874401,0
2022-07-22,612.4964599609375,619.0292867315674,608.5278287770789,613.7442697175434,9532950,-0.13801358163504363,0
2022-07-25,609.43798828125,619.9101157683294,605.3274263091413,610.7102894371935,7240230,-0.49934520109431446,0
2022-07-26,613.1031494140625,624.7741620123152,608.0187839638337,616.5824288083946,15304060,0.6014001757831178,0
2022-07-27,626.0123291015625,629.2469334165883,606.3061464076536,614.5272705920288,14449890,2.105547769545346,0
2022-07-28,692.5884399414062,695.8524336006047,638.309648879884,638.309648879884,64857820,10.634952020097144,0
2022-07-29,705.5562744140625,710.5378955853541,697.3254140558744,702.2189257334595,26067620,1.872372353450391,0
2022-08-01,710.6358032226562,715.431468974453,703.8827923662392,709.6619990936387,12270770,0.71993248345954,0
2022-08-02,718.553466796875,719.9334108000954,702.9235595082451,704.8076092836476,12491240,1.1141661506939293,0
2022-08-03,714.095458984375,721.9299756392164,706.4273049939109,716.9972778389955,12186210,-0.6204142097278598,0
2022-08-04,716.0822143554688,722.7716662444248,705.1550244131456,718.264761157869,9494810,0.2782198578771933,0
2022-08-05,714.9126586914062,721.102962844268,712.1086860878365,718.3626082812351,7580780,-0.1633270091919825,0
2022-08-08,718.5828247070312,724.0440006520189,710.9294247483369,714.4527293826987,9574820,0.513372643637755,0
2022-08-10,699.7135009765625,721.2058273305755,695.3680599017704,721.2058273305755,19065230,-2.6259079791062123,1
2022-08-11,716.307373046875,716.8994688512604,706.3637237541396,708.9720037382682,10270510,2.3715237803977107,0
2022-08-12,715.3727416992188,718.6611674591828,711.7173025356359,714.6485114737183,10369410,-0.1304790907959985,0
2022-08-16,713.0922241210938,722.6737572728005,711.7220768274485,718.2695971966842,8044640,-0.3187873181620171,0
2022-08-17,736.6790771484375,747.5328529022196,714.0612201410228,714.4527249803182,23444140,3.307686191139614,0
2022-08-18,732.8768310546875,742.7176764436331,729.3681614726739,733.0480920263345,8353540,-0.5161333084778064,0
2022-08-19,714.6190795898438,737.8143372778617,711.6144562011592,735.0054663066153,11004270,-2.4912441888180425,1
2022-08-22,695.0939331054688,712.4756958680088,693.7874037387003,710.6357307274088,10608620,-2.7322453376953604,1
2022-08-23,705.4193115234375,709.5592033463018,689.9851563574384,693.4106145804896,10886030,1.4854651905589433,0
2022-08-24,702.4049072265625,708.2281982826726,698.793493087164,701.2402490153404,9530960,-0.42732092071098293,0
2022-08-25,689.7062377929688,708.482639578025,687.5481824325043,705.9184442558753,13542960,-1.8078844983777653,0
2022-08-26,691.16943359375,698.9403329288097,687.6069425718782,696.8360989045892,7591390,0.2121476826805857,0
2022-08-29,681.6026611328125,686.608714774057,671.522037508305,673.4451544350177,9967350,-1.3841428737950467,0
2022-08-30,715.0643920898438,717.8781612973829,685.0916331399701,685.0916331399701,17313810,4.909272346651106,0
2022-09-01,702.8355102539062,717.7656191030512,698.989217258493,707.4647531676422,14625790,-1.7101791071147399,0
2022-09-02,703.7212524414062,715.7250516889787,702.0672429994255,706.3393291441811,9063700,0.12602410871072056,0
2022-09-05,704.2938232421875,709.9507518427957,700.5551728691541,703.7555488639396,7070250,0.08136329530972208,0
2022-09-06,696.7724609375,710.048560814784,695.3680254430104,707.4794671247237,7919050,-1.0679296135330585,0
2022-09-07,701.3870239257812,705.4437043204384,691.9425228806242,692.7254727699319,7919940,0.66227689051781,0
2022-09-08,710.3079223632812,712.4414863089771,702.2189331384734,706.6230936947426,7722510,1.2718938522084722,0
2022-09-09,702.7963256835938,716.8015525055853,701.2401628210414,714.4526432091559,6496070,-1.0575127269727647,0
2022-09-12,713.170654296875,716.4003602700573,703.4765783512536,706.3148392055599,8347160,1.4761500927299886,0
2022-09-13,724.5774536132812,728.5461447078471,715.6663867129686,717.3889126228831,13827000,1.5994487781683109,0
2022-09-14,732.4069213867188,739.8989159346096,711.7269973832266,711.7269973832266,14933880,1.0805563621106185,0
2022-09-15,722.89892578125,737.2417777419358,721.274246419021,733.0431661406051,7174200,-1.2981848379404415,0
2022-09-16,711.9179077148438,732.0841118877466,704.1127797363613,722.7717439377876,11870360,-1.5190253678325605,0
2022-09-19,733.6451416015625,736.4197845988773,703.7800214988371,712.0060444029732,16481170,3.0519296749340175,0
2022-09-20,747.2784423828125,755.0689353396155,740.3883986836281,740.8728516144552,16134500,1.8582963354038196,0
2022-09-21,752.685791015625,757.0263339280518,742.4485420346724,747.7286607899567,12392620,0.7236055968067756,0
2022-09-22,755.5142211914062,761.2347079955539,743.8138173777057,750.6647341167109,12810390,0.37577834064925764,0
2022-09-23,734.7265625,756.6837473787502,731.5800081546605,755.0492714414521,14123310,-2.7514582926877584,1
2022-09-26,710.489013671875,730.1119846913961,697.716959398788,727.8609811360469,18752050,-3.2988529427401825,1
2022-09-27,708.8594360351562,722.2774673403942,705.6493232502384,716.8995024726788,11428290,-0.22936000492068676,0
2022-09-28,704.910400390625,714.2080731482938,700.7607117911587,702.6104736551979,8690690,-0.557097139966034,0
2022-09-29,695.3435668945312,716.1067646880623,693.7091506050015,715.6761332407021,9696320,-1.3571701440058592,0
2022-09-30,717.9515991210938,720.5206928283927,687.7145704488598,693.0191205395838,16186650,3.2513470035441694,0
2022-10-03,701.90576171875,724.0440046493243,699.243719933247,718.0739440594593,8201980,-2.234946954918249,1
2022-10-04,732.9207763671875,734.5160658726861,715.0741545128561,717.8781270054834,11914950,4.418686430567442,0
2022-10-06,724.6458740234375,743.7159345817878,719.0428270020395,738.9202692054272,15100600,-1.1290309417568367,0
2022-10-07,718.8715209960938,724.9982068390226,711.7367431297915,722.8156601302057,9911960,-0.796851708446622,0
2022-10-10,713.8067626953125,718.1717367284397,706.7209078564744,711.0272218761828,6531130,-0.7045429054921115,0
2022-10-11,704.939697265625,719.590841523835,701.983997305189,715.1377581578158,7322060,-1.2422221101136333,0
2022-10-12,707.22998046875,710.3911703600677,699.2829211195224,705.1551359924645,7407310,0.324890655471477,0
2022-10-13,699.9337158203125,707.2103661432293,696.3174031010327,706.6720917430339,6086550,-1.031667894452315,0
2022-10-14,711.76123046875,718.8568219722198,706.720889851497,714.4526617286868,8390120,1.689804960256236,0
2022-10-17,719.8551635742188,721.5287063435292,706.3294900795495,710.0436487305852,6174010,1.137169707900254,0
2022-10-18,723.3001708984375,727.1758537501679,716.5079741281039,724.2397466690771,9069750,0.4785695093320719,0
2022-10-19,722.321533203125,728.1546212977836,719.3462992659555,725.9036176144789,6271770,-0.13530173705017523,0
2022-10-20,727.4107055664062,729.0353848756157,710.6357334004081,721.2987143332386,10260540,0.7045577529321889,0
2022-10-21,703.9561157226562,733.0480174892626,700.0706365569466,733.0480174892626,23869600,-3.2243943709196365,1
2022-10-24,705.3019409179688,715.4314873301132,703.6870579895368,715.4314873301132,2278840,0.19118026894771045,0
2022-10-25,695.1624755859375,708.8300802837163,693.8999710502121,708.8300802837163,9098990,-1.4376063277005136,0
2022-10-27,682.26318359375,705.6443971649834,678.3385775969537,703.2954876215127,16414580,-1.8555794429661931,0
2022-10-28,685.7621459960938,693.9000595207867,683.1343322221567,685.091737185544,8396690,0.5128464332361249,0
2022-10-31,699.1947021484375,699.733036215717,689.5936347237107,694.2914536747905,8189860,1.9587777235549275,0
2022-11-01,705.5953979492188,708.1889230663988,700.750809872465,704.3671218486255,7627420,0.9154382579149356,0
2022-11-02,700.3790283203125,708.5805594642021,698.7984334531818,705.3508533915959,5859140,-0.7392862317508575,0
2022-11-03,696.99267578125,704.1763776898395,694.1055514858048,695.3680560787087,6323130,-0.4835028466206093,0
2022-11-04,705.8402099609375,707.1027146007792,696.9927016942594,696.9927016942594,9219250,1.2693869659061274,0
2022-11-07,703.69189453125,709.6228284383883,695.955223709119,709.3732545579807,7224940,-0.3043628571127166,0
2022-11-09,699.1849975585938,708.0911652383268,696.3125084898497,708.0911652383268,6896340,-0.6404645282518717,0
2022-11-10,682.6547241210938,701.2402732358162,681.6222002519708,700.5551696052132,10081820,-2.364220270060169,1
2022-11-11,690.1271362304688,700.5404845678647,684.6023419609774,699.6743831048278,12333420,1.0946107666647498,0
2022-11-14,687.6167602539062,695.5638190941011,685.1944359328196,690.4647580013466,8550600,-0.3637555813664095,0
2022-11-15,687.61181640625,691.198739019046,683.2320875430663,688.5317990058749,7195210,-0.0007189830065312819,0
2022-11-16,674.8201904296875,688.502430609697,670.6656035984572,686.1682158718513,13362040,-1.860297579441983,0
2022-11-17,674.8201904296875,680.1981552379646,668.6494790816943,672.3685361848657,7339440,0.0,0
2022-11-18,664.685791015625,678.0450435808742,660.6241519649968,676.2735945405709,13276890,-1.5017925601202742,0
2022-11-21,653.68505859375,660.3304857634139,646.9564799551143,660.3304857634139,10717480,-1.6550274687030853,0
2022-11-22,654.2673950195312,658.446473014442,651.8451306871466,653.79763702422,9587690,0.08908516695089741,0
2022-11-23,663.5650634765625,666.0069209575355,654.751844409392,657.5411220946152,8936670,1.4210808192197444,0
2022-11-24,662.713623046875,669.41771022723,659.3811128836599,666.8829046011837,7546110,-0.12831302860139004,0
2022-11-25,660.3794555664062,663.3644859898295,653.2838630464263,662.5815360036414,8590580,-0.35221359563083476,0
2022-11-28,663.3106079101562,668.7277587751319,658.5247391652549,658.5688237796204,6040540,0.4438588025480028,0
2022-11-29,659.0728149414062,666.3886507757769,657.7858189745936,663.0708355059365,6818600,-0.6388851494628867,0
2022-11-30,657.781005859375,661.0352035090726,653.5774954896488,659.1561114983793,14828310,-0.19600400027819376,0
2022-12-01,660.4039306640625,662.5815195928475,656.4157064683546,661.0743394133837,9816160,0.39875350326674663,0
2022-12-02,653.3572387695312,659.8362436024623,650.5434694895033,658.6862802785447,14386020,-1.067027551978006,0
2022-12-05,651.8598022460938,655.6327404963107,649.0754226808698,653.2398060373021,10292500,-0.22919108178208747,0
2022-12-06,655.5886840820312,659.1560734836496,649.0754506023685,653.2251392653227,8409800,0.5720373956315417,0
2022-12-07,648.409912109375,658.1724443382834,646.0414093688976,658.1724443382834,9610270,-1.0950115746290123,0
2022-12-08,644.177001953125,653.773171349387,642.0287431215537,653.773171349387,11377840,-0.6528139186644633,0
2022-12-09,637.8644409179688,647.705287153264,635.1779073981639,646.1883102613832,11312920,-0.9799420060040531,0
2022-12-12,636.7927856445312,639.9735686702577,625.586630422228,636.9493517561303,11000480,-0.1680067432345389,0
2022-12-13,647.9108276367188,650.6413860061074,636.8417051602293,636.8417051602293,9586360,1.7459434596034829,0
2022-12-14,651.3460083007812,654.6099424135516,648.5468741757757,651.6200138969613,6782830,0.5301934336539027,0
2022-12-15,648.429443359375,657.1007917114908,646.3350656972053,649.0754203719731,8577060,-0.44777505415515284,0
2022-12-16,645.6401977539062,655.2706557892815,642.0287834575473,644.964890698969,8802330,-0.430154064414201,0
2022-12-19,654.458251953125,656.2199041783662,645.6499310916704,645.9533264208217,6595590,1.3657845700895788,0
2022-12-20,650.1372680664062,655.6180370994242,644.4755012222467,651.8157688899261,6077160,-0.6602382770518167,0
2022-12-21,638.7695922851562,655.1335252621795,636.6458250902781,655.1335252621795,6223900,-1.7485039451835993,0
2022-12-22,635.2413940429688,643.4967453370848,627.0545590762816,643.0073941999464,8497060,-0.5523428611505454,0
2022-12-23,623.8836669921875,632.8289617241558,620.5022334006942,631.2630617441638,9943030,-1.7879387516760326,0
2022-12-26,629.6676635742188,633.2105609503614,616.5824192337444,623.8884578340457,5305350,0.9270953685831529,0
2022-12-27,636.6165161132812,639.092661837426,629.3056379195481,632.8289426358828,7810350,1.1035746221456533,0
2022-12-28,633.8173828125,643.0074117553255,632.6380895491765,633.7097398958498,7559340,-0.43968907967872894,0
2022-12-29,637.223388671875,638.1629047700416,626.604431511221,630.2843621897212,5218800,0.5373796856534829,0
2022-12-30,643.5164184570312,657.6782134525532,637.6246109185274,641.050069304122,15202660,0.9875704340156721,0
2023-01-02,641.4171142578125,646.9223155054955,634.6640434998856,642.5181545073491,5793400,-0.3262238754144442,0
2023-01-03,646.5552978515625,651.8158234537607,639.0926917647233,642.5181502963871,7420810,0.8010674301535348,0
2023-01-04,643.1053466796875,649.6626649466967,641.0500954585792,645.4542564197451,6712530,-0.5335894985840861,0
2023-01-05,597.0133056640625,635.1777973533373,589.6730383602875,635.1777973533373,51023000,-7.1671058643183905,1
2023-01-06,585.3031616210938,600.9183751344237,581.5057915313778,599.9445710255272,29319220,-1.9614544486480812,0
2023-01-09,586.5706176757812,594.8552999449439,582.8172725101724,589.1788380371516,14005480,0.21654693461368169,0
2023-01-10,577.8405151367188,588.6894519783666,574.9876193471162,587.1235521431806,11203750,-1.488329329152993,0
2023-01-11,577.0184936523438,582.2300960078767,574.0627932161952,580.3705375079312,11088910,-0.14225750234569956,0
2023-01-12,577.27783203125,583.7861669486476,573.2259898842042,578.075476851971,14769490,0.04494455234262951,0
2023-01-13,585.0486450195312,585.753281948959,574.6939587480992,579.391717483348,11084900,1.3461131810550198,0
2023-01-16,588.2881469726562,594.2875366581737,584.7305548255464,587.2213352634207,9083390,0.5537149740799441,0
2023-01-17,585.7484741210938,589.1739324392914,581.3492117169716,589.1739324392914,8170050,-0.43170559608105563,0
2023-01-18,587.0892944335938,592.0170943754554,585.7533752406853,587.608035368633,7962810,0.22890717974328734,0
2023-01-19,588.43994140625,590.1233406586526,583.3702699555505,585.5576555637433,5481420,0.23005818458319283,0
2023-01-20,573.5587158203125,589.1543357080062,571.2881191520584,588.4448003833496,8330900,-2.5289285343844004,1
2023-01-23,573.8131713867188,580.8598401988603,571.6600142864462,575.5748236559415,8560640,0.04436434481556173,0
2023-01-24,573.03515625,579.4896699361568,571.8215748257971,576.6856971042962,6081450,-0.13558683828022167,0
2023-01-25,567.24609375,573.0350963641953,565.3963320619442,572.5457452129793,8278370,-1.0102456082946465,0
2023-01-27,563.8010864257812,573.6713214189587,555.9029510620045,569.1154331735135,16213520,-0.6073214716110553,0
2023-01-30,589.35498046875,593.700421340189,564.716160482224,564.716160482224,24481600,4.532430791321773,0
2023-01-31,576.1033935546875,592.1149504400433,574.8898121395254,592.1149504400433,19967880,-2.248489849618762,1
2023-02-01,569.3306884765625,585.3031176070415,558.7313852940819,581.7406865387608,26348660,-1.1756058294216776,0
2023-02-02,559.5878295898438,569.5069886365111,552.4775418406758,569.5069886365111,20250440,-1.7112829299240961,0
2023-02-03,588.6160278320312,590.1574959251542,562.46513064903,564.7112357360098,14868920,5.187424870098423,0
2023-02-06,597.4194946289062,599.3573659760539,582.8759914876763,587.2214324774193,10738200,1.4956213185868483,0
2023-02-07,602.9344482421875,605.0337838257294,597.0084128857887,599.2545179756123,14721930,0.9231291685094511,0
2023-02-08,621.637451171875,624.1184950590691,603.1547076321096,603.3699934742979,19032080,3.1019960767235677,0
2023-02-09,631.7523193359375,634.9624914750399,620.0323834716351,623.9129045453301,18381540,1.6271330089579594,0
2023-02-10,629.8438720703125,638.857742027803,628.3268954069562,631.6496089301903,12912820,-0.30208789223458155,0
2023-02-13,621.0355834960938,633.5287337175622,616.29379913628,629.7900834564427,7365570,-1.3984876196803664,0
2023-02-14,632.1144409179688,633.4503599812222,617.5611426984897,621.8478634916032,10340900,1.783932791661802,0
2023-02-15,635.1729125976562,635.7650083908314,626.1052211920463,631.263001576017,6189790,0.4838477784570028,0
2023-02-16,630.02001953125,638.5787664619418,628.3268836485358,636.6458532918575,5290480,-0.8112583147370955,0
2023-02-17,628.00390625,633.788070461768,623.1887075208209,627.3481924159342,6160440,-0.3200078122517547,0
2023-02-20,623.178955078125,630.6317642780641,620.790918838617,628.8162904458325,4657320,-0.76829954779839,0
2023-02-21,624.3386840820312,627.1769447884282,621.6717440749218,625.8801522288632,4485090,0.18609887167335692,0
2023-02-22,606.663330078125,622.4547022470163,605.327410911603,619.6164415030471,9347000,-2.8310521924321264,1
2023-02-23,607.0254516601562,612.9074624764158,599.2252224243927,608.1656781546596,8097680,0.05969069895563894,0
2023-02-24,610.34326171875,615.212282085304,606.7954656494287,612.0559908556637,6077610,0.5465685251779595,0
2023-02-27,606.2572021484375,610.8081323811198,600.4339110316424,608.2635300833998,5950040,-0.6694691047798296,0
2023-02-28,598.1926879882812,611.3561868766797,596.029734278737,608.7528648955245,9778520,-1.3302133371079883,0
2023-03-01,602.3765258789062,607.181987265454,597.0181550799093,597.0181550799093,5448040,0.6994130778654739,0
2023-03-02,595.3445434570312,607.7349469094503,594.0771408186902,603.3895066998957,5822980,-1.1673732490845135,0
2023-03-03,597.0133056640625,601.0210629390045,594.3658991972982,599.1419712351077,7120370,0.2803019235451565,0
2023-03-06,600.419189453125,605.131643599704,598.9707291082575,600.9232354936229,6084770,0.5704870824066566,0
2023-03-08,586.9131469726562,599.846725485788,585.7533870168451,599.846725485788,13427950,-2.249435514006526,1
2023-03-09,577.5615844726562,591.1361803925868,576.4654426918077,587.221371250914,9408580,-1.593346911418847,0
2023-03-10,574.9044799804688,576.2012726778719,565.7878642404728,574.0089887405788,7708610,-0.46005561374266035,0
2023-03-13,570.9308471679688,582.0831787195816,568.723868756509,574.4003897461749,7933560,-0.6911813963660585,0
2023-03-14,560.9481811523438,572.540881961184,559.4409412837994,571.5621795988573,13725650,-1.7484895176259507,0
2023-03-15,559.6953735351562,569.6047342469262,557.9581530718334,567.6473296618852,6794730,-0.2233374952056888,0
2023-03-16,559.3381958007812,563.243208662889,554.4348874153372,560.7670630170454,8849630,-0.06381645288918714,0
2023-03-17,561.0264282226562,569.2866784601547,556.6956822635701,561.7800481487219,10471510,0.30182677216563647,0
2023-03-20,543.2581787109375,561.8192374297754,536.8868161329699,561.677366192923,17127560,-3.1670967030927533,1
2023-03-21,558.8487548828125,559.3283094049785,546.7177219528812,548.2493932910552,11301140,2.8698281558998007,0
2023-03-22,570.9945678710938,573.2260381347769,561.2858562722564,562.7343167860638,12425340,2.17336316528578,0
2023-03-23,570.8819580078125,577.434377304952,564.9559225411585,568.5771331255447,10544190,-0.019721704831821008,0
2023-03-24,552.8934936523438,570.5590616956783,550.7354379304155,568.0291539830229,12780420,-3.1509954208821855,1
2023-03-27,547.3931274414062,560.3071125128811,546.5612543125625,557.6646041400056,11187430,-0.994832869998663,0
2023-03-28,541.657958984375,550.4613823268427,540.5079956070775,550.1334955169115,9481360,-1.0477238696507296,0
2023-03-29,550.5396728515625,552.5753307590757,543.6691631417632,544.3689616154563,11096120,1.6397273814347635,0
2023-03-31,549.7125854492188,557.2730963246587,546.7226571831748,557.2730963246587,12678280,-0.15023211643582224,0
2023-04-03,559.3333129882812,561.1879731286748,551.2247302526042,553.4562003699883,7453860,1.750137761754278,0
2023-04-05,563.8597412109375,582.0391477464069,562.0833942089848,570.7791733988241,24333290,0.8092541812811938,0
2023-04-06,580.5858764648438,583.2088517684115,558.4036054980304,563.8304942102561,17405020,2.9663645107886882,0
2023-04-10,570.466064453125,584.2755410959469,568.7239454936597,581.8336833663823,9282570,-1.7430344798150643,0
2023-04-11,571.342041015625,575.4770349320461,568.7386590725222,573.3238776162015,8116200,0.15355454374657018,0
2023-04-12,573.2211303710938,575.1589420789222,566.2772055259481,571.2686237902651,10230690,0.3288904405018833,0
2023-04-13,577.8699340820312,581.0556151086043,572.5800190437939,573.2210977757868,8330060,0.8109965708919198,0
2023-04-17,583.448486328125,587.025612077752,577.4343417383006,587.025612077752,6728570,0.9653646810601879,0
2023-04-18,578.966064453125,586.6342189546447,574.5227772398061,584.7746605750335,6408890,-0.7682635194084853,0
2023-04-19,582.107666015625,583.3065524012103,575.476934248174,578.9660102270306,5549280,0.5426227468906086,0
2023-04-20,578.6774291992188,583.8889720695894,576.0789454655394,583.3066727722122,4367310,-0.5892787566062041,0
2023-04-21,581.1436767578125,581.838576966703,570.3877469363714,578.706717338755,6431010,0.4261869280103969,0
2023-04-24,580.7374877929688,583.7665427934754,575.1833640868058,581.3491767415604,5448920,-0.06989475771462805,0
2023-04-25,594.5862426757812,596.2940737091067,580.2433292882439,583.2968762193921,14944750,2.384684160039896,0
2023-04-26,592.6972045898438,598.9462284794757,588.5230845812805,597.0084169953279,9740070,-0.3177063225405896,0
2023-04-27,606.8003540039062,612.1244971660269,593.6808203570546,594.5616763642871,28271360,2.3794864063551913,0
2023-04-28,614.6348266601562,616.1909298291615,598.0849377010162,611.0919291955227,14896680,1.2911120773999363,0
2023-05-02,611.6058349609375,619.9737889008306,609.2226968264465,619.5186659669621,9912540,-0.4928115960623147,0
2023-05-03,604.862548828125,612.1783250616598,602.4842495306485,610.5194173962602,6682510,-1.102554251014165,0
2023-05-04,625.4153442382812,626.2717088645496,605.0485490589541,606.501907831074,12451410,3.3979282483228124,0
2023-05-05,625.3760986328125,631.0672551133457,619.6800438617731,624.4071928765726,11600400,-0.006275126734622827,0
2023-05-08,651.6151123046875,655.2510178067988,625.195047229904,625.8263293589118,22247350,4.195717381786479,0
2023-05-09,641.2702026367188,659.6306676863165,640.267068601575,650.8370416925395,21307700,-1.587579764898328,0
2023-05-10,649.0265502929688,652.3051795896015,638.6033453596624,645.0578593114856,8353210,1.2095287796560772,0
2023-05-11,652.1534423828125,653.7732235782232,648.3903602104384,651.7179723682623,5674940,0.48178184520066836,0
2023-05-12,657.1399536132812,659.0239438199684,646.403557030685,650.8371076550015,9120780,0.7646223889042458,0
2023-05-15,656.934326171875,660.6240529607276,654.3408009162149,657.1398751597076,7390760,-0.031291270645716907,0
2023-05-16,664.010498046875,670.3133443311821,655.7306536616189,657.6880585979222,12651330,1.0771505754973543,0
2023-05-17,656.2249145507812,666.5404172390417,652.011607520657,664.0496361403349,7407850,-1.1725090972197427,0
2023-05-18,664.4801025390625,668.5172492871069,660.1493570654818,661.583122398202,11067180,1.257981494642335,0
2023-05-19,663.9713134765625,667.4750850476998,656.9051103107117,665.5176801062111,5928340,-0.0765694955433327,0
2023-05-22,664.8373413085938,667.2791987042755,661.7886932816351,663.9711802381552,4197920,0.1304315132978795,0
2023-05-23,663.614013671875,672.7551198893826,661.318985337812,666.5011975466866,7901960,-0.18400405042094947,0
2023-05-24,664.1425170898438,670.2692035850905,658.6422144582251,662.483669112259,5539360,0.07964018346213741,0
2023-05-25,669.5449829101562,670.215391664838,660.2424118180605,663.3644748638987,5302600,0.8134497764102244,0
2023-05-26,675.7450561523438,677.2620328627172,669.5498534900269,670.0783312595356,6940730,0.9260129491582614,0
2023-05-29,678.4413452148438,682.3414595474338,675.4807468605501,679.2389899794796,6407280,0.399009809683637,0
2023-05-30,685.6593017578125,686.9267045616413,678.2456195887793,680.0023735623759,8819230,1.063902811035633,0
2023-05-31,684.0982055664062,687.6362047857059,677.9764179660775,685.5711572910886,21476270,-0.22767811760214807,0
2023-06-01,689.0553588867188,690.6995716219058,680.305757725554,687.4405358941551,5900260,0.724625979132365,0
2023-06-02,687.4307861328125,694.8786969851645,685.5810242790251,692.5053556361744,6642090,-0.23576810381839008,0
2023-06-05,689.3196411132812,694.0565269997595,686.3688392138606,691.9425562232383,5771620,0.27477020502597593,0
2023-06-06,696.2439575195312,698.0105080426257,687.5383812494981,687.5383812494981,6905860,1.0045145957348511,0
2023-06-07,692.9163208007812,698.8912791467321,691.1595669217515,696.8360282384423,5344830,-0.47794119903104004,0
2023-06-08,686.0801391601562,695.9552123512448,684.6169839359011,692.9212589814432,4553600,-0.9865811260910462,0
2023-06-09,688.7275390625,693.1659278624438,686.2709866472042,686.339502978795,4473610,0.38587327503525337,0
2023-06-12,694.6536254882812,695.8574103318017,689.1630595944649,689.999890771166,5132550,0.8604398821989712,0
2023-06-13,701.4114990234375,704.6656963041144,694.8786727443351,694.8786727443351,8001340,0.972840749287962,0
2023-06-14,694.5704345703125,702.904100133321,693.1219740830942,702.904100133321,4015200,-0.975328243498963,0
2023-06-15,697.4819946289062,698.9598447438638,690.572358386091,694.3893214679647,4370180,0.41918859681882026,0
2023-06-16,704.9788818359375,706.4860619457912,697.9126198274987,701.729582875314,14148580,1.0748502849912134,0
2023-06-19,722.88916015625,724.1272330257087,704.8859104366247,705.8352828246547,11845900,2.5405411114826304,0
2023-06-20,709.4418334960938,721.9055948034828,704.7636071335273,721.9055948034828,8638260,-1.8602197129708897,0
2023-06-21,705.267578125,713.0727651380922,702.4146823047734,712.0059533025549,5468040,-0.5883858512435336,0
2023-06-22,688.0277709960938,705.0718513859931,687.0490686191433,704.6755079856595,8271940,-2.444434944073204,1
2023-06-23,684.0787353515625,690.4745291216444,680.7951482465402,687.1420188446704,8152260,-0.5739645710541641,0
2023-06-26,684.96435546875,688.5170495008576,679.7087290381602,684.1128892695089,5635390,0.1294617229597561,0
2023-06-27,686.9757080078125,688.0278250928081,680.589710337259,688.0278250928081,7097890,0.29364338786448396,0
2023-06-28,693.9195556640625,697.3254207088762,689.0064507776124,690.4108862530687,7097820,1.010785035818329,0
2023-06-30,703.7874145507812,707.1684586428129,696.966357108854,697.8312795502393,8879080,1.4220465191063125,0
2023-07-03,720.7320556640625,722.8943621509778,703.7285700885114,703.7875393568326,12092270,2.407636278079339,0
2023-07-04,772.572998046875,778.4259524026015,748.2177323970838,751.88870402524,41622080,7.192817632490023,0
2023-07-05,770.440185546875,786.2789813577606,764.6658770281854,774.4895681685151,19786660,-0.27606614590360845,0
2023-07-06,763.314453125,768.9904996112755,760.2430123833092,764.2727186407768,10459840,-0.9248910629988782,0
2023-07-07,749.171142578125,761.609279031973,747.5248621753906,758.7687959554335,10949150,-1.852881271797291,0
2023-07-10,740.4138793945312,749.918129809915,730.4918650038852,749.1711457461633,14515180,-1.1689269228199795,0
2023-07-11,731.6417846679688,754.8372812954801,725.4497121035798,743.7309635034012,16750430,-1.184755576669605,0
2023-07-12,730.4574584960938,737.932097925005,727.1353831967821,734.1873995536492,11317550,-0.16187240760346944,0
2023-07-13,734.6493530273438,739.3965287777767,728.8897415964187,734.192296237057,7470520,0.5738725072204076,0
2023-07-14,735.4110107421875,739.0033966131103,727.3073263229855,734.5903601725157,7266000,0.1036763609339797,0
2023-07-17,738.2219848632812,741.2738091884404,731.4451987775332,739.1115029002253,5067440,0.3822317153311161,0
2023-07-18,729.282958984375,742.5515842489156,724.6733378817972,739.111570291442,13097090,-1.2108858937006306,0
2023-07-19,745.4705810546875,746.8761251263186,730.2657496250837,731.4402757615952,9759430,2.2196627345928865,0
2023-07-20,746.64013671875,750.6256907352445,737.3423103524459,742.1582931032541,6494360,0.15688823862207713,0
2023-07-21,745.1806640625,752.6455249263269,740.3990546558612,746.6401983233461,6733940,-0.19547203324267182,0
2023-07-24,745.1658935546875,751.3775824750228,743.0773138618871,745.1708126589731,5843420,-0.0019821378257400823,0
2023-07-25,747.6083984375,751.8297700528129,741.1804484691331,751.8297700528129,8508690,0.32778001569031545,0
2023-07-26,730.5753173828125,760.1447117902325,720.5353659994872,750.4143640175579,22288660,-2.278342657771981,1
2023-07-27,715.9258422851562,744.8023068004162,714.3139956394706,744.8023068004162,21471720,-2.005197102762246,1
2023-07-28,725.5087280273438,726.7864954571442,708.6428578338721,719.3560678910707,10070500,1.3385304980191748,0
2023-07-31,717.5181274414062,724.3588023979559,715.6260718067635,721.9114878237364,7493150,-1.1013789741253555,0
2023-08-01,714.510498046875,720.4371792163602,711.9845978351018,717.5181105728204,7527650,-0.41917120690122545,0
2023-08-02,707.9990234375,716.5057147301861,702.2542293206008,716.5057147301861,8985360,-0.9113196555088021,0
2023-08-03,698.652099609375,710.0483453995255,689.7768349800549,705.2028473197673,10818980,-1.320188802343758,0
2023-08-04,702.6178588867188,708.1513712782062,695.0105241217602,701.664512483502,7313490,0.5676300521477051,0
2023-08-07,700.0084228515625,705.9645585318285,695.0400073559689,703.9251098152594,7184090,-0.37138766146520563,0
2023-08-08,705.065185546875,708.1513836286309,696.3718083899386,701.2713563067706,8073620,0.7223859785448372,0
2023-08-09,700.3228759765625,709.0359896267727,696.8484885396165,707.6599601530661,5115720,-0.6726058338328178,0
2023-08-10,702.1412353515625,705.1045759605032,697.045102956119,697.8362989416106,6161300,0.2596458629834597,0
2023-08-11,693.9589233398438,703.6303032025579,691.054551919271,702.1412542011853,6303960,-1.1653370575254507,0
2023-08-14,689.7767333984375,693.7917420426713,682.1595609080339,691.9341204186019,6937850,-0.602656699229176,0
2023-08-16,686.1844482421875,687.413024522798,680.1398289459536,687.413024522798,5987950,-0.5207895515047745,0
2023-08-17,680.4592895507812,689.9684582272515,678.4689719256485,689.9684582272515,7101180,-0.8343469028003314,0
2023-08-18,674.4490966796875,679.7270556718191,672.7683827031633,677.5352347573648,7455330,-0.8832553193684034,0
2023-08-21,692.7401123046875,694.1947274198611,668.44375666126,668.44375666126,12308310,2.711993494401077,0
2023-08-22,694.8778686523438,703.0896538288353,692.9170655850274,693.0202468025451,12487800,0.3085942779528228,0
2023-08-23,699.4481201171875,702.647337400764,688.2975311237628,697.831294611338,8032480,0.6577057165034539,0
2023-08-24,701.51220703125,706.2790594794133,699.8953812883427,702.745702539029,9103600,0.29510221769080136,0
2023-08-25,708.7903442382812,715.3361731198173,697.9296805100921,699.3057101194534,13032760,1.037492595863987,0
2023-08-28,711.1589965820312,713.6554422553148,701.5761005677815,710.112247079373,7036260,0.3341823661968002,0
2023-08-29,716.8349609375,718.5647459354085,711.1982074171783,712.5742368356637,14183050,0.7981287423415306,0
2023-08-30,714.353271484375,720.5256679680635,713.3605721781892,720.0440156397239,4602680,-0.34620095117562366,0
2023-08-31,704.0234375,716.0143556598626,701.2714382475112,715.5229250794509,14129800,-1.446039991237158,0
2023-09-01,719.5132446289062,720.3781671361232,703.2370683398489,704.568825841598,6760760,2.2001834461521375,0
2023-09-04,714.5645751953125,724.3685901229878,713.3998872566182,724.3685901229878,5813630,-0.6877801722949606,0
2023-09-05,721.9212646484375,723.2333457303056,715.5228297457282,715.8176760568741,12213530,1.029534587705272,0
2023-09-06,726.1181030273438,727.0223183811021,716.57450079726,718.9923605354162,6051570,0.581342950321595,0
2023-09-07,723.7002563476562,726.1181161294404,717.8522210957714,725.3514557148218,5496220,-0.33298256435240203,0
2023-09-08,728.3639526367188,732.2265895035728,724.3686199250857,726.3343420958458,6246420,0.6444237442444933,0
2023-09-11,726.4965209960938,731.6418445710206,723.5823713578384,729.77438444012,4068490,-0.25638715835192283,0
2023-09-12,730.3935546875,733.1160990588614,718.0291455802006,729.3811789865681,9635170,0.5364146391317881,0
2023-09-13,734.777099609375,737.9566406258572,725.4153243565513,730.1969336418945,5798460,0.60016204876705,0
2023-09-14,736.5855712890625,738.2957399683924,729.9758545279457,734.7771404974575,6503720,0.24612521003293253,0
2023-09-15,736.379150390625,743.5491651694223,732.7769861244444,737.0475487161664,7874940,-0.028024021442107916,0
2023-09-18,741.9274291992188,743.0429861377711,733.7058057564102,736.0548581655213,7066180,0.7534540875648865,0
2023-09-20,740.97900390625,751.5938917400225,735.4749457779039,736.0302646964345,8441900,-0.1278326229281479,0
2023-09-21,735.5928344726562,745.3673946040252,729.7743139783495,740.0943547820837,6757250,-0.7268990626184135,0
2023-09-22,734.3298950195312,744.7138243392303,732.585292672434,736.5511705751435,5263040,-0.17169001571778475,0
2023-09-25,768.5825805664062,771.5360828084068,738.128645457141,744.5172422553719,23475330,4.664481969097012,0
2023-09-26,773.5755615234375,776.4553373010369,764.1744928548624,768.5875295240287,12468200,0.6496349362161702,0
2023-09-27,770.322265625,772.0373533549691,761.0047620846428,772.0373533549691,7441100,-0.42055308624675547,0
2023-09-28,760.63623046875,769.4819803825089,758.5771052667251,767.098494220037,7775050,-1.257400387926122,0
2023-09-29,767.688232421875,771.3493659605126,759.2601866371162,760.6362161489837,5730050,0.9271188605858516,0
2023-10-03,783.1043701171875,783.8808087410229,762.2087348542022,764.7445331288019,9445550,2.0081247887151044,0
2023-10-04,771.9440307617188,790.5151499657908,768.5973600093752,788.7460120300813,11763840,-1.4251407323647935,0
2023-10-05,771.6343994140625,777.9197549651649,769.2755089251057,777.9197549651649,7950610,-0.040110595498832335,0
2023-10-06,802.85498046875,805.1598209305857,771.054528940134,771.5459594875783,21450340,4.046032820516388,0
2023-10-09,789.0114135742188,799.5574938354318,788.0580071260307,796.3189833524876,7478000,-1.7242923356405648,0
2023-10-10,794.505615234375,799.5575358818257,788.3528949113273,791.6946467766571,9650240,0.6963399471330289,0
2023-10-11,796.3091430664062,803.292351870987,795.6702593662415,800.0292458737603,7123720,0.22700001075501852,0
2023-10-12,787.6943359375,798.771199333929,786.5836981351871,798.5746151231598,7640920,-1.0818420463857281,0
2023-10-13,791.3652954101562,794.4367361901758,781.9691461754835,786.2446277347174,6622820,0.46603857678970684,0
2023-10-16,789.8270874023438,793.0705767420528,784.5835622820268,790.6428788414705,4382460,-0.1943739530573252,0
2023-10-17,795.4295043945312,801.9164238776505,791.9452784686141,794.1517969171099,8382830,0.7093219619262792,0
2023-10-18,773.172607421875,794.6038859544963,771.5459435486799,791.203165040366,15446420,-2.7980979897895386,1
2023-10-19,770.7154541015625,778.7208167548939,759.8498721405794,770.8874427916575,10614530,-0.3178013934696744,0
2023-10-20,763.6044311523438,769.8112014157794,759.0144865994394,767.6145212485104,7711530,-0.9226521813433974,0
2023-10-23,766.5235595703125,774.9761410555649,762.8329113315672,766.6316598942002,8822300,0.38228280230949707,0
2023-10-25,756.2575073242188,772.2289989539518,754.4440975417849,766.5234979119886,7087740,-1.339300288675871,0
2023-10-26,729.4598388671875,752.4784288702973,727.4351474149955,749.4414216865495,13246300,-3.5434581736380255,1
2023-10-27,737.8533935546875,741.9618053942811,728.9486751442469,738.1237043298709,9119440,1.1506534342637265,0
2023-10-30,737.4454956054688,739.7847095217854,722.6485308464648,737.7158063688406,7992760,-0.05528170674308219,0
2023-10-31,736.4234008789062,744.9791631485516,733.2634762000098,744.0061403048553,7494100,-0.13859935854965144,0
2023-11-01,734.3839721679688,741.9618526846792,732.9834071279228,739.1115315593637,4627780,-0.2769369778993336,0
2023-11-02,732.1430053710938,748.4486967419265,728.417983551992,740.094377736928,8550300,-0.3051491973959375,0
2023-11-03,728.447509765625,740.8757472670019,724.6094084728142,739.8978052964578,11387550,-0.5047505170927113,0
2023-11-06,743.2444458007812,744.2174686272203,731.5041635385168,732.8211637315899,6340430,2.0312974973196285,0
2023-11-07,736.71337890625,750.9058958824395,731.8383661536662,750.9058958824395,15630070,-0.8787239422279991,0
2023-11-08,733.2094116210938,740.684050581649,727.9707455174951,739.7995116452654,9167170,-0.47562150837525685,0
2023-11-09,726.0099487304688,735.6714895653901,724.0442266474618,735.6714895653901,7717910,-0.9819108670069188,0
2023-11-10,731.7203979492188,732.6246733353358,722.0539976163698,724.3686162642364,4962610,0.7865524747609154,0
2023-11-13,723.4693603515625,732.231545776428,719.3560889000194,732.0153451214284,7322400,-1.1276216462984046,0
2023-11-15,710.04833984375,734.8066134419056,699.7135409424723,731.1896917795068,19234400,-1.8550917624611918,0
2023-11-16,723.6265258789062,725.4202592853391,681.2455623823744,682.5527843702537,45570430,1.9122903714054562,0
2023-11-17,709.7239379882812,713.5571200669164,698.6225392602149,701.8119185583575,20800340,-1.9212380134544071,0
2023-11-20,694.7451171875,711.4931071440515,692.9268483197171,702.8438822889896,19029400,-2.1105136799019153,1
2023-11-21,698.1409912109375,700.6669514603798,690.9513597972675,696.3570958980997,16662250,0.4887942267496337,0
2023-11-22,700.6177978515625,705.4829121944503,694.4404823849223,696.4996075368289,10414040,0.3547716968071102,0
2023-11-23,695.2415161132812,703.7285311111779,693.5067519150485,701.2713784187505,6061580,-0.7673629980236796,0
2023-11-24,690.047119140625,699.4825614486899,689.0838744962155,698.6176389050581,7264990,-0.7471356143538888,0
2023-11-28,700.5391845703125,701.2714113078704,690.9415313061895,691.4428000772065,7281580,1.5204853608771218,0
2023-11-29,700.7897338867188,704.5737247555516,699.2122611721935,701.1730640755618,6824300,0.03576521084398543,0
2023-11-30,699.9837646484375,704.0822781433823,696.420893591343,700.9764638377694,12719340,-0.11500871078850006,0
2023-12-01,713.4932250976562,715.5080782273926,701.959365216098,703.7285030863769,9004770,1.9299676837510438,0
2023-12-04,728.0691528320312,729.2829719526586,718.9678490015924,721.4200827671852,11014260,2.042896445496023,0
2023-12-05,722.3832397460938,731.2486661586631,719.4592519382021,730.2658050482348,15222420,-0.780957833994278,0
2023-12-06,729.980712890625,733.1160418715315,723.8820436055222,726.3342769946257,7018000,1.0517233410899163,0
2023-12-07,726.4522705078125,731.2486373367823,720.0439971238934,726.3343319783361,6688620,-0.483361042354169,0
2023-12-08,718.2355346679688,727.1304149766302,714.9331360101247,726.3883501011073,11443880,-1.1310771778715756,0
2023-12-11,716.7760009765625,722.6682480467596,714.5448872440508,719.9457037997088,5900550,-0.20321101100643224,0
2023-12-12,718.918701171875,722.7960955097042,715.5228991871686,715.5228991871686,6333120,0.2989358171022971,0
2023-12-13,713.3604736328125,717.930801097968,708.34790672638,717.4737443558236,6829550,-0.7731371474969717,0
2023-12-14,734.6099853515625,738.2515023197068,717.4984009557617,724.2211369087137,17295670,2.978790177501156,0
2023-12-15,738.6250610351562,739.9863333035007,731.7401139948823,739.9814141987059,11739380,0.5465588221853945,0
2023-12-18,745.7557373046875,747.9573366869581,739.7012790143594,741.8635855466194,10827980,0.9653986366963796,0
2023-12-19,750.1834716796875,751.0630915479164,740.5858188993592,751.0041222830682,7914080,0.5937244802169062,0
2023-12-20,736.5511474609375,756.3115489154337,733.2290724404545,751.8886743603728,8745460,-1.8171986898387282,0
2023-12-21,724.0885620117188,734.8852771009756,718.0291847670798,729.9316186248815,9130820,-1.6920190121460177,0
2023-12-22,717.0266723632812,731.2486433936659,711.8862681231952,729.1797400171289,11294850,-0.9752798233433779,0
2023-12-26,703.95458984375,721.8132193088195,702.2788548523249,719.9457592142014,12258440,-1.823095712248246,0
2023-12-27,710.8838500976562,719.7885698264585,706.7656594290144,709.6159208055702,16052790,0.9843334149499894,0
2023-12-28,713.4244384765625,716.5057175184645,707.6599679194711,715.0314259186323,18560640,0.35738445578095135,0
2023-12-29,720.2161254882812,721.714952794992,708.1662378179046,710.7707839526038,9128020,0.9519840708319016,0
2024-01-01,717.3952026367188,721.1202243118456,714.8348088833394,721.1202243118456,3314890,-0.39167726904892897,0
2024-01-02,730.2706298828125,731.7498404621834,715.52771512954,719.8474083487524,11129900,1.7947467725977662,0
2024-01-03,725.8232421875,735.7550943443438,724.1917191651114,731.735166070884,5534050,-0.6090054170775239,0
2024-01-04,757.3485107421875,760.1398625988384,743.042974950916,743.042974950916,29118790,4.3433809669246815,0
2024-01-05,757.8989868164062,765.5505946723538,754.1592072370443,760.2382012165224,10526010,0.07268464470595593,0
2024-01-08,760.34130859375,769.5802267547648,750.050781866002,754.542464206798,11212090,0.3222489830211783,0
2024-01-09,759.3043823242188,767.6144894001341,756.6064335082319,764.0762135726662,12470830,-0.1363764217215846,0
2024-01-10,754.8912963867188,760.2675772384347,752.8715242351424,758.3755218266102,5590720,-0.5812011678362206,0
2024-01-11,753.829833984375,765.9731231166501,751.9918886098676,754.8372905618107,6517410,-0.14061129164217867,0
2024-01-12,752.9747314453125,758.6655352114964,748.6452597952739,755.2304407050533,8086380,-0.11343442518623181,0
2024-01-15,734.9834594726562,756.6014828294449,732.6246290158088,756.6014828294449,9972200,-2.3893593265902235,1
2024-01-16,732.8851318359375,748.3996285559253,730.0594060527546,734.6887036275347,11947230,-0.2854931780674752,0
2024-01-17,723.272705078125,735.0031491757079,717.704758900756,717.812919206714,13802710,-1.31158708783361,0
2024-01-18,714.1026000976562,722.5748575152852,711.0017046917606,717.0953951858676,16869960,-1.2678627184580682,0
2024-01-19,719.3657836914062,726.2163562040621,713.6799590784825,723.3857116636435,8308100,0.7370346492269197,0
2024-01-23,694.9515380859375,722.8942692626915,692.189701061125,722.6878468555501,25332970,-3.393856944402851,1
2024-01-24,693.43798828125,698.2245168155032,687.6882151214234,698.2245168155032,20636750,-0.21779213682383558,0
2024-01-25,696.40625,700.3672091960742,691.541075350445,693.4380501444454,11683490,0.4280500591130165,0
2024-01-29,706.8392333984375,710.1121774361815,696.3668802832228,696.4061731284861,18603610,1.4981174276419207,0
2024-01-30,670.0360717773438,686.8724880104904,668.8370099737674,686.8724880104904,41531470,-5.206723096586829,1
2024-01-31,674.5276489257812,680.2380688924657,669.5249200679934,670.3111968641541,18105120,0.6703485584773183,0
2024-02-01,662.772705078125,676.2034796580575,661.7603294073136,674.8225910845564,19111370,-1.7426926629881767,0
2024-02-02,673.0927734375,679.1570095332058,663.7260785054747,663.9226627202323,13675080,1.55710521575545,0
2024-02-05,649.4942626953125,677.6827111239393,648.6883094152283,677.5844490120838,17712220,-3.5059818903818263,1
2024-02-06,648.5064697265625,658.4186450672299,642.2996997615909,653.4060176907929,24395330,-0.1520864810492406,0
2024-02-07,659.421142578125,662.2124944556805,651.1700645592856,652.7180227774293,15382370,1.6830476427111885,0
2024-02-08,646.2950439453125,662.2026480141866,642.4667808690072,661.6473291083109,21932090,-1.9905486471807232,0
2024-02-09,654.0448608398438,656.325105545954,645.9362576345741,646.7225344324216,12098740,1.1991143932069237,0
2024-02-12,645.6561889648438,655.7501918311712,643.9214846853449,655.5143147613855,5447840,-1.282583562269457,0
2024-02-13,649.0470581054688,652.5215056739477,644.078702463544,648.6883234036575,9480140,0.5251818535281894,0
2024-02-14,653.2586059570312,654.1922759419431,643.7739730455389,645.1352451669485,6361260,0.6488817411569148,0
2024-02-15,650.5950927734375,656.2956752768878,647.2779364903729,653.2094769598568,8808590,-0.4077272246098773,0
2024-02-16,650.5753784179688,654.585468354379,648.8848861833428,653.6075263952281,10294310,-0.003030203530229869,0
2024-02-19,659.7749633789062,669.0236590288164,651.1749295962652,653.4944671676909,13158810,1.4140690327550498,0
2024-02-20,664.767822265625,667.5591737778002,656.673976684707,659.6864479165073,11067090,0.7567517962713932,0
2024-02-21,657.4161376953125,667.3626872331514,655.0818425816473,667.3626872331514,8549440,-1.105902590961294,0
2024-02-22,656.0548706054688,659.1901999401261,644.8551490812519,657.637262592259,10223740,-0.2070632300898323,0
2024-02-23,658.3056030273438,660.3844046685416,651.892470269653,655.9615296677557,12803110,0.3430707586695947,0
2024-02-26,652.9391479492188,659.3031489493143,651.0667689433652,657.5340111413677,8920560,-0.815192070893267,0
2024-02-27,644.3882446289062,652.8162897213911,637.9848908015839,651.7351066254229,11503060,-1.3096018744119697,0
2024-02-28,638.73193359375,648.3688794101897,636.402557602886,645.936322201085,5353210,-0.877779984706839,0
2024-02-29,638.4026489257812,642.6928879558288,625.7090195996204,638.7614436129006,16990980,-0.05155287385054663,0
2024-03-01,645.8822631835938,649.5433967085272,639.0661239978897,640.0145513455743,9190800,1.1716139133191472,0
2024-03-04,648.9290771484375,652.614806017726,644.5062025052913,647.5088357587824,3971180,0.4717290036462485,0
2024-03-05,621.5858764648438,652.2511526758622,616.4504515657954,648.9290775869724,17175580,-4.213588456191064,1
2024-03-06,620.3081665039062,623.7138063622585,608.174775903946,622.3967461891045,21047920,-0.2055564660195075,0
2024-03-07,631.0999755859375,635.7734846798294,621.6989072390697,624.1167670191805,14694210,1.739749638128174,0
2024-03-11,632.3482055664062,643.9705490673459,629.424218042223,643.7739648665181,12039710,0.1977864092467918,0
2024-03-12,632.5742797851562,637.3854039194964,623.2666142466564,629.5225153591942,10946770,0.035751539541029054,0
2024-03-13,634.5498657226562,640.3290938466544,628.200621347187,632.8888280477473,11321830,0.31230892570766056,0
2024-03-14,628.7804565429688,635.9111184742914,618.9862794790538,634.5498462808503,12198650,-0.9092128911125097,0
2024-03-15,640.2701416015625,646.5260431326884,625.0996823700231,626.5788931785316,19705000,1.8272967836443277,0
2024-03-18,639.3167724609375,644.2654517093061,634.5449410229793,640.2701189341543,6764250,-0.14890107763579907,0
2024-03-19,648.3197021484375,655.2930723102747,639.351095315609,639.8130112015571,14080870,1.4082110896050493,0
2024-03-20,653.553466796875,661.5637483560448,649.2779852385349,649.6711536539264,14908310,0.8072814432591668,0
2024-03-21,660.06494140625,665.5591012462978,654.3053898782546,659.2540690179163,18060920,0.9963185783847583,0
2024-03-22,664.5025634765625,668.6403701649948,657.1703983395056,659.0083437309488,11252380,0.6723008285909327,0
2024-03-26,679.1668701171875,682.5970458175714,662.9398234758127,663.8735535348625,18503210,2.2068096417723115,0
2024-03-27,690.2388305664062,692.8188410569524,678.6656166560375,682.670787796321,15512750,1.6302268170572454,0
2024-03-28,712.1074829101562,722.3341217548322,691.1577955628505,691.1577955628505,35745180,3.168273266487298,0
2024-04-01,712.6676025390625,721.7590672296725,709.6305954957585,713.6799782128822,11252380,0.07865661327095541,0
2024-04-02,708.3872680664062,713.0656962922967,701.2713636175791,712.6676087697674,9676150,-0.600607416052934,0
2024-04-03,718.397705078125,719.783572760427,706.2986878830583,707.3651137244694,9589430,1.413130566143983,0
2024-04-04,715.8569946289062,722.4028223793554,713.0656430424793,721.9113918879408,10405890,-0.35366349742758096,0
2024-04-05,705.2666625976562,713.4588307069328,703.3353143190251,711.0753447679182,12004940,-1.4793921286946343,0
2024-04-08,705.5517578125,710.3088320804891,702.0380772613624,709.1343058305621,5182100,0.04042374749342326,0
2024-04-09,707.0308837890625,711.1343165197956,700.2393405856287,709.625651260301,7102810,0.2096410306096308,0
2024-04-10,710.6331787109375,712.9674738493475,703.728555411166,711.1884976381646,5679860,0.5094961202500636,0
2024-04-12,710.5643310546875,713.9502945889966,703.364861826563,710.0188503676675,10925880,-0.009688213034875215,0
2024-04-15,695.4970703125,707.5420376223908,694.2389793379149,702.2591593281959,7584480,-2.120463986677068,1
2024-04-16,683.506103515625,691.3739106725683,681.2209396774696,688.9806465210651,9632930,-1.724085881697135,0
2024-04-18,677.5057983398438,687.5113168096638,674.8323850415595,680.9359738676322,13851330,-0.8778714842367252,0
2024-04-19,699.7479858398438,702.7457002557055,669.3333413063108,672.2819246640271,12183750,3.2829516078684673,0
2024-04-22,716.721923828125,718.0782769098266,704.4459986079967,704.4459986079967,11652720,2.4257215928830345,0
2024-04-23,713.5472412109375,721.4101291384206,711.2768347214397,718.3731222703118,10815670,-0.4429448174587791,0
2024-04-24,720.3536376953125,729.2289024224805,712.574313510096,715.8177432151531,8869290,0.9538816901350611,0
2024-04-25,716.9873046875,723.8624129994909,700.2983430939023,720.4371566045547,11733540,-0.46731672218421894,0
2024-04-26,661.58349609375,688.0028087488319,657.6815661017492,688.0028087488319,58147230,-7.727306778172016,1
2024-04-29,670.9598999023438,672.2376672622329,659.7995318444197,667.3577357399369,16810300,1.41726688527688,0
2024-04-30,680.48876953125,685.545609026597,670.5029272702299,671.289204142982,17986750,1.420184668307778,0
2024-05-02,676.4738159179688,685.0492548604204,674.7341326068033,681.8942491920023,11395720,-0.5900102680675978,0
2024-05-03,681.2701416015625,727.3171565005983,678.8572009948793,720.3388672379123,68186010,0.7090186745935201,0
2024-05-06,674.2279663085938,689.9635823284196,672.7684319529418,688.7841369948202,12299880,-1.0336832429517107,0
2024-05-07,675.4761962890625,682.4102740093062,667.1660890612795,677.1863649698947,12981260,0.18513470856198477,0
2024-05-08,668.2914428710938,676.1641692328135,666.8712014997192,675.3729733110791,7259250,-1.0636575289315053,0
2024-05-09,649.1944580078125,671.5594652131753,647.2139786643316,668.3356522877903,13811150,-2.8575833293985275,1
2024-05-10,656.9590454101562,658.320317559075,648.8062298188113,652.5116351640613,8249080,1.1960341476375147,0
2024-05-13,660.3598022460938,662.8710051605036,650.6540488735465,656.9443839156904,5122560,0.5176512690854729,0
2024-05-14,656.1285400390625,662.6301561051438,654.3495639877649,659.4997461478056,7558400,-0.6407510258255256,0
2024-05-15,656.5512084960938,661.6571790602583,653.1161137837024,657.7306538025854,5950590,0.06441854472694075,0
2024-05-16,663.1510620117188,664.6204343544183,650.9537238492409,658.5512199077946,10598510,1.0052305791566019,0
2024-05-17,661.2099609375,666.3798198757921,658.6201123637711,663.1363902724429,4801580,-0.29270873341139536,0
2024-05-21,662.7284545898438,666.8712404225939,659.0083518103895,659.0083518103895,7616240,0.22965377747647953,0
2024-05-22,662.8955688476562,666.1291601186391,661.1951784319834,666.1291601186391,4160460,0.025216098185487645,0
2024-05-23,670.9647827148438,673.6037620992813,661.4703718536321,664.369823800349,7093170,1.2172677336212523,0
2024-05-24,671.9723510742188,679.1570637777163,667.6575761703491,670.3113133088315,7420430,0.15016710046960036,0
2024-05-27,677.7318115234375,684.0270652179893,669.3283617112221,674.1444047558762,6554710,0.8570978314824451,0
2024-05-28,675.5253295898438,682.5970222821547,673.9380185387291,679.5452578153254,7528670,-0.3255685945497966,0
2024-05-29,669.0040283203125,678.9604157674736,666.9056103357268,676.0118325548276,7213310,-0.9653673939200469,0
2024-05-30,650.30517578125,668.2423915203118,648.1035764339965,666.3700122607348,11555750,-2.795028392580867,1
2024-05-31,658.2908935546875,665.5886251735003,652.8556429148168,655.0719994789935,28417330,1.2279954198186616,0
2024-06-03,679.7024536132812,686.8920844600966,671.5840118927728,682.9753976459507,11482120,3.2525985500079013,0
2024-06-04,639.79833984375,679.7417678387379,626.6427349217323,679.7417678387379,32993870,-5.870820909561525,1
2024-06-05,671.9476928710938,674.4392792813052,642.3537604047218,649.0814756336619,12185170,5.024919732551236,0
2024-06-06,680.7099609375,689.2755618741886,670.5373125067086,673.2598569642232,14657160,1.3040104400041663,0
2024-06-07,706.814697265625,717.3902915729219,682.2038186203412,687.5112921911428,29840520,3.834927917342723,0
2024-06-10,696.7354736328125,712.5742700509335,695.398796985682,712.5742700509335,8723180,-1.4260065151170287,0
2024-06-11,701.5761108398438,704.613178170177,693.0153686790363,696.1605363378358,12052130,0.6947596886077712,0
2024-06-12,709.4046020507812,715.2280421328746,699.3056801444194,702.5491098113629,12685080,1.1158434687244645,0
2024-06-13,716.9921875,719.94568963339,710.8198515531618,712.7904326877381,13454950,1.0695709369919815,0
2024-06-14,721.5723876953125,724.3685986061649,712.2794196096036,717.100321897187,11874880,0.6388075456278841,0
2024-06-18,720.8990478515625,730.2116920651453,717.4885488865434,723.8771455547112,9469040,-0.0933156333629448,0
2024-06-19,710.9967651367188,722.2996668409224,705.48778833962,720.8990418993583,5204000,-1.3736018578960119,0
2024-06-20,708.3578491210938,714.0387551180061,698.9125083031354,709.625718351442,9001580,-0.371157246421161,0
2024-06-21,704.7177734375,717.6332076427301,698.8650989776071,715.0945667621459,14998180,-0.5138752521921308,0
2024-06-24,699.5416870117188,702.0210624177417,693.4864980824194,698.9638051600815,6356540,-0.7344906884543478,0
2024-06-25,698.810791015625,705.2857813957112,691.259077326713,701.4333559526658,15608110,-0.10448212160393267,0
2024-06-26,707.08349609375,709.1627854874854,694.9138532204354,698.3711360722783,9125520,1.183826177913172,0
2024-06-27,707.9280395507812,715.0648953054446,699.660199406663,706.2734948202619,11376060,0.11944041427878194,0
2024-06-28,702.87060546875,713.7807865585632,701.8581515640897,707.7552599617932,8295840,-0.7143994586286562,0
2024-07-01,718.7938232421875,721.4856011982937,698.8650681621814,698.8650681621814,7727450,2.265455070897171,0
2024-07-02,707.8145141601562,718.7148074805743,703.5077416304641,718.6209958774693,12810270,-1.5274629145403673,0
2024-07-03,717.020751953125,719.5742241333493,708.24912615328,710.2197726643374,8363930,1.3006568258765228,0
2024-07-04,702.031005859375,723.5599854038808,701.3345933607582,721.1941966024156,18979770,-2.0905595902097285,1
2024-07-05,705.088134765625,706.2636133536423,699.0626087337416,704.6930528972721,9310790,0.4354692144270311,0
2024-07-08,701.1617431640625,706.0414538864015,696.0992927404816,705.7747298882841,6777050,-0.5568653630609766,0
2024-07-09,698.1785278320312,705.5227821931134,695.6053408178624,702.3075042300012,9735030,-0.4254674989210283,0
2024-07-10,696.8845825195312,704.2337813532699,693.5309984614504,698.1736480442297,8097140,-0.1853315822412882,0
2024-07-11,686.5473022460938,700.1393130682804,684.5420491224842,700.1393130682804,9718010,-1.4833561442934906,0
2024-07-12,691.88134765625,695.9016811398202,683.065288026329,691.1553326927788,10688330,0.7769377860353588,0
2024-07-15,697.7537841796875,699.8528488286088,690.9874116627859,693.4371242895946,5333730,0.8487635261928084,0
2024-07-16,697.29443359375,700.3467470727272,691.9702636643643,699.3589519428645,5582000,-0.06583276169223051,0
2024-07-18,702.3223266601562,703.1026630964072,688.606781843992,696.1091170922163,8646050,0.7210573932869613,0
2024-07-19,684.7692260742188,702.3223655294826,682.5664621390612,702.3223655294826,9385980,-2.4992941160520976,1
2024-07-22,680.0228881835938,687.367142972546,676.5804364334842,684.7396343081177,5751930,-0.6931295551693695,0
2024-07-23,664.4996948242188,686.0088979689281,653.9203870988464,684.9371788205336,19322120,-2.282745717697665,1
2024-07-24,652.651123046875,657.348033690738,646.1217510448248,654.908208519878,31006260,-1.783081598025127,0
2024-07-25,656.6615600585938,658.4642380166149,647.1490877221169,647.9936333019148,9509650,0.614484043633623,0
2024-07-26,670.6881713867188,672.5304599400265,658.5729099900292,659.3581902337322,11101840,2.1360487930606853,0
2024-07-29,672.9304809570312,677.1335540112017,668.3174946329967,674.056581862241,7485650,0.3343296730097922,0
2024-07-30,674.0318603515625,681.4798741060647,670.0214145953803,672.9304784445294,11794130,0.16366911972316434,0
2024-07-31,672.38720703125,677.1335553521733,671.0092135447715,674.3627972729777,8896590,-0.24400231161990638,0
2024-08-01,668.9003295898438,676.0470738393353,666.7617746393742,674.8123298122254,8395230,-0.5185817643380886,0
2024-08-02,664.292236328125,666.7617241955157,659.1655771038124,664.292236328125,6222180,-0.6889058141957172,0
2024-08-05,651.6188354492188,656.8838006878773,645.2870948154039,656.8838006878773,9440410,-1.9078050571475047,0
2024-08-06,645.8550415039062,661.5264013759534,643.2028140285233,654.5130198768088,8918280,-0.8845345824509465,0
2024-08-07,655.6144409179688,657.8073170658528,650.0778084729936,651.9447556520154,4642840,1.511082021027077,0
2024-08-08,650.1864624023438,659.6545001493494,649.1147433035685,654.4191981724056,6903890,-0.8279223544900738,0
2024-08-09,653.7425537109375,661.8227103124623,651.0557197151685,661.8227103124623,6994900,0.5469340741815154,0
2024-08-12,652.7498779296875,656.389900776712,648.3937276892558,653.8314847185177,6748870,-0.1518450612729927,0
2024-08-13,638.614501953125,656.3849268793009,637.3451514354092,656.3849268793009,10723270,-2.165511852931379,1
2024-08-14,637.9674682617188,641.074103275779,635.2460878226439,640.338200718303,7742760,-0.10131835237492393,0
2024-08-16,651.0458984375,651.9447654500414,634.6583512146235,642.5607120079574,7534190,2.0500152165150887,0
2024-08-19,653.5598754882812,657.4764496259719,651.3126173310774,655.6984303547882,5287300,0.38614436506163585,0
2024-08-20,664.015625,669.1225693206712,653.559851951242,656.6219927918777,9571590,1.5998150902252206,0
2024-08-21,665.3145751953125,666.4949976261717,661.3288483205148,663.9909634660577,6331110,0.19562042614773567,0
2024-08-22,666.1295166015625,668.2434126722802,664.1835891137271,666.7617199612553,7282600,0.1224896367272299,0
2024-08-23,665.364013671875,667.9470883265949,662.3117001496897,667.2556196678566,6180450,-0.11491803179551896,0
2024-08-26,669.5621337890625,673.5775234049675,667.3593096513421,669.3299561128887,8983430,0.630950882663428,0
2024-08-27,677.9830322265625,678.946168625842,664.7861041240081,669.5621151500945,20359020,1.2576724418159602,0
2024-08-28,681.57861328125,683.257876995206,676.8372088990782,679.2078809450502,8489860,0.5303349617584496,0
2024-08-29,697.7340087890625,707.0637410137804,679.7561856802193,680.4970320266902,26391590,2.370290850242096,0
2024-08-30,711.227294921875,712.6990999569019,698.474826570293,698.474826570293,20443670,1.9338725019625302,0
2024-09-02,734.9244995117188,735.9073508147565,714.0771031818463,718.5221811397878,22963780,3.3318750220977966,0
2024-09-03,726.40478515625,736.8951645794576,711.8150318408045,736.8951645794576,18986560,-1.1592638918867526,0
2024-09-04,721.0410766601562,728.6964890180799,715.6823000676559,716.6404324170142,8867460,-0.738391129257221,0
2024-09-05,715.647705078125,723.7229184446853,710.5210457914444,723.0660563684515,6734470,-0.7479978265611753,0
2024-09-06,722.7845458984375,730.4745045197369,716.6996940860888,716.6996940860888,18428270,0.997256159653781,0
2024-09-09,725.777587890625,728.7903512278202,717.4159351873451,723.4612370588418,8789380,0.41409878077389717,0
2024-09-10,715.346435546875,728.0000891351112,710.5210465437442,728.0000891351112,13089320,-1.4372381453754635,0
2024-09-11,725.5899047851562,734.1294136865873,711.8348685147892,716.1515287684227,11048900,1.4319592199337983,0
2024-09-12,733.7638549804688,734.9195583724518,720.7545500341854,732.9439681617731,14467640,1.1265247960875024,0
2024-09-13,750.5761108398438,756.6510750493478,726.2269968834776,733.7638786030753,22084380,2.2912352176058803,0
2024-09-16,725.6096801757812,758.6267230907938,723.2636665464314,758.6267230907938,26795550,-3.326302330103037,1
2024-09-17,727.5604858398438,736.4012642493745,719.7223339498852,724.7946715532911,15677860,0.2688505566229349,0
2024-09-18,753.79638671875,757.8858733495889,728.8446701178509,729.7089909248641,29749930,3.6060095881404797,0
2024-09-19,749.7710571289062,765.3436619716622,746.7731254084403,758.1327695118755,17206440,-0.5340075464364991,0
2024-09-20,748.99072265625,756.1571812350007,739.5868936111133,754.1815909509119,16450040,-0.104076366410355,0
2024-09-23,750.2402954101562,754.275399965835,743.9776477033498,753.2678899217586,5734970,0.1668342098383624,0
2024-09-24,746.2001953125,751.0650743680783,739.2560267590992,750.4279874937021,10695400,-0.538507478520267,0
2024-09-25,753.0851440429688,754.6754797334848,740.6537206206248,745.2914259933434,12720380,0.9226677738385591,0
2024-09-26,767.3588256835938,768.4453762534998,749.494528346117,754.6755091847756,16681650,1.895360936745627,0
2024-09-27,766.1339111328125,771.4680291766314,761.6888328597078,768.5046436612281,11781310,-0.15962734900325515,0
2024-09-30,760.8985595703125,772.8509165502438,758.2463321171649,765.1460664763093,9619520,-0.6833467996161358,0
2024-10-01,760.8985595703125,771.9273305359507,755.7620129510991,756.6609402618316,7882880,0.0,0
2024-10-03,734.3121337890625,760.6022930107836,729.0916024699577,751.712136339229,10406620,-3.4940828112834943,1
2024-10-04,712.3336791992188,733.9318109337596,706.767443772685,732.9440157642659,17681110,-2.9930670594307873,1
2024-10-07,718.0678100585938,723.4611932918863,710.2543769355849,712.3336664372425,9362270,0.8049782042905962,0
2024-10-08,709.9234008789062,720.6360097123239,707.2662296698204,717.618302941095,9038050,-1.134211708922439,0
2024-10-09,721.1348876953125,733.6156889632591,711.8150429404045,712.7929504847309,10543750,1.5792530296263152,0
2024-10-10,723.036376953125,727.8074443425531,718.4233905480286,723.0660397465236,5594270,0.2636801089862084,0
2024-10-11,721.2880859375,724.053900511694,713.7857498466233,723.5600028987938,3615870,-0.2417984864042766,0
2024-10-14,712.081787109375,722.4585801954336,711.2125225363897,720.3694030569201,4451810,-1.2763691800286803,0
2024-10-15,693.1259765625,716.7589633095673,689.382254673613,715.6476937732767,14855670,-2.6620271561535347,1
2024-10-16,687.1448974609375,697.3191755758832,683.5542523990803,692.4444088609181,11256980,-0.8629137132076803,0
2024-10-17,681.5292358398438,691.3380338693881,678.7139836532741,689.5747858674946,6897550,-0.8172456263364714,0
2024-10-18,681.5342407226562,685.3964933511593,673.7454660770677,680.8872059400413,7449290,0.0007343606919896217,0
2024-10-21,669.8140258789062,686.5917116835217,663.5266592359529,682.4726228748415,22099660,-1.7196809996402607,0
2024-10-22,659.6397094726562,674.9604220804397,656.2565231011339,671.7007101041571,17006190,-1.5189763147911983,0
2024-10-23,691.041748046875,701.2209698346917,652.0435545202597,652.5127933907359,26373910,4.7604833552732595,0
2024-10-24,695.4967041015625,703.5916321887945,690.52806562626,692.6913393865416,8951250,0.6446724915359692,0
2024-10-25,682.581298828125,697.3784512893944,680.9168663661874,695.4967328277893,10223240,-1.8570045260130397,0
2024-10-28,682.6997680664062,695.9016397764094,679.109123273643,683.5542011714341,7149810,0.01735606271144885,0
2024-10-29,693.6791381835938,697.383369964567,671.917982274992,682.477514750229,14097500,1.6082281891326877,0
2024-10-30,687.0115356445312,693.4766381030124,684.7396188284117,691.3578584764198,5660440,-0.9611940408820296,0
2024-10-31,680.566162109375,688.572283065161,679.5783669263487,686.4188968009918,7301530,-0.9381754454980795,0
2024-11-01,683.9097900390625,685.979252091416,681.776179184853,684.5419933626162,450110,0.4913009367559784,0
2024-11-04,676.017333984375,688.9870885899387,667.0481375125781,688.9870885899387,7162390,-1.1540200432335834,0
2024-11-05,684.5765991210938,692.9333679638733,663.0081301696454,676.1457938727494,12234300,1.2661310156458994,0
2024-11-06,692.0690307617188,693.8371623695832,680.8180295727112,685.0359341414089,6962620,1.0944621318117242,0
2024-11-07,682.0231323242188,695.3040445514115,678.615227203796,692.0689915137884,4590470,-1.4515746249247785,0
2024-11-08,681.1785278320312,686.6707264246178,675.7505986222902,682.0231336334226,4248400,-0.12383810052148947,0
2024-11-11,669.6066284179688,681.9935587697154,666.9741758616995,677.6275207794866,7623160,-1.698805664190861,0
2024-11-12,655.7182006835938,675.3407421999111,653.4265086414368,673.577554339216,10572330,-2.074117421326638,1
2024-11-13,648.5862426757812,662.0449509990211,644.6943275453784,655.4020530252933,8673470,-1.0876559473837033,0
2024-11-14,646.9218139648438,655.84163276405,645.0302080301566,649.2085620603577,5277030,-0.2566241158725169,0
2024-11-18,648.7789306640625,657.575275848004,647.4997527629816,655.2045432549749,5965350,0.2870697291589064,0
2024-11-19,651.4805908203125,656.370128780279,648.0924002620611,651.3867189263092,8040460,0.41642230173608574,0
2024-11-21,638.6737060546875,653.3276672602938,637.2265597852191,653.3276672602938,11010800,-1.9658121740049328,0
2024-11-22,660.2373657226562,664.0354091762002,637.7254754247695,639.103468966807,9698550,3.3763186841016424,0
2024-11-25,660.3805541992188,677.9238058776207,658.59264737221,670.7030256735958,11327510,0.021687423947258644,0
2024-11-26,653.7178344726562,665.754115228414,652.7794170794447,663.995871319758,6632780,-1.00892124763452,0
2024-11-27,662.33642578125,665.1121277516612,653.1548264182335,656.8837772397095,6420100,1.3183962336817956,0
2024-11-28,642.995361328125,664.4156962104363,641.5729339359649,663.2056712979346,15768820,-2.9201269476175185,1
2024-11-29,649.5642700195312,652.8338697094714,643.0892194488209,643.9437129378866,7096430,1.0216105879578885,0
2024-12-02,656.947998046875,658.3654817061558,641.1778216085368,651.4509155066913,9202490,1.1367201627518364,0
2024-12-03,659.397705078125,664.0354106023556,654.987233438699,661.4424482999739,13136660,0.3728920764707544,0
2024-12-04,665.77392578125,668.1841483396045,658.5482019051158,661.9955973046382,11304410,0.9669764777797463,0
2024-12-05,676.67919921875,680.581002300163,660.3855222874306,667.7495523533025,13482430,1.6379844591695614,0
2024-12-06,676.6693725585938,685.0359689356256,669.5917813882386,679.2030093595938,8332070,-0.0014521888906271485,0
2024-12-09,678.4522705078125,684.04810805551,674.4565959117224,676.6495323888263,8409100,0.26348140192562486,0
2024-12-10,685.1544799804688,687.3918505068708,676.05198126489,680.0771983445102,12045630,0.9878674984225011,0
2024-12-11,702.826171875,707.7552602728915,680.8971063932851,687.4955710895426,19931040,2.5792273729327464,0
2024-12-12,703.8831176757812,706.1155444652702,698.8651011986301,703.4929192804703,9667960,0.15038509422060642,0
2024-12-13,709.5135498046875,712.9164511394662,689.5402999430213,701.2358213850275,12504360,0.7999100969345418,0
2024-12-16,712.0422973632812,715.9539276534395,706.8760876232477,709.5135441379405,7960740,0.35640581625113743,0
2024-12-17,706.5501098632812,716.8824080497986,702.3223178852251,711.2124738078229,10318560,-0.7713288270005503,0
2024-12-18,698.810791015625,709.1184316416405,697.4229098033976,706.1748212026401,7275140,-1.0953672980326679,0
2024-12-19,683.4110107421875,693.8717881614369,680.3784723235021,686.5176458569614,9076750,-2.203712431380178,1
2024-12-20,676.4668579101562,693.8273705571869,672.1649688294386,682.8974142896967,27000190,-1.016101982976525,0
2024-12-23,678.2892456054688,689.1747669191143,677.2273538130918,681.2822937029399,5829280,0.26939792748199576,0
2024-12-24,672.5106811523438,682.5664282438878,671.1080289625424,679.8006139646213,6014270,-0.8519321942023206,0
2024-12-26,673.2564697265625,677.4298799847502,671.705624156204,674.703555812157,3290960,0.11089616791526424,0
2024-12-27,682.34423828125,689.1550450370221,674.7035967579224,676.3285391188027,5554180,1.34982268471604,0
2024-12-30,680.41796875,690.9626693369464,678.1213330948016,681.5786159292252,4908760,-0.28230172150380817,0
2024-12-31,673.9725952148438,679.3067129543762,670.9104544730343,678.6103005167183,6153980,-0.947266802344604,0
2025-01-01,685.0656127929688,686.3151278617189,672.2933681968553,673.9726320429301,4187210,1.6459152281390388,0
2025-01-02,729.9015502929688,733.9317712478415,688.5919513036531,689.4809910242172,31716510,6.544765444758904,0
2025-01-03,731.6845092773438,740.8463330454305,726.9431048038988,729.9558678335711,15059280,0.24427390018000317,0
2025-01-06,725.9652709960938,750.7144727732598,722.7450489617455,740.8464082616522,19059760,-0.7816535964248694,0
2025-01-07,726.419677734375,735.6012173298512,721.2337528819925,726.5184331392787,10425380,0.0625934540446682,0
2025-01-08,726.5628051757812,729.8274608319443,716.8132721066917,727.199952324839,8444660,0.019703133848558707,0
2025-01-09,718.8629760742188,726.5628223814273,714.7685458876665,724.8885023686057,6681410,-1.059760979603086,0
2025-01-10,719.9100952148438,727.7137016463071,715.6625877847788,718.863034682872,8089630,0.1456632453577411,0
2025-01-13,706.3673706054688,716.6552960681491,704.6931108182054,715.1637156887145,6642740,-1.8811688708620489,0
2025-01-14,724.5477905273438,729.7830931111439,710.3383467067604,714.1759407651937,9980110,2.5737910156143684,0
2025-01-15,708.9801025390625,726.0294569849003,701.8482502818697,725.0910395062609,6817500,-2.1486074751467688,1
2025-01-16,717.1145629882812,720.0039120466387,710.6248018802831,711.2125110577488,8608490,1.1473467901407908,0
2025-01-17,709.4443969726562,719.6038438575115,706.8958685304382,713.2868743970815,6652740,-1.0695872614359891,0
2025-01-20,734.9295043945312,737.883002347853,709.4444007088368,709.4444007088368,10679710,3.5922628370348875,0
2025-01-21,720.2656860351562,739.3647284813745,718.877865090132,735.9074451818625,10032060,-1.9952686987925072,0
2025-01-22,730.6868896484375,732.9686939513183,717.173799426706,724.9428586460236,7273680,1.4468554889303098,0
2025-01-23,735.2406616210938,743.2171197816112,723.5599715244443,725.1404197011007,10302950,0.6232179661588289,0
2025-01-24,734.7813110351562,741.3402855259882,724.8737566914398,735.240662323378,6796870,-0.06247622172101952,0
2025-01-27,720.6409912109375,738.327492197745,717.1392743078752,729.002703629846,6928100,-1.9244256232235912,0
2025-01-28,751.376220703125,761.2739472466138,725.5355265046696,729.9806046112333,24789330,4.264984904694535,0
2025-01-29,766.4945068359375,769.1961121605289,747.657245679247,756.3794336352531,15149200,2.012079397277855,0
2025-01-30,780.5211181640625,814.9951923600901,775.4191780157412,775.4191780157412,56488830,1.8299689303745037,0
2025-01-31,778.8864135742188,788.3247896059693,769.5912268510899,782.8277068303086,18335460,-0.20943758622302688,0
2025-02-01,790.2460327148438,801.09694831282,768.9392834173096,778.3826029398437,16153780,1.4584436116297228,0
2025-02-03,832.2964477539062,833.6299470797163,782.4374517797528,782.5510385746632,43369260,5.321180151275273,0
2025-02-04,837.19091796875,838.6380643601586,820.1662833933553,832.2173960228901,19663000,0.588068137026454,0
2025-02-05,840.559326171875,848.3875904449388,834.2423570824784,839.6258525480382,18674930,0.40234648164814146,0
2025-02-06,840.346923828125,855.7071861888002,835.8722432818054,843.0090389135175,17094730,-0.02526916746226071,0
2025-02-07,837.082275390625,848.0221185056897,828.1575729250835,848.0221185056897,9665400,-0.38848817612471276,0
2025-02-10,818.5660400390625,838.4404727202495,811.9675759752106,837.5317181052883,12438380,-2.2119970636006903,1
2025-02-11,809.1227416992188,825.3127183423073,804.0010263640768,819.7712021351498,9630590,-1.1536391540740043,0
2025-02-12,811.3798828125,818.289504882036,792.7055870529578,805.018479801986,14837310,0.2789615217761776,0
2025-02-13,830.636962890625,839.4283035212114,809.7006375236457,809.7006375236457,18003130,2.373374110703086,0
2025-02-14,828.9873046875,835.2400648701193,818.0919555306888,830.592471806726,8633150,-0.1986015885187875,0
2025-02-17,832.3754272460938,838.4405038833744,811.9923251490168,811.9923251490168,8627990,0.40870620568440597,0
2025-02-18,836.2575073242188,837.6502719326318,825.8658832427468,832.7112962726517,8689770,0.46638571383212923,0
2025-02-19,833.6448364257812,842.4905594198921,829.7479770842893,835.5907640517732,8961980,-0.3124242085188911,0
2025-02-20,829.693603515625,835.240063629847,824.3792607917218,825.3868311363984,7900700,-0.47397077718336345,0
2025-02-21,829.4219360351562,831.7531784078093,818.6846075867305,825.796744718911,6086470,-0.03274310894016974,0
2025-02-24,825.2979125976562,829.6491792179099,820.9614773744621,822.6357974059295,3552600,-0.49721658643534505,0
2025-02-25,838.51953125,842.25830927362,823.6285076698499,825.2978838441362,10985410,1.6020419354664472,0
2025-02-27,859.9152221679688,863.2342599009368,843.8339474671949,843.8339474671949,18382830,2.551603167319638,0
2025-02-28,842.6189575195312,856.4184273461074,840.6186481492557,855.9245297524822,17545800,-2.0113918445159196,1
2025-03-03,852.2547607421875,854.521793884149,833.5113730135593,843.1818652463528,8749960,1.1435540509344477,0
2025-03-04,848.1159057617188,851.4102241278725,840.974166474716,841.8187119931561,7655060,-0.4856358886003109,0
2025-03-05,819.7415771484375,839.6258988466961,812.0663893449291,835.1808205586842,16300920,-3.3455720403919753,1
2025-03-06,830.8197021484375,835.6549183911609,817.4548048826118,826.2906396991598,8814220,1.3514167524034226,0
2025-03-07,830.1923828125,836.6624284954763,826.4338297870848,830.7257704484996,4729460,-0.07550607361805906,0
2025-03-10,824.0779418945312,853.2474995677616,822.4431120803501,833.476826650836,10164530,-0.7365089158315907,0
2025-03-11,823.8656005859375,827.2784497584448,811.1033039497349,820.36388361121,8135670,-0.0257671389802705,0
2025-03-12,838.08984375,842.0459680567951,817.158462597569,823.9297789001807,20882230,1.7265247091207803,0
2025-03-13,831.7679443359375,845.5526424382605,829.056451491524,839.6258715800483,12173510,-0.7543223988701997,0
2025-03-17,847.5628051757812,852.4622909408794,828.3650083902048,829.6689052540672,11020850,1.8989504160867865,0
2025-03-18,847.5628051757812,847.5628051757812,847.5628051757812,847.5628051757812,0,0.0,0
2025-03-19,862.503173828125,877.0633247665322,857.6630138391963,859.3817677282159,12898200,1.7627447265391893,0
2025-03-20,857.3716430664062,866.1037184214129,843.6906440780284,861.8512675396124,7924330,-0.5949578989887128,0
2025-03-21,880.72802734375,897.8070442304975,872.3218808932932,892.9618800357553,27448010,2.724184368147431,0
2025-03-24,897.9107055664062,900.3752495612408,881.804713411112,898.4934709231769,14332170,1.9509630316272286,0
2025-03-25,895.6585083007812,914.7032272012123,886.7486372935051,901.3630492491071,17482600,-0.2508264186698028,0
2025-03-26,875.7841186523438,901.5507774029766,874.1937828960345,899.0961208716863,8862110,-2.2189695586259384,1
2025-03-27,889.3959350585938,894.4879876445449,871.4575415882898,875.2852477484015,20920440,1.5542433479149853,0
2025-03-28,883.6419677734375,891.8703177029499,875.2851996598098,888.7785142673646,9770990,-0.646952280569757,0
2025-04-01,859.2039794921875,881.6071661259728,856.5171453492644,867.6101258150749,11834240,-2.76559841796874,1
2025-04-02,856.3442993164062,865.293720973837,850.6891961924046,862.3451669174347,6464950,-0.33282901895675954,0
2025-04-03,848.9703979492188,865.802404740781,835.6944293998845,854.4427610961501,13966330,-0.8610907287026848,0
2025-04-04,861.2437744140625,868.9633958369621,847.9035962386396,855.0354482029139,18496580,1.4456777874106708,0
2025-04-07,846.3428955078125,849.5532298327297,820.5762969041879,823.821177532594,13981240,-1.7301580979656617,0
2025-04-08,871.45751953125,876.4705917882363,854.4427728243368,854.4427728243368,14775630,2.967428941241179,0
2025-04-09,862.9180908203125,873.4084703296483,851.9733038444434,870.7414114073935,10487740,-0.9799018907462931,0
2025-04-11,881.221923828125,886.3979608089876,870.3166869895953,871.7341706295462,10097220,2.1211553219857127,0
2025-04-15,902.9435424804688,917.661714657265,896.473496162837,914.253809256304,12633610,2.4649430597439848,0
2025-04-16,894.5967407226562,905.9563854429957,885.459635186731,903.7832239601884,7198220,-0.9243990753710962,0
2025-04-17,905.0672607421875,907.7836972682895,884.2741859367974,892.9667707622783,11415130,1.1704178590090875,0
2025-04-21,916.0317993164062,920.1311732650805,902.9929516955591,905.8081437295533,7824150,1.211461186346252,0
2025-04-22,914.7476806640625,927.8359663166384,911.7349175341573,918.1555859674964,11293580,-0.14018275929962298,0
2025-04-23,920.92138671875,923.4402522396816,903.8325430449087,916.8714508058976,10818710,0.6749080850585676,0
2025-04-24,918.7482299804688,954.210099405739,915.9824156634257,950.2589188698975,18496710,-0.23597635689884822,0
2025-04-25,900.0789794921875,923.0452174123409,888.0278662459314,919.6866896864188,10893540,-2.032031178844085,1
2025-04-28,898.2021484375,901.3631050832358,889.0650429887111,896.918026756798,9946560,-0.20851848531630024,0
2025-04-29,898.2021484375,903.4374508528135,885.0644845529637,901.8570026750623,11768180,0.0,0
2025-04-30,852.9117431640625,877.9523263599593,845.1575149820685,873.2109216488716,39690570,-5.0423398955596,1
2025-05-02,876.0260620117188,880.6193333516859,846.1452601789779,847.0836775838369,18933030,2.710048141899013,0
2025-05-05,882.2986450195312,892.2753519747675,875.7791608185833,876.9151493635896,8930610,0.7160269859332713,0
2025-05-06,869.0128173828125,886.4474265819485,864.3207902358181,880.2242686600637,12040870,-1.505819793753016,0
2025-05-07,887.68212890625,888.7686794468863,861.6536907277487,864.3207496704923,11635570,2.14833557687486,0
2025-05-08,872.4700317382812,896.3746854810895,866.7902098503728,886.7436831494186,12018090,-1.7136874420027093,0
2025-05-09,854.7150268554688,868.5629735214347,851.1541504331229,855.6052761471834,12151340,-2.035027477956808,1
2025-05-12,892.0549926757812,893.1925266870196,872.9646218431894,875.2891347417517,10638220,4.3687035616640335,0
2025-05-13,894.3795166015625,906.3975195067259,889.3348713613016,890.6208003889055,13363000,0.2605807876046695,0
2025-05-14,898.2371215820312,901.1550937709037,891.412098554703,894.6762452523169,7594000,0.4313163381834517,0
2025-05-15,908.870361328125,911.4916038712305,892.9946921848513,900.0670603030197,10385000,1.1837898357357934,0
2025-05-16,906.7437133789062,918.514430995986,903.430061578627,908.8703259586581,6251920,-0.2339880405068051,0
2025-05-19,915.4976196289062,918.8607164889439,906.7437633385294,906.7437633385294,7162740,0.9654223261586603,0
2025-05-20,898.039306640625,920.8883929945976,897.0501676578166,919.701414140777,8106160,-1.9069752464630052,0
2025-05-21,909.7606201171875,917.9210170902419,893.0441464113619,900.1165146035777,7321500,1.3052116304807848,0
2025-05-22,903.97412109375,909.908954862947,897.1984829838995,909.7605598698166,6159740,-0.6360463286146811,0
2025-05-23,914.3106079101562,918.563953895906,901.2045161972959,903.9741536872501,4251690,1.1434494168815146,0
2025-05-26,916.8823852539062,923.5096284630482,914.9535521775681,915.4481216652316,5476790,0.2812804884358089,0
2025-05-27,907.139404296875,918.9101832146195,904.3698270139519,916.9319051022092,7150000,-1.062620584027596,0
2025-05-28,916.6845703125,919.3552576929596,904.1719377854458,914.4590075574926,6507400,1.0522270304224701,0
2025-05-29,910.403564453125,917.8715518672628,906.0513286817348,914.9535797277344,7081750,-0.68518725664094,0
2025-05-30,912.4410400390625,914.7269757525836,906.5273802181192,911.3974672853087,15041740,0.22379916616004358,0
2025-06-02,906.2788696289062,910.9004839103733,898.4768548335816,907.4218677688716,6619630,-0.6753499831498644,0
2025-06-03,892.4141845703125,907.2231146375449,891.5196589753353,905.0365436982427,9080270,-1.5298475472865114,0
2025-06-04,893.2092895507812,898.4272140043767,890.973036213526,892.0166089717943,5544930,0.08909595950130633,0
2025-06-05,887.941650390625,893.2092570386384,881.5310455913839,893.2092570386384,7853320,-0.5897429887686823,0
2025-06-06,931.4243774414062,937.6361922067621,882.1770614518629,889.0349292177171,19783860,4.8970252754392485,0
2025-06-09,954.880126953125,972.8198351344962,934.5550577338245,949.1652576010766,23496010,2.5182666547928445,0
2025-06-10,943.9473266601562,964.0736055386697,942.7546461497201,964.0736055386697,9044040,-1.144939556743485,0
2025-06-11,936.7416381835938,951.1530480018029,934.6544927506848,943.2019253434805,11860810,-0.7633570510822252,0
2025-06-12,931.1261596679688,947.4756682253494,929.7844319466296,939.1270255972054,12388330,-0.5994692972668303,0
2025-06-13,927.3990478515625,930.8279816417149,909.1115020745027,909.409657042722,10182020,-0.4002800026298603,0
2025-06-16,932.2691650390625,950.1591916602812,919.3485902570712,950.1591916602812,7016290,0.5251371778720593,0
2025-06-17,917.3607788085938,937.7355306672895,911.8943819684558,935.7477499981485,6110175,-1.5991504159471037,0
2025-06-18,913.38525390625,926.8027739581917,909.4096924093784,921.3363768999933,5002923,-0.4333654756318306,0
2025-06-19,894.9982299804688,916.86381694279,888.5379429234192,913.385200835148,6585940,-2.0130633647900464,1
2025-06-20,899.4707641601562,901.9554900280019,880.5868475645286,891.5196413830498,14320241,0.499725477645363,0
2025-06-23,909.9066162109375,912.3913420880837,885.0593574394755,893.5074254217726,5870597,1.1602213731232602,0
2025-06-24,910.9005126953125,930.2813746675532,908.9127319802109,914.3791289467403,11555634,0.10923060308252186,0
2025-06-25,922.3302612304688,924.3180419658793,910.4035768180058,912.3913575534164,6623799,1.2547746297052909,0
2025-06-26,945.6866455078125,947.6744261604825,922.827168002106,924.3180034916086,11677790,2.532323318350671,0
2025-06-27,941.2141723632812,953.6378018823319,930.2813783865166,944.1958434478533,21637194,-0.4729339433708124,0
2025-06-30,930.7783203125,950.1591822944474,928.2935944173786,950.1591822944474,6086081,-1.1087648653417603,0
2025-07-01,930.9274291992188,936.0459281516897,922.3302533273331,926.8027599436833,5381327,0.016019806592471042,0
2025-07-02,917.3607788085938,934.1078066812064,908.415765797459,927.299682154299,9394493,-1.4573263140710169,0
2025-07-03,904.5892944335938,918.8515961884932,899.6695252420488,916.3668704010717,7606558,-1.3921986496508776,0
2025-07-04,919.646728515625,934.9526641670823,913.3852314444845,916.3669024938135,10613046,1.6645602788676994,0
2025-07-07,919.000732421875,923.6222861320559,912.4907021276991,919.348569777971,3383973,-0.07024393973462661,0
2025-07-08,921.982421875,923.8210947863812,913.1864557424574,913.1864557424574,3851432,0.32444908343731704,0
2025-07-09,934.8532104492188,940.2202424405239,918.3546554070233,920.8393812062847,5341529,1.3959906684602341,0
2025-07-10,941.8602294921875,945.8854733415554,936.4931972515277,937.2386150259385,5409906,0.7495314734600633,0
2025-07-11,927.796630859375,941.3632582428945,925.858532567122,932.9648727512993,4278038,-1.493172574066004,0
2025-07-14,913.2361450195312,926.3058276901469,905.7322848353934,926.3058276901469,6657978,-1.569361792827062,0
2025-07-15,922.7278442382812,924.9143545235808,912.3913601201664,913.3852504906677,3892075,1.0393477383165761,0
2025-07-16,916.118408203125,921.336332415836,913.7827902013834,918.3546614371439,3952491,-0.7162931168087194,0
2025-07-17,917.658935546875,920.5909241719648,910.4035482229633,920.2927692034689,4583882,0.16815810379484653,0
2025-07-18,936.2446899414062,939.1269961604789,914.3791027028597,914.876047867372,7893820,2.0253444580099034,0
2025-07-21,942.6553344726562,945.189742786162,931.6231149576104,933.1636935624069,4660232,0.6847189201843351,0
2025-07-22,946.730224609375,956.1225003890987,934.2569130621131,949.165268057785,6237382,0.4322778419323603,0
2025-07-23,962.384033203125,965.0178669487034,947.8235756790004,948.1714130436221,9694991,1.6534603191958652,0
2025-07-24,953.0911865234375,964.0736630264946,948.1714170384288,964.0736630264946,5189112,-0.9656069052556782,0
2025-07-25,908.1672973632812,919.2491989092772,892.5135245222726,900.8622276357114,24415481,-4.7134932937554215,1
2025-07-28,875.1204223632812,908.1672753372495,873.6295868907714,903.69476891972,14011284,-3.638853226266381,1
2025-07-29,881.1334838867188,888.5379791789943,868.163226860013,869.7037447809487,11323854,0.6871124670132955,0
2025-07-30,879.44384765625,887.1464978312954,869.6540520212546,885.5066151591211,5054496,-0.19175712435937076,0
2025-07-31,875.816162109375,882.425496339971,862.6967977530308,866.6723590329987,6999179,-0.4124976889136156,0
2025-08-01,870.2503662109375,890.3766457988038,867.6662755657916,879.3941695635544,5300299,-0.6354981946248284,0
2025-08-04,879.89111328125,881.3322664188398,868.3620095050362,868.6601644770973,3969985,1.1078130437667255,0
2025-08-05,886.4508056640625,888.1403706877749,877.0088475708995,883.5684994549333,4446791,0.7455118347940104,0
2025-08-06,871.2940063476562,890.0288153255085,869.2564825845568,882.5746376427153,4212648,-1.709829718644329,0
2025-08-07,873.72900390625,876.6113102570308,861.951427234025,865.678516138179,5998002,0.2794691046712039,0
2025-08-08,871.7909545898438,882.8727957198508,870.6479564095645,871.6418467707626,3736916,-0.2218135494806317,0
2025-08-11,872.4369506835938,882.8727995211062,867.4178164703837,871.7909583433857,5367926,0.07409988488054076,0
2025-08-12,847.7884521484375,879.493577964962,846.2976166522797,871.840610285568,8257312,-2.8252469723849982,1
2025-08-13,854.7456665039062,858.7212277434593,843.8128730951354,849.3289521825652,10117225,0.8206309413436808,0
2025-08-14,856.1868286132812,861.6035429917359,850.2234866910745,854.7456755162978,5379250,0.16860712675732525,0
2025-08-18,899.6695556640625,914.0312833334461,869.6540550045962,869.6540550045962,16277779,5.07864937857172,0
2025-08-19,896.7872314453125,904.340834340714,885.0593376992107,900.4149554099347,5764382,-0.3203758758539399,0
2025-08-20,882.3758544921875,896.4891098168773,880.6365463522989,895.0479566542332,5561646,-1.60700068508991,0
2025-08-21,890.128173828125,895.7933609596045,878.5990700248271,882.5746314276544,6697533,0.8785733762398884,0
2025-08-22,889.034912109375,898.3775056015852,886.5501862510481,889.5318572810404,6424895,-0.1228207072750287,0
2025-08-25,895.29638671875,902.4524091439717,892.6626137722333,896.5884320002725,5837876,0.704300193849372,0
2025-08-26,870.8964233398438,896.3897352037943,868.1632248643122,894.4516368796031,6712926,-2.7253503689802394,1
2025-08-28,871.4927368164062,879.0960223258443,864.386457148603,864.8834023279845,8349342,0.06847122810260675,0
2025-08-29,872.4866333007812,882.5746447779533,865.5294007405946,865.5294007405946,5672446,0.11404529749792225,0
2025-09-01,883.9163818359375,889.3330965188461,872.4866425092836,872.4866425092836,4101526,1.310019901613324,0
2025-09-02,884.6617431640625,894.054018752533,880.7359249582778,889.531829961714,6103185,0.08432486866878364,0
2025-09-03,890.8239135742188,893.358321848498,874.673195296038,887.2459325590307,5493809,0.6965566735277484,0
2025-09-04,929.0390014648438,942.2080485570173,906.6764686668133,909.4096671199059,21738706,4.289858782225098,0
2025-09-05,931.87158203125,936.5925612653656,926.3058202517205,936.2447239024901,5467260,0.3048936117794776,0
2025-09-08,938.5306396484375,943.8479893858586,929.9335245707231,931.8715622116007,5657331,0.7145896221743664,0
2025-09-09,942.6056518554688,943.5995422261885,934.2569484765216,938.2325099594004,5417393,0.4341906417203001,0
2025-09-10,962.0361938476562,963.7258196057238,941.9099138954552,945.2394223633869,6836239,2.0613648935734252,0
2025-09-11,964.3220825195312,969.9375870897502,959.7004682688378,962.0858293005991,5982627,0.23760942535151486,0
2025-09-12,997.1204833984375,998.4622110922587,964.9184121242076,966.3098828648202,11412561,3.4011873702209927,0
2025-09-15,1003.6801147460938,1019.4332520431325,992.001903493552,992.8964290458812,9989753,0.6578574462034359,0
2025-09-16,997.1204833984375,1009.096849860506,993.8903397941067,999.7045740170013,7602155,-0.6535579664558422,0
2025-09-17,1001.3445434570312,1005.6182598971513,994.2382030772733,1003.8292693713166,6995023,0.42362584350861265,0
2025-09-18,990.4117431640625,1003.630472811925,983.9514558278192,1000.8475919379939,9738376,-1.091812040561435,0
2025-09-19,986.386474609375,989.9147731644083,982.5599604241896,984.9453214918962,6736440,-0.4064237507754087,0
2025-09-22,1000.3506469726562,1004.7237888199518,982.9575656790432,983.9017736531472,4250045,1.415689764887662,0
2025-09-23,1019.2345581054688,1022.5144448037238,992.8964637224411,992.8964637224411,10230040,1.8877291867567259,0
2025-09-24,1023.4585571289062,1029.6703716295672,1014.1657069008178,1015.2589619880337,6433184,0.4144285522744706,0
2025-09-25,1006.5624389648438,1024.8003023869387,1001.8414598633053,1013.7681439092971,16731453,-1.6508844492405195,0
2025-09-26,979.0813598632812,1004.3261990270311,975.0561160768209,1001.891155536227,9109737,-2.73019119706317,1
2025-09-29,984.8956298828125,991.7037543454866,975.1057737823071,983.9514219414285,5804877,0.5938495264931953,0
2025-09-30,992.797119140625,996.1763100158497,983.4048429711578,983.951470544565,7182200,0.8022666583212157,0
2025-10-01,981.66552734375,993.8903667219796,971.7763060624155,985.4422986048428,6932272,-1.1212353039975143,0
2025-10-03,983.7029418945312,986.137985305225,966.0613887562358,969.0430597091871,7692197,0.20754671464262575,0
2025-10-06,1002.7360229492188,1016.7498529626885,986.038616130292,986.933141732111,9299635,1.9348403104326728,0
2025-10-07,1010.3392333984375,1023.2101256938167,1002.7360085412411,1002.7360085412411,7991437,0.7582464651919363,0
2025-10-08,1016.89892578125,1021.7192696660381,1005.8667066083218,1005.8667066083218,4448915,0.6492564245721644,0
2025-10-09,1017.8430786132812,1022.7131655713794,1008.7490183488464,1016.7498234980768,4444154,0.09284628079491153,0
2025-10-10,1017.5946044921875,1021.2223285128763,1010.786479900336,1011.8797350138916,3714548,-0.02441182990920998,0
2025-10-13,1030.415771484375,1033.645914968652,1015.2589443658443,1017.5945623126523,7684523,1.2599484053461119,0
2025-10-14,1012.92333984375,1035.7330740667676,1005.1709468489393,1033.6459286680113,7668358,-1.6976090743861638,0
2025-10-15,1053.4244384765625,1056.5054743909757,1012.1779876889561,1019.7315303152786,10205158,3.9984367068745863,0
2025-10-16,1059.2386474609375,1074.4948401686147,1052.3807797360498,1055.5115586239883,9901992,0.5519341275947109,0
2025-10-17,1063.56201171875,1069.873191012859,1049.6475471792012,1049.6475471792012,5761670,0.40815771480542384,0
2025-10-20,1074.3955078125,1079.8619049382805,1065.6492238814471,1074.8924530057527,5700858,1.0186050248487843,0
2025-10-21,1079.86181640625,1082.3465421688047,1074.3954197286298,1078.271616183115,911624,0.508779918940605,0
2025-10-23,1087.465087890625,1095.764047568763,1077.2777123916862,1083.3404189115208,11143407,0.7040967065284676,0
2025-10-24,1083.092041015625,1091.8879466089368,1080.7564228887977,1086.819129938597,6440277,-0.4021321625581997,0
2025-10-27,1077.774658203125,1087.3159807528757,1069.1774829021078,1084.2845668288383,7366175,-0.4909446853209154,0
2025-10-28,1066.1959228515625,1085.7258934078031,1056.5552345352612,1071.4138474332178,12324341,-1.0743187607386018,0
2025-10-29,1056.4556884765625,1072.5567847808404,1054.766123428199,1065.4504445842445,5386803,-0.9135501427307569,0
2025-10-30,1045.870849609375,1060.282259488358,1038.6154016232579,1056.5054276799265,4271927,-1.0019198138306318,0
2025-10-31,1036.428955078125,1062.9160371127934,1035.0374842566753,1045.5726982056322,5315632,-0.9027782478856272,0
2025-11-03,1036.72705078125,1041.5971380005442,1024.701001220001,1030.6643436131337,4135617,0.028761807711408238,0
2025-11-04,1050.5421142578125,1053.9213657587372,1028.6765262600152,1033.6459780776963,6202540,1.3325651593784293,0
2025-11-06,1035.534423828125,1046.3678533672753,1028.6765558575062,1030.6643366417718,5776277,-1.4285662826844514,0
2025-11-07,1060.0833740234375,1070.3204926848425,1027.8813039076636,1032.6520258968524,6940923,2.370655154520196,0
2025-11-10,1078.3709716796875,1081.3526425691243,1056.406020392402,1060.0833659595746,5692236,1.7251093738826606,0
2025-11-11,999.05859375,1037.3233116315946,990.9086807328857,1037.3233116315946,23762890,-7.354832428969161,1
2025-11-12,1007.0097045898438,1012.1779464901371,1002.6365628290757,1004.8231337094597,11131278,0.7958603118560781,0
2025-11-13,999.2573852539062,1013.1718501970593,997.3689693181485,1006.3139824958898,8503994,-0.7698356133613471,0
2025-11-14,1012.27734375,1013.6688145355203,996.474462572359,998.7604589574643,4381122,1.3029634494805764,0
2025-11-17,1020.5266723632812,1026.6887440786747,1010.7864982846197,1014.7620597331335,6011603,0.8149277136561661,0
2025-11-18,1007.4072265625,1017.8430751553253,1005.5188713097211,1014.9608295603725,4562185,-1.285556385351494,0
2025-11-19,999.4561157226562,1009.89196443971,998.462225368651,1002.8353671911749,5158832,-0.7892648206400787,0
2025-11-20,1022.3156127929688,1025.3966486825288,1001.1457599931499,1008.7987279931348,5459073,2.287193675710708,0
2025-11-21,997.9652709960938,1021.3216941000011,995.3811803643922,1013.768151744064,6304584,-2.381881044577794,1
2025-11-24,987.927001953125,1003.1335120841381,983.9514405770561,998.8597957373146,9574900,-1.0058735844534206,0
2025-11-25,980.1746826171875,990.809321574001,978.4850568771278,988.9209056300073,6376983,-0.784705683781417,0
2025-11-26,1004.5249633789062,1006.6121087960257,975.3045635657265,980.174650422007,9772235,2.484279709888093,0
2025-11-27,1027.48388671875,1038.5160452782807,1004.7237735638056,1009.3950096533575,12076038,2.2855503025646318,0
2025-11-28,1031.1612548828125,1037.1245970797252,1024.700967502824,1031.6582000658886,4983147,0.35790032443292485,0
2025-12-01,1014.8613891601562,1035.6337212701098,1012.5754535393232,1035.534356502259,6459837,-1.5807290707900656,0
2025-12-02,1019.2345581054688,1029.6704068232723,1007.7054542630824,1008.3017642106271,6706145,0.43091292978754137,0
2025-12-03,1015.1596069335938,1020.0296938136075,1008.0035844279158,1014.7620265368471,5895670,-0.399805043840884,0
2025-12-04,1022.8125,1025.9930218061163,1009.7925611244182,1011.7803417565528,5404918,0.753861069149786,0
2025-12-05,1041.5970458984375,1054.5176199410707,1020.228404212544,1022.6137652237765,13123572,1.8365581080048932,0
2025-12-08,1020.1290893554688,1043.3861480349447,1016.7498378679369,1041.597096857867,5189635,-2.0610615811080146,1
2025-12-09,1010.4883422851562,1019.7315105111398,1007.5066712017904,1018.737620150018,5968501,-0.9450516773718998,0
2025-12-10,1004.1273803710938,1015.4577543089035,1001.1457094045386,1009.7925673399986,4990527,-0.6294938444987519,0
2025-12-11,1000.2512817382812,1014.2651115377427,993.9897239456782,1005.7176787137419,4670539,-0.38601662583686025,0
2025-12-12,1011.0846557617188,1014.5632720377727,993.8903645868176,993.8903645868176,4381711,1.0830652478255987,0
2025-12-15,1006.5127563476562,1010.2895274955631,1001.8414596316061,1008.7986919901589,3958977,-0.4521777071790467,0
2025-12-16,992.3001708984375,1004.4255848976097,990.4117549282037,1001.3445490117061,3861617,-1.412062128332292,0
2025-12-17,993.4927368164062,1005.0219008933718,989.2190205848613,993.8903172081899,4695550,0.12018197244578754,0
2025-12-18,994.1884765625,1003.5310698504261,988.9208699904783,995.9774670089271,3103997,0.07002967614269107,0
2025-12-19,1002.1396484375,1007.8048356817715,996.3750964210808,997.0708318128779,5126009,0.799765040778988,0
2025-12-22,1001.6427001953125,1009.1963033853727,998.8598192988709,1002.1396453790434,3921237,-0.04958872178766338,0
2025-12-23,1005.220703125,1011.780355032214,999.5555161166326,1007.3078485512267,4712043,0.357213498285347,0
2025-12-24,1005.5188598632812,1031.0618534988278,999.8536728449303,1004.8231244992292,5984816,0.02966082347433119,0
2025-12-26,993.8903198242188,1005.5188486986123,991.9025391845703,1005.5188486986123,5211460,-1.156471599214326,0
2025-12-29,991.902587890625,997.766565330431,983.5538845292492,996.8720397337644,6715489,-0.1999950994537647,0
2025-12-30,983.2556762695312,991.5049537496724,981.0691054445871,988.0263376479772,7473887,-0.8717500817779111,0
2025-12-31,980.77099609375,988.125809029987,972.4223534587753,983.9514573813728,9895270,-0.25269929640356903,0
2026-01-01,967.1546630859375,982.9575437159378,963.079736967385,982.1624435784461,7118751,-1.388329494045415,0
2026-01-02,984.398681640625,988.1257703484403,954.7310191290646,966.9559186204996,6206869,1.7829639056556212,0
2026-01-05,972.7702026367188,993.0455905121329,969.0431137377275,973.7144106235808,10564157,-1.1812773849438685,0
2026-01-06,971.3787231445312,980.9697894235536,967.3534793021437,972.0247761461352,8380183,-0.14304298059457654,0
2026-01-07,962.8809814453125,970.4842670653649,959.1538925457289,967.1050155315073,7048491,-0.8748124183438954,0
2026-01-08,966.01171875,972.372580467112,959.4023237880401,962.582784977722,4410256,0.3251427087061387,0
2026-01-09,953.7371215820312,976.9941792075174,947.8732051235074,964.1729698848583,7598970,-1.270646818224097,0
2026-01-12,946.084228515625,955.5261866418798,934.1078015204165,952.9420353889222,5640136,-0.8024111564108871,0
2026-01-13,943.2019653320312,950.0100901319603,933.2630615877528,944.195855706459,6765116,-0.30465185833569164,0
2026-01-14,940.1705932617188,948.0720337148815,937.3877124007109,941.214166001815,4452202,-0.3213916193702371,0
2026-01-15,940.1705932617188,940.1705932617188,940.1705932617188,940.1705932617188,0,0.0,0
2026-01-16,944.4442749023438,957.1163764598338,931.0764379896394,934.4556893365371,10710080,0.45456448768499413,0
2026-01-19,963.5269775390625,966.9559112565895,943.0528006627021,944.6927439465522,7000442,2.0205218183668716,0
2026-01-20,927.4984741210938,969.7388134208337,922.2308674702824,969.7388134208337,9001207,-3.7392314131140303,1
2026-01-21,930.5298461914062,941.5123224973162,915.3730182561123,919.3485796817632,5375254,0.32683310591805625,0
2026-01-22,937.0894775390625,941.2141466917889,928.542044927987,941.2141466917889,5518756,0.7049350834370749,0
2026-01-23,922.18115234375,945.5873190059384,920.6406344080395,937.0895078420846,6535035,-1.5909180022449898,0
2026-01-27,909.1115112304688,926.2561196916482,902.1542788114394,924.3180213853252,15312488,-1.4172531156231516,0
2026-01-28,929.4365844726562,931.1758925840434,909.1115146957117,909.1115146957117,6046468,2.2357073902493863,0
2026-01-29,929.4365844726562,934.0581381998472,918.0565278399878,929.4365844726562,6430445,0.0,0
2026-01-30,924.1688842773438,932.2691146019519,919.4976483309938,922.6780488062319,10151379,-0.5667627338234449,0
2026-02-02,898.1787109375,903.8438979987861,881.5807301538995,881.5807301538995,11874989,-2.8122753083346663,1
2026-02-03,958.5078735351562,966.8565160406149,936.1453407597718,954.1347317497356,15261370,6.716832837719555,0
2026-02-04,957.41455078125,969.7388152414482,938.3815871995736,959.1041764888621,17489015,-0.11406507803362054,0
2026-02-05,958.855712890625,962.5828016942942,947.1775013057949,958.1102951298911,6020258,0.15052644731574638,0
2026-02-06,975.7021484375,980.4728098858425,960.1974229025727,967.9994983851784,13742927,1.7569312379741353,0
2026-02-09,977.143310546875,981.9636544236286,965.6638286075663,981.9636544236286,4852548,0.14770512821795645,0
2026-02-10,959.7005004882812,979.1311054171357,955.4267841032932,977.1433247113504,6166752,-1.7850820724374161,0
2026-02-11,963.0300903320312,968.546169777069,955.5262301383489,959.4023662008532,3597342,0.3469405134264303,0
2026-02-12,992.995849609375,995.8781559623915,959.1042120795487,962.3840381852973,10346853,3.1116119400809383,0
2026-02-13,1018.4891357421875,1025.6948407767138,986.7343269403416,988.9208978418898,21613987,2.567310441714432,0
2026-02-16,1006.5624389648438,1023.0113725747423,997.1701631461748,1016.7994973052029,4460636,-1.1710185566832343,0
2026-02-17,1007.9539184570312,1010.1404286879872,997.8659071822697,1006.5624477080115,2913899,0.13824075271660075,0
2026-02-18,1017.544921875,1019.4332771309149,1000.8972586159408,1008.3514361946241,4929647,0.9515319343815332,0
2026-02-19,1010.836181640625,1018.2406769780405,1000.8475956240964,1017.7437317964992,9866245,-0.6593065416721888,0
2026-02-20,1023.90576171875,1030.2666840477068,1002.5868628307375,1009.6932029015758,6922705,1.2929473949886194,0
2026-02-23,1024.700927734375,1039.6092826480663,1022.7628901253963,1026.142020179564,9452225,0.0776600782371073,0
2026-02-24,1017.2964477539062,1022.4646896664448,1004.1274007181052,1020.0297068575513,6610984,-0.7225991291761713,0
2026-02-25,1014.8117065429688,1027.6825984137733,1007.2084819365814,1021.7192564500571,3182612,-0.24424947284772403,0
2026-02-26,1006.76123046875,1024.8996684832712,999.9033628685212,1014.5135629762356,4336261,-0.7932975173929879,0
2026-02-27,989.8154296875,1008.6993464492525,987.0324881612286,1002.7856866993056,8145772,-1.683199577854222,0
2026-03-02,972.2732543945312,984.3490466542129,962.0858781026386,965.0675492124609,8493269,-1.7722673103314879,0
2026-03-04,939.3257446289062,961.0919675381565,935.5489734349401,961.0919675381565,8964293,-3.3887088446285185,1
2026-03-05,956.5200805664062,962.3343147484754,940.1208900749527,952.146938837118,6181254,1.8304976772773207,0
2026-03-06,944.3945922851562,955.6255407459765,940.816550743047,954.1347052689937,6560051,-1.2676668820240433,0
2026-03-09,932.31884765625,935.3502011464798,903.496026981582,916.168129174755,9182152,-1.2786757492635026,0
2026-03-10,934.05810546875,946.3326872506235,926.1566653357364,944.1957988094701,8474956,0.18655182364619716,0
2026-03-11,888.1901245117188,935.499280319272,884.5624005143713,926.5045848959302,11172537,-4.910613235780737,1
2026-03-12,857.8267211914062,882.7734049192558,853.1057421149175,874.7228568335765,15508258,-3.4185702455321376,1
2026-03-13,849.825927734375,863.0446571962509,843.6141130753871,855.7395874221821,6668639,-0.9326817711995727,0
2026-03-16,872.7848510742188,876.5119399548598,844.9061777172205,844.9061777172205,8982957,2.7016030684133163,0
2026-03-17,863.2931518554688,875.6670991050029,854.2984561317264,872.7848534268901,7941385,-1.0875187862240843,0
2026-03-18,874.7228393554688,888.488256574478,852.9566779192932,870.7472781073361,12375517,1.3239636472772043,0
2026-03-19,827.1155395507812,864.5852168883157,821.6491427701986,862.8955912055036,11585591,-5.442558221043647,1
2026-03-20,825.4755859375,836.8059597514911,814.2446375519916,831.5880356170413,14881843,-0.19827382449759678,0
2026-03-23,807.63525390625,813.7973860542813,783.0862114062364,813.1016506942655,15835828,-2.161218615689109,1
2026-03-24,843.8129272460938,848.7823791144452,812.6047452479443,824.9290101463579,18828248,4.479456928714409,0
2026-03-25,877.356689453125,883.3697138215995,848.0866070806355,856.7831474745351,15995501,3.975260525636437,0
2026-03-27,838.6446533203125,869.8031517488845,836.1102450961564,869.6540439335951,11282824,-4.412348660262966,1
2026-03-30,796.6527709960938,829.7990494461383,794.1183628216662,825.9228529471898,20377282,-5.007112626064803,1
2026-04-01,812.3065795898438,836.9053660148123,809.8218536883318,827.711880179218,15094026,1.9649474857380111,0
2026-04-02,821.7982177734375,824.9786790496539,787.6084258753081,804.0572991582707,9113618,1.1684797860909146,0
2026-04-06,845.6515502929688,847.7884387352203,809.2751890271433,823.8357064074843,12504591,2.9025777865713698,0
2026-04-07,849.8756103515625,857.5285781459786,839.2907145671045,842.8190131619239,11569047,0.4995036143587095,0
2026-04-08,909.4593505859375,920.3424620263672,875.6173963771378,884.5624095069836,13826150,7.010877769480572,0
2026-04-09,897.7314453125,907.8194564801651,885.9538691047153,896.4890823934403,9457820,-1.2895469452132824,0
2026-04-10,918.9013061523438,921.6345046005437,906.7261494285443,910.1550832505548,9491544,2.358150753255006,0
2026-04-13,893.457763671875,900.365313902328,875.7167841019559,890.6748827576488,10723313,-2.7689091646856845,1
2026-04-15,907.5709838867188,919.3485600943784,905.533460169681,919.3485600943784,5975197,1.579618062396393,0
2026-04-16,900.3652954101562,926.9021193161395,898.4768794737946,913.3852347747978,11805227,-0.7939531567772051,0
2026-04-17,902.700927734375,904.887498678844,890.3269805066387,896.6382207477712,6035241,0.2594094126156632,0
2026-04-20,912.1428833007812,915.2736622182542,892.5135485743411,902.7009248247721,6184179,1.0459671942626647,0
2026-04-21,933.1139526367188,940.1706106839638,913.3852529931185,913.8821981797305,6713975,2.2990991564884267,0
2026-04-22,929.0390014648438,940.5681052202607,924.4671301354808,932.2691450912259,5759028,-0.4367045590048635,0
2026-04-23,912.7391967773438,924.1689360292474,903.7941834497668,920.4418471427572,9143598,-1.7544801307372015,0
2026-04-24,915.9196166992188,919.050395487281,904.2414053826628,914.3790988282084,3982355,0.3484478296871929,0
2026-04-27,916.1680908203125,923.2744309195722,902.7505714127813,917.4104537284172,7813458,0.02712837639500254,0
2026-04-28,918.0068359375,924.2186505566239,908.7636072544419,916.1681024128881,7119135,0.20069953708397037,0
2026-04-29,924.3179931640625,931.2752253706736,910.9998386750779,919.3485415879115,5438997,0.6874847745678592,0
2026-04-30,931.2752685546875,969.0431022847603,928.194232699504,939.2263914452292,27364272,0.7526928440297231,0
2026-05-01,931.2752685546875,931.2752685546875,931.2752685546875,931.2752685546875,0,0.0,0
2026-05-04,944.3945922851562,960.0980471769249,932.3684830401445,932.3684830401445,7503756,1.4087482158556153,0
2026-05-05,952.7432861328125,955.2280120622871,927.4488247005652,944.3946434071306,7290077,0.884026011569472,0
2026-05-06,974.7579345703125,977.988078121017,959.1041619784364,959.1041619784364,7771237,2.3106589947075262,0
2026-05-07,966.8068237304688,986.1876852701698,963.079734972834,986.1876852701698,7873561,-0.8157010636029027,0
2026-05-08,949.5131225585938,966.0117387824698,945.1897237966647,965.0675308165735,5555386,-1.7887442193618819,0
2026-05-11,930.3310546875,950.1591794026738,927.8463287999407,940.2202758524367,5581022,-2.020200396957661,1
2026-05-12,898.6756591796875,926.9518515360861,896.2406157098496,922.330237181858,7174645,-3.402594737466391,1
2026-05-13,890.6748657226562,901.8561322142032,884.612098160999,896.4891000333595,7422952,-0.8902870991670531,0
2026-05-14,906.5770874023438,909.4096505736561,883.5685020327653,897.3836018637576,6815238,1.7854126451390506,0
2026-05-15,904.887451171875,915.9692918081777,901.8063547920738,907.4218593475697,5012279,-0.1863753511916033,0
2026-05-18,915.4723510742188,919.3485475938392,885.2581216911881,894.5012895507624,6387223,1.169747672888577,0
2026-05-19,917.9074096679688,924.3180144815005,914.4784758688934,921.9326534050346,8313548,0.26598931042458585,0
2026-05-20,917.4601440429688,920.6406052476597,902.8996870314689,904.4402049183851,5864990,-0.04872666025887984,0
2026-05-21,902.1046142578125,929.1881267100869,897.7314723859383,927.2997107512654,9713326,-1.673699929621908,0
2026-05-22,910.9501953125,918.354690610588,902.5518096566084,902.5518096566084,4811990,0.980549363663874,0
2026-05-25,936.1453247070312,938.232470132043,918.8019263417376,920.4418089864607,7065528,2.765807562716205,0
2026-05-26,924.5167846679688,942.605600563208,922.4295786056811,938.1827765217242,8489543,-1.2421725272944828,0
2026-05-27,925.4609985351562,930.2316599531514,917.3607681377288,926.3057810448138,5349669,0.10213052730314587,0
2026-05-28,925.4609985351562,925.4609985351562,925.4609985351562,925.4609985351562,0,0.0,0
2026-05-29,902.700927734375,932.0703760088064,889.8300353220891,909.509052497803,46752428,-2.4593225254015527,1
2026-06-01,883.6182250976562,912.3913635647469,882.5746523371408,905.8813937458372,6887616,-2.113956245133486,1
2026-06-02,876.6112670898438,878.9966281359411,855.1929427077972,868.6601444858543,15697997,-0.792984776546235,0
2026-06-03,871.4430541992188,876.6112961958627,858.2243245636365,876.6112961958627,14747769,-0.5895672443022915,0
2026-06-04,869.0577392578125,873.7787183820307,862.6968168044914,864.8833876892113,9676279,-0.27372011629585025,0
2026-06-05,883.9661254882812,907.4219141184456,868.660189418972,868.660189418972,13274646,1.7154655619545656,0
2026-06-08,865.77783203125,874.027170203179,861.2059608318382,867.6662479009749,6203084,-2.057578105380964,1
2026-06-09,881.4813842773438,883.3200571778759,866.7717584240726,880.5868586887179,9183355,1.813808538993289,0
2026-06-10,878.6984252929688,889.2336992938868,874.7228639331322,884.6617673327235,6939714,-0.31571386917677025,0
2026-06-11,865.231201171875,881.5310265948833,863.1937381595617,874.6234767765276,5191085,-1.5326332372342155,0
2026-06-12,912.6895141601562,915.3730302902005,875.716780283085,875.8162057173853,11729668,5.485044104281411,0
2026-06-15,936.5428466796875,953.1408273382576,933.26302072015,936.2446917128663,11989428,2.6135210440629164,0
2026-06-16,953.786865234375,958.010899073921,940.2202381671683,940.2202381671683,9335988,1.8412418199362124,0
2026-06-17,952.5445556640625,955.9237465275168,945.7363702265553,949.2646689105351,5682977,-0.13025022838905054,0
2026-06-18,952.9917602539062,955.0789664353642,942.2080739675965,952.4948150672145,5750456,0.04694841697268082,0
2026-06-19,955.9237060546875,965.7632445741657,947.4259558763664,948.2210560069122,12941776,0.3076569938023521,0
2026-06-22,962.384033203125,967.0056476888367,955.6752732051749,960.147779870475,5680845,0.675820372224134,0
2026-06-23,956.5200805664062,971.7265905260309,954.6316646691564,962.3839971326659,8202516,-0.6093152457238515,0
2026-06-24,984.8956298828125,987.8276184745832,946.5811699790587,946.5811699790587,9873777,2.966539845102223,0
2026-06-25,974.4100952148438,999.4560827804515,972.9192597329742,990.1135501580862,12807092,-1.0646340941949717,0
2026-06-26,974.4100952148438,974.4100952148438,974.4100952148438,974.4100952148438,0,0.0,0
2026-06-29,976.0499877929688,986.2373636895479,969.3412280561971,969.3412280561971,19875760,0.16829593475871096,0
2026-06-30,1004.75,1010.9500122070312,977.7000122070312,986.9000244140625,12445420,2.940424421491694,0
2026-07-01,1014.9000244140625,1025.4000244140625,998.9000244140625,1000.4000244140625,6834299,1.0102039725367051,0
2026-07-02,1018.4000244140625,1025.699951171875,993.4000244140625,994.7000122070312,8168339,0.34486155441968425,0
2026-07-03,1031.4000244140625,1040.0,1017.5999755859375,1035.0,9399193,1.2765121453605088,0
2026-07-06,1029.0999755859375,1040.199951171875,1024.800048828125,1040.0,4819952,-0.22300259585815718,0
2026-07-07,1042.5,1052.9000244140625,1024.0,1024.0,9101171,1.3021110418774295,0
2026-07-08,1010.4000244140625,1034.699951171875,1004.0999755859375,1025.0,8313859,-3.0791343487709844,1
2026-07-09,1003.7999877929688,1013.5,994.0999755859375,1000.0,11712515,-0.6532102594634437,0
2026-07-10,1020.5,1023.9000244140625,1004.2000122070312,1010.0999755859375,7039305,1.66367925982438,0
2026-07-13,1022.5999755859375,1028.0,1003.7000122070312,1014.0,4874070,0.2057790873040144,0
2026-07-14,1006.5999755859375,1022.0,995.2000122070312,1007.0,6458393,-1.5646391924498348,0
2026-07-15,1021.2999877929688,1037.300048828125,1006.5999755859375,1006.5999755859375,5538356,1.4603628614707986,0
2026-07-16,1037.5999755859375,1042.4000244140625,1021.2000122070312,1024.0,9079076,1.5960039153817052,0
2026-07-17,1056.300048828125,1058.5,1037.5999755859375,1044.9000244140625,12882360,1.8022430302802928,0
2026-07-20,1064.0,1067.699951171875,1038.199951171875,1057.0,9348760,0.7289549196194178,0
2026-07-21,1069.199951171875,1074.4000244140625,1060.9000244140625,1064.0,6970658,0.48871721540177937,0
2026-07-22,1060.300048828125,1070.5999755859375,1056.0999755859375,1064.0,6757716,-0.8323889590525546,0
2026-07-23,1039.800048828125,1061.199951171875,1036.5,1053.300048828125,8016651,-1.9334149821701119,0
2026-07-24,1012.7999877929688,1030.199951171875,1001.2999877929688,1027.300048828125,18416962,-2.5966589504959003,1
