Date,Close,High,Low,Open,Volume,Daily_Change_%,Crash_Signal
2020-01-01,446.1395263671875,446.8805666452574,442.16133268936926,444.15045333297735,918373,,0
2020-01-02,447.3873596191406,448.51841558030543,445.00827145837263,446.60732759204444,1075642,0.27969574050386026,0
2020-01-03,456.3578796386719,459.0490005486435,446.84147622266687,447.73853239578824,3269446,2.0050901811727195,0
2020-01-06,453.9787902832031,461.9351291193233,451.98971747652115,456.318887140333,3589985,-0.5213209767195082,0
2020-01-07,455.7338562011719,458.4639691608708,451.6776788534551,453.9787835842226,3179728,0.3865964568243063,0
2020-01-08,456.9039001464844,462.55913407915534,450.85865008052576,454.75881141340227,3593096,0.2567384295442787,0
2020-01-09,452.6526794433594,458.77596082370343,451.83365514925634,457.09887253770256,2313648,-0.9304408874080683,0
2020-01-10,452.6917724609375,460.0630879700996,450.3907150286165,453.97884493104766,2049636,0.008636426857377977,0
2020-01-13,457.4888610839844,460.2189736394727,453.198684211074,455.49978860114834,4096054,1.05968098270679,0
2020-01-14,463.57318115234375,465.99130982077276,457.9959788357302,458.0349709284128,3395378,1.3299384063566233,0
2020-01-15,464.7042236328125,466.6932963942136,461.54510246948234,465.67926396775334,2348102,0.2439835880188701,0
2020-01-16,462.7540588378906,466.6932115530665,457.68385001792217,465.67917931094934,2107442,-0.41965721328645067,0
2020-01-17,467.08331298828125,469.57942577006685,456.31887720180913,456.31887720180913,4555694,0.935541043391952,0
2020-01-20,459.6340026855469,482.05992984245734,455.6168175597703,482.05992984245734,10272118,-1.5948568693399778,0
2020-01-21,455.57781982421875,462.7541259473878,454.25175549558054,459.6729890803903,2640668,-0.8824810256918947,0
2020-01-22,460.72607421875,464.11919551192955,453.5887599835076,456.4748888724348,4402650,1.1300493945288315,0
2020-01-23,467.2004089355469,467.9804413245838,457.8790123646759,460.2970937269308,6089397,1.405245997369553,0
2020-01-24,475.61376953125,476.63119931920244,466.06548307813637,468.8047428443387,3551260,1.800803345800106,0
2020-01-27,472.99188232421875,475.84855807151723,470.95702272949916,475.61377392888033,2450421,-0.5512639404059549,0
2020-01-28,470.7223205566406,475.3399020622537,463.79587664485877,475.3007793264848,5330709,-0.4798310187535959,0
2020-01-29,476.5137939453125,478.5878240647641,471.3092289353025,473.5006272431436,4281329,1.2303375335640077,0
2020-01-30,475.7311706542969,480.42704486433416,472.444096922393,478.97916942380044,3334901,-0.16423937794871613,0
2020-01-31,462.856689453125,476.55298930271476,461.4478889677591,475.731173096617,3590768,-2.7062513443180447,1
2020-02-03,453.23016357421875,464.617698176878,451.9779494020536,462.85674512725956,4024193,-2.079807011168011,1
2020-02-04,459.0215759277344,461.17385100667946,455.89099399472343,456.2823167363498,3246094,1.2778082349691688,0
2020-02-05,466.14373779296875,468.4134293233152,458.6303585354431,461.2913728973045,3006324,1.5515963167612945,0
2020-02-06,469.35247802734375,479.76165278355217,468.0219712309367,468.765493949713,4704968,0.6883585414162674,0
2020-02-07,475.61376953125,476.7877380024796,468.9221587990214,470.8787729177373,2865379,1.334027579916497,0
2020-02-10,473.4222717285156,478.62683552862916,470.87867390901135,476.55285366021315,2286213,-0.4607725728576484,0
2020-02-11,477.922607421875,480.34878994171845,474.0485017211105,474.283285873208,2458748,0.9505965312802456,0
2020-02-12,480.62261962890625,485.6315703240121,477.64857605257833,479.761728619854,4873027,0.564947580445363,0
2020-02-13,479.3313293457031,480.50529779976125,472.7570868954183,478.97912925570597,2090363,-0.26867031023219967,0
2020-02-14,486.5317687988281,487.7839829406917,479.17487935088405,479.3314180608439,3650630,1.502184191246947,0
2020-02-17,480.1140441894531,487.97962441167414,479.25310520436824,487.5883015372462,2190578,-1.3190761674657714,0
2020-02-18,475.1050109863281,481.95316011692023,473.6180129793094,480.11396202940585,5237465,-1.0433007040194897,0
2020-02-19,474.0877685546875,483.8708426065795,472.7181381874226,480.8967976485876,3799862,-0.21410896709525007,0
2020-02-20,475.8875427246094,479.722524427615,473.617899645776,478.19635628993376,4820313,0.3796288977057305,0
2020-02-24,465.79168701171875,476.63131270037815,462.9350106112868,475.8486668667158,4070143,-2.121479300569329,1
2020-02-25,455.8519287109375,466.22198267064624,450.0212095722656,466.06544400049415,5525575,-2.1339492691571316,1
2020-02-26,456.75201416015625,461.0174428045966,450.4126030595808,451.5083261537335,5460070,0.1974512758482927,0
2020-02-27,448.49517822265625,455.812945311207,444.54282637992657,455.5781133497516,4078174,-1.8077284131263416,0
2020-02-28,418.2066650390625,441.4121266186853,415.7413600144987,438.2815441603968,7894806,-6.753364284455465,1
2020-03-02,430.22039794921875,442.86009872681586,420.9460167274121,423.45049279541126,8175982,2.872678489960001,0
2020-03-03,442.2339172363281,445.1297157098911,434.3683379674542,435.1509836214496,4682284,2.7924104352967882,0
2020-03-04,440.70782470703125,450.3344061274845,439.06428765758744,445.3254539699951,5175180,-0.3450871744152817,0
2020-03-05,451.1168212890625,455.42137092819905,440.7467698856881,444.54258091446417,6061347,2.3618815002776072,0
2020-03-06,443.1340637207031,449.1995687009109,437.9294500172194,446.1081082217329,3288548,-1.769554401795237,0
2020-03-09,422.9808654785156,436.7162875492688,419.85028277206925,434.36835051943405,3699776,-4.547878371835024,1
2020-03-11,420.12420654296875,424.7027125965721,402.2798939525506,412.2586267305565,4850031,-0.6753636319494438,0
2020-03-12,386.1182556152344,413.08038528249824,380.63973578981955,407.7584041487328,5321388,-8.094261268008218,1
2020-03-13,385.7660827636719,404.82351142291725,309.888592150019,360.0170425414054,6859998,-0.09120854723674299,0
2020-03-16,352.7384033203125,375.51337258330096,349.72521279680365,367.0608091335784,5281571,-8.561581984280565,1
2020-03-17,352.6991882324219,374.57413941409345,346.98588566156224,352.19047343656916,5148153,-0.011117328740362087,0
2020-03-18,339.8638916015625,363.77370792786894,335.7941244511715,356.10378970342185,4936397,-3.6391625098953106,1
2020-03-19,323.5848388671875,340.13778883689,293.6877668396574,327.85024313552196,9270044,-4.789874163348795,1
2020-03-20,348.1990966796875,361.543221326913,322.33266365504693,323.62402439266145,11916337,7.606740136117041,0
2020-03-23,326.48065185546875,347.49469386256123,313.41048288094873,324.7979683625291,9525470,-6.237363919469841,1
2020-03-24,345.9685363769531,359.11699900903005,322.33264959438355,323.2326874095536,9915953,5.9690779256687865,0
2020-03-25,358.1386413574219,366.27815104827147,326.9502085478961,338.10290865994284,11976272,3.517691264042777,0
2020-03-26,350.39044189453125,365.2998309024928,345.2249761986134,360.8778880744566,9504717,-2.1634636892359005,1
2020-03-27,337.04632568359375,358.0212422697858,329.1024775540074,352.386184348851,9150873,-3.808356226496079,1
2020-03-30,327.9285583496094,343.3075420490193,320.88474683374665,320.88474683374665,6325701,-2.7051970720914476,1
2020-03-31,341.5466003417969,351.72099508639576,332.8592277445181,339.0421482737981,6381806,4.152746580146616,0
2020-04-01,323.6631164550781,339.0421234143475,319.4759811093748,338.8855847221273,8136746,-5.236030418344717,1
2020-04-03,317.59759521484375,335.4419303654363,312.5103984898658,327.8502580066893,8166356,-1.8740229985631407,0
2020-04-07,353.0906677246094,358.4126737941949,332.62448368200756,332.62448368200756,5972948,11.175485282171538,0
2020-04-08,362.4432678222656,373.1655007464446,351.4079574765133,352.9732490465646,7991061,2.6487814469655646,0
2020-04-09,367.0999450683594,376.45257045783853,361.5823026019156,376.2177863086305,5069225,1.2848016943653784,0
2020-04-13,358.6473693847656,368.62610142984096,355.3211253697405,367.8434557792468,2236731,-2.3025270902777617,1
2020-04-15,374.6915283203125,377.23512616269585,362.13007776016667,367.84338028312663,6333188,4.473519201623999,0
2020-04-16,359.82135009765625,372.5393423523314,357.4342903359436,370.19140532069906,10484842,-3.9686454319682873,1
2020-04-17,356.29949951171875,371.75675402101353,355.04726145812555,367.8435250313186,4706460,-0.9787775475195271,0
2020-04-20,367.8434753417969,370.6610046106668,354.92982142022316,358.4517270351978,4800719,3.23996408804903,0
2020-04-21,356.6516418457031,363.8911143028027,350.5078685511663,358.45171733530987,3405204,-3.04255321796707,1
2020-04-22,361.8953857421875,367.4130525450898,352.19058333387784,354.53852055610366,3768051,1.4702705052323628,0
2020-04-23,373.8697814941406,376.25684082128765,361.895290482109,363.9301736492954,3052968,3.308800339467055,0
2020-04-24,366.3564758300781,388.8966635980912,364.0476613422939,375.66995536323446,6738184,-2.0096049576502795,1
2020-04-27,378.0960998535156,380.13098322117173,365.6911621290695,370.2696437351835,2914569,3.2044265074988143,0
2020-04-28,368.7043762207031,382.71372879648607,367.4130156550283,382.71372879648607,4262237,-2.4839514706581522,1
2020-04-29,384.86602783203125,392.1055006483938,368.0000223379618,371.6001734958349,3849090,4.3833631097597525,0
2020-04-30,425.4070739746094,442.58615718021275,392.1055079527614,396.41005943727276,8035267,10.533807405903751,0
2020-05-04,402.4754943847656,412.8455484452385,397.7404981222534,412.8455484452385,7032527,-5.390502648578998,1
2020-05-05,407.288818359375,414.72395208899115,403.5712514945669,411.6716149240098,4592828,1.1959297005069036,0
2020-05-06,406.2714538574219,412.2195911578257,396.175350749846,400.8712259912059,6921533,-0.24978945065352587,0
2020-05-07,400.51885986328125,424.0373490664964,397.2317390023686,414.8021411383274,19998641,-1.4159483615010404,0
2020-05-08,405.7235412597656,408.9323694531773,393.2011864446912,407.6409849683961,10120968,1.2994847229568673,0
2020-05-11,412.8847351074219,418.6372097421499,407.91495395226184,411.6716438096721,4425540,1.7650427247629885,0
2020-05-12,412.7674255371094,422.62874378451744,406.9758273480538,411.24125663077217,6439945,-0.028412183919068745,0
2020-05-13,413.82391357421875,422.51126173034345,408.188854984534,422.51126173034345,3502017,0.25595237699163054,0
2020-05-14,404.97998046875,412.8846820225907,402.55375041628906,406.5061489621065,3741672,-2.1371247082081934,1
2020-05-15,400.1275939941406,405.37132947410305,395.4317200303952,405.37132947410305,4895121,-1.1981793443204047,0
2020-05-18,399.73626708984375,405.9191868533209,397.1926687187385,402.82772697158236,5159655,-0.09780052917385262,0
2020-05-19,405.6060791015625,407.36703168811056,396.17520924738454,400.7145441389291,3966934,1.4684211804077973,0
2020-05-20,412.2585754394531,413.7456212073536,403.0624895136561,403.101612240412,3138708,1.6401372367559786,0
2020-05-21,418.59808349609375,420.6721139561852,409.6368273767119,414.6457317931708,4523685,1.537750439728991,0
2020-05-22,415.11529541015625,418.7154464967732,409.3236981641353,417.65889391691235,6410434,-0.8320124298825227,0
2020-05-26,410.1063232421875,419.8893939302168,407.17140203577867,414.80219717244154,4055691,-1.206646014577617,0
2020-05-27,415.5456848144531,417.85449885456615,403.8451237112869,414.5673778287184,4828798,1.3263296038118932,0
2020-05-28,424.7027282714844,427.32457238275435,409.3237204325651,415.5848863282831,4492767,2.203618950133013,0
2020-05-29,430.6507568359375,434.3683235691873,420.04591812960456,422.62863914839846,7853755,1.4005157416014935,0
2020-06-01,438.0858459472656,448.7689767961006,434.75960236481654,435.93357068803385,4503261,1.726477660449266,0
2020-06-02,438.43817138671875,444.34713741636943,430.45517495200914,437.7337710837799,2930058,0.0804238353538489,0
2020-06-03,440.4729919433594,444.85583653999595,435.9336564212988,441.41217634041743,4202273,0.46410661512541473,0
2020-06-04,453.11273193359375,456.83029896235985,437.4989408589959,442.19481500059516,5315353,2.869583429955158,0
2020-06-05,450.7648620605469,459.53050465205035,448.064724472824,457.8477970595669,3995824,-0.5181646216445235,0
2020-06-08,452.56488037109375,456.6737703355525,446.92982172319836,453.26928061541935,3771973,0.39932533834128314,0
2020-06-09,448.3385314941406,456.7519720439674,446.10801054895524,449.356009031564,3812291,-0.9338658522260124,0
2020-06-10,452.91705322265625,459.8043254803262,448.9255316933167,450.02125472542565,6491708,1.0212197718668437,0
2020-06-11,452.4082946777344,457.7694458786215,449.3168349004197,453.9344632026263,4975680,-0.11232929767203137,0
2020-06-12,446.6949157714844,452.91695700355115,434.5247878916284,434.5247878916284,6624056,-1.2628811128053807,0
2020-06-15,453.11273193359375,454.71714604485976,441.17738515702905,449.8647332114268,3787100,1.4367336487421722,0
2020-06-16,454.6387939453125,464.5001082220835,452.6821801785809,457.84762141519604,4728405,0.3367952176506872,0
2020-06-17,450.68646240234375,455.38233613518986,448.455941486801,453.9344608417881,3572351,-0.869334424515511,0
2020-06-18,453.11273193359375,456.9085444238257,446.1862889133937,447.0472278340281,1918229,0.5383497694421591,0
2020-06-19,445.7950134277344,452.3692570319554,443.91669223289057,449.23867393830864,6182627,-1.6149884984763219,0
2020-06-22,445.7950134277344,451.31270434541244,442.5079393945309,450.0213197117203,2666273,0.0,0
2020-06-23,454.130126953125,456.67372525144066,441.21647405398403,445.873225107757,4521803,1.869718878482196,0
2020-06-24,437.96856689453125,453.7780214755508,433.8988469838343,450.0213312208799,5339893,-3.558794957521494,1
2020-06-25,430.4942321777344,438.8294274955308,428.8898181417505,436.40319730820664,6353371,-1.7065915871073867,0
2020-06-26,440.159912109375,449.1603366639996,426.5418593278623,430.4942101219832,7034875,2.2452519009941163,0
2020-06-29,433.3509521484375,442.8992396499425,430.6899375472476,439.84690218204264,3857610,-1.546928689690752,0
2020-06-30,435.81622314453125,438.9076831012849,432.9987178341917,436.71628477447626,3110587,0.5688855611996724,0
2020-07-01,431.8247375488281,437.9684867960636,431.2377533111088,436.67715013442086,3004648,-0.915864390477128,0
2020-07-02,445.48187255859375,447.9863479620133,432.7247591907662,434.36829579703476,5243652,3.1626569351463685,0
2020-07-03,453.2691955566406,454.36487068021086,446.577537797988,447.6732606904523,3735570,1.74806731266548,0
2020-07-06,452.91705322265625,460.9782939709143,451.7822074613078,453.2692533236127,3288417,-0.07768944755928153,0
2020-07-07,463.3654479980469,465.2438170728845,450.1387623065072,455.4998670638702,7255475,2.306911320968563,0
2020-07-08,449.9430847167969,465.47858457312867,448.4560386051328,465.47858457312867,4625011,-2.8967121608313273,1
2020-07-09,460.3912658691406,463.0131094741393,450.02121185678857,450.52995059514143,4807930,2.322111730847043,0
2020-07-10,455.6954345703125,460.6260926640945,453.81706588272885,460.3913085203715,2376881,-1.0199653310023593,0
2020-07-13,471.622314453125,473.50068337905066,456.55638361833707,457.8477682260242,5443990,3.4950711976806215,0
2020-07-14,462.8175048828125,480.34878726488796,460.2739064166441,473.1875601679608,6212718,-1.8669196304933577,0
2020-07-15,481.4836730957031,491.4624063696945,463.71760508548243,464.6176668020713,9928037,4.0331595101652296,0
2020-07-16,491.3059387207031,510.4416395556026,475.18345310879937,493.066891906082,20771204,2.0399997287234406,0
2020-07-17,487.7056579589844,504.5325395048491,480.07486283934804,492.67543874985427,26830157,-0.7327981361457625,0
2020-07-20,507.62396240234375,510.28497678763097,490.60141908159073,495.4147090591571,10543170,4.084083118230808,0
2020-07-21,510.558837890625,518.3852938881445,503.47590476664914,510.28493103827043,8801061,0.5781593671015495,0
2020-07-22,508.837158203125,514.9809082902102,503.31946739917646,514.1982625329302,3837958,-0.33721474582892874,0
2020-07-23,512.5267333984375,515.7455102304916,505.2256802584758,510.2893301175154,3172594,0.7250994027915736,0
2020-07-24,533.802001953125,537.6095269633737,503.14539295848476,503.22387985746525,12365728,4.15105538273417,0
2020-07-27,550.4060668945312,552.996805675445,531.093591813297,536.9815473766373,11348828,3.110528787950173,0
2020-07-28,559.3165893554688,562.1427891336848,546.1668206542483,551.1126942242812,8469603,1.6188997536331629,0
2020-07-29,545.146240234375,557.9819651842964,543.6546055436163,557.3931695826246,7142681,-2.5335113227059836,1
2020-07-30,545.9703979492188,559.3949148975295,543.7722378762486,547.9722928743113,7966760,0.15118103254081472,0
2020-07-31,553.6248168945312,562.6530149717854,546.4022488494674,550.9948347918104,6322671,1.401984242014609,0
2020-08-03,554.2135620117188,563.6735330315655,549.9742154379983,556.6864742494738,5546316,0.10634370050279784,0
2020-08-04,543.7722778320312,558.1781215782555,539.3759094467548,557.0005306044617,6683186,-1.8839820775563676,0
2020-08-05,540.4359130859375,551.4267650831365,534.6264435780361,543.7724217279443,6052220,-0.6135591831557763,0
2020-08-06,553.3893432617188,555.5089689591141,538.865719349446,543.2620403942062,5132907,2.396848518414707,0
2020-08-07,541.9271850585938,549.4637936556217,537.7663745178439,549.4637936556217,7371589,-2.07126471492316,1
2020-08-10,543.3012084960938,545.5779035276955,537.845027443068,545.5779035276955,3769570,0.25354392165277684,0
2020-08-11,536.824462890625,550.2882722047423,535.0188329788718,544.8320911039428,3956468,-1.1921095525255665,0
2020-08-12,562.967041015625,564.4586755974951,531.5253677648392,534.3123238260442,13085350,4.869855964504799,0
2020-08-13,568.8549194335938,572.3092054091672,559.7874786430868,562.888477748111,8850347,1.0458655638786007,0
2020-08-14,556.6865234375,571.4457029367464,555.2341803084105,571.4457029367464,3887203,-2.1391035886988097,1
2020-08-17,564.3409423828125,565.8718205409108,556.804377796295,558.256721123847,3344102,1.3749962722372056,0
2020-08-18,560.88671875,566.5784097591103,559.2773536341343,564.4194924797926,3634301,-0.612080991010111,0
2020-08-19,557.2752075195312,560.6902496328124,553.4676830508757,560.3762062489615,4858027,-0.6438931623336419,0
2020-08-20,557.4716186523438,561.985717958721,554.2921322024174,556.2155406205696,3025569,0.035244907751552645,0
2020-08-21,554.17431640625,561.3183489536868,551.6621128136873,561.3183489536868,4164686,-0.591474460002972,0
2020-08-24,554.0172729492188,556.1761895912144,546.0881321688385,554.2920249916815,4066936,-0.028338277755213248,0
2020-08-25,550.7987060546875,558.6100715614839,545.3818146162972,553.4679322704609,3982510,-0.58095064029281,0
2020-08-26,559.5911865234375,563.47724607966,547.1872386172386,553.2322148251072,4511228,1.5963146558076735,0
2020-08-27,557.510986328125,565.2438165969895,554.645495035796,560.1801644900457,3917059,-0.37173569659596506,0
2020-08-28,554.60595703125,562.6135830968763,552.0545106030443,560.2976452172475,5416681,-0.521071219781355,0
2020-08-31,545.146240234375,569.1690816160605,538.5517103291276,553.4678655714795,7786675,-1.7056644770842233,0
2020-09-01,541.3777465820312,552.6826378871497,535.7253488457662,545.6170928005242,6377322,-0.6912812332198315,0
2020-09-02,551.0734252929688,553.310829354272,540.9853654984236,541.6134524568243,4090511,1.7909267183867206,0
2020-09-03,554.8416748046875,562.4175300686486,547.6583499084693,553.3107967872289,5467610,0.6838017111268746,0
2020-09-04,550.1703491210938,553.0750823447707,543.3010702417229,545.7347863659006,3354824,-0.841920478528968,0
2020-09-07,556.4508666992188,559.2771132179216,540.9459219946774,546.6768539984145,4238823,1.1415587168879915,0
2020-09-08,569.8756103515625,580.0813999719036,552.0547219697061,556.4510429473311,11522742,2.4125658626389157,0
2020-09-09,566.7745361328125,573.8008384130991,557.5500736534757,559.0416601131211,5514179,-0.5441668607008676,0
2020-09-10,567.1279296875,572.2700682408835,560.3763781934181,572.0345595888789,3366359,0.06235169933688223,0
2020-09-11,566.5390625,576.2345427932846,557.5108646224486,558.9632077231862,7221661,-0.1038332193980418,0
2020-09-14,625.8185424804688,649.5538791027577,585.8266262210327,586.4957632411814,32312474,10.463440900064814,0
2020-09-15,624.0469360351562,637.5481116815702,616.4500291655656,622.7479671135941,14024028,-0.28308628221379584,0
2020-09-16,621.3311767578125,626.8812270733443,613.4587513316761,621.9609611820091,7471292,-0.43518509915266845,0
2020-09-17,636.3280639648438,643.5707041288475,621.5279154859023,625.8183964566546,19972637,2.4136704817046217,0
2020-09-18,638.1387329101562,648.6878013262685,632.9429517795145,636.3280848221731,8847382,0.2845495975818846,0
2020-09-21,631.8408203125,669.0774295343798,624.6375801642097,647.9005867618652,24911507,-0.9869190307467135,0
2020-09-22,646.326171875,654.5922191401492,622.3546251961723,640.7761211782947,21882919,2.292563426866878,0
2020-09-23,640.8941650390625,665.0625218504641,637.7845952882196,654.9858264382323,18070370,-0.8404435828707313,0
2020-09-24,620.5831909179688,638.8078721854774,617.1980581172694,638.453603486104,10553627,-3.169161966056566,1
2020-09-25,651.6007080078125,658.1348119616516,623.9684639869146,626.0546760915113,19813100,4.998123949177957,0
2020-09-28,657.5443115234375,665.0231154258292,646.1686475567477,660.0241446687554,11145837,0.9121542445521325,0
2020-09-29,639.8314819335938,662.1497924742663,637.8240227290563,659.2370330262407,10554255,-2.6937849327303365,1
2020-09-30,638.9259643554688,645.9324415025839,635.3833732686172,643.9643353432219,9470272,-0.14152438629442265,0
2020-10-01,639.9888305664062,646.2867708673498,638.6111561255748,645.4601758127452,4321350,0.16635201419772372,0
2020-10-05,648.8453369140625,660.6539754842669,641.681400685121,652.4666335224691,11889998,1.3838532681606397,0
2020-10-06,652.7421875,656.9539159739927,647.6644633807798,653.4113244558586,7848500,0.6005823521012088,0
2020-10-07,651.8760375976562,653.8834960396682,647.900473222405,653.4111698354752,6980002,-0.13269402819834353,0
2020-10-08,668.8018798828125,691.9861819364241,664.8263147273154,675.0604675887187,25860257,2.596481740229728,0
2020-10-09,673.6826782226562,678.9965643786632,668.6049551748016,671.4390566210161,7286954,0.7297823894721889,0
2020-10-12,681.594482421875,686.4360425587264,674.7848642706404,677.6582702941795,8717550,1.174411107035156,0
2020-10-13,708.8330078125,713.713871782168,679.6262887598244,681.9880157320347,18948618,3.996294878127493,0
2020-10-14,701.0000610351562,716.9417209165214,694.3478526105697,711.6671868026701,15441198,-1.1050482541038353,0
2020-10-15,677.0285034179688,711.4310079108448,656.1272260909467,708.4788487389641,15648823,-3.419622757491503,1
2020-10-16,651.1675415039062,690.4115541838542,646.0110655729987,676.2411916122358,28982990,-3.819774467914394,1
2020-10-19,665.0230712890625,678.3668406602457,655.7729723394957,661.1262114833942,15671485,2.1277979785595758,0
2020-10-20,692.4976806640625,697.4966498489542,664.1175584467844,666.7548488757734,21563969,4.131376874150239,0
2020-10-21,685.7276000976562,701.9448251387798,677.0285797009282,693.5606729261833,11161929,-0.9776322369649204,0
2020-10-22,685.094970703125,694.3877451975108,673.4691070006007,679.2820629874349,9607794,-0.0922566620391474,0
2020-10-23,674.1806640625,692.3707691142805,672.7175179543549,688.8513695696021,5447267,-1.5931085626600727,0
2020-10-26,670.5033569335938,680.8638413130077,665.9558287926643,674.6159137761417,6612856,-0.5454483234134,0
2020-10-27,670.0681762695312,678.1351028879938,663.3062114096182,671.4126720844635,5807904,-0.06490357722483964,0
2020-10-28,656.109375,673.8249806542975,649.7823798764855,673.8249806542975,6853002,-2.083191198132117,1
2020-10-29,664.3739013671875,666.3115529260656,647.6864740682344,652.4712536071266,6690978,1.2596263187349743,0
2020-10-30,665.8765869140625,679.9146049036842,658.7982526960546,666.5488107206049,8727274,0.22618070092499387,0
2020-11-02,650.4151611328125,667.3793793156682,647.884353261368,665.8767468368836,5953172,-2.321965674285742,1
2020-11-03,643.8113403320312,658.0075464511624,642.4668441045245,654.8440486316856,7011687,-1.0153239339131592,0
2020-11-04,644.6812133789062,665.718450725391,641.0826966499674,642.3481245091874,10077502,0.1351130358198338,0
2020-11-05,666.6279907226562,673.1131215986825,656.4652266399443,659.5891898913793,8903859,3.4042836813442223,0
2020-11-06,672.3221435546875,676.8301361854104,661.4872055438718,669.0795786168877,5871913,0.8541724786951255,0
2020-11-09,676.1976318359375,690.2751869146673,669.9497045842004,685.5299403754678,7505062,0.5764332349310397,0
2020-11-10,640.370849609375,671.0567589254586,637.2468868640993,671.0567589254586,10397497,-5.298270881146028,1
2020-11-11,653.3016967773438,655.634785584132,636.9305893407384,642.9807969600716,9779484,2.0192747961367274,0
2020-11-12,652.2340698242188,661.9618144322573,650.0986994782742,654.1717215875971,4699639,-0.16342020208909291,0
2020-11-13,654.9229736328125,657.5724314402628,647.0538131436157,650.8104659832136,3918289,0.4122605569068849,0
2020-11-14,656.821044921875,659.5891047138396,655.6347335824616,659.5891047138396,475390,0.28981595782693326,0
2020-11-17,644.5625,662.7130733045332,643.7716257668711,662.7130733045332,5977903,-1.8663447245867548,0
2020-11-18,644.009033203125,648.437958936045,632.8972572106071,647.7261526466569,5816221,-0.08586704887035834,0
2020-11-19,636.2979736328125,648.8728956002262,635.0721279963877,644.5626205691856,7170339,-1.1973527035730847,0
2020-11-20,647.9238891601562,651.2851055518935,635.8630538721583,643.7322642552779,7455575,1.8271181127558878,0
2020-11-23,663.7017822265625,665.9162208125662,645.5512057461485,652.471356496873,7116516,2.435146061192106,0
2020-11-24,664.7298583984375,678.0956535628515,660.6568363883147,667.4188503643043,8465615,0.15490031809557436,0
2020-11-25,652.2340698242188,669.0796834046471,650.4941366434069,664.7298745881866,5610232,-1.879829590373061,0
2020-11-26,665.9557495117188,668.2888385431091,648.2006103601027,651.7595450032317,8414555,2.1037968303615484,0
2020-11-27,650.1777954101562,670.5032762215044,644.0485190884567,665.9162145640089,11723771,-2.3692195935136717,1
2020-12-01,659.668212890625,660.9336406921964,644.641601678801,651.680402028583,8078785,1.4596649635630676,0
2020-12-02,666.82568359375,670.2264334205485,657.4537942007998,661.2895635083595,7062229,1.0850107013283816,0
2020-12-03,681.891845703125,683.3154098193545,666.9443018048717,671.056857907086,9633229,2.259385395622182,0
2020-12-04,678.9656982421875,686.3603548551794,675.7626664545052,684.8972564679492,5577388,-0.42912193178087366,0
2020-12-07,676.4346923828125,680.1122767146157,672.559437772497,678.5700623731778,5314265,-0.3727737448191659,0
2020-12-08,683.1571044921875,692.5685265076804,676.9882955653273,679.3609180965143,8722526,0.9938006115113085,0
2020-12-09,688.4957275390625,695.9695005802038,683.3945777953537,684.9763266603087,5952003,0.7814634454900826,0
2020-12-10,685.4903564453125,694.2295085317486,684.1063263053883,688.4956693806341,4641898,-0.4365126715444312,0
2020-12-11,681.931396484375,697.3929801050322,676.3557420676084,688.8515469270984,5637035,-0.519184541033213,0
2020-12-14,690.4332885742188,692.5291248525729,678.6492417746342,684.9762364007439,5143894,1.2467371547452366,0
2020-12-15,700.7145385742188,703.0871611653279,688.0605514216369,691.7776698019339,7527270,1.4891011441860336,0
2020-12-16,699.9631958007812,705.4597811037415,694.7434454284207,700.9122544878823,4378179,-0.10722522968715786,0
2020-12-17,695.455322265625,701.5055301941311,693.596786899947,701.5055301941311,4863371,-0.6440157942874558,0
2020-12-18,704.39208984375,715.741114730192,701.2285932040586,707.6346545909826,11568187,1.2850239680402664,0
2020-12-21,688.4165649414062,720.0910719616016,672.243175362286,701.228738643715,8875855,-2.267987550213335,1
2020-12-22,722.7010498046875,727.0113251341747,689.6425080413385,695.297279565961,10251896,4.980194639302349,0
2020-12-23,729.6607055664062,739.4675674810288,723.4918948715952,727.6044514251835,10723068,0.9630061785021127,0
2020-12-24,727.0902099609375,734.1290099736899,720.2491767784273,733.891757356985,4390561,-0.352286423793835,0
2020-12-28,729.0279541015625,733.5359474761287,722.4637067595079,731.558761633875,3884750,0.2665067022053602,0
2020-12-29,740.1793212890625,747.3762585443674,731.7564901779639,734.7222689817114,6760167,1.529621343703158,0
2020-12-30,743.9755859375,751.3307084820958,736.3040943124539,741.840215322322,6382809,0.5128844510038588,0
2020-12-31,748.2857055664062,751.2119017316733,739.4674381981563,742.6704693190123,3468390,0.5793361651074802,0
2021-01-01,751.7260131835938,755.680384636427,745.0035817137773,745.0035817137773,3142822,0.4597585643552282,0
2021-01-04,775.3732299804688,778.7739800221708,753.4264668265026,758.4484996271526,5259092,3.1457228274871074,0
2021-01-05,784.0330810546875,787.5524807292046,764.9334990083667,764.9334990083667,7150252,1.1168622721778654,0
2021-01-06,773.63330078125,789.2926032966346,764.0636921593585,789.2135351698904,5995748,-1.3264466161871158,0
2021-01-07,761.256103515625,781.5420501035021,758.7648782510117,781.3838655776997,5261000,-1.5998790710180066,0
2021-01-08,786.64306640625,793.6422839819429,767.147997471335,771.0233004783543,8034775,3.3348780749846485,0
2021-01-11,834.4514770507812,837.5754885451154,797.2013158279881,802.7374360767935,13384331,6.077522663861035,0
2021-01-12,839.9877319335938,842.3208694806274,821.4812505414674,831.9999193170498,6700542,0.6634603730799826,0
2021-01-13,835.123779296875,843.8629799839127,823.3002457012683,841.4903567974538,6691409,-0.579050437501305,0
2021-01-14,812.7814331054688,829.6270933509508,796.0940056363197,829.6270933509508,15021108,-2.675333494900267,1
2021-01-15,782.8073120117188,832.6719231203109,778.2202510803094,828.5594156949228,23769415,-3.6878452032578,1
2021-01-18,776.2431030273438,794.7891144808486,772.6051006608861,790.8742771547059,12947569,-0.8385472240295955,0
2021-01-19,778.1015625,788.5015775403027,774.5426285993667,781.3837097390361,6387923,0.23941719616036305,0
2021-01-20,790.28125,798.5063631288225,781.0280097978605,784.3496919564674,7444118,1.5653081920138145,0
2021-01-21,788.732666015625,809.9338862607729,780.5142386146225,801.1993051344313,8857975,-0.1959535272252788,0
2021-01-22,782.7772827148438,797.2290541463818,779.2834792857161,787.4622138732736,5379466,-0.7550572655834809,0
2021-01-25,752.3651733398438,791.670794532796,747.2038291427893,791.670794532796,7731883,-3.8851548258431956,1
2021-01-27,758.7175903320312,764.8715006670111,748.394902028194,756.0177909280463,7531736,0.844326294901232,0
2021-01-28,741.605712890625,756.2559985341816,738.5485801579061,753.3973790257246,6960905,-2.25536848749186,1
2021-01-29,725.7643432617188,753.9532209266979,722.1911052478481,747.2037713449423,7692663,-2.136090560462367,1
2021-02-01,737.1590576171875,741.4469630546467,711.7493624977778,729.7346817105439,8651478,1.570029509063331,0
2021-02-02,758.0426635742188,764.6729862810439,742.8762232407514,751.968139156956,7690178,2.832985058141446,0
2021-02-03,762.2114868164062,772.8517678358344,756.3751682429812,767.0551906841495,6354619,0.5499457276627817,0
2021-02-04,760.4247436523438,770.5886106059073,754.4693471797315,766.0228066435712,4623148,-0.23441567005574315,0
2021-02-05,751.293212890625,765.3876526567361,746.4494608496628,762.926059449483,4631703,-1.200846084763063,0
2021-02-08,760.5042724609375,765.7847443783106,747.4817836743458,758.3206266773117,6509526,1.2260272570375985,0
2021-02-09,755.6206665039062,779.680506434557,751.6504022863255,766.2609939930784,7557977,-0.6421536517116744,0
2021-02-10,761.8540649414062,766.3404347493426,751.2931710596748,758.3602127937744,4896963,0.8249375267011416,0
2021-02-11,770.5489501953125,772.2164418920042,756.7721033611356,761.8540612850937,3745595,1.141279630052905,0
2021-02-12,762.6084594726562,783.3332217257696,760.3850724787134,774.2016129575524,8045740,-1.0304978964209344,0
2021-02-15,758.0426635742188,771.2239230794017,754.4296839011897,770.2313568978324,4643228,-0.5987077433673771,0
2021-02-16,756.176513671875,764.0773491629506,749.665270657843,759.9085717318198,3277086,-0.246180062418222,0
2021-02-17,748.9506225585938,761.0202350034837,747.2036966777966,755.9382776166444,3643176,-0.9555825898629688,0
2021-02-18,752.8413696289062,759.7099450902459,745.0993555556062,749.5857728405457,5133094,0.5194931352110688,0
2021-02-19,754.4693603515625,760.7026560489971,749.9432492603304,754.3502330339743,5494816,0.21624618257345407,0
2021-02-22,730.6478271484375,755.5016743080548,727.3921810375343,753.9532613925767,5043203,-3.157389080985984,1
2021-02-23,722.5484008789062,738.4691508356138,719.8486018016234,733.7048337334486,5916942,-1.1085267030960133,0
2021-02-24,727.3524169921875,730.0919090417908,719.0148619939146,728.9405227061442,3435827,0.6648711847452304,0
2021-02-25,737.8737182617188,741.6851628034553,732.2359615921863,735.2136602130971,6234947,1.4465204244511698,0
2021-02-26,722.1514282226562,734.4989412720936,718.6972689873177,721.0000418108767,9198218,-2.1307562052895745,1
2021-03-01,738.7470703125,742.0027161678131,727.0745318625258,727.3524309817572,5397960,2.2980833993070604,0
2021-03-02,757.3280029296875,760.6233420663705,737.3575518018921,741.5263297996702,6715548,2.515195438856699,0
2021-03-03,766.4595947265625,768.6432402955841,751.9681286776014,766.2610814930151,5742015,1.2057644457289074,0
2021-03-04,760.70263671875,770.1518850995379,755.4221658356379,755.9383195785491,6268541,-0.7511104365346633,0
2021-03-05,747.600830078125,771.8194443291954,743.4717451685201,759.1939834155304,5992152,-1.7223295947992212,0
2021-03-08,763.79931640625,772.6132820466289,749.585753599196,756.335201592409,5621823,2.1667293128115217,0
2021-03-09,772.7326049804688,775.7103033784332,753.6355938160759,765.5463874079335,5440319,1.169585829986164,0
2021-03-10,784.9212646484375,790.1619942220974,777.9336090618439,782.6979262979496,7694950,1.5773450724622773,0
2021-03-12,777.5763549804688,796.2762923487519,773.089936405603,784.9213448028526,6447010,-0.9357511382060091,0
2021-03-15,787.9783935546875,789.5664993902108,768.1270706106469,776.186727111985,5321071,1.3377513999226487,0
2021-03-16,799.8096923828125,808.9809926396698,786.4696148760074,788.4944398472403,8094575,1.5014750309018332,0
2021-03-17,784.0875244140625,813.0307615227389,780.3157732419273,803.5815128843857,6758901,-1.9657386148835165,0
2021-03-18,752.5635986328125,793.8543473839665,740.3749066086722,790.0825962961208,8269566,-4.020460063410313,1
2021-03-19,762.6481323242188,769.4372750581739,744.5834284980335,754.3502696648764,9004154,1.3400241135402835,0
2021-03-22,777.17919921875,780.1172043519915,750.0622759723419,762.6480422750438,4745254,1.9053435363759252,0
2021-03-23,778.8468627929688,788.4152401798171,771.6606928624881,781.0702499568921,5158305,0.21457902834960407,0
2021-03-24,774.7178344726562,781.9436974391697,766.8963832866605,771.0651615669912,3874331,-0.5301463634976522,0
2021-03-25,759.9482421875,773.8044735986356,754.3501794958479,770.2312359062868,4879437,-1.9064479514931731,0
2021-03-26,761.1393432617188,774.2015222271951,757.3675922559964,766.2609937940957,4271178,0.15673449954831664,0
2021-03-30,790.7179565429688,794.6882214869133,765.8244147304956,766.2611341812999,5475000,3.886097012735723,0
2021-03-31,780.276123046875,794.0529218550016,777.0999113594551,794.0529218550016,4445140,-1.3205509511565405,0
2021-04-01,796.1173095703125,804.7725043858746,786.588676069937,787.7003693643687,5269079,2.0302026494902536,0
2021-04-05,820.6536865234375,825.8150304638365,796.1174320976372,799.6112843048878,9452833,3.08200520930364,0
2021-04-06,816.60400390625,826.2914103025014,810.1324535265726,825.0209450763136,4260257,-0.49347034975779636,0
2021-04-07,823.5917358398438,829.7853880346137,813.6660733035445,818.6686459939585,3551106,0.8557063031980894,0
2021-04-08,823.8297729492188,837.2492845404221,819.1845834950295,828.9911161050452,4852068,0.028902318833035068,0
2021-04-09,830.10302734375,837.5671449456145,821.1699310748348,827.4826136660823,3708082,0.7614745910521803,0
2021-04-12,801.5169067382812,828.1573197220508,795.0056641581049,828.1573197220508,5976427,-3.443683454202251,1
2021-04-13,780.8716430664062,810.5691925165507,771.9782408726455,803.9785631242154,7773994,-2.57577394791203,1
2021-04-15,787.6211547851562,789.8444933924771,761.2982796288786,768.6432695496787,7430279,0.8643561049605175,0
2021-04-16,804.1770629882812,807.3929674943173,789.6855977702747,794.0528886578932,4677808,2.1020141603028675,0
2021-04-19,789.7650146484375,816.6436865976581,784.4051574397779,790.8767081222171,6239343,-1.7921486452609492,0
2021-04-20,763.3229370117188,798.8171064027613,759.9085197091874,798.8171064027613,9742418,-3.348094325055584,1
2021-04-22,763.79931640625,771.739843457089,758.5585394736178,767.0549131110416,4970596,0.062408630925747666,0
2021-04-23,758.8366088867188,774.0823845010597,754.5090112558701,765.4669306531046,6023490,-0.6497397173489627,0
2021-04-26,737.5162963867188,757.923464850472,732.9504923815954,746.4096982288567,19619972,-2.809605157463191,1
2021-04-27,737.5560302734375,745.2583532373895,733.228480661374,739.2632634257305,6406825,0.005387526609701432,0
2021-04-28,733.5460205078125,743.1143477534293,731.918221841984,739.422031042912,6845677,-0.5436888319031663,0
2021-04-29,734.9600219726562,751.2422083119077,732.9802945803418,751.2422083119077,8588734,0.19276247506119226,0
2021-04-30,726.3948364257812,739.3639983360036,723.5262755857229,731.2835174798724,10921664,-1.1653947549263632,0
2021-05-03,733.4652099609375,735.6873420533325,719.9707979359803,726.2331701963661,6871176,0.9733512933470134,0
2021-05-04,728.0109252929688,739.3639909180611,726.6372336973403,735.3237505305307,6217026,-0.7436323623664753,0
2021-05-05,734.8389282226562,735.9701659192566,727.7280658127581,730.435056415422,2696835,0.937898415046412,0
2021-05-06,740.1720581054688,746.555657810316,728.2533486545345,736.939865711995,6319104,0.7257549481913816,0
2021-05-07,740.4953002929688,744.5355408023818,738.3135605540172,741.788157528244,3651558,0.04367122265158674,0
2021-05-10,738.5155029296875,744.6970407345,735.4853228334056,741.8284801072207,4029147,-0.2673612327448893,0
2021-05-11,733.14208984375,737.3035576189856,731.3643740178431,734.1117575050943,3818154,-0.7275965182343747,0
2021-05-12,732.1722412109375,734.4752075023229,723.2029285289819,732.2126830646464,4076940,-0.1322865848582211,0
2021-05-14,735.6065673828125,736.9398664742363,724.415120936571,734.5157221766236,5184569,0.46905987123944115,0
2021-05-17,745.1416625976562,749.2222961177189,735.4046423943794,739.0408592711507,7956551,1.2962221434167365,0
2021-05-18,752.7774658203125,759.1610644830283,747.0403449862264,749.8685128688136,5913426,1.0247451734260782,0
2021-05-19,752.6160278320312,760.3732699443212,747.5657271549302,749.8686445359513,4178834,-0.02144564570690788,0
2021-05-20,746.9596557617188,755.363326099532,745.0607132052944,753.1008013670184,4753782,-0.7515614684165173,0
2021-05-21,752.0098266601562,755.2420183839296,745.8282402607069,747.8483600880653,4161547,0.676096876114074,0
2021-05-24,753.7474365234375,758.7573457951141,749.6264099641129,752.6969836082523,4191877,0.23106212202017584,0
2021-05-25,760.0499877929688,762.6357514566095,755.6461653082025,757.9490825583893,5032874,0.8361622161663362,0
2021-05-26,764.2518310546875,766.7972021240316,753.5451944590321,759.5651622578156,5017674,0.55283775135897,0
2021-05-27,761.5045166015625,773.2212135504913,758.029870464684,766.8376141057527,9078274,-0.35947764094116375,0
2021-05-28,761.6256713867188,767.4436271473604,757.4642535660461,759.6055512836723,4098094,0.01590992338389441,0
2021-05-31,763.76708984375,765.9083877616096,753.5856539807238,760.817694489768,4171524,0.2811641646915941,0
2021-06-01,768.2112426757812,769.2616952108364,761.2216077552173,766.0295032141522,2944472,0.5818727844034699,0
2021-06-02,762.5952758789062,768.2112191651396,757.6257611083589,765.2214317958402,3657189,-0.7310445987894987,0
2021-06-03,759.1207275390625,767.4840048765659,757.1410000124091,763.6053842174243,4164240,-0.45562153998911503,0
2021-06-04,756.7774658203125,762.9590537387328,755.3229890510794,759.6460268161724,3550303,-0.3086810350109159,0
2021-06-07,767.3225708007812,769.2215137114116,757.2219680400331,758.7572793874065,3282517,1.3934221692288862,0
2021-06-08,781.5442504882812,785.42287209153,768.8174909867981,769.2619076452023,6385642,1.8534160506523678,0
2021-06-09,784.85693359375,795.927199944149,779.8470266337886,786.9578877740336,5521459,0.42386379317602696,0
2021-06-10,782.6350708007812,793.2205317657904,781.0189744078957,791.4832084156992,3878256,-0.2830914397092932,0
2021-06-11,794.5940551757812,799.9675946046497,784.2106571351642,788.6549215496344,4777035,1.5280409505241899,0
2021-06-14,795.2809448242188,798.71514922737,788.6549405825056,794.3112772465195,2236373,0.08644535457611457,0
2021-06-15,796.291015625,802.3917689591593,794.4729073871771,796.0081691963999,2559001,0.12700804757801443,0
2021-06-16,791.4024047851562,796.7355030290114,787.0389248988408,795.1597992189893,3138753,-0.6139226418380161,0
2021-06-17,797.0586547851562,799.1191675484133,790.7154476943617,791.8871272873797,3609989,0.7147122583656351,0
2021-06-18,788.048828125,805.3814679435264,783.8873611121139,799.9675363688798,5622783,-1.1303843959369342,0
2021-06-21,793.5031127929688,794.6747922225686,776.7361172833414,782.1904411238226,1639495,0.6921252177921611,0
2021-06-22,791.9678955078125,798.5131144815288,788.8569301588658,793.5839916515439,2529648,-0.19347337904606077,0
2021-06-23,786.1500244140625,795.9273867982636,784.6147132803187,795.9273867982636,2395543,-0.7346094616650589,0
2021-06-24,799.7252197265625,803.6846258511612,783.0793991647929,785.4227583980385,4686567,1.72679449099018,0
2021-06-25,804.5331420898438,816.1286130525057,799.3616143190012,804.0078910764784,5196000,0.6011967916836669,0
2021-06-28,796.1697998046875,808.0481169882839,795.2809666037376,808.0481169882839,1844159,-1.0395273790004156,0
2021-06-29,794.7960205078125,803.1189546505805,792.2910913490794,797.5030109928566,1895170,-0.1725485313826325,0
2021-06-30,794.7152709960938,801.1392629691828,792.6951508359613,792.6951508359613,2682591,-0.010159778060681024,0
2021-07-01,796.331298828125,798.351418815005,787.9680218101757,797.543370820253,2861509,0.20334676971862642,0
2021-07-02,795.64453125,798.0282335393018,789.6649559591052,794.7556488044135,1646631,-0.08624143985495047,0
2021-07-05,791.6851196289062,804.7351160670352,790.2710354652414,801.3413042103714,2598033,-0.49763574882785155,0
2021-07-06,785.4632568359375,793.6649659387124,783.9683873672421,791.8872500034064,2486069,-0.785901192116023,0
2021-07-07,788.1296997070312,789.9478079437957,775.9685855872085,783.8066620717949,3014899,0.3394739152834392,0
2021-07-08,789.3013916015625,793.5032516779826,783.8066742644023,787.8469148533941,2555624,0.14866739509584725,0
2021-07-09,789.3417358398438,791.483082948707,781.0592431392575,785.422722436083,3218471,0.005111385677314395,0
2021-07-12,791.4428100585938,794.3517638166896,787.8469857469561,791.8872266995046,2037878,0.2661805556897878,0
2021-07-13,782.1500854492188,794.3111982028001,778.9582859282801,794.3111982028001,2997764,-1.1741498553366148,0
2021-07-14,799.5230712890625,802.35123917525,782.2712175917187,782.3924445145745,4371180,2.2211831415789973,0
2021-07-15,840.1680297851562,850.4706432785543,800.6140645878099,802.391780309363,12701032,5.0836504856029086,0
2021-07-16,812.0883178710938,847.4404212610045,806.472373868714,844.3294558904287,8665827,-3.3421542975448526,1
2021-07-19,808.2097778320312,822.8354297701835,801.987797148971,812.0883991281772,4644600,-0.4776007675162952,0
2021-07-20,789.6245727539062,817.9062548058417,783.2813659020828,807.2400105681011,10216774,-2.299552119745274,1
2021-07-22,790.7557983398438,793.099157401726,783.8066048697648,783.8066048697648,6156400,0.14326119335321685,0
2021-07-23,803.1997680664062,811.1994635525499,793.9880004956553,795.6849310057091,5265839,1.5736804905747137,0
2021-07-26,808.2903442382812,811.2801314791125,797.7453284887987,803.1996520819102,2477027,0.633787057002011,0
2021-07-27,806.4208374023438,814.7126744845094,799.795485070854,812.9242312523627,2883514,-0.2312914968320312,0
2021-07-28,799.1857299804688,809.6318353129237,794.4707797278875,808.8595474296754,2952249,-0.8971875584441569,0
2021-07-29,819.102294921875,820.2404084969953,801.1773286238983,801.1773286238983,4732101,2.4921071778762904,0
2021-07-30,833.2066040039062,853.5297086357779,820.9721545558652,823.4921996834354,9330054,1.7219227890670874,0
2021-08-02,841.7017822265625,844.6282896586736,831.6621380412917,840.563668437987,2536478,1.0195764390048545,0
2021-08-03,844.9940795898438,847.8393144905046,832.4344395076366,837.3119850516267,3359006,0.3911477239090688,0
2021-08-04,845.4005126953125,851.741361378381,841.0513879146802,846.3353954059323,3122161,0.04809892936363802,0
2021-08-05,862.6344604492188,872.2675915435294,840.3196335390078,845.4410952518831,7896314,2.038554211300503,0
2021-08-06,853.529541015625,869.8287074230426,847.8797587310593,862.6343496430038,11584782,-1.055478287854661,0
2021-08-09,854.017578125,867.1869107817171,848.2864226864043,859.911278713861,6321578,0.057178701605842264,0
2021-08-10,864.7073364257812,871.6985631614267,851.9444675877312,855.6026260840525,5871606,1.2517023741186462,0
2021-08-11,867.3495483398438,877.1453259178528,859.3829496837246,870.6012455628942,5011239,0.3055614082082325,0
2021-08-12,891.3712768554688,895.1513937723607,868.2029399741365,870.6417122774346,6540144,2.7695556608756,0
2021-08-13,910.02783203125,913.6859904329309,886.2498024203245,893.4035740993927,7270809,2.0930173161509913,0
2021-08-16,913.4421997070312,918.075827459031,905.881965760189,911.2472450608993,3159376,0.3751937639269842,0
2021-08-17,929.1316528320312,936.447970459863,904.4188371207042,909.865389438971,5295838,1.7176186002827665,0
2021-08-18,922.0591430664062,941.2848175162454,919.9048743951824,941.2848175162454,4871006,-0.7611956544659404,0
2021-08-20,908.3208618164062,927.343308504303,900.0696610962343,900.3135780569937,3467046,-1.4899566208206427,0
2021-08-23,945.5121459960938,957.7872819435053,915.3933630083031,917.7914497778416,9383780,4.0945095222534755,0
2021-08-24,937.22021484375,953.5599694088352,934.8627151067011,949.4546630098071,3947317,-0.8769777508895182,0
2021-08-25,938.3991088867188,951.0401209472515,926.9775824620635,942.9108782675313,3447912,0.1257862372468388,0
2021-08-26,949.04833984375,952.7471847340217,938.9274730100641,942.9108215302227,4654833,1.134829611002619,0
2021-08-27,945.3901977539062,950.9181222358492,942.5856488416048,949.048356805038,3050466,-0.3854537157133686,0
2021-08-30,945.7559814453125,951.405764627038,938.5616225228422,946.2437160913619,2956868,0.038691293000003846,0
2021-08-31,961.1201782226562,970.1436156520954,944.6584656241497,947.8694760423987,7199002,1.6245413276545273,0
2021-09-01,946.7721557617188,967.7862257388338,944.4146558186393,967.3797636532652,3200410,-1.4928437448343268,0
2021-09-02,953.35693359375,960.8764830593157,938.1146035959816,952.7472403938392,5224479,0.6954976223116249,0
2021-09-03,954.9827880859375,959.7383752281322,941.5695376042028,953.9666327464122,4533364,0.17053995569724645,0
2021-09-06,975.630859375,983.7194143181997,954.3728747291013,955.1857988131976,4331916,2.1621406738070448,0
2021-09-07,961.0389404296875,987.66220772713,959.331819472664,986.8899694380201,3721585,-1.495639339930288,0
2021-09-08,966.4043579101562,968.3147099912073,948.7232560248847,963.3152061630718,3118518,0.5582934525077521,0
2021-09-09,974.3303833007812,979.5330190269825,961.6893717302869,969.0056898584124,3388292,0.820156213674883,0
2021-09-13,982.337646484375,987.702926485166,956.3646581364541,969.0056694405909,3723138,0.8218221786810309,0
2021-09-14,1006.9285888671875,1008.513751377304,981.1995178683478,988.5158357314921,5593286,2.503308559009154,0
2021-09-15,1035.0556640625,1047.8185334015566,1000.0999259476855,1006.9285085889883,6063895,2.793353521420605,0
2021-09-16,1026.8046875,1052.9809101126114,1020.382565533003,1046.3961437414562,3616292,-0.7971529308980041,0
2021-09-17,1026.967041015625,1041.3557576929998,1023.06496569605,1028.3489722729466,4817180,0.01581152848262324,0
2021-09-20,1037.4130859375,1055.8258362211047,1016.155101370059,1022.6584940188274,5453683,1.0171743108273734,0
2021-09-21,1056.3951416015625,1068.9954684155864,1038.1043446134631,1047.8594363404495,4645597,1.8297490094708602,0
2021-09-22,1069.401611328125,1080.0915826678456,1056.4760988016674,1056.8012882756082,5367303,1.2312125656734674,0
2021-09-23,1079.80712890625,1086.4323809782009,1068.101001941603,1078.6283294130694,3037295,0.9730224330971371,0
2021-09-24,1104.113525390625,1120.0062319943586,1086.8795733452785,1089.3183457611617,7951730,2.2509942594095778,0
2021-09-27,1052.8992919921875,1112.0395223659816,1048.712812115735,1110.4543600082864,7653504,-4.638493435746871,1
2021-09-28,1031.6005859375,1060.8251648920555,1019.4067255836288,1060.8251648920555,8572321,-2.022862605823228,1
2021-09-29,1041.5185546875,1057.9802714656898,1023.3091300829608,1032.4138423852305,4639821,0.96141557936269,0
2021-09-30,1040.17724609375,1049.850965117123,1031.4788972263077,1049.850965117123,3589722,-0.12878393646597042,0
2021-10-01,1035.4622802734375,1043.794753971418,1024.8129922720705,1035.665511339242,3372796,-0.45328484525295476,0
2021-10-04,1039.445556640625,1051.5987338360196,1035.4622081814077,1041.7623707827079,2706626,0.3846858010255749,0
2021-10-05,1060.9881591796875,1067.8573297511173,1026.0730013101397,1032.413850479092,3710314,2.072508983412824,0
2021-10-06,1036.843994140625,1072.9378436963214,1033.8769005899608,1066.556409416637,2861608,-2.275630018126662,1
2021-10-07,1061.9228515625,1071.3120659080075,1043.8352893148663,1043.8352893148663,2421641,2.4187686444247847,0
2021-10-08,1074.8077392578125,1087.6925678417417,1051.9645893315355,1061.9229106738833,5197831,1.2133544048283484,0
2021-10-11,1059.158935546875,1077.0432675335217,1004.4897843604207,1056.8014355745806,5264998,-1.4559630657054567,0
2021-10-12,1016.4397583007812,1064.1177826969733,1005.0182327785672,1062.4512483857397,12811641,-4.0333113201784565,1
2021-10-13,1028.63330078125,1033.0637958512127,1010.8302464208975,1026.722949344606,5705730,1.1996325784080941,0
2021-10-14,1017.090087890625,1051.3141753568325,1011.3183461715579,1048.1844371714283,10360519,-1.1221893051545084,0
2021-10-18,992.9055786132812,1034.4459829133548,987.7028441962484,1008.0259479862946,23861603,-2.3778138795453985,1
2021-10-19,1001.6039428710938,1018.5940794460677,995.8322005757645,999.8968218026043,10189780,0.8760515043092942,0
2021-10-20,1002.25390625,1027.0480854496905,992.0923573976678,1007.212722243163,8222562,0.06489225442176672,0
2021-10-21,992.2554931640625,1015.3674769013255,974.4708259301674,1015.3674769013255,5998795,-0.9975928278840307,0
2021-10-22,978.568603515625,1002.6230127470726,972.0120299577313,986.1496416919395,3812305,-1.3793715169863496,0
2021-10-25,955.1288452148438,975.2902883086201,948.3673789303512,970.413876885225,6690819,-2.3953106830293835,1
2021-10-26,956.2762451171875,968.7336942295728,945.1710091964932,958.8988343896788,5126660,0.12013037906792867,0
2021-10-27,964.7586059570312,968.2007662200637,951.9322920431189,958.8986497550143,3536653,0.8870199257960509,0
2021-10-28,944.146728515625,971.1925983428955,939.8849951064525,969.7993662790395,4096585,-2.1364802878290456,1
2021-10-29,937.385009765625,961.3574788678278,932.6724731045082,944.1464754098361,3558520,-0.7161724492368515,0
2021-11-01,974.6347045898438,976.4787410642534,937.1803148833199,937.1803148833199,4511112,3.9737881912078388,0
2021-11-02,959.431396484375,979.4698796412417,957.9561277662349,976.1096565003105,3016082,-1.559898086316014,0
2021-11-03,964.1031494140625,973.4052682012241,960.2921209994812,962.9967476279901,2063067,0.48692933614702394,0
2021-11-04,969.63525390625,972.9545592944922,965.4554582640964,971.1924601383312,256369,0.5738083622639056,0
2021-11-08,969.4304809570312,977.5852803718542,957.7106642764676,973.2004912175945,3808317,-0.02111855446610411,0
2021-11-09,961.193603515625,976.1097664780864,959.2675302373354,973.6510517010635,3565461,-0.8496614871521979,0
2021-11-10,958.2020263671875,962.9964995687368,952.424007351636,953.9812131897954,2401325,-0.3112356488324086,0
2021-11-11,951.2766723632812,957.0957104920179,944.3513326798447,955.6204416617045,2861259,-0.7227446627473988,0
2021-11-12,960.8246459960938,965.5782008031879,953.1616723367644,957.997164286322,3812518,1.003701016770675,0
2021-11-15,959.595458984375,968.4058543374771,953.5716272869092,959.7184147425618,3619915,-0.12793042069028093,0
2021-11-16,953.48974609375,963.4065437618493,951.0719495253959,959.6365339101803,3141207,-0.6362798858059682,0
2021-11-17,944.5152587890625,954.5960295767234,942.507348369377,951.1128502457931,3172985,-0.94122536099146,0
2021-11-18,918.0840454101562,946.6051764592808,912.5929558332547,940.8681753898305,5384530,-2.798389240719412,1
2021-11-22,909.8064575195312,922.7147108490291,903.1679472448627,918.084111074136,3961223,-0.901615481938467,0
2021-11-23,911.8552856445312,917.9201351177733,893.3329886414043,905.6265618795888,4545069,0.2251938429395084,0
2021-11-24,917.4694213867188,928.2878269323122,912.1422057905496,917.9202258014637,2675632,0.6156827547716848,0
2021-11-25,921.8543701171875,926.93567509069,910.544239633737,915.051884384399,3106454,0.4779394962113326,0
2021-11-26,909.7655639648438,922.837691963407,904.2334552430383,917.9202619884687,2207274,-1.3113574707908637,0
2021-11-29,928.6978149414062,938.4097208644192,901.6109266485188,902.430498457134,3661152,2.0810032525361732,0
2021-11-30,933.205322265625,948.9820772548128,928.5747222207631,928.5747222207631,7421904,0.4853578044116791,0
2021-12-01,947.9984741210938,953.1618154611708,938.5734002794742,939.2290976083419,2918586,1.585197973319974,0
2021-12-02,970.9465942382812,972.3399262147237,944.9662102622323,952.2604187113197,4011279,2.4206916723640504,0
2021-12-03,960.0462646484375,975.0443660322632,958.6120142402773,973.6511342253408,2571036,-1.1226497579298056,0
2021-12-06,931.4844360351562,961.0709601255134,930.0911038481132,958.8171375140605,2493755,-2.9750471060621675,1
2021-12-07,942.2206420898438,946.6053307556978,927.2634582921888,942.5074721809978,2299958,1.1525910299033937,0
2021-12-08,960.2100830078125,968.4057991482777,948.2853760506538,948.5722061064974,2525711,1.9092599030804625,0
2021-12-09,957.71044921875,966.9306298729855,946.6052138348368,966.9306298729855,1734844,-0.2603215518454549,0
2021-12-10,952.5062255859375,956.4402099122107,946.7692234699259,946.7692234699259,957733,-0.543402615796651,0
2021-12-13,949.96533203125,961.7261633738996,945.170858632128,955.6203955474192,2225682,-0.26675873463446464,0
2021-12-14,952.6290893554688,955.5386087371846,938.8193270332372,947.424829376187,1972685,0.2804057405466631,0
2021-12-15,941.6058349609375,952.3011843558824,936.1966823886866,949.2688094420731,1604301,-1.1571402256873586,0
2021-12-16,950.4983520507812,957.1778819276858,942.1387600871118,947.4249579398173,2121810,0.9443991062579427,0
2021-12-17,960.0462646484375,969.4713387592047,954.8009860038064,960.5379876364473,6373455,1.0045164809655782,0
2021-12-20,950.621337890625,960.8249666435939,938.8194841221772,950.7032750604326,3091768,-0.9817158927506342,0
2021-12-21,987.5840454101562,995.7387450200764,954.8421911427217,957.9975226480251,6217986,3.8882682353364117,0
2021-12-22,1002.17236328125,1004.7949528300286,991.7637421602699,998.2383789127039,3809814,1.4771722911982588,0
2021-12-23,1005.9829711914062,1008.6465784963319,996.2710691809774,1007.990981340789,2814281,0.3802347829349184,0
2021-12-24,1036.9217529296875,1052.1658618537497,1021.3089769185939,1034.422120047874,15952929,3.0754776794720273,0
2021-12-27,1038.561279296875,1046.5931224473557,1027.7839908443902,1039.2169767135842,3372907,0.15811476252236556,0
2021-12-28,1052.248046875,1056.4278422230545,1040.8559810886572,1040.8559810886572,3446067,1.3178584500465051,0
2021-12-29,1058.8045654296875,1064.623503755228,1046.6748657844628,1051.5103582124386,2254162,0.6230962912365801,0
2021-12-30,1079.416748046875,1087.1206405670391,1051.2643853176128,1058.8045035915623,4518139,1.9467410030313381,0
2021-12-31,1081.09716796875,1089.5797162983658,1072.7784939850117,1081.834802615975,2231508,0.155678511095525,0
2022-01-03,1086.8748779296875,1098.1439872283404,1076.999000307997,1078.8430363750495,2661272,0.5344302188667438,0
2022-01-04,1092.8577880859375,1095.521395976251,1071.385050649867,1089.620520052781,3367100,0.5504690813763702,0
2022-01-05,1074.25341796875,1090.0301704355809,1067.0821668474632,1089.2105988788624,3510253,-1.7023596592354195,0
2022-01-06,1053.06787109375,1063.6403677772714,1046.5932335863695,1057.2476674443355,4409632,-1.972118172549886,0
2022-01-07,1057.6982421875,1064.2137968439072,1050.8547388137802,1063.4352437877367,3898684,0.4397030068860275,0
2022-01-10,1055.6903076171875,1069.418133863395,1049.0517967251114,1069.418133863395,2529949,-0.1898400214942031,0
2022-01-11,1101.2174072265625,1104.7825236997558,1049.0516545516969,1056.1409689450443,6772189,4.312543108606803,0
2022-01-12,1108.1839599609375,1112.2408000986572,1091.1778461762235,1109.7001476868843,3162044,0.6326228307560466,0
2022-01-13,1093.5135498046875,1114.1257982399104,1082.7771804546157,1098.2260871188168,4598005,-1.323824444884325,0
2022-01-14,1095.9312744140625,1100.6438118489903,1059.7062440628565,1081.8346807138212,5636243,0.22109690454286124,0
2022-01-17,1031.635986328125,1043.3148842865567,1019.055579413558,1043.3148842865567,11973283,-5.86672627992233,1
2022-01-18,999.6724243164062,1040.8148771867104,997.418602494828,1040.8148771867104,7799487,-3.098337246404692,1
2022-01-19,982.8304443359375,1000.2873633707206,976.1099957185811,999.8775774783114,8464215,-1.684749881140879,0
2022-01-20,971.3839721679688,992.9133893045273,966.9624120849145,991.7563200870918,6172404,-1.1646436304384888,0
2022-01-21,965.2677001953125,975.1026329224425,954.5650415987046,971.3835483447851,5514748,-0.6296451401195946,0
2022-01-24,929.6889038085938,962.4168414868899,918.2010398385013,960.7639143224642,5878438,-3.6858994017431312,1
2022-01-25,928.6970825195312,941.8792371245435,899.522978739474,921.5068897434644,4725254,-0.10668313723003475,0
2022-01-27,890.7208251953125,922.2916830289781,884.4809869002976,921.5065832454404,8304735,-4.089197440051184,1
2022-01-28,892.952392578125,910.9279725830194,890.3077498975828,891.7540609324593,7654724,0.25053499589202666,0
2022-01-31,908.6139526367188,920.6389355077503,903.2005765920364,909.6470319668754,7572995,1.753907620245676,0
2022-02-01,936.2179565429688,939.2758313453445,910.1429909978536,922.9118125827264,6783774,3.038034340783069,0
2022-02-02,967.747314453125,970.1440785810443,936.631046976345,944.5650757388971,6982539,3.367736934525367,0
2022-02-03,956.0114135742188,967.6645258208357,951.2592496424688,960.3503458597296,4169794,-1.2127030169583275,0
2022-02-04,961.8381958007812,964.5654646320595,939.9781771904699,958.6975943611448,3625482,0.6094887721871389,0
2022-02-07,956.507568359375,968.0780580466035,947.1272272545617,956.218326294527,3824483,-0.5542124927746528,0
2022-02-08,960.3089599609375,966.8380399966852,949.2344328091211,957.8295701412836,3267641,0.3974241006877488,0
2022-02-09,975.9708251953125,982.6651597649064,963.6564981378308,968.6152794318506,3772972,1.630919411083287,0
2022-02-10,983.7807006835938,985.0617593247517,970.3506702606173,979.317778088783,2053245,0.8002160809180259,0
2022-02-11,961.7555541992188,974.400486361629,957.0861160383657,974.400486361629,3912397,-2.2388268512556264,1
2022-02-14,947.4990234375,962.2927400184072,936.8789878167335,938.3252989176417,3243813,-1.4823445208579145,0
2022-02-15,965.763916015625,970.2681015155291,948.8626777357691,953.3256005946872,3000492,1.927695134910068,0
2022-02-16,965.14404296875,977.41700484213,958.6975877995756,973.5739296792242,1885868,-0.0641847387954142,0
2022-02-17,961.2183227539062,970.2680568648948,958.6975689636099,970.2680568648948,1644055,-0.40674967052258815,0
2022-02-18,962.829833984375,967.0447770287807,950.5155094925682,952.7882837787974,2166690,0.16765298708121268,0
2022-02-21,962.6232299804688,966.5489310686054,950.5981473453082,952.9949113448678,1706058,-0.02145799772855783,0
2022-02-22,950.06103515625,953.8627465922369,935.5565622333976,935.5565622333976,3254855,-1.3049960184810416,0
2022-02-23,952.9122924804688,957.8710728402976,948.8213390382676,955.3916826603833,1937649,0.30011306839352603,0
2022-02-24,907.9114990234375,937.9946890760659,902.4981228585887,914.0686116131859,5469084,-4.722448625349596,1
2022-02-25,933.6557006835938,942.9947778389372,921.506728563028,922.0025864459113,3213276,2.8355408746168598,0
2022-02-28,931.3829956054688,936.6311195095652,914.8950892301041,925.30850909279,4571884,-0.24342003979207494,0
2022-03-02,921.9612426757812,929.482039083207,916.5478673068241,929.482039083207,3867328,-1.0115873893062233,0
2022-03-03,941.92041015625,952.0859515561743,926.0523513183101,929.7714370665765,3969380,2.1648597095623945,0
2022-03-04,940.8873901367188,954.4414125627745,927.8293265510449,932.2508863755821,3522375,-0.1096716886472282,0
2022-03-07,953.904052734375,959.8546499759825,917.7876411153812,918.2008728313269,5249845,1.383445323437149,0
2022-03-08,971.3424682617188,974.8962003273667,954.5652209926445,955.3916843874434,3805165,1.8281100156096741,0
2022-03-09,977.4580688476562,987.6236074209504,959.6064823971222,975.2266583738256,3781326,0.6296029243817447,0
2022-03-10,985.268310546875,990.2683533213002,971.0944438067506,990.2683533213002,3834327,0.7990359840628569,0
2022-03-11,986.3426513671875,997.6652598706737,972.1688855282322,975.2267595892373,2770879,0.10904043181052536,0
2022-03-14,994.1115112304688,1003.9878096976313,973.284673261583,986.3427348530864,5740660,0.7876431027810327,0
2022-03-15,972.62353515625,1003.5746532973211,965.3919796401105,997.5414294834793,3003066,-2.161525727392677,1
2022-03-16,991.3430786132812,994.1943376510403,979.359356529169,983.6156642053427,1894018,1.9246443027953308,0
2022-03-17,989.194091796875,1004.1530595853852,984.1526850906896,1004.1530595853852,6987787,-0.2167752882697549,0
2022-03-21,965.3508911132812,999.9383741286589,962.9127628532359,991.6737377624194,4046440,-2.410366264954378,1
2022-03-22,972.251708984375,976.6732686566838,960.5985934832139,966.9623222579396,4516870,0.7148507278151861,0
2022-03-23,975.8054809570312,984.1941062341471,966.9623612557682,983.4916323883455,2338886,0.3655197455367354,0
2022-03-24,985.2272338867188,986.7975348984806,966.1359449717955,966.1359449717955,2351703,0.9655359714158429,0
2022-03-25,974.689697265625,990.929725029978,971.4252068330745,990.929725029978,2489854,-1.069553932195233,0
2022-03-28,961.9620361328125,981.5079157619468,957.2098715726485,979.2765049318325,3406258,-1.3058167300340262,0
2022-03-29,965.0614624023438,971.0946867684222,961.7143455033539,964.4829782627648,2443230,0.3221983979732945,0
2022-03-30,962.9953002929688,976.8385649306686,960.4332834328767,973.036852729887,3073672,-0.21409642700183085,0
2022-03-31,961.7969360351562,970.9293984247842,959.5241613205726,970.9293984247842,3006639,-0.12444134020673792,0
2022-04-01,966.6729125976562,970.2680081233401,952.1271772869349,959.5239841833031,2479745,0.506965283399663,0
2022-04-04,981.0533447265625,982.62354435785,965.3091777990714,969.6067467976313,2282137,1.487621297907582,0
2022-04-05,987.99560546875,994.2354443310543,978.6152663001455,983.4914204106024,2634464,0.7076333595419815,0
2022-04-06,967.3753662109375,987.5410924417017,964.8959761224003,983.4914017864294,2838968,-2.0870780339179107,1
2022-04-07,969.689453125,975.846564500627,961.1768405794869,963.325625032862,3391918,0.23921292549824447,0
2022-04-08,963.1190185546875,975.2267264802656,960.8049817695976,974.4002631527399,2656091,-0.6775813173112377,0
2022-04-11,936.79638671875,962.0035237235334,935.3500755791313,962.0035237235334,5679058,-2.7330611615829947,1
2022-04-12,934.8539428710938,943.5730697894273,925.2669891694047,933.738237640086,2906617,-0.20734963063424594,0
2022-04-13,929.8538818359375,944.7302219268083,928.1183290026635,938.0358890632441,1971580,-0.5348494353888289,0
2022-04-18,910.5560302734375,919.6471274670002,896.3821631079632,917.3743531686096,4391701,-2.0753638759239856,1
2022-04-19,884.5224609375,922.2917982654798,875.0181317613436,922.2505356271365,3422431,-2.8590848306303207,1
2022-04-20,900.3492431640625,904.8121656767397,879.9355367648345,888.4481500924716,2573318,1.7893024683384384,0
2022-04-21,908.4486694335938,913.2835617807149,893.4896997572438,904.9775629713816,2547848,0.899587169204219,0
2022-04-22,910.8038940429688,937.9944551251854,893.489427871709,898.0349758915681,9567571,0.2592578632806486,0
2022-04-25,900.72119140625,907.4568888551375,890.3491354035137,906.5477992166755,3565801,-1.1070113668445791,0
2022-04-26,904.3990478515625,914.8950939404804,896.7542604812378,912.4157034419967,3213714,0.4083235167999577,0
2022-04-27,905.4732666015625,909.0270995202483,888.1175354749134,898.365701650835,3288792,0.11877707661809289,0
2022-04-28,917.9934692382812,926.2281427599609,901.8603527298371,917.573334927417,5202061,1.382724714083472,0
2022-04-29,906.8596801757812,924.7153838623557,902.742344458394,919.2536392052858,2988180,-1.212839680846356,0
2022-05-02,896.4824829101562,909.1705167421907,892.365146746956,901.6081002443351,2584604,-1.1443002145175907,0
2022-05-04,878.0385131835938,904.1288906956939,870.3501385962065,904.0448843614836,3385725,-2.0573708999522045,1
2022-05-05,900.8097534179688,903.4565167446118,879.8449958960385,889.8442100836758,2982126,2.5934215746198808,0
2022-05-06,882.44970703125,887.8694989828181,864.5940060730759,882.1976880902216,4075606,-2.0381713582756755,1
2022-05-09,904.2130737304688,909.926941579084,868.9217904312555,877.2404705804414,4207192,2.4662444245616477,0
2022-05-10,901.2300415039062,911.6913435416152,896.2303822704123,901.6081213088968,2473518,-0.3299036823539381,0
2022-05-11,891.4407348632812,906.901693396328,885.6849170391689,898.2468881506193,2895668,-1.0862161922930769,0
2022-05-12,890.1802368164062,899.885273912444,877.0300177131003,882.3657007795554,3195189,-0.14140009510204,0
2022-05-13,884.0884399414062,905.8093581165705,878.1645065428029,899.0872107465032,2496626,-0.6843329724760427,0
2022-05-16,877.7023315429688,896.524260215033,874.0470822233084,885.6428262907572,1415370,-0.7223381858562417,0
2022-05-17,909.9268798828125,912.5316920067677,878.3747531866195,889.1721840924033,2620776,3.6714666444139565,0
2022-05-18,902.1962890625,922.068660519085,899.759592357504,910.4730162269864,2865869,-0.8495837403229678,0
2022-05-19,848.1671752929688,889.2563317977036,844.1338448418601,886.5674106396798,4729354,-5.988620705331716,1
2022-05-20,864.5101928710938,869.25773023012,854.3849680878974,864.6362536556728,2005622,1.9268627759002621,0
2022-05-23,855.6453857421875,871.3584166270724,852.6624428855562,859.5946578683655,2285466,-1.0254138357195797,0
2022-05-24,833.3361206054688,859.0903655680881,829.3448460172399,858.7962408795153,3418456,-2.6073026873589367,1
2022-05-25,818.7996826171875,834.21858969049,809.1785976527099,833.5463851209638,3904551,-1.744366724164037,0
2022-05-26,824.05126953125,828.5046820069645,814.2621216889111,820.9422660454404,4278059,0.641376276218919,0
2022-05-27,843.54541015625,849.0491575463979,831.0253913296398,831.0253913296398,2795530,2.365646573918756,0
2022-05-30,873.7952270507812,885.0967972615065,853.418716080007,856.2335950193341,3562969,3.5860330137921226,0
2022-05-31,874.509521484375,878.7529188268264,857.4520796290133,878.0806629365092,5185485,0.08174620454322046,0
2022-06-01,855.309326171875,878.4586617904424,849.9735904283958,874.5094408714517,2554081,-2.1955387380928615,1
2022-06-02,873.6270141601562,881.3575449806759,846.4023487807759,849.8474799911758,3560227,2.141644832784184,0
2022-06-03,876.3999633789062,898.7931373199717,874.047170770634,885.6008615630213,3556955,0.31740653320064816,0
2022-06-06,871.6105346679688,880.0551713424265,858.0401782119515,872.1986815747857,1997494,-0.5464889218470659,0
2022-06-07,859.5107421875,868.627635672694,851.3181236164637,865.4766285299878,1839248,-1.3882109037470558,0
2022-06-08,865.6446533203125,868.6697022770892,853.7128804684884,859.6787668944005,1665512,0.7136514800503146,0
2022-06-09,864.34228515625,866.9050427519721,850.09972263573,861.2332299037413,1654005,-0.15045066807345409,0
2022-06-10,853.1665649414062,860.2248405577857,847.1586761916005,850.3516860996133,2260855,-1.2929739070701052,0
2022-06-13,833.3782958984375,841.9490449364112,825.5638090319601,836.9074338888878,1738804,-2.319391061032472,1
2022-06-14,837.6636962890625,841.0667734898858,821.9086617612508,830.18528605216,2461791,0.5142203020784386,0
2022-06-15,831.7818603515625,846.1504320800626,830.185329587986,831.0255981402005,2408630,-0.702171523435613,0
2022-06-16,810.817138671875,846.1504205540116,808.0442627445229,846.1504205540116,3198618,-2.520459110616635,1
2022-06-17,805.6073608398438,809.3045624626274,793.2554046068112,800.2716768000163,4302066,-0.6425342513806442,0
2022-06-20,806.6997680664062,811.6993759289496,800.019623193658,810.8591074238473,1305407,0.13560045248639518,0
2022-06-21,829.0089111328125,840.1845236098642,809.7247893992314,816.4889408081326,2128325,2.7654827668885273,0
2022-06-22,807.75,822.6227608881533,805.9434537175033,821.7404893282444,2575065,-2.5643766728349116,1
2022-06-23,816.11083984375,821.3625183498231,805.4814220330891,808.4223619964899,2169033,1.035077665583417,0
2022-06-24,812.2875366210938,827.2863082300286,806.6577276397578,826.8241708307518,1922313,-0.46847842670344475,0
2022-06-27,833.8405151367188,845.9824065247126,826.9923568967793,828.6308909051806,3626024,2.6533681170684664,0
2022-06-28,841.9071044921875,846.1504505161413,826.1940719662323,831.7818784745763,2702471,0.9674019442610149,0
2022-06-29,829.80712890625,840.4785488818029,827.6644545349421,827.7484608687511,3150015,-1.4372102956935917,0
2022-06-30,817.791259765625,837.369504173265,815.0183841689919,831.8657561448433,3741119,-1.4480315632456442,0
2022-07-01,819.5560302734375,824.6816999539056,810.1870653344462,810.4391356793378,2827579,0.21579718378481605,0
2022-07-04,827.328369140625,831.4457054271946,817.9594058591069,819.5558852849387,2738846,0.948359670368637,0
2022-07-05,825.2698974609375,842.49540525242,822.1608931145571,829.6813079929026,2476050,-0.24880951221649683,0
2022-07-06,829.0089111328125,839.4282614185422,823.505162518834,825.1436964094179,2998254,0.45306555871946763,0
2022-07-07,831.7396850585938,841.0246922403602,827.6224005224622,837.7476248484526,2985141,0.3294022403269148,0
2022-07-08,826.4459838867188,839.4281410703651,822.7488336565557,839.4281410703651,3141642,-0.6364612951589632,0
2022-07-11,792.835205078125,822.7487896262991,789.8522626412895,819.2616553992099,5787815,-4.06690569788053,1
2022-07-12,779.60107421875,797.0366449267427,776.7441921995932,785.65101744449,5305354,-1.6692158439244542,0
2022-07-13,771.1564331054688,786.4913335731068,760.4430094910915,781.4497224604587,12874342,-1.0832002921165484,0
2022-07-14,758.7625122070312,779.3910951665493,749.7716283279028,778.2147499501854,4916497,-1.6071863459047875,0
2022-07-15,742.0831909179688,760.4430382327554,737.2095922961371,752.8806212779544,5591590,-2.1982268523713655,1
2022-07-18,756.4937744140625,762.5437183040727,746.8726891435648,752.0403613026393,5156225,1.9419094344756083,0
2022-07-19,755.9838256835938,762.6115255050047,751.9901950662163,756.2387272417317,4636293,-0.0674095078791237,0
2022-07-20,779.520751953125,780.7103099177967,760.5722558026109,768.6444674294686,4827089,3.113416645951128,0
2022-07-21,785.5111694335938,787.6354356433974,776.2493480140625,782.579671691671,3498709,0.7684744075715066,0
2022-07-22,781.9424438476562,791.8415457886689,772.3832452676115,789.7172794375479,3514659,-0.4543188849256974,0
2022-07-25,790.7794799804688,791.9265631630068,776.6318441319615,781.9425104621856,2120224,1.1301389510625093,0
2022-07-26,776.2069702148438,789.9297523925505,774.1676536533975,788.9525690689462,2780103,-1.8428032257469473,0
2022-07-27,788.909912109375,789.6746167470183,774.1674750520428,775.0171814462881,1742497,1.6365405596673765,0
2022-07-28,803.9072265625,806.3713959355398,792.521191604298,795.2402625320057,2843497,1.901017368767155,0
2022-07-29,805.861572265625,820.5614826453524,804.7994392633042,813.1690265768069,3617725,0.24310587572171638,0
2022-08-01,809.048095703125,812.7442983748873,803.142624929575,810.6200320435364,2489519,0.39541821414084133,0
2022-08-02,808.1134033203125,810.492571285902,799.6163378275129,809.0481116417037,2545241,-0.11552989096405009,0
2022-08-03,813.3390502929688,817.2476793430361,807.2636282366145,808.0708597622931,4119614,0.6466477292896622,0
2022-08-04,814.1038818359375,824.1729362759302,803.6525009112415,819.966878186413,3513266,0.09403600413544488,0
2022-08-05,813.806396484375,819.9242936275206,811.4697036205462,818.1824056832419,2565683,-0.036541448603788496,0
2022-08-08,820.8589477539062,822.5158857887877,807.263643856571,813.8063942295573,1746911,0.8666129069516026,0
2022-08-10,808.963134765625,821.6662584406964,805.6067834202822,820.8590268216434,3271939,-1.4491908775352225,0
2022-08-11,817.715087890625,822.9408039833725,814.6561650170969,819.9668310211197,3594584,1.0818729245969383,0
2022-08-12,812.6593017578125,819.1170502891639,810.6199854521394,819.1170502891639,3022304,-0.6182821141107242,0
2022-08-16,814.1887817382812,823.3656016004435,809.4729210179171,823.3656016004435,2784861,0.18820678938398228,0
2022-08-17,833.2222900390625,835.1766567527949,811.4698213324288,818.2674742859988,4649125,2.3377266707292454,0
2022-08-18,827.189453125,835.644044964878,822.6010163074037,835.644044964878,2829269,-0.7240369090197651,0
2022-08-19,824.2577514648438,838.7027614655993,821.4962054352875,828.0389556315527,2880969,-0.3544171953692943,0
2022-08-22,815.2510375976562,824.2154321835459,811.6397844154088,819.9668990279606,3616799,-1.0927059953250162,0
2022-08-23,804.5870971679688,808.070873036694,797.8743951434865,807.178691593432,3753715,-1.3080560389240992,0
2022-08-24,806.4989624023438,810.4500665943411,802.2504298118283,807.1362422909211,1494361,0.237620667930738,0
2022-08-25,801.9530029296875,810.5350698959382,800.9758715492034,810.5350698959382,3316314,-0.5636658798809924,0
2022-08-26,803.5248413085938,812.3192814032697,801.9103784773387,805.9889586391889,2195046,0.19600130845125463,0
2022-08-29,779.6057739257812,783.4294534709213,764.8208589397838,775.4421910096173,4974880,-2.9767676309619406,1
2022-08-30,797.8319091796875,803.1850496273439,784.8738853692489,787.5929564756361,2998417,2.3378656063726577,0
2022-09-01,786.8707275390625,791.0767852659859,778.5436138560253,779.435795346713,2953921,-1.3738710515971975,0
2022-09-02,785.5111694335938,796.1749754344146,780.8802587238281,791.2466882000637,1750283,-0.1727803637734504,0
2022-09-05,795.3252563476562,800.6783967391412,783.8542189964882,786.8281916430873,2279812,1.2493885887248535,0
2022-09-06,796.8547973632812,801.1883319134482,787.7204518917964,795.3253359357992,2108615,0.19231641437480462,0
2022-09-07,791.6715698242188,792.3937996166575,784.3640626833321,787.6779388342187,2709547,-0.6504607308901567,0
2022-09-08,791.1192016601562,799.4888415400461,788.5276072887666,795.6651624098743,3214686,-0.0697723885910384,0
2022-09-09,805.94677734375,809.7704573627768,793.8809322446475,797.8745639702491,2206526,1.874253039551843,0
2022-09-12,811.9370727539062,818.6922501095605,810.1951847218121,811.5972212555791,2517615,0.7432619099116078,0
2022-09-13,811.8096313476562,815.548308924898,807.6035736940353,811.4697279942841,2442828,-0.015695970848794705,0
2022-09-14,791.926513671875,797.4071313545523,787.2956025489314,793.0311218271344,6761712,-2.4492340208841834,1
2022-09-15,781.6451416015625,795.9202024655992,778.5861666479984,795.7502507689607,2995215,-1.2982735004844703,0
2022-09-16,762.1019287109375,780.0307186006488,759.1279553829394,777.5665485269444,5095937,-2.5002666620023595,1
2022-09-19,762.8665161132812,770.8113033260767,754.1145491824872,762.9939928382132,2686561,0.1003261340168704,0
2022-09-20,776.6316528320312,782.4521209514686,766.4351759895976,766.6900775382658,1836721,1.8043965003054385,0
2022-09-21,765.5430297851562,776.4192618773653,763.7586151386282,772.3831562752669,1819649,-1.427784073239835,0
2022-09-22,762.7391357421875,768.8995084751359,756.0264329849438,762.6966089234155,2315711,-0.3662621085787521,0
2022-09-23,761.2095947265625,775.4421794886824,757.9382452424462,761.761924730777,2569608,-0.20053265185306923,0
2022-09-26,770.4288940429688,779.5207639667855,749.4411331172903,757.3009182435204,4182702,1.211138086050778,0
2022-09-27,780.6679077148438,782.962125816033,771.1936587566989,774.295108468192,3545337,1.3290017743420757,0
2022-09-28,782.4097900390625,787.6355061276074,774.8049059550232,775.7820892437666,4154139,0.22312718468440185,0
2022-09-29,784.3215942382812,791.0767714560844,778.8409768026308,787.677945370344,2928360,0.24434819496867988,0
2022-09-30,792.2238159179688,794.9428870264816,773.275371785531,783.3444246911533,3229901,1.007523156029122,0
2022-10-03,790.4395751953125,792.6487916399957,778.3312559837744,792.2239383343277,1598950,-0.22521927349391513,0
2022-10-04,803.8223266601562,808.070859042081,796.2174433241175,800.848353992809,2331351,1.6930771035264636,0
2022-10-06,819.58447265625,822.4734957775855,811.8946384675445,811.8946384675445,3713623,1.9608992526476188,0
2022-10-07,813.7639770507812,826.7220019978893,811.4697589828332,819.9668245219204,2174327,-0.7101764125184928,0
2022-10-10,818.4798583984375,821.7937347858472,800.5935453664334,800.5935453664334,2758812,0.5795146357728154,0
2022-10-11,797.5345458984375,825.914765370995,795.3253296165137,822.6008890861374,3134969,-2.5590504500605293,1
2022-10-12,808.9205322265625,819.0320596241806,801.5280758138637,801.5280758138637,3502390,1.4276480419162851,0
2022-10-13,834.4967041015625,840.4021744451219,823.6204716493625,825.9571644437087,9698562,3.1617656934237237,0
2022-10-14,851.8731689453125,869.2496757688021,844.6081893589339,853.9549600661253,7424383,2.0822688404093626,0
2022-10-17,845.1182861328125,855.484718528039,842.1443126016727,854.550061877331,2136170,-0.7929446611005586,0
2022-10-18,857.5237426757812,861.3049466755525,848.9416765841036,849.7064331186963,2487826,1.467895884697401,0
2022-10-19,854.4771118164062,863.7886726807836,853.0610438596115,863.7886726807836,2517099,-0.3552823913502867,0
2022-10-20,873.143310546875,874.7738789317455,847.9119030070162,849.6283238633057,3931399,2.1845171125519203,0
2022-10-21,881.5536499023438,883.8708807578735,868.1655890866462,877.5201030693222,2071897,0.9632255385660704,0
2022-10-24,885.329833984375,891.5518594286283,883.9567182870113,888.2477703175307,398105,0.42835556094056315,0
2022-10-25,880.9530639648438,890.1788266902428,876.1471061951798,889.1060635826382,3068136,-0.4943660375516634,0
2022-10-27,885.7161254882812,890.3503780493388,875.0313426653582,884.814962622511,3313674,0.5406714294176718,0
2022-10-28,883.956787109375,892.3243392203617,880.0948399812272,885.6302556267641,2423629,-0.19863456566699966,0
2022-10-31,893.525634765625,903.2663002818234,889.4491360232605,891.6804617508926,2418565,1.0825017462155584,0
2022-11-01,909.7460327148438,911.2907486732151,896.8299234908618,900.262765303267,2275488,1.8153254163181698,0
2022-11-02,897.00146484375,915.1526356887392,894.6843386771604,913.9511201807993,2799322,-1.4008929319605512,0
2022-11-03,896.958740234375,900.4344299610872,886.6172616292367,887.3896720447369,2396164,-0.004763047893396877,0
2022-11-04,897.1302490234375,900.2627380347795,886.9175239884665,896.9586488428223,1709158,0.019121145864264832,0
2022-11-07,898.675048828125,906.0126849522835,891.3802603671179,899.4903068101385,2213508,0.17219348097659015,0
2022-11-09,904.0819091796875,910.9475939380302,900.434514151818,910.4756409681154,2307691,0.6016479881813863,0
2022-11-10,903.2234497070312,911.7627056294998,898.5891975817191,901.1208762339546,2321667,-0.09495372752621467,0
2022-11-11,936.0072631835938,942.9157945591434,917.5127857861145,919.1434066195428,3923101,3.629645962712358,0
2022-11-14,943.1731567382812,946.5630456516019,935.4922161564516,939.740315403474,2170007,0.765580977471747,0
2022-11-15,947.3783569335938,949.2663776605173,934.505202626394,938.452948994869,2172420,0.44585664522673873,0
2022-11-16,948.4939575195312,954.7159820362037,943.4734483446846,950.467883064102,2213697,0.11775660461026405,0
2022-11-17,937.6378173828125,944.5463482674002,934.6769286362646,939.8261910525093,2460883,-1.1445660829626503,0
2022-11-18,946.7349853515625,949.180864456753,930.300232433201,942.3581325166905,2623894,0.970221955652617,0
2022-11-21,940.1694946289062,949.481056530656,937.6806635127214,943.0874309457434,1733741,-0.6934877050327026,0
2022-11-22,946.9494018554688,949.0949279133423,933.7329403865648,936.3933717459252,2529146,0.7211366955953702,0
2022-11-23,946.9494018554688,953.9008853305761,943.8169128585705,951.7124068467393,2217599,0.0,0
2022-11-24,969.4345092773438,974.0688666879987,947.0352373481996,949.1807634862789,3295202,2.37447823271415,0
2022-11-25,968.2327270507812,976.2570764070266,961.7533027553295,974.2401985830353,1977441,-0.12396734540205401,0
2022-11-28,960.1657104492188,972.137702041197,958.6208900287063,965.4865723207652,2368293,-0.8331691726775725,0
2022-11-29,968.8765869140625,977.287090719239,959.5221773855029,960.1658351840008,1785948,0.9072263641625167,0
2022-11-30,961.8820190429688,969.6917107886063,958.6207784291049,967.2028802950772,6053488,-0.7219255749973175,0
2022-12-01,975.2703857421875,987.4998847726824,968.4047020759448,969.7778178567895,3919684,1.391892813688278,0
2022-12-02,974.5408325195312,978.7031318828192,964.4997082822088,975.2702903853432,2944923,-0.0748052266655308,0
2022-12-05,970.5072021484375,980.0333165600706,967.3747132610147,972.5669280444148,2646466,-0.4139006018522018,0
2022-12-06,962.010986328125,965.4867806432488,950.0389921529569,962.568844087123,2807894,-0.8754407799864028,0
2022-12-07,949.094970703125,958.2777807400234,945.7479289495386,956.0464544916389,2399879,-1.3426058338791735,0
2022-12-08,945.1900024414062,955.8318323465332,943.0016287801094,955.8318323465332,1752350,-0.4114412553283042,0
2022-12-09,881.8112182617188,922.5762137531365,875.9753978044122,922.5762137531365,12415478,-6.7054014553667995,1
2022-12-12,882.5836181640625,891.8093801924807,868.8951514689521,879.6656817794158,4275785,0.08759243320428656,0
2022-12-13,896.5724487304688,898.4605746482711,884.9008071265031,885.759017608589,2284909,1.5849864283121073,0
2022-12-14,906.44189453125,907.3860098974686,896.829978768872,896.829978768872,2425507,1.1007973549439498,0
2022-12-15,894.5555419921875,902.6656926987953,890.0499376314075,902.4511401101867,1906369,-1.3113198552246241,0
2022-12-16,883.6563110351562,898.0741821102503,877.3913335526292,883.9566637063446,5159215,-1.2183962253208502,0
2022-12-19,886.7459716796875,890.3933661917985,878.2496670402484,883.6564349277153,3328172,0.3496450606358392,0
2022-12-20,883.69921875,886.8317077041411,868.0798311666849,881.3820925439303,2629849,-0.3435880203567554,0
2022-12-21,892.839111328125,903.9100457292873,888.2477069354971,888.2477069354971,2878658,1.0342764126297865,0
2022-12-22,891.7664794921875,905.111694221472,887.0463219015367,897.6881526946808,2623451,-0.1201371918331362,0
2022-12-23,884.4716186523438,896.0574590702208,881.467882247709,883.5276081632895,2177675,-0.8180236651188943,0
2022-12-26,885.4155883789062,894.0406444199417,883.0984623068107,884.8148830304391,1680715,0.10672696632152423,0
2022-12-27,889.4064331054688,893.1825802679905,884.2571700916731,891.6807118889668,554319,0.4507312474438363,0
2022-12-28,888.6339111328125,891.0798945668911,880.9529700063873,883.9567063873152,1397806,-0.08685814987405838,0
2022-12-29,896.3578491210938,897.6881172034006,882.326129426962,883.9567502098495,1277244,0.8691923514864364,0
2022-12-30,891.93798828125,905.6264003788608,887.6469368698363,901.1207963968764,1860560,-0.49309110688076085,0
2023-01-02,892.0667724609375,894.6843561270739,885.2440415780112,891.7664197685973,701880,0.014438692081686355,0
2023-01-03,893.697265625,897.5163642773394,886.9603357927139,891.6804923934492,2484372,0.18277703131621692,0
2023-01-04,889.6207885742188,894.2551452119785,885.2439369348904,889.2774834969771,1219170,-0.4561362339998154,0
2023-01-05,896.057373046875,900.9492347220015,886.617059538598,894.0835521705272,2294943,0.7235200160927047,0
2023-01-06,886.3598022460938,899.3187591995318,879.8802713883654,895.9717174635,1887689,-1.0822488707175615,0
2023-01-09,916.0967407226562,919.1434298505926,892.5818572326416,896.7870048014253,4562242,3.3549511610530214,0
2023-01-10,913.00732421875,920.5166669552708,906.5278970576022,910.5614449655476,2297082,-0.3372369277800491,0
2023-01-11,905.2404174804688,926.5239736166947,901.593023096513,917.4269638702907,3594167,-0.8506948994004282,0
2023-01-12,919.7012939453125,922.1471728930898,910.5613312606498,910.5613312606498,4748542,1.597462528804483,0
2023-01-13,924.9791870117188,930.3000494487809,893.3970032068089,895.8858342545996,8253765,0.5738703534671874,0
2023-01-16,938.6245727539062,944.4174923378381,925.6227703862374,932.8746055902112,4508538,1.4752100299976423,0
2023-01-17,953.5145874023438,956.0033134410352,939.7402703026966,942.2291011033865,4390338,1.586365313743121,0
2023-01-18,957.033203125,966.2160111051918,956.1320404370952,960.2943392923785,6905092,0.3690154056522621,0
2023-01-19,962.44580078125,964.1344117906739,951.4911826332852,954.6086752637422,2298287,0.5655600702855645,0
2023-01-20,959.3281860351562,971.1054376454819,958.6787040819036,962.1426078325848,4747128,-0.32392626614018427,0
2023-01-23,970.9323120117188,972.4045347333672,959.6313879033086,962.0993985216993,1696834,1.2096096148828561,0
2023-01-24,985.3507690429688,990.4167074937014,970.9322475216826,975.0023981418142,4861107,1.4850115556846344,0
2023-01-25,972.2744750976562,982.7527627053265,967.078619519312,982.7527627053265,2692236,-1.3270699487059834,0
2023-01-27,966.0826416015625,982.2764534976828,956.9033186909501,972.2743900997866,3864525,-0.6368400749666714,0
2023-01-30,982.6660766601562,987.1691087085288,957.5961185746136,966.0826183134604,3508427,1.7165648511292986,0
2023-01-31,971.7984619140625,985.2210931875163,963.831523055104,983.748975912487,4582858,-1.1059316083272264,0
2023-02-01,980.3714599609375,984.6147637258479,965.086961615988,984.6147637258479,2393911,0.8821785980181129,0
2023-02-02,995.5260620117188,1000.6353419312064,982.8828326195753,985.3076078827124,3048359,1.5458020423590346,0
2023-02-03,992.5383911132812,1001.6311389078095,986.0002301770418,999.336281417675,1814055,-0.30010976231000797,0
2023-02-06,992.1487426757812,995.7425645139286,976.8210084966566,983.0559939264773,2070175,-0.03925776987456775,0
2023-02-07,977.0374145507812,998.4703203873705,975.002392108289,994.010522879381,1931191,-1.523090991804854,0
2023-02-08,991.54248046875,995.0063843306496,980.8909338094262,981.9301683939701,2848255,1.4845967720322983,0
2023-02-09,992.7113647460938,997.6041492939067,985.4804877573489,990.6763427015879,1501083,0.11788544619804053,0
2023-02-10,966.1261596679688,978.5528943076711,952.5736139278214,974.9158373384771,3185163,-2.6780397628392905,1
2023-02-13,963.8313598632812,970.9756623959605,956.9035513467437,970.9756623959605,2009185,-0.23752589470056318,0
2023-02-14,974.612548828125,989.2909039768284,968.1610705614052,970.758998299942,3938046,1.1185762793994414,0
2023-02-15,981.0641479492188,982.5362647398008,969.5466258465989,974.2229169901419,1648954,0.6619655296713711,0
2023-02-16,976.9508056640625,997.7342288157087,973.3569842687656,986.0002122106924,2369355,-0.41927353004944656,0
2023-02-17,960.8436279296875,971.3651508292539,959.1116760831809,971.3651508292539,1958807,-1.6487194279374617,0
2023-02-20,966.1693725585938,982.6229164162696,959.1549881612607,960.8437047726298,1706036,0.5542779776124052,0
2023-02-21,957.0765380859375,971.6683168081081,955.258009808115,970.7589998142216,1313278,-0.9411222018533616,0
2023-02-22,946.1653442382812,957.3797967194232,943.9571688927764,948.2437077534314,2212194,-1.140054469361207,0
2023-02-23,947.6808471679688,962.9220041520372,946.0788126546654,956.7303601062964,2139983,0.1601731598938949,0
2023-02-24,948.1136474609375,956.4703356367831,936.9858788220909,949.9755166985524,1684570,0.04566941436687788,0
2023-02-27,938.674560546875,943.9137571711174,931.7900942349745,943.9137571711174,1834553,-0.9955649240299902,0
2023-02-28,933.17578125,949.889161494423,924.9490086788012,938.2850611467383,20793703,-0.5858025270943146,0
2023-03-01,953.526123046875,956.0374745114055,932.9591936812537,932.9591936812537,1655100,2.180761889213989,0
2023-03-02,957.7261962890625,967.295274186082,944.1737553055503,944.1737553055503,4074162,0.4404780467646363,0
2023-03-03,969.0272216796875,978.2931233384815,962.1427542117955,965.5633174020121,3253621,1.1799849930401285,0
2023-03-06,975.695068359375,994.1403985254053,972.7508346738671,977.6868553442357,4091674,0.6880969420167249,0
2023-03-08,970.4559936523438,973.3569920150234,958.895235574228,962.9652803565,3209393,-0.5369582031239273,0
2023-03-09,966.9920654296875,975.6950602986964,964.74054910233,971.5816745373867,1834324,-0.3569382069164906,0
2023-03-10,966.6890869140625,968.2911214314494,956.9035154673785,956.9035154673785,1193681,-0.031332058085742354,0
2023-03-13,951.3611450195312,981.670302871027,948.2436527825109,970.7156861055671,3028387,-1.5856123858253413,0
2023-03-14,938.7613525390625,955.5179674871354,923.1304429979355,951.3180049062952,3683544,-1.3243963710763196,0
2023-03-15,934.950927734375,950.7549883515296,931.3571065068398,948.2869781094712,1528510,-0.4058991983832194,0
2023-03-16,928.6727294921875,941.7922876833279,926.2912953743555,938.6746893611022,1812907,-0.671500295464833,0
2023-03-17,959.8910522460938,967.3817657672506,938.7613224728345,942.3550382948699,5350523,3.361606490908464,0
2023-03-20,944.64990234375,959.7612470318859,940.6664338693565,956.9034839361462,2066169,-1.5877999765369522,0
2023-03-21,938.6314086914062,954.6519647110244,932.7427296002109,951.7076251654267,2421127,-0.6371136690335066,0
2023-03-22,936.5097045898438,957.5529637114388,934.431446754098,945.6024526060952,1382329,-0.22604230818574766,0
2023-03-23,923.0437622070312,935.6004131550029,918.8004590205538,932.656073859695,2178855,-1.437886048250836,0
2023-03-24,910.7901611328125,943.9137396099507,906.7201166496669,929.192149175667,2688253,-1.327521139942478,0
2023-03-27,910.57373046875,922.6973940223044,904.7717337663889,912.1325294953326,1459887,-0.023762955870465508,0
2023-03-28,901.567626953125,921.2253463312308,900.0521688951417,915.1635140992973,2965015,-0.9890581305248891,0
2023-03-29,924.42919921875,926.5941387953748,902.4333919782549,905.8107188597776,2478745,2.535757893491186,0
2023-03-31,939.8004150390625,949.8890561628137,926.0747171500755,938.1983806474695,3131614,1.6627791326045305,0
2023-04-03,950.9716186523438,951.9241711635502,942.1819406194611,943.8705516297832,1540702,1.1886783017452718,0
2023-04-05,962.2723388671875,963.8311377081056,923.2601895763976,939.8868838997832,3342291,1.188334119882395,0
2023-04-06,945.515869140625,960.410719682836,939.9736016298014,960.410719682836,2378264,-1.7413438015155491,0
2023-04-10,955.2581176757812,956.9034932405402,945.212817078778,945.5158875409794,711625,1.0303633025229741,0
2023-04-11,941.3158569335938,961.1467273154921,939.5839050349118,956.0374480723896,2318905,-1.4595281091261625,0
2023-04-12,947.8107299804688,950.3653168910413,935.340654465047,945.6457899850817,2715967,0.6899780768627961,0
2023-04-13,928.1963500976562,943.0478595698811,920.5324836756506,943.0478595698811,3071057,-2.0694405815828487,1
2023-04-17,902.520263671875,913.6048002143903,880.0482257989328,913.6048002143903,9509446,-2.7662343665841638,1
2023-04-18,921.2684936523438,923.476774609753,905.1180210360714,908.885100988117,3686404,2.0773195611356376,0
2023-04-19,899.4892578125,930.01491279315,897.5408117499053,930.01491279315,4322881,-2.3640486991474696,1
2023-04-20,898.4500122070312,906.8499363022396,893.5572271431425,900.6149519954819,3057560,-0.11553730035599452,0
2023-04-21,908.3654174804688,930.0581570017822,898.6665292631279,912.7386382494212,7708194,1.103612347789995,0
2023-04-24,912.7820434570312,916.982005907553,905.8108943854724,915.3366303684936,2033625,0.4862168783145604,0
2023-04-25,912.26220703125,916.8952623465917,904.4251890994828,909.66427950935,1237595,-0.05695077258668357,0
2023-04-26,922.7406005859375,923.9962232726688,907.5426822771855,913.6045131702583,1647101,1.1486164256203413,0
2023-04-27,927.6766967773438,930.9241064510101,918.8004436693225,922.740676357351,1654910,0.5349386586297245,0
2023-04-28,937.2330932617188,941.3287204258247,928.1170892619535,933.5778538030751,2629188,1.0301429924426175,0
2023-05-02,940.2720336914062,946.6576567839684,937.1452373084272,937.2332933650141,1905168,0.3242459588266966,0
2023-05-03,932.6969604492188,937.14491871854,929.2179410226125,935.383368119445,1649820,-0.8056257094501196,0
2023-05-04,939.611083984375,940.623889513278,923.3167417851917,930.1427500037685,1403672,0.7413043923533591,0
2023-05-05,929.7025756835938,942.3856562380777,926.6638358501583,939.6112995646188,1641673,-1.0545329306636875,0
2023-05-08,947.494140625,949.0354975816291,929.2180509963979,931.860377207762,1389075,1.9136835162927746,0
2023-05-09,950.3568115234375,953.5275819770184,938.9508112406875,943.310607174793,2981949,0.30213072310392164,0
2023-05-10,949.7400512695312,958.988191941664,944.2791798865526,954.8925652835591,2091411,-0.06489775697167133,0
2023-05-11,958.3716430664062,962.3351321671907,951.2814659626943,953.1310727064224,2653108,0.9088372955670332,0
2023-05-12,964.889404296875,971.8475511255518,948.9913660848265,956.5220383992754,1585037,0.680087028620191,0
2023-05-15,968.6327514648438,974.0935159681954,962.5114054078675,967.928088134366,1523466,0.3879560860860165,0
2023-05-16,960.661865234375,973.5212744898605,958.3718702698874,969.0292330974808,1166324,-0.8229007555665024,0
2023-05-17,946.437255859375,963.5242127286082,935.9999812813523,960.4855805834428,3602382,-1.4807092786523368,0
2023-05-18,951.1494140625,955.641347279123,945.0720420557594,952.954939194905,1515743,0.4978838453317591,0
2023-05-19,964.75732421875,972.3760530215454,953.3952999219858,958.8120901989172,1984436,1.4306806012873041,0
2023-05-22,986.3364868164062,988.142119716364,959.1205005793563,964.7574856521137,1864932,2.23674514366925,0
2023-05-23,975.32666015625,996.4652706767082,972.376083941076,986.4684909547148,2138096,-1.116234348755829,0
2023-05-24,979.3782348632812,982.0646430369475,967.0914601386263,968.0163173830782,1302744,0.41540694749204743,0
2023-05-25,982.9453735351562,984.9271182398643,971.539374796894,976.9560576432041,1124803,0.3642248260063763,0
2023-05-26,1003.37939453125,1004.3923078473814,981.1838952046896,982.0646706941013,1635167,2.0788562158447155,0
2023-05-29,991.9291381835938,1011.0860016988547,990.343807092243,1009.3685328040946,1288914,-1.141169173900114,0
2023-05-30,1000.4287719726562,1007.6071133833708,993.5587879822356,994.3954816519455,1983735,0.8568791319737645,0
2023-05-31,1008.5760498046875,1015.8424480129585,997.1259677795334,999.5041262485312,5967930,0.8143786004841003,0
2023-06-01,1005.757568359375,1017.4278437738973,1002.0142724716981,1011.130277424262,1445692,-0.2794515540854192,0
2023-06-02,1001.4859008789062,1013.8607330780977,996.6856095316314,1011.1303503253025,1336554,-0.42472138563539596,0
2023-06-05,1002.5866088867188,1011.5704743154765,1000.5607826054692,1007.6069852998739,1435758,0.10990748914652126,0
2023-06-06,994.0430908203125,997.3020242967341,980.963597687781,995.2761978785118,1943605,-0.8521476339977352,0
2023-06-07,994.4396362304688,998.6233199183597,983.1215848720984,998.6233199183597,2459039,0.03989217507955889,0
2023-06-08,992.413818359375,996.377308204165,984.9713082129977,994.4396450644406,1385218,-0.2037145139118568,0
2023-06-09,977.4404907226562,996.1569677921372,974.0935012283263,994.4834730449721,1824218,-1.5087786324330055,0
2023-06-12,1003.77587890625,1004.920822613427,978.9820256248572,980.2591071680865,1670970,2.694321386678289,0
2023-06-13,996.421142578125,1008.4436394422665,994.6595919733844,1008.4436394422665,2014656,-0.7327070198318575,0
2023-06-14,1000.4287719726562,1002.6747923736123,991.7972370847123,1002.3224606908007,836964,0.4022023643699413,0
2023-06-15,1007.254638671875,1010.2492962757345,1001.0452371497515,1004.0838690098843,2109652,0.682294121325544,0
2023-06-16,1011.3063354492188,1016.6350699639828,997.434122018911,1012.8917742764394,2909817,0.4022514885298589,0
2023-06-19,1001.92626953125,1016.3269282650095,1000.0765548637103,1011.306443121975,1278608,-0.9275197424529313,0
2023-06-20,1029.3179931640625,1031.1675996421818,997.4779471234431,997.9183347380672,3504867,2.733906123214802,0
2023-06-21,1030.903564453125,1035.5276354849193,1023.1528051383226,1034.911135687293,2019683,0.1540409571767487,0
2023-06-22,1024.6942138671875,1030.903616484792,1020.6866424307497,1030.6394483509903,972005,-0.6023211869707223,0
2023-06-23,1026.2353515625,1030.9915596360468,1013.7723596945764,1023.3728318674457,1699790,0.15039976555506485,0
2023-06-26,1028.305419921875,1035.7479300615873,1024.3860118632654,1028.085226041806,1190307,0.20171477782588987,0
2023-06-27,1030.5072021484375,1034.4266096115366,1021.8755603546006,1027.8648759890825,1504039,0.21411753589024585,0
2023-06-28,1030.7274169921875,1033.9862429818343,1027.4245092257097,1033.5458552796372,1424076,0.021369558921158216,0
2023-06-30,1046.3170166015625,1051.645750386932,1026.1032656622913,1030.8153922030156,3036648,1.5124851975770293,0
2023-07-03,1040.7242431640625,1052.5266556173885,1034.470759014747,1048.1227783972322,1749952,-0.5345199732740058,0
2023-07-04,1048.6512451171875,1050.765127732446,1038.0379652941872,1041.0765976360026,1094468,0.7616813008050061,0
2023-07-05,1052.3505859375,1059.2205701678358,1046.008937975031,1051.6459225472686,1653610,0.35277131816107143,0
2023-07-06,1039.8876953125,1055.1691299059078,1034.867210067626,1052.350691096418,2334220,-1.1842907479257314,0
2023-07-07,1019.5855102539062,1041.9131435795975,1016.2386284778154,1037.685486465085,2159585,-1.952344003117823,0
2023-07-10,990.4319458007812,1023.3729675468165,986.468456466763,1021.6994727691474,3960400,-2.8593545278870147,1
2023-07-11,981.9765625,996.8176072051374,979.4222922130441,996.8176072051374,4982603,-0.8537066414941785,0
2023-07-12,978.1453247070312,990.4321005556834,971.0109567778309,986.2043349321978,3824027,-0.39015572665144216,0
2023-07-13,976.603759765625,990.3438338444278,957.4468957328792,968.8528936101346,12294227,-0.15760080863934656,0
2023-07-14,1013.7283325195312,1019.1451223528982,979.0258702068172,981.3598388398879,6605038,3.8013956410341665,0
2023-07-17,1016.1945190429688,1032.2686685316223,1007.2987098703599,1014.6090804703574,3159479,0.24327883953958462,0
2023-07-18,1028.041259765625,1030.5074745061079,1009.7211913954494,1020.7748609069281,2431478,1.1657945895844124,0
2023-07-19,1029.6702880859375,1034.8228014902234,1019.0569039449056,1026.10310552793,2242397,0.15845942999250795,0
2023-07-20,1026.783203125,1033.0018240959564,1019.8538392368483,1030.5143323299164,1990001,-0.2803892658012286,0
2023-07-21,990.9373779296875,1012.6582013905232,972.7701612188362,986.0957798656696,5259150,-3.491080209163555,1
2023-07-24,988.6720581054688,1001.8199363752716,986.9841247721122,994.9794957198611,2672505,-0.22860373164563796,0
2023-07-25,987.47265625,994.0910024777565,981.7425760217774,993.6468152559166,2506726,-0.12131442834210082,0
2023-07-26,990.5376586914062,995.7346283060219,986.1846015518222,986.2734173211683,1969964,0.31038858868719377,0
2023-07-27,992.6253662109375,997.378148768995,985.162997667172,990.5377075296414,1769815,0.21076508310540198,0
2023-07-28,980.3658447265625,993.6470017749447,974.9466728475575,989.6937781361619,2031899,-1.235060265603749,0
2023-07-31,992.0479125976562,994.5354049560091,973.6586010109745,984.3190966424814,2526624,1.1916029035417885,0
2023-08-01,1011.4144897460938,1014.5238008695994,987.783746896283,994.9795595218488,2710536,1.9521816338211373,0
2023-08-02,1004.6629638671875,1010.08202781571,996.3122200486532,1010.08202781571,2701150,-0.6675330388633438,0
2023-08-03,999.8656616210938,1008.7938701691679,990.5821899708272,1000.3098489430045,1608187,-0.4775036423785184,0
2023-08-04,1016.6115112304688,1023.7185084457914,1000.3098580566567,1004.2630818800114,3315303,1.6748099521914472,0
2023-08-07,1022.3416137695312,1026.7390250090323,1015.5455258541605,1025.6730187825392,1655404,0.5636472217520838,0
2023-08-08,1013.9462280273438,1027.760495072668,1010.0818205872788,1025.9837460478882,1667697,-0.8211918236637583,0
2023-08-09,1016.4337158203125,1018.0771869725805,999.4213222898369,1013.5908523259735,1559337,0.24532738760794093,0
2023-08-10,1007.6832885742188,1017.011221285639,1002.6639507120992,1012.7469800970407,1676669,-0.8608950204914922,0
2023-08-11,1040.6864013671875,1054.4562079261914,1025.4508634459457,1030.5145553835255,7391806,3.275147376877241,0
2023-08-14,1040.2867431640625,1045.6169912076018,1025.1843737073682,1039.9758337170242,1720940,-0.038403327131009135,0
2023-08-16,1045.75,1053.8341857636037,1039.4869167828192,1044.5062540877195,2567226,0.5251683607272462,0
2023-08-17,1045.3504638671875,1049.1260563340786,1034.0236864665146,1045.4837417607368,2331256,-0.03820570239660981,0
2023-08-18,1042.68505859375,1046.3718342854604,1029.3150880594294,1042.0632398504413,3406088,-0.2549771933497813,0
2023-08-21,1047.61572265625,1056.1885590354643,1038.465421111649,1042.0189194289055,1661946,0.47288143451005293,0
2023-08-22,1047.8377685546875,1054.5005775959423,1044.8617355384251,1050.0587049017724,1805887,0.02119535757580948,0
2023-08-23,1050.5029296875,1061.6076118195033,1047.0827092796753,1059.7864005721901,2347850,0.254348641821589,0
2023-08-24,1040.5086669921875,1056.2773148804363,1038.5098243021278,1056.232852776328,2464221,-0.9513788503460519,0
2023-08-25,1025.1395263671875,1040.1087207529813,1021.6304911014922,1034.956106202816,2105159,-1.4770795393206804,0
2023-08-28,1018.4769287109375,1030.2478911429441,1012.1251376255943,1026.072574261706,2571967,-0.649921058049574,0
2023-08-29,1028.3380126953125,1033.4461664023459,1020.1205480361718,1025.0954238707116,1794652,0.9682186907125967,0
2023-08-30,1039.8424072265625,1043.9733705587976,1031.9803141747234,1035.8447217652044,1497356,1.1187366789151998,0
2023-08-31,1041.308349609375,1055.4778816532255,1035.7560081432628,1047.8378814846892,4483967,0.14097736086013946,0
2023-09-01,1053.4345703125,1055.3889509180185,1040.375399540202,1042.0633328508718,1669640,1.1645177634150183,0
2023-09-04,1094.9217529296875,1097.1426895482061,1052.7239571778334,1053.6123318252407,4517935,3.9382780655167204,0
2023-09-05,1097.63134765625,1103.0947650256453,1088.4365832275823,1098.6973538638952,2842400,0.24746925698684308,0
2023-09-06,1097.897705078125,1103.716601965782,1086.2155576402247,1101.4512034048375,1767709,0.024266564766373122,0
2023-09-07,1114.0218505859375,1116.6869746304014,1092.9674140123423,1099.8078556821297,2582004,1.4686382377186114,0
2023-09-08,1121.173095703125,1127.8359045398913,1114.2881932384664,1118.4635100651783,2280777,0.641930417561043,0
2023-09-11,1138.4964599609375,1140.9394899992535,1128.591061934933,1134.054587163999,2691836,1.5451105921292507,0
2023-09-12,1139.2515869140625,1147.557867576178,1124.238034772714,1141.5613391410016,2140769,0.06632668433161903,0
2023-09-13,1132.899658203125,1139.2515579991143,1124.7710092862524,1138.8961864861055,2275523,-0.5575527639284039,0
2023-09-14,1140.317626953125,1146.625064991121,1133.2106300778246,1137.8745967772404,2655172,0.6547772078743019,0
2023-09-15,1158.973388671875,1163.7706328165914,1146.9359788722124,1149.5566403547093,4286280,1.6360144996265147,0
2023-09-18,1159.3289794921875,1164.92578346051,1145.7368032515049,1156.6638554014007,2761885,0.030681534519105824,0
2023-09-20,1149.023681640625,1158.4404303209662,1138.4520026505509,1138.4520026505509,2220756,-0.8889019453370728,0
2023-09-21,1135.3427734375,1141.5613958272204,1118.7302112883433,1140.6730212001173,3112700,-1.1906550249330627,0
2023-09-22,1131.5228271484375,1140.3177584849207,1123.8828263150745,1130.412358758583,1321467,-0.33645753321674965,0
2023-09-25,1122.416748046875,1137.1193897846435,1116.3314042513118,1128.2356445519508,1246703,-0.8047631813589473,0
2023-09-26,1120.6400146484375,1127.3028236659934,1116.7756071070867,1122.9054130920695,903152,-0.15829533918922944,0
2023-09-27,1120.3292236328125,1126.1481208340124,1113.3999665888475,1118.0194712848242,1670373,-0.027733349832459453,0
2023-09-28,1103.2723388671875,1124.682143125694,1100.2963059118865,1120.3290862857443,1807072,-1.522488604761718,0
2023-09-29,1096.9649658203125,1110.2016601990904,1090.2576944183184,1097.2314131256433,2338327,-0.5716968353753238,0
2023-10-03,1100.4295654296875,1116.4203081103465,1086.2155719357684,1094.9216863284594,2162636,0.3158350282211675,0
2023-10-04,1101.1846923828125,1105.848658666768,1088.258799589616,1096.2541703621114,2253785,0.0686211073245957,0
2023-10-05,1097.5423583984375,1113.9772885314724,1090.7463794501093,1109.5798776302995,2995200,-0.33076503964957205,0
2023-10-06,1099.541259765625,1115.7985592211169,1092.7896341215926,1112.2450606248713,2497711,0.18212521383724756,0
2023-10-09,1110.1129150390625,1125.2597458456758,1093.722446506815,1098.0310417699102,3430211,0.9614605345224625,0
2023-10-10,1120.9510498046875,1123.5717113477401,1108.869069177584,1115.3987088709666,1532394,0.976309222133831,0
2023-10-11,1106.559326171875,1132.188910444653,1102.472824899757,1124.6821888179632,2186131,-1.2838851112472849,0
2023-10-12,1087.1484375,1109.1801713781776,1079.5084374830112,1106.0263981103167,3921609,-1.7541661086556193,0
2023-10-13,1115.7098388671875,1125.1265892637807,1073.6453173253565,1075.8217920240336,5740821,2.62718506341848,0
2023-10-16,1128.8131103515625,1136.4975716712383,1119.618455719094,1122.0170235556839,2527113,1.1744336231433783,0
2023-10-17,1134.58740234375,1136.2308733176562,1129.1238780193441,1136.1420575652558,1687345,0.5115365811431127,0
2023-10-18,1127.7469482421875,1138.451904179633,1125.9258456117852,1135.3425934776208,1743126,-0.6029023491210928,0
2023-10-19,1125.8814697265625,1132.4554631173503,1123.7049954461463,1125.392928788183,2279726,-0.16541640999629958,0
2023-10-20,1128.79638671875,1131.2627701000395,1117.0025679266062,1122.8770884998144,1625449,0.2589008763858036,0
2023-10-23,1109.1102294921875,1130.500478449677,1105.2088812326504,1119.2896446689385,1646367,-1.7439954147786874,0
2023-10-25,1102.2491455078125,1123.6842809740583,1098.9307825968117,1104.222208403954,1420065,-0.6186115502258449,0
2023-10-26,1104.7601318359375,1110.4999895050005,1087.047019529669,1089.6927317527286,4617424,0.22780569514238014,0
2023-10-27,1137.8544921875,1139.0204624374228,1106.2399478560676,1109.423867744167,2675348,2.995615011610253,0
2023-10-30,1134.3118896484375,1143.3254416368063,1126.4643078856986,1139.0204387060808,1158770,-0.3113405592178986,0
2023-10-31,1144.4017333984375,1147.8546477668453,1127.0921649551924,1140.8142671495395,2525870,0.8895122974623026,0
2023-11-01,1129.110107421875,1153.325504445413,1125.83663207554,1147.9891922269826,1572719,-1.3362113609485915,0
2023-11-02,1142.0701904296875,1143.505155395198,1134.5364875097455,1135.4333542982909,1368604,1.147813922010199,0
2023-11-03,1135.6573486328125,1154.5364346274737,1132.7425321407638,1150.3210958581922,2052536,-0.5615103038861591,0
2023-11-06,1138.75146484375,1147.5408012127618,1134.6707875501827,1144.6259847970202,1175823,0.27245156425592665,0
2023-11-07,1142.563232421875,1145.926482381295,1136.419717725493,1138.1237862677576,1385282,0.3347321778109036,0
2023-11-08,1136.9130859375,1148.706904853455,1135.343569223839,1147.9893677063194,937671,-0.49451499260995124,0
2023-11-09,1136.778564453125,1144.2226020008384,1131.6664679555968,1136.9131163569127,1483749,-0.011832169586123431,0
2023-11-10,1125.9713134765625,1139.9176351816095,1121.6664187804095,1132.1149382767794,1469902,-0.9506909537621011,0
2023-11-13,1130.94873046875,1133.2805616251067,1124.0429017593897,1130.0518639100912,730991,0.4420553998679688,0
2023-11-15,1144.9847412109375,1150.6798220975706,1137.5855919262103,1143.5048894578354,2410620,1.2410828505347027,0
2023-11-16,1175.8369140625,1182.0252055670535,1146.19543129957,1151.3973009929277,3936945,2.6945488215793345,0
2023-11-17,1174.1329345703125,1189.0208982757983,1171.6665514134138,1177.944617630974,2882039,-0.14491631210150624,0
2023-11-20,1188.70703125,1194.3572252257263,1178.4827299614826,1179.3347094518642,2831858,1.2412646175384845,0
2023-11-21,1189.7833251953125,1198.2138939501028,1185.4784307857662,1197.8551253791081,1514256,0.09054324715995765,0
2023-11-22,1192.5634765625,1197.9895632954376,1184.222682854642,1189.783211993214,1535630,0.23366871163126302,0
2023-11-23,1191.9356689453125,1197.5410849956572,1188.9759654784175,1196.3751146648726,1307344,-0.05264353885774398,0
2023-11-24,1174.1329345703125,1195.209299729265,1170.9939014615325,1191.8460499698579,1795933,-1.493598592510681,0
2023-11-28,1180.859375,1183.7741913122984,1161.7112958907508,1174.1328758177733,2152951,0.572885763752895,0
2023-11-29,1196.375244140625,1200.7251350510783,1185.209297952235,1187.4514646150276,1835524,1.3139472378431938,0
2023-11-30,1202.6083984375,1207.8999330651009,1192.5634272249329,1199.1105969392024,4104385,0.5210032828247169,0
2023-12-01,1198.8414306640625,1209.8729326263538,1191.0387357507768,1207.1823330727,1854324,-0.31323311714201996,0
2023-12-04,1199.962646484375,1210.7699330120945,1193.7294672882206,1210.7699330120945,1547057,0.09352494763976704,0
2023-12-05,1181.666748046875,1208.0794282045367,1173.3707311865246,1208.0794282045367,3932040,-1.5247056640557033,0
2023-12-06,1192.4288330078125,1201.7561565080323,1183.4601685031644,1188.3480468658904,2077245,0.9107546589362636,0
2023-12-07,1191.0389404296875,1199.1107404777804,1188.6622218527014,1193.7295404457184,1985003,-0.11655979289088014,0
2023-12-08,1223.4156494140625,1228.662296880244,1191.935655136193,1195.5231213668512,4509751,2.7183585595190074,0
2023-12-11,1233.4605712890625,1240.366399714977,1225.164555961974,1228.79679968699,2824656,0.8210555325012248,0
2023-12-12,1233.4605712890625,1243.9538658023666,1228.7071349309606,1234.9852005838925,2730422,0.0,0
2023-12-13,1227.98974609375,1240.1872198472763,1217.0929041230827,1237.0929642850756,1896931,-0.443534663584344,0
2023-12-14,1268.70751953125,1272.8779712787,1239.4696891366307,1247.5414888488085,5145574,3.3158072831653396,0
2023-12-15,1337.497314453125,1342.6094107015545,1275.3444101654043,1275.3444101654043,7374290,5.422037298816584,0
2023-12-18,1349.156494140625,1354.1789252936933,1328.2594581970664,1336.1967058519176,3075527,0.871716119465038,0
2023-12-19,1334.806640625,1349.470388034906,1325.2997668235937,1346.6452362724422,2590417,-1.0636166803440705,0
2023-12-20,1291.443115234375,1348.0354895890957,1287.0036690185798,1331.8470024338615,4368383,-3.2486746822236956,1
2023-12-21,1275.3892822265625,1297.8109488071018,1273.640326544804,1274.5820803335043,2841508,-1.2430925387603264,0
2023-12-22,1311.846435546875,1316.0168861904992,1276.2408833661395,1283.415814544586,2303438,2.8585118150488142,0
2023-12-26,1307.76611328125,1316.0172425786313,1293.4162470382973,1311.846790805615,1363265,-0.3110365782961533,0
2023-12-27,1320.2325439453125,1323.775123281019,1307.2279780323215,1314.3131367037345,1402329,0.9532614844089737,0
2023-12-28,1320.5911865234375,1329.784069209258,1317.0037201094588,1318.9320052031296,1928616,0.02716510661471272,0
2023-12-29,1314.8961181640625,1329.0217673052864,1307.2279743187278,1321.9364991732134,1481617,-0.4312514287156288,0
2024-01-01,1330.725830078125,1341.4882293778303,1304.9858022119786,1309.425248130792,1222315,1.203875476958971,0
2024-01-02,1317.9903564453125,1335.2550385034733,1310.6359846333644,1330.9949221514596,1440888,-0.9570321207385657,0
2024-01-03,1289.469970703125,1313.9095858668602,1287.4520208272204,1309.425252809294,1651716,-2.1639297740469354,1
2024-01-04,1273.505615234375,1295.7928366101983,1270.9944545801727,1288.7972337204474,3392241,-1.238055622190637,0
2024-01-05,1285.0302734375,1290.45624968745,1275.2544073878482,1278.0346714436075,1776925,0.9049554289561668,0
2024-01-08,1298.572998046875,1302.7882267097832,1283.0123865179205,1287.0033985608702,2025264,1.0538837013658542,0
2024-01-09,1309.7840576171875,1328.2146013056422,1302.5642374022786,1309.9633871521407,3119270,0.8633368772625438,0
2024-01-10,1338.2147216796875,1352.4749234718693,1314.851410871849,1322.7886589178165,4368914,2.170637510600204,0
2024-01-11,1331.6676025390625,1345.2999313847795,1321.9813992407765,1345.2999313847795,2271368,-0.48924279747926125,0
2024-01-12,1381.8922119140625,1394.627674863261,1343.954707898776,1349.7843412663717,5862043,3.7715575027309933,0
2024-01-15,1424.403564453125,1452.5651990548033,1413.0134018326996,1443.9553011429048,9712071,3.07631464831688,0
2024-01-16,1395.03125,1423.327437878691,1379.380970042487,1423.327437878691,4459799,-2.062078134745615,1
2024-01-17,1413.3721923828125,1421.5336570983857,1360.1431779705867,1363.2373241574426,3846289,1.31473344291122,0
2024-01-18,1405.8831787109375,1420.8159189126027,1378.528749432753,1414.358523662195,3205598,-0.5298684742940374,0
2024-01-19,1417.090087890625,1437.0185974763335,1408.142701864733,1418.9428918477006,2374099,0.7971436993764458,0
2024-01-23,1377.0526123046875,1417.045115253595,1371.0876508790757,1408.9110468572069,3196630,-2.8253302967868654,1
2024-01-24,1424.7271728515625,1429.065276108123,1377.0976212170908,1382.8818692178593,2136023,3.4620725541550046,0
2024-01-25,1401.09326171875,1418.9430226727543,1388.8921592944937,1418.9430226727543,2641656,-1.6588376766556445,0
2024-01-29,1423.0552978515625,1435.7534160993832,1401.0932692398637,1414.4241034416298,2521598,1.5674928095700924,0
2024-01-30,1409.2724609375,1439.2328553406965,1405.386140021447,1427.980772497676,1939386,-0.9685383930526759,0
2024-01-31,1424.3656005859375,1429.1557066977439,1397.5683449819248,1409.2724305474326,7025931,1.070988049989774,0
2024-02-01,1425.6309814453125,1443.345151597721,1415.644109559907,1424.3656599361354,2845408,0.08883820690801514,0
2024-02-02,1431.369873046875,1458.6190200826552,1423.461752201312,1432.3188916784811,2337374,0.4025509880364986,0
2024-02-05,1405.7025146484375,1435.6630209080977,1402.1777297369435,1432.4545388023646,1452864,-1.7932023638167593,0
2024-02-06,1467.521240234375,1470.4585421778772,1408.1425958450984,1415.327644161374,4988311,4.397710393325882,0
2024-02-07,1459.9296875,1473.0798088729546,1445.1075852437198,1471.3625945906078,3320199,-0.5173044536760929,0
2024-02-08,1476.6044921875,1489.1670198092065,1461.6920344858556,1469.5549225983984,3496692,1.1421649159045533,0
2024-02-09,1473.7122802734375,1488.3084348558434,1459.2969489452819,1482.2078841133039,3341297,-0.19586909896081028,0
2024-02-12,1506.5650634765625,1522.878434456526,1481.3043050885735,1481.3043050885735,4885445,2.22925354174488,0
2024-02-13,1505.3448486328125,1513.8404529412562,1489.9804977671402,1513.8404529412562,3129897,-0.0809931727033586,0
2024-02-14,1510.6773681640625,1515.5578316219492,1469.0580043785415,1491.0200347763457,1386643,0.35423906595841714,0
2024-02-15,1502.5885009765625,1533.2719719947927,1491.336306251229,1516.551941648843,2555162,-0.5354463737899495,0
2024-02-16,1507.016845703125,1515.648039971449,1491.2910687901856,1513.8404692618824,1776881,0.29471440275794514,0
2024-02-19,1514.0665283203125,1521.0256319400926,1499.9674978011171,1509.3216548544526,762624,0.46779056500183547,0
2024-02-20,1503.040283203125,1511.8069570423788,1486.7269133670382,1501.187479089757,2240414,-0.7282536738606793,0
2024-02-21,1478.864013671875,1504.6218961701572,1475.022925930903,1496.2618816751008,2890991,-1.6084911230541343,0
2024-02-22,1524.1436767578125,1528.6626036277505,1481.304227965726,1485.8231548356644,3820901,3.0617867949543687,0
2024-02-23,1505.4803466796875,1534.0399397760027,1503.4015963827367,1533.7236369896023,2191549,-1.2245125156327807,0
2024-02-26,1491.0650634765625,1508.282107608994,1481.756030560344,1505.4803951850522,1844253,-0.9575205172832502,0
2024-02-27,1499.198974609375,1512.3942168226981,1489.438050054125,1490.3418352786723,2049420,0.5455101411770302,0
2024-02-28,1492.963134765625,1511.1291993675902,1486.0039209417384,1504.531521771305,936575,-0.4159447778020797,0
2024-02-29,1503.76318359375,1516.3258216149818,1479.180267003924,1484.1510862671528,3532888,0.7233968861408258,0
2024-03-01,1485.9134521484375,1517.6362954473304,1481.3945254584141,1514.247100429813,2371138,-1.1870041533171838,0
2024-03-04,1480.3551025390625,1494.8609008766227,1477.688980008028,1490.3419743322556,1788071,-0.37406953960463785,0
2024-03-05,1463.5447998046875,1473.1249025500758,1452.428306078332,1467.7474237913298,3339546,-1.135558806501391,0
2024-03-06,1486.0040283203125,1491.246028185904,1449.536306605205,1457.8059657356746,2366177,1.534577453223318,0
2024-03-07,1480.0841064453125,1495.3581009868149,1473.2604828952244,1491.2458334976316,3181239,-0.39837858862949993,0
2024-03-11,1480.98779296875,1500.1028739876012,1475.022832097889,1495.7646604495098,2970902,0.061056430475958656,0
2024-03-12,1478.231201171875,1504.802510815306,1475.9266148730453,1478.5023808895505,2414182,-0.18613197286043714,0
2024-03-13,1474.52587890625,1492.3756405417992,1455.4107956466519,1481.0783230509453,2564135,-0.2506591839414263,0
2024-03-14,1517.681640625,1521.0708358921395,1455.0945013584935,1476.7853510681853,3513306,2.9267551242139866,0
2024-03-15,1488.8055419921875,1515.647920788352,1484.783631284449,1515.647920788352,3931561,-1.9026453150557288,0
2024-03-18,1485.2808837890625,1503.2662345314548,1477.0112256738657,1491.1554886334131,1183544,-0.2367440275919841,0
2024-03-19,1445.2884521484375,1483.6089753769631,1440.724291724059,1483.6089753769631,1915379,-2.6925837447393297,1
2024-03-20,1434.397705078125,1463.3188362409896,1426.2636369385693,1450.3495385502144,1815178,-0.7535344971533742,0
2024-03-21,1442.2606201171875,1464.0869467648424,1431.0084269818583,1453.2867566030643,2684744,0.5481684062394798,0
2024-03-22,1407.9619140625,1420.253372134371,1363.0889516445493,1409.9050745315728,7468824,-2.3781212338655267,1
2024-03-26,1411.938720703125,1439.3234620567016,1405.8834027409612,1411.938720703125,4496344,0.28245129366819555,0
2024-03-27,1397.4329833984375,1425.1340288070317,1391.8295578799775,1418.0393352686265,2589697,-1.0273630924622412,0
2024-03-28,1395.037841796875,1410.8540845225189,1383.6952921692,1399.9634275441483,5301493,-0.17139581146408123,0
2024-04-01,1406.922607421875,1418.0392113349508,1399.0597190226283,1399.963504370834,1014857,0.8519314149709301,0
2024-04-02,1381.255126953125,1414.4240035450948,1378.3629477794175,1409.0012917104173,2031775,-1.8243704616975776,0
2024-04-03,1388.07861328125,1408.5041387363324,1371.9460679465537,1378.5888677519754,3343884,0.49400622629194313,0
2024-04-04,1391.5130615234375,1403.1266805826742,1372.578693261747,1392.5524366852362,3388449,0.2474246205745434,0
2024-04-05,1396.57421875,1398.7884485793718,1377.1880684182822,1394.0435758089868,2773570,0.3637161135247702,0
2024-04-08,1391.8746337890625,1404.4823949416975,1389.7055269441585,1404.4823949416975,1820136,-0.336508070809427,0
2024-04-09,1392.2811279296875,1411.531797197704,1386.9036500142674,1391.8292353208171,2432095,0.02920479551513644,0
2024-04-10,1391.0611572265625,1402.8103660477295,1388.3949244142395,1392.7783713501115,1829986,-0.08762387700672614,0
2024-04-12,1375.109375,1394.495526133577,1370.3192686368632,1389.1180475681892,4319991,-1.1467347890272817,0
2024-04-15,1360.241943359375,1383.2432322981629,1350.255072886936,1362.0946368023356,3295684,-1.0811817525878675,0
2024-04-16,1335.1619873046875,1357.1239025750863,1326.1241348497051,1343.341177581238,2446933,-1.843786407052539,0
2024-04-18,1325.717529296875,1338.415757697146,1312.3866952766352,1334.9362061365964,5180223,-0.7073642073107678,0
2024-04-19,1308.2293701171875,1315.459653337179,1296.932052585951,1303.2585504034435,5219506,-1.3191467106090649,0
2024-04-22,1324.85888671875,1331.546919970421,1310.940571103187,1312.476961975373,1939632,1.2711468631890543,0
2024-04-23,1343.6124267578125,1356.9883828875948,1329.558521333505,1332.9929495741178,2783858,1.4155122652729446,0
2024-04-24,1336.924560546875,1352.9215180876288,1334.2584377318715,1346.640253652083,1321471,-0.49775263146945026,0
2024-04-25,1359.4285888671875,1369.2798700341702,1337.5569198952544,1337.5569198952544,4558032,1.6832683746274446,0
2024-04-26,1332.0438232421875,1384.101829802622,1324.000112726303,1370.9065876674765,4328477,-2.014432081924933,1
2024-04-29,1253.9117431640625,1297.8356865346348,1248.1274951980017,1278.8561952970113,11493223,-5.865578798147341,1
2024-04-30,1235.113037109375,1263.4015626914145,1231.3623058422147,1243.970177668547,7606726,-1.4992048808197378,0
2024-05-02,1229.7806396484375,1245.3258133331726,1227.3404634168528,1227.3404634168528,6555505,-0.43173355804074776,0
2024-05-03,1218.3477783203125,1238.1858208824124,1205.2428918949147,1238.1858208824124,5964228,-0.929666719374711,0
2024-05-06,1228.0635986328125,1233.6670237681346,1218.7545652390693,1227.3405262103495,2504082,0.797458696555009,0
2024-05-07,1219.04150390625,1235.482305651738,1214.6451628354746,1234.6121161206008,5096525,-0.7346602192758289,0
2024-05-08,1203.1962890625,1221.8352070790652,1197.3802292911425,1219.0416110959218,6832455,-1.2998093004197298,0
2024-05-09,1209.0582275390625,1226.414837916191,1203.9748352806816,1204.432794518141,5653762,0.48719718717966654,0
2024-05-10,1205.531982421875,1211.6687039517874,1193.9914307503311,1209.1040872219037,3357203,-0.29165221631756166,0
2024-05-13,1202.5093994140625,1210.7526657660123,1192.2053164741253,1205.5318633259042,2316566,-0.250726073790275,0
2024-05-14,1209.97412109375,1215.3779505393115,1198.6624387163117,1210.844198904421,3200462,0.620762023425736,0
2024-05-15,1220.8277587890625,1227.605577871462,1207.4095307569285,1208.3254492327537,2975965,0.8970140357631218,0
2024-05-16,1234.7955322265625,1243.6341679989725,1216.797711572164,1231.910366627445,5055915,1.1441231850228162,0
2024-05-17,1221.1025390625,1237.4059336135983,1218.3547834734247,1237.4059336135983,2487831,-1.1089279809242236,0
2024-05-21,1229.07080078125,1236.3523066126959,1203.516657607744,1203.516657607744,4966721,0.6525464867895181,0
2024-05-22,1230.124267578125,1239.1460415722408,1227.3306716998115,1235.5280967620936,2390777,0.0857124582412494,0
2024-05-23,1239.7413330078125,1244.229243498088,1225.4987578779112,1233.4214740027596,3326149,0.7817962528795297,0
2024-05-24,1232.093505859375,1245.6491442101265,1228.1092827961706,1245.6491442101265,1769966,-0.6168889384273957,0
2024-05-27,1239.512451171875,1245.2826701743359,1225.498854525351,1237.4057940685718,1942325,0.6021414184246732,0
2024-05-28,1244.1837158203125,1248.6717388426384,1232.4599142689046,1243.6799159214909,2147233,0.37686306773450085,0
2024-05-29,1239.3292236328125,1251.6941226210029,1233.696302843569,1251.1445939161513,3845920,-0.39017486933586865,0
2024-05-30,1219.8658447265625,1237.909503492396,1213.6833957999995,1232.8261118746457,4150461,-1.5704768785486656,0
2024-05-31,1212.767578125,1228.1550525644968,1205.119681549608,1219.8659460003635,10319045,-0.5818891177458596,0
2024-06-03,1203.928955078125,1240.8405131271677,1199.7157525932184,1236.9937003814814,5384064,-0.7287977685336844,0
2024-06-04,1193.9456787109375,1213.5920870197276,1131.1594169580103,1213.5920870197276,5447244,-0.8292247084081161,0
2024-06-05,1230.7196044921875,1242.8097953906279,1205.4402770593817,1209.0123814567949,3005139,3.0800334082999203,0
2024-06-06,1279.99609375,1282.1027510061247,1237.314314344744,1240.1536393112701,5936709,4.003876193891021,0
2024-06-07,1311.13720703125,1317.6860460396042,1280.4539402233233,1288.6972059329155,5884025,2.4329068997402947,0
2024-06-10,1299.45947265625,1320.7545794328194,1279.9962030217512,1318.922742290749,3293739,-0.8906569283806176,0
2024-06-11,1308.664306640625,1317.0448708884594,1296.3909772316713,1305.1837718597524,2269082,0.7083586812876241,0
2024-06-12,1317.7774658203125,1348.2317495655952,1313.8848130107651,1348.2317495655952,5990861,0.696371035218446,0
2024-06-13,1322.723876953125,1335.1345069780746,1316.266606059521,1326.021161572775,4232861,0.37536012423260434,0
2024-06-14,1310.7252197265625,1324.4181566372622,1304.6343393143457,1322.7237297663416,3065114,-0.907117308126415,0
2024-06-18,1316.35791015625,1318.6935468527652,1307.0614276267213,1310.725101311327,2223029,0.42973846424214646,0
2024-06-19,1324.280517578125,1329.8218682913864,1310.0380543884066,1318.968258257694,3117522,0.6018581542868162,0
2024-06-20,1322.0826416015625,1327.1201938373745,1309.3514626689578,1327.1201938373745,3163919,-0.1659675535045979,0
2024-06-21,1326.1124267578125,1357.3452216876528,1318.1897102742869,1339.0726944173266,6489262,0.3048058441617707,0
2024-06-24,1319.7012939453125,1322.5406192472385,1306.6494538805111,1316.9535381421965,1988692,-0.48345318866925835,0
2024-06-25,1326.2039794921875,1328.1732263792276,1306.5117342346734,1319.7925508036947,2079037,0.49273919611270145,0
2024-06-26,1322.3115234375,1331.1044306802276,1317.2739715743148,1326.2041771499612,1917424,-0.2935035722165469,0
2024-06-27,1332.5697021484375,1337.7446634682785,1303.8098420351955,1314.3429036322482,6613193,0.775776247057891,0
2024-06-28,1336.8743896484375,1345.2092241995153,1320.7542491902054,1344.5681260826777,4943575,0.3230365731008211,0
2024-07-01,1345.3468017578125,1354.2770067039685,1332.6613535032814,1341.8205380634413,3723295,0.6337478057009571,0
2024-07-02,1356.2921142578125,1366.9624749815348,1349.1479054736596,1350.9797424125243,3811366,0.8135681064316724,0
2024-07-03,1356.4752197265625,1363.8025673010477,1347.4991742252378,1363.8025673010477,2070876,0.013500444839653625,0
2024-07-04,1394.348388671875,1405.5226605145738,1360.1388579395339,1360.1388579395339,6822557,2.792028073535091,0
2024-07-05,1391.646484375,1400.6682585457854,1378.9610364856053,1394.9437683604585,3061687,-0.1937754092754762,0
2024-07-08,1404.469482421875,1410.5145222990072,1379.5564315675228,1399.5235000473267,2939620,0.9214263960601876,0
2024-07-09,1402.36279296875,1416.2848212524264,1396.775712480121,1404.469450241303,2658608,-0.14999894832119498,0
2024-07-10,1382.9910888671875,1403.7366651711977,1362.749312458762,1402.362787426647,3507096,-1.381361812983739,0
2024-07-11,1384.7772216796875,1405.0189984485871,1381.2509577671676,1387.6165467076985,3304053,0.129149987073518,0
2024-07-12,1429.015869140625,1434.3282406805392,1383.4947685491409,1401.3551776763888,6430647,3.194640030782536,0
2024-07-15,1437.6256103515625,1498.8090089638094,1435.6106344370594,1447.151184815436,10337489,0.6024944436841873,0
2024-07-16,1437.579833984375,1449.8988922948752,1424.2531759434812,1433.4123603546934,3540650,-0.0031841646989216876,0
2024-07-18,1460.477783203125,1464.7825551190067,1426.08500129454,1427.0467603725208,4399468,1.5928123556996798,0
2024-07-19,1460.477783203125,1480.536307456328,1455.02800143865,1475.0866374983025,5633838,0.0,0
2024-07-22,1444.4949951171875,1460.431998839283,1438.816345331896,1455.028057510823,2704495,-1.0943533869364308,0
2024-07-23,1475.1826171875,1477.4438900707348,1431.5736581192227,1452.7090280099192,2907674,2.124453333105736,0
2024-07-24,1461.66162109375,1474.8597224994933,1455.3394977572018,1471.1679584882304,2484299,-0.9165642230470672,0
2024-07-25,1465.26123046875,1471.16807589089,1442.418438826153,1449.0174900556444,2934731,0.24626831019249895,0
2024-07-26,1509.3314208984375,1513.623118737351,1471.1678361386205,1479.2897613534178,2814159,3.0076678146728097,0
2024-07-29,1506.562744140625,1518.2379705196097,1495.1644451317736,1513.807808579666,1639491,-0.1834372967710718,0
2024-07-30,1504.6246337890625,1507.162721654678,1493.3186060240473,1503.4709574865099,1783877,-0.1286445160747718,0
2024-07-31,1516.0228271484375,1518.2379080272342,1494.4259857416334,1496.0873245666544,1984986,0.7575439816289053,0
2024-08-01,1514.1309814453125,1527.9289050481918,1510.0238261832649,1513.669510921287,1785188,-0.1247900538993485,0
2024-08-02,1485.2890625,1512.7003663550472,1477.7670704823338,1495.2106786917736,1692851,-1.9048496661617342,0
2024-08-05,1442.0029296875,1472.7367950182772,1418.5602075632808,1453.6319628576234,3279717,-2.914323811126829,1
2024-08-06,1460.7847900390625,1481.3202261966169,1442.5567062587613,1442.5567062587613,2138704,1.3024842020003868,0
2024-08-07,1471.7218017578125,1490.5498220426714,1467.476295385664,1481.3204113798683,1897787,0.7487079406445218,0
2024-08-08,1437.8035888671875,1478.5514558286627,1434.7579512193151,1473.936750910346,2373805,-2.304661985037759,1
2024-08-09,1467.429931640625,1478.5514152540486,1454.4164866608276,1462.7691473992436,2021762,2.060527808028323,0
2024-08-12,1463.0921630859375,1477.167012786023,1452.5706135642827,1467.4761326646526,1273739,-0.29560311270452333,0
2024-08-13,1469.9217529296875,1484.458071175223,1456.077640314892,1456.4006470765019,1973825,0.46679149926858177,0
2024-08-14,1500.840576171875,1504.1631413420534,1475.0904989415167,1476.7979173116655,3932148,2.103433273272093,0
2024-08-16,1539.6964111328125,1545.0033221857204,1506.8858116445701,1509.0086211312146,3101056,2.5889381975562786,0
2024-08-19,1549.156494140625,1555.1556107399185,1531.2053364589876,1536.6967904344,1631947,0.6144122269436503,0
2024-08-20,1556.770751953125,1564.4312074180177,1540.5730921274398,1550.5409001222765,2786109,0.4915099179004345,0
2024-08-21,1548.0029296875,1558.709023705288,1544.7726359007024,1556.078664154494,1410370,-0.5632057420544956,0
2024-08-22,1546.987548828125,1557.001435945659,1544.0802622033714,1557.001435945659,1749127,-0.06559295463219872,0
2024-08-23,1533.4202880859375,1556.0323427142498,1529.4517093616355,1546.8953168933588,2158185,-0.8770116315716336,0
2024-08-26,1586.9510498046875,1600.3798880484326,1538.635105129047,1542.23459799823,2672708,3.4909386640220363,0
2024-08-27,1579.7056884765625,1621.4687659614717,1573.7065723737578,1592.857596855788,3556487,-0.45655858944211314,0
2024-08-28,1586.9510498046875,1603.8409172180875,1562.5854945812848,1580.5828462634904,2516461,0.4586526073165009,0
2024-08-29,1616.85400390625,1620.68423119951,1566.4614529631936,1581.9207131412072,5112407,1.8843022351094474,0
2024-08-30,1618.1463623046875,1630.1907878225138,1607.9478188485234,1616.8542223287839,4792561,0.07993043251370846,0
2024-09-02,1667.431396484375,1672.3691083499093,1624.3761758807066,1628.2524830531247,4445349,3.045771095112304,0
2024-09-03,1652.479736328125,1677.1223296395513,1649.3418269300632,1666.8315145336933,2553290,-0.8966881748643019,0
2024-09-04,1647.680419921875,1657.2790288527028,1628.990864675597,1629.0831362428394,2644961,-0.2904311805308035,0
2024-09-05,1652.5721435546875,1659.1710819368627,1631.1137641238568,1653.9103630128498,2878565,0.29688546235466795,0
2024-09-06,1620.776611328125,1657.3712432410714,1605.9634763903418,1650.2184507392653,3351716,-1.9240026736848104,0
2024-09-09,1612.1470947265625,1630.1906352561311,1606.978647970353,1622.8531871495013,1418238,-0.5324309680463046,0
2024-09-10,1642.0042724609375,1651.418338040681,1612.516353260748,1614.6390499132683,2307528,1.852013245692019,0
2024-09-11,1641.6812744140625,1658.3864836828104,1637.0203773818716,1641.1736118076558,2303930,-0.019670962633422384,0
2024-09-12,1668.3082275390625,1674.399615965867,1640.158525377528,1661.2938980577812,3349489,1.621931951103206,0
2024-09-13,1673.1075439453125,1679.7526742946245,1657.2790827509502,1665.9085588471414,1599349,0.2876756421281712,0
2024-09-16,1672.2305908203125,1683.6750814964284,1668.861833713112,1678.8296413550793,836199,-0.052414629781183386,0
2024-09-17,1673.9842529296875,1687.1361622910924,1667.9389442630015,1672.3229140501364,830317,0.10486963454692244,0
2024-09-18,1621.1458740234375,1668.7696073117113,1606.0096190204538,1668.7696073117113,2629136,-3.156444202732256,1
2024-09-19,1602.68701171875,1639.1431804275842,1588.8428970191928,1639.1431804275842,4167373,-1.1386305575867395,0
2024-09-20,1624.42236328125,1630.0060887714128,1588.7506708533147,1613.3008790893257,4644317,1.3561819247034812,0
2024-09-23,1617.7310791015625,1628.06797355069,1598.9953311658564,1628.06797355069,1541597,-0.41191775802515984,0
2024-09-24,1638.7740478515625,1646.0653044212677,1604.394494955744,1615.1467803404646,1907389,1.300770506411153,0
2024-09-25,1645.0501708984375,1646.5730461829755,1619.7615632752456,1641.7276056090752,2240579,0.38297671696125857,0
2024-09-26,1646.3883056640625,1669.0465526283738,1641.819792709207,1644.9116225740677,4303250,0.08134309757217295,0
2024-09-27,1669.046630859375,1687.6439157001125,1658.1098018611099,1670.5233140185844,4099016,1.376244298951912,0
2024-09-30,1657.6944580078125,1680.3987861355565,1651.2800625411662,1668.6774794372927,2117894,-0.6801591184853462,0
2024-10-01,1676.5223388671875,1682.0137927922178,1652.0644021867688,1652.0644021867688,1642542,1.135787163214741,0
2024-10-03,1641.496826171875,1669.8772630553035,1633.6056352412463,1640.9891635361219,3552386,-2.089176617770505,1
2024-10-04,1639.6968994140625,1668.584996746192,1631.0674239054847,1640.989039300581,2982759,-0.1096515527239883,0
2024-10-07,1640.019775390625,1665.1699147346858,1631.6672279039267,1647.4033025375052,3419048,0.019691198823257317,0
2024-10-08,1651.556640625,1655.7560670198745,1608.6860784925536,1637.2972479895525,2353030,0.7034589099163213,0
2024-10-09,1670.2462158203125,1684.3672576209124,1652.2027875903145,1654.8793389159846,2499596,1.1316339225422967,0
2024-10-10,1669.2772216796875,1698.1652066805366,1658.52493675784,1679.752579242776,3753869,-0.05801504780833522,0
2024-10-11,1697.8883056640625,1710.025001435284,1661.893609367418,1664.9854389524692,2977110,1.7139803750263471,0
2024-10-14,1712.88623046875,1721.7464415672332,1691.19711689232,1703.795284119454,1751092,0.8833281173240559,0
2024-10-15,1725.991943359375,1737.6671695542368,1688.9358396381601,1688.9820317536867,5696544,0.7651245399432405,0
2024-10-16,1721.5157470703125,1739.7438323160645,1711.178852654657,1724.9767759144427,2144442,-0.25934050887573834,0
2024-10-17,1723.8692626953125,1732.406467033612,1708.779087058279,1725.8074162826192,2399099,0.13671182671464166,0
2024-10-18,1714.547607421875,1729.499320587357,1700.9804185466976,1723.131004572265,2366406,-0.5407402681374407,0
2024-10-21,1701.5341796875,1742.9742573730343,1698.2116142792604,1730.7914799882533,1284980,-0.7590006645509795,0
2024-10-22,1693.3123779296875,1720.4852689210156,1690.29316781954,1699.861786760121,2089660,-0.48319933010823046,0
2024-10-23,1714.67919921875,1732.5622140284268,1666.1395875924845,1666.1395875924845,2522186,1.2618357703843452,0
2024-10-24,1713.8896484375,1730.6578105145184,1707.2008681055163,1713.982524538951,1621637,-0.04604655970689153,0
2024-10-25,1720.810302734375,1738.6469341938052,1709.5230797658432,1727.9170811517333,4078295,0.4037981268621538,0
2024-10-28,1738.832763671875,1743.524197015263,1714.0752182711392,1714.0752182711392,2418907,1.047324095448654,0
2024-10-29,1738.832763671875,1742.688085387494,1719.74202067874,1738.832763671875,1719955,0.0,0
2024-10-30,1708.2227783203125,1736.696163107448,1704.9713210844202,1728.8462617129542,1732047,-1.7603754651438486,0
2024-10-31,1640.6390380859375,1712.9607195383278,1631.8136535096858,1709.3376442424465,3616088,-3.9563774170503607,1
2024-11-01,1632.6031494140625,1654.8059800658266,1626.6576049338244,1650.8112872458057,242223,-0.4898023566018539,0
2024-11-04,1637.759033203125,1655.549172650557,1621.0837471816744,1637.805527954895,2843690,0.3158075366271884,0
2024-11-05,1647.6063232421875,1656.7103354487508,1636.4119751279552,1643.3793834807566,1818350,0.6012661105463835,0
2024-11-06,1707.8511962890625,1721.4143955052841,1656.3852494257537,1663.9100279345903,3477029,3.656508972867023,0
2024-11-07,1701.8590087890625,1730.2861237508012,1685.3694767542588,1718.673777247418,2173869,-0.35086121747727184,0
2024-11-08,1707.0150146484375,1722.4826835839845,1698.236125648119,1708.362001544164,1521324,0.3029631616219275,0
2024-11-11,1734.6990966796875,1740.9232700539362,1703.7637552182066,1715.5618558178148,1679869,1.62178315912187,0
2024-11-12,1739.8548583984375,1758.5274913550322,1732.051337839937,1756.7160104226286,2711052,0.29721360486199,0
2024-11-13,1732.3299560546875,1746.1254018539637,1727.0811524376231,1733.491190775196,1254074,-0.4325017289474764,0
2024-11-14,1726.94189453125,1762.289927095992,1715.236670463378,1739.0652311669462,2462563,-0.31102974953505225,0
2024-11-18,1704.692626953125,1732.6087559323546,1686.1128708010474,1726.9418395845053,2483933,-1.288362257501674,0
2024-11-19,1691.2685546875,1732.562011422061,1688.2493447480247,1706.5503565588879,2354204,-0.7874775811999912,0
2024-11-21,1705.9466552734375,1708.9194841550334,1690.9434802261737,1704.692544474217,1841245,0.8678752138597812,0
2024-11-22,1763.59033203125,1766.9346651840413,1706.0859687752322,1715.236475249475,2765950,3.378984716762612,0
2024-11-25,1757.3662109375,1783.6101168107489,1745.1036170937416,1782.7276237438862,6531524,-0.3529232940725713,0
2024-11-26,1764.6588134765625,1778.9651348153143,1754.9973177165698,1755.8798107621496,2079873,0.4149734126942306,0
2024-11-27,1756.7623291015625,1780.869515841028,1753.0927594498405,1762.0575139131297,1631975,-0.44747938324933845,0
2024-11-28,1710.173828125,1765.5414836479563,1704.6927768976584,1751.235047472098,3631255,-2.6519524129589356,1
2024-11-29,1716.81591796875,1739.343871709582,1703.717099505195,1711.1954965200996,2482280,0.3883868256264966,0
2024-12-02,1738.6005859375,1745.1499949802283,1705.11053196173,1716.815868412719,2014744,1.2688994632880979,0
2024-12-03,1756.4837646484375,1761.6396925392785,1739.1117373401646,1750.213096706416,2954648,1.0285961511564912,0
2024-12-04,1762.8935546875,1775.2955179646597,1744.2673056976816,1748.3548743116116,3730643,0.36492167864388136,0
2024-12-05,1787.37255859375,1800.4712641234519,1750.2130459410732,1751.1420337573902,3881814,1.388569595774003,0
2024-12-06,1786.164794921875,1801.6324644481897,1779.290375934029,1789.2305000178403,2250408,-0.06757201603370122,0
2024-12-09,1774.2738037109375,1789.2769792074946,1766.0057896953329,1779.0116187620004,1379520,-0.665727554632356,0
2024-12-10,1798.845458984375,1804.8374981860254,1776.4103814935652,1780.3585795450927,2695207,1.3848851976535625,0
2024-12-11,1793.782470703125,1797.4055456116162,1779.9405305358164,1789.4626549815325,1387117,-0.28145765696340197,0
2024-12-12,1798.7061767578125,1810.5972662478289,1785.050101126323,1788.25506375356,2306173,0.2744873547993576,0
2024-12-13,1828.9910888671875,1834.7507674346075,1776.5496634480262,1801.3072091421286,2569918,1.683705348917175,0
2024-12-16,1815.6138916015625,1839.3959580761184,1811.758569312096,1830.895696498581,1371189,-0.7313976184493254,0
2024-12-17,1812.08349609375,1823.7887191513905,1800.3782730361095,1807.159929022827,1987909,-0.19444638114650692,0
2024-12-18,1821.1412353515625,1831.917471294998,1808.5070237833336,1810.597246361226,3460812,0.499852202028106,0
2024-12-19,1796.8946533203125,1807.9960121768104,1774.3666991556402,1774.3666991556402,1916115,-1.3313949275641557,0
2024-12-20,1775.6207275390625,1818.6329060701487,1761.7324059257794,1815.799448049168,3786921,-1.183927268186813,0
2024-12-23,1767.8636474609375,1801.6788234611013,1764.287067386323,1782.2629572537091,2058339,-0.4368658215020971,0
2024-12-24,1762.2432861328125,1787.047327368182,1755.0901257408873,1773.06601621817,1310301,-0.317918258922123,0
2024-12-26,1765.7735595703125,1773.3448328151917,1752.3497312307734,1770.279127716681,1065107,0.20032838060897173,0
2024-12-27,1757.6448974609375,1767.7708870452802,1749.0052656591977,1765.0767997757828,1328546,-0.4603456692008123,0
2024-12-30,1791.970947265625,1829.1304587641368,1733.1660883603279,1753.9289427297554,6262203,1.9529570423624465,0
2024-12-31,1781.2412109375,1790.902706632299,1745.1500579822189,1779.1973697587334,1968650,-0.5987673150894324,0
2025-01-01,1776.17822265625,1799.4029182290549,1772.4158900145558,1781.2412743322218,880695,-0.2842393410932398,0
2025-01-02,1832.149658203125,1835.9585988305873,1774.4131582763305,1776.1781443405744,3487645,3.1512285666452255,0
2025-01-03,1808.4140625,1850.6365112238773,1803.1652589268285,1839.39578190372,2853344,-1.2955052878378726,0
2025-01-06,1814.3597412109375,1833.2646210218284,1792.9465261979428,1812.6875177428683,1789037,0.32877861515399065,0
2025-01-07,1779.8477783203125,1840.3248624263963,1773.344863612092,1820.8161183017348,2494547,-1.9021565628209447,0
2025-01-08,1795.0367431640625,1800.8429171295306,1760.0139471650941,1770.929554220174,2372138,0.8533856113293048,0
2025-01-09,1797.405517578125,1806.3701585120818,1783.656453719971,1789.9736156876252,2742139,0.13196244718016725,0
2025-01-10,1853.4234619140625,1860.1586231908454,1797.823567019882,1798.520307841618,4802079,3.1166002211575394,0
2025-01-13,1848.1282958984375,1869.3091490543711,1825.8325893752476,1853.237728643335,5694121,-0.2856965029544134,0
2025-01-14,1684.765869140625,1801.307343226937,1670.0878165478216,1798.613255928026,15819311,-8.839344493581091,1
2025-01-15,1696.0528564453125,1712.63537817802,1683.8367584946177,1705.621475442785,3350594,0.6699439673742313,0
2025-01-16,1664.978515625,1707.4332160665028,1658.5220952674524,1702.834771455224,5362008,-1.8321563919558415,0
2025-01-17,1678.7261962890625,1682.6674830905263,1642.2688924424344,1663.8054141652738,2424374,0.8256971807772517,0
2025-01-20,1685.576416015625,1688.2040167263924,1654.045780247927,1679.8521229160626,3401004,0.4080605724569919,0
2025-01-21,1691.394775390625,1708.6146224912652,1681.0722375093103,1681.0722375093103,4005357,0.345185143771376,0
2025-01-22,1715.1363525390625,1718.655399151663,1692.9429902107674,1696.8373101535399,3009261,1.4036685872435894,0
2025-01-23,1695.71142578125,1716.3095348003362,1693.0838249010083,1705.1425174400829,3750930,-1.1325587454930952,0
2025-01-24,1682.432861328125,1716.7318847093134,1680.7906394203148,1689.14253374764,3171259,-0.7830674636757462,0
2025-01-27,1606.5152587890625,1670.1396731093914,1602.1517322373663,1665.682213664374,4174844,-4.5123704062183245,1
2025-01-28,1588.9669189453125,1623.9227835434008,1586.8554908823407,1606.5151863588676,5079829,-1.0923232597851218,0
2025-01-29,1613.131103515625,1617.9169844026792,1591.547615801338,1591.547615801338,3733620,1.5207481214493557,0
2025-01-30,1607.594482421875,1626.2219482341068,1593.2836913376896,1615.9463768503208,2543744,-0.3432220159715227,0
2025-01-31,1619.183837890625,1631.1485975285875,1603.793964194231,1603.793964194231,2033832,0.7209128667380327,0
2025-02-01,1589.6708984375,1625.2836097568943,1584.0404230002953,1619.7001007692593,569018,-1.8227046714826778,0
2025-02-03,1587.7938232421875,1595.8641471874507,1559.1722442771245,1562.4566877649186,2659929,-0.1180794840716759,0
2025-02-04,1625.8466796875,1628.9903387622348,1587.8409721052678,1590.7030615992098,3647768,2.3965867537896424,0
2025-02-05,1607.35986328125,1639.2190370925953,1604.6854105075327,1623.4536609228255,2681942,-1.137057795007046,0
2025-02-06,1617.35400390625,1621.999100133098,1607.359887499065,1617.6824253830039,2057798,0.6217736832496268,0
2025-02-07,1619.37158203125,1624.3920660841331,1595.9112691184232,1617.0255507399675,2428098,0.12474561043080978,0
2025-02-10,1627.0665283203125,1632.8377882409363,1606.6560559673007,1617.7762214422728,1823071,0.475181013082282,0
2025-02-11,1617.072509765625,1641.283600116573,1609.377572441351,1635.4654879496652,1702553,-0.6142353973076164,0
2025-02-12,1611.53564453125,1635.0897726297178,1594.5034367278822,1617.7291434000308,2214307,-0.34240055414568316,0
2025-02-13,1598.21044921875,1623.4068041937128,1595.53599626428,1606.5623441284795,1838463,-0.8268632070112192,0
2025-02-14,1605.8583984375,1617.2601332784309,1595.2542913149882,1605.6237953113587,1460459,0.4785320495488188,0
2025-02-17,1604.5916748046875,1614.2104036379035,1589.7647103920724,1605.8585088625016,1127023,-0.07888140287120038,0
2025-02-18,1619.2308349609375,1622.0460725760536,1596.4743309054159,1600.931790462683,1511900,0.9123293100739671,0
2025-02-19,1606.8438720703125,1624.9551657442344,1598.5388292736943,1617.072477330942,1294110,-0.7649905512652766,0
2025-02-20,1583.6182861328125,1608.9554272476955,1579.8646355972744,1600.1811774790162,1681532,-1.4454164677228598,0
2025-02-21,1595.9581298828125,1599.1957218141617,1581.3658839013194,1585.917161721241,1222563,0.7792183165637567,0
2025-02-24,1542.797119140625,1585.917127770017,1536.7442897736687,1581.2250652618218,4455420,-3.330977783614597,1
2025-02-25,1535.336669921875,1550.2104851517427,1530.7853922026459,1535.2428515822398,1951519,-0.48356644734374177,0
2025-02-27,1528.861572265625,1557.7647225777487,1515.723797496897,1520.2282232385257,2266866,-0.42173796686426623,0
2025-02-28,1478.046630859375,1515.48919738269,1466.2225419022172,1512.7209263718523,4910121,-3.323711075486524,1
2025-03-03,1475.5599365234375,1504.6507259676007,1471.8531381693247,1478.046752725095,1784684,-0.168241940681646,0
2025-03-04,1440.9322509765625,1463.9233549485102,1429.202095888834,1463.9233549485102,3246644,-2.3467488300381256,1
2025-03-05,1476.0760498046875,1484.0057049870381,1436.7566536009574,1437.648099747889,3112003,2.4389626094014405,0
2025-03-06,1487.80615234375,1496.486468552412,1478.1405716752233,1482.6918496957885,2011489,0.794681448873491,0
2025-03-07,1461.9998779296875,1489.2608100338439,1459.7946312096667,1485.178738096389,2091986,-1.7345185979645072,0
2025-03-10,1453.8824462890625,1475.6066027404497,1451.724051845489,1461.1081762918077,1855766,-0.5552279287546869,0
2025-03-11,1471.2900390625,1477.014332494823,1428.8268727492198,1435.724181825556,1846190,1.197317762372685,0
2025-03-12,1445.71826171875,1468.615549425364,1414.2814432486225,1460.1698370005536,3113860,-1.7380514150727389,0
2025-03-13,1440.228515625,1452.615514212778,1434.9734287863155,1445.7182055774856,1983351,-0.3797244760001539,0
2025-03-17,1449.9881591796875,1452.240372186287,1425.4956147946596,1433.8943612072458,2029100,0.6776454881156191,0
2025-03-18,1449.9881591796875,1449.9881591796875,1449.9881591796875,1449.9881591796875,0,0.0,0
2025-03-19,1449.3311767578125,1465.1903713226372,1431.172917330291,1462.515918539908,4522829,-0.045309502544266245,0
2025-03-20,1465.80029296875,1484.6623608961072,1451.7710722212448,1452.5217334734568,4608677,1.1363252564385862,0
2025-03-21,1470.2108154296875,1493.9996639060917,1427.7946163227189,1440.557003390561,8109210,0.300895182112737,0
2025-03-24,1505.3544921875,1511.6887768040383,1463.9235558221978,1493.0143444314851,2487843,2.3903835007186514,0
2025-03-25,1524.8265380859375,1556.7794159000157,1519.2429148187066,1522.1051188470806,4906013,1.2935189684219583,0
2025-03-26,1532.80322265625,1543.6418198713868,1522.1052956946637,1524.826715249712,3096513,0.5231207859436537,0
2025-03-27,1529.753173828125,1543.6885766705861,1514.1755490955886,1525.5303175393603,3383080,-0.198985021889464,0
2025-03-28,1494.421875,1525.4364532973739,1484.1931560534322,1516.5683866264308,2211077,-2.3096078133775233,1
2025-04-01,1436.0994873046875,1487.3837512275031,1432.1112343439827,1479.876451536765,4126827,-3.902672242087768,1
2025-04-02,1433.4720458984375,1443.7945832954802,1413.624598810935,1421.69492331998,3167863,-0.18295678185786812,0
2025-04-03,1379.5601806640625,1407.6187370667203,1374.7742998684969,1407.6187370667203,3966161,-3.760928954884879,1
2025-04-04,1334.5166015625,1366.516449894935,1331.7013636232418,1359.7599246616458,4421312,-3.2650680798774867,1
2025-04-07,1289.4727783203125,1298.5284831548563,1222.5170597506697,1262.1649935633473,6484139,-3.375291336911701,1
2025-04-08,1316.9210205078125,1336.5338626062444,1287.501814636312,1295.0091138470193,3938359,2.1286406854788,0
2025-04-09,1295.0093994140625,1303.1735432850926,1273.4728758751698,1295.6193905199027,3306801,-1.663852330741955,0
2025-04-11,1304.9095458984375,1337.2378106579831,1276.240998242005,1276.240998242005,4859622,0.7644845272053225,0
2025-04-15,1338.6455078125,1340.8039025068701,1319.4080504622327,1332.5458262136349,3265147,2.585310378033534,0
2025-04-16,1343.5250244140625,1347.6540619987093,1318.9386646750484,1327.8535827215892,2553111,0.36451148366651864,0
2025-04-17,1349.4371337890625,1353.2846020111017,1298.762860336622,1332.5457093049156,3549969,0.4400446041247674,0
2025-04-21,1390.7274169921875,1406.6804305474286,1341.9299637643915,1346.6220265747565,2840104,3.0598152495764364,0
2025-04-22,1388.7568359375,1407.5250880224655,1374.3052589216124,1398.2347803299435,2608145,-0.14169426953194453,0
2025-04-23,1495.8294677734375,1501.45994255803,1448.6272750083483,1459.2313816735855,13293318,7.709962540969717,0
2025-04-24,1488.9791259765625,1504.5568657257024,1479.0319759992367,1496.7679958511324,3193118,-0.457962752069041,0
2025-04-25,1481.0025634765625,1518.3514268428155,1471.5246201255204,1492.075876810925,3800415,-0.5357068048061797,0
2025-04-28,1470.6558837890625,1489.7355626297328,1459.0750996085858,1485.5588882674936,2618810,-0.6986267237250265,0
2025-04-29,1489.35595703125,1500.5570233253402,1469.516839208954,1476.066611334349,2231069,1.2715464880885596,0
2025-04-30,1487.93212890625,1507.29662763426,1475.117402437201,1491.2544653982256,3682256,-0.09560025716337517,0
2025-05-02,1492.5833740234375,1500.7468059601426,1478.0599714871676,1487.4574604298189,1370848,0.31259793553934934,0
2025-05-05,1488.9761962890625,1516.599026605548,1483.9452993699736,1499.7975435119658,1012225,-0.24167345001648854,0
2025-05-06,1498.943359375,1503.4048524304596,1485.6540126865718,1496.7601790862454,2055057,0.6693970736925348,0
2025-05-07,1483.9453125,1498.2787976210511,1466.574193182647,1473.2188659025683,5469936,-1.0005746235303814,0
2025-05-08,1500.4619140625,1516.8837937233293,1476.8259576604175,1482.6162918959724,2789018,1.1130195582931934,0
2025-05-09,1489.7357177734375,1497.6143319913983,1478.2499489865486,1486.5082819813285,2035161,-0.7148596167976917,0
2025-05-12,1585.513916015625,1589.9752928759262,1513.0869354293889,1517.6433288868916,4028207,6.429207348625421,0
2025-05-13,1537.387451171875,1602.410322246675,1533.2107764244072,1599.4677045406977,3118470,-3.0353858365804287,1
2025-05-14,1554.5687255859375,1558.9353178581853,1534.919523856447,1547.2596313457075,1569126,1.1175630711026008,0
2025-05-15,1609.9093017578125,1616.1742558186468,1542.5133345262059,1566.244308903532,4961582,3.559866814573698,0
2025-05-16,1575.6417236328125,1607.536128517188,1573.8381464904032,1606.0173694034354,2586263,-2.1285409114404352,1
2025-05-19,1565.864501953125,1579.533565599437,1554.9482543543309,1576.6858488345342,1642018,-0.6205231514906262,0
2025-05-20,1555.138427734375,1581.432303843676,1553.334850311512,1576.4963069879661,2421580,-0.6849937657678051,0
2025-05-21,1568.1427001953125,1573.3635142698126,1545.7406847958723,1561.498027736858,1420835,0.8362131774907633,0
2025-05-22,1550.1072998046875,1557.4163938155039,1532.0717586557046,1555.2332136218106,2202093,-1.1501121924923474,0
2025-05-23,1564.5355224609375,1585.9884144896923,1540.1401288648378,1550.1071374029464,1459454,0.9307886401198173,0
2025-05-26,1588.6463623046875,1590.73475762256,1562.0676703870101,1568.522541916578,1078813,1.5410861241312634,0
2025-05-27,1568.2376708984375,1590.4498858541704,1558.175761044238,1588.8362259632327,2740015,-1.2846591847314959,0
2025-05-28,1573.173828125,1582.1915985509136,1563.396620155765,1579.5336830231895,1775441,0.3147582358313361,0
2025-05-29,1580.1981201171875,1590.449947687293,1571.560068374657,1585.2291331768304,2374051,0.4465045036097237,0
2025-05-30,1553.5244140625,1580.198004896256,1544.696561512837,1580.198004896256,4408910,-1.6879975817658432,0
2025-06-02,1548.683349609375,1552.1954873809045,1524.1929383073668,1542.6081971440656,1883100,-0.31161817666357505,0
2025-06-03,1547.6392822265625,1567.8580033166743,1534.9194565056011,1563.3017256602932,2380133,-0.06741645301964194,0
2025-06-04,1543.5574951171875,1561.1184163941086,1539.855439889435,1548.2087893328817,1659720,-0.2637427956405092,0
2025-06-05,1549.5377197265625,1569.9463576069004,1542.133609401811,1551.9108171545088,1409322,0.3874312831425142,0
2025-06-06,1554.5687255859375,1556.5622202640966,1539.6657190446242,1548.3986718413075,1261281,0.3246778568425368,0
2025-06-09,1564.630615234375,1573.8381867445405,1555.8026466069373,1564.3457971984335,1299786,0.6472463701882925,0
2025-06-10,1583.425537109375,1599.3727985016626,1565.295095562959,1569.3768695722647,3055223,1.201237000733535,0
2025-06-11,1634.4947509765625,1637.8170876670245,1581.4322646598334,1590.9246552040102,5085821,3.225236215428029,0
2025-06-12,1614.845458984375,1638.3866342619203,1608.9602231019437,1637.4373951922435,3607962,-1.2021630525547833,0
2025-06-13,1609.244873046875,1624.1478785342463,1580.1031671280296,1581.432124861516,1988422,-0.34681869440450486,0
2025-06-16,1635.538818359375,1641.6139712134939,1597.9489766432494,1606.1124089750797,2116100,1.633930656104332,0
2025-06-17,1641.8035888671875,1650.536656327915,1632.6909185431202,1640.284829792158,1777245,0.3830401600676714,0
2025-06-18,1628.7991943359375,1656.422025570383,1623.198661160662,1640.1900621335562,1794428,-0.792079796842371,0
2025-06-19,1626.900634765625,1632.4061510673155,1611.0482750180745,1632.4061510673155,2514527,-0.1165619173262522,0
2025-06-20,1651.580810546875,1654.1437092665208,1622.3442056301249,1626.9005987693738,2719770,1.5170057257249514,0
2025-06-23,1616.7437744140625,1641.9936238254359,1612.9468185174828,1641.4239877418304,2221446,-2.1093146584378886,1
2025-06-24,1605.9224853515625,1644.6513645867021,1603.4543714079707,1632.5960763959326,3601071,-0.6693261624849511,0
2025-06-25,1629.9381103515625,1633.3553472552276,1614.655387064414,1615.6046259750926,1307518,1.4954411074668217,0
2025-06-26,1636.582763671875,1639.2406789403858,1616.2690280450825,1623.1985183619142,2971055,0.4076629215620464,0
2025-06-27,1635.82373046875,1663.541464874876,1623.958242131554,1646.9297812028017,6478283,-0.04637915172844842,0
2025-06-30,1640.8543701171875,1646.739720931821,1626.3310841993339,1637.4371331879215,1855229,0.307529445547039,0
2025-07-01,1631.077392578125,1656.422027101697,1626.9956185973117,1640.8544845891133,1639826,-0.5958467562459102,0
2025-07-02,1631.362060546875,1650.2519391074688,1624.1478675944086,1634.5894961996328,2069447,0.0174527566898508,0
2025-07-03,1625.0020751953125,1642.6578953335684,1619.8761620264283,1628.8939314605047,1839063,-0.389857377793279,0
2025-07-04,1638.2916259765625,1641.2342437245966,1619.5915480072388,1627.9448976215633,768500,0.8178174652270886,0
2025-07-07,1623.578369140625,1637.9118545159413,1616.8387955799292,1637.9118545159413,1366412,-0.8980853349089823,0
2025-07-08,1621.3948974609375,1631.6467236494157,1601.8405998318415,1613.7060857565218,2139193,-0.13448514227516473,0
2025-07-09,1589.0260009765625,1627.2803769792602,1586.1782841289344,1623.1986031481015,2894808,-1.9963610675637344,0
2025-07-10,1579.248779296875,1594.6265196605889,1565.2950132181088,1589.9752256763688,2740853,-0.6152965196087878,0
2025-07-11,1555.138427734375,1571.4652935253337,1547.2596970379304,1559.7896065171394,2548153,-1.5266974955797985,0
2025-07-14,1537.577392578125,1559.0301709990758,1525.4270869177074,1556.7519742035097,3334703,-1.129226494765101,0
2025-07-15,1486.8880615234375,1539.0962089373652,1471.320518028867,1509.2900797844507,14685607,-3.2967011156228354,1
2025-07-16,1483.470703125,1494.102133199734,1480.8127876693677,1486.8879402294574,5218099,-0.22983293005501837,0
2025-07-17,1465.5301513671875,1487.2677481773114,1464.1062928321214,1484.2301137781612,4966082,-1.2093634016512644,0
2025-07-18,1481.6978759765625,1482.8458389456935,1463.71234424962,1477.1057905368714,3902458,1.1031997256618853,0
2025-07-21,1464.0950927734375,1483.5155205541757,1459.8857004250685,1481.697931914697,3368842,-1.1880143373711238,0
2025-07-22,1454.2412109375,1473.087772892238,1452.5192665194224,1466.677982232691,3218227,-0.6730356439670349,0
2025-07-23,1463.52099609375,1469.45233249405,1452.2321879726355,1458.0678802596879,3471536,0.6381187031735625,0
2025-07-24,1441.900146484375,1471.270131581955,1436.5427912035484,1463.712377648238,4654421,-1.4773173509011972,0
2025-07-25,1425.5408935546875,1446.683380274027,1422.1925322304887,1436.064314859312,2733655,-1.1345621241231174,0
2025-07-28,1402.580810546875,1429.4633473383515,1400.0934795834673,1425.5410042674102,4404841,-1.6106225441600563,0
2025-07-29,1408.60791015625,1413.4869279726304,1397.7017947668448,1402.5808125832252,6223556,0.4297149628779584,0
2025-07-30,1412.5301513671875,1419.9922605116933,1405.1638031150178,1416.3568500502006,1642426,0.27844804666066203,0
2025-07-31,1404.3028564453125,1418.461572349329,1396.2667653746096,1401.528476378077,2306285,-0.5824509242448261,0
2025-08-01,1389.1873779296875,1403.346210909819,1387.1783843156165,1401.5285055326744,2152783,-1.0763688506542302,0
2025-08-04,1410.521240234375,1411.4779149609608,1378.1855877631428,1389.1873471188792,2384774,1.5357080436824377,0
2025-08-05,1418.4615478515625,1421.044639641239,1407.4597886706842,1415.7829287286452,2614394,0.5629342820720806,0
2025-08-06,1399.806396484375,1419.4182281448032,1393.3010784903524,1416.739609011352,1735697,-1.3151679293275875,0
2025-08-07,1411.5736083984375,1415.113258297849,1388.1350767781314,1394.8318000982188,1495363,0.8406313861413883,0
2025-08-08,1411.7647705078125,1417.9831558923304,1395.7883501556053,1410.9038567259868,2815614,0.01354248253422341,0
2025-08-11,1423.5321044921875,1464.6691209526473,1402.102565584374,1411.095332073909,2374556,0.8335194524043965,0
2025-08-12,1434.151123046875,1444.483257266117,1424.488731234977,1425.445406004107,3422656,0.7459627022936344,0
2025-08-13,1436.064453125,1442.187194920782,1424.4887119317043,1435.0121342495343,2916128,0.13341202662520146,0
2025-08-14,1425.254150390625,1450.5102714485708,1421.427451226501,1435.9688613375358,4227538,-0.7527728098032704,0
2025-08-18,1420.6619873046875,1436.8298137488491,1411.9562705367805,1433.1944030282975,2795155,-0.32219959399374387,0
2025-08-19,1412.1475830078125,1418.3659689175522,1405.5465038396178,1412.3389880278332,2515817,-0.5993265374143464,0
2025-08-20,1431.185302734375,1435.299050517699,1394.8316653654538,1404.3984120414857,10219330,1.348139525616232,0
2025-08-21,1428.793701171875,1439.7954605046348,1421.714284853609,1435.0120868816957,2157601,-0.1671063528902006,0
2025-08-22,1402.7720947265625,1426.8802493437775,1400.5716963052566,1425.0625441411648,2802805,-1.8212290846446155,0
2025-08-25,1439.030029296875,1444.291740118609,1412.2431378407746,1415.8785483938768,2764914,2.5847345200704197,0
2025-08-26,1428.1240234375,1441.2304199732146,1420.6619141455185,1436.829739757093,4092265,-0.7578720136023676,0
2025-08-28,1386.987060546875,1423.5319882641413,1383.351649885718,1423.5319882641413,4367902,-2.8804895244047612,1
2025-08-29,1391.7705078125,1399.2325009801284,1376.846287914066,1386.9871339428964,3404604,0.3448804535882921,0
2025-09-01,1404.78125,1408.7035931849784,1383.3517118814798,1383.3517118814798,2105254,0.9348338763083497,0
2025-09-02,1402.1982421875,1413.3914076921747,1396.4581932461062,1405.3553158179045,1295198,-0.1838726002713953,0
2025-09-03,1402.580810546875,1411.095239074557,1389.665701579074,1411.095239074557,1800307,0.02728347161369271,0
2025-09-04,1380.7685546875,1402.38937819617,1378.472512195081,1401.623991771506,2192155,-1.555151453331971,0
2025-09-05,1357.5213623046875,1389.3786756591405,1342.0232792996746,1385.264927848617,3895199,-1.6836414983446568,0
2025-09-08,1342.214599609375,1366.7054484911205,1340.3012502157765,1362.2091241287956,2929976,-1.1275522522405046,0
2025-09-09,1365.2703857421875,1369.7668267191016,1348.0502418393264,1349.1025606104085,2906889,1.7177421657849967,0
2025-09-10,1400.4761962890625,1408.12959432408,1370.0538923872339,1372.7326284121245,3205017,2.578669464637695,0
2025-09-11,1404.1114501953125,1406.694542027328,1395.1188011862023,1400.4761563014292,1982922,0.25957270219105766,0
2025-09-12,1403.6331787109375,1415.8786625046944,1399.6151913813296,1411.0952886448813,2110883,-0.0340622166643878,0
2025-09-15,1402.963623046875,1404.6856844349197,1389.0918381616518,1403.6332487080067,1725617,-0.047701612801531734,0
2025-09-16,1418.84423828125,1420.8532318148527,1397.7973946725745,1400.4761305717655,1724524,1.1319334994507102,0
2025-09-17,1417.3135986328125,1434.0554062440674,1411.3822620774579,1426.2107202474265,2656774,-0.1078793293259328,0
2025-09-18,1429.080810546875,1437.7865275513097,1421.7143447880553,1427.932730760021,2792406,0.8302475842617785,0
2025-09-19,1403.824462890625,1429.0806980526554,1400.571745589634,1429.0806980526554,3197957,-1.767314169349532,0
2025-09-22,1377.5159912109375,1386.4129962868212,1353.6947666603846,1361.3481646344362,4457129,-1.874057075876534,0
2025-09-23,1367.8536376953125,1381.6296610067534,1358.8608714691968,1381.6296610067534,3106480,-0.7014331287095277,0
2025-09-24,1379.81201171875,1382.10793764869,1358.4781184973208,1363.3571362708183,2894044,0.8742436832339884,0
2025-09-25,1362.1136474609375,1380.0034197776533,1354.6515371959495,1377.8030209918868,2713246,-1.2826648925723383,0
2025-09-26,1334.8482666015625,1364.6964707744278,1331.691193352964,1358.4780851732824,2568054,-2.0016964744608012,1
2025-09-29,1327.2906494140625,1341.8320597549628,1323.0812569106674,1336.570348321117,2990852,-0.5661779976492198,0
2025-09-30,1325.090087890625,1344.1279375510444,1322.0287755995814,1331.786810711164,2782077,-0.16579349251114595,0
2025-10-01,1329.299560546875,1336.2833329104571,1322.124499946586,1326.0468430517603,2253527,0.31767445056893884,0
2025-10-03,1333.126220703125,1339.153318144448,1320.5938052426413,1335.996244859644,2793839,0.2878704146020761,0
2025-10-06,1356.2777099609375,1359.4347832638384,1330.5432533018986,1333.1262283449394,1970901,1.7366314530669058,0
2025-10-07,1371.2977294921875,1379.4294655757335,1355.7995271228247,1360.391613035583,1592836,1.1074442513460347,0
2025-10-08,1390.2396240234375,1395.501334860933,1365.36608188255,1371.1061300689087,1735807,1.3813115944022236,0
2025-10-09,1422.096923828125,1426.4976040369686,1389.569984433469,1390.2396100024923,2681316,2.291497037934409,0
2025-10-10,1430.70703125,1433.5770553849047,1410.0428808350023,1426.401995047643,2129445,0.6054515186417531,0
2025-10-13,1429.941650390625,1437.116710756099,1412.53021728304,1425.4453259408936,1820492,-0.053496686788934156,0
2025-10-14,1430.6114501953125,1468.4957470896468,1425.6366714065782,1449.744945271399,5802489,0.046841058479873965,0
2025-10-15,1430.8984375,1444.0049521993703,1421.7143828671215,1433.0031921081452,1710696,0.02006046468090439,0
2025-10-16,1449.3623046875,1454.0500345078237,1433.0988332817656,1434.9165387363716,2021043,1.2903688133002023,0
2025-10-17,1433.1617431640625,1447.7229617012551,1426.4115530606123,1445.5049950102464,3210161,-1.1177716897315393,0
2025-10-20,1442.0335693359375,1456.0161067266026,1435.9583508323326,1436.7298482567198,2354881,0.6190387242885897,0
2025-10-21,1432.968994140625,1449.3623137236605,1428.1474295573794,1449.072972763074,274400,-0.6285966837434098,0
2025-10-23,1469.5164794921875,1492.2742408174313,1451.7730982556657,1456.1125063872835,5011470,2.5504728644516472,0
2025-10-24,1469.4200439453125,1477.9059268360006,1462.2841049432955,1470.5771723395956,1491451,-0.006562399824761034,0
2025-10-27,1478.7738037109375,1494.2028098142143,1472.3129544907802,1476.7487702026774,1394846,0.6365613293602967,0
2025-10-28,1467.7806396484375,1486.9704898764082,1458.0411029138322,1480.2202995851405,1936466,-0.7433972683931089,0
2025-10-29,1501.7244873046875,1503.3637721065777,1467.684195732015,1475.3986987319204,2596355,2.31259676952682,0
2025-10-30,1494.4921875,1504.2317242993038,1483.2096558812607,1502.1101652795687,2183395,-0.4815996453296223,0
2025-10-31,1486.4884033203125,1502.592382401083,1482.727559295551,1494.4922478418825,1723467,-0.5355520923181478,0
2025-11-03,1488.4168701171875,1494.395562645935,1473.6628365639656,1485.1381829149193,2252136,0.12973305358907616,0
2025-11-04,1474.53076171875,1486.8740133372978,1470.577102559581,1481.5702926395418,1666863,-0.9329448407383478,0
2025-11-06,1471.92724609375,1477.2309670869563,1460.2590834514915,1474.5308438593693,2474769,-0.17656570433060015,0
2025-11-07,1458.4267578125,1464.5983835103627,1437.30828314533,1461.030355386082,2238714,-0.917198069203351,0
2025-11-10,1485.5240478515625,1489.7670482269107,1457.4625655245236,1463.8270072305563,1558896,1.857980861493913,0
2025-11-11,1513.9713134765625,1516.3820958228628,1486.1990537615907,1492.5636133270089,2270763,1.9149650028312815,0
2025-11-12,1537.11474609375,1542.9006234316184,1517.3463318560323,1518.7928011904994,2331564,1.5286572744923843,0
2025-11-13,1541.4539794921875,1547.72201256488,1523.6141930545236,1542.3218845373528,1944022,0.2822972981987748,0
2025-11-14,1537.6932373046875,1540.971924516666,1517.9248240051934,1533.2574217656438,2543918,-0.24397369221096366,0
2025-11-17,1549.0721435546875,1550.3256795971333,1528.917981996301,1537.114640997858,2000978,0.7399984583365438,0
2025-11-18,1538.2718505859375,1546.7578509686116,1533.3538784679217,1546.7578509686116,1640123,-0.6972104568329751,0
2025-11-19,1603.2666015625,1609.920384105191,1531.9074470708654,1538.3684141194399,6342672,4.225179765969567,0
2025-11-20,1586.680419921875,1608.8596159330084,1583.9802968001477,1603.2665542011332,2724035,-1.0345242409752986,0
2025-11-21,1550.6151123046875,1584.8482195726083,1548.6864865431146,1577.6158729667095,2958835,-2.273003886879965,1
2025-11-24,1552.929443359375,1581.4730802901095,1545.6970969556094,1556.6902870321276,6392688,0.14925245061281345,0
2025-11-25,1543.9613037109375,1561.1261197835458,1535.7646443632036,1560.5475556076767,2285950,-0.5774982042350385,0
2025-11-26,1560.1617431640625,1569.419122741588,1543.961240617917,1543.961240617917,1243303,1.0492775572928492,0
2025-11-27,1570.86572265625,1574.9157897727193,1556.4010290774631,1561.3190013514552,2106176,0.6860813975914759,0
2025-11-28,1566.23681640625,1578.483659702002,1561.2224368878728,1570.865564972418,1841289,-0.29467230605635386,0
2025-12-01,1584.26953125,1587.7410338060236,1569.9012469093266,1571.8298725197803,2034350,1.1513402478385393,0
2025-12-02,1577.133544921875,1593.9126107646616,1566.043947999465,1592.080392947732,2326220,-0.45042754325361756,0
2025-12-03,1581.9552001953125,1595.5519875776963,1570.6727871514972,1577.133636037448,2371611,0.3057227010967223,0
2025-12-04,1595.552001953125,1612.3310689164612,1586.3910299706451,1591.1161864307182,3935708,0.859493477194162,0
2025-12-05,1622.9385986328125,1630.6531017754521,1592.0805860622538,1603.3629998227739,3391204,1.7164339768408254,0
2025-12-08,1628.3387451171875,1634.8961199458129,1617.0563312331458,1622.9386164010136,2702407,0.3327388041004298,0
2025-12-09,1598.4449462890625,1626.7957674386714,1597.2878179621275,1626.7957674386714,2817704,-1.8358464366070026,0
2025-12-10,1606.545166015625,1611.3667301393214,1597.8663505929717,1603.941568474416,1482249,0.506756253655638,0
2025-12-11,1612.716796875,1617.5383610143572,1590.1518531600145,1607.9916404756361,1408684,0.38415545295131803,0
2025-12-12,1613.48828125,1618.0206224635979,1600.759398181377,1617.5384660183624,1284337,0.04783756059929534,0
2025-12-15,1623.90283203125,1627.760083413747,1600.7593237362678,1613.4882062129197,1689723,0.6454680150004943,0
2025-12-16,1592.7554931640625,1621.9742197129704,1586.6803928149234,1621.0099068593954,1929309,-1.918054347391407,0
2025-12-17,1595.9378662109375,1605.0988388568612,1587.5483909786828,1592.0806145705485,1394918,0.19980298674424635,0
2025-12-18,1602.1092529296875,1614.163162504345,1592.2731920883905,1597.8662532166159,1822056,0.3866934201769423,0
2025-12-19,1583.7874755859375,1621.0099286924765,1574.240754664169,1615.2240514930982,3487150,-1.143603490850953,0
2025-12-22,1610.6917724609375,1613.777526441746,1585.3302978609083,1592.948392786367,1339691,1.6987315084712629,0
2025-12-23,1619.94921875,1626.6994088603938,1597.0949330335684,1615.3204698744262,1614314,0.5747497098664844,0
2025-12-24,1614.9346923828125,1620.0455976036985,1605.6773125107284,1616.1883461808325,989858,-0.30954836788382734,0
2025-12-26,1601.6273193359375,1616.5741692876468,1591.5984416319955,1608.473917383925,921138,-0.8240192689922488,0
2025-12-29,1572.6014404296875,1601.5308258848768,1567.3941275049592,1600.4699875803433,1516288,-1.8122742135969983,0
2025-12-30,1557.55810546875,1577.3265193663256,1553.6044462320297,1572.6014804595475,3323273,-0.9565891632928425,0
2025-12-31,1565.369140625,1573.4692746222004,1559.1011069232775,1566.526268992036,1359963,0.5014923763565937,0
2026-01-01,1576.16943359375,1586.9696909781806,1560.6440194608895,1564.9834275068804,773806,0.6899518259595894,0
2026-01-02,1581.666015625,1584.3661389059278,1567.1049139715212,1573.758696709966,950573,0.3487304038575001,0
2026-01-05,1550.2293701171875,1575.2050973771966,1523.710765784238,1567.0084378561032,3245802,-1.987565339158548,0
2026-01-06,1558.618896484375,1567.972683983436,1540.2969524525881,1543.1898909839229,2112043,0.5411796814656755,0
2026-01-07,1588.8983154296875,1595.455690223662,1559.004615582644,1562.9583926368216,3816569,1.9427083178325866,0
2026-01-08,1587.93408203125,1601.3380555313697,1577.0374163633985,1594.2986416497984,3266398,-0.060685658048342805,0
2026-01-09,1602.1092529296875,1615.2238830041229,1588.3195332906948,1588.3195332906948,3281306,0.8926800588790806,0
2026-01-12,1608.088134765625,1617.345514868645,1582.9195921463609,1599.987883032742,4175707,0.3731881471256804,0
2026-01-13,1605.5809326171875,1637.0175087160264,1567.97273059192,1624.8671900660424,7149266,-0.1559119860556013,0
2026-01-14,1608.9560546875,1618.0206193834642,1590.3447688512542,1605.5809595772776,2470615,0.21021189288856768,0
2026-01-15,1608.9560546875,1608.9560546875,1608.9560546875,1608.9560546875,0,0.0,0
2026-01-16,1649.264892578125,1652.081682009063,1617.0178290309627,1622.0685339254821,3098089,2.505278983424697,0
2026-01-19,1667.525390625,1669.662199998777,1636.7351555873774,1649.264930539804,2087629,1.1071901262828865,0
2026-01-20,1638.8720703125,1670.6334850729563,1633.5299283544177,1670.6334850729563,1739341,-1.7183138843697376,0
2026-01-21,1634.209716796875,1646.2538418405477,1621.0000809866287,1639.1633154048784,1728435,-0.284485506836174,0
2026-01-22,1654.218505859375,1659.9491909105602,1633.2384812850246,1642.0772742114043,1853439,1.224370951711018,0
2026-01-23,1658.006591796875,1671.604771225789,1650.04199127234,1663.5429459948182,1874357,0.2289954999344035,0
2026-01-27,1670.82763671875,1675.975566209131,1651.6931036445249,1670.6334244449179,2671530,0.7732806965489836,0
2026-01-28,1679.9578857421875,1684.6201660350766,1642.465786823139,1656.1610721542709,2713867,0.5464506824514714,0
2026-01-29,1672.1875,1675.489938664914,1647.4193878632143,1673.3531293582296,2235602,-0.46253455566563906,0
2026-01-30,1646.9337158203125,1664.028545737421,1634.695378411855,1664.028545737421,4448681,-1.5102244323490943,0
2026-02-02,1628.67333984375,1640.037484641112,1606.1391439517708,1622.0684627483904,1916380,-1.108749902995776,0
2026-02-03,1646.6424560546875,1729.0085007948294,1640.6203339894569,1728.9113946545401,3200948,1.1032977437121616,0
2026-02-04,1575.2520751953125,1597.7861546919391,1540.4795388093712,1594.8722589690967,5834470,-4.335511974495332,1
2026-02-05,1563.7906494140625,1584.9650050129394,1554.2718762952904,1567.3844065854084,3184531,-0.7275931237753719,0
2026-02-06,1547.9583740234375,1565.7331840230888,1528.9209471121815,1565.7331840230888,3342992,-1.0124293425438524,0
2026-02-09,1556.020263671875,1573.4065312801788,1548.6384184689223,1554.4662097186297,1863558,0.520807909548826,0
2026-02-10,1527.94970703125,1556.4088016328246,1522.8018959178016,1549.22116873538,3234785,-1.8039968563381414,0
2026-02-11,1507.066650390625,1532.8060592999798,1501.724508918872,1528.8237593707415,2944646,-1.3667371736469036,0
2026-02-12,1433.7337646484375,1490.9432729051784,1427.3232179375632,1485.115481610435,5397659,-4.865935141168443,1
2026-02-13,1413.4334716796875,1434.4136132707504,1355.9326502697174,1382.1577086918394,7214938,-1.415903947392061,0
2026-02-16,1419.84423828125,1424.894943209499,1405.2747603343228,1409.4512728724128,2388700,0.45355984063006893,0
2026-02-17,1440.047119140625,1467.3405830262284,1416.1531999737515,1421.9809909201456,2840341,1.4228941678723128,0
2026-02-18,1425.089111328125,1440.6298873232702,1401.9722781753735,1440.6298873232702,2036245,-1.0387165540407084,0
2026-02-19,1408.771484375,1458.6962551084828,1401.583851168484,1427.8089128327592,2397127,-1.1450250249907312,0
2026-02-20,1395.2703857421875,1413.2394091575932,1389.9282436457154,1401.5838264016543,2392491,-0.9583597327569637,0
2026-02-23,1385.265869140625,1400.2238897093428,1374.8730226483146,1396.9214511058526,2629763,-0.7170306704560869,0
2026-02-24,1300.762939453125,1366.3255900015026,1284.542301484879,1362.0519713376468,10004684,-6.10012356255647,1
2026-02-25,1338.6435546875,1351.4647661176937,1315.13817824888,1316.1094767557106,5703505,2.9121843869799324,0
2026-02-26,1334.0784912109375,1364.6743939944429,1328.7363494550873,1351.0762149795514,2329520,-0.34102158566237106,0
2026-02-27,1349.2308349609375,1364.480293820491,1342.3346387501672,1357.8754160439462,8651443,1.1357910235286317,0
2026-03-02,1331.6502685546875,1346.2197463288087,1311.2529996709177,1312.2242981891923,2088938,-1.3030065686839287,0
2026-03-04,1324.8511962890625,1342.3345698471294,1317.080808041033,1317.080808041033,3161598,-0.5105749179177832,0
2026-03-05,1315.2352294921875,1338.643498816475,1294.255206333629,1338.643498816475,2217963,-0.7258148555709165,0
2026-03-06,1317.7606201171875,1341.169008688996,1315.3323738808347,1317.080758597693,1871596,0.1920105672637007,0
2026-03-09,1319.606201171875,1333.3014871677035,1289.8844889206318,1291.8270860425002,2256550,0.14005434875747902,0
2026-03-10,1322.4229736328125,1325.2397631364865,1306.3965475843795,1321.9373243586176,1671877,0.2134555338127342,0
2026-03-11,1311.54443359375,1336.506758028498,1308.2419949259765,1327.959283660933,1837000,-0.8226218279600905,0
2026-03-12,1319.1204833984375,1324.2684129307795,1302.5113025822084,1311.25298917672,2616965,0.5776433958801119,0
2026-03-13,1287.3590087890625,1317.7605795932589,1283.0852718311662,1311.252927306642,2190786,-2.4077766215522822,1
2026-03-16,1290.4671630859375,1299.3059557205356,1265.0191898185524,1275.1207179295407,3618375,0.2414364816383685,0
2026-03-17,1283.182373046875,1290.4671115039953,1260.4539653473184,1290.4671115039953,2285672,-0.5645079741232739,0
2026-03-18,1318.246337890625,1338.8379381853317,1288.427519984832,1288.427519984832,2564106,2.7325784378172013,0
2026-03-19,1274.1494140625,1315.3323754260534,1271.6239431203578,1302.899825821349,1663249,-3.34512014641255,1
2026-03-20,1295.4207763671875,1313.6812357960657,1290.7586146555914,1296.586405720121,5050431,1.6694558793435288,0
2026-03-23,1319.606201171875,1325.8225356751977,1272.401114823816,1277.0633953429879,5166409,1.8669937402510994,0
2026-03-24,1333.88427734375,1353.9901088650618,1320.965959868353,1340.3919298664168,3555664,1.0819952315467507,0
2026-03-25,1341.6546630859375,1370.8907241704983,1309.3103756668886,1309.3103756668886,4167275,0.5825382212061969,0
2026-03-27,1325.23974609375,1367.005583137401,1320.7717965419583,1337.4780839327325,8956139,-1.2234830201709013,0
2026-03-30,1303.093994140625,1320.188823374682,1297.8489587275135,1311.2529249424974,5541018,-1.6710751408114177,0
2026-04-01,1315.5267333984375,1359.5264850203223,1310.281697700231,1359.5264850203223,2469237,0.9540938193036252,0
2026-04-02,1361.9547119140625,1372.2505708873946,1302.7055032991818,1308.3390820367895,6509389,3.529231093288865,0
2026-04-06,1363.023193359375,1381.4778643297457,1354.0871762758024,1356.9039655583058,2134581,0.07845205394612087,0
2026-04-07,1400.223876953125,1404.98326325891,1348.2594078315547,1351.0761971608322,3459049,2.729277372167327,0
2026-04-08,1419.067138671875,1423.9236312751325,1390.8023754342585,1408.2857488059858,4239052,1.3457320667715544,0
2026-04-09,1422.855224609375,1426.837524825088,1394.784673688786,1417.0274334936837,3101205,0.2669419814093743,0
2026-04-10,1409.5484619140625,1415.7647965837057,1380.312398161064,1410.3255482102886,3450066,-0.9352155064803358,0
2026-04-13,1388.3741455078125,1406.2460622119338,1376.8156692623902,1399.6411847669165,2252652,-1.5022056338167222,0
2026-04-15,1409.6455078125,1432.5681278427714,1395.8529984877596,1403.526280064429,3993858,1.5321059077275878,0
2026-04-16,1408.5770263671875,1426.5460484780597,1393.9104428440883,1418.0957990201716,5229848,-0.07579788247404906,0
2026-04-17,1400.90380859375,1416.1531469053489,1388.9567901746564,1401.8751070484177,3319268,-0.5447496040189792,0
2026-04-20,1387.3056640625,1410.228284438359,1383.129033178886,1404.400493568223,2352656,-0.9706693955597201,0
2026-04-21,1399.8353271484375,1413.2392936489045,1381.5749867966422,1388.9568315587173,3091487,0.9031652800469692,0
2026-04-22,1248.4100341796875,1319.0233891002697,1244.2334031203575,1306.3965083504145,33066256,-10.817364730836875,1
2026-04-23,1240.9310302734375,1257.15178754495,1235.4917819905966,1252.9751562640483,8304759,-0.5990823288411273,0
2026-04-24,1191.040283203125,1252.0178436546378,1185.9918485183598,1251.6218619302792,10903519,-4.02042868243202,1
2026-04-27,1215.78759765625,1219.549242680999,1188.8625328408116,1196.7816837673115,6066942,2.0777898784893223,0
2026-04-28,1183.9130859375,1220.2421431663045,1180.2505268992788,1215.4907250223948,6643295,-2.621717130541268,1
2026-04-29,1188.0706787109375,1198.5636513231816,1180.0525618275544,1187.8727482542276,4777201,0.3511738169652334,0
2026-04-30,1186.9818115234375,1201.4342390290972,1172.0344370426753,1187.8727402459547,5070033,-0.09165003454857379,0
2026-05-01,1186.9818115234375,1186.9818115234375,1186.9818115234375,1186.9818115234375,0,0.0,0
2026-05-04,1188.36767578125,1201.2362970100348,1179.359665088433,1195.7918803363182,3318673,0.11675530697761172,0
2026-05-05,1188.0706787109375,1193.2181997887046,1177.9738086854425,1187.8727482542276,2459953,-0.024992018578529063,0
2026-05-06,1177.0828857421875,1199.751481633453,1174.4102203801453,1195.7919057864779,3541520,-0.9248433755365326,0
2026-05-07,1171.4404296875,1183.913068279637,1169.1636254523005,1182.9231744098379,3725309,-0.4793592807298186,0
2026-05-08,1186.2889404296875,1190.644498001188,1164.90725515838,1167.8769370248579,2813749,1.2675429638490998,0
2026-05-11,1182.82421875,1194.1090331242458,1179.0625736796997,1184.804006505599,2505962,-0.2920638945207221,0
2026-05-12,1134.220458984375,1172.0343569639203,1131.0527260581548,1171.0444630813495,3959561,-4.1091278818241594,1
2026-05-13,1131.646728515625,1142.931543844691,1125.6083995174693,1134.7154964657793,2635034,-0.22691624440054348,0
2026-05-14,1112.6407470703125,1131.6466616749285,1092.2489568340422,1127.4891556166244,5837032,-1.6794977590084637,0
2026-05-15,1121.15380859375,1140.3577744488487,1110.4630269602867,1110.5619921830983,3729249,0.7651222145021341,0
2026-05-18,1135.0123291015625,1137.8830455979364,1110.0670509907557,1117.5902205133277,2588569,1.2360944949377783,0
2026-05-19,1167.48095703125,1186.1899769855322,1140.6548549643858,1144.3174142705511,5756760,2.860640990163388,0
2026-05-20,1157.9779052734375,1169.0646683575774,1150.652666418684,1154.4141906480702,1415960,-0.8139791660480289,0
2026-05-21,1156.39404296875,1168.6687518922563,1151.4445733090024,1161.8384595944722,2245247,-0.13677828371979617,0
2026-05-22,1152.236572265625,1164.1152998147552,1148.1780311870052,1158.0769708112805,2044782,-0.35952024557751594,0
2026-05-25,1153.9193115234375,1166.0950552567938,1150.3557175252993,1156.1961159082641,1419803,0.14604112543519232,0
2026-05-26,1150.15771484375,1161.838390039478,1148.2768923183116,1153.9192390579726,1196820,-0.32598437708103445,0
2026-05-27,1153.42431640625,1157.9779249858127,1142.0405366306575,1143.6244635296307,1004168,0.28401335924124194,0
2026-05-28,1153.42431640625,1153.42431640625,1153.42431640625,1153.42431640625,0,0.0,0
2026-05-29,1171.83642578125,1179.6564907792917,1165.1050990493613,1168.0747806951965,12446602,1.5962997409632473,0
2026-06-01,1183.022216796875,1200.5434119372007,1178.072747125031,1178.072747125031,5970435,0.9545522540116869,0
2026-06-02,1230.93310546875,1244.2966735618968,1190.0504377083842,1197.7716587190891,7663067,4.049872267115773,0
2026-06-03,1167.0849609375,1217.5695521230916,1164.907242593571,1216.3817277239782,4800922,-5.186971107332116,1
2026-06-04,1156.4931640625,1164.610246215695,1146.4951383776315,1154.6123413674918,2025595,-0.9075429149983938,0
2026-06-05,1143.0303955078125,1170.5494932395648,1135.4082610957976,1167.0848647183482,1971395,-1.1641027351511402,0
2026-06-08,1139.6649169921875,1147.2870518319028,1120.856932535927,1130.3598899886003,1546444,-0.2944347349686849,0
2026-06-09,1134.7154541015625,1147.2870586092952,1124.9154800807084,1146.9900420972515,2225582,-0.43429106370034276,0
2026-06-10,1120.658935546875,1140.3578496517691,1118.5801823841139,1129.2710855592654,1600595,-1.2387703458059507,0
2026-06-11,1098.980224609375,1102.7418699870848,1078.4894679990384,1101.6530107998524,3435236,-1.9344610790901218,0
2026-06-12,1098.38623046875,1111.155885750722,1089.3782202838927,1108.6811510385824,2203987,-0.054049574989956106,0
2026-06-15,1107.98828125,1116.6003097726264,1101.7519013979902,1112.1457872602355,2361006,0.8741962084823474,0
2026-06-16,1147.2869873046875,1150.1577036749375,1126.0042692485608,1129.4688977693256,8343470,3.5468521391175623,0
2026-06-17,1155.00830078125,1161.7395070902196,1147.58409621033,1157.1860191207213,2263670,0.6730062802073666,0
2026-06-18,1150.058837890625,1156.9880955312617,1124.6184909080034,1140.3578288590681,3368037,-0.4285218458843221,0
2026-06-19,1120.262939453125,1124.5195317901655,1080.370285607286,1098.7822889851088,10014063,-2.5908151353499442,1
2026-06-22,1119.0750732421875,1137.0910941981099,1115.6104445324595,1124.519489786046,2312385,-0.10603458965779966,0
2026-06-23,1098.287353515625,1114.4226734702142,1094.3277776579753,1110.2650463176826,3235632,-1.8575804451024247,0
2026-06-24,1102.642822265625,1110.1659916215428,1082.1519463516245,1086.5075036113628,3503015,0.39656914340842064,0
2026-06-25,1089.576171875,1122.0447402631537,1086.4085597166397,1121.5497933111187,5877425,-1.1850301953425513,0
2026-06-26,1089.576171875,1089.576171875,1089.576171875,1089.576171875,0,0.0,0
2026-06-29,1091.259033203125,1097.0994312395699,1075.0247494674097,1084.5277065108403,5186504,0.15445100320330418,0
2026-06-30,1060.9683837890625,1094.5256920198099,1057.8006506475288,1091.35807971494,3794233,-2.7757524558721602,1
2026-07-01,1023.7482299804688,1065.6207905687872,1019.5907239069678,1059.1864801751997,3819777,-3.508130343683613,1
2026-07-02,1067.20458984375,1071.956128900288,1037.408807609325,1038.3987015097157,3726609,4.244828815392454,0
2026-07-03,1127.4891357421875,1147.2870134549564,1103.8306477080976,1115.7093743357589,12768463,5.648827457466599,0
2026-07-06,1122.7376708984375,1136.2992905292433,1114.6205888348386,1133.4285739039879,2747815,-0.42142001134425344,0
2026-07-07,1156.39404296875,1163.1253700406712,1122.5397188307415,1123.529612762691,5179529,2.9977057813852515,0
2026-07-08,1134.0224609375,1164.6102075120768,1130.1618504469234,1153.2264273281507,3091794,-1.9345985191878579,0
2026-07-09,1138.77392578125,1150.1577052219316,1109.6710220003508,1132.5375461008239,2033525,0.4189921282354403,0
2026-07-10,1152.33544921875,1179.4585658788042,1141.8425981881667,1161.1455289767832,3979475,1.1908881236630142,0
2026-07-13,1208.8583984375,1224.4987706003656,1150.2567271120654,1150.2567271120654,9028077,4.905077706068228,0
2026-07-14,1154.9091796875,1196.88070575604,1152.2365144577,1187.8726953172163,9754723,-4.462823670640958,1
2026-07-15,1156.196044921875,1169.6585774419905,1132.9335388810666,1145.3072123070285,3253196,0.1114256650659895,0
2026-07-16,1175.4000244140625,1191.8322387544756,1162.8282995597583,1163.521297781958,5147444,1.660962219731954,0
2026-07-17,1203.9000244140625,1223.5,1195.800048828125,1197.800048828125,5037972,2.4247064325362055,0
2026-07-20,1221.300048828125,1224.699951171875,1200.0999755859375,1205.0,3612829,1.4453047646154182,0
2026-07-21,1239.5,1240.699951171875,1217.199951171875,1219.0,4642320,1.4902112866808093,0
2026-07-22,1237.300048828125,1243.800048828125,1227.699951171875,1243.800048828125,2377718,-0.17748698441911737,0
2026-07-23,1244.699951171875,1248.800048828125,1228.800048828125,1236.0,1878476,0.5980685405095221,0
2026-07-24,1271.0,1276.0,1236.5999755859375,1237.0,3674904,2.112962951702846,0
