Date,Close,High,Low,Open,Volume,Daily_Change_%,Crash_Signal
2020-01-01,619.740234375,622.3896161125859,616.1236563320883,618.184280868582,2112415,,0
2020-01-02,617.9320678710938,623.062557139031,614.7360228516574,621.4645602966463,5658200,-0.2917620002079957,0
2020-01-03,627.43603515625,629.11816929876,617.2591441279282,617.2591441279282,7882938,1.5380278479314669,0
2020-01-06,621.4224853515625,633.9964503630143,619.4459979490006,627.5202226022485,6519403,-0.9584323289926977,0
2020-01-07,612.2127685546875,624.576413976731,609.8577395841436,620.7075258131158,7899363,-1.4820379072161716,0
2020-01-08,604.054443359375,613.1379584021026,595.7278579583198,609.731646677913,8639443,-1.3325963805970065,0
2020-01-09,611.9183349609375,615.2405601459508,600.7741963116773,606.9981131477696,13521186,1.3018514619027366,0
2020-01-10,620.833740234375,624.8288092157168,614.3995559726637,622.7681844215654,9341405,1.456959983721795,0
2020-01-13,650.6074829101562,653.9297084159871,635.0056975615051,639.2110333069456,36952038,4.795767489141478,0
2020-01-14,652.3737182617188,653.4670952274895,645.2666909822158,647.579625512934,11414418,0.27147479823965703,0
2020-01-15,645.5610961914062,650.8598090964978,641.0193642733277,650.8598090964978,6047430,-1.0442821161565252,0
2020-01-16,645.0985717773438,649.7244415880026,639.4213679188077,648.2105308259938,5740586,-0.0716468846699736,0
2020-01-17,645.8134155273438,650.0608458665614,641.1034598393667,648.2104877981894,3762957,0.1108115536561316,0
2020-01-20,646.3179931640625,651.3223524429509,641.6921243294809,648.9673236048908,3887680,0.07813055978509453,0
2020-01-21,641.3137817382812,648.042319776191,639.8419140424884,646.318142170911,4448374,-0.7742646001982711,0
2020-01-22,647.7899780273438,654.3502920249273,644.2574854641315,646.3181104038944,9733935,1.0098327017873832,0
2020-01-23,659.6910400390625,660.658287856233,653.2569067378898,653.5933028182379,12528017,1.8371790881915206,0
2020-01-24,658.3453979492188,661.4994001751013,650.6496119841967,652.4579271275713,7540490,-0.20398065278619537,0
2020-01-27,654.4343872070312,660.069547881193,651.3224795424171,655.2334113376766,3741610,-0.5940666942262363,0
2020-01-28,654.350341796875,657.5463871839612,649.3039381326317,656.8735436289966,5121009,-0.012842450182815046,0
2020-01-29,664.190673828125,666.7979612049103,659.606848040858,661.5833351166798,6832757,1.5038323360889505,0
2020-01-30,656.6211547851562,664.1907593716351,654.3502631422793,664.1907593716351,3859680,-1.139660543461285,0
2020-01-31,652.6259765625,660.1955798831523,648.9673041567233,656.4948643925258,6092028,-0.6084449447815055,0
2020-02-03,645.4349365234375,665.242057181126,642.9958213109562,657.7144960957066,6416745,-1.101862367927653,0
2020-02-04,662.634765625,664.35899443358,647.7058229908439,647.7058229908439,5771311,2.664843213199375,0
2020-02-05,659.8591918945312,661.0787494728322,651.3223915157496,656.8734139163893,6310409,-0.4188693190359305,0
2020-02-06,648.7570190429688,661.7515146427088,647.6215991108578,659.6908901967885,7341622,-1.6825063571042964,0
2020-02-07,653.761474609375,655.0651184033688,648.4627619189931,652.6260545095304,2853344,0.7713913560100982,0
2020-02-10,650.313232421875,654.3503451067559,647.411540033323,650.986075980243,3827682,-0.5274465262059547,0
2020-02-11,650.6074829101562,655.2753953206621,646.9488613454889,655.1913091396193,4312817,0.04524750129801802,0
2020-02-12,656.91552734375,658.7658854536431,651.9111672288124,652.4999245366876,2948825,0.9695622321123532,0
2020-02-13,666.3355712890625,667.8074390703889,657.8828551546657,660.237833337853,4387430,1.4339810147893095,0
2020-02-14,661.457275390625,672.1808816342858,659.9012703505496,668.2278557324347,5321680,-0.7321079811183129,0
2020-02-17,663.9804077148438,667.3446759899614,658.8078247079864,664.6952941894423,2929629,0.3814505362766951,0
2020-02-18,670.8773193359375,672.0547826971391,659.1023777158924,660.2377979810996,5083346,1.038722158207972,0
2020-02-19,673.232177734375,676.9328422135535,669.6155994322401,672.8536872683541,3985192,0.35101177675351813,0
2020-02-20,670.3305053710938,677.9841957517539,667.6811233668155,675.587174955246,4564569,-0.4310061906200424,0
2020-02-24,669.3633422851562,682.6101513124851,666.2514345655202,672.9378780544355,6627536,-0.1442815265287778,0
2020-02-25,671.508056640625,677.9001466709008,668.9848551021477,672.0126764144537,6996695,0.32041108617433256,0
2020-02-26,658.3453979492188,674.0733659825542,656.4529966136893,667.765361530789,8760569,-1.9601639267376014,0
2020-02-27,654.2240600585938,656.6631753198726,649.4720614766744,654.3502406645673,5223386,-0.626014536360886,0
2020-02-28,615.4088134765625,636.5195773633094,607.2924953467252,630.8003312931837,14123957,-5.933020344521545,1
2020-03-02,623.2727661132812,644.1733144136376,617.1329865312487,619.866454614692,9821523,1.2778420562900017,0
2020-03-03,628.2772216796875,638.3700284536584,623.4410851004932,635.0057595290015,7826587,0.8029318523916862,0
2020-03-04,638.15966796875,640.4726025149299,627.0575718801535,634.0805130302612,11013444,1.5729435905127875,0
2020-03-05,634.669189453125,650.607420670565,632.272168841398,642.3649736649388,7755293,-0.5469600620069182,0
2020-03-06,621.5066528320312,625.7540321651428,613.2221096430209,623.2308304225414,9216022,-2.0739208456669433,1
2020-03-09,592.48974609375,610.4885517564255,586.2237857495801,609.353131672268,10308654,-4.668800664652483,1
2020-03-11,576.9719848632812,585.3406121118303,562.7158883814333,580.8829671021214,16165009,-2.6190767574926666,1
2020-03-12,530.881591796875,563.5149867317193,527.769633095752,561.8328524429679,13965574,-7.988324264535618,1
2020-03-13,540.2594604492188,560.9917861223903,479.40827299814464,497.9117502015818,16903113,1.7664708660555473,0
2020-03-16,490.46832275390625,523.2699411824093,487.8189407315845,523.1437605776648,19140152,-9.216152856242775,1
2020-03-17,466.7501220703125,497.91164282836655,462.58683033040813,494.63146113398045,16059887,-4.835827225379119,1
2020-03-18,449.3821716308594,486.1368166515516,444.0834588097219,477.72614508318566,15390183,-3.7210382211398274,1
2020-03-19,458.8441162109375,469.31541118990197,428.3133927391713,428.3133927391713,16583991,2.1055451634272915,0
2020-03-20,492.1924743652344,519.3168881847324,460.9047681576718,462.16636880043916,21354894,7.267905804193897,0
2020-03-23,442.7798156738281,471.7966326299263,433.9065674223022,454.17626539979733,17146150,-10.03929585781096,1
2020-03-24,496.06134033203125,505.60748223709646,439.0370040906388,439.0370040906388,20027097,12.033413171085638,0
2020-03-25,509.8549499511719,534.0776751888671,475.79172814778747,502.11712139803734,18339548,2.780625801218073,0
2020-03-26,540.8060913085938,547.4084468505824,514.8170999793414,517.256214859697,14843813,6.070577790876808,0
2020-03-27,548.9645385742188,567.6362395542232,540.1753765977544,559.3516973334354,13495283,1.5085716297839724,0
2020-03-30,527.0968017578125,558.0480631150446,522.3867948402923,525.7510634950928,14624804,-3.9834516220668026,1
2020-03-31,539.5444946289062,556.7863685804145,532.9841821240443,546.6935643161171,15175521,2.361557275548254,0
2020-04-01,506.99530029296875,536.1803425380521,499.5939191648673,533.5309603116438,13083824,-6.0327173495347335,1
2020-04-03,492.6130676269531,509.6867214617925,489.62728934406925,507.5840534689633,10221655,-2.83675857699367,1
2020-04-07,537.4418334960938,541.8574354144889,515.4900044927924,517.2562247262874,15145605,9.100198272265203,0
2020-04-08,531.2179565429688,551.4456612406818,526.8023542952592,529.8722697251504,11806896,-1.1580559169795723,0
2020-04-09,535.1290283203125,549.0486807939698,531.6385787608582,544.0022773834835,11931114,0.7362461545532106,0
2020-04-13,536.0963134765625,548.1235655081539,526.5501688933617,529.031327676426,8330276,0.1807573697293563,0
2020-04-15,537.4839477539062,549.4691545480491,534.5822558420756,547.8711577762954,11963447,0.2588404811711964,0
2020-04-16,524.6997680664062,533.9936019754227,507.5840705622592,521.4196366879324,17783287,-2.3785230686281578,1
2020-04-17,528.8209228515625,543.3293298800944,526.5079883977386,541.6471957318588,8878320,0.7854310285562605,0
2020-04-20,549.4691772460938,555.9454047851077,537.4419268648772,538.2829940430695,13322913,3.904583480394397,0
2020-04-21,532.5638427734375,543.7500279776591,528.0220586648118,528.0220586648118,11660575,-3.076666567064734,1
2020-04-22,539.8389282226562,542.488310271803,528.2322118512158,532.5637281957789,8266728,1.3660494507723664,0
2020-04-23,571.3369140625,574.995587025574,536.6849366494273,544.2124980318446,14451289,5.834700721481201,0
2020-04-24,553.422119140625,567.7202589968417,550.730694312523,562.2953662550512,7319940,-3.135592061519632,1
2020-04-27,558.9732055664062,572.7667273161079,555.9874274603991,555.9874274603991,7183306,1.0030474449415294,0
2020-04-28,555.6930541992188,569.4024379327346,549.2588702234253,566.0381694663669,7296571,-0.586817281136709,0
2020-04-29,569.02392578125,573.6077516589464,553.4221416298926,560.1506783062439,8639056,2.398963147243527,0
2020-04-30,601.7835083007812,605.5683102397799,587.1489202694552,588.7469682886748,16253821,5.757153791829306,0
2020-05-04,566.6268310546875,589.7561728561767,563.8092258889862,580.1679888118795,9122740,-5.842080542446815,1
2020-05-05,566.6268310546875,576.6354972516303,563.5148729817381,573.3974099332835,6393053,0.0,0
2020-05-06,560.0665893554688,573.1451721883653,558.5105844559789,569.318327239592,7934250,-1.1577711007803693,0
2020-05-07,559.2676391601562,567.1736399581171,557.1649711817623,559.7722589411038,4779548,-0.14265271496233245,0
2020-05-08,567.0474243164062,572.6825839071761,562.2533317888959,565.4073332761186,8400321,1.3910665684023549,0
2020-05-11,574.36474609375,587.5274154760135,570.2434967485754,574.0282987181456,7370186,1.2904250091894998,0
2020-05-12,578.3598022460938,581.1773564504479,568.1408166168994,570.6640178750056,7356039,0.6955608225459597,0
2020-05-13,583.8267822265625,588.6629183350881,575.0796633398852,584.3734450728143,8287101,0.945255870002959,0
2020-05-14,553.54833984375,564.9868320237259,548.8803763082393,554.2632263545,16888262,-5.186203049359683,1
2020-05-15,548.628173828125,559.1415147773635,543.9182176167352,559.1415147773635,9255353,-0.8888412558537895,0
2020-05-18,558.384521484375,563.9775874320625,549.21686868607,554.9781583367356,10435442,1.7783169224018902,0
2020-05-19,562.3374633789062,567.552089859209,550.8989709286053,558.4685751093036,5902208,0.7079246903232583,0
2020-05-20,563.1364135742188,566.0381050632426,554.8098808681391,562.253303469209,5794636,0.14207664389134234,0
2020-05-21,565.3654174804688,571.4631550619894,559.6461704295631,560.5713238735805,7213225,0.3958195301388079,0
2020-05-22,582.3128662109375,585.2566014656595,566.4587697300877,567.72037055354,11867731,2.9976097239895694,0
2020-05-26,572.3883056640625,588.28449719359,571.0846616959029,582.859603174169,7099606,-1.7043347524593244,0
2020-05-27,593.3308715820312,596.4848736090092,567.7203648560363,577.0141472285978,8774636,3.658803946679523,0
2020-05-28,594.970947265625,597.1577014129889,580.3363577112145,594.6344998577227,9440091,0.2764183969090839,0
2020-05-29,589.088623046875,597.4432703910662,575.405750096254,590.3673971924181,28290128,-0.9886741942247923,0
2020-06-01,596.3775024414062,602.4303967037439,589.5147596804482,595.6955001109372,12276438,1.237314575323456,0
2020-06-02,603.6666259765625,606.6930997401761,594.6725915821884,597.1875244687976,7059304,1.2222331501970718,0
2020-06-03,598.0825805664062,606.9061522562504,593.3511272429256,605.8831226646595,11378568,-0.9250213892680992,0
2020-06-04,603.3681640625,604.8174515852697,594.6298755684829,598.4661973463441,10782424,0.8837547970529602,0
2020-06-05,599.7876586914062,606.7356853368517,597.2727259283245,602.7288494809951,7718679,-0.5934196705020156,0
2020-06-08,614.5360107421875,618.7559744764742,600.171139925249,603.2828434953383,10719105,2.458928895429202,0
2020-06-09,611.7655029296875,621.995695634421,609.5915973866217,613.8115622840146,10078029,-0.4508292051354279,0
2020-06-10,610.2736206054688,613.3427097414555,604.6044198419748,609.5490027442587,7263049,-0.24386506219691295,0
2020-06-11,600.1284790039062,608.1847633338028,596.9741602886613,606.991220457732,8825715,-1.662392287495118,0
2020-06-12,589.983642578125,592.6264731974438,575.8745142565444,576.1302586304287,9795316,-1.6904440933414255,0
2020-06-15,586.1473388671875,600.5122640371706,584.1865625626119,590.793561263612,7857344,-0.6502389954700316,0
2020-06-16,597.7843017578125,606.9914652624055,596.0366541535651,598.4663042334391,10131760,1.9853306701204332,0
2020-06-17,599.8729248046875,605.5421251792208,595.0561884259687,596.6759896949491,7291916,0.3493940942800533,0
2020-06-18,608.6112060546875,610.9129576764952,601.8763086992066,603.7518543454688,6670195,1.4566887233400383,0
2020-06-19,601.49267578125,606.9061838028125,597.6137382435629,604.4338664974124,22438862,-1.1696350975170633,0
2020-06-22,599.91552734375,604.1781073987241,596.7612076963795,602.8140505610636,7804096,-0.26220575927238254,0
2020-06-23,614.3656616210938,617.6478273297574,590.0262887724396,593.0953775196116,12157390,2.408694827640945,0
2020-06-24,608.82421875,619.6085130972523,604.7747684381621,611.1686373515903,10220838,-0.9019779615403345,0
2020-06-25,597.1875,601.5353110924012,591.2198875802998,600.8959240474334,14945284,-1.9113429445845265,0
2020-06-26,637.8524169921875,640.7509398784986,605.2862986844485,605.4568122738649,26030458,6.809405252485612,0
2020-06-29,623.8285522460938,634.8686443085215,622.4218801020619,626.9402563060698,8954428,-2.1986065071641026,1
2020-06-30,627.4090576171875,629.9666051973649,617.4346116478082,624.7236118446258,10411290,0.5739566357138015,0
2020-07-01,623.9564819335938,632.8226171237593,622.1235517180992,628.5174217254794,5477468,-0.5502910169493225,0
2020-07-02,645.013671875,652.5584707137511,626.9403718615391,628.6027366592303,17263756,3.3747850292622283,0
2020-07-03,650.2138061523438,651.3220662772804,641.518134651379,643.6494241352707,7796572,0.806205279684602,0
2020-07-06,651.3222045898438,660.6998803103781,649.1909146533586,652.3452341660457,8810958,0.17046676447227682,0
2020-07-07,677.0255737304688,679.4126080233551,652.6435859361666,655.9258036181499,19362533,3.9463369987226438,0
2020-07-08,660.444091796875,669.1397645634188,658.3128020027929,669.1397645634188,8476642,-2.449166261508906,1
2020-07-09,666.4117431640625,673.4876152978444,660.6998757668727,664.9624556105299,6854166,0.9035816114201678,0
2020-07-10,666.5396118164062,673.4024072228784,659.4211240508266,659.4211240508266,5206452,0.01918763492021469,0
2020-07-13,679.4978637695312,686.573736125106,670.1201878195426,671.7826044173664,10804688,1.9441083055532271,0
2020-07-14,667.733154296875,687.4689204303594,666.1133530900535,676.0025698700881,8961822,-1.7313828490042926,0
2020-07-15,708.3982543945312,723.3172859485203,677.5797769710528,681.1603549507006,30060599,6.090022613970203,0
2020-07-16,776.64208984375,814.5790525199815,762.3624465892135,767.349644464732,90432109,9.633540882670143,0
2020-07-17,769.949951171875,784.2295961184561,760.5722738935232,776.6421818707715,31682878,-0.8616760228925213,0
2020-07-20,796.5057373046875,805.6276694715315,773.0189304691123,774.5108335607263,18421053,3.4490275754150312,0
2020-07-21,798.5942993164062,809.6343910427079,792.1578144363707,805.627555755542,12877784,0.26221556404431023,0
2020-07-22,782.5244140625,800.5124798572022,775.7895172205048,800.4698644662415,14354201,-2.012271470966176,1
2020-07-23,774.041748046875,780.733976410741,767.8183929766379,780.6061302579891,13051307,-1.0840129538689958,0
2020-07-24,786.7443237304688,789.2166407991177,770.0350319220125,770.0350319220125,18209580,1.6410711328744165,0
2020-07-27,808.5687866210938,812.2772102977073,783.1638209814028,785.6360860879965,16827870,2.7740222880974885,0
2020-07-28,820.8448486328125,824.8516834528531,802.3879120764714,806.4799776663999,15818463,1.5182458456031833,0
2020-07-29,813.42822265625,818.4154208134515,804.4341365611746,812.6609373858569,11152710,-0.9035356668090855,0
2020-07-30,819.6514892578125,829.1996785226145,817.3496857335426,820.1203626343344,12492320,0.7650664715370237,0
2020-07-31,823.5304565429688,840.9644191611527,812.7034929291409,826.3011335447954,12704346,0.47324592659114817,0
2020-08-03,815.7725219726562,823.0189074464298,807.7162359510077,818.415300567361,8479792,-0.942033716989521,0
2020-08-04,809.7623291015625,827.5373195212177,801.8339404408111,818.7990302264573,11133170,-0.7367486289634018,0
2020-08-05,805.371826171875,819.2252103215355,799.9157032934003,811.5951821831875,9614176,-0.5421964904886112,0
2020-08-06,827.6651000976562,830.6915733865991,803.4962934115978,812.8739689845713,10976491,2.768072237111463,0
2020-08-07,810.6575317382812,826.4716940391913,809.0377304319395,826.4716940391913,8010948,-2.0548852860134192,1
2020-08-10,811.0410766601562,815.68729927185,805.8833652612906,808.9524540846645,5716319,0.04731281791123809,0
2020-08-11,808.5687866210938,820.1203676717353,806.5653428604561,809.8049451911135,6802442,-0.3048292016531784,0
2020-08-12,814.110107421875,817.3922729779498,803.2405291853771,808.1851112313698,6908726,0.6853245997706203,0
2020-08-13,810.9131469726562,825.661661863057,808.3982146222446,813.982183446535,5097703,-0.3926938653719514,0
2020-08-14,812.9591674804688,820.9728380106686,811.6377781998088,814.8773283169422,4663873,0.2523106840049083,0
2020-08-17,816.2841186523438,829.0292440186709,813.3855432662033,813.3855432662033,9008210,0.40899362537232253,0
2020-08-18,824.851806640625,826.2584787879165,817.3070612084666,821.7401546068832,6141761,1.0495963099742989,0
2020-08-19,817.818603515625,828.2619247087329,816.241469699841,827.7078205185552,6622744,-0.8526626320483066,0
2020-08-20,814.2806396484375,823.1041590171701,810.9984219838175,817.4775744970283,5656501,-0.43260985406525787,0
2020-08-21,808.8673095703125,821.3566919326653,806.9491482402658,821.0156646606079,6513773,-0.6647990649098823,0
2020-08-24,807.6736450195312,811.5951976401286,800.6830037087991,807.3326178205901,5798574,-0.14757235663478419,0
2020-08-25,799.7451782226562,808.7392629683003,795.9088565131773,807.7588488291673,6233918,-0.981642380652803,0
2020-08-26,810.5722045898438,813.5133952045035,800.0010373812659,802.4306871744709,5153601,1.3538095210838819,0
2020-08-27,807.3751831054688,819.2251750817397,805.7980494834962,818.4152745596017,6154280,-0.3944153853625787,0
2020-08-28,797.3154907226562,812.0213899100028,795.4399453471472,811.1262586270263,7593610,-1.245974931272864,0
2020-08-31,791.6463623046875,810.3164841198824,779.7111379199654,797.3156147008101,12808355,-0.7110270004700991,0
2020-09-01,779.3274536132812,797.1023898352681,777.5797543403642,789.64287549189,6907773,-1.5561125873859494,0
2020-09-02,787.7247314453125,789.7707905221844,778.7733140425248,780.0520879572088,5678118,1.0775031462189721,0
2020-09-03,797.5712890625,809.3786662262877,787.7247402164828,789.8560300980209,8827948,1.2499998062928785,0
2020-09-04,783.5900268554688,792.4135457935314,779.5831916341169,780.0520649823359,8650342,-1.7529796268701436,0
2020-09-07,788.619873046875,790.7511629324314,778.3896815962045,783.3769311484731,6700385,0.6418976785081076,0
2020-09-08,800.7682495117188,811.5952128631155,789.0461547881181,792.7972459130488,12891964,1.5404603510570825,0
2020-09-09,790.921630859375,806.4800461255389,789.4297280256333,797.1023711705908,5528947,-1.2296464874010482,0
2020-09-10,801.4076538085938,803.070070411996,788.4067848343019,797.3582028166012,5171884,1.3257979729072833,0
2020-09-11,806.224365234375,813.4281356054228,793.6923700376182,797.0172031422388,6671903,0.6010313730958838,0
2020-09-14,834.1016235351562,844.885919046928,808.4408623049452,815.8577614521076,21871587,3.4577543799085175,0
2020-09-15,837.5543212890625,847.4008702906807,828.3471592620098,835.0393887824163,11608203,0.4139420972797847,0
2020-09-16,854.0078735351562,857.3327066338223,837.1706831160703,840.5807469984169,10059251,1.9644758349250058,0
2020-09-17,861.8937377929688,870.4188984041751,848.2534808150385,848.2534808150385,15628241,0.923394795550192,0
2020-09-18,854.3489990234375,868.5433603465962,851.7487833872559,861.8937454177194,12897633,-0.8753676281313849,0
2020-09-21,860.9558715820312,878.943937164553,852.9422009050778,853.3684588765447,14140637,0.7733224438895236,0
2020-09-22,858.9098510742188,871.6975907924453,845.0138509871017,860.1886250460414,12625762,-0.23764522379676745,0
2020-09-23,869.3532104492188,884.05911177822,859.4213780136444,869.6942376702272,13486204,1.2158853879645992,0
2020-09-24,831.5441284179688,860.1886452460848,826.9405211979209,855.073549238675,14427432,-4.349104780059765,1
2020-09-25,862.2772827148438,865.2184731991076,831.2030654016025,831.885067766525,13311078,3.6959138122165003,0
2020-09-28,861.3821411132812,866.2841078509341,851.2371804428481,865.133180092462,8554526,-0.10381133998383918,0
2020-09-29,860.1886596679688,876.3864639630048,856.0113103785012,867.8613038077226,8708463,-0.13855423607576078,0
2020-09-30,859.5492553710938,872.9337669524186,856.7785783763444,860.188642369882,8048817,-0.07433303028219207,0
2020-10-01,867.5628662109375,875.1076114583554,862.5330013570299,870.0777466044478,5563358,0.9323038545806295,0
2020-10-05,894.0335083007812,899.3191700634624,867.9039235150535,867.9039235150535,14212509,3.0511497345954597,0
2020-10-06,900.0436401367188,903.6668326260212,879.2422318553475,899.4042532268419,9090819,0.6722490577965479,0
2020-10-07,909.2510986328125,913.8972698049645,882.7804317938813,890.7941040402542,9284008,1.023001339656715,0
2020-10-08,932.3965454101562,958.2278173443204,927.8782738361141,929.2422783855064,21482613,2.5455505978652315,0
2020-10-09,943.5647583007812,949.1061123470237,927.9210063167188,933.5902585774076,10567867,1.1977964682089448,0
2020-10-12,965.1334228515625,971.8683206236509,948.0831014371125,957.3755474213684,14633537,2.2858700858670478,0
2020-10-13,987.04296875,994.0762250539962,968.0744896271012,968.0744896271012,17523825,2.270105394723987,0
2020-10-14,969.3107299804688,993.095948125823,964.2808645700048,990.6236308155715,16649573,-1.7965011991309288,0
2020-10-15,944.8009033203125,1011.0840255699442,931.3737756620269,1005.9689293191688,44288251,-2.5285830334974335,1
2020-10-16,961.2119140625,968.4156335655179,935.1249419088639,949.5750483471644,18365685,1.7369808479769988,0
2020-10-19,959.847900390625,971.0158405173465,950.8112505196483,967.6057761081548,12902123,-0.14190561435200033,0
2020-10-20,969.73681640625,975.8748891338935,946.292629635989,953.880041804104,10448776,1.0302586494798316,0
2020-10-21,978.9866333007812,984.1017288071033,967.6055666125916,972.8485603199485,19811433,0.9538481717967784,0
2020-10-22,962.5332641601562,987.2135615727149,958.0575550079483,973.5733051088432,11271335,-1.6806530938170527,0
2020-10-23,967.2291870117188,978.0001133704238,965.2042738932478,976.2767651530311,9069862,0.4878712275632191,0
2020-10-26,958.5693969726562,973.3471301581686,950.555890230411,967.0138459886165,6309368,-0.8953193467845177,0
2020-10-27,939.9573364257812,956.1998750332847,928.152441251482,952.7531780265001,10172479,-1.941649775765364,0
2020-10-28,927.6354370117188,951.9346082927075,922.0345545008315,943.9641216425988,7608392,-1.310899860723136,0
2020-10-29,926.1705322265625,932.3315240555805,913.4608372359711,921.9914332157773,6935616,-0.1579181569297594,0
2020-10-30,913.8916625976562,933.7101697856597,906.7828502367421,923.7147698060699,8800386,-1.3257676855024991,0
2020-11-02,923.9732666015625,930.564989940065,905.7057108486894,917.683003004685,7183119,1.1031508893789566,0
2020-11-03,915.5718994140625,930.0910876342429,911.2204029336852,923.7146779620905,7204782,-0.9092651801930196,0
2020-11-04,942.62841796875,961.6283755268847,919.2340483571605,920.2680152891693,15702690,2.9551495160568875,0
2020-11-05,951.2882690429688,967.6600780210633,946.9798982592597,956.3721676047122,9568890,0.9186919160446783,0
2020-11-06,958.8280639648438,966.0230232326201,940.6897781286392,954.7351110968742,8807127,0.7925878166731071,0
2020-11-09,979.3357543945312,987.4785326817189,966.0659520283349,973.0886170804454,10160320,2.1388287640316195,0
2020-11-10,940.1297607421875,959.7758711207026,928.8848693683806,959.7758711207026,15622869,-4.003325057460261,1
2020-11-11,967.2291870117188,970.5466112932344,936.6397561529963,944.3948231312639,12514800,2.882519775582626,0
2020-11-12,963.1361694335938,984.0317651470938,959.6894732334288,972.0544748145564,9180976,-0.4231693618314436,0
2020-11-13,968.694091796875,976.2768668169616,962.4900796421414,965.0751022374202,6363212,0.5770650651142795,0
2020-11-14,976.6646118164062,982.0070551418073,974.6396984172352,979.723597400256,1136144,0.8228108426620473,0
2020-11-17,968.2632446289062,986.6169469384652,958.7418079462105,986.4015283910987,12813968,-0.8602100542862035,0
2020-11-18,956.9322509765625,976.0182488846101,949.0909322143051,972.3992595980534,9839468,-1.1702389525987233,0
2020-11-19,945.0411376953125,960.5081468378191,942.4992409899427,947.8415787233588,10092343,-1.242628542314772,0
2020-11-20,950.7282104492188,955.5966907311198,940.1727014668417,953.0116681231907,8063554,0.6017804439471641,0
2020-11-23,982.1793823242188,986.4447330138761,949.5219068964183,952.1500554582732,10546363,3.308113878322727,0
2020-11-24,982.3515625,995.1474013624497,976.5782831381923,986.616807059209,8515426,0.01753042049954523,0
2020-11-25,961.326904296875,985.3245112783601,957.5355165352668,979.7236286169614,8958701,-2.1402376710857984,1
2020-11-26,959.2157592773438,965.032060624021,946.3768967488529,965.032060624021,10962256,-0.21960739994844047,0
2020-11-27,947.8416137695312,965.936771850586,940.0865460205079,963.3517492675782,25306145,-1.1857755043955476,0
2020-12-01,980.4560546875,982.5240939885103,952.1932015231857,952.1932015231857,8933802,3.440916756995116,0
2020-12-02,983.0840454101562,988.7279479050462,965.9367090212515,977.1384728190003,6741637,0.2680375841519922,0
2020-12-03,970.6328125,988.340258507969,967.4015344098475,988.340258507969,16212632,-1.2665481622134767,0
2020-12-04,977.6987915039062,979.7237051257265,960.7668700221504,969.3836132510487,10564055,0.7279765234503799,0
2020-12-07,985.324462890625,993.5103679168261,978.8619062909926,988.5988669750417,7792141,0.7799612163771785,0
2020-12-08,993.81201171875,1005.5738867004161,986.6170525038359,986.6170525038359,12308330,0.8613963367178901,0
2020-12-09,1012.6392822265625,1016.3445226450203,996.9568568887568,1006.4783970340936,10039346,1.8944498844657431,0
2020-12-10,1006.2200317382812,1009.5805821041114,990.925314921022,997.3017249409595,9488782,-0.6339128454672216,0
2020-12-11,1002.2994384765625,1009.8390881110338,995.4491703111808,999.283578622774,10574009,-0.38963577925851256,0
2020-12-14,1003.4625244140625,1010.3989371804107,989.3740700062275,1007.6416223838826,6728187,0.11604176285560097,0
2020-12-15,994.88916015625,1002.7303755205074,992.6488279357271,996.0955252549484,6905926,-0.8543781206795553,0
2020-12-16,1004.4534912109375,1007.2109115376816,994.0272552754861,999.5419907441441,7788404,0.9613463929173172,0
2020-12-17,998.8527221679688,1007.2110252833137,996.2676994861832,1004.6260026015282,6658153,-0.5575936658069325,0
2020-12-18,1025.219970703125,1029.7006343182745,1012.9841343643415,1019.2312721039293,15995676,2.639753384055177,0
2020-12-21,1014.4489135742188,1042.4101947655447,992.6916435450144,1023.6687839483093,10858352,-1.050609375226974,0
2020-12-22,1051.6734619140625,1054.5600497238047,1013.415102729625,1018.4990020339384,10901851,3.6694354778980642,0
2020-12-23,1079.720947265625,1084.7185947409778,1060.3332768878963,1066.7527078945845,15878346,2.6669385857199135,0
2020-12-24,1065.072509765625,1077.0066772141781,1056.4126413899178,1077.0066772141781,7313885,-1.3566873493653042,0
2020-12-28,1068.7344970703125,1075.3693459932929,1065.0292561279728,1067.1403157348757,4607051,0.34382516411894937,0
2020-12-29,1077.3515625,1080.9274271722056,1064.167901884489,1064.167901884489,6878105,0.8062868236506926,0
2020-12-30,1074.33544921875,1079.9363315947858,1066.881946250596,1079.6777872573402,5194690,-0.2799562729784433,0
2020-12-31,1082.090576171875,1084.3309082075723,1067.614406551476,1071.0611035863476,7430470,0.7218533986535158,0
2021-01-01,1086.097412109375,1090.4489097298501,1082.0907104569906,1083.9002055878834,4253550,0.37028655694193446,0
2021-01-04,1110.0517578125,1111.5596876212885,1086.7004086676557,1093.4645299158258,7208454,2.205543023677947,0
2021-01-05,1114.833984375,1119.3146475877952,1098.6775951199797,1104.666187996577,8145280,0.43081113370100343,0
2021-01-06,1104.7525634765625,1121.8999025322664,1092.6461030616813,1120.17655398767,7161715,-0.9042979528552264,0
2021-01-07,1087.56201171875,1118.1514429822316,1081.8318577831321,1116.729659647104,10954918,-1.5560544800833354,0
2021-01-08,1130.602783203125,1134.6527153635936,1101.4351303405995,1101.4351303405995,13186251,3.957546422236158,0
2021-01-11,1185.8358154296875,1191.9968060794633,1154.6432561072857,1156.452750620937,20528626,4.885272975366384,0
2021-01-12,1182.001708984375,1187.3871733045153,1171.8770360625115,1187.3871733045153,8309868,-0.3233252357050076,0
2021-01-13,1195.271484375,1200.1399650362782,1171.8770069132547,1183.8111745128651,14442997,1.1226528091932142,0
2021-01-14,1180.92431640625,1192.5569163854432,1136.0741388569866,1171.8767386446552,27521697,-1.2003271354082412,0
2021-01-15,1158.90869140625,1175.7113385699836,1154.6434461232384,1171.8769303937345,15018441,-1.8642706136323128,0
2021-01-18,1130.559814453125,1154.6435692146695,1125.3466428316106,1152.9202206039013,8861765,-2.4461700186859225,1
2021-01-19,1134.523193359375,1146.8881953147215,1130.5163878684557,1137.4097804774099,5585744,0.3505678209663854,0
2021-01-20,1154.16943359375,1161.8814805840243,1137.883875806407,1137.883875806407,8225838,1.7316737418299644,0
2021-01-21,1154.3848876953125,1172.7817160773957,1150.3350610151126,1163.2601740602263,6142421,0.01866745863228214,0
2021-01-22,1155.375732421875,1168.4301164859517,1143.053855513784,1143.441566797093,9646591,0.08583313391608005,0
2021-01-25,1141.8043212890625,1161.4505327125012,1131.3780857852798,1158.9516568021336,6542611,-1.1746318320503768,0
2021-01-27,1121.0380859375,1143.9155770365226,1107.3374457103669,1137.0652043305388,8133665,-1.8187210334007164,0
2021-01-28,1099.668701171875,1117.117605772038,1096.5236741202204,1113.1109044191408,4660690,-1.9062139844922665,0
2021-01-29,1067.6572265625,1112.5504215473718,1060.7207086924936,1108.328197851925,12183519,-2.9110107958207454,1
2021-02-01,1086.4849853515625,1101.176466884617,1069.3376482785413,1077.566678701436,8880279,1.763464745111265,0
2021-02-02,1095.403076171875,1115.3508503757043,1088.8112490128158,1102.9427236971485,6892490,0.8208204384367868,0
2021-02-03,1106.949951171875,1123.6233284520413,1096.9114241713562,1100.91823085043,8182968,1.0541211040189014,0
2021-02-04,1102.383056640625,1114.4896233101595,1096.0928970079221,1107.2515377462862,5032240,-0.41256558405511345,0
2021-02-05,1096.1357421875,1110.4826388299136,1087.4328536980415,1108.4577254721191,5477481,-0.5667099485511806,0
2021-02-08,1123.2354736328125,1128.7932302881572,1099.0654696431639,1107.682211859104,6921922,2.4722970342369255,0
2021-02-09,1124.9588623046875,1147.7501042069305,1118.3239074502417,1126.1221015084686,7965949,0.15343075537856965,0
2021-02-10,1117.160400390625,1123.924520613257,1106.0447841627324,1116.5572706324872,5951207,-0.693221963520152,0
2021-02-11,1113.8431396484375,1116.7297270881256,1105.5710886329,1110.6980078831743,4673317,-0.29693683566187623,0
2021-02-12,1128.6209716796875,1140.641285360827,1121.5121591363622,1124.484893216906,5797875,1.326742653899582,0
2021-02-15,1128.4915771484375,1144.6479675405958,1126.2942659811706,1137.4098836079422,4363513,-0.011464834917729316,0
2021-02-16,1111.904296875,1137.1944110642016,1108.1129097393925,1132.2397849125675,6896421,-1.46986301088321,0
2021-02-17,1104.0631103515625,1115.4371668503802,1098.6345212315448,1111.9043239367195,4575741,-0.7052033655661871,0
2021-02-18,1113.670654296875,1125.3463804868834,1098.6344832471489,1099.4961573516564,6437551,0.8701988007056238,0
2021-02-19,1112.6800537109375,1119.7457408210937,1100.1857764951576,1116.816027195596,5389696,-0.08894915046162577,0
2021-02-22,1090.190185546875,1127.543847285139,1085.7095216584119,1115.8681194822566,7371303,-2.021234054574428,1
2021-02-23,1091.1810302734375,1112.4213189416287,1083.5983609236966,1095.3171082349922,6612942,0.09088732770654584,0
2021-02-24,1098.0313720703125,1100.0131594333943,1078.8159971399741,1085.7525158728329,4537258,0.6277915035929782,0
2021-02-25,1098.246826171875,1119.960972603115,1096.0495150230138,1110.2240126677355,8788221,0.01962185298551855,0
2021-02-26,1079.9361572265625,1098.0313127505435,1072.5688018321553,1093.4643980919905,15132388,-1.6672635430359017,0
2021-03-01,1091.7413330078125,1106.8206331874785,1084.8479386399652,1088.5531801866234,5756286,1.0931364509146002,0
2021-03-02,1124.05419921875,1128.7934081844096,1102.253795902772,1104.881944766763,10461434,2.959754772855727,0
2021-03-03,1157.702392578125,1160.6751264405077,1127.0698332473528,1136.7205420391444,9056399,2.9934671640176713,0
2021-03-04,1146.3280029296875,1175.19408238463,1142.4935956431812,1150.3348081297995,12041941,-0.9824968594137173,0
2021-03-05,1134.566162109375,1154.6432092394816,1124.5277437291406,1144.733957816904,6486176,-1.0260449705714714,0
2021-03-08,1150.981201171875,1159.899507241126,1134.997104236077,1141.5459116696643,5119392,1.4468119718978212,0
2021-03-09,1159.42578125,1163.6479007526516,1136.33287023034,1145.5958680350614,6518173,0.7336853173211866,0
2021-03-10,1178.899658203125,1183.9404315800884,1167.568620663042,1169.205822791716,7925984,1.6796139320043313,0
2021-03-12,1184.6724853515625,1199.191671306378,1180.536513236307,1183.078409478449,9462061,0.48967926220595537,0
2021-03-15,1183.5955810546875,1189.0241702261578,1170.5843225404135,1180.4935751787755,6658635,-0.09090312387524113,0
2021-03-16,1192.5572509765625,1211.51408589093,1189.5413908765495,1194.3237253947968,9352771,0.7571564194156055,0
2021-03-17,1195.1422119140625,1206.3439774186643,1190.8338405661386,1199.6660018293824,7626744,0.21675780641836617,0
2021-03-18,1152.1446533203125,1200.9585220891945,1131.809161445135,1200.9585220891945,10961755,-3.597693911663269,1
2021-03-19,1158.477783203125,1167.740780430042,1135.6865437280399,1146.026633655761,12767112,0.5496818359189026,0
2021-03-22,1181.18310546875,1185.6637695004824,1151.2829458450037,1163.3463853602702,4862758,1.9599272938015222,0
2021-03-23,1181.8291015625,1191.9106460118596,1171.5320334128635,1182.60452407028,7165335,0.05469059714442448,0
2021-03-24,1166.4915771484375,1180.8814958046016,1160.0290199343187,1170.0244207218523,6134303,-1.2977785361508398,0
2021-03-25,1149.3009033203125,1165.4141661686415,1143.958461037334,1160.4595403235624,8749994,-1.473707497327048,0
2021-03-26,1151.3690185546875,1169.0333395716661,1147.750029005632,1158.6932492202639,4922071,0.17994549803277415,0
2021-03-30,1193.67724609375,1206.3438140675257,1151.3259404414841,1160.5889375852169,10546381,3.674601874572936,0
2021-03-31,1178.8134765625,1196.0038354373928,1174.7205239556358,1190.8337900392485,8220987,-1.2452084162524635,0
2021-04-01,1193.5909423828125,1199.1056777574358,1181.3552120200663,1189.1102790573973,5675155,1.253588130278649,0
2021-04-05,1214.8743896484375,1227.88564811075,1195.1420308277966,1198.588727383897,9479572,1.7831441668898718,0
2021-04-06,1215.865478515625,1228.7474663306377,1211.9016928634576,1226.162443610447,5793571,0.08157953411744856,0
2021-04-07,1232.3665771484375,1236.4595301908835,1212.031084121887,1215.1762164441059,5879234,1.357148379026074,0
2021-04-08,1240.6815185546875,1250.8923363163185,1224.4389816715218,1232.1940491134949,5654434,0.6747133166731922,0
2021-04-09,1241.7156982421875,1253.7360117447722,1232.23728165855,1253.7360117447722,6052712,0.08335577438960406,0
2021-04-12,1228.5321044921875,1273.1668742622135,1219.2691059838298,1270.1078884948163,20384532,-1.061724013690346,0
2021-04-13,1203.8880615234375,1236.7178256509376,1184.8019580352127,1234.7790588105163,14855206,-2.005974681380962,1
2021-04-15,1172.523193359375,1177.3916737330917,1137.4099689394636,1148.0086039057906,25342491,-2.6052977155012536,1
2021-04-16,1166.4915771484375,1181.2261865596581,1160.3305849006742,1176.1854129696155,10879878,-0.5144133817648777,0
2021-04-19,1174.07421875,1188.851847075062,1148.0515948995885,1154.6434235411007,12508028,0.6500382643223945,0
2021-04-20,1164.4234619140625,1188.2487756609848,1156.7115195484307,1188.2487756609848,8560766,-0.8219886512977337,0
2021-04-22,1164.2080078125,1176.013007638109,1159.0810883205606,1168.0425211701513,6622446,-0.018503071142894623,0
2021-04-23,1149.3009033203125,1161.8813235595494,1146.8881738783452,1157.2282625985106,7316262,-1.2804502625091363,0
2021-04-26,1157.702392578125,1164.380367507534,1138.271597645071,1147.9654322200197,7088606,0.7310086708833818,0
2021-04-27,1161.9676513671875,1165.8451852427174,1154.7726928795603,1159.813465880782,3636115,0.36842446006906115,0
2021-04-28,1168.43017578125,1171.4460353795055,1158.6070691956795,1170.1535241231102,4879234,0.5561707683048311,0
2021-04-29,1168.7315673828125,1179.6317650655612,1164.4663229431724,1178.7700910224162,5412357,0.02579457530365037,0
2021-04-30,1167.0084228515625,1183.8541954072941,1159.7273179909107,1160.0720087052553,8354677,-0.1474371514674444,0
2021-05-03,1165.0267333984375,1172.738676005061,1152.920167887415,1155.3328979061107,4560337,-0.16980935307071565,0
2021-05-04,1145.5093994140625,1167.5251062877817,1140.942485288537,1166.7065580883059,4887060,-1.6752691955352783,0
2021-05-05,1155.93603515625,1158.0040744447103,1144.131139711262,1155.5913444106986,3939788,0.9102182616328447,0
2021-05-06,1173.2554931640625,1175.9266619728828,1152.403020957983,1158.951723413913,4810090,1.4983059166826074,0
2021-05-07,1165.4573974609375,1183.1217172904696,1161.967575128,1176.4437427207686,4991435,-0.6646545231247858,0
2021-05-10,1154.255615234375,1165.7589437563593,1150.3780816751782,1163.1307956034163,7195348,-0.9611490090471464,0
2021-05-11,1146.5867919921875,1155.505098899748,1141.8044581219108,1151.972255726806,6420988,-0.6643955758993902,0
2021-05-12,1143.4417724609375,1146.0267953074956,1132.6708439336114,1146.0267953074956,5241898,-0.2742940659368309,0
2021-05-14,1134.3079833984375,1143.3124370755465,1129.9134658392018,1143.3124370755465,4824609,-0.7987979171726445,0
2021-05-17,1145.5093994140625,1150.291626847777,1137.6681873058226,1137.6681873058226,5017129,0.9875109916854363,0
2021-05-18,1154.643310546875,1158.6069904267122,1145.5957323672167,1152.9199623221782,5620150,0.7973667555660979,0
2021-05-19,1152.0582275390625,1169.6794201346727,1148.8269497879246,1156.3665978739132,4435878,-0.22388585151791318,0
2021-05-20,1154.0404052734375,1162.4847501064953,1150.3351637955125,1161.8816201844372,4490092,0.1720553429499061,0
2021-05-21,1167.1378173828125,1169.7228402341586,1160.1151509330189,1161.1060973963379,4969733,1.1349179846325885,0
2021-05-24,1161.5799560546875,1174.461943366911,1159.037954034809,1168.9903331930352,4225371,-0.4761958052724169,0
2021-05-25,1173.2554931640625,1178.7702287213629,1167.0945019989106,1170.153487283341,4099340,1.0051427840603422,0
2021-05-26,1203.97412109375,1206.3437248389694,1173.6432352288718,1178.6840076135552,6850024,2.6182385770762373,0
2021-05-27,1208.282470703125,1220.3459077434843,1199.1917671452106,1209.9626930741028,15365391,0.35784403783205576,0
2021-05-28,1210.6951904296875,1218.4071312587043,1202.983144415848,1214.7450164723891,4261312,0.199681761927617,0
2021-05-31,1213.91796875,1220.6680058856502,1204.5550140134528,1220.6680058856502,4429904,0.26619237821277064,0
2021-06-01,1208.212890625,1220.232352470648,1200.7661402744382,1219.361380056322,4791325,-0.4699722939989659,0
2021-06-02,1200.7662353515625,1212.3501055873878,1188.877439690679,1202.5952563024946,9272276,-0.6163363535697242,0
2021-06-03,1210.34716796875,1218.4907410067083,1199.372933809797,1208.9971178292371,5115645,0.797901567775372,0
2021-06-04,1206.8631591796875,1216.6616005621086,1199.895378641077,1214.09216769656,4194328,-0.2878520214088187,0
2021-06-07,1210.34716796875,1212.3939324384116,1199.5906769729504,1211.5229597857979,5154576,0.2886830012634345,0
2021-06-08,1230.640625,1238.305225986675,1215.485787648902,1215.8776827694026,7360630,1.6766641479656785,0
2021-06-09,1232.6875,1241.1358912581513,1223.3680298666877,1231.0326308810106,5394317,0.1663259735148026,0
2021-06-10,1240.5262451171875,1244.619773572991,1235.9100480756292,1240.2649108243102,3496575,0.6359069202200418,0
2021-06-11,1260.2099609375,1264.303488605464,1245.0114290777753,1245.5775823901204,6140828,1.5867230457871528,0
2021-06-14,1273.1875,1286.426237984826,1265.9147953860963,1281.2004035718885,7132294,1.0297918176147114,0
2021-06-15,1283.726318359375,1285.5553392447312,1274.2326973679144,1275.103669819977,5403104,0.8277506933876522,0
2021-06-16,1289.5618896484375,1297.2699751733123,1278.1521709198764,1282.6811854881962,7661710,0.45458063806937954,0
2021-06-17,1302.3651123046875,1308.7667383776072,1284.7714054916353,1284.7714054916353,7677951,0.9928350673995556,0
2021-06-18,1309.3331298828125,1320.2202871980096,1295.4846445139028,1314.297631090584,13533974,0.5350279666040958,0
2021-06-21,1306.7200927734375,1311.5104415545813,1292.6973503763622,1300.3619509541468,5454052,-0.1995700750051954,0
2021-06-22,1316.7796630859375,1325.1409772519048,1308.2876817899016,1314.907051074631,6427862,0.7698335984984483,0
2021-06-23,1309.202392578125,1328.2331212813588,1305.283016154672,1328.2331212813588,5529809,-0.5754395150707858,0
2021-06-24,1358.020263671875,1366.3380934780537,1316.2135841582835,1321.2652671274627,10785137,3.7288253802848725,0
2021-06-25,1371.0849609375,1374.3946991922826,1343.9106596031002,1369.168863834137,9780240,0.962039935273129,0
2021-06-28,1368.99462890625,1376.2672280750623,1359.239673036804,1369.9526773998857,5019178,-0.15245824225369464,0
2021-06-29,1361.3736572265625,1370.605944791992,1358.020327926008,1359.5881210099008,5913567,-0.5566838261283902,0
2021-06-30,1376.83349609375,1385.7173738759964,1369.2124860237218,1369.2124860237218,6058722,1.1356058481903464,0
2021-07-01,1359.0655517578125,1373.3930072922922,1357.8897601108913,1373.3930072922922,4814317,-1.2904933230014626,0
2021-07-02,1365.5107421875,1366.9477617714929,1343.562171167975,1357.8025504266625,5166064,0.47423690647969696,0
2021-07-05,1375.221923828125,1380.491349741526,1359.6316018427842,1366.6864575080867,4058338,0.7111757777216843,0
2021-07-06,1360.6331787109375,1382.0155958269174,1356.1912402845298,1370.6493623265098,4089574,-1.0608284280821834,0
2021-07-07,1362.723388671875,1367.905738216782,1345.347531910408,1363.9863624372147,4797120,0.1536203874521025,0
2021-07-08,1359.370361328125,1372.6526922653372,1349.1364342125682,1365.684912101554,3326813,-0.2460534083162602,0
2021-07-09,1361.2427978515625,1367.3396047081196,1350.8782049314407,1355.2330669718385,3436594,0.13774292692450008,0
2021-07-12,1348.1346435546875,1374.3944833697385,1335.8539536554729,1367.9057813469253,4588982,-0.9629549054410824,0
2021-07-13,1345.6090087890625,1355.581708354052,1338.0751812303984,1355.581708354052,4456160,-0.1873429169482299,0
2021-07-14,1373.4365234375,1378.5752823277203,1339.6427487234016,1353.4912324038655,5657716,2.0680238068174095,0
2021-07-15,1376.83349609375,1390.8125422016935,1355.2333335958833,1356.8882027607826,10021355,0.24733379361048247,0
2021-07-16,1354.7542724609375,1371.4770099793125,1349.6591040738929,1370.6931133844064,6265593,-1.6036233644412423,0
2021-07-19,1342.7781982421875,1352.533153580218,1339.1637475912771,1345.3911156206077,5669162,-0.8840034286804799,0
2021-07-20,1350.0509033203125,1356.7137575793088,1339.5556426558176,1339.816976921609,5069939,0.5416162615423437,0
2021-07-22,1385.0205078125,1387.3286063361954,1359.936562140339,1359.936562140339,7854575,2.5902434053548085,0
2021-07-23,1385.23828125,1392.2496529655537,1380.5351144285212,1383.5835184231282,4179719,0.015723481079987778,0
2021-07-26,1396.952880859375,1403.7029180573702,1388.4173074229864,1388.4173074229864,4586710,0.8456739730585694,0
2021-07-27,1395.7772216796875,1401.6562868940487,1391.727177712481,1397.9110620813844,5892859,-0.08415882853287648,0
2021-07-28,1398.433349609375,1400.1752945157943,1380.9268245638377,1397.9978633827702,4686788,0.19029741196743277,0
2021-07-29,1408.3624267578125,1410.9753440616303,1393.6429713489965,1393.6429713489965,4660873,0.7100143279056503,0
2021-07-30,1402.7012939453125,1413.9368611216748,1398.9125846109287,1402.2658076696387,6234257,-0.4019656236876834,0
2021-08-02,1421.0350341796875,1423.8221032776687,1410.2784401924682,1417.4639623530684,5553389,1.3070309632928767,0
2021-08-03,1441.6336669921875,1444.638585966481,1424.562626930286,1434.4917348838053,5513668,1.4495513704481544,0
2021-08-04,1436.451416015625,1463.146744783546,1427.5675389174712,1453.7401991220645,6740391,-0.3594707237501438,0
2021-08-05,1440.19677734375,1451.0403436262031,1434.5354554748603,1436.6692958051754,5420536,0.2607370695845601,0
2021-08-06,1437.2786865234375,1446.380412367593,1431.8786998912153,1443.2013416786763,3754855,-0.20261750798349354,0
2021-08-09,1448.688720703125,1452.3031718189327,1433.9692629808042,1446.6854412607183,5018477,0.7938637291899697,0
2021-08-10,1460.8387451171875,1463.2339196881055,1446.7290319910098,1452.7822488331904,6846517,0.8386911722599422,0
2021-08-11,1461.099853515625,1466.7175832036262,1452.7820242183186,1458.7046793150253,4899639,0.017873868646378632,0
2021-08-12,1471.5950927734375,1477.6048241977232,1458.0079432401938,1462.4934728122273,5659579,0.7183108828981988,0
2021-08-13,1491.2789306640625,1500.2499890919528,1473.0756921948412,1478.0401924464695,5612790,1.3375851813645312,0
2021-08-16,1484.485595703125,1498.0291547007535,1472.030646043933,1487.3597412491697,4564109,-0.45553751355639216,0
2021-08-17,1516.92919921875,1523.2437495245933,1468.9386381583163,1484.0499890055655,9510390,2.1855115071196085,0
2021-08-18,1509.7872314453125,1528.9922175200145,1504.1695013711565,1505.9114463640587,6686090,-0.47081747632755633,0
2021-08-20,1509.3516845703125,1519.8469452589354,1494.6758198585792,1494.6758198585792,6206972,-0.028848228805267162,0
2021-08-23,1514.4033203125,1526.9453446318312,1508.524256380302,1511.7904030093007,6189051,0.3346891114793804,0
2021-08-24,1498.81298828125,1530.298665061431,1491.7145412231635,1524.2018576309072,7602939,-1.0294702753314677,0
2021-08-25,1511.616455078125,1521.5019722788666,1496.330844263311,1496.330844263311,6153253,0.8542404487405175,0
2021-08-26,1504.779296875,1520.718137753988,1498.072850479301,1510.2664667041324,5302248,-0.4523077385242935,0
2021-08-27,1488.31787109375,1504.7791665153063,1485.1822849945138,1502.427583260766,6698514,-1.0939428669330953,0
2021-08-30,1478.9549560546875,1496.8969690174113,1472.2919948958422,1483.3098187310713,6559667,-0.6290937722989054,0
2021-08-31,1486.2708740234375,1493.7177308949172,1468.3288630679174,1480.7838114569747,12255438,0.4946680721275021,0
2021-09-01,1461.274169921875,1488.9275478953632,1457.267717526702,1488.9275478953632,7801974,-1.6818404059748993,0
2021-09-02,1471.15966796875,1475.688788882233,1448.1224872534362,1460.9257408190936,6830050,0.6764985141291868,0
2021-09-03,1481.2193603515625,1485.835450675509,1467.0660576377923,1477.2129082319484,5339139,0.6837933775537763,0
2021-09-06,1507.1307373046875,1508.5242719501346,1480.0870004095007,1485.1386831091097,4876026,1.7493274559262417,0
2021-09-07,1486.445068359375,1511.0500386698927,1484.1369702344136,1506.7822526440937,3520341,-1.3725198772275182,0
2021-09-08,1474.7744140625,1481.3937848238409,1465.8033533949595,1481.3937848238409,4584896,-0.7851386200067423,0
2021-09-09,1473.337158203125,1476.2114101731731,1465.1065100560027,1468.3726571492882,3331674,-0.09745598009229806,0
2021-09-13,1473.5985107421875,1481.9598261405356,1459.0532050480786,1465.8468336141766,4662374,0.01773881406623712,0
2021-09-14,1468.5902099609375,1477.1256761332663,1462.0143254707277,1477.1256761332663,4945167,-0.33986874611644513,0
2021-09-15,1490.625732421875,1493.8048030758805,1472.117568164851,1474.7740766214572,4062344,1.5004541301908647,0
2021-09-16,1482.61279296875,1497.4193240191062,1473.2062483617503,1493.8918432115127,3246568,-0.5375554224537726,0
2021-09-17,1473.07568359375,1496.3306044764647,1467.109437513017,1478.0401838163914,7454864,-0.6432636640011147,0
2021-09-20,1470.0709228515625,1487.3597058300793,1461.4482737789863,1467.5886724736702,5660743,-0.2039787076558719,0
2021-09-21,1496.7225341796875,1503.951647897765,1467.2837297515794,1480.6531353271757,4672222,1.8129473152511455,0
2021-09-22,1495.37255859375,1514.533951698331,1492.0193360644232,1495.4596345711595,4553892,-0.09019544739314878,0
2021-09-23,1517.7132568359375,1519.8470970516926,1499.030831879671,1508.5244539217945,3826090,1.4939887798393725,0
2021-09-24,1536.2650146484375,1557.2990244133016,1526.3359056449099,1531.1698461513333,8280446,1.222349329093686,0
2021-09-27,1499.07421875,1540.7502282501684,1496.4177103112731,1540.5324851427279,5045337,-2.420858090486966,1
2021-09-28,1469.4176025390625,1489.3628929542976,1458.8788571335956,1489.3628929542976,6557197,-1.9783287471694777,0
2021-09-29,1473.9033203125,1481.8727405310417,1441.4595923280765,1445.1612257222725,7792548,0.30527181419948146,0
2021-09-30,1459.0531005859375,1483.2661787983272,1454.6111620660795,1483.2661787983272,6914031,-1.0075436781982416,0
2021-10-01,1450.2996826171875,1462.3190376924388,1446.9028690646644,1450.2560914701553,5733906,-0.599938272653322,0
2021-10-04,1462.14501953125,1470.2015147989575,1450.517558435886,1456.7014416476638,2947154,0.8167509829890118,0
2021-10-05,1474.3822021484375,1483.2224874376122,1448.427180676316,1455.3949602586436,4373310,0.8369335772939079,0
2021-10-06,1457.615966796875,1488.4918972098776,1454.5239721126366,1482.4821661210055,4271698,-1.1371702213395674,0
2021-10-07,1472.814453125,1484.3112472506546,1460.3160193905471,1469.3305632299673,5476108,1.0426948300740646,0
2021-10-08,1501.4259033203125,1508.0888641225727,1479.2596960117546,1485.2258362951297,4738376,1.9426377935526817,0
2021-10-11,1472.7708740234375,1506.7823919299244,1449.0368739193389,1464.9757128474757,8840633,-1.908521042131095,0
2021-10-12,1467.7193603515625,1471.072583282753,1447.5563252906663,1460.6209130640477,7439300,-0.3429938601430149,0
2021-10-13,1488.6661376953125,1492.5420290685638,1463.277374662343,1477.1257522003684,7104171,1.427165022796495,0
2021-10-14,1494.37109375,1553.4665576738048,1479.085483572147,1527.6857924741366,19655776,0.38322602430653774,0
2021-10-18,1560.9134521484375,1566.8795927579404,1515.4922131177411,1515.4922131177411,13438109,4.452867074098377,0
2021-10-19,1587.0426025390625,1597.799091923905,1552.3343687944996,1579.944155219386,10324260,1.6739653537267474,0
2021-10-20,1569.7974853515625,1609.5574068441326,1562.568476374668,1593.3573373249412,5876115,-1.0866196761139313,0
2021-10-21,1527.381103515625,1579.944278051199,1521.4584473764492,1579.944278051199,8779629,-2.7020289070241565,1
2021-10-22,1497.8984375,1535.6985561548709,1486.7499477946783,1524.1146865515605,7369809,-1.9302756821963918,0
2021-10-25,1487.229248046875,1506.564796489911,1469.5048712675496,1499.858350257659,5905209,-0.712277226948177,0
2021-10-26,1497.0264892578125,1517.1485436893581,1490.1727607226414,1502.6062654350915,5871709,0.6587579704879998,0
2021-10-27,1519.2135009765625,1523.7827607577628,1494.785943644436,1501.77149758961,5090259,1.4820720860958092,0
2021-10-28,1497.2022705078125,1515.522964410046,1486.7897990608278,1510.7780094844702,5329972,-1.4488569549046981,0
2021-10-29,1465.4375,1504.8467856229756,1459.5503108556832,1492.8966047069405,5875091,-2.12160849161942,1
2021-11-01,1493.8192138671875,1500.1017709635096,1472.6866448239043,1474.0046817971954,3636806,1.9367399747302505,0
2021-11-02,1491.9300537109375,1499.4428003412402,1481.7811257877784,1489.3818273621403,3471772,-0.12646511296098284,0
2021-11-03,1495.97216796875,1509.108562016102,1492.896747946494,1501.6836622957965,3530713,0.270931887708703,0
2021-11-04,1501.4200439453125,1508.713225915456,1498.1689284716672,1506.955843008158,483407,0.3641696077781864,0
2021-11-08,1526.7264404296875,1529.8018605974596,1496.4115844902203,1520.1362543558903,5245903,1.6854974453302862,0
2021-11-09,1531.119873046875,1537.710059014078,1516.621463919028,1524.3100142140984,4016134,0.2877681620520711,0
2021-11-10,1529.054931640625,1538.544734840755,1513.0626830662195,1516.6214263051052,4780368,-0.13486477725227486,0
2021-11-11,1523.035888671875,1528.703405453859,1501.6836441561402,1522.7282608636551,4731349,-0.3936446522749715,0
2021-11-12,1564.2464599609375,1566.5750137314162,1527.2097015420263,1531.5591812690018,5069009,2.705817479127104,0
2021-11-15,1570.3536376953125,1581.644802751413,1560.116859602852,1565.9162024271766,4354074,0.39042298580798107,0
2021-11-16,1574.8785400390625,1589.5086651188797,1561.4345195600592,1572.8575070413654,6034233,0.2881454364884961,0
2021-11-17,1570.6168212890625,1583.4018234229952,1564.6856546363958,1575.0982330141132,4732492,-0.27060618591541186,0
2021-11-18,1563.5435791015625,1572.3743637688792,1545.6182521663638,1565.4766573762213,4326924,-0.45034804744384926,0
2021-11-22,1545.9696044921875,1568.8155799150782,1538.7204007522319,1567.5853905552658,6621839,-1.1239836768395906,0
2021-11-23,1526.1990966796875,1535.293531113381,1502.5622768372482,1524.6174092729004,8436160,-1.2788419484478841,0
2021-11-24,1490.2606201171875,1529.3623875671963,1483.2310888902196,1528.9230418655106,7333061,-2.354769875089413,1
2021-11-25,1513.4581298828125,1516.7970929361409,1491.0953687886788,1493.7754205362603,4476260,1.556607579404523,0
2021-11-26,1486.4383544921875,1509.8993723813282,1479.716343711144,1496.0161123736239,4494181,-1.785300488802899,0
2021-11-29,1490.568115234375,1504.319656915026,1466.6677523751573,1485.867137758942,3942776,0.27782926414048337,0
2021-11-30,1504.890869140625,1520.0482960069558,1493.8193787950365,1497.7734901514705,14808963,0.9608922772373907,0
2021-12-01,1506.8680419921875,1530.5927119756113,1505.1985067261105,1506.9558896878457,5193264,0.13138313827976145,0
2021-12-02,1536.172119140625,1538.1491746350146,1503.7483875802125,1506.9556323902027,5559574,1.9447009513650082,0
2021-12-03,1525.012939453125,1569.914049638286,1522.3768651886874,1556.2503551294296,6754012,-0.7264276931248315,0
2021-12-06,1489.6456298828125,1523.6069679725288,1486.3065595311832,1520.1361797156055,3991449,-2.3191481629654453,1
2021-12-07,1504.0120849609375,1515.6547454589877,1488.5031610337503,1494.741848225563,4202122,0.9644209864365649,0
2021-12-08,1540.653564453125,1546.3211884129332,1522.4207176698017,1522.7722156867264,3029169,2.4362490074764986,0
2021-12-09,1549.5283203125,1554.7565985466379,1530.680432518433,1545.6181864523098,2082171,0.5760383816413084,0
2021-12-10,1545.8377685546875,1549.7918796579963,1534.1951080838337,1546.4967870719056,1823469,-0.2381725915837518,0
2021-12-13,1533.0089111328125,1556.4699276693766,1527.8685881008832,1552.691619157812,4040584,-0.8298967513175493,0
2021-12-14,1539.599365234375,1549.1331467554546,1502.8700168647522,1520.9271704705898,4768144,0.42990318279967354,0
2021-12-15,1523.8262939453125,1535.9082984036736,1512.403307911953,1533.3162021701796,3053149,-1.0244919324620128,0
2021-12-16,1556.6898193359375,1561.9619682661307,1544.7396365465954,1548.825573419924,4481031,2.1566451190141,0
2021-12-17,1599.96533203125,1618.5496779619054,1587.575803831527,1599.2184657386906,18887243,2.7799701750328865,0
2021-12-20,1580.6778564453125,1607.697614867699,1570.4850584603494,1583.1381278143033,5773891,-1.2054933441245863,0
2021-12-21,1591.8375244140625,1615.0350018230363,1582.523415823334,1582.523415823334,5353584,0.7060052067690892,0
2021-12-22,1603.34814453125,1607.2583855937914,1592.496327262333,1603.6117948544356,4156428,0.7231026999080514,0
2021-12-23,1632.2572021484375,1635.7719679184652,1605.3692654601534,1609.103704090808,4112933,1.8030430705765044,0
2021-12-24,1637.4415283203125,1648.2054986567352,1629.0939594879846,1645.7451196749826,3780347,0.3176169886125235,0
2021-12-27,1639.77001953125,1647.1070714566104,1621.2296519691486,1634.3660458305121,2647733,0.1422030143162445,0
2021-12-28,1658.9693603515625,1665.9110438520706,1650.5339443784728,1652.5548702377228,3340933,1.170855704862861,0
2021-12-29,1656.8165283203125,1664.065732003417,1648.7764809648074,1655.0151681366292,3236635,-0.12976924605730966,0
2021-12-30,1663.23095703125,1678.1248402781916,1646.9751665027095,1655.893905461335,4584738,0.38715383395169223,0
2021-12-31,1658.749755859375,1668.0638636147924,1644.6028452130947,1660.7268115874554,4619420,-0.26942747505576126,0
2022-01-03,1668.151611328125,1681.8592826976471,1658.7496564451544,1658.7496564451544,3329616,0.5668037288649952,0
2022-01-04,1668.766845703125,1675.3570314082458,1650.1825005622568,1668.151697346698,3921999,0.03688120257308025,0
2022-01-05,1620.878173828125,1672.061949815919,1616.7922372110065,1669.5137232070176,6995719,-2.869704176968013,1
2022-01-06,1597.285400390625,1606.2480104983958,1581.6446492872608,1606.2480104983958,6449205,-1.4555550082940294,0
2022-01-07,1594.209716796875,1613.277275679743,1587.6195318472028,1595.2201260127915,4834389,-0.1925569214492162,0
2022-01-10,1626.238037109375,1643.0649981325935,1593.0674382165591,1594.8248209393573,7857560,2.0090405907732256,0
2022-01-11,1630.4998779296875,1643.1530566094832,1625.7110523005758,1629.9726844976424,5142287,0.2620674663278644,0
2022-01-12,1649.698974609375,1659.8479022527206,1634.3658539915618,1642.1862281862043,5362535,1.177497584609788,0
2022-01-13,1666.7017822265625,1680.4971934061439,1639.9455664762318,1673.907008333963,14277630,1.0306612223732303,0
2022-01-14,1695.3033447265625,1698.5105900038816,1652.8186341424216,1653.697325601296,7688506,1.716057593806064,0
2022-01-17,1704.2218017578125,1716.8749781188799,1696.3135799399108,1703.3870879152166,5262464,0.5260685091545314,0
2022-01-18,1687.7467041015625,1709.0549730457055,1679.574830220187,1688.9329161779824,3690315,-0.9667226202162649,0
2022-01-19,1640.5606689453125,1683.572566076713,1636.8701010507093,1683.572566076713,5747770,-2.7958007585841216,1
2022-01-20,1602.469482421875,1623.8217266018507,1595.2642557606387,1620.3069609598556,5533463,-2.3218395542741854,1
2022-01-21,1569.079345703125,1588.6742087714806,1560.5560811826049,1577.2512194384997,8252758,-2.083667557168467,1
2022-01-24,1526.111328125,1554.0976288940496,1518.378800587523,1550.890383701955,7116712,-2.738422228027637,1
2022-01-25,1513.238525390625,1528.9231465624146,1494.2148337525207,1517.1486594985286,9137653,-0.8435035175442085,0
2022-01-27,1474.971435546875,1502.2987179861893,1463.0212533681874,1495.5328367763693,11231734,-2.5288207511021343,1
2022-01-28,1481.649169921875,1517.9831395830604,1475.7619813441345,1477.0800182432213,10998502,0.45273652181094803,0
2022-01-31,1525.5838623046875,1537.2705000369122,1507.263169309688,1509.591722814184,8788872,2.965256099399638,0
2022-02-01,1557.0850830078125,1564.0706364850143,1524.2658745729877,1551.8568050061044,5119935,2.064863261960337,0
2022-02-02,1570.3094482421875,1575.3180537987653,1557.0412289736769,1571.9789834277135,4253717,0.8493026732251163,0
2022-02-03,1527.64892578125,1563.191948829261,1523.6508371388077,1563.191948829261,3832922,-2.7166952672094014,1
2022-02-04,1529.8897705078125,1541.180934987661,1502.694311108858,1521.8936991988624,4700077,0.14668584442047994,0
2022-02-07,1506.955810546875,1521.8935649371356,1489.733479878767,1513.2823459720125,4310209,-1.4990596318142035,0
2022-02-08,1508.976806640625,1515.7426876167267,1490.2606366365032,1502.5623164200595,6053401,0.13411117164852104,0
2022-02-09,1526.550537109375,1531.5590349384013,1515.7425905156294,1524.5295040838362,3867244,1.1646123645779438,0
2022-02-10,1554.9322509765625,1558.7106668309207,1536.611557080806,1542.6745490801131,4334630,1.8592056520402078,0
2022-02-11,1512.535400390625,1534.1511870988509,1505.1983487478708,1528.9230162412698,7551371,-2.726604362300067,1
2022-02-14,1478.1346435546875,1510.0751620435087,1474.6638553981247,1484.9884794415796,7459637,-2.2743769717424978,1
2022-02-15,1527.38525390625,1534.8541304534688,1485.383764065274,1492.896618085269,4669915,3.331943444145402,0
2022-02-16,1523.035888671875,1542.4988179107663,1517.3682646277543,1527.3853683173847,5350642,-0.28475888602771393,0
2022-02-17,1515.567138671875,1536.83143001885,1511.6130269308317,1532.4379725288018,3937950,-0.49038568661129434,0
2022-02-18,1499.8824462890625,1513.5461423219956,1496.8510034516805,1502.5624983283672,5602215,-1.034905810676079,0
2022-02-21,1520.751220703125,1526.5506699725988,1486.3065594227182,1494.6541280390445,5120890,1.391360667343955,0
2022-02-22,1523.9583740234375,1538.5886069583632,1485.911101612414,1493.687498875911,8878515,0.21089270070284716,0
2022-02-23,1531.42724609375,1544.9591147620647,1523.123655479762,1537.7099108964103,5478811,0.49009685550620574,0
2022-02-24,1474.575927734375,1506.9117054360172,1467.8539173756792,1485.0762465850694,13592379,-3.7123094488743846,1
2022-02-25,1489.030517578125,1518.5106587861058,1473.565569428914,1506.9558447051804,9737281,0.98025402231805,0
2022-02-28,1507.48291015625,1518.4226821951142,1463.0211477782968,1478.134596610253,15076542,1.2392219205914934,0
2022-03-02,1496.23583984375,1506.428639183248,1485.8672378574524,1502.5623753614689,6771489,-0.7460827739224074,0
2022-03-03,1512.09619140625,1523.563157969651,1498.6522763017938,1511.5250204995646,7344147,1.0600168195514126,0
2022-03-04,1514.2490234375,1525.4083619826322,1477.0803320811085,1489.601685282867,9074499,0.14237401320664755,0
2022-03-07,1528.7911376953125,1538.5885677889987,1490.2605431011661,1491.1392344591268,9742588,0.9603515691758879,0
2022-03-08,1562.4891357421875,1581.6446527750986,1509.9873201847918,1509.9873201847918,10984500,2.204225104135249,0
2022-03-09,1593.3751220703125,1609.411241059636,1573.7363895823908,1573.7363895823908,10193515,1.9767168693594739,0
2022-03-10,1604.40283203125,1620.9661453613448,1590.6073111176956,1620.9661453613448,6547182,0.6920975361162318,0
2022-03-11,1600.9757080078125,1609.2354285026502,1591.310102745416,1593.9461769078878,4758657,-0.21360745288006022,0
2022-03-14,1661.3419189453125,1665.1203351700804,1609.3674043195065,1609.3674043195065,10289724,3.7705888125321607,0
2022-03-15,1616.17724609375,1659.27699787109,1608.0053726067936,1659.27699787109,7140443,-2.7185657772504146,1
2022-03-16,1660.199462890625,1664.1974441872826,1624.7003107966714,1638.7593724368805,5233979,2.7238483219136578,0
2022-03-17,1629.62109375,1689.9872589454178,1610.6853579171534,1689.9872589454178,17731459,-1.8418491165744677,0
2022-03-21,1628.2591552734375,1658.0028379594185,1617.7587285984619,1635.2447090569246,8362085,-0.08357393517952616,0
2022-03-22,1658.4420166015625,1660.7265925780812,1615.9133353180378,1625.5789398251059,5709382,1.853689029192429,0
2022-03-23,1645.26171875,1669.5135787574188,1631.7298503960667,1666.8775046856965,6192824,-0.7947397448703875,0
2022-03-24,1657.8271484375,1664.7688324815458,1630.9831884689734,1630.9831884689734,3784303,0.763734398260163,0
2022-03-25,1648.9083251953125,1664.2414466217965,1632.6085574568626,1662.4840638904113,3438588,-0.5379826992574888,0
2022-03-28,1646.5799560546875,1652.7307963034818,1627.907762442276,1639.6382720357626,4008555,-0.14120670658566148,0
2022-03-29,1657.212158203125,1660.1997307360898,1634.8495025786779,1646.5800125748235,3917785,0.6457142946105554,0
2022-03-30,1672.984375,1686.208722896825,1665.1201302185948,1678.3005006424887,7795839,0.9517319022071646,0
2022-03-31,1675.5325927734375,1680.9365660718338,1664.4171256540967,1669.5135784299448,5399145,0.1523156947259352,0
2022-04-01,1672.6331787109375,1678.564346091196,1650.4462192514522,1657.9589669091613,6171518,-0.17304432483170595,0
2022-04-04,1654.531982421875,1663.362874183329,1645.7890456129824,1660.5071270406477,7364074,-1.0821976102980746,0
2022-04-05,1635.33251953125,1660.3752240705198,1631.8617314560988,1655.278878381211,5472024,-1.1604165464677907,0
2022-04-06,1606.994873046875,1632.1694051083773,1601.1076831042346,1629.9726764339382,5407453,-1.7328369702143354,0
2022-04-07,1591.31005859375,1606.379636923527,1588.2786162958694,1600.1409496978658,5797544,-0.9760338826337644,0
2022-04-08,1594.473388671875,1615.0347888286492,1588.6740468999988,1601.854417864324,5131446,0.1987877887807965,0
2022-04-11,1552.252197265625,1593.946057575753,1548.7374319787987,1593.946057575753,8248407,-2.6479709041377197,1
2022-04-12,1531.0758056640625,1544.300154299906,1518.1590848316712,1544.300154299906,6456184,-1.3642365357166675,0
2022-04-13,1536.435791015625,1544.3000356322013,1521.8934063812078,1542.0593298022513,6257693,0.35007968460698535,0
2022-04-18,1424.7100830078125,1449.840632519052,1397.1191549729047,1410.7388700056592,30523965,-7.2717459890698555,1
2022-04-19,1372.515869140625,1438.1101989357824,1361.9715730908893,1438.1101989357824,17044923,-3.6634971907404723,1
2022-04-20,1395.0982666015625,1402.6550983089535,1373.3946323351558,1383.9389289365774,10678747,1.6453286966421121,0
2022-04-21,1422.4256591796875,1429.8065810155888,1396.4602858072528,1401.5127612789481,7766514,1.9588148901291458,0
2022-04-22,1393.1212158203125,1415.3081733294175,1390.4412714487692,1409.728504477574,8134245,-2.0601739831011545,1
2022-04-25,1371.72509765625,1382.0058512029284,1365.5742579702844,1382.0058512029284,7000570,-1.5358403792209763,0
2022-04-26,1389.211181640625,1398.8767875849937,1376.5141331003783,1385.8721112277144,5345435,1.2747513342324934,0
2022-04-27,1364.4320068359375,1381.961856821622,1362.2791486149092,1381.961856821622,8819356,-1.7836866800498896,0
2022-04-28,1390.616943359375,1407.4878820528004,1368.5178339093395,1379.5454535287045,9245177,1.9191089326729749,0
2022-04-29,1377.392578125,1403.533644070456,1371.4614119020814,1397.119154731933,9831395,-0.9509710993761078,0
2022-05-02,1354.0634765625,1364.3881007348616,1345.276562373256,1362.7625430622788,7072627,-1.6937147718813161,0
2022-05-04,1349.274658203125,1379.545534836563,1344.5297030639988,1359.5553049527848,6220959,-0.3536627670906678,0
2022-05-05,1392.857666015625,1396.5921043901596,1368.5178503702025,1370.8025337737408,6144870,3.230106453680892,0
2022-05-06,1355.68896484375,1372.3841009487683,1348.8352364842315,1361.9716296199067,6171472,-2.668521133117563,1
2022-05-09,1379.8529052734375,1394.3074419742286,1337.5000261747937,1353.1846449249074,6832202,1.7824103504798128,0
2022-05-10,1364.607666015625,1378.7985527649935,1358.5008040403675,1369.0011227639045,6212545,-1.104845248326769,0
2022-05-11,1341.5421142578125,1361.9277121263535,1328.2299179037932,1361.9277121263535,7846080,-1.690269835956526,0
2022-05-12,1325.7696533203125,1342.201139918884,1321.8155419424827,1330.3388057853947,7034979,-1.1756962953209937,0
2022-05-13,1321.9033203125,1343.7387794348365,1316.3675217689756,1334.9958431960715,6723761,-0.2916293187228636,0
2022-05-16,1308.4593505859375,1328.4495800627174,1299.2770683025562,1326.8240224148346,6145331,-1.0170161100271913,0
2022-05-17,1334.2489013671875,1340.0043728900273,1301.2541039526504,1313.555783441477,6516378,1.9709860126492451,0
2022-05-18,1326.121337890625,1361.7083481756881,1322.694526413643,1337.3686334287927,6594126,-0.6091489727467092,0
2022-05-19,1254.0245361328125,1304.593165199384,1245.6769672791786,1301.3420497086145,16561140,-5.436667045301613,1
2022-05-20,1278.627685546875,1288.820483325111,1271.2026795948527,1276.7384777715263,10488908,1.9619352496829334,0
2022-05-23,1290.2705078125,1307.4928382619098,1274.1465416425442,1278.5838689742561,5887569,0.9105717322744677,0
2022-05-24,1266.1942138671875,1291.2808943889067,1261.14173869041,1290.446073263294,5693167,-1.8659880854078437,0
2022-05-25,1239.35009765625,1267.512196646024,1229.508798029081,1260.9220119147622,9630092,-2.1200630927660558,1
2022-05-26,1251.21240234375,1256.5285274802447,1236.3626055559514,1245.984232144746,13040065,0.9571391255733808,0
2022-05-27,1284.0758056640625,1289.0404341053775,1263.0311870850603,1268.7865520688702,8284860,2.626524741822678,0
2022-05-30,1341.586181640625,1344.397951444672,1304.856835225711,1306.614218168776,10904213,4.478736825574003,0
2022-05-31,1335.1925048828125,1347.9796856356543,1321.4729921530693,1341.49726302402,16033857,-0.47657592522261094,0
2022-06-01,1312.9482421875,1345.0936959690998,1307.220595475762,1343.539700941573,8738508,-1.6659966719379415,0
2022-06-02,1339.099609375,1344.2943706627866,1310.3284820297667,1317.787679252321,7205840,1.9918048821124357,0
2022-06-03,1351.26513671875,1380.835483354974,1347.9795908249841,1354.1067924628962,9395707,0.9084856166471367,0
2022-06-06,1358.679931640625,1364.4962472875359,1325.779597532186,1346.2035297111815,6624883,0.5487298325390189,0
2022-06-07,1337.9453125,1349.6224971381034,1334.3045457286844,1349.6224971381034,4904592,-1.5260856260375988,0
2022-06-08,1331.9957275390625,1349.9332266440192,1324.891750325521,1349.9332266440192,4697608,-0.44468072837898776,0
2022-06-09,1345.3155517578125,1347.0471026731207,1315.5676501182832,1318.675639841816,4361061,0.9999900107306781,0
2022-06-10,1311.3941650390625,1326.6232286366903,1308.5525092706785,1319.6524730579197,6516436,-2.5214446286915937,1
2022-06-13,1264.951904296875,1281.9126277011962,1253.5854977400272,1281.9126277011962,6987685,-3.541441770926601,1
2022-06-14,1279.2041015625,1286.6188547161078,1245.9929926059417,1252.0757502805275,6090247,1.1266987477715373,0
2022-06-15,1262.909423828125,1284.3990185434857,1259.9346552426048,1278.8933715213977,4651958,-1.273813749852093,0
2022-06-16,1240.7095947265625,1282.0459060881565,1236.0920528309707,1276.9399223929138,6641772,-1.7578322469295138,0
2022-06-17,1231.91845703125,1240.487542584052,1214.0252932515164,1235.2484462558373,9692047,-0.7085572427808939,0
2022-06-20,1255.7611083984375,1263.0426411881947,1227.2119802322318,1234.360400176754,4595194,1.9354082432245567,0
2022-06-21,1287.5072021484375,1292.9239635578995,1263.3980557362647,1264.5080522709127,6270787,2.5280360681410263,0
2022-06-22,1276.27392578125,1296.1206407453685,1274.2759321593971,1275.208372542165,6253366,-0.8724826042481704,0
2022-06-23,1289.7713623046875,1294.6997896368189,1272.4998618309749,1278.5382855533985,6254281,1.0575657976539254,0
2022-06-24,1279.692626953125,1303.1357725824364,1268.8591054568187,1294.6997999490238,6114340,-0.781435814604603,0
2022-06-27,1309.4404296875,1317.7876236462766,1301.0489009150212,1303.6241140424631,4511097,2.3246053081670714,0
2022-06-28,1314.3690185546875,1321.5617738738115,1290.2598739718783,1304.4678285372947,4412178,0.3763889334288839,0
2022-06-29,1299.36181640625,1311.5717770934775,1293.8118342756918,1300.649368901304,5060038,-1.1417799671617157,0
2022-06-30,1298.1629638671875,1316.0116836459267,1292.0357622839565,1300.960176372367,9165177,-0.09226471979746353,0
2022-07-01,1313.702880859375,1318.6756427483724,1280.8025462113708,1291.147733707834,4651635,1.1970698151713144,0
2022-07-04,1321.33984375,1325.1138318789901,1298.2519163726479,1314.4578653971353,4800224,0.5813310606146427,0
2022-07-05,1310.6392822265625,1340.831183761111,1307.1317370251647,1330.9301027704544,7379669,-0.8098265994211595,0
2022-07-06,1324.5809326171875,1331.9956869281368,1305.3557731895742,1316.1892947506883,5209162,1.0637290198520777,0
2022-07-07,1330.84130859375,1344.3832653678094,1328.1773170972135,1334.7041829822008,3323472,0.47263068812208875,0
2022-07-08,1344.8270263671875,1347.0470188887734,1331.9510697419882,1345.3154680811654,3652582,1.050892971470474,0
2022-07-11,1308.1529541015625,1331.9068766093092,1302.1589736556825,1327.555669124535,4702638,-2.727047534484306,1
2022-07-12,1277.47265625,1304.1125702899615,1275.1638853794875,1298.0742548130895,4710356,-2.345314265840859,1
2022-07-13,1282.66748046875,1296.4758799465965,1277.4727186568018,1287.5959081661404,5264025,0.40664856451795295,0
2022-07-14,1268.814697265625,1290.215406752036,1255.6279613595361,1288.4838556808252,6157606,-1.0799980052556224,0
2022-07-15,1270.146728515625,1284.0439058847987,1252.6532276522264,1284.0439058847987,5620018,0.10498233137357094,0
2022-07-18,1323.0269775390625,1326.3125236399783,1285.8643184329112,1287.5958695188904,5835171,4.163318129806681,0
2022-07-19,1317.9210205078125,1320.3185695057068,1305.4446169198009,1306.7322778541525,3418540,-0.3859299256880999,0
2022-07-20,1345.58203125,1354.9060006770792,1331.9956324398804,1333.105628800247,5079392,2.098836752108957,0
2022-07-21,1361.2108154296875,1363.475143060979,1334.7484577291702,1347.0916394538826,5008061,1.1614887696715925,0
2022-07-22,1337.590087890625,1367.5155470877928,1325.0249071257533,1362.1875644368015,7020642,-1.7352732781223401,0
2022-07-25,1335.1925048828125,1347.224909731089,1314.3245716730378,1314.3245716730378,7859626,-0.1792464694167606,0
2022-07-26,1288.6168212890625,1329.0206833172676,1283.1556182583838,1329.0206833172676,7268273,-3.488312241375102,1
2022-07-27,1306.288330078125,1308.0198812663878,1283.1559595586764,1288.4839427817574,4517285,1.3713548121609076,0
2022-07-28,1347.4468994140625,1353.7072142935083,1322.9825345301238,1328.7989592318934,6636841,3.150802804268782,0
2022-07-29,1376.129150390625,1381.457133330871,1356.859655449305,1361.122085160738,7009465,2.1286368308120363,0
2022-08-01,1377.328125,1388.8276455859902,1365.6509399319816,1388.8276455859902,2983249,0.08712660501630776,0
2022-08-02,1370.7122802734375,1373.7314920454614,1357.1703247119033,1373.3319367159932,4374635,-0.4803390424168219,0
2022-08-03,1390.692138671875,1394.1553487975477,1367.4266596498978,1375.5074110110838,6011955,1.4576259865747954,0
2022-08-04,1420.70654296875,1424.2140880582285,1398.5509508931095,1409.6953575514096,7402209,2.1582349868993322,0
2022-08-05,1435.58056640625,1443.6168753071975,1422.8378294078434,1428.2545901627868,5361971,1.0469455153221618,0
2022-08-08,1438.0225830078125,1440.3313538806547,1417.2434283560572,1435.8913682028474,3763409,0.1701065519210676,0
2022-08-10,1422.970703125,1439.620646334822,1410.2279682680298,1439.620646334822,4423829,-1.0467067805937758,0
2022-08-11,1438.5107421875,1448.633929986583,1435.0031972860368,1447.4351556783663,3462090,1.092084259245274,0
2022-08-12,1415.55615234375,1433.2273162748345,1412.0486071656317,1432.6057616654232,3562286,-1.595719042656829,0
2022-08-16,1417.6429443359375,1428.7873514369574,1412.8921814722432,1428.7873514369574,3004430,0.14741852442465841,0
2022-08-17,1426.3453369140625,1431.4513202213034,1407.4753986046935,1417.6429220050966,4067324,0.6138634987670644,0
2022-08-18,1405.655029296875,1419.1969856808453,1397.7074982537147,1415.5562190867397,4635706,-1.4505819230251404,0
2022-08-19,1418.22021484375,1425.1466359156411,1407.5642491319722,1407.741913599355,4739884,0.8939025070155537,0
2022-08-22,1399.1728515625,1419.9075651208868,1397.7076344592094,1408.3636011768147,3950555,-1.3430469458756478,0
2022-08-23,1369.646728515625,1380.3914715875098,1361.2995342191398,1374.619490522654,5551574,-2.1102555709183624,1
2022-08-24,1365.2955322265625,1372.8435075266768,1359.5235511147102,1363.0755394912346,2888426,-0.3176874882020231,0
2022-08-25,1348.11279296875,1375.2410388101719,1344.2055841247086,1374.6194842114278,4331088,-1.2585362547689827,0
2022-08-26,1351.132080078125,1371.911126256518,1347.4912051170422,1363.2088193983936,3079136,0.22396398321582467,0
2022-08-29,1298.02978515625,1304.068208908207,1287.5958190364718,1304.068208908207,8079050,-3.9302075426115635,1
2022-08-30,1325.7352294921875,1328.5324420418817,1301.8037509629814,1308.1085087048089,6725875,2.13442285013532,0
2022-09-01,1300.2054443359375,1303.6686550621423,1288.5283679870784,1296.520342709969,8140604,-1.9257076819199415,0
2022-09-02,1290.2596435546875,1312.4595685986428,1285.8196585458963,1312.4595685986428,5175653,-0.7649407118372475,0
2022-09-05,1297.6302490234375,1302.6917893036236,1284.3546268952266,1288.4838352280558,3669352,0.5712497872477629,0
2022-09-06,1292.12451171875,1305.355689709022,1283.5553183345817,1297.6301585781393,3428442,-0.4242916893183568,0
2022-09-07,1294.38916015625,1301.581915907194,1276.9844364483333,1278.7159876557116,3600574,0.17526549623980703,0
2022-09-08,1310.5948486328125,1315.2123898661405,1299.672441718108,1309.79562961987,4061475,1.2519950703701932,0
2022-09-09,1342.3409423828125,1349.7556970653623,1314.2358103004844,1321.33978765346,4816910,2.4222660254705763,0
2022-09-12,1364.1412353515625,1372.7548731045804,1350.7769427256635,1354.9061513249576,5494819,1.6240503645856164,0
2022-09-13,1371.9111328125,1379.0595531212691,1368.6700299824238,1378.0827779506399,4947158,0.5695815990002684,0
2022-09-14,1310.1510009765625,1331.0632685678052,1307.1317890233854,1329.33171750544,14332197,-4.501758922921306,1
2022-09-15,1272.3223876953125,1309.9733809599834,1268.9923983100107,1309.7958248853374,12784100,-2.8873475845954566,1
2022-09-16,1222.8165283203125,1265.3959486362396,1215.0908880161,1265.3959486362396,20464045,-3.890983908934831,1
2022-09-19,1234.5823974609375,1248.5239084132897,1225.9687606499624,1236.0919491545515,6595241,0.9621941532624634,0
2022-09-20,1233.0284423828125,1255.2283703476603,1229.964787284812,1250.2554997650657,7219797,-0.1258688833828292,0
2022-09-21,1222.994140625,1233.2505516184503,1215.1353871043787,1225.3473548787024,7917054,-0.813793211324576,0
2022-09-22,1214.7354736328125,1228.943425876588,1207.6759407209158,1213.3147000880497,9168498,-0.6752826295608361,0
2022-09-23,1212.515625,1238.5784272088517,1209.4520782930736,1214.3360624565184,10426200,-0.18274337754983216,0
2022-09-26,1225.6580810546875,1242.7075831808704,1203.2361527470398,1207.6761385505345,9414587,1.0838999336348687,0
2022-09-27,1237.468505859375,1248.9680259096867,1223.6601064369345,1237.3796194234526,8561254,0.9635986566926213,0
2022-09-28,1238.489501953125,1248.3906912173352,1222.7719967699986,1224.5479909555759,7022098,0.08250683463180142,0
2022-09-29,1241.9971923828125,1251.9427167580907,1236.9799869799815,1247.547174377518,6119965,0.28322326706491374,0
2022-09-30,1255.1395263671875,1260.3343964051253,1221.884076510353,1233.3835962258331,8120130,1.0581613279786017,0
2022-10-03,1237.64599609375,1253.8519436659194,1230.7640183576234,1253.8519436659194,4943169,-1.393751842400337,0
2022-10-04,1269.302978515625,1271.8337483758048,1255.6278025508032,1260.6893422711628,6631341,2.557838228523379,0
2022-10-06,1292.169189453125,1296.2983982475762,1282.3567767134796,1283.155995899196,6180672,1.8014777657136438,0
2022-10-07,1288.661376953125,1294.5665794796807,1278.8490738177404,1284.3546126015165,3994466,-0.27146696644922974,0
2022-10-10,1298.8291015625,1300.915873263201,1266.5947604561948,1266.5947604561948,5274677,0.7890144603709182,0
2022-10-11,1264.330322265625,1313.9249389319289,1261.0446679361762,1298.8289881372887,12824774,-2.6561446194401372,1
2022-10-12,1268.681396484375,1279.6925820570834,1255.2283273173289,1276.0518156752744,5481467,0.3441406207005393,0
2022-10-13,1260.8673095703125,1276.8955948000812,1256.516101391175,1270.7240573079657,4821514,-0.615921927736629,0
2022-10-14,1309.1298828125,1326.6678276560115,1302.913902361635,1318.6758527906138,14990688,3.827728173762779,0
2022-10-17,1323.0714111328125,1327.5558404413687,1310.239894696481,1311.4831124808618,4286396,1.0649461526583526,0
2022-10-18,1335.2811279296875,1341.7191065769207,1329.553590285518,1340.8755527341007,4692004,0.9228312768409852,0
2022-10-19,1319.0753173828125,1336.3912617326525,1315.3902159447794,1335.54770780305,3553171,-1.2136628166086405,0
2022-10-20,1332.794921875,1335.5476913144482,1309.085333326775,1309.7957743941563,4583939,1.0400925793538907,0
2022-10-21,1332.439697265625,1337.3236814941895,1324.314501823941,1332.2621411983666,3594485,-0.02665260825538418,0
2022-10-24,1347.846435546875,1351.3540892842454,1341.7636768252662,1348.423655366755,982837,1.1562803414568723,0
2022-10-25,1355.35009765625,1361.2108571850185,1350.6881126041244,1356.9484274924105,3914341,0.5567149128773208,0
2022-10-27,1368.05224609375,1377.8821439078786,1357.7736070831302,1374.201589434972,6760137,0.9371857839140851,0
2022-10-28,1358.447021484375,1371.6431919026134,1352.8363861734367,1369.892717518689,3053981,-0.7021094871779265,0
2022-10-31,1380.3509521484375,1388.205841518274,1373.7079380791174,1373.7079380791174,4542336,1.612424357935427,0
2022-11-01,1412.084716796875,1413.8801201240165,1388.8342217938466,1394.1756124417263,4542692,2.298963506276852,0
2022-11-02,1394.4000244140625,1411.8602777690894,1386.9490568451713,1411.1870015279026,2938906,-1.2523818275526621,0
2022-11-03,1374.1568603515625,1385.9616594777258,1365.9877968987141,1381.3384738631173,3174027,-1.4517472538776222,0
2022-11-04,1359.1204833984375,1364.9106159972587,1347.5850375397733,1364.9106159972587,4509682,-1.0942256584359766,0
2022-11-07,1353.240478515625,1371.598545314741,1338.56307661022,1365.7634838564727,4898592,-0.43263308548699975,0
2022-11-09,1356.606689453125,1372.5858226539308,1347.5399247059643,1372.5858226539308,3334755,0.2487518656840937,0
2022-11-10,1348.302978515625,1357.32492412614,1333.086979052459,1333.086979052459,3435763,-0.6120942054949952,0
2022-11-11,1409.4813232421875,1412.5335307351531,1388.430263614367,1388.430263614367,7214098,4.537433032589977,0
2022-11-14,1423.1265869140625,1428.602545514008,1408.000225198226,1414.0148924987643,4908813,0.9681053197985845,0
2022-11-15,1430.9365234375,1434.392653098893,1411.8603621306952,1416.4386189277827,3497614,0.5487871982191583,0
2022-11-16,1438.8363037109375,1444.4020103215976,1430.4876342122222,1433.7642672771042,4497697,0.5520706295524702,0
2022-11-17,1425.0115966796875,1438.8362237690626,1421.0167586560885,1433.8090069491304,3469515,-0.9608255640752406,0
2022-11-18,1430.3978271484375,1434.5272328106976,1414.3289457404594,1428.8716685979427,3126064,0.37797800953340843,0
2022-11-21,1407.7757568359375,1425.4156170914362,1404.0503824610678,1420.2538323357628,3071764,-1.5815229779534867,0
2022-11-22,1422.9019775390625,1425.550153449475,1402.2099116423676,1408.4938228981273,3399329,1.0744765726838468,0
2022-11-23,1421.1962890625,1429.140926189157,1417.7401598698539,1426.3580731866127,3245067,-0.11987392691045207,0
2022-11-24,1463.07421875,1468.639925244856,1422.6327148727294,1426.4479469523692,5282215,2.9466675370454887,0
2022-11-25,1468.3258056640625,1475.8215929330347,1448.7110454604212,1464.510573443889,4563255,0.35894193519103723,0
2022-11-28,1457.328857421875,1484.34965474194,1454.276649943721,1461.4582630298628,3825766,-0.7489446960454393,0
2022-11-29,1462.4007568359375,1471.1084180555704,1449.8329351103673,1455.3537119879327,3131710,0.3480271037132221,0
2022-11-30,1467.6973876953125,1477.3926101335646,1448.12755589009,1454.2318618548122,11868134,0.36218737132185375,0
2022-12-01,1487.5814208984375,1501.49579683449,1483.272518616262,1486.7734674759286,5407928,1.3547774473012142,0
2022-12-02,1470.345458984375,1491.8005489428745,1466.7994719474775,1486.5938358778496,4283343,-1.1586567075873244,0
2022-12-05,1472.0062255859375,1476.5844819133267,1457.2390778283009,1470.4352477571372,3824966,0.1129507757115622,0
2022-12-06,1447.903076171875,1459.6629463817758,1443.100394052047,1458.765244692734,4822398,-1.6374352903614997,0
2022-12-07,1441.2598876953125,1457.6878704538565,1433.3600699527174,1443.504141646878,4898087,-0.4588144459314547,0
2022-12-08,1454.4112548828125,1457.7776358497745,1434.975993517009,1441.259904655338,4206837,0.91249102953459,0
2022-12-09,1408.7633056640625,1461.4583510232733,1401.4020860579217,1461.4583510232733,8880658,-3.1385860818594957,1
2022-12-12,1388.9239501953125,1405.7558561467295,1373.5284545512598,1391.437558650479,8037679,-1.4082816743582138,0
2022-12-13,1411.3216552734375,1416.1243371309986,1383.4929044328283,1388.9239336053154,6135067,1.6125940570738573,0
2022-12-14,1417.829833984375,1425.998896080634,1412.084522212677,1420.1638360714908,4976020,0.4611407106678733,0
2022-12-15,1382.9095458984375,1409.3917475238864,1378.1966117108577,1408.7634001319689,6443866,-2.46293929277851,1
2022-12-16,1366.4814453125,1390.9887448634156,1357.369860981026,1368.9950538345975,9630453,-1.1879374637814522,0
2022-12-19,1353.1507568359375,1361.7238526722738,1342.1090906861166,1353.6893559876567,6222740,-0.9755484439464057,0
2022-12-20,1353.1058349609375,1360.9157960258838,1330.797859741164,1347.4502703396117,7396259,-0.0033197982392652037,0
2022-12-21,1355.1256103515625,1365.4042507201466,1348.662092527513,1360.0180406581342,6236361,0.1492695795435095,0
2022-12-22,1366.3470458984375,1373.4388023348172,1357.1006736784477,1365.853266083518,6302640,0.8280734613202334,0
2022-12-23,1343.94921875,1355.4398445619386,1340.2686636264464,1354.362536751784,6283822,-1.6392487703378422,0
2022-12-26,1348.70703125,1355.4397938764648,1343.2758922315616,1347.0013761347504,4115459,0.3540172823215171,0
2022-12-27,1359.883544921875,1365.8083548640152,1344.3084406644473,1355.4847842011498,4860076,0.8286835771528889,0
2022-12-28,1355.664306640625,1368.9502266632046,1345.206059437163,1351.1308690136332,5029860,-0.31026467648687106,0
2022-12-29,1362.307373046875,1365.673754704515,1347.4503648313955,1350.1434701575076,4624745,0.4900229631856101,0
2022-12-30,1353.9136962890625,1373.8427403112848,1350.1883218006867,1371.688234257162,5060544,-0.6161367782249849,0
2023-01-02,1368.0972900390625,1370.341544123772,1350.1881862761663,1359.1202737002234,3801140,1.0475995470668353,0
2023-01-03,1366.7957763671875,1375.862541681665,1360.1078329075388,1364.3719160112378,4551130,-0.09513312257477535,0
2023-01-04,1341.88427734375,1365.4040133594633,1338.5627159666253,1365.4040133594633,7059590,-1.8226204275850089,0
2023-01-05,1324.2894287109375,1351.8489350836053,1318.948147732721,1351.8489350836053,9868404,-1.3112046194953098,0
2023-01-06,1300.32080078125,1324.109893788294,1298.5253975354353,1319.6213856737572,6443714,-1.809923677561831,0
2023-01-09,1332.5931396484375,1336.9918995481128,1300.051455589557,1300.051455589557,11498717,2.4818751532543315,0
2023-01-10,1319.397216796875,1332.0997191472895,1305.3033424100618,1330.3940638155937,7158624,-0.990243943102076,0
2023-01-11,1320.7435302734375,1341.166242466281,1314.2351934207732,1319.6214032298747,6173092,0.102040042181617,0
2023-01-12,1329.1370849609375,1333.0869942679058,1306.1559438786553,1330.348960311909,6591385,0.6355173805592917,0
2023-01-13,1349.8291015625,1363.9679024832087,1317.8260159746374,1331.7403914839063,11610426,1.5568007871942457,0
2023-01-16,1369.44384765625,1371.6881017494266,1348.6172135046606,1355.5294722785563,6073063,1.4531281086653802,0
2023-01-17,1382.01171875,1384.435469422026,1368.097342887301,1370.7904478929847,5922644,0.9177354088128142,0
2023-01-18,1387.3084716796875,1393.0986048240525,1382.1017570761567,1386.724943556107,5843098,0.3832639664212323,0
2023-01-19,1381.4730224609375,1391.0335664749514,1370.0273269921345,1382.3707240663339,6165284,-0.42063097990634457,0
2023-01-20,1369.4888916015625,1386.9491460799632,1368.0974101138277,1380.6652340912512,6496429,-0.8674893149941187,0
2023-01-23,1389.64208984375,1394.3999522014951,1371.7778059195255,1377.9719689342094,4855020,1.4715853750824515,0
2023-01-24,1393.143310546875,1408.3144914155778,1391.2132299470666,1400.414672506807,5200802,0.25195125627770487,0
2023-01-25,1385.1536865234375,1396.8238083152746,1381.338454399183,1388.744493228618,4158617,-0.5734962055196746,0
2023-01-27,1363.7435302734375,1392.2903779726057,1353.1955355242728,1387.8467984858346,6209955,-1.5456881397570288,0
2023-01-30,1381.38330078125,1386.0513053859913,1364.5064664421677,1372.4062845546568,6964719,1.2934815173257341,0
2023-01-31,1376.8499755859375,1390.450178190422,1358.2226654027863,1390.450178190422,9448126,-0.32817286793235256,0
2023-02-01,1392.425048828125,1395.9710362007636,1371.7330909295972,1384.4354819888624,6194199,1.1312106270372269,0
2023-02-02,1421.73486328125,1424.6074644757896,1393.23283839779,1393.23283839779,6916834,2.1049473706173494,0
2023-02-03,1435.7840576171875,1440.4969913344742,1412.084711865144,1434.0784025458154,7040194,0.988172598054815,0
2023-02-06,1409.2569580078125,1434.5272821728975,1401.8509191605494,1434.5272821728975,4570612,-1.84756889231652,0
2023-02-07,1402.5692138671875,1414.822864476851,1396.0159473630506,1408.494023406654,4336238,-0.47455817781301146,0
2023-02-08,1427.7945556640625,1439.0158269283195,1405.3520131355485,1405.3520131355485,7983338,1.7985095885088898,0
2023-02-09,1451.5836181640625,1454.0522977867906,1423.79979497045,1432.9113793663391,6904911,1.6661404405577063,0
2023-02-10,1443.998046875,1450.955234729636,1433.1357691390035,1447.9478465069383,4786762,-0.5225721201412181,0
2023-02-13,1407.1024169921875,1433.6295447624907,1405.8007934239577,1433.6295447624907,4001199,-2.555102478335025,1
2023-02-14,1430.26318359375,1432.731863182567,1416.7079103135172,1422.5877904936112,5043736,1.6459901085999595,0
2023-02-15,1433.674560546875,1435.4250350492096,1414.7778957082892,1421.9595093920875,3465747,0.2385139317194307,0
2023-02-16,1437.9385986328125,1449.2944372484508,1434.3926112378667,1436.3226917714796,4290289,0.2974202237578272,0
2023-02-17,1421.7801513671875,1431.8343676707138,1414.3291826114166,1430.936665872801,2857734,-1.1237230352525773,0
2023-02-20,1429.5450439453125,1439.0158408168427,1420.6129557658476,1422.8122811217777,2417716,0.5461387662964778,0
2023-02-21,1417.9197998046875,1437.80391388057,1414.7778439330089,1435.1556281819492,2723288,-0.8132128602636568,0
2023-02-22,1402.030517578125,1413.8801358358503,1396.1954567000723,1403.1077157532914,3656244,-1.1206051448573562,0
2023-02-23,1392.06591796875,1409.256926645148,1389.7768444892642,1409.256926645148,4766854,-0.7107262990671437,0
2023-02-24,1392.021240234375,1408.4940454265454,1386.949203431493,1400.4147296784008,2790986,-0.0032094553712114227,0
2023-02-27,1354.9010009765625,1382.4603948856802,1348.3477357910986,1382.4603948856802,4920268,-2.666643164982352,1
2023-02-28,1335.3760986328125,1368.0972790929927,1329.7654634659286,1360.556563512157,9679811,-1.441057489047326,0
2023-03-01,1343.0067138671875,1347.3156164114991,1329.94510989306,1339.7300806437838,5125043,0.571420683819901,0
2023-03-02,1321.551513671875,1336.3186620674148,1317.197682560526,1333.0869580251103,4644499,-1.5975497347688106,0
2023-03-03,1327.9700927734375,1337.3959600849184,1322.3145285534606,1334.6579262232572,4615015,0.48568512352036297,0
2023-03-06,1353.240478515625,1364.8657820936621,1340.4034090570754,1341.660213441557,6561742,1.9029333476487276,0
2023-03-08,1339.9993896484375,1342.9618493256326,1329.5860710220854,1338.069418507106,4137080,-0.9784727162249651,0
2023-03-09,1328.95751953125,1345.0712200119858,1323.7508062262864,1342.0639414577045,5104656,-0.824020533329084,0
2023-03-10,1321.0128173828125,1323.4814967530424,1308.5347433767442,1310.6443201947616,3699580,-0.5978146051831446,0
2023-03-13,1288.2916259765625,1327.0724033065608,1281.9179661287412,1314.4147222773474,8798403,-2.476977586869833,1
2023-03-14,1274.736328125,1300.1861476889799,1266.657013369278,1293.5880625550176,7402784,-1.0521917226068433,0
2023-03-15,1274.422119140625,1295.2487527671929,1271.9085107865455,1290.894921852731,7556182,-0.024648939348670407,0
2023-03-16,1260.462890625,1272.7614692311392,1255.615279699322,1272.7614692311392,7323117,-1.095337903036242,0
2023-03-17,1275.3646240234375,1295.2936653670802,1267.016064862061,1283.7132927675293,9090018,1.1822429291074465,0
2023-03-20,1260.058837890625,1274.4668824223245,1243.1820044445224,1274.4668824223245,8221829,-1.200110607155369,0
2023-03-21,1248.43359375,1261.2707706940655,1247.80524645178,1255.8845609971513,8536755,-0.922595341665633,0
2023-03-22,1247.1319580078125,1263.2905869400715,1240.758298512187,1259.4753551088436,8356487,-0.10426151208232648,0
2023-03-23,1233.935791015625,1242.3740984776875,1229.851204859829,1242.3740984776875,7607718,-1.058121148083424,0
2023-03-24,1239.4119873046875,1255.839864166571,1236.5842047746808,1246.010073486212,7559127,0.4437991286852183,0
2023-03-27,1246.8626708984375,1252.9670859905164,1233.5318232273341,1244.4389202610448,4170193,0.6011466461570025,0
2023-03-28,1236.6737060546875,1254.9868406676687,1235.102728249846,1249.6903792948028,6633366,-0.8171681678791676,0
2023-03-29,1242.015380859375,1247.7157654262332,1224.9590464995765,1237.9307937980113,8813966,0.4319389001751217,0
2023-03-31,1281.873046875,1283.6684502024389,1251.3063709749888,1260.37313586201,8711975,3.209112111642831,0
2023-04-03,1266.5223388671875,1288.2018554237902,1261.4054833442367,1288.2018554237902,5242764,-1.1975217081937273,0
2023-04-05,1277.9232177734375,1281.469095430332,1256.7823002469104,1256.7823002469104,7506334,0.9001719556283039,0
2023-04-06,1276.4420166015625,1282.277077411361,1266.073518560293,1271.1455548730469,6948465,-0.11590689888675287,0
2023-04-10,1281.558837890625,1287.304150296638,1270.247819156027,1278.2822049918059,4993788,0.4008659400515313,0
2023-04-11,1262.30322265625,1286.7206641982061,1246.907617130072,1282.7259356078043,6942255,-1.5025151140207194,0
2023-04-12,1282.1873779296875,1285.059979527605,1256.7823760661174,1268.4974270475386,5831169,1.5752281160777981,0
2023-04-13,1247.087158203125,1266.7020280205386,1241.5214514944475,1265.534971977077,11267238,-2.7375265371304636,1
2023-04-17,1129.5780029296875,1132.136430654267,1064.0457840517952,1122.3963899019734,53171705,-9.422689865779022,1
2023-04-18,1130.5205078125,1140.0361230223534,1124.9098727143887,1140.0361230223534,12430884,0.08343867181974662,0
2023-04-19,1106.1478271484375,1126.0319387762609,1103.634328510182,1126.0319387762609,11307230,-2.1558813392268616,1
2023-04-20,1098.248291015625,1111.2200368576048,1096.4528876003903,1104.801447731595,8621249,-0.7141483207698252,0
2023-04-21,1101.794189453125,1107.0906515432816,1095.1961036957662,1102.4674657463806,8691352,0.3228685595513925,0
2023-04-24,1100.8515625,1104.1730147274745,1093.4005950715969,1102.3776114514949,8313774,-0.0855538141467993,0
2023-04-25,1099.5947265625,1109.110341734084,1090.7074586862907,1100.537247505562,6808576,-0.11416942849640233,0
2023-04-26,1101.973876953125,1106.8663078791062,1095.6899644185316,1102.3777989258251,5680192,0.2163661150015317,0
2023-04-27,1118.7607421875,1120.1522236538028,1100.043683683095,1104.1730895812436,8020704,1.5233451160193923,0
2023-04-28,1124.595703125,1130.2063382433646,1117.5935866641942,1127.2438790677813,10118277,0.5215557462349807,0
2023-05-02,1146.7689208984375,1148.833678512012,1126.2116409241175,1126.2116409241175,8886401,1.9716612567363567,0
2023-05-03,1139.318115234375,1142.3253939620522,1132.9892745231455,1136.4903330105763,5549783,-0.649721624669175,0
2023-05-04,1143.2679443359375,1145.2877729850925,1133.3482975814445,1139.1384292092687,4505401,0.346683603880904,0
2023-05-05,1130.2962646484375,1148.160551597661,1125.9424330268698,1148.160551597661,5373791,-1.1346141341376015,0
2023-05-08,1136.1312255859375,1140.3504892363796,1126.7951061867552,1133.3034433741707,5260842,0.5162328780512038,0
2023-05-09,1140.7093505859375,1141.8764064696595,1131.732334811805,1136.49019700518,4969897,0.4029574134483349,0
2023-05-10,1134.0218505859375,1145.8266517110396,1130.3412949545723,1145.8266517110396,6515734,-0.58625801538007,0
2023-05-11,1127.60302734375,1145.3775639523772,1124.8651030446258,1140.305527683217,6888461,-0.5660228891419483,0
2023-05-12,1117.8182373046875,1127.5134605758558,1112.2974589019764,1125.134528889781,8292212,-0.8677513097949174,0
2023-05-15,1129.6229248046875,1139.0937216777986,1118.2221569213568,1122.0373891886634,5534710,1.0560471377228264,0
2023-05-16,1134.96435546875,1143.6270896069495,1133.5728739365072,1135.5927028546282,5236469,0.4728507669925275,0
2023-05-17,1119.34423828125,1131.9568810406574,1115.3494000856915,1131.6427073715677,10465667,-1.3762650000623822,0
2023-05-18,1118.536376953125,1130.7900277183155,1115.3494919176374,1129.8473970507112,6948732,-0.07217273297135396,0
2023-05-19,1139.09375,1143.0436595385552,1124.6407740269224,1127.5583046568154,11094136,1.8378814914248087,0
2023-05-22,1160.5489501953125,1163.0624495275167,1140.3057304351832,1142.729481502441,7625947,1.8835324305231715,0
2023-05-23,1167.0572509765625,1179.7148242453716,1164.364145617976,1166.2941167921063,7436031,0.5607950255053673,0
2023-05-24,1165.80029296875,1171.500676643536,1159.202207626038,1163.6907159656682,4824077,-0.10770320022952529,0
2023-05-25,1170.917236328125,1173.2961678428223,1157.3619620438858,1162.0748961534305,4334121,0.4389210905364038,0
2023-05-26,1182.677001953125,1188.063211884976,1172.398361832931,1172.398361832931,5521606,1.0043208230393397,0
2023-05-29,1179.939208984375,1196.3670853553535,1175.8546221650074,1196.3670853553535,4419365,-0.23149118180438855,0
2023-05-30,1188.42236328125,1190.7115464294097,1175.2261922392356,1180.477725221967,6274719,0.7189484197390739,0
2023-05-31,1183.440185546875,1194.9307014660071,1179.7147016049091,1184.8315574211917,17800782,-0.41922618492462593,0
2023-06-01,1184.5172119140625,1193.4942275405426,1183.2604078098132,1187.255245513223,4277841,0.09100809490341089,0
2023-06-02,1181.7880859375,1194.4338775054596,1179.104315999841,1190.8857617337856,10909311,-0.2303998581964506,0
2023-06-05,1186.7918701171875,1191.2951754512299,1180.241587621195,1186.3369863034209,5002553,0.4234079052944706,0
2023-06-06,1163.5927734375,1172.3265202842344,1158.134167776339,1172.3265202842344,10008100,-1.95477381197402,0
2023-06-07,1172.644775390625,1177.2391456905614,1166.7768194344242,1174.0549594386935,5397578,0.7779355595672444,0
2023-06-08,1167.0499267578125,1175.4197442918237,1165.5032551977433,1170.1430477667195,5034942,-0.47711367928525705,0
2023-06-09,1151.72021484375,1166.7769126021076,1149.9462124982956,1166.7769126021076,5339073,-1.3135437964209462,0
2023-06-12,1175.3741455078125,1178.785773831074,1158.1340948031748,1158.5889785796096,4785588,2.0537913947504594,0
2023-06-13,1187.1102294921875,1188.611368241848,1180.0141088524708,1182.6069242988215,4846587,0.998497714896085,0
2023-06-14,1183.061767578125,1188.7932366228665,1176.5113744554915,1188.474840185205,3457981,-0.34103504573407273,0
2023-06-15,1170.6890869140625,1177.1938369363772,1166.9135288571645,1177.1938369363772,6161155,-1.0458186548780946,0
2023-06-16,1175.1011962890625,1184.0623838210365,1165.457683142132,1170.8707552652124,8536287,0.3768813961211759,0
2023-06-19,1177.2392578125,1182.2429795419966,1170.9164175038359,1177.2392578125,4451787,0.18194701275000558,0
2023-06-20,1185.791015625,1187.24662145551,1174.6008306327171,1177.239178669295,4009180,0.726424790521385,0
2023-06-21,1182.1064453125,1186.154977548267,1178.1489786763307,1182.6522836320391,4041529,-0.3107267860819385,0
2023-06-22,1165.91259765625,1173.0542504034897,1158.588924773524,1173.0542504034897,6676607,-1.3699145047778694,0
2023-06-23,1150.856201171875,1163.9113461440024,1149.355062176611,1161.272997463786,7239467,-1.29138294882839,0
2023-06-26,1155.72314453125,1159.0438181837924,1148.3540498449702,1155.6321899905513,3403244,0.4228976091382286,0
2023-06-27,1163.7293701171875,1166.3221858386987,1159.2259533902843,1164.502650447375,3240024,0.6927459767351651,0
2023-06-28,1176.6478271484375,1179.6955262002027,1165.7761494538163,1173.6001280966725,5662358,1.110091174372374,0
2023-06-30,1214.99462890625,1218.0878609550978,1186.7463005247835,1190.1579290222737,12821692,3.2589871729712394,0
2023-07-03,1213.3568115234375,1224.546995653356,1208.580532379916,1209.9907163588139,7732412,-0.13480038049936693,0
2023-07-04,1223.77392578125,1224.5472060405089,1211.2646211133026,1223.0006455219911,5797775,0.858536760075812,0
2023-07-05,1225.72998046875,1235.4189169481579,1219.9983999394044,1235.327962395677,5414936,0.15983791174920547,0
2023-07-06,1222.6365966796875,1225.8662047537898,1216.495665897886,1221.4084327344483,5963897,-0.25237073730378645,0
2023-07-07,1210.1727294921875,1224.3651918692738,1205.7603791627248,1213.6298905441663,6295647,-1.019425332216306,0
2023-07-10,1209.2176513671875,1220.817188493727,1200.2564625432983,1215.9499539497926,3940315,-0.07892081037066401,0
2023-07-11,1226.9124755859375,1229.0049853388443,1207.2615190395204,1213.129475218487,6126128,1.4633283097334582,0
2023-07-12,1212.9932861328125,1229.914942685519,1207.2617053550714,1229.0961295664667,8102770,-1.1344891938178114,0
2023-07-13,1241.9237060546875,1252.5680534152623,1210.7641663190607,1214.4487694545699,9977644,2.3850436974889755,0
2023-07-14,1297.282958984375,1300.9675618860852,1256.0705566992494,1256.0705566992494,12833381,4.457540560647755,0
2023-07-17,1294.553955078125,1327.3055935629725,1286.6845530089101,1297.2832582851956,11569884,-0.21036304280035445,0
2023-07-18,1342.0889892578125,1344.5908499157708,1300.057774626354,1304.6066121862784,16743977,3.6719237536004368,0
2023-07-19,1341.8616943359375,1363.559740717556,1328.8975058703597,1351.9146708665796,13687062,-0.01693590542015677,0
2023-07-20,1318.7081298828125,1338.2681331891117,1310.7021306189188,1338.2681331891117,8347221,-1.725480692299164,0
2023-07-21,1211.4464111328125,1228.186155763225,1187.2466172377842,1201.075039161913,45548305,-8.133848295872104,1
2023-07-24,1215.995361328125,1228.0953149237007,1213.8574296627578,1219.998361010124,8859789,0.3754974345962836,0
2023-07-25,1214.1759033203125,1221.681486555465,1204.7598302000642,1216.3593679271178,6801982,-0.14962705168753976,0
2023-07-26,1227.139892578125,1228.186147433356,1218.5426339683336,1221.817774817035,5528885,1.0677192013414993,0
2023-07-27,1231.052001953125,1240.7410487249037,1225.5024420215238,1236.0101907567564,9191861,0.3187989730152996,0
2023-07-28,1219.5433349609375,1240.7863838959101,1215.4493812068724,1231.6887088868766,6122735,-0.9348644065342859,0
2023-07-31,1233.3719482421875,1235.0095744205735,1212.9477090948283,1227.0491075504592,7902180,1.1339173348598575,0
2023-08-01,1242.0147705078125,1245.4719320533654,1234.5547200850378,1239.1035584051742,6064652,0.7007474329169483,0
2023-08-02,1234.4180908203125,1248.1555587567932,1226.7760211098619,1245.7447635687552,7419145,-0.6116416541804948,0
2023-08-03,1241.1959228515625,1243.2428998554956,1227.2764348025732,1228.186202359877,6503741,0.5490710223426731,0
2023-08-04,1253.9781494140625,1260.8469392172133,1239.1034713632262,1245.380890015176,5712345,1.0298314977649659,0
2023-08-07,1267.3062744140625,1269.1258096249944,1252.7499927266074,1262.6664818373094,3729093,1.0628674037284958,0
2023-08-08,1264.759033203125,1267.8068438934386,1259.4824470885333,1267.169939859444,4161877,-0.20099649645585194,0
2023-08-09,1268.5799560546875,1270.0355619948482,1257.7536994683937,1259.1183508602219,4090828,0.302106784869971,0
2023-08-10,1263.7581787109375,1269.853688398212,1260.5739920409878,1266.0325977609016,3873025,-0.3800925058555893,0
2023-08-11,1248.0645751953125,1270.8087636526227,1243.6977576448737,1266.396413303026,5783517,-1.2418201345792967,0
2023-08-14,1267.806640625,1269.1257591782453,1242.378570429603,1248.0646177377491,4304135,1.5818144206679374,0
2023-08-16,1290.50537109375,1291.824489722674,1278.5874374632606,1283.5002048304689,7735313,1.7903937194681419,0
2023-08-17,1284.182373046875,1291.8698640834398,1279.133118944589,1291.8698640834398,5618346,-0.4899629392100868,0
2023-08-18,1263.485107421875,1281.5893912399047,1261.0742014139887,1277.0405538875152,5134103,-1.6117076561246724,0
2023-08-21,1278.5872802734375,1280.042886077757,1261.9840232223223,1264.3493965362918,3032722,1.1952790549607961,0
2023-08-22,1277.086181640625,1279.1786914005518,1270.626854331071,1277.9504163795991,2890714,-0.11740290678408094,0
2023-08-23,1280.9072265625,1288.7767383819312,1278.8148277508842,1288.2309000421885,2559125,0.29920024010958723,0
2023-08-24,1295.1451416015625,1296.4643712635414,1286.8207457961107,1293.2346518402169,5171963,1.111549278808588,0
2023-08-25,1291.9609375,1294.14440193583,1284.0460038576823,1285.5016097963642,4307172,-0.2458569313416814,0
2023-08-28,1287.912353515625,1296.2367481573856,1284.0458417309012,1291.9607743738602,3133464,-0.31336736791819364,0
2023-08-29,1289.7320556640625,1295.8729869417455,1287.594124022955,1295.509057691945,3074444,0.14129083733611658,0
2023-08-30,1305.653076171875,1307.0177276584382,1295.5091445772975,1298.2384475504239,3070887,1.2344440411396151,0
2023-08-31,1305.92578125,1314.523151204695,1299.739428562197,1305.6529176191962,9792735,0.020886488386673285,0
2023-09-01,1313.5679931640625,1315.524015813637,1299.3301072963106,1301.8319683222358,3582133,0.5851949646592969,0
2023-09-04,1332.900390625,1337.358273748617,1305.2434354057439,1312.7945503532342,4609014,1.4717469945632944,0
2023-09-05,1345.455322265625,1346.5015772139598,1325.0765058688094,1332.8095304482017,5496840,0.9419257229520417,0
2023-09-06,1344.135986328125,1349.0942859762029,1331.2628646848657,1348.1845184505673,5075786,-0.09805869549636137,0
2023-09-07,1333.901123046875,1340.4515159698167,1330.1256765994524,1337.90412243496,4411743,-0.7614455222800243,0
2023-09-08,1336.994384765625,1341.679709913553,1328.442547485381,1331.4448248574233,3125838,0.2318958778357194,0
2023-09-11,1343.226318359375,1344.6820353527714,1332.3546400444875,1336.994432557999,4182226,0.4661151658346352,0
2023-09-12,1365.652099609375,1368.2904478169532,1343.8176775697427,1348.7304447397828,6793161,1.669545998576849,0
2023-09-13,1363.150390625,1369.200367950324,1354.3256884896966,1369.200367950324,4804686,-0.18318786937687737,0
2023-09-14,1370.9742431640625,1376.0690305788348,1363.8781225031132,1369.200240762729,6444213,0.5739537319484844,0
2023-09-15,1375.20458984375,1381.391053531654,1372.8392164532954,1381.0271243049056,8657816,0.30856500045721713,0
2023-09-18,1357.1912841796875,1369.1092169496771,1353.7341230453653,1369.1092169496771,3991916,-1.309863695707203,0
2023-09-20,1355.78125,1360.193600922578,1342.9989700048607,1342.9989700048607,4169337,-0.1038935481036285,0
2023-09-21,1366.24365234375,1368.791046342537,1342.8171339166804,1352.4152276362358,6779195,0.7716880834389706,0
2023-09-22,1361.148681640625,1370.9741041105199,1351.186660777571,1357.2821697249913,5455613,-0.37291816100186725,0
2023-09-25,1341.1337890625,1355.4170944618959,1338.768415761757,1355.4170944618959,4217863,-1.4704413153455498,0
2023-09-26,1328.8521728515625,1346.3652005445954,1327.3510339810348,1345.6828747903214,3996528,-0.9157636852563988,0
2023-09-27,1334.6290283203125,1336.994401796738,1319.2085123948889,1324.6215850268404,3863586,0.4347252152475001,0
2023-09-28,1309.56494140625,1339.7237598799838,1305.51651996519,1335.4478965364908,5814602,-1.8779815500946095,0
2023-09-29,1305.92578125,1316.251731755555,1288.2308468786073,1302.8780821778992,6068968,-0.277890774346945,0
2023-10-03,1304.606689453125,1307.3359921507258,1292.142918222993,1306.4717573853966,4181867,-0.10100817487593838,0
2023-10-04,1314.022705078125,1319.1173810169118,1290.2322620419864,1296.41872564626,4510406,0.7217512911072976,0
2023-10-05,1331.3994140625,1342.4986459516133,1319.3449927806503,1320.9826189619423,7384621,1.3224055350962827,0
2023-10-06,1345.2734375,1350.5501345192267,1331.2631039318392,1336.9036191822188,3598672,1.042063207401167,0
2023-10-09,1342.3165283203125,1356.4634585781648,1330.2621079137662,1332.7185470073355,3567552,-0.21979986352681502,0
2023-10-10,1360.2388916015625,1361.9219392552532,1336.5394039477924,1350.004007288522,5688951,1.3351815986112348,0
2023-10-11,1359.5567626953125,1381.2546983673178,1347.7752053035967,1361.922136312119,7220129,-0.05014772849546434,0
2023-10-12,1333.264404296875,1368.654385789573,1320.982541821264,1357.2822909047482,11081662,-1.9338919212400607,0
2023-10-13,1302.013916015625,1308.2458018313064,1273.6746332154582,1278.2234711912276,17973439,-2.3439077935730634,1
2023-10-16,1304.7431640625,1313.340423053773,1300.9676064898863,1302.8780961484347,4850745,0.20961742522898064,0
2023-10-17,1312.2943115234375,1322.2108011891066,1308.291422679862,1310.2928671016498,3923764,0.5787458918294686,0
2023-10-18,1310.565673828125,1322.8020028156968,1308.5641186072812,1311.8847923385383,4264837,-0.13172637266908316,0
2023-10-19,1304.2884521484375,1309.7470582096269,1297.419661765858,1297.419661765858,6795691,-0.4789704022501895,0
2023-10-20,1298.4656982421875,1308.7005828841384,1296.6461631947295,1300.9675589324422,3928622,-0.4464314543810244,0
2023-10-23,1281.5440673828125,1303.1055136577397,1278.4508355358098,1296.964582762976,2636516,-1.3032019931125571,0
2023-10-25,1262.5601806640625,1292.5103316871437,1254.4966784655405,1289.2388086550927,6940777,-1.4813292185511195,0
2023-10-26,1252.7918701171875,1266.2003688015045,1246.9400932403355,1248.7371699932087,6357656,-0.7736906878955452,0
2023-10-27,1272.0521240234375,1276.3373223697179,1256.6623976967833,1256.6623976967833,4634358,1.5373865656111319,0
2023-10-30,1269.0111083984375,1272.0521334622172,1256.155513264206,1272.0521334622172,2667696,-0.23906375906841415,0
2023-10-31,1261.0396728515625,1272.7893480503349,1256.0633173275878,1271.6834287710847,3451595,-0.6281612110500268,0
2023-11-01,1247.90771484375,1269.379603358429,1245.6038569027073,1265.3249033766447,3090672,-1.0413596249606916,0
2023-11-02,1262.65234375,1268.319856505661,1254.819227134566,1262.5140897817043,3758060,1.1815480208082763,0
2023-11-03,1280.069580078125,1282.7880874213406,1269.6560973022642,1271.7756915818663,3349045,1.3794166236128724,0
2023-11-06,1293.20166015625,1296.8417109189295,1281.6823697767961,1284.5391312922866,2736381,1.0258879894109674,0
2023-11-07,1294.1231689453125,1295.5976155760281,1285.4145181543718,1290.1604881630135,2272209,0.07125793427693594,0
2023-11-08,1281.8665771484375,1294.7681818070128,1277.6735106371746,1294.7681818070128,3550635,-0.9470962340365152,0
2023-11-09,1266.9376220703125,1287.8566074771882,1262.5602919196745,1286.3821608724284,5498051,-1.164626283597714,0
2023-11-10,1261.454345703125,1265.4170263311844,1254.2202543175401,1262.46802069147,2943649,-0.43279765883242893,0
2023-11-13,1265.78564453125,1273.9872886097166,1263.2974105189112,1271.5912989072524,3462092,0.34335755732093354,0
2023-11-15,1299.8367919921875,1303.0621934611509,1283.7097846473714,1289.2390443084512,8551860,2.6901195797292665,0
2023-11-16,1331.537841796875,1339.3709592887674,1299.9288638617754,1304.9973516506468,6673907,2.4388484769769514,0
2023-11-17,1324.7645263671875,1337.1592379171582,1322.4606682729127,1327.9899276991723,4901251,-0.5086836601314371,0
2023-11-20,1323.88916015625,1338.0809503096666,1321.1706522585712,1328.865516767589,3584210,-0.06607711736801303,0
2023-11-21,1326.1007080078125,1336.2376835381015,1324.0272357402534,1328.8653376978914,3793135,0.16704932090398916,0
2023-11-22,1343.4256591796875,1344.4853438157159,1323.5202369954038,1323.5202369954038,3108786,1.3064581797789687,0
2023-11-23,1335.5465087890625,1352.733312304696,1334.1180718038254,1352.733312304696,3186928,-0.586496940622383,0
2023-11-24,1324.626220703125,1338.6797545299087,1321.3546973396635,1332.1368202960523,2973195,-0.8176643803920358,0
2023-11-28,1329.5103759765625,1331.6299704076575,1315.088314388403,1330.7084271755414,3755373,0.3687195072165306,0
2023-11-29,1345.0845947265625,1346.0982698704156,1336.0535377713234,1337.2514765802114,3875778,1.1714251375105178,0
2023-11-30,1340.983642578125,1346.0521303013406,1335.8230230312827,1339.2326879569457,10120867,-0.30488432954443034,0
2023-12-01,1338.357421875,1345.3611286776788,1332.6899079023092,1345.3611286776788,3489187,-0.19584285890884567,0
2023-12-04,1349.461669921875,1356.4193656021828,1335.592513208383,1345.867629189617,5511948,0.8296922679532193,0
2023-12-05,1339.8778076171875,1351.8118605948976,1328.8654104130064,1350.7981854850148,5123039,-0.7101989273428089,0
2023-12-06,1358.63134765625,1361.1194695973477,1337.2054656873006,1342.4582175598755,5269178,1.3996455447242262,0
2023-12-07,1350.8902587890625,1357.2949393135057,1347.1119540015106,1357.2949393135057,4424453,-0.5697711068231692,0
2023-12-08,1374.1593017578125,1377.4307129471217,1351.2128512985264,1355.0372784572535,6323433,1.722496910267779,0
2023-12-11,1371.717041015625,1380.471701337861,1365.727010268832,1373.0993558033465,3862018,-0.17772762874459502,0
2023-12-12,1360.243896484375,1373.0993792323097,1352.5029110424384,1361.5800891380788,6103494,-0.8364075234317481,0
2023-12-13,1335.316162109375,1360.2439518858023,1320.7097241735976,1360.19782972632,8549258,-1.8325929959639664,0
2023-12-14,1383.65087890625,1392.4516607400496,1346.6970221224815,1348.5862305244145,12489858,3.619720794850667,0
2023-12-15,1454.563720703125,1463.9174061115036,1401.6671217492806,1403.556330191334,18395389,5.12505306634361,0
2023-12-18,1441.6160888671875,1468.0183241638513,1437.88390638634,1444.9336219034078,6467243,-0.8901385103760706,0
2023-12-19,1436.0408935546875,1450.4629554436433,1422.1716226248461,1446.915036424613,4221721,-0.38673231767835103,0
2023-12-20,1415.8590087890625,1459.2636714338232,1409.9611097529205,1442.2612442252062,6592367,-1.405383708514596,0
2023-12-21,1415.4903564453125,1425.3048140325604,1401.897594233354,1401.897594233354,5319038,-0.026037362580710877,0
2023-12-22,1440.2799072265625,1443.1366686825568,1403.5103106025122,1414.522706978693,6741060,1.7513048159157663,0
2023-12-26,1422.816650390625,1426.5489455360587,1403.5103643743007,1414.5688833319446,6878067,-1.212490485239437,0
2023-12-27,1444.1502685546875,1446.8227662265847,1422.862643983342,1422.862643983342,4225849,1.4993933447577712,0
2023-12-28,1440.049560546875,1445.8552154390939,1432.9997322913293,1445.8552154390939,5702253,-0.28395299970525034,0
2023-12-29,1421.8489990234375,1437.1004712006081,1419.1765012951132,1420.144166634131,4388990,-1.26388438440449,0
2024-01-01,1429.635986328125,1434.8427277811138,1414.799163664711,1418.254950581332,2808451,0.5476662648449926,0
2024-01-02,1414.015869140625,1427.6086309615123,1403.5102544550214,1424.7057474638627,5396313,-1.092594012523329,0
2024-01-03,1373.0994873046875,1400.6996635455614,1371.2564007445471,1400.6996635455614,7550363,-2.89362960691556,1
2024-01-04,1394.0181884765625,1400.5151122640198,1375.7717027742844,1386.8762295227568,7056038,1.523465806031088,0
2024-01-05,1412.31103515625,1418.8999788505123,1388.07440470264,1388.5351762892633,8895403,1.3122387376938383,0
2024-01-08,1403.3260498046875,1415.4903752195028,1394.52526712299,1408.9934505703893,4440136,-0.6361902674341446,0
2024-01-09,1409.316162109375,1431.1566925228285,1406.1367703448866,1420.9275847658068,4412074,0.4268510732428288,0
2024-01-10,1400.6534423828125,1414.983370728282,1386.9224270844938,1405.3071677486228,4096845,-0.6146753978608088,0
2024-01-11,1376.9698486328125,1405.3534251009314,1369.9661425866611,1405.261293276588,11296088,-1.690896051325097,0
2024-01-12,1486.2188720703125,1491.056974118596,1433.3683893367258,1439.450552270239,26754401,7.934017113444636,0
2024-01-15,1522.4815673828125,1534.3233755421343,1507.6447436874366,1515.8925107048797,13228305,2.439929676171171,0
2024-01-16,1503.5439453125,1519.1640585147397,1497.5077919845023,1515.7543934625273,6500917,-1.243865441528258,0
2024-01-17,1511.51513671875,1518.2424471875822,1493.1303945709744,1493.1303945709744,9209876,0.5301601879413864,0
2024-01-18,1513.7269287109375,1519.6248280436816,1500.5028054955274,1513.7730508709333,6375464,0.14632946362607147,0
2024-01-19,1529.0244140625,1534.830181149936,1515.1552565650597,1522.0207083253042,4522736,1.0105842118161679,0
2024-01-23,1513.3121337890625,1543.3082963711743,1509.2111992011553,1520.638356967558,9401255,-1.027601660832289,0
2024-01-24,1543.95361328125,1548.1926898142694,1515.9386754431387,1529.669692631178,8999681,2.0247957316952725,0
2024-01-25,1538.147705078125,1548.6994420250173,1527.9185982399085,1541.6956238359799,8865304,-0.3760416215346063,0
2024-01-29,1526.6285400390625,1547.5936491768944,1518.3346507098104,1534.5077798990815,4253785,-0.748898496615924,0
2024-01-30,1521.8824462890625,1557.4079810311105,1518.9335530973535,1532.0194213135253,4995943,-0.31088726730331695,0
2024-01-31,1530.59130859375,1536.4430861232538,1509.5800760939778,1518.9337632044703,6763779,0.5722427724902834,0
2024-02-01,1527.0433349609375,1545.4280783736983,1520.8689274978267,1529.3471931576782,5760011,-0.23180411471643847,0
2024-02-02,1560.4951171875,1583.6719506012253,1534.3693906028748,1535.3370559365164,7858483,2.190624290791221,0
2024-02-05,1554.82763671875,1567.3145920332188,1549.8974031142452,1561.7853328521521,3634135,-0.36318476144703293,0
2024-02-06,1593.762939453125,1597.0344630098957,1542.6172887335351,1554.4130874102375,7694265,2.5041555613548594,0
2024-02-07,1560.86376953125,1593.3481668011993,1554.5050990563916,1593.3481668011993,4613877,-2.0642448828157467,1
2024-02-08,1559.34326171875,1572.4752526176906,1550.7729772594932,1564.7803892211357,5919715,-0.09741451125850897,0
2024-02-09,1538.3780517578125,1560.0804381745947,1529.5773820750176,1552.5237167662156,4600004,-1.3444897269013767,0
2024-02-12,1548.284912109375,1560.1267212932257,1539.2998647238455,1539.2998647238455,3555808,0.6439808693475824,0
2024-02-13,1552.3857421875,1556.578696520759,1532.9872115852988,1550.957305138598,2696481,0.264862755301154,0
2024-02-14,1535.4752197265625,1538.4702350970776,1507.1838887623073,1529.9459605809961,3768579,-1.0893247729207078,0
2024-02-15,1544.828857421875,1555.3344719693396,1531.2360957797196,1545.4278829759044,4834391,0.6091689123435051,0
2024-02-16,1568.14404296875,1574.917363137815,1555.5188333576436,1556.486498735968,4880654,1.5092406796300528,0
2024-02-19,1566.3931884765625,1577.221322004787,1555.2885469674084,1571.2312906913012,3690993,-0.11165138177439138,0
2024-02-20,1553.0306396484375,1561.3245282446908,1537.825177221973,1552.800253854097,3706389,-0.8530775622895281,0
2024-02-21,1525.6610107421875,1542.663439133254,1516.2151921931338,1542.663439133254,4300508,-1.7623366988075428,0
2024-02-22,1549.4366455078125,1552.4316609246032,1515.3856690741432,1534.3694366019563,5841277,1.5583825370262927,0
2024-02-23,1545.2896728515625,1565.194983220865,1540.728079066558,1563.8587905950133,5373072,-0.2676438993664654,0
2024-02-26,1529.89990234375,1543.5386736406174,1515.9385009458492,1543.5386736406174,2782438,-0.9959149263848666,0
2024-02-27,1533.079345703125,1539.9909201570279,1523.1267459853489,1530.6833557243867,5159088,0.20782035180890723,0
2024-02-28,1540.129150390625,1555.380736114235,1531.6509975218291,1538.9772213327412,3188916,0.45984604171069865,0
2024-02-29,1542.571044921875,1550.2659074446117,1523.587279224107,1534.3692886879348,7814722,0.15855128322392886,0
2024-03-01,1524.87744140625,1540.774061120071,1521.467776667757,1538.05555376044,6387291,-1.1470203316646055,0
2024-03-04,1508.7506103515625,1533.862664687169,1505.4791992091916,1527.7805015485362,4445156,-1.0575821122919438,0
2024-03-05,1480.4591064453125,1508.8886908149464,1476.3121621695554,1505.8015436860508,4596579,-1.8751610579072153,0
2024-03-06,1490.6424560546875,1493.038446210239,1452.3522857571936,1477.049691958927,6420684,0.6878507866269867,0
2024-03-07,1489.6285400390625,1500.6870590284748,1478.3396352373709,1489.7667940250446,6348359,-0.06801872652336671,0
2024-03-11,1475.02197265625,1487.186409973432,1463.4105512344881,1481.9796685740168,6752895,-0.980550989069362,0
2024-03-12,1486.403076171875,1497.5077168540815,1472.303532549028,1474.4691365947879,4614222,0.7715887442089953,0
2024-03-13,1484.9747314453125,1497.046924837975,1473.1329238521018,1486.3570462420234,5688997,-0.09609403730790333,0
2024-03-14,1523.58740234375,1527.6882245455754,1481.8414508033693,1487.7393497230903,8803799,2.6002241035344875,0
2024-03-15,1505.801513671875,1516.6757678865583,1491.3793408128192,1512.3444475668186,11809997,-1.1673691082319748,0
2024-03-18,1476.9112548828125,1504.5575513115562,1473.4093456712776,1502.11543929507,4958904,-1.9185967424494077,0
2024-03-19,1438.943603515625,1473.5475961267095,1435.764324431153,1467.4193112677192,6870411,-2.5707469722139886,1
2024-03-20,1432.9534912109375,1451.3843544053573,1430.5575014942751,1440.371958643916,4759059,-0.4162854117459869,0
2024-03-21,1432.72314453125,1453.2274803947662,1422.3097740379771,1441.2935411478331,11062497,-0.016074958545431173,0
2024-03-22,1390.4705810546875,1408.9475691551058,1380.6561224439051,1401.6673546108455,14673890,-2.949108740082962,1
2024-03-26,1375.54150390625,1389.1802760076575,1371.164173630106,1374.9424783172167,8351081,-1.073670838624552,0
2024-03-27,1367.431884765625,1381.3932870499673,1365.3124028550521,1378.628657389427,6857402,-0.5895583025008921,0
2024-03-28,1380.517822265625,1393.189041141791,1370.4729789851785,1370.4729789851785,12499530,0.956971798433881,0
2024-04-01,1378.121826171875,1409.9150687111335,1375.6798265220143,1405.353474561426,6580002,-0.1735577806462385,0
2024-04-02,1366.5103759765625,1376.0023163808078,1364.6672894897633,1368.353462463362,7279400,-0.842556149594309,0
2024-04-03,1364.48291015625,1377.7991638971826,1359.2761687738598,1362.9623414349414,8736248,-0.14836812482038608,0
2024-04-04,1370.058349609375,1378.306229462609,1352.825535267705,1373.6063812324333,11186915,0.40861189331322656,0
2024-04-05,1363.054443359375,1370.0581487632178,1360.2438042627782,1363.9299768430176,5072482,-0.5112122598279756,0
2024-04-08,1360.8427734375,1373.9747637962018,1358.4467836601393,1366.6485404880466,6610887,-0.16225836999027576,0
2024-04-09,1377.56884765625,1395.0321590156452,1370.6112639030227,1373.0993855776476,9423230,1.2290967439610778,0
2024-04-10,1388.581298828125,1391.3919380114644,1368.076963217734,1382.6372778632074,6744595,0.7994120359654744,0
2024-04-12,1368.2611083984375,1388.5811786121503,1363.4230071564157,1386.0008129525172,12275616,-1.4633777976728046,0
2024-04-15,1352.9637451171875,1374.8964069734686,1346.420810540168,1363.884010132131,8531224,-1.1180149159655484,0
2024-04-16,1303.4766845703125,1340.9835588768526,1302.1866141339272,1337.1591322439795,16173541,-3.657678243446849,1
2024-04-18,1307.9000244140625,1331.3532509485221,1297.071893156803,1309.6048566240418,22107945,0.33934936436612606,0
2024-04-19,1300.52783203125,1314.903883353496,1270.5776782377934,1276.3373231980736,20603621,-0.5636663540942499,0
2024-04-22,1320.341064453125,1324.1193692022916,1302.1867077963823,1308.4992564312556,5859087,1.5234762327946072,0
2024-04-23,1329.2340087890625,1333.334831262017,1320.571479724218,1329.786912241484,4856174,0.6735338750992304,0
2024-04-24,1318.4979248046875,1330.9848800805114,1315.0882599841418,1330.9848800805114,4268213,-0.8076895349792945,0
2024-04-25,1325.59375,1331.5377710414832,1308.5913232271268,1308.5913232271268,9089398,0.5381749232835187,0
2024-04-26,1318.0372314453125,1331.9986341616486,1315.0422158870554,1326.7457701482465,8062444,-0.570047841179655,0
2024-04-29,1322.18408203125,1326.8379201034072,1316.1940513407444,1317.7606297548816,5055957,0.31462317505175363,0
2024-04-30,1309.098388671875,1323.8430815716633,1306.3337587531646,1322.1381364606618,6936588,-0.9897028361793403,0
2024-05-02,1303.4766845703125,1312.2774667921617,1301.0806948402314,1302.1404919784582,10076354,-0.42943327638390594,0
2024-05-03,1305.1817626953125,1313.0148803966708,1293.109456008172,1310.5266461015717,8842345,0.1308100210140717,0
2024-05-06,1314.028564453125,1332.27505360971,1305.9189387214822,1308.5914366893924,6445422,0.6778214353488243,0
2024-05-07,1327.897705078125,1330.1094313833817,1304.536606119083,1313.1530130338447,6080661,1.0554672097841333,0
2024-05-08,1315.3187255859375,1326.7918940500197,1313.7520345652563,1322.6449494254493,6234983,-0.9472852798888876,0
2024-05-09,1326.607421875,1336.1913801730982,1313.060670734901,1315.5489046143746,6088406,0.8582479721052971,0
2024-05-10,1313.10693359375,1323.289918499904,1302.1405469699123,1322.460619610937,8777481,-1.017670190791542,0
2024-05-13,1311.770751953125,1313.199189050727,1300.4818466437416,1313.199189050727,3735954,-0.1017572603145167,0
2024-05-14,1312.922607421875,1321.2626187308836,1306.7944348778417,1314.489298423798,3463230,0.08780920500286449,0
2024-05-15,1308.545166015625,1319.4655424641765,1307.255095585117,1314.120547134986,4327544,-0.33341199104232055,0
2024-05-16,1339.32470703125,1341.5364330774394,1315.0420676637514,1321.4467475230538,9249145,2.352195538603019,0
2024-05-17,1330.98486328125,1342.6884167000094,1326.3310252131012,1342.6884167000094,7542860,-0.622690203967502,0
2024-05-21,1321.6312255859375,1331.3534390178734,1316.332352094495,1317.8067987413262,6752663,-0.7027606363796735,0
2024-05-22,1340.6611328125,1345.406990441256,1315.963729310014,1316.6548867308702,7173285,1.439880267517557,0
2024-05-23,1356.88037109375,1362.17924504405,1336.237778771356,1340.5689872639355,8641428,1.2097940250736183,0
2024-05-24,1350.15283203125,1359.7369031866842,1345.4529845154584,1353.0557154211108,5277938,-0.4958092994651442,0
2024-05-27,1355.91259765625,1363.5153292403581,1345.6834903871545,1356.373369267408,5821844,0.42660101051927857,0
2024-05-28,1351.9500732421875,1360.1978403527887,1345.7296562893546,1359.7370687266528,6186922,-0.2922404011078461,0
2024-05-29,1337.1131591796875,1350.521658721026,1336.237738072663,1350.4295268928772,7401634,-1.0974454128264366,0
2024-05-30,1315.456787109375,1336.0993771509409,1310.0197722599248,1329.6025651299135,9663150,-1.6196364474939884,0
2024-05-31,1322.459716796875,1350.5181357141773,1315.9738228639974,1325.18568552157,37113815,0.5323572584158054,0
2024-06-03,1321.519775390625,1353.5731158092904,1319.7337879140582,1353.5731158092904,10589244,-0.07107523914048341,0
2024-06-04,1310.0048828125,1330.0734594103187,1276.8234990229753,1324.4335719499218,13736134,-0.8713371371776413,0
2024-06-05,1344.2672119140625,1351.6930870098186,1316.1148183429186,1316.1148183429186,9233424,2.6154352209744047,0
2024-06-06,1383.8876953125,1385.81470319026,1351.2233397940015,1358.2261557270542,12660930,2.9473666431261814,0
2024-06-07,1441.555419921875,1447.289283385155,1388.5874921626576,1392.1124223339962,24075302,4.167081245444049,0
2024-06-10,1409.737060546875,1437.983546630723,1407.4341520864498,1433.7536304630544,6810606,-2.2072241507526957,1
2024-06-11,1405.9769287109375,1416.0346820025904,1404.2849165946768,1410.018893908781,4853054,-0.26672575625407147,0
2024-06-12,1396.060302734375,1418.1969101793593,1393.7573942458623,1416.5519427607585,9564320,-0.7053192534001607,0
2024-06-13,1404.28515625,1414.6719965407349,1399.961264790733,1405.2721826102318,7307565,0.5891474386540141,0
2024-06-14,1399.5382080078125,1413.4498626747718,1396.8592841989566,1413.4498626747718,4237727,-0.33803307120782167,0
2024-06-18,1408.280029296875,1416.5519111720494,1405.6481503320965,1407.152097561087,5420939,0.6246218387639502,0
2024-06-19,1420.6407470703125,1424.6827126496337,1406.8699977638037,1414.6718886285164,5493456,0.8777173229963964,0
2024-06-20,1424.44775390625,1426.4216917830183,1409.1260120772156,1425.2937600659554,7927010,0.2679781530825709,0
2024-06-21,1440.70947265625,1464.256053061363,1432.2496398990345,1452.2712899886412,17301941,1.1416156686270718,0
2024-06-24,1435.4925537109375,1437.325471461373,1424.4477727552649,1433.0486251290843,5564989,-0.36210763129738144,0
2024-06-25,1449.4041748046875,1451.237207255743,1429.1006009006553,1434.4115183965616,4551525,0.9691183042215501,0
2024-06-26,1448.2291259765625,1455.889996430208,1442.8712785271127,1448.5111662607692,4851004,-0.08107116348573529,0
2024-06-27,1478.919677734375,1483.6666295895413,1440.0985156795878,1446.114304702132,14757754,2.119177912342929,0
2024-06-28,1472.7156982421875,1493.1602914681441,1470.3657449978248,1478.1676356666337,8197544,-0.4194940121218571,0
2024-07-01,1495.3223876953125,1503.8761950899986,1465.900925341744,1465.900925341744,6801771,1.5350341875290718,0
2024-07-02,1523.7568359375,1535.7415983279318,1491.2804339153117,1500.3982072481522,10493173,1.901559722249102,0
2024-07-03,1529.7255859375,1537.809402144264,1509.609963229638,1527.4696078755678,7269965,0.3917127627734551,0
2024-07-04,1551.5802001953125,1560.3690026530594,1530.2896001922775,1530.4775505601317,8008311,1.4286623992380232,0
2024-07-05,1548.572265625,1565.8679458210338,1535.3185512266714,1552.332191113537,7065022,-0.19386265498450017,0
2024-07-08,1561.9200439453125,1566.008939897241,1541.5694246287367,1544.483343885064,5880533,0.8619409385409282,0
2024-07-09,1557.6900634765625,1566.7138611771477,1551.9091554243114,1560.2750121000736,5191182,-0.2708192704964141,0
2024-07-10,1549.32421875,1573.5287378659184,1539.2664644712022,1557.5490553427878,9852770,-0.5370673488082067,0
2024-07-11,1553.507080078125,1565.0688961998292,1543.4963708254108,1556.6090643284788,8857679,0.2699797290653505,0
2024-07-12,1609.0130615234375,1616.5329122564228,1566.6199259649964,1579.1686539269024,17078316,3.5729467961305383,0
2024-07-15,1604.59521484375,1624.2877782953476,1600.4592739409936,1622.5957659620963,6942230,-0.2745687269626429,0
2024-07-16,1622.4549560546875,1633.5937127967557,1597.9683944654953,1615.452025715,6886281,1.113037172597875,0
2024-07-18,1652.5343017578125,1659.4431419133819,1615.827983176718,1615.827983176718,11248896,1.8539402644661918,0
2024-07-19,1685.3394775390625,1733.3255702708213,1679.2295989019908,1733.3255702708213,29819116,1.98514340951077,0
2024-07-22,1702.1651611328125,1713.5859571917674,1685.3394724496927,1692.1074068427617,8462126,0.9983557507546648,0
2024-07-23,1726.6517333984375,1729.5186076175692,1676.2217119382558,1701.3662125939957,7113056,1.4385544261362293,0
2024-07-24,1723.8787841796875,1731.7746506207213,1710.3900744958235,1727.2157639340674,6002845,-0.16059690353955602,0
2024-07-25,1715.3248291015625,1721.0117617869892,1703.2460925090763,1710.7659428071297,5815599,-0.49620397655717463,0
2024-07-26,1766.1309814453125,1769.9848820315087,1715.7949342558115,1715.7949342558115,11369047,2.961896865351199,0
2024-07-29,1758.799072265625,1788.78450012986,1752.1252276626687,1779.9486525351583,4635931,-0.41513960497354674,0
2024-07-30,1764.4859619140625,1767.1178407699306,1748.365259289592,1758.7990290172347,2721265,0.3233393591180356,0
2024-07-31,1756.1201171875,1772.0058245898792,1753.1122228334534,1764.344953812893,5004209,-0.4741236205408783,0
2024-08-01,1741.409423828125,1755.7911843622094,1734.3595637121655,1744.699358548906,7475014,-0.8376815011341465,0
2024-08-02,1711.8939208984375,1747.895251074617,1707.147084115294,1732.3855594141,7400938,-1.6949203631162035,0
2024-08-05,1646.75341796875,1689.616546348778,1615.405061601391,1677.8197340219435,10736703,-3.805171695188936,1
2024-08-06,1646.0013427734375,1689.0994653436978,1640.126459251215,1654.5551502330297,7690163,-0.04567017667042039,0
2024-08-07,1684.11767578125,1689.9925594528395,1656.341179884447,1688.2065718679119,5094329,2.315692704332073,0
2024-08-08,1638.5284423828125,1673.1196857214622,1623.4416964698462,1673.1196857214622,6227910,-2.7070099705051143,1
2024-08-09,1664.471923828125,1673.8717370362467,1650.6071993461458,1664.9419144885312,4258524,1.5833403177051064,0
2024-08-12,1689.5224609375,1695.2563240862842,1661.9809621451984,1666.6339385624474,4315329,1.5050140979104842,0
2024-08-13,1689.5693359375,1701.366147109179,1681.673584839887,1701.366147109179,4176918,0.0027744526091666444,0
2024-08-14,1713.821044921875,1715.4660123309595,1689.5694795075585,1693.8464406687062,7450718,1.4353781445091363,0
2024-08-16,1747.378173828125,1750.1041425189478,1719.6957707243737,1738.9653871768742,7335657,1.9580299241674703,0
2024-08-19,1752.8773193359375,1755.46226812506,1738.2135180462226,1748.3653628246682,2585989,0.3147083779674986,0
2024-08-20,1759.8330078125,1772.5227558229078,1756.0730824760828,1767.1649081160394,3870333,0.3968154758940967,0
2024-08-21,1760.3028564453125,1766.2247842698705,1755.0389843478197,1762.5588344138969,1966902,0.02669847824916527,0
2024-08-22,1767.39990234375,1779.9956751616294,1757.4830533776285,1770.9248323444356,4300287,0.40317186741201105,0
2024-08-23,1750.339111328125,1769.6087274887373,1745.5452297686368,1765.4727869250148,5015935,-0.9653045127478332,0
2024-08-26,1763.5460205078125,1775.3897624868237,1752.125224235838,1757.7651122966831,3728589,0.7545343124776727,0
2024-08-27,1786.0584716796875,1788.5494451104064,1761.431007151832,1763.54596510821,3830679,1.2765445817735088,0
2024-08-28,1822.7178955078125,1833.9036970289214,1783.5207173325039,1792.4505405625268,6514531,2.052532120835271,0
2024-08-29,1817.3128662109375,1833.4335688344042,1805.610144647818,1816.9838956969513,7228284,-0.2965367987112,0
2024-08-30,1827.0416259765625,1832.9635541258785,1812.2839653100993,1821.6837784081808,13466759,0.5353376375917707,0
2024-09-02,1846.5933837890625,1857.1681741009113,1826.195834151735,1826.712755054023,5573739,1.070132039386329,0
2024-09-03,1824.7388916015625,1848.943412636329,1820.226934986873,1848.943412636329,4694322,-1.1835032216272912,0
2024-09-04,1807.0670166015625,1811.5319278069883,1786.0115271331308,1805.7980647866775,4778310,-0.9684604784462869,0
2024-09-05,1817.1248779296875,1823.5637269032381,1794.9882723576418,1810.638983993486,4081810,0.5565848546690955,0
2024-09-06,1787.7034912109375,1820.2738676395406,1783.00358450389,1806.6441381891027,5848106,-1.619117490277877,0
2024-09-09,1780.9356689453125,1805.5631341580754,1775.6247514250556,1776.564732765143,4772612,-0.3785763298499112,0
2024-09-10,1797.5263671875,1818.8638977650467,1782.2046254069915,1790.5704823041315,6909600,0.9315720119196014,0
2024-09-11,1795.5052490234375,1810.4039292305977,1790.6643225255912,1799.7820949632378,5312946,-0.11243886047829221,0
2024-09-12,1833.386474609375,1838.9794321721197,1796.116307982983,1809.463996501208,8555092,2.109780832249908,0
2024-09-13,1827.4178466796875,1841.0475772026095,1819.4750496173078,1833.3867057185469,3843127,-0.3255520869356876,0
2024-09-16,1833.19873046875,1834.8436979233431,1817.0310962411352,1828.9688141569388,1570181,0.3163416511207995,0
2024-09-17,1835.3604736328125,1840.906271327735,1825.5846454813945,1830.8485176417557,2793127,0.11792192129163048,0
2024-09-18,1778.5858154296875,1822.388925387728,1768.3870402660307,1822.388925387728,6385468,-3.093379149151465,1
2024-09-19,1780.5125732421875,1809.370068657787,1766.036952686509,1795.9282898631557,7976570,0.10833088827004733,0
2024-09-20,1791.3695068359375,1800.0643345616268,1755.3212440246816,1790.664520804125,15242974,0.6097645002292928,0
2024-09-23,1782.6275634765625,1803.73021337189,1765.7078993837924,1794.4243751721033,3636672,-0.48800335866024946,0
2024-09-24,1784.6484375,1796.2102531560402,1759.0809925494216,1774.6846588682515,7277616,0.11336490385553954,0
2024-09-25,1781.546630859375,1787.4684442930745,1764.156976545127,1773.1337292502485,4268341,-0.17380491168166312,0
2024-09-26,1786.1995849609375,1802.8372091877666,1779.384720079492,1783.8966765192179,8952803,0.26117498251045923,0
2024-09-27,1792.3095703125,1856.0872866298698,1789.0666803151419,1816.1380763305222,14908931,0.34206621718009256,0
2024-09-30,1763.0291748046875,1787.139721811022,1758.2352923852816,1767.165116110307,6986955,-1.6336684238486332,0
2024-10-01,1790.053466796875,1794.3773580722982,1762.4650370326212,1762.4650370326212,4029072,1.532832943344875,0
2024-10-03,1779.7606201171875,1797.1032292411892,1768.1048290238766,1776.0946700907043,7503887,-0.5750021924264437,0
2024-10-04,1803.0252685546875,1836.8175525476968,1772.8048448832324,1776.1418246086153,10001483,1.3071785146009152,0
2024-10-07,1818.2059326171875,1825.4437429610623,1801.0512733437376,1807.772048058558,6112575,0.8419551476762654,0
2024-10-08,1831.6007080078125,1840.436440915146,1791.9334261359113,1821.5898836675146,5637391,0.7367028756387395,0
2024-10-09,1835.5484619140625,1858.3430081700687,1828.3575821051584,1835.3605115538048,4857163,0.21553572724613002,0
2024-10-10,1803.82421875,1846.1233796899428,1799.2182871655539,1840.3895163779584,4782119,-1.728325011423626,0
2024-10-11,1818.9578857421875,1830.1436867455332,1795.4583520140732,1802.8842276209207,4709431,0.8389768157495148,0
2024-10-14,1841.3294677734375,1851.2932470173037,1815.1979406537325,1816.1849669571325,3751378,1.2299120395589558,0
2024-10-15,1841.70556640625,1871.9258760220825,1834.6086610794148,1842.3635074756771,5353705,0.020425384994648965,0
2024-10-16,1804.8582763671875,1841.9406117141925,1801.3333460914546,1837.66365041544,3111512,-2.0007155709999447,1
2024-10-17,1849.9771728515625,1859.2830106666543,1814.304928428157,1819.0517651449982,8162822,2.4998581370715867,0
2024-10-18,1766.7889404296875,1820.6028732629586,1757.0601563072833,1780.1367445813487,10526196,-4.496716696976765,1
2024-10-21,1741.5504150390625,1784.8366013292746,1727.6856903747387,1777.5986762175419,4654601,-1.428496908322674,0
2024-10-22,1740.4693603515625,1765.0969393741664,1736.098424337156,1746.6732140121014,4125240,-0.062074268890788264,0
2024-10-23,1760.961181640625,1772.804924358305,1733.325705470156,1734.5006822227795,4311910,1.1773732853833874,0
2024-10-24,1751.5142822265625,1770.9249206806642,1748.3653675509743,1749.6813644323036,2906475,-0.5364626723492694,0
2024-10-25,1750.2923583984375,1763.7340231622866,1735.5816269882255,1751.6082405232555,4689120,-0.06976385180095246,0
2024-10-28,1753.394287109375,1768.951025226307,1745.5454653432146,1748.0833692337449,7018940,0.1772234619007218,0
2024-10-29,1748.59326171875,1760.2866061853301,1738.8011693476826,1754.9627985871089,4621252,-0.2738132219273881,0
2024-10-30,1713.227783203125,1748.308049494395,1707.7613496606602,1741.6532608340028,5919715,-2.022510282400558,1
2024-10-31,1670.589599609375,1699.728089871948,1660.3697457491953,1699.728089871948,7395236,-2.4887632579733143,1
2024-11-01,1674.011962890625,1678.9080088899161,1665.6460129974564,1677.4819828348002,371966,0.204859606575436,0
2024-11-04,1676.6739501953125,1679.8587185569368,1633.275200045737,1639.4546463788554,7336722,0.15901841585952425,0
2024-11-05,1667.68994140625,1681.2371893406507,1658.9436944231081,1673.2039554066878,3160880,-0.5358232462558399,0
2024-11-06,1733.7625732421875,1737.089967643031,1675.7233776805178,1677.0067780250674,10421494,3.9619254272303728,0
2024-11-07,1714.1309814453125,1735.6638830746192,1698.8724555004114,1723.5426610222241,4550965,-1.1323114306339699,0
2024-11-08,1739.704345703125,1749.829154713953,1723.7329222391422,1728.3437169759088,4210960,1.491914243114012,0
2024-11-11,1768.367431640625,1775.8778590726738,1732.669314114394,1738.8011800020988,3804234,1.6475837407829985,0
2024-11-12,1776.638427734375,1788.2367269114475,1769.223045604574,1778.8249314544848,5012450,0.4677193181553019,0
2024-11-13,1776.2581787109375,1780.8213927172376,1764.7549244206982,1769.3181384269985,4257495,-0.021402724240426885,0
2024-11-14,1772.5980224609375,1783.4833086013102,1764.469627272938,1773.5961711004963,4311431,-0.2060599238257299,0
2024-11-18,1722.1165771484375,1758.0049000608628,1706.4778709351956,1758.0049000608628,4839244,-2.847878914048174,1
2024-11-19,1734.7607421875,1767.987103735295,1730.7679155470983,1735.4737552340218,4669769,0.7342223637379686,0
2024-11-21,1743.6021728515625,1774.9271666789355,1730.8154024223286,1751.16006482196,5436504,0.5096628283686844,0
2024-11-22,1808.4388427734375,1819.6569616576032,1743.554652462339,1762.6633798054363,6301486,3.7185472082681637,0
2024-11-25,1796.5076904296875,1824.6480325215346,1789.1874693080074,1821.5107285834974,12764638,-0.6597487325284535,0
2024-11-26,1829.2587890625,1842.9961275482167,1803.7329448177684,1811.00558516297,6850495,1.8230424955753444,0
2024-11-27,1829.5914306640625,1845.6580141122217,1817.4702091826562,1834.9152380654443,4447143,0.01818450202626387,0
2024-11-28,1765.0875244140625,1820.4648690644453,1760.3341042723987,1820.4648690644453,8468790,-3.525590750421692,1
2024-11-29,1766.2283935546875,1784.4340168837268,1754.0121263454853,1759.811276019277,5244346,0.0646352730300892,0
2024-12-02,1787.095947265625,1789.9479994533772,1744.6953452341356,1767.3216723437565,2868263,1.1814753848985449,0
2024-12-03,1798.789306640625,1806.0620629902432,1778.8725217831325,1793.9408410909798,4715792,0.6543218562434561,0
2024-12-04,1796.0799560546875,1819.56180716774,1782.5327074778559,1791.0888644737497,4705573,-0.1506207856548425,0
2024-12-05,1839.4310302734375,1853.7388717964993,1795.7946087095554,1806.2997139926326,9050038,2.4136494632441607,0
2024-12-06,1827.5950927734375,1842.3781605401093,1818.088252003757,1837.4822303839658,3573331,-0.6434564441505919,0
2024-12-09,1828.783447265625,1835.0103583375276,1803.6377838079438,1829.3062538776032,4274645,0.06502285418068521,0
2024-12-10,1852.45556640625,1868.664660829215,1836.721697987323,1843.3764867481466,6174921,1.2944189305748255,0
2024-12-11,1876.79296875,1880.4530791874988,1855.7352935156714,1858.5873457085745,5025612,1.313791422860655,0
2024-12-12,1889.0091552734375,1900.227273174294,1873.370449502188,1877.791037372581,6462130,0.65090751760295,0
2024-12-13,1901.0828857421875,1907.500003205855,1857.4465798294907,1872.6099443049989,5362693,0.639156800010432,0
2024-12-16,1882.4019775390625,1900.9877808683423,1880.072732013709,1897.0424188970678,3119221,-0.9826456459751887,0
2024-12-17,1879.1221923828125,1884.2559097971648,1861.439491111427,1870.9463322304846,5811050,-0.17423404752994198,0
2024-12-18,1881.54638671875,1887.060284654621,1864.8618349910091,1869.8054617493733,3064095,0.1290067429230657,0
2024-12-19,1850.2213134765625,1863.1031292043601,1825.3134369549032,1838.623014099366,5323592,-1.6648578777170409,0
2024-12-20,1827.3572998046875,1882.3067661561822,1816.9948208472201,1877.743552521445,11056720,-1.2357448001133253,0
2024-12-23,1829.4014892578125,1844.3271834459897,1814.855975875461,1834.867922920088,2781793,0.11186588705687228,0
2024-12-24,1814.9034423828125,1846.2284355881454,1749.2586619372746,1832.015755380025,2360544,-0.7925021904777063,0
2024-12-26,1813.3348388671875,1825.0757640546135,1808.4863732653307,1814.9034908105154,3623321,-0.0864290341289764,0
2024-12-27,1822.2236328125,1829.258717915249,1810.0073661143083,1815.2361283318478,3937500,0.49019043558802267,0
2024-12-30,1812.00390625,1821.510747311123,1793.4655661808106,1821.2254956591669,7789055,-0.5608382186727767,0
2024-12-31,1787.2860107421875,1803.4476395627287,1754.0596496753712,1798.9794709559926,3613063,-1.3641193279194996,0
2025-01-01,1789.6627197265625,1799.5973216045268,1781.5819053214227,1781.5819053214227,1838368,0.13297865982782042,0
2025-01-02,1861.296875,1865.8602051810894,1792.3248119514092,1793.9409285299619,7083645,4.002662316415817,0
2025-01-03,1843.1387939453125,1856.6384617090841,1827.214835312903,1856.6384617090841,6218003,-0.9755607124568688,0
2025-01-06,1842.2830810546875,1875.69964894824,1832.9188662808956,1855.7352837034794,7164403,-0.04642693721362834,0
2025-01-07,1835.62841796875,1861.962437838805,1828.7835386947554,1849.0806215360017,4294832,-0.361218270654029,0
2025-01-08,1837.81494140625,1842.9961231909604,1795.6045452981161,1834.8202633622047,5482050,0.11911579795216287,0
2025-01-09,1822.74658203125,1855.5926464465324,1816.3294646707038,1838.6705399259386,6833503,-0.8199062394971146,0
2025-01-10,1869.947998046875,1880.2630131182193,1836.9593070090002,1841.475056372847,8036913,2.589576438158736,0
2025-01-13,1865.4322509765625,1885.0164358188285,1852.8832675701437,1859.538056114521,5804152,-0.241490516047993,0
2025-01-14,1844.374755859375,1874.5589763818855,1835.8660634362316,1871.7543886244132,5792162,-1.1288265819444199,0
2025-01-15,1853.501220703125,1861.4869901029845,1841.5700892018165,1850.981884706997,2985439,0.49482703093588487,0
2025-01-16,1833.3466796875,1869.948017007702,1822.3187674971882,1868.9973329214629,7533579,-1.087376732774925,0
2025-01-17,1725.9193115234375,1766.3709642563163,1722.6394979722525,1759.7161759087412,16409953,-5.8596319700087385,1
2025-01-20,1723.8756103515625,1737.8030402662885,1704.7193015774908,1733.0496195308024,4333011,-0.11841232427436399,0
2025-01-21,1711.896728515625,1741.3204695981628,1704.6240883474466,1729.3418737355341,7169109,-0.6948808698264863,0
2025-01-22,1764.8973388671875,1773.786327477544,1716.127317266663,1718.266356355729,8373913,3.0960168022237555,0
2025-01-23,1773.4534912109375,1786.8582289789933,1761.3322697336553,1766.370941552174,5907471,0.4847960363089321,0
2025-01-24,1782.96044921875,1801.4513245969808,1772.312833717117,1773.501188842313,4887027,0.5360703314142734,0
2025-01-27,1732.146484375,1771.1245336940863,1722.639643077662,1757.5772848453794,7652371,-2.8499771190109935,1
2025-01-28,1739.5142822265625,1771.5998715284597,1734.9034874184256,1739.7519532584283,6999495,0.42535651101245353,0
2025-01-29,1788.474365234375,1795.5094503993766,1749.7339902797964,1754.0120684956396,5145155,2.814583559793715,0
2025-01-30,1768.2247314453125,1794.1308715011382,1753.0613674474346,1780.7738303869369,7336056,-1.1322294679023126,0
2025-01-31,1787.095947265625,1803.875428129993,1778.729881094765,1778.729881094765,5820470,1.0672408028637559,0
2025-02-01,1760.0489501953125,1797.3633003755383,1754.9628135718901,1787.571323971164,1701402,-1.5134608251837989,0
2025-02-03,1771.4097900390625,1784.0063547913574,1742.033627142517,1745.4560668085503,4823228,0.6454843112454034,0
2025-02-04,1805.1590576171875,1816.9474478919842,1782.5327290891591,1795.8423067996916,7334787,1.9052207889954653,0
2025-02-05,1803.4952392578125,1825.0281403385413,1800.88085809743,1812.0038151596648,4996744,-0.09217018037021019,0
2025-02-06,1821.177978515625,1829.116167362465,1806.2997494743677,1822.46137881177,4765255,0.9804705259487845,0
2025-02-07,1809.769775390625,1828.8309215990796,1796.2699917999128,1824.648004479721,4126260,-0.6264189035658396,0
2025-02-10,1787.5712890625,1811.0531389851265,1785.9550565261386,1811.0531389851265,3828734,-1.226591726195314,0
2025-02-11,1783.150634765625,1809.1518213900456,1777.7792464526458,1790.2331848086437,4411601,-0.24729946849803008,0
2025-02-12,1771.26708984375,1801.1660581275596,1755.9135185424811,1792.0395140512057,5633947,-0.6664352797898676,0
2025-02-13,1752.3485107421875,1781.106705479717,1745.1233346132335,1776.3532848619434,5237744,-1.0680816693337536,0
2025-02-14,1764.8499755859375,1767.6069826690268,1738.1832403249714,1762.568310549922,5292961,0.7134120163377222,0
2025-02-17,1751.4451904296875,1761.3797918708847,1732.2888845014002,1747.8801254076848,4428956,-0.7595424733935041,0
2025-02-18,1760.619384765625,1769.8410902296603,1746.977091046225,1751.445375977347,4365260,0.5238071043311754,0
2025-02-19,1721.498779296875,1758.004955145868,1716.840404092615,1756.2937934312417,4611411,-2.221979708235333,1
2025-02-20,1735.14111328125,1740.7025920720746,1716.5077280780874,1716.5077280780874,2218020,0.7924684088330913,0
2025-02-21,1725.4915771484375,1739.6092122968646,1717.1255109603246,1731.956275207461,3379879,-0.5561239981550892,0
2025-02-24,1677.101806640625,1718.8368620656656,1663.9348549947076,1711.2789698500455,7594720,-2.8044049098044144,1
2025-02-25,1680.524169921875,1690.744023588038,1659.0863139546623,1659.0863139546623,5092963,0.20406413419262748,0
2025-02-27,1677.2919921875,1688.2723238346587,1664.7428925260701,1668.640674098442,5757079,-0.1923315232368994,0
2025-02-28,1604.4696044921875,1668.5457398498413,1599.4785126706022,1668.4982752722037,12182167,-4.341664303800707,1
2025-03-03,1624.3388671875,1643.3525496222132,1608.8427856333933,1608.8427856333933,7504969,1.2383695296989572,0
2025-03-04,1605.0400390625,1615.2123126810395,1587.6424733239176,1611.4095762179882,6759673,-1.1881035733889322,0
2025-03-05,1627.0958251953125,1647.4879525703643,1608.9852468032536,1608.9852468032536,8180782,1.3741580020455668,0
2025-03-06,1631.231201171875,1637.3631829139892,1607.7017709749155,1630.4231429408271,10610547,0.25415687954739585,0
2025-03-07,1602.8533935546875,1620.9163914654462,1592.871210498742,1619.1100684643093,8019331,-1.7396557641124688,0
2025-03-10,1617.5413818359375,1634.225933863566,1593.5366088108908,1602.8533592169706,7558981,0.9163650487507224,0
2025-03-11,1579.6566162109375,1597.1492261839649,1556.3173920894415,1597.1492261839649,12671234,-2.342120334627862,1
2025-03-12,1512.3956298828125,1556.1746748414012,1486.6796971141694,1556.1746748414012,14870008,-4.257949837823705,1
2025-03-13,1501.938232421875,1526.8462251444753,1492.8592690164621,1520.381526929375,7822888,-0.6914458924843436,0
2025-03-17,1511.63525390625,1515.3904095675546,1468.949515897204,1468.949515897204,7526032,0.6456338399974282,0
2025-03-18,1511.63525390625,1511.63525390625,1511.63525390625,1511.63525390625,0,0.0,0
2025-03-19,1508.307861328125,1523.9465678973438,1495.2359553339961,1523.9465678973438,7387068,-0.2201187468687693,0
2025-03-20,1535.8778076171875,1551.4214700841842,1513.4891497172634,1513.4891497172634,7186750,1.8278726111515597,0
2025-03-21,1514.0120849609375,1524.802326821007,1486.5372898982932,1500.1320035723254,10074677,-1.4236629078047014,0
2025-03-24,1514.2020263671875,1527.8443193262497,1495.1407646724408,1519.1455370257738,8857726,0.012545567379329547,0
2025-03-25,1548.1414794921875,1555.46181670782,1525.84798372026,1525.84798372026,9890140,2.241408513131238,0
2025-03-26,1520.5716552734375,1556.9829031533513,1516.3411573986234,1545.8123648464964,6651302,-1.7808336372327704,0
2025-03-27,1524.469482421875,1540.0606082841557,1507.7849306219216,1516.8640098840594,9426573,0.256339590108734,0
2025-03-28,1493.1920166015625,1519.620965158934,1483.0672076469882,1511.5877308709687,6799047,-2.05169510973896,1
2025-04-01,1451.21923828125,1471.0885586286036,1442.9957978349414,1463.3404602190724,12680733,-2.810943124102727,1
2025-04-02,1473.7030029296875,1478.9317655581158,1459.4902057913214,1459.4902057913214,6193478,1.549301721982821,0
2025-04-03,1422.6986083984375,1458.967226269639,1411.8133230002038,1458.967226269639,10459504,-3.4609683518222134,1
2025-04-04,1380.0606689453125,1399.4070681791675,1376.5906485892897,1388.4742004590178,9590254,-2.9969762535385747,1
2025-04-07,1327.867919921875,1336.5667020131123,1242.5440281638737,1285.3248095467156,21715252,-3.781916998136392,1
2025-04-08,1358.33740234375,1384.671303823326,1345.2179161757683,1360.4288608109712,12805001,2.294616954347961,0
2025-04-09,1334.4752197265625,1339.9416532809853,1313.7503760547593,1335.758736096975,8546854,-1.7567198382385962,0
2025-04-11,1339.941650390625,1367.844321400648,1328.1532604606723,1341.652928180614,12567440,0.40963148534016725,0
2025-04-15,1355.675537109375,1376.3053358191778,1339.513907284088,1374.3089224037624,10178530,1.1742217815352785,0
2025-04-16,1343.4117431640625,1357.1016180730755,1327.9156612183533,1354.7249077086744,12022740,-0.9046260413802187,0
2025-04-17,1349.49609375,1359.2881865002564,1310.327954849587,1329.0563853909828,14264227,0.4529028882543029,0
2025-04-21,1379.442626953125,1399.2169026224717,1340.4645789137878,1340.4645789137878,15648970,2.2190900249224876,0
2025-04-22,1352.63330078125,1368.9850198763202,1349.3059066357173,1368.9850198763202,9399738,-1.9434897579677313,0
2025-04-23,1402.1639404296875,1414.4277879886072,1368.6047467603623,1374.6891479419496,11136642,3.6617936006624774,0
2025-04-24,1398.8365478515625,1409.7694145318515,1389.4247524558623,1397.4105217628291,7114292,-0.2373041041909385,0
2025-04-25,1407.2025146484375,1427.642222162945,1391.3261370921732,1402.7343459374797,8329979,0.598066072102843,0
2025-04-28,1409.0087890625,1416.1389193452367,1393.0373668593481,1407.2024661808139,5886253,0.1283592372284703,0
2025-04-29,1423.6494140625,1435.3428747016321,1401.4033833138335,1408.9138107783806,8056743,1.039072652608608,0
2025-04-30,1426.12109375,1434.3921144618078,1409.4841231835037,1422.9839060733532,7704183,0.17361575561267717,0
2025-05-02,1432.5858154296875,1448.081895785028,1422.4134264838601,1425.7408206525301,7402310,0.4533080471230244,0
2025-05-05,1434.2020263671875,1447.8919007730015,1428.6881281546378,1440.2864278864722,4282493,0.11281773978861764,0
2025-05-06,1436.958984375,1440.856765886036,1425.170478593818,1431.7302219442606,4270530,0.19222940402585653,0
2025-05-07,1433.9168701171875,1443.8990531370239,1422.7937965506155,1426.026145690909,5691799,-0.21170501669786068,0
2025-05-08,1436.864013671875,1441.7124795125974,1427.1669659401214,1433.631664427957,8424409,0.20553099109898998,0
2025-05-09,1433.2513427734375,1436.8639888159648,1420.4171072727893,1426.6915991963783,4478653,-0.25142747428167356,0
2025-05-12,1546.66796875,1551.516434397431,1456.4480254270004,1461.2014458755218,11372857,7.913240517681541,0
2025-05-13,1491.2430419921875,1532.6928451513845,1487.4403056280353,1529.6507024801845,12846210,-3.583505178723412,1
2025-05-14,1513.869384765625,1516.3411402167324,1492.0986956552736,1496.3767741072957,4870057,1.5172806937768124,0
2025-05-15,1533.453369140625,1538.7771765983814,1493.5246391320036,1511.3975456512203,11151167,1.2936376527643345,0
2025-05-16,1511.49267578125,1533.0731584594146,1503.5069061207216,1533.0731584594146,4576751,-1.4321070207490072,0
2025-05-19,1482.876953125,1506.8341435615073,1478.9790558755526,1498.7533295424078,8855798,-1.8932094819089529,0
2025-05-20,1483.637451171875,1505.4081383338412,1481.1656959419795,1492.573904126385,7143998,0.051285310306581344,0
2025-05-21,1491.14794921875,1493.5246593705174,1475.556707413097,1490.577561992386,4157309,0.5062219237552013,0
2025-05-22,1471.18359375,1483.8277382618005,1464.0534632471729,1478.789066286349,6158990,-1.338858124655562,0
2025-05-23,1487.6304931640625,1508.9257236923431,1473.5603223754533,1473.5603223754533,5038421,1.1179365705227706,0
2025-05-26,1502.5560302734375,1505.6933338273104,1485.6338090106342,1489.3414997424045,3170102,1.0033094359090278,0
2025-05-27,1492.6690673828125,1504.8378701621398,1479.6447417622219,1501.985817890451,7775714,-0.6580095977403055,0
2025-05-28,1494.2852783203125,1509.4010623010483,1492.5740005619675,1503.0315254066693,3623370,0.10827657468199803,0
2025-05-29,1507.4046630859375,1529.555648703017,1498.8485063145804,1510.6370121874,8609500,0.8779705559551543,0
2025-05-30,1506.5369873046875,1515.5027951891782,1499.2101525439637,1514.5387348868949,13148092,-0.05756090600607111,0
2025-06-02,1497.9569091796875,1503.9340358386107,1483.6887699715526,1503.9340358386107,4374509,-0.5695232309131937,0
2025-06-03,1487.5450439453125,1510.9717563250315,1480.410974183671,1502.9700087561519,6853403,-0.6950710778507507,0
2025-06-04,1495.4503173828125,1501.3311794658816,1486.0025968815146,1487.545069852834,4548307,0.5314308611814145,0
2025-06-05,1498.43896484375,1511.3572786610305,1486.195328477135,1492.2689554139665,6948539,0.1998493314153027,0
2025-06-06,1507.5975341796875,1512.5142181403369,1487.641415492617,1498.8244913615613,3960020,0.6112073665204276,0
2025-06-09,1516.3704833984375,1530.9277705261318,1514.5387452749073,1521.2871674371763,2903202,0.5819158641383382,0
2025-06-10,1538.6402587890625,1549.726952383094,1520.8051430073597,1527.0715350387688,8591925,1.4686236400958341,0
2025-06-11,1572.4786376953125,1575.8528485433976,1532.9521677606,1532.9521677606,10597410,2.1992391472247963,0
2025-06-12,1550.7874755859375,1569.4902701551284,1540.6648417796544,1558.8856061675938,10483574,-1.3794249148698423,0
2025-06-13,1544.4246826171875,1551.1731050755648,1513.7675163758718,1519.3591134860721,6968315,-0.41029432265345944,0
2025-06-16,1565.441162109375,1576.0458254086714,1539.7006814911979,1542.4964798976407,5591842,1.3607966596709042,0
2025-06-17,1580.962646484375,1588.193099360836,1557.535932091381,1562.452616510744,7622083,0.9915086399086004,0
2025-06-18,1574.214111328125,1585.589952431105,1562.7417700471647,1562.7417700471647,5629707,-0.4268624038181401,0
2025-06-19,1560.2352294921875,1571.4183055533617,1553.5831898154863,1565.5375611980423,5147760,-0.8879911401724061,0
2025-06-20,1564.573486328125,1572.0930860674746,1551.076642111549,1560.8136276168789,9202821,0.2780514600576822,0
2025-06-23,1527.071533203125,1543.4605584963404,1518.7806380620095,1543.4605584963404,7943676,-2.3969441801684144,1
2025-06-24,1524.7576904296875,1551.172965207259,1519.9373891083474,1543.4604830931148,8083992,-0.15152157074030947,0
2025-06-25,1556.8609619140625,1561.6812632899293,1528.1319186406413,1532.8558375256184,7813533,2.105467097223035,0
2025-06-26,1557.9215087890625,1565.6339915058402,1548.8593180602195,1550.9803214172216,6519233,0.06812084707270571,0
2025-06-27,1550.208984375,1571.0326636135578,1544.8102701550988,1560.8136478253264,8912268,-0.49505218141940865,0
2025-06-30,1544.2318115234375,1556.9573602116636,1536.8084767193552,1556.9573602116636,6294505,-0.38557206878608863,0
2025-07-01,1549.0521240234375,1559.5602870581276,1542.978497111504,1551.1730095922587,4178937,0.31214954024580965,0
2025-07-02,1552.619140625,1589.735462831807,1545.7743359105034,1559.8495930029494,8653641,0.23027092156833184,0
2025-07-03,1560.5244140625,1573.7321112354073,1556.9574379034102,1560.331649069145,5259695,0.5091572833707092,0
2025-07-04,1581.7337646484375,1584.3367981958825,1554.3545449332526,1566.5980642699803,4411273,1.3591168708936285,0
2025-07-07,1568.526123046875,1584.91514830305,1564.669881810128,1581.058907066303,3294523,-0.8350104105224077,0
2025-07-08,1579.8056640625,1587.0361167588558,1563.2238729521173,1569.4902652889589,4590681,0.7191171922412254,0
2025-07-09,1574.9852294921875,1579.1307357618878,1565.248244218562,1578.937970779495,4580828,-0.30512832558889924,0
2025-07-10,1557.7286376953125,1579.998406486553,1549.341242702206,1579.998406486553,5330179,-1.0956668972977535,0
2025-07-11,1537.579833984375,1549.3413228616234,1506.8262861181436,1522.3476337948875,11391755,-1.2934732804776639,0
2025-07-14,1513.8638916015625,1534.5911874414394,1503.7412587495296,1534.5911874414394,9173426,-1.5424202281163257,0
2025-07-15,1528.614013671875,1545.967099361679,1507.790334380739,1508.8507771918205,7614807,0.974336078173299,0
2025-07-16,1550.112548828125,1554.0651724422496,1521.7691530397587,1522.2511831800944,6223491,1.4064070435026554,0
2025-07-17,1526.5894775390625,1552.1370753633664,1523.3116489985612,1540.5683518202854,7374814,-1.5175073130557992,0
2025-07-18,1529.0960693359375,1541.8217363306167,1523.2153248462614,1534.8804313290245,5161833,0.16419553742212933,0
2025-07-21,1527.36083984375,1531.8918763569468,1510.4897839367352,1523.2153333190533,3682661,-0.11348073721365592,0
2025-07-22,1514.4423828125,1528.806905141675,1508.7544033781517,1508.7544033781517,8473741,-0.8458025565570737,0
2025-07-23,1517.9129638671875,1534.6876368616054,1494.2934861823694,1519.648319505044,8035026,0.2291656053789337,0
2025-07-24,1496.70361328125,1525.14339208434,1492.558106924831,1523.21527148752,14169664,-1.3972705346624426,0
2025-07-25,1461.2261962890625,1493.8114825426642,1456.9844249801497,1487.930738061539,10851259,-2.3703702374586855,1
2025-07-28,1461.515380859375,1464.6968268487494,1429.2193615593824,1459.4908778130184,6439855,0.01979054105702982,0
2025-07-29,1459.2979736328125,1462.6721845547067,1442.3305365336291,1458.5267960319763,7070448,-0.1517197325189068,0
2025-07-30,1464.40771484375,1467.0106307922656,1451.8749299240865,1465.2753927209724,5719051,0.3501506411481614,0
2025-07-31,1454.76708984375,1472.21655890233,1443.198365471235,1455.4418850255533,6851407,-0.6583292960204434,0
2025-08-01,1416.782958984375,1444.8370894973941,1412.83033538686,1440.2096707795008,8702978,-2.6110111456710716,1
2025-08-04,1427.291259765625,1429.5086455065348,1398.8514812022438,1408.9741142502269,8610216,0.7417015227782597,0
2025-08-05,1407.8173828125,1425.5559991895734,1402.7078158601623,1425.5559991895734,10213323,-1.3643940450054126,0
2025-08-06,1385.0654296875,1403.768223634903,1378.895537719122,1399.8155998166778,10566934,-1.616115371408955,0
2025-08-07,1385.25830078125,1390.1749848888187,1363.3740608530718,1378.6062610201184,9892020,0.013925052897567625,0
2025-08-08,1371.9542236328125,1381.6912093691872,1366.169861688454,1373.785961785155,10048009,-0.9604040734449537,0
2025-08-11,1376.8709716796875,1381.8841562074572,1363.1813615156616,1368.8693412283471,6625368,0.3583755173591552,0
2025-08-12,1372.918212890625,1389.2108550605094,1369.9296495773656,1376.8708364780418,9899184,-0.2870827310884727,0
2025-08-13,1375.328369140625,1382.4624387348806,1371.279363046038,1373.7858962323605,10318063,0.17554987816248424,0
2025-08-14,1395.6700439453125,1417.1686356270611,1374.9427475738962,1374.9427475738962,12902347,1.479041315594909,0
2025-08-18,1384.1978759765625,1412.05912550974,1378.2206312900619,1412.05912550974,7254561,-0.8219828188273048,0
2025-08-19,1388.246826171875,1397.3090164904586,1381.2091389381637,1381.2091389381637,3986094,0.2925123832064891,0
2025-08-20,1442.427001953125,1445.1264179190935,1388.921654258322,1388.921654258322,10413061,3.902776852056866,0
2025-08-21,1442.619873046875,1453.802949118853,1430.9547668193538,1453.802949118853,6565539,0.013371289742147852,0
2025-08-22,1434.0396728515625,1450.2359327005538,1432.6899649169563,1444.258688328196,5543397,-0.5947651460804226,0
2025-08-25,1477.0367431640625,1483.6887826854402,1452.549588321255,1452.549588321255,10694531,2.9983180470175563,0
2025-08-26,1474.6265869140625,1483.1103644867733,1464.021923789744,1468.2638125760993,15994798,-0.16317510455677864,0
2025-08-28,1446.1868896484375,1474.6266696224122,1444.162386475055,1474.6266696224122,5443364,-1.928603316799038,0
2025-08-29,1416.782958984375,1447.922152992462,1414.951220922169,1447.922152992462,8169075,-2.0332040675054452,1
2025-09-01,1445.511962890625,1449.3682038919694,1423.145694472945,1423.6277245981132,4546057,2.0277632310628846,0
2025-09-02,1444.837158203125,1458.4305028963795,1432.8829043510907,1445.5120710387366,5218763,-0.04668274665472483,0
2025-09-03,1425.941650390625,1447.9222736017668,1420.0609057500144,1446.09053538698,4623483,-1.3077949791933219,0
2025-09-04,1410.420166015625,1430.6654315565193,1407.6243677138264,1430.6654315565193,5787724,-1.0885076798723192,0
2025-09-05,1392.6815185546875,1419.771590084351,1381.4984423486478,1417.1686742864704,5466487,-1.2576853258592036,0
2025-09-08,1381.4019775390625,1405.5998666589085,1376.9673238557784,1398.8514448025214,3811567,-0.8099153227315581,0
2025-09-09,1450.2359619140625,1453.0316426482493,1419.5787971834648,1427.7733097648295,13072640,4.9829076180726295,0
2025-09-10,1477.518798828125,1479.7361846012639,1455.056264347903,1455.8274419814547,7281071,1.881268816286541,0
2025-09-11,1455.4417724609375,1472.6020926929066,1452.3568266067848,1469.1314991861996,8003662,-1.4941959712930664,0
2025-09-12,1470.7703857421875,1487.4486761823323,1466.4321143461764,1481.7606968153777,12856963,1.0531931659025773,0
2025-09-15,1454.1885986328125,1472.6021270614033,1447.2472937742573,1470.7703889313757,6167414,-1.1274218783652867,0
2025-09-16,1456.9844970703125,1459.5874130189484,1449.4647790449067,1454.18869843609,8923112,0.19226518761930045,0
2025-09-17,1467.685546875,1471.830935901443,1459.58741614181,1462.3832147820146,4795698,0.7344655915148657,0
2025-09-18,1485.2313232421875,1499.1138155530703,1483.2068200825713,1494.2935138953433,9331945,1.195472450113444,0
2025-09-19,1484.845703125,1495.546867150236,1465.4681136380061,1489.0875921991392,12988129,-0.025963640219062167,0
2025-09-22,1445.6083984375,1460.2620677071914,1428.7373434373958,1429.4121385641438,15655204,-2.64251730701186,1
2025-09-23,1443.6802978515625,1458.6232324870878,1439.3420265057648,1439.3420265057648,9832164,-0.13337641009982804,0
2025-09-24,1440.884521484375,1442.909024606748,1429.4121802134027,1433.7504516255494,4937004,-0.19365619738304085,0
2025-09-25,1431.4368896484375,1448.6934761875953,1423.4351414751138,1435.4858961438838,9491867,-0.6556827903324791,0
2025-09-26,1396.8270263671875,1425.555953399892,1389.4036912657584,1421.9889772759154,8597058,-2.4178406698565857,1
2025-09-29,1389.982177734375,1412.3483294621576,1384.872611107433,1407.5280279964163,10513117,-0.49002836454377086,0
2025-09-30,1389.982177734375,1400.0083106366037,1386.4150840398418,1391.1390030128964,7556305,0.0,0
2025-10-01,1393.8385009765625,1397.405477197979,1376.0997670015454,1394.0312659732858,6250692,0.2774368840090524,0
2025-10-03,1394.609619140625,1396.2485922754322,1381.6911874663804,1387.282784330546,6877533,0.05532335084172946,0
2025-10-06,1422.9530029296875,1425.6524188431904,1390.4642178899833,1394.6096065704758,4630590,2.032352523606429,0
2025-10-07,1406.0819091796875,1429.6050033943986,1401.743637948074,1424.5918193613172,5570320,-1.1856395619015192,0
2025-10-08,1441.2701416015625,1444.1623224877194,1402.707729786136,1404.6358503769075,4657192,2.5025734412872147,0
2025-10-09,1455.0562744140625,1459.5873108023447,1433.557682406266,1448.0185870707542,7028753,0.9565266367886238,0
2025-10-10,1460.4549560546875,1467.0104954131987,1444.933608930849,1455.7310370996563,3738353,0.3710290615941192,0
2025-10-13,1439.5347900390625,1450.6214834671307,1430.087069727637,1443.1982662450723,5859355,-1.4324417147475232,0
2025-10-14,1436.353515625,1459.9729938155936,1433.075686951717,1445.1264411305913,5600789,-0.22099322892892292,0
2025-10-15,1421.4105224609375,1435.1001315764527,1414.75848288892,1430.5690952632847,6986098,-1.0403422974573417,0
2025-10-16,1418.61474609375,1421.5069270236047,1408.0100826842827,1420.9285143742625,8005748,-0.19669028215346662,0
2025-10-17,1389.3072509765625,1405.9855409539045,1382.462446500531,1402.6113299617484,16959378,-2.0659234790761594,1
2025-10-20,1408.395751953125,1414.276496397426,1397.8874708768014,1401.4544470050912,6994246,1.3739582056557342,0
2025-10-21,1419.482421875,1432.5936185349226,1417.1686535978035,1424.881136066363,1698704,0.7871842773240711,0
2025-10-23,1473.566162109375,1490.4372172856354,1451.8748054541832,1455.7310466373283,20358624,3.8101028516390967,0
2025-10-24,1470.57763671875,1487.5450748262833,1463.4435668090073,1484.1708637038648,8652257,-0.20280904023657342,0
2025-10-27,1472.633056640625,1483.2043487095048,1466.3685916918344,1478.0165606695539,7273211,0.13976956201109392,0
2025-10-28,1468.4241943359375,1474.5908017388306,1458.9296979699484,1467.9347848431598,8211019,-0.28580523068583163,0
2025-10-29,1478.408203125,1488.0005573851865,1465.1941469679696,1468.4241778932897,4884976,0.6799131223506949,0
2025-10-30,1462.1597900390625,1476.2546872805226,1457.5592692997866,1475.0801523386458,5608867,-1.0990478172126061,0
2025-10-31,1450.9034423828125,1465.3898918009988,1449.3372364048548,1458.4403008415877,4819814,-0.7698438797820617,0
2025-11-03,1454.0355224609375,1459.8105780526128,1442.974820743242,1450.9033496746388,5470600,0.21587102122944124,0
2025-11-04,1436.808349609375,1450.511814804534,1431.9142548968182,1448.3583414401685,8691330,-1.1847834929373469,0
2025-11-06,1435.6336669921875,1451.58846323567,1430.9354078512456,1447.2816360762577,7944752,-0.08175638856127154,0
2025-11-07,1445.5198974609375,1449.533031326473,1418.4065403991735,1438.8638806951196,8765759,0.688631835269149,0
2025-11-10,1481.4425048828125,1487.8048281611332,1458.4402591842686,1458.5381171839108,9787975,2.4850994777016355,0
2025-11-11,1497.88671875,1500.9210336624128,1479.0933228205395,1492.6989304110698,13692989,1.110013639610563,0
2025-11-12,1518.8333740234375,1526.1745164244364,1505.5214596999074,1507.3812396717751,14635417,1.3984138460696016,0
2025-11-13,1509.14306640625,1524.5104757353395,1497.8866487683968,1524.1189242683809,19655689,-0.6380099214911006,0
2025-11-14,1470.9691162109375,1497.59294295853,1457.2656513734084,1487.8047537888665,9739549,-2.529511684151775,1
2025-11-17,1475.66748046875,1478.212385937251,1460.8873376663598,1464.3132041198487,7910354,0.3194060436778612,0
2025-11-18,1454.91650390625,1474.1013313334302,1451.784211591062,1474.1013313334302,7525119,-1.4062095178724365,0
2025-11-19,1508.4578857421875,1510.317665675936,1458.9296699222182,1458.9296699222182,10981126,3.680031238369086,0
2025-11-20,1503.955322265625,1522.0634729079381,1501.5082748815287,1522.0634729079381,7387584,-0.29848784769667125,0
2025-11-21,1512.2752685546875,1518.6375916910017,1493.9714020948772,1498.5718033380108,9186302,0.5532043516112584,0
2025-11-24,1515.2117919921875,1551.4280945139647,1508.3600590826622,1530.4813442936104,19270381,0.19417916159578663,0
2025-11-25,1498.1802978515625,1517.7566773334454,1493.5798964672151,1516.1905908718425,8107952,-1.1240338961612806,0
2025-11-26,1524.902099609375,1527.251289037942,1499.6485223505715,1499.6485223505715,7575038,1.7836172185772492,0
2025-11-27,1533.2220458984375,1540.954739594805,1519.3227449478784,1530.8728564928056,7552252,0.5456052746726447,0
2025-11-28,1527.055419921875,1535.179665000364,1524.0211050739736,1531.8516566735827,4453221,-0.40220045055175957,0
2025-12-01,1530.872802734375,1540.6609920101703,1523.042251313739,1529.4045743430058,5341800,0.24998325291267776,0
2025-12-02,1527.9364013671875,1546.4361036663386,1523.1401645511503,1533.8093151456649,6335969,-0.19181223691103755,0
2025-12-03,1545.261474609375,1552.406900951154,1521.182551618934,1522.1613705980963,12895312,1.1338870666792955,0
2025-12-04,1563.7611083984375,1565.1314788059085,1534.7880917871573,1534.7880917871573,12609619,1.197184689648667,0
2025-12-05,1581.9671630859375,1597.2368345243183,1566.1103436503722,1575.8985332981872,10344725,1.1642478246658872,0
2025-12-08,1576.681640625,1595.4749170068917,1566.306063981828,1582.8481284293375,7550413,-0.3341107568014867,0
2025-12-09,1565.1314697265625,1572.8641631737528,1548.883099378693,1567.2848235795727,6957599,-0.7325620214527873,0
2025-12-10,1551.2322998046875,1573.9408513587562,1549.2746619298632,1573.9408513587562,5116140,-0.8880512717761135,0
2025-12-11,1564.1527099609375,1573.3536321517727,1547.023378030827,1564.1527099609375,5159319,0.8329126564652345,0
2025-12-12,1564.348388671875,1567.8722324584342,1549.0788370408115,1567.4806809838458,4633912,0.012510205026106114,0
2025-12-15,1572.766357421875,1576.6816332735752,1551.4280562362142,1551.4280562362142,4190558,0.5381134286299716,0
2025-12-16,1559.1607666015625,1569.0468143358012,1552.0153403019585,1566.1103574156468,5499258,-0.8650738716598161,0
2025-12-17,1568.0679931640625,1572.8642300238714,1552.4068896118622,1553.5814245843821,4817628,0.5712833950994423,0
2025-12-18,1592.3427734375,1595.4749463972676,1572.6684162407605,1576.3879761796316,6577293,1.5480693681181323,0
2025-12-19,1603.9906005859375,1619.847539612933,1595.2792073285575,1615.0513027562847,13149023,0.7314899368866756,0
2025-12-22,1653.8125,1657.3362243784013,1628.7547583833573,1628.7547583833573,23098923,3.106121656564742,0
2025-12-23,1632.9637451171875,1643.4370603643276,1621.3157754082474,1643.4370603643276,6593060,-1.2606480409848464,0
2025-12-24,1628.16748046875,1632.2784723030877,1617.4983299175808,1625.8182910699556,4271167,-0.2937153174881635,0
2025-12-26,1621.0220947265625,1633.453167508233,1616.7152673020842,1628.167521100225,2006491,-0.4388606103427617,0
2025-12-29,1609.863525390625,1637.6620082639456,1602.4245250544589,1622.8818655924697,4062817,-0.6883662704066817,0
2025-12-30,1587.2528076171875,1612.9957941560388,1582.554548282334,1612.1148331917736,9395937,-1.404511464283975,0
2025-12-31,1581.1842041015625,1594.1045668429529,1575.1154547350545,1586.6655664923117,6538656,-0.3823337710604058,0
2026-01-01,1595.2791748046875,1604.8715288376811,1579.9116455766828,1581.184158007412,3658165,0.8914186384206824,0
2026-01-02,1605.6546630859375,1608.6889779975038,1593.0278744696911,1601.2499777187402,2524526,0.6503869946475227,0
2026-01-05,1572.374755859375,1602.3265912739637,1549.568226955718,1602.3265912739637,5917885,-2.0726690484366816,1
2026-01-06,1578.0518798828125,1585.5888575673962,1565.1315174017209,1566.2081943610224,4466729,0.3610541318017191,0
2026-01-07,1604.2843017578125,1607.2207586859843,1580.7926463324388,1580.7926463324388,4508079,1.6623294968570956,0
2026-01-08,1579.128662109375,1609.472049603195,1574.5281413468902,1604.186403368615,3942131,-1.568028785226816,0
2026-01-09,1579.91162109375,1596.747378487979,1572.9620305433675,1575.898487352098,6816681,0.049581709404811214,0
2026-01-12,1562.09716796875,1579.1286413969012,1558.867017677559,1575.996349102621,6985362,-1.1275601044485883,0
2026-01-13,1565.1314697265625,1583.7290294043642,1552.7983751003353,1583.7290294043642,8080618,0.19424539138996888,0
2026-01-14,1565.91455078125,1582.7501883551427,1549.5682031809922,1554.3644397699236,7557157,0.05003292501839507,0
2026-01-15,1565.91455078125,1565.91455078125,1565.91455078125,1565.91455078125,0,0.0,0
2026-01-16,1654.00830078125,1658.119292555676,1618.3792672921977,1628.461030733189,19335957,5.625706074194747,0
2026-01-19,1645.59033203125,1649.309891747184,1631.201741600405,1649.309891747184,5104958,-0.5089435612882887,0
2026-01-20,1623.7628173828125,1644.6115898062917,1617.889903547792,1637.5641409981627,6406503,-1.326424579894958,0
2026-01-21,1619.358154296875,1621.9030597634667,1596.6494821313709,1616.0301458476063,6224582,-0.27126271391266776,0
2026-01-22,1628.265380859375,1635.8022392467942,1618.7708845027832,1630.712428320841,6228892,0.5500467292467226,0
2026-01-23,1635.4107666015625,1640.2068839190629,1626.9928279555104,1631.8869227568262,5869137,0.43883422359667357,0
2026-01-27,1647.05859375,1653.6167523834592,1625.9161283991023,1650.0930280724322,10673087,0.7122263951240937,0
2026-01-28,1631.2017822265625,1653.029492632909,1615.05126953125,1644.4158380681818,8588664,-0.9627351196617062,0
2026-01-29,1624.35009765625,1631.2018305177105,1607.318623503672,1622.8818691859371,4749582,-0.4200390561712175,0
2026-01-30,1606.241943359375,1619.9454090553113,1583.8269648597889,1619.9454090553113,9207926,-1.1147938072588515,0
2026-02-02,1594.8875732421875,1626.7970461591942,1583.7290136495644,1626.7970461591942,6784887,-0.7068904011708455,0
2026-02-03,1620.9241943359375,1691.3991593070652,1617.9877374621406,1690.616056346825,8805868,1.6325051076058639,0
2026-02-04,1503.2701416015625,1551.3301265638145,1478.1144237257668,1540.66097646391,28828622,-7.2584549694241325,1
2026-02-05,1488.00048828125,1518.1481590925844,1483.5958031001303,1501.5082372972433,10628127,-1.0157624300343282,0
2026-02-06,1475.177978515625,1492.6988611765453,1448.6520095352703,1489.86026239605,13900866,-0.8617275240571987,0
2026-02-09,1465.4876708984375,1495.6353420798034,1461.376679139494,1489.8602864300617,8294615,-0.6568907452738859,0
2026-02-10,1466.0750732421875,1483.7916723660803,1459.4190565785855,1468.2284271414342,8657000,0.040082380453587696,0
2026-02-11,1440.7236328125,1474.003477029586,1437.885033967625,1469.4029562852068,7934411,-1.729204792604755,0
2026-02-12,1356.64306640625,1405.2903204885395,1351.259562174479,1398.6344233110094,26048896,-5.835995501934854,1
2026-02-13,1340.1009521484375,1348.1273389393946,1254.3564391221673,1266.493817560756,45785709,-1.2193416726503203,0
2026-02-16,1336.6751708984375,1346.854912154694,1309.953484521095,1344.6035807140283,14621891,-0.2556360582020245,0
2026-02-17,1361.73291015625,1400.6899531531467,1338.0455387563604,1340.9819956812096,25347684,1.8746319078381646,0
2026-02-18,1344.603515625,1371.3253201935424,1316.805153615715,1361.4392729027982,20241373,-1.2579114746727016,0
2026-02-19,1341.471435546875,1372.3042339560152,1334.326009074035,1355.6643110050506,14574228,-0.23293707339959724,0
2026-02-20,1324.5377197265625,1336.0878308198503,1309.8554358713993,1330.4106332686276,12633552,-1.2623239952484822,0
2026-02-23,1299.3822021484375,1323.3632672728343,1290.0834217940796,1323.3632672728343,12887826,-1.8991922391850102,0
2026-02-24,1248.4835205078125,1275.988307999553,1237.3249610296912,1273.4434027288626,27839061,-3.9171447443614005,1
2026-02-25,1262.7742919921875,1295.564726518415,1258.9568742250233,1258.9568742250233,16669618,1.1446503898235205,0
2026-02-26,1261.7955322265625,1286.168148899459,1259.054910753846,1277.848187510079,11493914,-0.07750868637663721,0
2026-02-27,1272.5625,1306.723305439908,1266.7874442662774,1298.207628321947,23141724,0.8533052700256505,0
2026-03-02,1261.5997314453125,1271.290062662244,1246.0364867011174,1263.6552272829085,9700361,-0.8614719162860385,0
2026-03-04,1279.7078857421875,1289.104523520103,1264.6340504084835,1264.6340504084835,15154950,1.435332764071684,0
2026-03-05,1278.141845703125,1292.0410271405913,1262.7743163409898,1292.0410271405913,10362147,-0.122374805727965,0
2026-03-06,1280.686767578125,1299.0884925711757,1275.4011212294208,1275.4011212294208,8724291,0.19911106764523012,0
2026-03-09,1287.14697265625,1290.0834296280893,1255.3353554613236,1262.676497890922,10068514,0.5044328747412452,0
2026-03-10,1268.1578369140625,1293.0198627132945,1256.9014187299574,1292.0410437407636,9600171,-1.4752888477840398,0
2026-03-11,1249.2667236328125,1271.975276386956,1244.3726286871142,1260.7188580118502,7868891,-1.4896500050198491,0
2026-03-12,1238.9891357421875,1251.5179472285731,1231.3542997621664,1245.5471752363726,7599940,-0.822689638345464,0
2026-03-13,1221.8597412109375,1242.7085131232232,1216.280401513626,1224.5025045780033,7366098,-1.3825298412313392,0
2026-03-16,1223.3280029296875,1227.7326883178384,1198.2701415781937,1213.931245180508,12314450,0.12016614257990277,0
2026-03-17,1206.785888671875,1218.6295738865974,1189.3628638376754,1218.6295738865974,11223276,-1.3522223163531466,0
2026-03-18,1240.261474609375,1263.459555545422,1208.7435520363658,1211.7778669014497,12365381,2.7739457555591374,0
2026-03-19,1194.9422607421875,1228.4178221249233,1189.3629208552388,1217.846529327881,9156461,-3.65400480422573,1
2026-03-20,1229.2987060546875,1238.0102183433878,1203.1641691885866,1215.6930991638783,27299975,2.87515526408455,0
2026-03-23,1230.1796875,1234.3885372371806,1201.4023868626336,1211.9735596886824,12420293,0.07166536830904846,0
2026-03-24,1251.224365234375,1269.5282325903943,1224.5025589595862,1242.1213008151199,13613495,1.7106994976597623,0
2026-03-25,1252.00732421875,1263.263742406015,1230.4733068170258,1243.100095463166,10824030,0.06257542660850213,0
2026-03-27,1242.806396484375,1267.3748481809973,1236.444073189259,1257.9780904958054,13092541,-0.7348940821984673,0
2026-03-30,1224.1109619140625,1238.6953882487069,1216.6719617488286,1223.5236944376795,14108486,-1.5042917885841112,0
2026-04-01,1248.6793212890625,1275.4011271577126,1242.610691424955,1262.6764804554484,8137156,2.007036954932917,0
2026-04-02,1273.247802734375,1277.7503462365091,1233.116223742555,1233.3119397486187,12873492,1.9675573244817945,0
2026-04-06,1278.5333251953125,1292.041075138383,1271.4858762157266,1273.8350657038357,10208682,0.4151212709408547,0
2026-04-07,1311.0301513671875,1316.609371698259,1266.1023367797188,1274.4222980187042,15355792,2.5417269563083655,0
2026-04-08,1317.68603515625,1347.7358488962445,1302.8080347694565,1320.4267760360608,16030133,0.5076835023299475,0
2026-04-09,1303.395263671875,1309.170319257509,1286.1680743957882,1301.7313192842819,14894607,-1.0845353978939598,0
2026-04-10,1265.12353515625,1290.9643801968148,1256.1184483091881,1290.0834192154255,19233369,-2.9363102339199365,1
2026-04-13,1249.756103515625,1261.6976471062894,1238.8911174058185,1245.0577246851824,10366082,-1.2146981076221142,0
2026-04-15,1277.6524658203125,1294.4881045276459,1272.9540869097948,1278.631284802942,12098912,2.232144514134693,0
2026-04-16,1291.2579345703125,1302.808046184627,1281.2740288923192,1294.0965334739733,18527029,1.064880248265676,0
2026-04-17,1290.7685546875,1300.165312581974,1278.4354593069281,1285.1893342368037,12064048,-0.03789946762072782,0
2026-04-20,1284.7977294921875,1296.8372503675125,1280.3930442184933,1292.0410136169874,7172300,-0.4625790714864464,0
2026-04-21,1285.385009765625,1296.9351212811175,1271.7795218169556,1282.2528368892558,10057440,0.0457099401685257,0
2026-04-22,1241.729736328125,1270.2133447995752,1229.2987830540255,1267.5705813427946,20088378,-3.3962799554866474,1
2026-04-23,1214.32275390625,1238.891085420282,1200.0320212693207,1227.438951608261,14792854,-2.2071616407382866,1
2026-04-24,1130.144287109375,1197.9764852174349,1127.7950978335834,1174.5826894228176,42078914,-6.932132872095876,1
2026-04-27,1145.5118408203125,1154.9084786451926,1130.04645394258,1130.1443119385692,19579883,1.3597868773237654,0
2026-04-28,1127.697265625,1144.6308809119316,1125.4460537763027,1138.0727223885278,12720276,-1.555162902773255,0
2026-04-29,1142.7711181640625,1153.2444330805374,1132.2978032475876,1133.961747660014,8303109,1.3366931887263345,0
2026-04-30,1156.768310546875,1164.5988623339997,1135.0384576467616,1142.7711514334947,12205669,1.224846529662038,0
2026-05-01,1156.768310546875,1156.768310546875,1156.768310546875,1156.768310546875,0,0.0,0
2026-05-04,1143.652099609375,1169.6886601132755,1140.5198072387318,1169.6886601132755,7735811,-1.1338667231728716,0
2026-05-05,1153.1466064453125,1160.0961972461241,1135.5278649580357,1144.728787187228,8164108,0.8301918773358175,0
2026-05-06,1142.4774169921875,1166.2627649868193,1139.443102180398,1161.8580797644604,9856963,-0.9252240255914868,0
2026-05-07,1138.07275390625,1150.5038263553197,1134.6468875555572,1148.1546369607545,12013987,-0.38553611830102197,0
2026-05-08,1154.2232666015625,1158.4322359116547,1134.2554554613432,1136.4088093734103,7582770,1.419110741372065,0
2026-05-11,1152.0699462890625,1161.8581361470833,1147.2737093616843,1151.0911273032605,7336288,-0.18656012010918044,0
2026-05-12,1116.1473388671875,1137.3876630949442,1099.2137225952,1137.3876630949442,16891948,-3.1180925722075647,1
2026-05-13,1099.3115234375,1118.398492694932,1097.2560275682617,1112.5255790772605,6664111,-1.5083864686515902,0
2026-05-14,1071.8067626953125,1098.137016652994,1065.933848927119,1096.0815207310736,16914842,-2.5019987652072695,1
2026-05-15,1095.2984619140625,1109.1976439317652,1078.266987402901,1078.658538900176,17482450,2.1917849407550483,0
2026-05-18,1118.3006591796875,1121.8243835304838,1094.319594715878,1095.2984136735845,12096377,2.1000848686875795,0
2026-05-19,1171.5484619140625,1173.0166903851343,1137.3876555901809,1137.3876555901809,32175705,4.761492564390868,0
2026-05-20,1168.4161376953125,1181.3366195800531,1159.802602590221,1161.8580984968487,15121010,-0.26736616713510797,0
2026-05-21,1156.180908203125,1176.3446743746752,1152.0699163634372,1170.7653346096859,10021033,-1.0471636857328326,0
2026-05-22,1149.622802734375,1166.5564175672662,1147.6651649263981,1157.4533539662823,8803066,-0.567221394352746,0
2026-05-25,1143.75,1159.900513478819,1141.4008105061328,1157.9428754813864,5856136,-0.5108460549326788,0
2026-05-26,1142.966796875,1155.6914427435413,1138.2685377836078,1141.5965459846338,8005767,-0.06847677595628321,0
2026-05-27,1135.3321533203125,1142.5754376343073,1130.5359164445094,1136.4088302961693,6371871,-0.66796722140674,0
2026-05-28,1135.3321533203125,1135.3321533203125,1135.3321533203125,1135.3321533203125,0,0.0,0
2026-05-29,1136.3109130859375,1184.370898370815,1129.1654871448488,1156.96396849116,69085430,0.08620911182357638,0
2026-06-01,1177.02978515625,1191.222659904496,1148.8397516554953,1150.1122640819906,19439331,3.583427000602346,0
2026-06-02,1243.8831787109375,1251.811588367994,1206.3943648530496,1206.3943648530496,36032600,5.679838726070363,0
2026-06-03,1196.7039794921875,1223.425783618914,1190.2437985614154,1215.7909483013548,18534303,-3.7928963126298454,1
2026-06-04,1175.855224609375,1189.4607121046952,1170.8631524946943,1182.4132636253246,12755957,-1.7421814617562759,0
2026-06-05,1172.1357421875,1197.8787294549086,1169.0035692089534,1194.159169493737,8692290,-0.3163214606722198,0
2026-06-08,1162.4453125,1175.26781631171,1151.5804465064052,1152.559265415463,8631711,-0.826732718636769,0
2026-06-09,1155.300048828125,1168.3182691086097,1142.5754025403635,1168.3182691086097,10984054,-0.6146752535401534,0
2026-06-10,1145.300048828125,1171.4000244140625,1143.300048828125,1160.0999755859375,8887626,-0.865576004272095,0
2026-06-11,1114.5999755859375,1133.699951171875,1109.0,1129.699951171875,9372176,-2.680526668413219,1
2026-06-12,1116.4000244140625,1123.300048828125,1111.5,1120.0,8075333,0.16149729656855794,0
2026-06-15,1134.9000244140625,1151.0,1123.0,1130.0,7856192,1.6571121099455022,0
2026-06-16,1143.5999755859375,1153.800048828125,1123.199951171875,1136.9000244140625,10456090,0.7665830456182077,0
2026-06-17,1157.699951171875,1162.5,1148.0,1149.0,5995119,1.2329464748994212,0
2026-06-18,1127.5,1142.9000244140625,1125.300048828125,1142.9000244140625,16781447,-2.608616433066724,1
2026-06-19,1051.4000244140625,1066.0,1030.0,1062.300048828125,45665442,-6.749443510947895,1
2026-06-22,1065.4000244140625,1080.300048828125,1055.0,1055.0,10178505,1.3315578918501547,0
2026-06-23,1029.300048828125,1055.300048828125,1026.0,1053.800048828125,19323064,-3.388396354298129,1
2026-06-24,1056.5999755859375,1065.5,1037.699951171875,1040.9000244140625,12346266,2.6522807211457833,0
2026-06-25,1041.199951171875,1068.0,1039.0999755859375,1065.0,15866779,-1.4575075496781498,0
2026-06-26,1041.199951171875,1041.199951171875,1041.199951171875,1041.199951171875,0,0.0,0
2026-06-29,1036.699951171875,1046.5999755859375,1029.0999755859375,1037.0999755859375,15080892,-0.43219364301114727,0
2026-06-30,1000.4000244140625,1030.4000244140625,996.0,1030.0,24128263,-3.501488228756977,1
2026-07-01,985.2999877929688,1014.0,982.4000244140625,1006.0,13037982,-1.5093998653126661,0
2026-07-02,1040.9000244140625,1045.0,1006.0,1006.4000244140625,18741111,5.642955172021824,0
2026-07-03,1047.199951171875,1068.699951171875,1042.0,1063.0,11653534,0.6052384100345032,0
2026-07-06,1042.199951171875,1053.0,1033.0,1050.0999755859375,5559747,-0.47746373502067785,0
2026-07-07,1071.800048828125,1087.5,1040.5999755859375,1040.5999755859375,18866296,2.840155348593809,0
2026-07-08,1069.300048828125,1079.699951171875,1064.4000244140625,1071.9000244140625,13022221,-0.23325246184989767,0
2026-07-09,1050.800048828125,1062.699951171875,1040.4000244140625,1062.699951171875,9003333,-1.7301037272255515,0
2026-07-10,1068.0,1091.300048828125,1064.699951171875,1075.0,9747266,1.636843392903975,0
2026-07-13,1102.5999755859375,1114.9000244140625,1057.0999755859375,1057.0999755859375,20994760,3.2396980885709192,0
2026-07-14,1092.9000244140625,1113.5,1090.0,1107.800048828125,14819413,-0.879734390227993,0
2026-07-15,1076.300048828125,1088.0999755859375,1073.0,1079.0,8501933,-1.5188924160594919,0
2026-07-16,1082.4000244140625,1097.300048828125,1077.9000244140625,1082.5,8592146,0.5667541864909476,0
2026-07-17,1096.5,1116.800048828125,1092.0,1105.0,12547728,1.3026584689491472,0
2026-07-20,1087.0999755859375,1103.800048828125,1083.199951171875,1102.0,6372645,-0.8572753683595558,0
2026-07-21,1073.5,1094.5,1067.199951171875,1080.0,9485229,-1.2510326456963816,0
2026-07-22,1052.0999755859375,1069.300048828125,1046.199951171875,1064.0,7517203,-1.9934815476537082,0
2026-07-23,1047.4000244140625,1058.5,1032.0,1046.9000244140625,13794578,-0.4467209657768034,0
2026-07-24,1040.9000244140625,1043.4000244140625,1013.9000244140625,1028.0,29036900,-0.6205842895255054,0
