Date,Close,High,Low,Open,Volume,Daily_Change_%,Crash_Signal
2020-01-01,94.73125457763672,95.08196436285111,92.15936299923888,92.7828536685619,9953746,,0
2020-01-02,94.61434173583984,95.19886196162216,93.9908511165865,94.69227657673471,8731299,-0.12341527864075941,0
2020-01-03,93.01663970947266,94.57536012671073,92.8217996573179,94.30258524290336,7392962,-1.6886467707273423,0
2020-01-06,92.66594696044922,92.86078704827773,90.795480928086,92.7438818063711,6596841,-0.377021520148213,0
2020-01-07,93.9518814086914,94.73124166609723,92.93871069564507,92.93871069564507,8959942,1.3877098226720008,0
2020-01-08,93.48426818847656,94.10775882411534,91.61380817365503,93.28942810809538,6372683,-0.49771565316582,0
2020-01-09,93.01663970947266,94.45845490620857,92.6659299940127,93.91290513859386,8309627,-0.5002215753147965,0
2020-01-10,93.7570571899414,94.92609777362622,92.78285670353739,93.48427629690997,5588344,0.7960054058944399,0
2020-01-13,94.88712310791016,95.08196319642742,93.60117733448665,93.83498781912643,3534313,1.2053129138634988,0
2020-01-14,96.25099182128906,96.6406719501202,94.57536607810582,94.8871113703801,8631692,1.437359115449044,0
2020-01-15,96.52377319335938,97.42003873896734,95.35473272849177,95.86131811914386,6537916,0.2834062973364304,0
2020-01-16,94.65331268310547,96.17306894212946,94.2636325058246,96.17306894212946,8806007,-1.9378236556365724,0
2020-01-17,94.4584732055664,94.84815338536832,93.99085817901364,94.65331329546737,6811534,-0.20584538672341335,0
2020-01-20,92.15936279296875,94.88712405956824,91.80865300853931,94.30260378815406,10655638,-2.4339906570310377,1
2020-01-21,91.30207061767578,93.17253673755816,91.14619497249099,92.2762711024012,5150830,-0.9302279760970422,0
2020-01-22,87.4052734375,90.21096979705403,86.89868796865248,89.58747907446505,19388739,-4.268027169387523,1
2020-01-23,88.45741271972656,89.19780278257362,87.52218254075677,87.75598711247498,22793170,1.2037480587242966,0
2020-01-24,89.43159484863281,90.63960569777399,88.49636486262156,88.84707462086396,9898052,1.1013007264782937,0
2020-01-27,88.18463134765625,89.86025741393753,87.75598074486986,89.62644691313623,5597365,-1.394320992583331,0
2020-01-28,87.32733154296875,88.6522417890899,86.4310659312761,88.6522417890899,12128081,-0.9721646409199258,0
2020-01-29,88.22359466552734,89.54851090961115,87.09352446697018,87.36629941703075,18501507,1.026326015833412,0
2020-01-30,88.5743179321289,89.4705836550329,87.3273423788074,88.41844227168343,18545239,0.3975390800286638,0
2020-01-31,87.95082092285156,89.82128709273417,86.89868556043261,88.65224647981354,64518347,-0.7039252729612921,0
2020-02-03,85.92448425292969,87.01559000408125,83.54743265027979,85.3009935534008,14889516,-2.303942872459752,1
2020-02-04,87.28836059570312,87.5221710828607,85.92447996139526,86.0024148084319,9743806,1.5872965134811734,0
2020-02-05,86.66486358642578,87.75596920325017,86.11931375103721,86.7428043738075,10671590,-0.714295703370138,0
2020-02-06,87.28836059570312,87.67804077693395,86.11932005201068,86.11932005201068,11852617,0.7194345937619362,0
2020-02-07,90.09407043457031,90.6006559365435,87.5221844143234,87.60011927323114,18446803,3.214300073594578,0
2020-02-10,88.45741271972656,90.32787902371462,87.32734242463403,90.24994416647522,31637511,-1.8166098023424837,0
2020-02-11,91.06826782226562,91.61382370746446,88.92502657466993,89.23677194534807,20937033,2.9515390765626925,0
2020-02-12,91.02928161621094,92.66593698863993,90.7175363200228,91.18515129128153,13679292,-0.042809868889537306,0
2020-02-13,89.74333190917969,91.26308198324857,89.39261623713146,91.02927748126312,20903696,-1.4126769806367956,0
2020-02-14,87.83391571044922,90.01612723393349,87.2104309509166,89.47057732608644,23827224,-2.127641305610095,1
2020-02-17,85.96346282958984,88.65225409175554,85.1061615496659,88.14566859345008,22137354,-2.129533752116275,1
2020-02-18,85.41789245605469,86.431063280996,80.89760603150683,85.41789245605469,34458578,-0.634653788455064,0
2020-02-19,87.32733154296875,88.6522417890899,86.04138574758778,87.5221716348129,17935374,2.235408802548511,0
2020-02-20,86.78178405761719,87.60011490042059,86.4700386914993,87.05455902320222,19663654,-0.6247156253516462,0
2020-02-24,85.49583435058594,86.31416515713146,84.83337919321711,86.31416515713146,11370193,-1.481819855394384,0
2020-02-25,85.80757141113281,87.63906700312954,85.45686163995911,86.43106205549434,10775289,0.3646225139678272,0
2020-02-26,85.02820587158203,86.93764213672577,84.36575081879629,85.72963131702163,14998071,-0.9082712944019633,0
2020-02-27,84.98925018310547,85.96345063937194,83.11878411786432,85.10614948101929,22610691,-0.04581501876612659,0
2020-02-28,83.04085540771484,85.88551619340969,82.1056193329517,83.1187902607664,25696761,-2.292519078816313,1
2020-03-02,80.97554016113281,85.72963702513536,80.04030418959374,85.22305161714097,15614944,-2.487107383999987,1
2020-03-03,84.87235260009766,85.69067748959849,81.28729578664353,81.56007074981046,17194661,4.812332750372028,0
2020-03-04,84.13195037841797,86.50900190837348,83.78124058693828,84.67750621033369,17095867,-0.8723715073250315,0
2020-03-05,84.05403137207031,85.456882694489,83.43054652014452,84.2488715031813,11579256,-0.0926152383216916,0
2020-03-06,81.94975280761719,83.54743816835463,80.19619178867836,81.63800743726283,13533444,-2.503483212052504,1
2020-03-09,80.19617462158203,81.36521505062535,77.58531885259467,81.05346974700439,47383195,-2.139821202574954,1
2020-03-11,80.31307983398438,81.67696033420019,79.10506901251725,80.27410944127365,28434577,0.14577405088707085,0
2020-03-12,73.53264617919922,77.93603324685607,72.67535100269329,77.15667291438751,47225243,-8.442502353042658,1
2020-03-13,76.41629028320312,78.52056100364078,63.32303306745224,70.14243662856249,49533058,3.9215834786857195,0
2020-03-16,70.76592254638672,74.81859401018609,68.7785512645721,74.81859401018609,34649740,-7.394192672630173,1
2020-03-17,68.66165161132812,74.74066524791075,67.29777088032994,70.92179801190619,21241388,-2.973565325428007,1
2020-03-18,62.77747344970703,70.41520068901389,58.374086642213584,69.36306549155368,88654467,-8.569817392289892,1
2020-03-19,61.06288528442383,66.20666266223378,58.49099956854279,61.21876092984103,33846928,-2.731215627301109,1
2020-03-20,63.323020935058594,64.1803160292777,59.50415448330414,61.179780226487374,58499591,3.7013246919259,0
2020-03-23,59.543128967285156,62.34882489850858,57.04917240371643,58.37408850043812,37653540,-5.9692224280486155,1
2020-03-24,60.43940353393555,62.03708884275807,58.49100246509234,60.86804820145215,13742927,1.5052527171402597,0
2020-03-25,62.11501693725586,62.738507589859815,58.685836186076706,60.79010673303187,16472741,2.7723857373600502,0
2020-03-26,62.46794509887695,64.46785685022603,59.91903338912153,64.31100313844453,39959613,0.5681849237481496,0
2020-03-27,65.09529113769531,66.19328519697609,62.93851944337408,64.70315082963691,39345541,4.205910782977873,0
2020-03-30,64.11493682861328,65.48742783106066,62.115018974469876,62.66401896560038,17043895,-1.506029532932418,0
2020-03-31,66.03643035888672,66.5070035501669,63.64437789328362,64.89922577499519,28293281,2.9969514520614915,0
2020-04-01,63.526729583740234,66.15406843770855,63.21301614216502,66.11485799725303,14355207,-3.8004791620429357,1
2020-04-03,62.38950729370117,64.38941869406815,61.84050743164365,64.35020826479695,18310156,-1.7901477023777645,0
2020-04-07,63.958072662353516,64.3502128847258,62.82086242732293,63.99728309443978,47686619,2.5141493124288594,0
2020-04-08,66.82070922851562,68.07556305992851,62.977738816469866,63.95808963251961,38072700,4.475801797959877,0
2020-04-09,68.31083679199219,69.29118750939617,66.899135349082,69.29118750939617,9322342,2.230038532486356,0
2020-04-13,69.52645874023438,69.91859894070542,66.46776397984326,68.31082172534028,33266662,1.7795448062564168,0
2020-04-15,70.50682067871094,73.8792233596672,69.56568045476212,69.76175058680326,24127975,1.4100559071178909,0
2020-04-16,74.5850830078125,75.52622330716956,68.23241141739311,68.42848156514424,20876392,5.784209654957495,0
2020-04-17,74.89878845214844,79.2123312425863,74.50664819847226,79.2123312425863,16969641,0.4206007846141002,0
2020-04-20,77.56534576416016,77.87905917348574,73.25180284079376,76.07521155755283,17639066,3.5602142132316716,0
2020-04-21,76.31049346923828,77.17320080472457,74.93800262255115,75.68306668874722,15085097,-1.6178001690823285,0
2020-04-22,76.54578399658203,77.3692810053132,74.42822880782477,76.31050341093457,10342633,0.3083331225457231,0
2020-04-23,74.66350555419922,76.62420691837026,74.1537279863833,76.42813678195316,14078729,-2.459023010943173,1
2020-04-24,73.2518081665039,75.56543350926725,72.11459772296695,74.31058576431788,10148964,-1.8907461914851376,0
2020-04-27,72.42830657958984,74.03608407796649,72.07538273047578,74.03608407796649,22675928,-1.124206497459035,0
2020-04-28,70.85975646972656,72.85967454716155,69.52648174049429,72.27146405186733,19815445,-2.1656589584068686,1
2020-04-29,70.74210357666016,72.4283079644605,70.38917972079798,71.72245426915038,21550996,-0.16603626505077296,0
2020-04-30,74.5458755493164,76.07522036949545,70.89896945859756,71.64403365641068,15151435,5.376956268390098,0
2020-05-04,71.72245788574219,73.44787878168047,70.9773937153142,71.40875043519529,10305663,-3.78749010963908,1
2020-05-05,72.6243667602539,74.46742457756373,71.64401622087794,72.31065339093662,10628539,1.2574985591661036,0
2020-05-06,74.27136993408203,74.85958038018168,72.31066844708317,72.89887889318284,10232281,2.2678382577367984,0
2020-05-07,70.93816375732422,74.03607510088031,70.70288321430516,73.80078857427634,8449705,-4.4878749102327475,1
2020-05-08,68.23240661621094,72.5067331429876,67.25205594643779,71.36952875948501,28174665,-3.8142475048685176,1
2020-05-11,67.9579086303711,70.15389050835861,67.33048181746864,69.1735398529395,12243824,-0.4022985549723024,0
2020-05-12,71.87930297851562,73.13415047629813,67.17362037414254,67.84025754637842,18124894,5.770328173978001,0
2020-05-13,72.97731018066406,77.25163693758327,72.66359675272827,74.46743849208372,19037031,1.5275707424105445,0
2020-05-14,70.0754623413086,73.33022765311024,68.62454459515665,73.17337394461264,39115884,-3.976369959610182,1
2020-05-15,71.25189971923828,71.99696996728974,69.95783537985359,70.58526232730884,16925981,1.6788150068846486,0
2020-05-18,69.72252655029297,70.97737395386542,68.89902976291933,70.97737395386542,11368562,-2.1464314284554753,1
2020-05-19,71.40874481201172,72.07538206730769,69.17354050956997,70.27153445077923,12262118,2.418469819079827,0
2020-05-20,72.85966491699219,73.2518051953575,70.0362561094791,70.50682324680032,10126022,2.031852133516865,0
2020-05-21,70.78131103515625,72.66358532311287,70.42838722398282,72.27144509577128,20143324,-2.852543837806243,1
2020-05-22,71.3302993774414,71.52636947576707,69.29117155157145,70.50680855462436,9392095,0.7756120001966016,0
2020-05-26,72.9380874633789,73.25180086423956,70.7028892055731,70.7028892055731,12350762,2.254004399210441,0
2020-05-27,74.27136993408203,74.6635102314818,71.48717741269532,72.93809531635725,11684730,1.8279646712323627,0
2020-05-28,75.05564880371094,75.68307565856345,74.1145145050181,74.70272493759761,12156645,1.0559639203167714,0
2020-05-29,76.74185180664062,77.52613236875976,73.95765940126918,74.27136683924817,19891080,2.2466037264423866,0
2020-06-01,76.78107452392578,78.15356562017313,76.1928640541055,77.17321483713931,10106253,0.05110994374226685,0
2020-06-02,75.879150390625,77.604565370414,75.33015634712477,77.44771163901001,18170659,-1.1746698504717212,0
2020-06-03,74.27136993408203,76.70264456482947,74.03608934579381,76.66342814165506,23102350,-2.118869871718565,1
2020-06-04,74.6242904663086,74.89878744346811,72.74201607729495,73.84000996951835,12827335,0.4751770871330274,0
2020-06-05,76.82026672363281,77.01633683368148,73.84000464104406,74.50664181849254,11744302,2.942709731110482,0
2020-06-08,77.29084777832031,78.58490585177724,76.66342096775867,77.60455520001561,14168383,0.6125740963389914,0
2020-06-09,76.85948181152344,78.19275614339145,76.23205507677096,77.64376223817163,14232434,-0.5581074334105929,0
2020-06-10,76.97714233398438,78.54570353902294,76.2712885949998,76.97714233398438,12104423,0.1530852403474059,0
2020-06-11,76.89871978759766,78.19277806753489,75.91836897941097,76.9771466555353,10258905,-0.10187770552259057,0
2020-06-12,75.99679565429688,76.82028674092992,73.9576671751658,74.11452091064263,10925477,-1.1728727549587203,0
2020-06-15,73.09495544433594,76.03600793244367,72.62438824295603,75.83993776656982,10980359,-3.818371794465081,1
2020-06-16,72.78125,74.58509198630377,72.34989322958673,74.46744868677406,8757035,-0.42917523162707694,0
2020-06-17,71.76166534423828,73.01651294042593,71.25188182540367,72.89886966937405,17081311,-1.4008891792346545,0
2020-06-18,72.70279693603516,73.95765047076895,70.50681521742123,71.99694930222878,16520026,1.3114684383121578,0
2020-06-19,72.9380874633789,73.76158439268994,72.46752035388064,72.97730388233103,13836691,0.3236333913683609,0
2020-06-22,74.74192810058594,75.17327875113735,73.21257765703578,73.80078798526625,18868376,2.4731120597489165,0
2020-06-23,79.0162582397461,79.3299716279857,74.50664548660922,74.58507233777281,20331626,5.718784954821965,0
2020-06-24,76.11442565917969,81.40831908569986,75.87913911345574,79.99661177852698,24055051,-3.672450006126393,1
2020-06-25,75.36935424804688,77.290845047768,73.99686338406833,76.11442430721497,69278017,-0.9788833124341534,0
2020-06-26,76.07521057128906,76.38892397654756,74.9380062087607,75.60464345519406,15572219,0.9365296150994684,0
2020-06-29,74.42823028564453,76.89871537730508,74.07530042478666,76.58500193996014,18130595,-2.1649368740178088,1
2020-06-30,75.13407897949219,76.66342365644216,74.6635058632746,76.0752132447559,18496305,0.9483615170463144,0
2020-07-01,73.40866088867188,74.27136832757357,72.38909972763749,74.27136832757357,21639137,-2.296452041810837,1
2020-07-02,73.2518081665039,74.11451561718248,73.0557380193685,74.11451561718248,14333457,-0.21367059454447945,0
2020-07-03,74.11450958251953,74.78114683178275,72.74201866432472,73.40865591358795,15274841,1.1777203015312265,0
2020-07-06,74.66350555419922,75.60464579915273,74.3890085599324,75.21250552631854,11830916,0.7407402069744995,0
2020-07-07,72.58515930175781,74.85956785939692,72.34987276923684,74.82035742636681,18786009,-2.7836172933679237,1
2020-07-08,71.36953735351562,72.82045532277641,71.2518940622596,72.82045532277641,26256635,-1.6747527455143962,0
2020-07-09,71.52637481689453,72.15380157182264,71.21266742301547,71.60480764894929,11910945,0.2197540704264922,0
2020-07-10,70.89896392822266,71.60481763001012,70.3891803667325,71.52638478702254,12213053,-0.8771741756492313,0
2020-07-13,70.50682067871094,72.82044584336215,70.19310727072799,71.4087444828173,17508551,-0.5531015233293357,0
2020-07-14,68.74217987060547,70.50681081203444,68.54610976600225,70.4283839669101,14240946,-2.5027944688453263,1
2020-07-15,69.055908203125,70.38918280999125,68.82062163316694,69.25197835022804,11582839,0.4563840324965929,0
2020-07-16,68.03633117675781,69.3303951566639,67.33047755284674,69.17353547158079,10152592,-1.4764515490378383,0
2020-07-17,69.2519760131836,69.5264730131472,68.23240888922068,68.38926260817536,12238969,1.7867583618927707,0
2020-07-20,68.35004425048828,69.7225350748612,68.23240098311072,69.7225350748612,12349129,-1.302391375119194,0
2020-07-21,69.29119110107422,69.52647767888152,68.07555973863313,69.01669408268987,20118152,1.3769513405680334,0
2020-07-22,70.85975646972656,72.62438795560922,69.56569218336196,69.6049086098162,31321718,2.2637298388539673,0
2020-07-23,71.0166015625,71.8400924961204,70.78131501941684,71.29109854037347,11161294,0.22134579708927848,0
2020-07-24,70.11467742919922,70.97738477672969,69.44804020536137,70.82053107120973,11352904,-1.2700187188020018,0
2020-07-27,68.74217987060547,70.27152429307668,68.42846650652338,70.23231386230688,10071266,-1.9575039191753851,0
2020-07-28,69.44805145263672,69.64412160808337,68.15398722997159,68.93826785175818,13888285,1.0268391013493083,0
2020-07-29,69.13433074951172,70.31075155869144,68.93826061464843,69.40882774160319,10732504,-0.45173434900322995,0
2020-07-30,67.91869354248047,69.80096803451023,67.52655327262367,69.44804418507337,10668042,-1.7583698198160969,0
2020-07-31,68.23240661621094,68.70297374098492,67.68341263457224,68.15397975934621,7906179,0.46189503561968603,0
2020-08-03,67.13441467285156,68.3892623708927,66.66384753403436,68.3892623708927,14158505,-1.6091942198892206,0
2020-08-04,67.13441467285156,68.23240865248223,66.93834453304558,67.84026837287027,19621505,0.0,0
2020-08-05,67.36969757080078,67.91869153897146,66.97755731251159,67.36969757080078,9478990,0.35046540451086905,0
2020-08-06,67.5657730102539,68.58533417178657,67.13441629879927,67.84027001591323,12208873,0.29104396564503254,0
2020-08-07,67.29126739501953,67.99711503823794,66.93833758982514,67.60497479930096,10339288,-0.40627910109563015,0
2020-08-10,69.17355346679688,69.56569380614059,67.56578166563968,68.07556530350385,12215464,2.7972219050768743,0
2020-08-11,69.21276092529297,70.27153850760293,68.85983705905163,69.80097135808583,11180265,0.056679838653828085,0
2020-08-12,69.56568908691406,69.91861895853324,68.27163084173606,69.01669504251043,14803880,0.5099177621335382,0
2020-08-13,70.5357894897461,70.73789776908635,69.92946465172535,70.65705569092128,13723113,1.3945098734233774,0
2020-08-14,71.46549987792969,72.63772561253292,70.09115966482449,70.61664250607483,25402282,1.3180690184501964,0
2020-08-17,77.04369354248047,78.01381100493292,72.27393598840034,72.27393598840034,115111358,7.805435733436283,0
2020-08-18,76.84158325195312,79.06477470022486,76.03314999803612,77.77127655967267,52023697,-0.26233203684076223,0
2020-08-19,76.51822662353516,78.01382725970933,76.1948520127213,77.60961053815643,21840924,-0.4208094299120946,0
2020-08-20,81.73261260986328,82.37936177408574,76.19484524969062,76.47779569609152,112338263,6.814567216752909,0
2020-08-21,85.65351104736328,87.1895356474053,82.13682720506775,83.02610265734776,107862545,4.797226360811124,0
2020-08-24,85.20886993408203,87.31079525289525,83.87495377303594,86.58320405888314,49154455,-0.5191160383785975,0
2020-08-25,83.91539001464844,86.82574904284014,83.43032503673531,85.6939410408052,50940674,-1.5180108836488904,0
2020-08-26,83.10692596435547,84.56210185795157,82.13680253410293,84.56210185795157,30828711,-0.9634276265078956,0
2020-08-27,82.94525909423828,83.99622489886791,82.46020032589264,83.43031786258392,19363725,-0.19452875706956752,0
2020-08-28,82.09642028808594,84.27918816182459,81.85388778306705,83.38991258985173,21358972,-1.0233723005047657,0
2020-08-31,77.9329605102539,83.02608589090043,77.20536940791705,82.94524380571984,40298594,-5.071426699510118,1
2020-09-01,80.68164825439453,81.77303200892727,78.01381581633066,78.82224914085222,44304572,3.526990025971055,0
2020-09-02,79.99446868896484,81.24754271034654,79.46899200373024,80.68164189492944,20904846,-0.851717311553879,0
2020-09-03,78.98393249511719,80.60079912689324,78.3371895431208,80.0348982729143,19004282,-1.2632575856923678,0
2020-09-04,76.55863189697266,78.78182349677537,75.99273104780191,77.65002179843387,27339411,-3.07062527976113,1
2020-09-07,74.69923400878906,77.60959249373279,74.41628360306024,76.63947505470362,28474893,-2.428724027730589,1
2020-09-08,73.28447723388672,75.38640250446127,73.00152682266913,75.38640250446127,31186005,-1.8939374595673741,0
2020-09-09,73.0823745727539,73.76954167257087,71.54635000572627,72.83984210559176,28307198,-0.27577826677783746,0
2020-09-10,73.2036361694336,73.97164532037137,72.15267043544421,73.56742867927645,27263673,0.1659245438980328,0
2020-09-11,72.83985137939453,73.48660059559832,72.31436841221115,72.92069348945559,18190992,-0.4969490712142588,0
2020-09-14,73.4461669921875,74.3354424239803,72.55689156039469,73.08237445986308,22533738,0.8323954556619162,0
2020-09-15,73.64827728271484,74.98219354978649,73.20364263892897,73.48659307913034,26866105,0.27518153608865337,0
2020-09-16,72.4760513305664,74.05249390178545,72.19310089058567,74.05249390178545,20778500,-1.591654272711085,0
2020-09-17,71.66759490966797,72.31433768318934,71.38464456076143,71.99096938035616,21804215,-1.1154807775206055,0
2020-09-18,73.2036361694336,73.64827077392414,71.7080296630972,71.99098624614882,44757908,2.1432856253955412,0
2020-09-21,71.38465881347656,73.8503765380892,70.61664352126772,73.68869235439062,17714694,-2.4848183111381483,1
2020-09-22,70.89958953857422,72.39519590057357,68.95935478285071,71.38465439536097,25113194,-0.679514734629183,0
2020-09-23,68.79766845703125,71.26339234081696,68.07007729723742,70.85917571513774,24107408,-2.96464492280224,1
2020-09-24,66.81700134277344,69.24230080227261,66.41278476619024,67.98922694772251,17724521,-2.878974184270322,1
2020-09-25,68.55514526367188,68.83809568079378,66.57448000810541,67.38291329580034,15999517,2.601349785186713,0
2020-09-28,70.73790740966797,71.34423233032227,68.79766643000302,69.20188304377254,22735756,3.1839508728351618,0
2020-09-29,68.83809661865234,71.86972148881152,68.43387996929779,71.54634693575656,21328822,-2.6857039748336864,1
2020-09-30,68.79766845703125,69.40399339555007,67.4233343968644,69.20188508271048,18475452,-0.05872934262702856,0
2020-10-01,68.635986328125,69.36357750969509,68.31261178433202,69.36357750969509,18244405,-0.2350110585611409,0
2020-10-05,68.2721939086914,69.08062725831644,67.74671716572071,68.71683471812797,15677842,-0.5300316042584852,0
2020-10-06,68.02967071533203,68.4338874086283,67.62545402203577,68.27219703059544,13094249,-0.3552298226767503,0
2020-10-07,66.93827819824219,68.11050398967562,66.49363742612249,68.07007985844422,19056844,-1.6042889898096657,0
2020-10-08,66.77657318115234,67.38289800937319,66.57446490507873,67.18078973329958,11961568,-0.24157331416703176,0
2020-10-09,67.01911926269531,67.22122758003285,66.00857767600768,66.97869513208526,18016087,0.3632203181271221,0
2020-10-12,66.8978500366211,68.35303232329123,66.61489963861747,67.62544117995616,11714109,-0.18094720940583509,0
2020-10-13,66.81700134277344,67.42332620764823,66.61489305448184,66.93826754931949,11503196,-0.12085394942198402,0
2020-10-14,63.94706726074219,67.14038222002141,63.138634030725584,66.93827391251726,47114322,-4.295215325974288,1
2020-10-15,63.86623001098633,65.07887994790379,63.462013365347175,63.947072106542855,20107413,-0.12641275545326458,0
2020-10-16,64.91718292236328,65.07886708151062,63.42157669490146,63.86621738433962,16578267,1.6455533874414785,0
2020-10-19,66.00858306884766,67.22123307194519,65.07888349956816,65.44267603335467,21839955,1.6812192047668262,0
2020-10-20,65.20014953613281,66.25110916825602,64.91719910317106,66.00858286908459,14238188,-1.224740018842152,0
2020-10-21,66.5340576171875,67.74670746803886,65.20014154767978,65.84688443408685,38563701,2.045866597768242,0
2020-10-22,68.43388366699219,69.44442534498127,65.80647530422057,66.5340665459441,34256481,2.8554188904809985,0
2020-10-23,69.72736358642578,70.01031397320533,68.31260548467222,69.52525528617528,46258872,1.8901161970111602,0
2020-10-26,69.48484802246094,71.14213895387016,68.15093785136175,70.41454766281593,34724632,-0.34780544034803684,0
2020-10-27,72.31436920166016,72.79943420303724,70.37413386758269,71.78889239659783,95412168,4.072141279325492,0
2020-10-28,71.22296142578125,73.28446848749046,70.73790275474839,72.3143449775691,44763206,-1.509254368015489,0
2020-10-29,69.9294662475586,71.54633251917845,69.52524967965363,70.33368281546356,41912944,-1.8161210266025796,0
2020-10-30,70.8187484741211,71.74844790590971,69.76778899424106,70.25284769017462,40735912,1.2716845620047046,0
2020-11-02,72.11224365234375,72.43561818689925,71.10170208676799,71.3846586594142,31922062,1.8264869206144452,0
2020-11-03,69.48484802246094,74.37587254268244,67.1403961048579,73.93123170707783,118128168,-3.6434806307644507,1
2020-11-04,68.79766845703125,70.41453495974811,68.31260973978745,69.6465258381001,47519427,-0.9889631840420243,0
2020-11-05,70.17201232910156,70.33369652062706,69.20188867637899,69.40399699971412,41267817,1.9976605354419474,0
2020-11-06,70.57623291015625,71.74845878370502,70.2528583412217,70.49538464202995,46143960,0.5760424528783892,0
2020-11-09,72.31436920166016,72.6377438132923,70.899610672645,71.66762614625357,42703600,2.4627785018173975,0
2020-11-10,73.97164916992188,74.17375750098724,72.39520665475477,72.59731498582013,43483223,2.2917713126144212,0
2020-11-11,75.10345458984375,75.58851333489206,74.13333093189054,74.37586338834299,51801855,1.5300529765423843,0
2020-11-12,73.40574645996094,74.86092270624115,73.08237190483534,74.69923851260667,33374610,-2.2604927285360787,1
2020-11-13,73.93123626708984,74.65882760302125,72.11226101119017,72.75901023598648,24025139,0.7158701225326247,0
2020-11-14,73.48657989501953,74.69922970791472,73.00152120343265,73.20362950558184,12521960,-0.6014458766304243,0
2020-11-17,71.70803833007812,74.69924553642625,71.34424577626555,74.17376260591914,55324429,-2.4202263426630677,1
2020-11-18,71.38465881347656,72.39520038123328,71.22296846192174,71.70802718087371,37574681,-0.4509668987359827,0
2020-11-19,72.59730529785156,74.29501381867335,71.14212304122948,71.46549756135173,55196018,1.6987494295428007,0
2020-11-20,74.21417236328125,74.45669862954848,72.67814800549802,72.96109840007114,47670803,2.227172288001622,0
2020-11-23,75.70977020263672,76.31609510094744,74.37585419278196,75.10344530432599,54262598,2.0152455949174586,0
2020-11-24,76.1139907836914,76.63947362329108,75.79061625410267,76.19483287412456,35713773,0.5339080807837515,0
2020-11-25,75.95230102539062,76.72031631011612,75.06302568800085,76.35651764855471,32464332,-0.21243106114392507,0
2020-11-26,76.0735855102539,76.63949261926476,75.50768456910072,75.95231926061889,30825401,0.15968506974231023,0
2020-11-27,76.55863189697266,78.45845510745303,74.2141802351024,77.40748933858545,216981706,0.6376015846569549,0
2020-12-01,75.79061889648438,77.77127793650328,75.54808644887308,76.55862803415954,35330973,-1.0031697033481723,0
2020-12-02,76.63948059082031,76.96284898195131,75.83104727727941,76.51821436021784,27650080,1.1200089228659227,0
2020-12-03,79.67110443115234,80.15616317909706,77.04369619794046,77.48833081361619,43841111,3.9556946588898967,0
2020-12-04,79.67110443115234,80.68164605931076,78.82224699635663,80.19658114350943,34813873,0.0,0
2020-12-07,80.64122009277344,81.77302792413805,79.79236267728587,80.03489512966988,27049393,1.2176505755099987,0
2020-12-08,79.38813781738281,81.53048703215552,79.06476947148612,81.287960772733,30386160,-1.5538979617979787,0
2020-12-09,79.46900177001953,80.76249391269026,79.14562719238758,80.23701099502048,24061383,0.10185898656891457,0
2020-12-10,78.53929901123047,80.31784986483761,78.01381611471028,79.54984067074744,25985382,-1.169893591314497,0
2020-12-11,82.78357696533203,83.18779364370977,78.94351852074352,79.14562685993239,63463638,5.404018125365062,0
2020-12-14,84.56211853027344,85.16844348077902,83.26862653609948,83.63241903926028,45802433,2.148423189887305,0
2020-12-15,85.57266235351562,86.01730312932992,83.1473624880337,84.96633738714515,52215593,1.1950313459571316,0
2020-12-16,84.80465698242188,86.70447406162268,84.52170655238888,86.4619415971048,25184934,-0.8974891629770609,0
2020-12-17,84.44085693359375,85.41098060827505,84.07706441049869,85.41098060827505,16840984,-0.4289859328167944,0
2020-12-18,83.87494659423828,84.72380394257537,83.14735546250019,84.52169563752902,33596568,-0.670185452760752,0
2020-12-21,78.8222427368164,84.03663478918637,76.59905127500876,83.83452647447658,34210970,-6.024091892261152,1
2020-12-22,79.95405578613281,80.68164700046557,78.01381460386433,78.70098168545657,29181188,1.4359056657338165,0
2020-12-23,79.67110443115234,80.35827150472875,79.06477945425729,80.07532108241571,17602151,-0.3538924350971362,0
2020-12-24,80.80290985107422,82.05598399498773,80.0349006453575,80.27743311445587,23052394,1.420597126151213,0
2020-12-28,81.2071304321289,82.09641208308166,80.84333787881711,81.53050501721562,15454893,0.5002549806680134,0
2020-12-29,79.7115249633789,81.69219031908821,79.18604206623739,81.24754952123227,23647197,-1.8417169290324775,0
2020-12-30,80.11573791503906,80.56037869229,79.3881467194723,80.03489581949977,30281285,0.5070947417526561,0
2020-12-31,80.31784057617188,81.04543172045038,79.22645694368217,79.30729903352287,50363279,0.2522633709585831,0
2021-01-01,80.0753173828125,81.00501070347968,79.87320906651853,80.80290238718572,13493039,-0.3019543249913048,0
2021-01-04,80.0753173828125,80.84332651758704,79.63067661982323,80.64121820129307,22325584,0.0,0
2021-01-05,78.90308380126953,79.54983286705826,78.4180250858561,79.54983286705826,23510160,-1.46391375002477,0
2021-01-06,79.10518646240234,80.03488586511371,78.62012778163948,79.22645267455701,21952878,0.2561403831082609,0
2021-01-07,78.41802978515625,79.63067973028754,78.29676355707181,79.30730517801454,24999580,-0.8686619777739768,0
2021-01-08,80.964599609375,81.24755004261873,78.70098380771154,78.90309214115089,43240591,3.2474289792738364,0
2021-01-11,80.03489685058594,81.85387177900834,79.79236439298697,81.44965512824781,22036573,-1.148283031441577,0
2021-01-12,80.964599609375,81.65176670949742,79.46899917549518,80.03490004198262,24262426,1.1616217367340198,0
2021-01-13,82.90483093261719,84.36000705869878,80.9645899299856,81.04543202012523,49236964,2.3963946374132794,0
2021-01-14,82.62188720703125,83.95580348915831,82.21767052565076,83.83453725117275,29301114,-0.34128738024434835,0
2021-01-15,81.2071304321289,83.75369680888309,80.76249577450973,82.86442132578755,24067229,-1.712326869703773,0
2021-01-18,78.86265563964844,81.57090543762934,78.25633078183829,81.20710682223,23613664,-2.8870307077774715,1
2021-01-19,80.56037902832031,81.53049651455149,78.86267034348748,79.22646285886003,22934496,2.1527595981923,0
2021-01-20,79.46900177001953,80.60080353994576,79.2264692948313,80.51996143750203,25599184,-1.3547320301424026,0
2021-01-21,77.69043731689453,80.15616129890621,77.2862206751127,79.7923626205887,22667011,-2.238060644415918,1
2021-01-22,76.03314971923828,78.01380871692976,75.10345024707149,77.85212453388172,26029669,-2.1331938072330248,1
2021-01-25,75.34597778320312,77.04369257291442,74.94176115095878,76.84158425679226,18599824,-0.9037793890857126,0
2021-01-27,73.80996704101562,75.26514336475897,73.4057503675552,75.18430126363828,22812859,-2.038610138695318,1
2021-01-28,74.052490234375,74.90134768013496,73.04194859316394,73.40574728471394,32227832,0.3285778372243531,0
2021-01-29,71.9101333618164,74.86091588572712,71.26339047834604,74.37585718116034,36962884,-2.8930247528179853,1
2021-02-01,74.37584686279297,74.69922134359355,71.4654888712982,72.23349786632626,29033297,3.428881835846842,0
2021-02-02,76.1139907836914,77.08410820460146,75.1034492336367,75.1034492336367,29279584,2.336973620085203,0
2021-02-03,78.37760162353516,79.30730110057499,76.23525843156646,76.88200133500477,31420256,2.9739747141582784,0
2021-02-04,80.0753173828125,81.00501070347968,78.41802672205944,78.66055916875473,39264443,2.1660726076205394,0
2021-02-05,80.4391098022461,82.46019296310655,79.34772612895271,81.16670097372712,54911202,0.4543128036501365,0
2021-02-08,81.08585357666016,81.61133022982493,77.69043038781126,77.77127247538616,53737961,0.8040165735349936,0
2021-02-09,80.80290985107422,81.81345152588933,80.43911731528354,81.16670855472181,28074809,-0.34894338914300826,0
2021-02-10,80.7220687866211,81.24755169784021,79.75195123349117,80.84333502272658,19070866,-0.10004721934163685,0
2021-02-11,81.09712982177734,81.59721361029258,80.22197842269291,81.59721361029258,18452535,0.4646325853561617,0
2021-02-12,79.97193145751953,81.5972116803916,79.0134402017478,81.51386544409539,21660998,-1.3874700211099933,0
2021-02-15,79.34684753417969,80.59706050809373,79.18015501455596,80.38869167910806,12574055,-0.7816291440602252,0
2021-02-16,81.68055725097656,82.63905485784659,79.59686956600267,79.88858457011699,32865663,2.9411498872612407,0
2021-02-17,82.80575561523438,83.47253828471328,80.84709026714246,81.55554287914454,28774857,1.3775596079743435,0
2021-02-18,86.18133544921875,86.88978808508472,82.97245725694746,83.09747344763892,50705280,4.076503872109272,0
2021-02-19,86.8481216430664,88.97348615089128,84.51439467412779,86.38971405435734,61069583,0.7737013941267579,0
2021-02-22,85.05613708496094,88.59840628438216,84.51437699444385,86.93145607288983,30636415,-2.063354421722874,1
2021-02-23,86.18133544921875,86.80644183832008,83.80593244241591,85.13949146738321,31233104,1.322889097507307,0
2021-02-24,86.01463317871094,87.26484590723238,85.0978117829107,87.09815342032717,16153025,-0.19343198807361128,0
2021-02-25,90.01531982421875,91.84896268448102,85.84794390643084,86.3480277447832,68361756,4.651169804090971,0
2021-02-26,89.43189239501953,92.474071818215,87.34820437424938,89.2651935380112,67331805,-0.6481423721412471,0
2021-03-01,90.390380859375,91.51557744114619,89.30686693914002,91.26553234321682,27205189,1.0717524125754219,0
2021-03-02,93.80762481689453,94.76611609239913,89.93196433968389,90.39037182820557,53649872,3.7805393948233457,0
2021-03-03,93.9326400756836,95.59959025526209,93.34921005639524,95.39122148281477,31702057,0.13326769442578712,0
2021-03-04,92.34905242919922,94.18269528047595,92.09900733179286,92.9324825112661,28057179,-1.6858757990922513,0
2021-03-05,90.59873962402344,93.6409249704301,90.34870091268813,92.51573487214553,24778407,-1.8953229720658826,0
2021-03-08,92.14067077636719,94.43272720006875,91.26551941648073,92.22401701090159,28163362,1.7019344405260206,0
2021-03-09,91.26551818847656,93.22418328877602,89.55689178841597,92.84912205896272,20611697,-0.9498005392371112,0
2021-03-10,91.39054870605469,92.18234753105006,90.80711230334866,91.97397874985016,13207045,0.13699644735476468,0
2021-03-12,90.93213653564453,93.43256195656369,90.51539896549134,92.5157405740088,21763020,-0.5015969122634134,0
2021-03-15,92.0989990234375,92.51573657557975,89.76526618787673,91.64058517251686,20350674,1.2832234370030005,0
2021-03-16,91.30720520019531,92.89080289761806,91.09883641275435,92.14068034995918,15360040,-0.8597203353325145,0
2021-03-17,88.8067855834961,91.59892624680322,88.47339422991215,91.43222739055567,18850429,-2.738469117762321,1
2021-03-18,86.51472473144531,90.22368667474099,86.01463454496471,89.51523405577461,20023557,-2.5809523866797135,1
2021-03-19,90.43205261230469,91.30720405211706,85.01446420695925,85.30617923392649,72249183,4.527931971140586,0
2021-03-22,91.5572509765625,92.14068744164835,89.05682533482346,90.68210581730058,31980425,1.244247290373579,0
2021-03-23,90.55708312988281,91.84896589419604,90.0986692193422,91.68227339522376,14060206,-1.0923961084586487,0
2021-03-24,88.34835052490234,91.18216681352075,88.01495925113964,90.01530053480616,15196366,-2.4390500760857803,1
2021-03-25,85.84793090820312,88.76509360896732,85.55621590990872,88.34835608028672,22543755,-2.830182569163453,1
2021-03-26,86.8481216430664,88.14001087078925,86.4313840030154,88.14001087078925,17402475,1.165072616523255,0
2021-03-30,89.76526641845703,90.59874152488248,87.18149486032021,88.22333874335203,36129962,3.358903704768279,0
2021-03-31,88.8067855834961,90.84879729096713,88.43171792612247,89.76527698154709,23063667,-1.067763594097526,0
2021-04-01,89.93197631835938,90.64042897419151,89.14017105450247,89.5985849629939,13753303,1.2670098658231321,0
2021-04-05,88.59840393066406,89.84861655606998,86.4730399239099,89.51522525084636,15666099,-1.4828678766876657,0
2021-04-06,88.39002990722656,90.09864991173457,88.18166114870779,89.80693492159025,17393454,-0.2351893648113279,0
2021-04-07,87.88995361328125,89.47355769870029,87.7232611238312,89.09849641798222,15692013,-0.565760973800089,0
2021-04-08,87.51490020751953,88.7234367620588,87.26485509193347,88.34837544759114,11394998,-0.4267306903038892,0
2021-04-09,85.68123626708984,88.3066775440583,85.34784498081945,88.3066775440583,19751417,-2.0952591342521254,1
2021-04-12,82.55571746826172,84.59772907477823,81.72224230496342,84.59772907477823,20221362,-3.6478451233886267,1
2021-04-13,83.84759521484375,84.30600907120758,82.72240508248126,83.01412010066257,19192856,1.5648555741504921,0
2021-04-15,84.47269439697266,85.84792949069293,82.76407437294075,84.34767186865083,13865351,0.7455183187152992,0
2021-04-16,85.3895263671875,85.76459399912582,83.76425237218697,84.93111885114386,14654851,1.0853589751810944,0
2021-04-19,82.55571746826172,83.68090766693227,82.22232613116023,83.34751632983077,11652043,-3.31868440953752,1
2021-04-20,82.55571746826172,84.09764524858141,81.80558854951107,82.68073365562779,16528675,0.0,0
2021-04-22,82.47235870361328,83.13914132800353,80.88876109877961,81.72223619981223,18614270,-0.1009727335729127,0
2021-04-23,85.4728775024414,85.84793876903314,81.68056310063346,81.68056310063346,29484794,3.6382114516832154,0
2021-04-26,85.34786224365234,86.63974499575095,84.05597313264258,86.63974499575095,24369413,-0.14626307483972534,0
2021-04-27,85.05613708496094,86.3063497435802,84.76441571082145,85.05613708496094,17763436,-0.341807224015267,0
2021-04-28,86.3480224609375,86.6397374855497,85.1394860622967,85.7229161115211,15160578,1.5188620365937044,0
2021-04-29,85.88961029052734,87.51488416721145,85.55621898382257,87.18149286050668,11588556,-0.5308890202060379,0
2021-04-30,85.3895263671875,88.0566506560762,85.0561413951233,85.2228338811554,15321193,-0.5822402985044106,0
2021-05-03,86.88978576660156,87.18150080194947,84.22266778783377,84.51438282318168,12186212,1.7569595045682007,0
2021-05-04,86.47305297851562,88.3900485037725,86.26468417615776,86.93146688726742,12992684,-0.47961079016277663,0
2021-05-05,86.59806823730469,88.05664973094919,85.68124685593884,87.30652083386417,14956169,0.14457134851029174,0
2021-05-06,85.88961029052734,87.59823040416006,85.55621898382257,87.51488416721145,13547274,-0.8180990190635118,0
2021-05-07,87.55656433105469,87.93162559333882,86.13965280472564,86.68141290717762,13229291,1.9408098778056715,0
2021-05-10,89.76526641845703,90.01531149394884,88.01496996674567,88.34836128109794,23980945,2.522600223383775,0
2021-05-11,93.9326400756836,94.51607645388223,88.93178953694813,90.01530969723827,45613487,4.64252357676922,0
2021-05-12,94.43272399902344,97.30821032590376,93.14083515134685,95.18284644331578,62158914,0.5323856786489944,0
2021-05-14,92.84912109375,94.97447863878122,91.80727728964354,94.97447863878122,16227312,-1.6769641266409008,0
2021-05-17,92.97415924072266,93.55758932546853,91.64059386031323,92.68243783943872,12832920,0.134668099708124,0
2021-05-18,93.43256378173828,95.18286033879103,93.14084874871463,93.84930136003231,14892142,0.49304510496164244,0
2021-05-19,93.30754089355469,94.3077148931311,92.47406574002973,94.3077148931311,12610425,-0.13381082903349828,0
2021-05-20,93.14085388183594,93.97432908435796,92.43240123147444,93.34922268246643,10303689,-0.17864259428818086,0
2021-05-21,94.05766296386719,94.30770803530632,92.72410408698254,93.5992554781092,12171685,0.9843253994582968,0
2021-05-24,94.09934997558594,94.97449510744033,93.39089733772924,93.64093607872576,11341268,0.0443206969056531,0
2021-05-25,94.43272399902344,95.72460648779015,94.2243552402956,94.9328077481883,15289982,0.3542787740021591,0
2021-05-26,92.59909057617188,95.01616985298617,92.43239808490644,95.01616985298617,17466748,-1.941735179502524,0
2021-05-27,91.93232727050781,93.05751764316219,91.09885197833245,93.01584133498869,34169451,-0.7200538380186194,0
2021-05-28,90.80712890625,92.51575576805351,90.30704501171854,91.93232561758543,13383166,-1.2239419991478706,0
2021-05-31,92.0989990234375,92.80745159029725,89.8486187854335,90.80711006823236,14754293,1.4226527506681075,0
2021-06-01,91.84896087646484,92.89080483540347,91.26553080302357,92.47406725182802,10271211,-0.2714884522350025,0
2021-06-02,92.64076232910156,92.80745481218116,91.72394095434251,91.76561089565709,6492771,0.8620690371246242,0
2021-06-03,93.1825180053711,93.51590295567328,92.05732154191512,93.01581917130969,12140851,0.5847919022351933,0
2021-06-04,93.14085388183594,94.18269788498846,92.55742378363497,92.93248508120543,8930671,-0.044712382136691264,0
2021-06-07,97.01651000976562,97.30822504432619,93.3492180296748,93.47424057560386,28407410,4.1610699992578715,0
2021-06-08,96.84982299804688,98.76681864613566,96.6831304890442,97.93334338329907,43191813,-0.17181303646355284,0
2021-06-09,98.43341827392578,100.85049758705051,96.51642915993177,97.09985924703625,49807823,1.6351039442899618,0
2021-06-10,98.76680755615234,99.93367406488485,97.76663989661643,99.47526017823287,22144392,0.3386952196446025,0
2021-06-11,99.01685333251953,99.64195971376294,97.97500936378053,99.10019957823647,13871562,0.25316782282855943,0
2021-06-14,98.51676940917969,99.10020588414511,96.89149525809235,99.01685963312472,14179055,-0.505049298689042,0
2021-06-15,98.1833724975586,99.14186380641564,98.01667365682347,98.5167574612077,8148417,-0.338416407298503,0
2021-06-16,99.8503189086914,100.51709516923921,97.39156356348607,98.1833687189564,21585917,1.6977889114312639,0
2021-06-17,97.84999084472656,100.51710897095273,97.47492318519053,98.5167671968275,14466025,-2.003326665179761,1
2021-06-18,94.64110565185547,98.47509006301598,94.09934553357054,97.84998370166663,43927941,-3.2793924303612054,1
2021-06-21,98.35006713867188,98.72512841046692,94.2243677132834,94.3910601987677,34597018,3.9189752288610213,0
2021-06-22,98.60010528564453,99.10018906580879,97.47490883163712,98.76679775939586,16712010,0.25423281777745554,0
2021-06-23,97.72496032714844,99.05851928157898,97.47491524116928,99.05851928157898,12590251,-0.8875700040692602,0
2021-06-24,98.35006713867188,98.76680471129336,96.43307176104872,97.6832844789132,14046692,0.6396593147040441,0
2021-06-25,96.72479248046875,99.26688784054292,96.43307109452145,99.26688784054292,12768348,-1.6525404664050836,0
2021-06-28,96.80813598632812,98.22504113983435,96.68311344715747,97.43324232327096,10709748,0.08616560834306952,0
2021-06-29,98.01667022705078,98.80847538528722,96.1830275555007,96.89148011683095,33488455,1.248380860151399,0
2021-06-30,97.01651000976562,98.72513027442656,96.80814121952082,98.22504644962119,16739618,-1.0203980761316789,0
2021-07-01,97.80831146240234,98.18337911013397,96.43307613854171,97.34990392705613,12479506,0.8161512432853124,0
2021-07-02,97.93331909179688,99.22520797231651,97.51658156374668,97.97499538816591,17215972,0.1278088002189648,0
2021-07-05,98.85015106201172,99.26688863508842,97.72496088648677,98.26672100326863,16409169,0.936179819817462,0
2021-07-06,98.05835723876953,99.14187116891448,97.55827339724793,98.43341853018296,14979094,-0.801004161081631,0
2021-07-07,97.89165496826172,98.51676133806903,97.39157114419802,97.55826999149313,14545289,-0.1700031238560329,0
2021-07-08,97.89165496826172,98.93349891794058,97.68328617832594,97.80830872406958,12037089,0.0,0
2021-07-09,98.1833724975586,98.68345630194284,96.89148350723129,97.51658985243922,9585144,0.2980004060524344,0
2021-07-12,98.22503662109375,98.97516546269834,97.6416066103514,98.35005915451289,7651672,0.042435009590025,0
2021-07-13,99.93365478515625,101.68395103112316,98.4333972263791,98.47507352036556,30663035,1.739493537328518,0
2021-07-14,100.64213562011719,100.80882812519876,99.85033668261252,99.97535288196798,9539611,0.7089511901511747,0
2021-07-15,100.26705932617188,101.01718184589589,99.35023160844605,100.64212058603388,11278872,-0.3726831626080229,0
2021-07-16,99.26689147949219,100.68380308389973,98.60011515881001,100.14204295159423,17198632,-0.9975039194339064,0
2021-07-19,101.18388366699219,101.55894493790768,98.76680447967372,99.26688829386462,14364285,1.931149609833449,0
2021-07-20,98.72512817382812,101.68396747591281,98.51675938801682,101.68396747591281,11360716,-2.429987270755596,1
2021-07-22,99.35023498535156,99.76697255887889,98.80848122689461,98.97517371274125,9520328,0.6331790326195241,0
2021-07-23,98.76680755615234,100.10036655517054,98.60011506586666,99.51693648025973,10442400,-0.5872431296063296,0
2021-07-26,99.47526550292969,100.01702566372377,98.39175154025276,98.51676773520342,5370055,0.7173036815780076,0
2021-07-27,99.05851745605469,99.68362380057195,98.5167573523576,99.43358507811139,5280342,-0.41894640317670095,0
2021-07-28,97.34988403320312,99.64194031827597,96.51640902044937,99.64194031827597,11010096,-1.7248727991609258,0
2021-07-29,97.3082275390625,98.55844031258366,96.05801476554136,98.10002641872816,11897018,-0.042790491795985375,0
2021-07-30,98.51676940917969,99.97535105822624,96.89149525809235,97.47492537414644,14546264,1.2419729561223836,0
2021-08-02,98.14170837402344,98.97518360437608,97.51660195125896,98.85016104804092,11742555,-0.38070780985364205,0
2021-08-03,98.05835723876953,98.76680987750103,97.09985949982169,98.76680987750103,21122697,-0.08492937063643291,0
2021-08-04,98.22503662109375,99.05851169867437,97.14152283558506,98.391735451956,9432176,0.1699797824660232,0
2021-08-05,97.09984588623047,98.18336602337479,96.64143205307475,97.55825971938617,11045322,-1.1455233549097499,0
2021-08-06,98.05835723876953,98.93350237170455,97.05818319681529,97.09985949982169,8434733,0.9871399318821972,0
2021-08-09,97.26654052734375,99.26688201652237,97.1415243508847,98.76679823395529,7816050,-0.8074953871577972,0
2021-08-10,95.30786895751953,97.68327153491559,94.72443897672396,97.43323283982173,9774255,-2.01371567160199,1
2021-08-11,97.47491455078125,97.76663593532764,95.47457931275859,95.59959549595203,8056886,2.273732082109192,0
2021-08-12,99.3085708618164,99.51693966078835,97.09986032093146,97.47492161551654,8640167,1.8811571361571966,0
2021-08-13,98.55842590332031,99.55859343234813,97.68327454623844,99.55859343234813,9744939,-0.7553677915070223,0
2021-08-16,99.05851745605469,99.51693131893157,98.43341111153741,98.55843365222297,8768804,0.5074061889187798,0
2021-08-17,97.84999084472656,99.60028751249443,96.84981677820835,99.47526495931575,8758578,-1.2200128190534065,0
2021-08-18,97.14153289794922,99.10019826136914,96.7664652588406,97.84998551549546,9357721,-0.7240245406885726,0
2021-08-20,95.14119720458984,97.51660029906691,94.55776073788115,96.93317019126948,11684504,-2.0591971669427944,1
2021-08-23,94.51608276367188,96.47474808365287,93.51590877380809,96.26637929729509,6271685,-0.657038653375086,0
2021-08-24,94.97449493408203,96.9331667089903,94.7244561935419,95.1828637306543,11791078,0.48500970100122665,0
2021-08-25,95.01616668701172,96.05801061998334,94.84947420130055,95.59959674591154,9491958,0.04387678287587349,0
2021-08-26,93.97432708740234,95.43290866082101,93.30754439598941,95.09951731511454,11668986,-1.0964866674123441,0
2021-08-27,94.51608276367188,95.09951282190937,93.43256253104713,93.93264634652365,8095717,0.5764932754087848,0
2021-08-30,95.80797576904297,96.2663896920937,94.39107041237759,94.39107041237759,9915170,1.366849923945046,0
2021-08-31,96.64144134521484,96.9748326778466,95.59959740505984,96.05801128229234,11386659,0.8699333948783528,0
2021-09-01,96.18302917480469,97.26654300481309,95.64126908034525,96.68311297010936,7508413,-0.4743432672663195,0
2021-09-02,97.09984588623047,97.26653835706337,95.84963327825325,95.9329795136697,5700524,0.953200080400407,0
2021-09-03,97.51660919189453,98.26673822669147,97.09987154577531,97.51660919189453,9364904,0.4292110887100353,0
2021-09-06,97.05816650390625,98.05834037384186,96.59975904423196,98.05834037384186,7005043,-0.47011754385978266,0
2021-09-07,96.5580825805664,97.43323392037523,96.05799882592277,97.26653509622072,7723357,-0.5152414694746144,0
2021-09-08,97.71473693847656,98.18595707504424,96.3010634554853,97.5433788133795,10508654,1.197884555076012,0
2021-09-09,98.14313507080078,98.31448668129539,97.24352277409174,97.62906716602707,5757417,0.43841711674867945,0
2021-09-13,98.5286636352539,98.95704912932023,97.80040960266993,98.22879509673625,6322443,0.3928227523759098,0
2021-09-14,99.29977416992188,99.51396695003963,98.35732724473272,98.74287163428671,7369292,0.7826255895670764,0
2021-09-15,106.41095733642578,106.9678598029189,99.38543763547244,99.38543763547244,48721413,7.161328639413855,0
2021-09-16,106.23960876464844,107.69611691531252,105.38283772622385,106.66799428386072,17684303,-0.16102530798178805,0
2021-09-17,106.0254135131836,106.83934336589988,104.14051988760686,106.36812322782775,15763396,-0.2016152487339662,0
2021-09-20,105.12579345703125,106.19675714969313,104.35470482762962,104.95444188086282,7431359,-0.8484947394621356,0
2021-09-21,106.32527923583984,107.43908414466438,104.61173724481375,104.78309536590272,8629222,1.1410004522808936,0
2021-09-22,106.58232116699219,108.80992461557265,106.23961143567723,106.75367276432743,11698183,0.24175053477377695,0
2021-09-23,108.12450408935547,108.8099235452431,106.79651288145921,106.92502984651868,11053966,1.446940642198058,0
2021-09-24,106.45379638671875,108.55288271489788,106.19676247293832,108.38153113014022,8598140,-1.5451702800468148,0
2021-09-27,108.681396484375,109.49533282971261,106.6679860076241,107.35340539984064,8490460,2.0925511097452665,0
2021-09-28,113.0509262084961,114.50743423422786,109.10978107712452,109.2382980291935,35900138,4.020494643486927,0
2021-09-29,120.50482940673828,123.58921006932579,111.89429178081541,112.57969808513506,75859390,6.593403033686962,0
2021-09-30,121.53298950195312,122.68962267855063,119.17686890449276,121.44730716000224,34614825,0.853210697261364,0
2021-10-01,119.86225128173828,123.6748924871457,117.97735779686523,120.76186339844438,22452069,-1.374719923422929,0
2021-10-04,124.7030258178711,127.95875834096032,120.3763295091136,122.90380142863305,58612212,4.038614730132584,0
2021-10-05,124.57449340820312,126.67359273658495,123.54637086216583,124.70301689726246,24390676,-0.10307080267297763,0
2021-10-06,122.7752914428711,126.20237556926924,122.34690592707132,125.47411496309425,14421296,-1.4442779706407838,0
2021-10-07,122.346923828125,124.78871378147838,121.87569707714054,123.54639821854873,10035682,-0.34890376533572853,0
2021-10-08,120.89038848876953,123.2893367340834,120.20496910155667,122.98947474006289,10686586,-1.1904960858694191,0
2021-10-11,124.06047058105469,125.73117178224234,121.19028187323401,121.66150864107946,17449923,2.6222780255021227,0
2021-10-12,123.84626770019531,125.30277598588613,123.20368936180616,125.08858320642307,16030831,-0.17266005832166087,0
2021-10-13,125.38843536376953,126.15952399930602,123.97475543423612,124.66017481765043,19100941,1.2452274034672417,0
2021-10-14,128.0015869140625,129.02972261079267,125.81683124173199,126.3737271830538,29263867,2.0840451056844733,0
2021-10-18,128.130126953125,129.9721796798618,127.4018662528113,129.58663528046225,25346029,0.10042066052571297,0
2021-10-19,128.21575927734375,130.31485842986734,126.88777484799877,129.32956405610832,20234486,0.06683231044488647,0
2021-10-20,125.3027572631836,129.0725443891369,124.48882743749911,129.0725443891369,16129487,-2.271953175318364,1
2021-10-21,126.7164306640625,127.27333967998078,125.0028885965388,126.54507907196782,20818539,1.1282061398773857,0
2021-10-22,124.14612579345703,126.88780374189439,123.37503704126486,126.6736109692533,11379569,-2.028391154277065,1
2021-10-25,123.28934478759766,125.3027619178146,122.64676652135246,123.97476421958353,14079380,-0.6901391407773794,0
2021-10-26,122.68962097167969,124.78870758737459,122.0470426358574,124.48884554129802,16224116,-0.4864360476172336,0
2021-10-27,121.06175231933594,123.84625823964878,120.67620796041192,123.37503154616886,15072448,-1.3268185519291098,0
2021-10-28,117.67750549316406,121.53297510501203,116.77789330240853,121.06174842668406,19999659,-2.7954715352582427,1
2021-10-29,113.65068054199219,117.29195769636881,110.13792689586134,112.23701346431469,29217522,-3.4219156280516083,1
2021-11-01,115.0643310546875,115.9211019291479,112.15130223755055,114.12187786346665,10043407,1.2438557393178007,0
2021-11-02,117.0777587890625,120.63336649162534,115.66409178544478,115.66409178544478,21525811,1.7498278710003312,0
2021-11-03,117.16342163085938,119.04831501318847,116.13529915625138,118.19154410546737,9808728,0.07316747662655665,0
2021-11-04,117.50614929199219,118.49144388550644,117.33479768933863,118.49144388550644,1026849,0.29252104143273616,0
2021-11-08,120.20500183105469,120.46203580540582,116.99210983489299,118.83416268337596,12765483,2.2967755775539,0
2021-11-09,118.66277313232422,121.14740358592458,118.27722883066717,120.59050771389627,9556650,-1.2829987731276193,0
2021-11-10,117.72035217285156,118.44861288828012,117.16345614808178,118.40577171561543,5479056,-0.7942010241255182,0
2021-11-11,117.0777587890625,118.0202121736668,115.10719583208962,117.80601941110118,11418813,-0.5458643063227742,0
2021-11-12,116.90641021728516,118.40575959402315,115.36421967226825,118.40575959402315,9306659,-0.14635450281044182,0
2021-11-15,117.50614929199219,117.93453483527075,116.52086777176723,117.63467279894934,3991733,0.5130078612390454,0
2021-11-16,115.0643310546875,118.06302911529886,114.80729717769218,117.9773467985384,5762128,-2.0780344280000085,1
2021-11-17,116.90641021728516,118.23440799419663,114.80732370450977,114.80732370450977,15264066,1.6009124163092414,0
2021-11-18,115.9211196899414,117.89169561777827,115.44989302213223,117.03492461204816,9942974,-0.8428028245093366,0
2021-11-22,111.50873565673828,117.29193965966459,111.12319133786734,115.66408005852622,15990636,-3.8063676791641576,1
2021-11-23,114.3789291381836,114.5931218893787,109.79519903329323,111.42307178634881,11510010,2.573962895858428,0
2021-11-24,115.9639663696289,117.6346672955963,114.42177587131721,115.23570575081018,7570759,1.385777296035351,0
2021-11-25,115.83544158935547,117.12059814487337,113.35081081133629,116.09247551511676,13919886,-0.11083165253572558,0
2021-11-26,110.39495849609375,114.85016548164738,109.66669785135892,114.12190483691255,13323593,-4.696734452438656,1
2021-11-29,108.38153839111328,110.82334112568314,107.139222976782,109.4953433765888,16077669,-1.823833381894624,0
2021-11-30,109.02411651611328,110.90901021843351,106.83934771586739,109.49534321001553,22883512,0.5928852224639458,0
2021-12-01,109.40965270996094,113.90770040341627,107.82462768721497,111.38022859984655,17010938,0.35362468980950634,0
2021-12-02,110.26641845703125,111.63725720394287,108.46720077251422,109.40964750853327,12916313,0.7830805837045762,0
2021-12-03,108.80992126464844,111.59442712378313,108.29585995182933,110.26642940707659,12827354,-1.3208891816418045,0
2021-12-06,106.53947448730469,109.32398028812945,106.23960593916007,108.80991898607523,8158812,-2.0866174250981695,1
2021-12-07,107.39623260498047,108.29584467801773,106.23959318010637,107.18203987679478,8701301,0.8041696486665861,0
2021-12-08,109.02411651611328,109.36682624471088,106.96786468117205,106.96786468117205,12093435,1.515773758210326,0
2021-12-09,107.99598693847656,109.36681922827677,107.65327723186552,109.02410952166572,11518172,-0.9430294970423025,0
2021-12-10,108.08165740966797,108.5528775134946,106.5823082366272,108.03881624720934,8389566,0.07932745801026986,0
2021-12-13,107.78179931640625,110.1807608401649,107.52476539005916,109.32398326455599,13223189,-0.2774366163956432,0
2021-12-14,108.2530288696289,109.19547578703008,107.09638917387997,107.09638917387997,11649242,0.43720698319325013,0
2021-12-15,108.55289459228516,110.05224400122083,107.86748164161565,108.08167441432074,11916145,0.2770044642514291,0
2021-12-16,109.15261840820312,109.83803123410321,108.16733052578805,109.28113535576048,10758513,0.552471510014052,0
2021-12-17,107.5676040649414,109.40965652673013,106.32528216523362,109.15262914298117,13041775,-1.452108402323582,0
2021-12-20,104.3118667602539,107.48191676993264,102.04142235711674,106.66798695401734,14185935,-3.0266894321843596,1
2021-12-21,104.69741821289062,106.83934580756224,103.54077861909681,105.85406434332872,10168470,0.3696141815991538,0
2021-12-22,104.99728393554688,106.15392342612267,104.22618876294845,105.42566941625226,7885198,0.286411764277239,0
2021-12-23,106.71083068847656,107.43908473131032,105.21148143814189,105.46850881621287,9836979,1.6319915036864696,0
2021-12-24,103.88348388671875,107.09637514094716,103.5836153436529,106.92502355537924,8509575,-2.6495406169330216,1
2021-12-27,104.39755249023438,104.65458642322838,103.32658866383343,103.88349116089081,5097217,0.49485113925924473,0
2021-12-28,106.32527923583984,106.75366473359635,104.48322028815801,104.52606145259124,6511374,1.8465248462465667,0
2021-12-29,105.5113525390625,106.88218486527629,104.69741614716008,106.75366790480284,8960770,-0.765506286583062,0
2021-12-30,108.7242431640625,109.53817301405338,104.74025663503305,105.59702765045253,32394253,3.0450662868818146,0
2021-12-31,106.58232116699219,108.63857301823741,106.23961143567723,108.63857301823741,9155163,-1.970050041036564,0
2022-01-03,107.9531478881836,108.4243745610833,106.8393429540447,107.43908658652106,9034081,1.2861670736590725,0
2022-01-04,113.86485290527344,114.20756912587349,108.59571684393576,108.80990957932815,33986738,5.47617659395454,0
2022-01-05,113.0937728881836,113.82203347321818,111.97996796477872,113.60784072153602,16122852,-0.6771887877739746,0
2022-01-06,112.15132141113281,113.39364985011981,110.78049562160909,113.39364985011981,8037648,-0.8333363128512739,0
2022-01-07,112.53688049316406,113.26512802775414,110.90900768534391,112.49403932682618,8820039,0.3437846983700199,0
2022-01-10,112.96527099609375,113.35081536357511,112.0228175882157,113.05094025926236,7324926,0.3806667654660201,0
2022-01-11,113.35082244873047,114.80733074652845,112.23701737160617,113.22229893601043,11971883,0.341300869937311,0
2022-01-12,114.67879486083984,114.97865684407,113.39363845854407,114.25040939340792,10439580,1.1715595735620088,0
2022-01-13,115.62123107910156,117.0777390037506,114.37891588082111,115.15000446643339,15114699,0.8218051291917883,0
2022-01-14,115.9639663696289,116.64937274817751,114.2075831096986,115.15002341684728,9344382,0.2964293731597234,0
2022-01-17,117.0349349975586,117.67751330887764,115.19286932780379,115.36422092949769,9803141,0.9235356994568678,0
2022-01-18,115.66407775878906,118.02019786128292,115.15000996165737,117.03491650228217,6473378,-1.1713231086069587,0
2022-01-19,115.49272918701172,115.92111467133054,113.90769766571708,114.89299212362286,21136414,-0.14814329141558114,0
2022-01-20,115.57843017578125,116.82075888005822,114.93585177286187,115.23572692354068,8466412,0.0742046615166192,0
2022-01-21,114.89300537109375,116.60654750594502,113.56500760192621,114.85016420306467,12437749,-0.593038686928915,0
2022-01-24,113.60782623291016,115.87826388187258,112.23698756765478,113.95052936258081,14284658,-1.1185877974316916,0
2022-01-25,115.9211196899414,116.22098169797411,112.27984291558843,112.40835333713274,10007486,2.0362095937727975,0
2022-01-27,115.66407775878906,116.52084870515047,114.07904627870562,114.97865838704251,18760325,-0.22173865456084352,0
2022-01-28,120.07645416259766,123.37502784470547,118.23440168450941,119.9479437379081,34009553,3.814820028228949,0
2022-01-31,121.70433044433594,122.86096351954654,118.70563176497042,121.66148927711583,27928927,1.355699827323309,0
2022-02-01,120.93321228027344,123.50352508600326,120.33347524026054,123.37501467503157,17413984,-0.6335996108332242,0
2022-02-02,120.93321228027344,122.30405100597747,120.59050913549092,121.66147280454501,10783943,0.0,0
2022-02-03,120.49235534667969,122.21179606584988,120.18374778638355,121.24185583732176,9571728,-0.36454578959833617,0
2022-02-04,118.33202362060547,121.1977396080305,118.06749330008282,120.800950854532,7213085,-1.7929201565182518,0
2022-02-07,119.1697006225586,120.22782198336947,118.33203242405999,118.33203242405999,10562489,0.7079038930652315,0
2022-02-08,119.03746032714844,119.6105982728199,117.09759329421342,119.43424917065745,8721631,-0.11096805204621196,0
2022-02-09,119.08155822753906,119.56652837898822,118.02345009547032,119.30199798232732,5144026,0.0370453975323759,0
2022-02-10,120.31600189208984,120.66871353268436,118.42022559672272,119.16971260566103,6081460,1.0366371442604327,0
2022-02-11,120.93323516845703,121.41820528410865,118.55248868339096,118.55248868339096,8426925,0.5130101288777666,0
2022-02-14,116.83305358886719,120.31599853324335,116.21582505327456,118.77292046697528,7705072,-3.3904505852988986,1
2022-02-15,119.34607696533203,119.74286579427381,115.20179921650538,116.48036043303514,12674466,2.150952405393869,0
2022-02-16,117.45027160644531,120.53642746260716,117.14166409357219,118.94925890280958,12946623,-1.5884940729450348,0
2022-02-17,117.05348205566406,118.94925811579152,116.78895172168608,118.59655997353534,5811964,-0.337836213875109,0
2022-02-18,116.70081329345703,118.24389159980646,116.30401096530711,117.05351152450687,6760078,-0.30128856998831166,0
2022-02-21,116.34806823730469,118.2879348608435,115.64265852295297,116.74485699707402,12212740,-0.3022644368941396,0
2022-02-22,116.4803466796875,116.83304482941922,112.77695556193054,115.55449721842676,13578566,0.11369199711421807,0
2022-02-23,114.80500793457031,117.67072440563656,114.49640038735329,116.39217667099858,9263264,-1.4383016473364818,0
2022-02-24,109.69081115722656,113.746900849825,109.0294919662392,111.98338300719205,18045779,-4.454680914493236,1
2022-02-25,114.93727111816406,115.51040898703418,110.21985590365857,110.21985590365857,10424521,4.782953016381142,0
2022-02-28,117.7148208618164,118.1116097018965,113.57055645122904,113.70281491306443,13262687,2.4165788143663214,0
2022-03-02,115.4663314819336,119.03745791015295,115.02545200819229,117.09759091660595,12587947,-1.9101157895166643,0
2022-03-03,116.4803466796875,117.67071302596104,114.84908746439135,116.4803466796875,15628119,0.8781912309326012,0
2022-03-04,114.80500793457031,117.58255658696311,114.40821911410656,116.39217667099858,15883138,-1.4383016473364818,0
2022-03-07,114.67273712158203,115.06952589928589,111.89519549579725,113.74688767055846,14985637,-0.11521345224213553,0
2022-03-08,117.93526458740234,119.74287320283442,115.06954787780191,115.06954787780191,28572640,2.8450768227161083,0
2022-03-09,115.95128631591797,118.11159276168797,115.59858816522687,118.11159276168797,14286413,-1.682260415004233,0
2022-03-10,117.22984313964844,119.03745157672819,116.34808423908008,117.1857525037054,13101323,1.102667218582587,0
2022-03-11,116.34806823730469,117.62661577637087,115.95127947753535,117.18573638672245,8669803,-0.752176134274396,0
2022-03-14,116.52442932128906,117.18574847397419,115.28997228477256,116.34808023815422,5670284,0.15158058630133642,0
2022-03-15,115.55450439453125,117.22984089165575,115.20179276832366,115.7749441154462,6895190,-0.8323790405216025,0
2022-03-16,117.05348205566406,117.2739217582171,115.9953741743238,116.74486109026113,5561866,1.297204006877073,0
2022-03-17,117.18575286865234,118.42022340603634,116.30399396533797,117.71481359247022,13995384,0.1130003231560206,0
2022-03-21,117.18575286865234,117.62663232030954,116.12764487558971,117.18575286865234,9172207,0.0,0
2022-03-22,117.14167785644531,118.28795368832296,116.17173766300832,117.53846667937015,10343712,-0.03761123782379805,0
2022-03-23,117.67073059082031,117.93526096989187,116.56853189016712,117.18576047161811,11892811,0.4516349296476152,0
2022-03-24,119.39014434814453,119.6546746972495,117.58254944750082,117.71480789476709,11276181,1.461207684095367,0
2022-03-25,118.8170166015625,120.05147372987916,118.33204649594752,119.9192152713358,7266868,-0.48004611244188977,0
2022-03-28,118.86109161376953,119.4783200967869,117.97933279386704,119.4783200967869,7778682,0.03709486525387273,0
2022-03-29,118.46430969238281,119.30197792885963,118.06750743680252,119.03744757666362,5116935,-0.3338198530735581,0
2022-03-30,119.3019790649414,119.87511695468007,117.67071975634255,119.03744871022636,24047012,0.7071069546041198,0
2022-03-31,119.03746032714844,119.56652108820984,118.42023174229286,118.42023174229286,11615450,-0.22172200316055157,0
2022-04-01,126.04742431640625,126.48830373930699,120.62461279655608,121.6827207206034,32589741,5.888872267597489,0
2022-04-04,127.2378158569336,128.73680334191795,124.76888817042047,125.07750917669966,15437496,0.9443997344517063,0
2022-04-05,131.47023010253906,132.79286817820014,127.63457430129382,128.2077120855855,23958626,3.326380775322657,0
2022-04-06,134.90911865234375,136.93716691777087,130.76485429968977,132.57246282875684,52737388,2.6157165368331237,0
2022-04-07,135.35000610351562,139.31792159189231,134.20371671595856,134.86503596402133,37738903,0.32680329956644716,0
2022-04-08,134.07144165039062,136.58444640917935,133.32194121354303,136.58444640917935,17585569,-0.944635681912831,0
2022-04-11,134.997314453125,136.31995301358836,133.89511565273884,134.42416300417906,15583159,0.6905816714857904,0
2022-04-12,134.55641174316406,135.4381706315083,133.0133336885616,134.64457955925477,11306524,-0.326601097027035,0
2022-04-13,135.7467803955078,137.7307379268131,134.6886724030596,134.95320276481493,19454061,0.8846614122081986,0
2022-04-18,143.90304565429688,144.38801572627676,136.23174613563214,136.58444430366876,82098517,6.008441036336332,0
2022-04-19,141.6545867919922,146.68062416872934,140.64056926065774,145.40206277542666,38522118,-1.5624817751989983,0
2022-04-20,141.52232360839844,143.9030702865967,140.1996850700022,142.97722061880432,20047692,-0.09337020889268466,0
2022-04-21,143.46218872070312,144.07941733887318,141.3900631129483,142.49226187917154,21966151,1.370713158775172,0
2022-04-22,141.4781951904297,143.7266827962547,140.94914798907587,142.1836049134728,9922564,-1.3829382835751525,0
2022-04-25,137.642578125,141.8750103412718,137.0253360934343,139.8469755103807,12008027,-2.711101212640543,1
2022-04-26,138.43614196777344,139.71468963261225,137.55438310173665,138.9652026692245,11735823,0.5765395080385316,0
2022-04-27,137.2457733154297,140.72873188412666,136.84898448425147,138.25980416685584,17873048,-0.8598684096677967,0
2022-04-28,140.81690979003906,141.16962146323706,136.89308492591175,139.31792217902773,29123808,2.602001058642367,0
2022-04-29,137.73072814941406,141.96317327332196,137.2898487293106,141.4341125873689,28941216,-2.191627159853571,1
2022-05-02,138.87704467773438,139.62654522131714,134.9091291155134,136.31994891946633,13368198,0.8322881492913936,0
2022-05-04,139.8910369873047,142.7567532665337,138.70067060559913,139.31789911328784,24511385,0.7301367277243731,0
2022-05-05,139.6706085205078,141.74274737879233,138.4361514057256,140.72872999554792,33396072,-0.1575715439273484,0
2022-05-06,140.19964599609375,141.39002573071926,137.59846028645154,137.95115841656292,22604305,0.37877509176045265,0
2022-05-09,140.19964599609375,140.90505571088772,137.51027902663807,140.15555536618703,22958742,0.0,0
2022-05-10,137.06939697265625,142.18360048729969,136.23172883899412,140.15555264214802,20322427,-2.232708222048374,1
2022-05-11,134.51234436035156,138.3920787579087,132.307946758427,135.8349829215063,13794764,-1.8655167884154222,0
2022-05-12,130.98529052734375,134.9091150385301,130.50032042942783,133.2337784689006,11818556,-2.622104201499176,1
2022-05-13,127.10553741455078,132.2638322542975,126.53239952327795,132.2638322542975,22913410,-2.96197618616042,1
2022-05-16,130.7207489013672,131.29388676935878,124.90113513674555,126.44421311703151,16286682,2.8442596289298683,0
2022-05-17,132.7047119140625,132.92515163484998,129.00132729574742,130.05943526461274,13925542,1.5177108679145235,0
2022-05-18,130.94117736816406,133.05739303471,129.79488827604706,132.70469490847603,17611218,-1.3289162987976444,0
2022-05-19,130.5003204345703,130.98529053250536,128.5163628603961,130.0594409736427,11701170,-0.33668319046361583,0
2022-05-20,131.91111755371094,133.10148382209155,130.19167718620932,133.10148382209155,17841739,1.081067934885227,0
2022-05-23,132.39608764648438,136.98124448904497,130.85300963916137,136.14356280712593,26055890,0.3676491426706008,0
2022-05-24,129.53036499023438,133.89508190325677,129.00131777214534,132.39608114890834,16581141,-2.164507053940956,1
2022-05-25,134.60047912597656,135.04135853805585,129.97124529914407,130.85300412330264,19926619,3.914228247657947,0
2022-05-26,135.92312622070312,136.76080792190533,132.7928929545917,135.04136733907788,22698086,0.9826466468136896,0
2022-05-27,132.66062927246094,136.67263512345116,131.82296097390935,136.67263512345116,10245727,-2.4002515531792223,1
2022-05-30,133.05738830566406,134.46820766959956,131.20570302689063,132.30790145041192,12513990,0.29907820834187415,0
2022-05-31,137.55438232421875,139.31790004632413,132.57245014110006,133.23376928688958,124665699,3.379740182652635,0
2022-06-01,138.25978088378906,141.25775538624478,137.77481085865233,137.9511599256371,16084988,0.5128143121661211,0
2022-06-02,140.24375915527344,140.4641988856481,136.0113136411653,137.11351229303858,17646975,1.4349641369328925,0
2022-06-03,136.67263793945312,140.59646259583232,136.40810756220392,140.19967375724548,14063328,-2.5463672945806315,1
2022-06-06,136.84896850585938,139.89103379580106,136.31992127758414,137.37802918870665,18485464,0.12901672863325775,0
2022-06-07,138.6565704345703,139.05335920117943,135.34997495520852,136.84896221493824,14911957,1.3208736232699803,0
2022-06-08,138.48025512695312,140.86100176158612,137.642586758879,137.642586758879,16416591,-0.12715972064258896,0
2022-06-09,136.8048858642578,139.31790407271504,136.4080970562311,136.93715776998195,13821409,-1.2098253726925967,0
2022-06-10,136.89306640625,138.08344627856826,135.79086780394525,135.87904907395875,7908849,0.06445715840857069,0
2022-06-13,131.2938995361328,136.5844531258425,130.2798821466012,135.79087546921545,19208167,-4.090175651044914,1
2022-06-14,133.49832153320312,134.42417127339695,131.29392379682542,131.29392379682542,17034328,1.678998037881918,0
2022-06-15,130.632568359375,135.52633267204905,130.1035211216579,134.51231537549535,15172295,-2.146658580359284,1
2022-06-16,126.04742431640625,132.3960853152624,125.2097561038093,132.35200813663013,18494040,-3.5099547536682096,1
2022-06-17,123.84305572509766,127.37009192064092,123.04947796293055,124.41620717961864,21387729,-1.748840647290939,0
2022-06-20,121.02139282226562,124.68068638551837,119.03743556288421,123.8430182335827,16578770,-2.2784183467625785,1
2022-06-21,123.40217590332031,124.54846535502499,121.46230869136065,121.85909757148815,51398446,1.9672415145239208,0
2022-06-22,121.37410736083984,123.40215552438896,120.40418064232372,123.40215552438896,8317317,-1.6434625464540997,0
2022-06-23,120.360107421875,122.69676346618395,119.61060686562305,121.59456468026936,11257409,-0.8354334882564873,0
2022-06-24,120.44828796386719,121.59456393049017,118.9933775026862,121.59456393049017,21879039,0.07326392762603273,0
2022-06-27,122.12358856201172,122.60855857212523,120.58051072819569,121.02139010928597,12872030,1.390887846116251,0
2022-06-28,122.2117919921875,122.82902054677969,120.93323079140744,122.12361071814288,14272044,0.07222472842010053,0
2022-06-29,124.98930358886719,126.17968329058951,120.62460044017013,121.50635919564714,53487394,2.2727034367168386,0
2022-06-30,126.00334930419922,126.92919889798544,124.4602711327468,125.47430200387416,19270932,0.8113059967655989,0
2022-07-01,124.01936340332031,126.26785091756992,123.22578590632438,125.20974310338505,9592229,-1.5745501304803677,0
2022-07-04,124.68069458007812,125.38610434291282,122.87309972194015,122.87309972194015,17526429,0.5332483239791408,0
2022-07-05,124.19574737548828,127.19372227607607,123.62259601345878,124.68070401045604,11370649,-0.3889513177827042,0
2022-07-06,122.5203857421875,125.20975284275255,120.00738116984722,124.76887343133441,15929985,-1.3489685989292122,0
2022-07-07,123.84305572509766,125.8711042284501,123.0053873195712,123.4462668440141,18144208,1.0795509456633434,0
2022-07-08,126.70877838134766,127.14965792578838,124.32803153228295,124.32803153228295,15375888,2.3139954351669267,0
2022-07-11,127.67870330810547,129.61857037794903,126.62059522042483,126.97329343146028,16779135,0.7654757145860058,0
2022-07-12,129.70675659179688,130.58851560750026,127.01738890298661,127.01738890298661,19138561,1.5884037283786068,0
2022-07-13,131.02938842773438,131.69070765575879,130.05944817813557,130.27988792081038,13644449,1.019709281683756,0
2022-07-14,130.76486206054688,131.64662105831917,129.618572672528,131.38209066807258,9775869,-0.20188323425884835,0
2022-07-15,132.0434112548828,132.3961094757371,130.6325914623163,130.89712185524436,11518139,0.9777467541272289,0
2022-07-18,132.0874786376953,133.6305566277278,131.64659921197173,133.49828472726733,8286352,0.03337340530187305,0
2022-07-19,132.92514038085938,133.3219291537685,131.6025021681145,132.08747220370196,6798359,0.6341719531657519,0
2022-07-20,132.74880981445312,134.24779730693274,132.39609816914563,134.1155388490509,7271345,-0.13265403813080834,0
2022-07-21,133.0133514404297,133.3660496610091,132.2638509034801,133.1456099095033,7521568,0.199279847665923,0
2022-07-22,131.33798217773438,133.49828873776437,130.6325723844706,133.14559056841884,6800124,-1.2595496952391483,0
2022-07-25,132.35205078125,132.66065840397238,129.9272131739988,131.5584594915855,7996687,0.7721061239872817,0
2022-07-26,132.26382446289062,133.1014926602412,131.5143240757721,132.26382446289062,5774871,-0.06666033343539768,0
2022-07-27,131.99929809570312,132.7487985053786,131.42616022094356,131.86703964908858,5403197,-0.19999903092301485,0
2022-07-28,132.57247924804688,133.10152660808998,131.42618978609033,132.30794884073762,6030744,0.43423045471664423,0
2022-07-29,134.86502075195312,136.187659098892,132.660623507055,133.1015029560346,11771461,1.7292740672193663,0
2022-08-01,137.99530029296875,139.05340853081748,133.14562520280052,134.82096212484635,14221965,2.321046275425931,0
2022-08-02,140.68463134765625,141.16960142033955,138.03935471982658,138.52432479250987,18278835,1.9488569893162833,0
2022-08-03,140.77279663085938,141.91908583988533,138.6124901145638,141.12550824763713,10147608,0.06266873812623697,0
2022-08-04,136.40809631347656,141.52230051845362,134.95319954044305,140.81689072215113,15754128,-3.1005282425610403,1
2022-08-05,137.2017059326172,138.56842162045956,134.90912714826777,136.14358436779463,33864055,0.5817907005437828,0
2022-08-08,140.55238342285156,141.08144422050847,136.62855844638366,137.11352860180668,16964235,2.44215439411517,0
2022-08-10,139.96823120117188,141.22636712016612,139.2942268775707,141.00169901229907,14055597,-0.41561175090305547,0
2022-08-11,138.08099365234375,140.95675598751305,137.36206678120251,140.37261076389694,15810624,-1.3483327842556347,0
2022-08-12,142.4395751953125,142.8889113946668,137.1374135279928,138.12594493898072,17998843,3.156539816002968,0
2022-08-16,142.6642608642578,143.6078697416389,141.0466476048409,142.8889289916031,8309725,0.15774104116585974,0
2022-08-17,145.09066772460938,147.06774441860827,142.88892291282303,142.88892291282303,19674110,1.7007811526533967,0
2022-08-18,144.5065460205078,146.16908197863802,143.69773251337412,145.09067768178107,9585888,-0.40259081666800256,0
2022-08-19,141.7655792236328,145.2703962994093,141.22637026767333,144.73120105610317,9599472,-1.8967769089754727,0
2022-08-22,140.64224243164062,142.84398725433363,140.19290619383986,141.3611831546526,11400211,-0.7923903659435849,0
2022-08-23,142.57437133789062,143.06864390237277,139.87835412724547,140.5972947926147,14362373,1.373789889043553,0
2022-08-24,144.5065460205078,146.483622850188,141.99026018607182,142.79905998055088,20602844,1.3552047710160275,0
2022-08-25,142.79904174804688,145.53999536572522,142.3946419024409,145.0008001424682,12889454,-1.181610328032212,0
2022-08-26,146.8430633544922,148.0113402065173,142.799037590857,142.88891031510988,30724938,2.8319669074394316,0
2022-08-29,144.641357421875,146.84310262841365,144.41668926380666,145.40523464436987,10928330,-1.4993598487536786,0
2022-08-30,147.38229370117188,148.68536611636475,145.18054876341085,145.4052168940529,24663153,1.8949879399309033,0
2022-09-01,144.41665649414062,147.60694635733196,144.05719300785978,145.13559717935533,14554158,-2.0122072554008996,1
2022-09-02,145.4051971435547,149.53908195826668,144.91092458074874,146.48360128162508,25106698,0.6845059797199848,0
2022-09-05,147.83160400390625,148.37081290782632,145.76465482241545,146.12413199591285,15226001,1.668720862814843,0
2022-09-06,151.38136291503906,151.7408401023399,148.10121414275295,148.99988654202613,27866331,2.401217882367712,0
2022-09-07,150.34791564941406,152.90912410911739,149.76377028261354,151.42631993311306,19415892,-0.682678003239412,0
2022-09-08,149.89857482910156,152.0553833308971,149.13469772369473,150.97697907999932,11595205,-0.2988673427041677,0
2022-09-09,149.7188262939453,152.19017537692508,149.13468101037677,150.66242133732467,16415150,-0.11991343837737256,0
2022-09-12,149.53907775878906,151.06683176685883,148.73027810611276,150.4826864953462,15469466,-0.12005740333773662,0
2022-09-13,150.43777465820312,151.83071980946795,148.86509774511643,150.0333747659403,15644741,0.6009779603320053,0
2022-09-14,154.88619995117188,155.51526791433474,148.2809520563287,148.2809520563287,38751148,2.9569869024423046,0
2022-09-15,157.35755920410156,158.30115435279612,155.15580062340354,156.72847748809983,29483891,1.5955968018511513,0
2022-09-16,155.29058837890625,156.99806039794905,153.94257982303492,156.3240561200134,26126152,-1.31355038528167,0
2022-09-19,153.67300415039062,156.45889450601516,153.26860425042054,155.91968549761856,13304030,-1.0416498806539054,0
2022-09-20,154.4818115234375,155.6051522521206,153.583138940491,154.4818115234375,15395199,0.5263171482320583,0
2022-09-21,151.51617431640625,154.6165913987164,151.11176076043523,153.67298262253868,7370283,-1.9197322829045849,0
2022-09-22,151.5610809326172,152.45975325054,149.94348173047726,150.07827709310513,7447846,0.02963816662713281,0
2022-09-23,147.3373260498047,151.42628790185086,146.16904927598412,150.2130747689119,12264388,-2.7868334382560533,1
2022-09-26,142.5294647216797,147.24749537106334,140.7321197123907,145.98934563696852,21951865,-3.263165863686024,1
2022-09-27,142.888916015625,145.27039246415757,141.54090737396817,143.2483795016723,8367800,0.2521943758416745,0
2022-09-28,141.94532775878906,143.29333659545878,139.29424645586965,141.81053236018408,14261815,-0.660364906633315,0
2022-09-29,143.38319396972656,145.31533427682103,141.99024891192067,142.66425325802157,17623352,1.0129718488380846,0
2022-09-30,143.47305297851562,145.18053888278044,141.45103994035057,143.78759382506937,12015533,0.0626705308350406,0
2022-10-03,144.10214233398438,147.47216424345405,142.84399259352315,143.65280607938843,10528629,0.43847213285617137,0
2022-10-04,146.07925415039062,147.38232685874436,145.000849623224,145.54004503047855,9013773,1.3720211125133108,0
2022-10-06,146.3937530517578,148.37084363379702,145.94441677632253,147.60696648049506,6456408,0.21529333730263556,0
2022-10-07,147.6519012451172,148.14617388525264,145.0008199914057,146.57349693832919,8825983,0.8594275145842767,0
2022-10-10,147.3373260498047,148.82014362480245,145.450122380696,146.21398563510252,10484521,-0.21305190970095644,0
2022-10-11,144.73118591308594,147.74173008301952,144.0571816449834,147.74173008301952,13805741,-1.7688254609953935,0
2022-10-12,148.28094482421875,148.55054928461146,144.82105062659264,145.4950549212482,12496248,2.452656549960497,0
2022-10-13,148.05625915527344,149.89854008456118,147.60692301216184,148.1461318689561,9447511,-0.15152700113401085,0
2022-10-14,148.37083435058594,150.52764285266701,148.14616622692526,149.40430223436354,9588164,0.21247004152833426,0
2022-10-17,151.38136291503906,151.920571839664,147.38227348080386,148.3708186050654,13426449,2.0290568410092913,0
2022-10-18,150.03335571289062,152.28003673198947,149.53908314615833,151.8307005281697,20635735,-0.8904710435887586,0
2022-10-19,147.42721557617188,151.0668416772898,147.2474838318587,149.62896029747802,6947654,-1.7370404896534852,0
2022-10-20,150.03335571289062,150.88709175761764,145.1355938337857,147.38227485288454,12020720,1.7677469702819026,0
2022-10-21,148.32586669921875,151.38134705149693,147.83159418888374,150.52761110418254,7414335,-1.1380729342209683,0
2022-10-24,150.03335571289062,150.93202812053016,149.4042877700735,150.03335571289062,685185,1.1511741354826466,0
2022-10-25,152.190185546875,152.50471267813523,148.6853547492146,150.48269965694197,8131380,1.4375668822016907,0
2022-10-27,153.35845947265625,154.12233659682764,150.57258289879016,152.68445508520657,16225577,0.767640778926193,0
2022-10-28,156.4139404296875,156.9980720287782,152.6844415878945,153.3584459157622,16185760,1.992378488632407,0
2022-10-31,155.5602264404297,156.36902626362777,151.92059981072802,152.68446326315842,24233760,-0.5458042850353118,0
2022-11-01,163.378662109375,164.41212999214545,155.91967766857792,156.36901391546144,41101936,5.025986299871654,0
2022-11-02,162.61476135253906,164.1874379878879,161.76102535016582,163.46849735491233,22146420,-0.46756458093930586,0
2022-11-03,160.09848022460938,163.42357902591726,159.28968056154403,161.17689805889972,16719953,-1.5473878920958084,0
2022-11-04,159.02008056640625,161.3116979596166,158.48088534677913,160.90729811673307,14881752,-0.6735851937446191,0
2022-11-07,158.03155517578125,161.31170411989893,157.13288272943083,159.82890006848208,12799401,-0.6216355740130575,0
2022-11-09,155.82980346679688,159.73903426293447,154.79633559375787,159.73903426293447,14929008,-1.3932354880234699,0
2022-11-10,154.66152954101562,156.54873340242736,153.26858454231578,155.91966544862345,10668583,-0.7497114799545845,0
2022-11-11,154.077392578125,156.00954662047027,152.45977938603357,155.4703376522219,16963169,-0.37768730506166914,0
2022-11-14,154.077392578125,155.82980115595169,153.76286544052488,154.88620603049756,10224241,0.0,0
2022-11-15,154.66152954101562,156.50379703873003,154.03244787455876,154.84126128315205,13899999,0.3791191901137747,0
2022-11-16,152.72938537597656,155.42540281849213,152.01044464877498,154.6615394373717,9781274,-1.2492726347482996,0
2022-11-17,151.24658203125,153.4932632446891,150.5276413004187,152.72938614705825,12778124,-0.9708697125155874,0
2022-11-18,149.04481506347656,151.92056384733107,148.3708107994801,151.47122767133342,11134908,-1.4557465948675241,0
2022-11-21,147.74172973632812,149.35934271850874,147.5170616474878,148.28093863460563,12788632,-0.8742909483925754,0
2022-11-22,150.12322998046875,150.52762982552917,148.1461534058879,148.5056168875743,15198091,1.611934724461972,0
2022-11-23,151.02191162109375,151.20164337291416,149.40429842940256,150.84217986927334,12004998,0.5986292999037746,0
2022-11-24,152.3249969482422,152.77433322242578,150.61752459140644,151.60605616701744,10986350,0.8628452077986015,0
2022-11-25,152.54965209960938,153.89766080741154,151.51618424202255,152.99898833554343,12358833,0.14748410035649862,0
2022-11-28,153.1337890625,154.48179781732009,152.2351165592866,152.77432554627632,5471921,0.38291595873924944,0
2022-11-29,152.90908813476562,154.21217395501148,151.92055682088233,153.67296508369242,7693168,-0.14673504071832655,0
2022-11-30,154.75140380859375,155.33554916892865,152.54965889694193,152.8641997611726,9133076,1.204843803793021,0
2022-12-01,154.75140380859375,156.05447620833425,153.53820414510608,155.9196808166093,9214914,0.0,0
2022-12-02,154.70645141601562,155.33553307931686,153.8077789971886,154.9311195207224,6376672,-0.02904813234115844,0
2022-12-05,157.40248107910156,157.85181732393215,154.03245924287197,155.51527707840535,9861212,1.7426743606419715,0
2022-12-06,157.44740295410156,158.1663436221875,156.23420343231842,157.80688014447088,7008295,0.028539496132484743,0
2022-12-07,154.43687438964844,157.26768727554665,153.94260177282305,156.4588875117626,7718718,-1.9120852474973749,0
2022-12-08,153.0888671875,154.97607122627153,152.77432632471096,154.43687594918862,4225180,-0.872853201332846,0
2022-12-09,152.3249969482422,154.3470101820684,150.97698812569138,153.85273753793547,6174919,-0.4989717758654755,0
2022-12-12,151.78578186035156,152.77432710906015,150.57258219619573,152.77432710906015,7153044,-0.353989889180073,0
2022-12-13,152.0553741455078,152.77431484022776,151.02190632429696,152.5496467301686,5166993,0.17761366173565385,0
2022-12-14,154.21221923828125,156.09942341675895,152.28006497590127,152.729401263061,8562333,1.4184602845470407,0
2022-12-15,154.66152954101562,156.4139380239883,154.30205234408987,154.57165681362096,10644546,0.29135843122789495,0
2022-12-16,152.59458923339844,155.5602111480132,151.92058487610663,154.48179320622327,9433166,-1.3364282079397438,0
2022-12-19,154.39190673828125,154.7963065382311,152.32495766751916,152.59456210503618,7706855,1.1778382928989473,0
2022-12-20,152.54965209960938,154.0773925592544,151.4712478758984,153.80778807516324,7387632,-1.1932326490369682,0
2022-12-21,150.9320526123047,153.71794301311533,149.71885289271677,152.77433408944367,8454254,-1.0603757301579808,0
2022-12-22,149.0897674560547,151.56111691710393,147.8765677664051,151.42632152247216,6979001,-1.2206056462918613,0
2022-12-23,146.48361206054688,149.49417030881588,145.8994804422994,147.65188900969545,5313321,-1.7480444432754205,0
2022-12-26,148.86509704589844,150.7523148178,145.49507510511305,145.58494784192905,8321609,1.6257688842129303,0
2022-12-27,148.460693359375,151.15671084306578,147.87656172297028,150.07830659212027,9244387,-0.27165782614493317,0
2022-12-28,149.04481506347656,150.6174916794683,148.10120635135115,148.28093807921982,9652984,0.39345209218955013,0
2022-12-29,149.8536376953125,150.4377693287034,147.38228834801347,148.2809608379404,19571340,0.5426707607986581,0
2022-12-30,149.5840301513672,150.79724347305685,149.17963028168853,149.85363463537087,8626291,-0.17991391339694518,0
2023-01-02,150.97695922851562,151.47123177804417,149.53907794127838,150.12322321350388,7322962,0.9312017303845233,0
2023-01-03,150.6175079345703,152.0553756253507,149.89856723285345,150.97697142910206,9629995,-0.23808354319896363,0
2023-01-04,149.7188262939453,151.4262983571249,148.01134051811323,150.84216678620885,11995082,-0.5966647921272217,0
2023-01-05,152.6844482421875,153.08886182665577,150.21309893229972,150.97697602223562,18887530,1.9807942806202128,0
2023-01-06,151.87564086914062,154.7064535422912,151.47124101764098,153.1787131518186,13216749,-0.5297247901527968,0
2023-01-09,153.1337890625,153.6729980494897,152.28005292697813,152.99899367207968,6012344,0.8284068374357911,0
2023-01-10,150.9320526123047,153.40340213433979,150.21311182699984,153.1337976257686,7557693,-1.4377861761761146,0
2023-01-11,149.22457885742188,151.69592835646404,148.7303062150825,151.38138748061493,8463293,-1.1312863804143425,0
2023-01-12,149.13467407226562,150.2580145122686,148.7752106165254,149.98841006413753,7628932,-0.060247973788651876,0
2023-01-13,150.79725646972656,151.11178363429406,148.73030686442712,149.359374906217,5090393,1.1148194796438249,0
2023-01-16,149.13467407226562,151.5610866801417,147.96639727213216,151.5610866801417,10321015,-1.1025282796141012,0
2023-01-17,150.70738220214844,151.1567184721087,148.99990986136123,149.71885063582863,13015434,1.054555648890032,0
2023-01-18,152.28004455566406,152.5047126691167,150.16817251680138,150.5276360132642,5536057,1.0435204503825624,0
2023-01-19,151.6060333251953,153.1337736847106,150.347897432101,153.1337736847106,6812613,-0.44261297167034197,0
2023-01-20,151.6060333251953,152.68443747822653,150.6624245490482,152.68443747822653,8545359,0.0,0
2023-01-23,149.94351196289062,152.32498860049154,149.17963485357873,152.2351158655181,7787735,-1.0966063327694675,0
2023-01-24,149.22457885742188,150.57258767508125,148.64043347550995,150.25804679923215,7033092,-0.4794692988428051,0
2023-01-25,149.0897674560547,149.7188491980818,147.74175865911874,149.1796401942456,9257370,-0.0903412845252527,0
2023-01-27,149.44923400878906,150.1232383590578,147.38228459210083,149.4042976429071,13756671,0.24110746087273593,0
2023-01-30,151.74087524414062,154.79635662423001,150.1681981811949,150.61753448489367,30768122,1.5333910879842927,0
2023-01-31,153.80776977539062,155.15577832280914,150.39282575871871,152.6395066710829,24990701,1.3621211344171602,0
2023-02-01,152.77430725097656,156.1892650967642,150.25802180078293,154.79632014106303,13878016,-0.6719182821019132,0
2023-02-02,149.98841857910156,153.53818554115563,148.73028269993358,152.77430851352693,19898080,-1.8235321907225988,0
2023-02-03,152.66268920898438,153.4926226790914,149.89622554734513,151.69442411321828,11730514,1.78298474990084,0
2023-02-06,153.12376403808594,153.8614904835888,151.27945495980958,151.69442168822945,7588936,0.30202194884068057,0
2023-02-07,152.3860626220703,154.64533879985376,151.5100184801907,153.5387559853235,8699758,-0.4817680786844636,0
2023-02-08,152.61656188964844,152.8471005027748,151.32555128452495,152.70878296328308,8839686,0.15126007169683486,0
2023-02-09,153.07763671875,153.67703147510807,151.83272259897856,153.03152618265474,5507650,0.30211323292352876,0
2023-02-10,152.15548706054688,152.89321344836588,151.32555366860083,152.24770813563444,9468345,-0.6024065160460945,0
2023-02-13,154.7836456298828,155.10639127727023,151.97107146028642,152.2477206373054,9829152,1.7272847796084623,0
2023-02-14,153.12376403808594,155.38303984478213,152.01718140531244,155.38303984478213,12916373,-1.0723882261863604,0
2023-02-15,152.8932342529297,153.53873965349666,151.41778127652313,153.07766235723992,11855678,-0.1505512789634067,0
2023-02-16,154.36868286132812,154.64533207066364,152.70881574724163,153.07767197904678,7923121,0.9650189006778609,0
2023-02-17,154.9680633544922,156.44350208159432,153.49261055642936,153.9997983351985,10182025,0.3882785562810742,0
2023-02-20,154.8297576904297,156.76628805359462,154.23036280566882,154.64532957750043,6679716,-0.08924784956892973,0
2023-02-21,159.76327514648438,160.68542969278442,155.8902288662165,155.8902288662165,26883881,3.1864142459738787,0
2023-02-22,157.2273406982422,159.71715500947673,155.38303171644463,159.48661638675205,12225021,-1.5873074997473813,0
2023-02-23,156.39739990234375,158.2878052626842,155.84410160553765,157.6422999637172,11184381,-0.5278603531756576,0
2023-02-24,157.68844604492188,157.8728741617759,156.212992968163,156.99683005349678,8338893,0.8254907967679026,0
2023-02-27,158.97943115234375,159.99380673698573,157.22734321991967,157.82673802023288,17669762,0.818693531328285,0
2023-02-28,157.2273406982422,159.53272692548916,156.62794590754234,159.34829884150156,19044910,-1.1020862519143138,0
2023-03-01,158.84109497070312,159.5788213029012,156.7201370422435,157.6422914397512,9318790,1.026382730442621,0
2023-03-02,157.50399780273438,158.79500852671484,156.99680999297007,158.79500852671484,7725981,-0.8417828951729156,0
2023-03-03,159.16387939453125,161.37704466440124,158.14950377111322,158.61058104158295,12962719,1.0538663240001078,0
2023-03-06,163.03692626953125,163.68243163644036,159.2560870089809,159.4405151036747,12402804,2.43337049193153,0
2023-03-08,164.92735290527344,165.20398802358366,161.79201887845554,162.0225575243556,22099710,1.1595082653956368,0
2023-03-09,165.48062133789062,168.0165461995135,164.1435001341362,164.51235630380606,18874546,0.3354619005708326,0
2023-03-10,166.67945861816406,166.909997288452,163.9591051229594,164.14353324499697,12399692,0.724457806951051,0
2023-03-13,165.7111358642578,167.41712706056086,165.48059727399843,167.18658847030147,13669178,-0.5809490635102943,0
2023-03-14,164.05128479003906,166.90996945325844,163.4057794350751,164.74290068556363,9217542,-1.001653308066408,0
2023-03-15,164.32794189453125,165.5728561949519,163.91297515137842,165.48063510937922,8548173,0.1686406204293167,0
2023-03-16,165.6189727783203,165.98782899214,163.17525463113623,164.3279478880261,9405016,0.7856429459925041,0
2023-03-17,163.17523193359375,167.55546570048827,162.20696691829863,167.55546570048827,47276890,-1.4755198657085522,0
2023-03-20,162.2991943359375,163.72853664570192,161.33092928280928,163.72853664570192,5627841,-0.536869221679892,0
2023-03-21,163.31358337402344,163.7285501249667,161.65370229928806,163.0830447267258,12894327,0.6250117520523846,0
2023-03-22,160.77764892578125,163.9590792597164,160.27046111695992,163.9590792597164,7893205,-1.5528006892325363,0
2023-03-23,161.00819396972656,162.16088718522872,160.17824641198774,160.50100614071317,5759884,0.14339371516232102,0
2023-03-24,159.25608825683594,161.56147463597645,158.93334260633333,161.56147463597645,4977283,-1.0882090343924178,0
2023-03-27,157.91896057128906,160.40877494566604,157.41177277424012,159.20997126290342,12077986,-0.8396085199521286,0
2023-03-28,158.61058044433594,159.532734981803,157.22734863813534,158.01118562336697,8750986,0.4379587293032339,0
2023-03-29,160.45489501953125,161.7459057878553,158.33393669645997,159.20998072289146,20272070,1.1627941654513752,0
2023-03-31,161.46926879882812,163.4518954709371,161.00819151964353,161.192619617125,8125121,0.632186247215083,0
2023-04-03,163.9590606689453,164.23570981247605,161.79199212740795,161.93032373465329,9098662,1.541960206198234,0
2023-04-05,162.2069854736328,164.4201649147596,161.51536953658612,164.4201649147596,10829323,-1.0686052897376452,0
2023-04-06,161.5614776611328,162.85250250020238,161.23873200458698,162.6680603296481,7159274,-0.39795315264331554,0
2023-04-10,163.774658203125,164.14351440486342,161.56147877980797,162.1608876963356,10968456,1.3698689650723628,0
2023-04-11,164.23570251464844,165.7572516300173,162.80636039571928,164.23570251464844,9208605,0.2815113867931984,0
2023-04-12,162.11477661132812,164.42016304189036,161.65369932521568,164.14351385603047,7591360,-1.2913915006581123,0
2023-04-13,159.57884216308594,162.39141625733672,158.88722627454695,162.299195177147,9944382,-1.5642833437214176,0
2023-04-17,156.39739990234375,160.40876330582734,156.07464021738016,158.93332463261137,17401126,-1.993649169036349,0
2023-04-18,156.85848999023438,157.45788480179812,155.84411438655275,156.7662689095501,16199789,0.29481953547727535,0
2023-04-19,154.09202575683594,156.72015769346973,153.8153765869373,155.61357508483647,16314641,-1.7636687906218307,0
2023-04-20,156.48960876464844,156.95068599381415,153.8153664638715,154.09201561556299,15498083,1.555942298789681,0
2023-04-21,156.48960876464844,156.7201473792313,155.29080515462553,156.4434982275398,6672391,0.0,0
2023-04-24,157.64231872558594,157.91896790691453,155.10639369350412,155.38304287483268,8088991,0.736604794425122,0
2023-04-25,157.78065490722656,159.02555515270552,157.0890389694175,157.9650830097832,9175412,0.0877532015254312,0
2023-04-26,156.6279754638672,158.33395315137824,156.3052157027622,157.7806687950085,9032416,-0.7305581562182861,0
2023-04-27,157.64231872558594,158.01118899101132,155.65969205616125,156.7662747105137,9054900,0.6476130836235994,0
2023-04-28,158.61058044433594,159.07165771306947,156.3974151827996,158.51835936220462,21552892,0.614214334436114,0
2023-05-02,161.9303436279297,162.29919981731163,159.1177694532669,159.20997646513155,8893428,2.0930275737556014,0
2023-05-03,162.62193298339844,164.74287683248028,161.469239991089,161.9303171880128,11194149,0.4270906489631354,0
2023-05-04,162.62193298339844,163.63629437405513,161.19259085874288,162.71413998020756,4671155,0.0,0
2023-05-05,160.6854248046875,162.66805139053585,159.53273165687767,162.62195492139247,5958697,-1.1908038129817555,0
2023-05-08,163.26747131347656,163.728548603788,160.91597431869573,161.19262350707504,6287186,1.6068952812164028,0
2023-05-09,162.2991943359375,164.7428981677248,161.56146791112738,163.4057769376721,7918748,-0.5930617836788499,0
2023-05-10,163.26747131347656,163.54412050185587,161.33094106578358,162.29920618963007,6231734,0.5965999902223018,0
2023-05-11,165.57284545898438,165.9878121752302,163.17523809917992,163.7746469746116,12125975,1.4120229381647365,0
2023-05-12,161.3309326171875,165.29619992040486,160.91596589183067,165.15788236893974,8920297,-2.5619616731462624,1
2023-05-15,162.25308227539062,162.99080869328654,160.31656625824505,160.45488380555506,7980565,0.571588872167017,0
2023-05-16,163.63632202148438,164.1435098379851,161.8381234638561,163.12913420498364,7874923,0.8525198576788684,0
2023-05-17,162.2991943359375,164.00518581387587,161.423150362521,163.6363155659902,6639494,-0.8171337934198442,0
2023-05-18,161.46926879882812,163.86686220801084,161.0542879907925,163.22135683134482,6921939,-0.511355303090133,0
2023-05-19,159.80935668945312,161.69977598053063,159.48659702843045,161.37701631950796,6657753,-1.0280049706814842,0
2023-05-22,160.547119140625,163.2674723566514,159.67106102666602,159.80939265722063,13339834,0.4616515994151138,0
2023-05-23,160.5931854248047,161.9764170445565,159.34828540960385,161.33091176953093,8359389,0.02869331098949157,0
2023-05-24,161.3309326171875,161.6536923318881,159.9477008186904,160.45488862566498,8507023,0.4593888529150991,0
2023-05-25,160.91595458984375,161.88421959497762,159.90157904713962,161.33092128605526,7986243,-0.257221613122649,0
2023-05-26,160.91595458984375,163.45187937564359,160.54709843120253,161.37703182362554,6926193,0.0,0
2023-05-29,162.5758514404297,163.95908327786222,161.19261960299715,161.33093715835565,9943211,1.0315303133345832,0
2023-05-30,163.03692626953125,164.1435089086557,161.9303436304068,163.22135436422505,9727639,0.2836059753133169,0
2023-05-31,160.31654357910156,163.2213242293763,158.56444182558928,163.2213242293763,41785992,-1.6685684357986341,0
2023-06-01,160.82373046875,161.10037961797153,158.47224787776767,160.08601816543958,11602551,0.31636590854904334,0
2023-06-02,160.96206665039062,162.20696675080404,159.9015805600822,162.20696675080404,7262018,0.08601726948964661,0
2023-06-05,160.547119140625,162.48363532972886,160.03993130384936,162.11477912350782,12239684,-0.25779211114808076,0
2023-06-06,161.74588012695312,162.0686398033095,160.0399028873889,160.91594677483644,4889564,0.7466723742816761,0
2023-06-07,163.5441131591797,164.1435079812885,161.74590055093,162.25308836169373,6270083,1.1117643496175278,0
2023-06-08,167.8782196044922,169.9991776431703,164.23571235924075,164.83510712038535,27382635,2.6501146153111943,0
2023-06-09,168.56985473632812,169.9069760210805,166.4950069965863,169.6764373833314,10235269,0.4119862204075009,0
2023-06-12,171.24407958984375,171.93569543154018,168.4315056860862,168.5698372970017,17450400,1.5864193854224773,0
2023-06-13,170.92135620117188,172.12014589257925,170.59859647135474,171.52075104687557,8332566,-0.18845812914808358,0
2023-06-14,172.6273193359375,173.73390192014355,170.92134195598342,170.92134195598342,15061573,0.9980982907470848,0
2023-06-15,172.16622924804688,172.71952753437054,170.92132921025848,172.4428783912087,9840499,-0.2671014586013043,0
2023-06-16,173.54949951171875,174.01057682926898,171.56687267463792,172.3506956718955,8562558,0.8034504035509427,0
2023-06-19,171.38241577148438,173.54947035735177,170.78300691678518,173.54947035735177,5363723,-1.2486833706414902,0
2023-06-20,172.90396118164062,173.36503841145833,170.18360833990823,171.52072949218748,6035600,0.887807190315848,0
2023-06-21,172.90396118164062,174.01054371901105,171.98180672200522,172.90396118164062,5906854,0.0,0
2023-06-22,170.1374969482422,173.318927003814,169.07702495337168,172.90396031325426,6683123,-1.6000004942004709,0
2023-06-23,172.16622924804688,172.90395560615846,169.4458764940353,170.1836028521469,15255365,1.192407515212146,0
2023-06-26,170.50637817382812,172.8117646503318,170.09141142224993,172.8117646503318,7231775,-0.9640979427082308,0
2023-06-27,171.5668487548828,172.39678218237916,170.41415562171503,170.5063626297918,6787438,0.6219536139425497,0
2023-06-28,174.3794403076172,175.76267220618328,170.87525001705725,171.5668659663403,32476741,1.639356072077014,0
2023-06-30,174.425537109375,176.73092361132794,173.36506494686165,173.45728603532478,9579059,0.02643476872989936,0
2023-07-03,176.36204528808594,177.60695947144495,174.01054853671928,175.20935218162785,7352149,1.1102205621970507,0
2023-07-04,178.944091796875,179.6357077037908,174.2872085427829,176.22373871053185,13258826,1.4640601976299905,0
2023-07-05,178.34469604492188,179.58961039750014,177.37644496065286,178.89799443961505,6558910,-0.3349625829689451,0
2023-07-06,181.4339141845703,181.80277038934338,177.74529585299075,178.4369117901619,16276609,1.7321614873650804,0
2023-07-07,177.6069793701172,182.3560698724172,177.1919985485302,181.43391528393468,12652336,-2.109272035304288,1
2023-07-10,176.6387176513672,178.29859875690354,175.02494709033843,177.65307927572195,10238356,-0.5451709849376041,0
2023-07-11,177.42251586914062,177.9297036460336,175.94707714749646,177.6530544885501,11236383,0.44372956744422876,0
2023-07-12,175.94708251953125,179.5895900032221,175.4398947271528,178.6674354974289,9191559,-0.8315930717032516,0
2023-07-13,173.2728271484375,176.86923818723352,172.3967831763712,176.86923818723352,10612659,-1.5199202696622671,0
2023-07-14,172.8578643798828,173.68781190207918,170.36804995521675,173.31894164633806,12369394,-0.23948519533256718,0
2023-07-17,171.98182678222656,174.24110265766663,171.33632139938112,173.78002537406815,9058800,-0.5067964947958692,0
2023-07-18,172.7656707763672,174.42553780764817,171.7974056274782,172.44291103641666,7177677,0.45577140841350783,0
2023-07-19,177.56085205078125,181.2955805954756,175.39378334420425,176.1315097594833,31761232,2.7755405647809983,0
2023-07-20,177.88360595703125,179.12852022015056,176.91535494234031,177.69917786237403,8936996,0.18177087039303874,0
2023-07-21,179.912353515625,181.06504667225775,177.1458899397064,177.79139529322845,11031250,1.1404915858765463,0
2023-07-24,180.65005493164062,181.6644304763905,177.929702061034,180.28119877225552,9981788,0.4100337756693051,0
2023-07-25,185.03030395507812,185.67582339379828,180.65006986326927,181.20336821904033,18028061,2.42471502435746,0
2023-07-26,185.90635681152344,186.41353054062108,184.43090395152672,185.81413573116316,13857423,0.47346452863095134,0
2023-07-27,186.2291259765625,187.19739115881796,184.98422566020238,186.04469786350504,16013422,0.1736192191460706,0
2023-07-28,193.65248107910156,194.0674478672212,183.9698570251465,186.13692613227425,39630520,3.9861407626824885,0
2023-07-31,201.35244750976562,201.90573178589187,193.32969183180106,195.68118870048164,43494779,3.9761775257187937,0
2023-08-01,207.62307739257812,209.00630912489635,201.81351537361033,202.45902070116665,63510580,3.1142556052160097,0
2023-08-02,202.0440673828125,207.62309114938535,199.96921964685876,207.53088413703114,22647784,-2.687085693858937,1
2023-08-03,202.96620178222656,206.19374238440034,200.9835612554579,202.0440473244626,29868065,0.4564026112515718,0
2023-08-04,200.9835662841797,204.90272282773594,200.66082065846325,204.44164558731754,12879897,-0.9768303691144342,0
2023-08-07,200.9835662841797,204.1188999616011,200.70691712573654,202.59733662564403,12929354,0.0,0
2023-08-08,200.6147003173828,203.24283201677,197.34104925618402,203.15062501576836,15314866,-0.18353041177273655,0
2023-08-09,201.67520141601562,202.59735598496948,199.60035363586945,201.44466277377717,12554174,0.5286258170288827,0
2023-08-10,200.47637939453125,203.6578236242946,199.64644598648215,202.1362602815902,10970619,-0.594432043735238,0
2023-08-11,199.16729736328125,202.43999943263094,198.8400214492068,200.9439013509316,7970536,-0.6529856710319804,0
2023-08-14,199.16729736328125,200.10235509738118,198.0452309359311,199.44781753708097,9283695,0.0,0
2023-08-16,203.32830810546875,203.79583698787627,198.279001882607,199.1205481638009,9687712,2.08920379865265,0
2023-08-17,201.73870849609375,205.52569521714523,201.17766814191987,205.19841929923564,11865239,-0.7817896210253528,0
2023-08-18,201.17767333984375,202.58025999366888,199.44782502750232,201.78546945054418,14101163,-0.2780999047889088,0
2023-08-21,204.59063720703125,205.2919305149156,201.69195249396972,203.0945391097384,13336739,1.6964923644494423,0
2023-08-22,207.3022918701172,207.86333220438425,204.6373859519696,205.01140332958207,16930149,1.3254050625698621,0
2023-08-23,207.3022918701172,208.4243582708029,206.69451006453485,208.4243582708029,13507905,0.0,0
2023-08-24,206.50750732421875,207.95683540510146,205.38542662336286,207.58281801671538,11182959,-0.38339399855569223,0
2023-08-25,203.74908447265625,207.44257411644563,203.0945468804902,207.44257411644563,7413549,-1.3357494297927652,0
2023-08-28,204.4971466064453,205.05818701717945,203.0945598474603,203.74909748141656,4851793,0.36714870926914944,0
2023-08-29,206.74127197265625,207.3490537963742,204.0763517071417,204.9646537063636,8799235,1.0973871290878012,0
2023-08-30,206.0867156982422,207.5828137567818,205.47893388762523,207.5828137567818,5490930,-0.3166064850856798,0
2023-08-31,205.9932403564453,207.25555985124544,204.5438978835859,207.25555985124544,18532999,-0.04535728636373415,0
2023-09-01,215.7178192138672,216.60612121926604,202.11272615188298,203.70233573484285,29859815,4.7208242564633185,0
2023-09-04,220.48660278320312,221.1411403026223,215.53079424843315,218.5229759570978,21895573,2.210658158289669,0
2023-09-05,219.3645477294922,221.51516908013835,216.65287176952975,221.51516908013835,13952922,-0.50889942497514,0
2023-09-06,216.83990478515625,220.533394623087,213.5672023844532,220.2061186758766,14623019,-1.1508892254773917,0
2023-09-07,218.8970184326172,222.5437378413657,214.45549425301007,217.86844923125295,30334731,0.9486785421249477,0
2023-09-08,224.64761352539062,227.78006254287357,219.7385605763446,220.6736182809248,28856420,2.627077853298232,0
2023-09-11,227.31256103515625,228.06059587452665,222.6840134264144,227.78008994368776,22493483,1.1862790207047613,0
2023-09-12,219.83209228515625,229.04240296218984,218.8970344945224,228.34110961921445,21174310,-3.2908294710748853,1
2023-09-13,221.74896240234375,222.96454045533332,218.00873101951458,220.76716307863146,9151928,0.8719701010264869,0
2023-09-14,222.49700927734375,223.66583157263116,220.62689360488386,222.49700927734375,7568464,0.337339515322177,0
2023-09-15,220.86065673828125,223.75934172033553,220.29963060062087,220.29963060062087,14098284,-0.7354492289030179,0
2023-09-18,225.5359344482422,226.42423648868856,220.72039257203068,221.60869461247705,11163399,2.11684497320912,0
2023-09-20,226.0502166748047,230.0242122109698,224.74114149944296,225.81645223150085,18936709,0.2280267345514897,0
2023-09-21,223.4320526123047,227.1255279721276,221.70220428826073,224.46062187254117,10134737,-1.1582223193647656,0
2023-09-22,222.49700927734375,223.75934306339428,220.6736493502654,223.10480543160338,7209300,-0.4184911359085164,0
2023-09-25,224.08657836914062,224.64761871198118,221.74893405371938,223.61904950605637,8027642,0.7144226778416973,0
2023-09-26,224.6008758544922,227.40604919389347,223.52556511486145,224.1801027071519,10681642,0.22950838425688236,0
2023-09-27,223.75930786132812,224.88137423470926,222.40347706566558,224.32033391409468,9679279,-0.3746948848539988,0
2023-09-28,221.65545654296875,225.53594074433335,220.34636704926933,224.03985681019813,32887087,-0.9402296326654791,0
2023-09-29,229.6034393310547,235.16703023452425,223.94633694301612,223.9930926853006,35038887,3.5857374828691446,0
2023-10-03,225.5359344482422,230.67875225570475,224.92815259631823,228.48137502595316,14885044,-1.7715348231120087,0
2023-10-04,219.8788299560547,225.3489236437587,216.4658747864321,225.3489236437587,25424437,-2.508294080066309,1
2023-10-05,218.6632843017578,221.9827282606264,216.98017731532343,221.8424752900279,22472389,-0.5528252331249095,0
2023-10-06,220.2528533935547,222.0762131320162,218.47623512778927,219.03727547863073,8825123,0.7269483291960643,0
2023-10-09,219.45802307128906,220.954120987545,215.53078387592623,218.66323264590392,10659145,-0.36087174809281697,0
2023-10-10,220.5801239013672,221.4684402038539,218.56975538782746,219.64506612430696,11665907,0.5113054489302549,0
2023-10-11,223.1982879638672,224.13334573855272,220.6736348257861,220.9073992694575,14313043,1.1869446875778955,0
2023-10-12,225.9099578857422,226.98526859004878,223.10478463849134,223.43204628996122,13170027,1.2149151978773087,0
2023-10-13,226.3307342529297,227.96708533720516,224.03984558851386,224.92814760926498,11880728,0.18625844169308792,0
2023-10-16,227.63980102539062,229.08914335734354,225.3489124453869,227.0787749493063,6936948,0.5783866591437148,0
2023-10-17,229.9774627685547,231.1462850170916,227.4995653087963,228.94890775055202,10084205,1.0269125753203934,0
2023-10-18,226.28396606445312,230.77224593087146,225.90994868718843,229.9306854302533,6987265,-1.6060255033853665,0
2023-10-19,223.9463348388672,226.09697055310255,223.01127707336045,224.60087242115208,11485237,-1.033052083292596,0
2023-10-20,225.34893798828125,226.42424879021385,222.12299131463317,223.43206657505985,9040953,0.6263121700220031,0
2023-10-23,221.18792724609375,225.2554201485311,219.7385847907127,225.161922928479,7058625,-1.8464745293824691,0
2023-10-25,216.9801483154297,220.954143653559,213.52043758051036,220.67362348200368,23949207,-1.9023547003912622,0
2023-10-26,216.60610961914062,218.14896337859057,212.9593903110738,215.8580748764538,17410264,-0.17238383289577275,0
2023-10-27,221.23468017578125,222.96452853716355,216.93340860830432,216.93340860830432,10519462,2.136860573683297,0
2023-10-30,219.3645477294922,222.91775566595902,215.67105830588557,222.0294536818423,8812268,-0.8453161343434767,0
2023-10-31,220.48660278320312,221.79567782204145,218.3827230128822,219.2710249512259,6583581,0.5115024580428562,0
2023-11-01,217.49444580078125,221.32817414627934,217.02691690978028,221.32817414627934,6718059,-1.3570697469378445,0
2023-11-02,219.9723358154297,220.3931089496046,218.569749189614,218.9905223237889,6057787,1.1392888703549264,0
2023-11-03,221.2468719482422,222.09654478452845,220.2555773688219,220.2555773688219,6825146,0.5794074641649161,0
2023-11-06,222.66299438476562,223.93750359019216,221.43567801960648,222.1909507370605,5338605,0.6400643878276879,0
2023-11-07,225.77845764160156,226.15610118090788,222.04931592542331,223.08781765148066,7002346,1.3991832210126232,0
2023-11-08,223.46546936035156,227.4306332870592,222.7574038589527,226.43935310960444,9777991,-1.0244503861930099,0
2023-11-09,224.6455841064453,226.2977369840593,222.80461663822996,223.93751858746788,13987058,0.5280971370976051,0
2023-11-10,229.17718505859375,229.64922869414184,222.61578140560113,224.55116319247395,9589671,2.0172223594661087,0
2023-11-13,231.9622344970703,236.58827066650812,229.696430858802,231.25416905940793,18792969,1.2152385228767493,0
2023-11-15,233.47279357910156,235.03053187124402,232.19826995416386,235.03053187124402,10965645,0.651209057934099,0
2023-11-16,238.24044799804688,240.03420819675404,233.8032259385392,234.8889350319712,22145147,2.042059953049735,0
2023-11-17,237.5323486328125,238.948479452788,236.96589054257123,238.85406496920527,5618928,-0.29722046410867176,0
2023-11-20,237.0131072998047,241.119878199233,236.30504186139,236.96590005611807,6283832,-0.21859815557605522,0
2023-11-21,236.02182006835938,238.66526733425073,233.47278729274683,238.47645275932177,6851869,-0.41824152374467793,0
2023-11-22,239.4677276611328,239.7981639642798,235.40816396891736,236.77708761435943,5275418,1.4599953477925975,0
2023-11-23,238.61805725097656,241.4031118135319,237.62676273735423,239.79816633728208,8200025,-0.3548162495443208,0
2023-11-24,239.70376586914062,242.48883500023175,238.85409303955205,239.137322117958,7149443,0.4549985154820524,0
2023-11-28,243.14968872070312,243.85775424267518,239.46775376870033,240.60067012835958,6151585,1.4375756004783469,0
2023-11-29,243.95211791992188,245.03781239851668,241.78072896273224,245.03781239851668,8637363,0.3300144875531652,0
2023-11-30,246.69000244140625,247.02043876197428,241.68635122569017,243.5273330036704,21687673,1.1223040590215616,0
2023-12-01,253.91226196289062,260.04882871451554,247.11482265197344,247.68128072975898,29121320,2.927666078887725,0
2023-12-04,259.4352111816406,263.40038986540947,257.971887206893,260.56812760879217,20464526,2.175140804959308,0
2023-12-05,269.4897155761719,270.52818849653744,257.54698887940503,259.81282131612767,18883076,3.87553576429982,0
2023-12-06,265.3829345703125,272.1331527176223,263.3531527233951,271.89713090260267,13415314,-1.5239101043537207,0
2023-12-07,267.93194580078125,272.13314552153986,265.5717277129969,266.090992979063,25133786,0.9605030687432459,0
2023-12-08,269.112060546875,275.5790640066844,265.28851868814985,270.4338057530454,20815064,0.4404531690189728,0
2023-12-11,271.23626708984375,272.3691833631711,268.49841970910325,270.0561579764851,8071675,0.7893390354382745,0
2023-12-12,267.5543518066406,272.46361759846366,265.14694056543993,271.3779228977508,8640883,-1.3574568484912564,0
2023-12-13,277.60888671875,278.4113667660107,268.59286362933466,268.82888547786655,23629670,3.7579410853222583,0
2023-12-14,278.8833923339844,281.810068827781,277.1840466595265,281.1020033282137,24900443,0.4591011585755256,0
2023-12-15,288.041015625,289.8347755747752,278.50572897250385,281.33799062307173,28843558,3.283674662150071,0
2023-12-18,286.2472839355469,289.4099533752507,284.8783458114525,288.89071687921944,13307504,-0.6227348162764379,0
2023-12-19,292.33660888671875,295.0272632901764,285.58639086489075,287.9466089712122,15650536,2.1272952768149223,0
2023-12-20,281.0075988769531,295.82978205553246,278.6473804606991,295.02730203175406,23497233,-3.8753305830935614,1
2023-12-21,285.06719970703125,286.200087291343,276.80643502215923,279.2610391937983,17868637,1.444658737451343,0
2023-12-22,285.8695983886719,291.6757578345257,282.8485365746254,287.002514575974,15207726,0.2814770280359369,0
2023-12-26,292.2894287109375,293.32793048495756,287.5689922938076,289.31555953039714,9917180,2.2457198521464106,0
2023-12-27,288.9378967285156,294.7912493122202,286.57767855948265,294.17759835052306,12630732,-1.1466483742511246,0
2023-12-28,296.3489685058594,297.85951379926354,290.5428379452405,291.81736143690193,37591916,2.564935877659247,0
2023-12-29,293.7527770996094,296.77386818431887,290.9205150119167,296.77386818431887,12682889,-0.8760588637576672,0
2024-01-01,292.4310302734375,295.7825285389935,290.59004858256446,294.55522661924937,8024960,-0.4499521125288619,0
2024-01-02,288.8907165527344,293.4223241114112,285.16156015769747,293.4223241114112,13506040,-1.2106491289220478,0
2024-01-03,289.0795593261719,290.7789050389084,286.34168295049915,290.0236466801943,14259987,0.06536823878970921,0
2024-01-04,299.3700866699219,303.760086824481,291.34534467145073,293.51673392300455,40057506,3.5597561334798744,0
2024-01-05,297.3403015136719,307.44201816209477,295.2161051254336,304.8457781320258,27456415,-0.6780186954643885,0
2024-01-08,298.75640869140625,300.5501686255278,295.1216671759791,298.75640869140625,10136462,0.47625806879370014,0
2024-01-09,301.8719177246094,303.47687767798476,298.3787831490316,300.07815759576874,12229517,1.042825841577577,0
2024-01-10,295.82977294921875,301.87192614658585,290.7788999316605,301.77751165059,14455000,-2.0015590787423765,1
2024-01-11,295.4049072265625,299.55888553957715,294.8856707416573,297.34030345747516,10316319,-0.14361831076724618,0
2024-01-12,295.16888427734375,297.6707098235999,292.38384406972176,297.576324143983,12341629,-0.07989811389210733,0
2024-01-15,299.5588684082031,300.219740997795,292.28941397897233,297.29306480443324,9706124,1.4872787630062279,0
2024-01-16,294.08319091796875,299.5116928370003,292.80866731385765,299.5116928370003,10162832,-1.8279136649604344,0
2024-01-17,292.0061950683594,296.5378314680977,289.9292202616637,292.43104588470493,13502940,-0.7062613280024999,0
2024-01-18,282.5653381347656,293.8943865674794,279.96909786893536,291.67580429841433,32481018,-3.2331015892945736,1
2024-01-19,291.2037048339844,292.1477920225384,284.83111631124484,286.81367635820465,28651237,3.057121852326694,0
2024-01-23,285.68084716796875,297.67073961635,283.5094289055577,295.92420101102726,21652362,-1.896561607677416,0
2024-01-24,291.58135986328125,293.3279270795942,281.57402901289345,286.0112507179851,23922028,2.0654211697444413,0
2024-01-25,297.1514892578125,299.46451475747625,291.9118160630759,292.6670744080123,32525422,1.910317380076365,0
2024-01-29,306.403564453125,307.5364808957415,298.4732357885954,300.0309742887466,24694773,3.1135887013123087,0
2024-01-30,297.81231689453125,305.8370580441437,296.9154225356609,303.85446917434143,20918448,-2.8038993521265265,1
2024-01-31,299.7477111816406,302.10792937992125,295.12168927526204,300.73899130041553,20931224,0.649870464489477,0
2024-02-01,303.9960632324219,308.6693061637571,299.37004194548354,302.15508175977385,24020951,1.4173092545173294,0
2024-02-02,313.9090270996094,315.0419433835698,305.0346122461126,305.88428505345394,32346639,3.26088560548512,0
2024-02-05,317.3077392578125,321.98095398772887,314.42825577896815,319.1014993201417,19651482,1.0827060915086895,0
2024-02-06,318.59466552734375,320.3106035522021,313.6374659781979,320.3106035522021,12024661,0.40557670372030064,0
2024-02-07,315.2581481933594,322.1219305055961,314.25715993834564,322.1219305055961,8080437,-1.047260891346602,0
2024-02-08,315.4487609863281,319.5956454255773,312.6841810576863,318.35636000353634,17754869,0.06046244769914999,0
2024-02-09,309.72894287109375,319.35733398282207,304.6764354928729,317.40306939697183,18304439,-1.8132320752663467,0
2024-02-12,301.3874816894531,311.4448706243852,299.81453367469777,310.92053522441967,11714289,-2.693148759143338,1
2024-02-13,306.5353698730469,308.8233263320677,301.14919965196634,303.67545339184574,15426888,1.7080630405539088,0
2024-02-14,312.6842346191406,313.9712029886801,303.4848414618187,305.91575908783267,14085723,2.005923410613386,0
2024-02-15,323.4089050292969,324.9818533546234,314.7338187811085,315.5441343100877,21973316,3.4298724472691333,0
2024-02-16,321.9789123535156,326.9361122784451,321.0732605485046,325.9351241109213,20307449,-0.4421624307629046,0
2024-02-19,322.9322204589844,325.9351268011953,321.74058864917265,324.5051686294212,8496898,0.2960778078603177,0
2024-02-20,329.5577087402344,330.3203414702357,322.0265723417457,324.69584508189797,19340526,2.05166529119738,0
2024-02-21,320.40594482421875,331.7979266876826,319.0713231074519,330.7969676732504,17751633,-2.7769837188755586,1
2024-02-22,323.69488525390625,324.36221077055296,315.16281810578874,323.170578842667,16083122,1.0264916999251916,0
2024-02-23,321.9789123535156,324.12384959347247,319.214332396086,324.12384959347247,9665454,-0.5301204864712639,0
2024-02-26,321.8359680175781,322.6939372167734,318.9283685575674,322.21728442915634,7711995,-0.04439555835897835,0
2024-02-27,320.40594482421875,322.21721923215745,318.49933405953146,320.40594482421875,8882923,-0.44433293213556047,0
2024-02-28,317.7366943359375,320.7872834080509,316.3067361632419,320.0246506863093,12977628,-0.8330839459753658,0
2024-02-29,319.9293212890625,320.31063765823603,315.1627939429578,317.7367012543099,13149469,0.6900767183052325,0
2024-03-01,327.46038818359375,328.27070355074267,319.3572926972457,319.9292817265609,13027254,2.3539783300220884,0
2024-03-04,337.3271789550781,341.5693712507195,329.60539808383936,331.75033559848475,38075510,3.013124984739357,0
2024-03-05,341.52166748046875,343.1422983351302,337.04112035939727,338.32808849779633,15918221,1.2434481379127726,0
2024-03-06,335.515869140625,342.6656601088789,328.89038453968016,342.6656601088789,13120921,-1.7585409394814455,0
2024-03-07,335.75421142578125,337.37481333321415,333.3709476566958,335.5635386872243,9172926,0.07103755949509072,0
2024-03-11,331.70263671875,336.65980750986506,330.5110049286878,335.80183843953483,10664917,-1.2067085293811286,0
2024-03-12,328.6520690917969,333.132616551108,326.55478536774166,331.7503119476296,9637912,-0.9196693933849254,0
2024-03-13,307.44097900390625,328.41369695145954,304.581062920149,327.79405428515963,23722232,-6.4539651755443845,1
2024-03-14,306.82135009765625,311.68321347659827,301.72116036771286,306.0586883189086,20859127,-0.20154401936188782,0
2024-03-15,301.530517578125,310.8252461897208,291.473156204659,307.5840133129101,43285007,-1.7244016812543395,0
2024-03-18,302.3408203125,307.8223266982901,300.24356575956807,302.29316667660964,13690352,0.2687299252106534,0
2024-03-19,298.8135681152344,303.0557593894037,295.61998943278036,299.6238543738199,13388060,-1.1666476903845924,0
2024-03-20,299.0042419433594,302.6268200285703,293.9040520804449,301.24451551969446,10026655,0.0638102979485522,0
2024-03-21,309.82427978515625,311.11124799662485,302.1978359750601,302.4361623441256,23370426,3.6186904143809873,0
2024-03-22,309.5859680175781,311.96923182063875,306.15406232265565,309.34764163727203,14709219,-0.07691836409443598,0
2024-03-26,313.73284912109375,314.87679827740845,305.1530995321445,305.1530995321445,11208959,1.3394925907236788,0
2024-03-27,316.1161193847656,318.4993832083954,311.06358262312494,316.49743577803116,45209520,0.7596495777692613,0
2024-03-28,320.1199951171875,324.1238901025438,314.8768145419993,316.4021092551149,19868037,1.2665838553928666,0
2024-04-01,326.3641052246094,328.3183696319286,320.45360018516277,323.1705263580144,8580656,1.9505529809645594,0
2024-04-02,328.69976806640625,329.4624300224256,324.83889191979824,326.9838295773758,9745257,0.7156616810508165,0
2024-04-03,334.8485412597656,337.56546762658024,326.0304657959853,328.270739435028,21679943,1.870635087310779,0
2024-04-04,338.0897521972656,345.7638780752732,336.1831414090757,338.42341490371325,28962927,0.9679632843272667,0
2024-04-05,337.9944763183594,341.4740649034834,335.13455962433545,339.75809743152286,11208130,-0.028180646791875485,0
2024-04-08,346.5265197753906,348.9097833226767,336.75513923151783,338.99541278448123,11447140,2.5243144651259986,0
2024-04-09,345.95458984375,349.7678121712481,343.523672247001,347.956537384202,10010148,-0.16504651130635484,0
2024-04-10,345.5732421875,351.15008515579945,344.4769466859719,347.09853679911845,12886638,-0.11023055263473802,0
2024-04-12,344.8582458496094,357.01289031286444,344.14326676353556,345.5732249356832,30924494,-0.20690153362703523,0
2024-04-15,344.2862548828125,348.9097920993652,336.3261486161293,338.9000849489736,18126999,-0.16586263303279836,0
2024-04-16,342.4750061035156,345.0489426298416,338.0421412793547,344.14329075398507,15328939,-0.526088030994265,0
2024-04-18,334.75323486328125,344.38162664473583,332.8943065141011,342.7609955882007,22966560,-2.2546962851649366,1
2024-04-19,334.1812438964844,335.94486495601234,326.98379873911165,327.07913511119517,12867942,-0.17086943671522636,0
2024-04-22,326.8884582519531,338.42346090701733,325.93515272827136,338.42346090701733,37382916,-2.182284547001767,1
2024-04-23,330.94000244140625,332.36996070840866,327.93709589921633,329.84370692188617,14651106,1.2394271156341397,0
2024-04-24,335.2298583984375,336.65981658505893,331.0829738387206,333.4662374830896,11132307,1.2962639527963393,0
2024-04-25,342.4273376464844,343.7619594905899,332.7989465476369,334.61022112839254,19865014,2.147028096611936,0
2024-04-26,339.37677001953125,344.52461408333477,338.42346448576853,343.8573176652465,10986589,-0.8908656791013825,0
2024-04-29,346.0498962402344,346.66953899625423,340.28240960659383,342.9039997296259,13652173,1.9662884470021513,0
2024-04-30,346.2405700683594,348.38550744850943,342.5226553353725,347.908854697365,14566548,0.05510009689255746,0
2024-05-02,351.8173828125,355.20163478991424,346.2405689167192,346.2405689167192,27892188,1.6106757053454324,0
2024-05-03,347.9088439941406,362.63739609584326,343.52363300000525,354.9156159463444,26844664,-1.1109567091636352,0
2024-05-06,340.1393737792969,351.6267219362613,337.85144651205155,350.62573375569707,15319437,-2.23319135140313,1
2024-05-07,332.8466491699219,341.71240883194895,330.6540578956733,341.52173607219754,10028071,-2.14404011165934,1
2024-05-08,338.8524169921875,341.7599868330971,329.081036615509,329.081036615509,9595776,1.8043648140196877,0
2024-05-09,329.8913269042969,341.28333823954534,328.74737786294804,339.8533801184299,9043486,-2.644540702242426,1
2024-05-10,338.9001159667969,339.71043148593594,331.3213253651082,331.41666173663793,11699095,2.7308353775282734,0
2024-05-13,334.5149230957031,339.3767873851862,330.32038435103095,338.90013459391486,10691781,-1.2939484716857907,0
2024-05-14,339.1860656738281,340.5683702060254,333.9428857266395,334.18121208787534,10891985,1.3963928828336858,0
2024-05-15,344.4769592285156,346.5265603003602,339.99641159860573,340.80672711796086,8538183,1.559879396630448,0
2024-05-16,344.5722961425781,346.86022360062486,336.5645064005505,346.86022360062486,13114162,0.027675846383456992,0
2024-05-17,348.385498046875,349.3864571602361,343.5236342978903,345.52558161718684,8509179,1.1066478492278486,0
2024-05-21,354.6296691894531,356.63161668887676,348.2901930184259,349.86314137776696,10939593,1.7923166083503306,0
2024-05-22,356.3932800292969,359.7298494013384,353.29503704097255,357.489575575881,14001806,0.49731057299144954,0
2024-05-23,354.9156494140625,358.06157522703177,352.24640547509796,357.53723971191505,15370357,-0.41460675552381643,0
2024-05-24,357.44189453125,360.4924545534,351.4837353951282,355.5829372437504,13317821,0.7117874687571968,0
2024-05-27,352.3893737792969,362.7327443175096,350.8164255160146,362.2084379272739,21891930,-1.413522261731237,0
2024-05-28,348.3377990722656,355.82125253279617,347.0985136475597,355.2016098204432,10200096,-1.1497437234213481,0
2024-05-29,347.5751647949219,349.2434492935744,343.18995400852066,344.61991215022283,18146672,-0.21893526323438772,0
2024-05-30,342.90399169921875,347.76582635765067,340.4730452774284,347.0031936131131,14425073,-1.3439317790323813,0
2024-05-31,342.2366638183594,349.5294448472274,338.90009467249797,346.47888479798434,30515612,-0.19461070649907652,0
2024-06-03,373.5050964355469,374.83974745667666,356.0119631676685,367.02263044395676,39261174,9.136494105664571,0
2024-06-04,315.78240966796875,373.6003756120576,299.2902380981873,373.6003756120576,84042244,-15.45432373438549,1
2024-06-05,325.0771484375,326.26878021329725,300.5771874900787,324.12384301686217,46418629,2.9433997857272187,0
2024-06-06,333.4185485839844,342.9516021532191,328.89034813859786,331.5595915009553,33171039,2.5659755496742154,0
2024-06-07,343.761962890625,345.0965847479308,331.4643279819346,335.5635299206399,23930193,3.102231219759277,0
2024-06-10,347.8612060546875,352.8184067893911,344.9059528894826,347.95654243277374,16072588,1.1924656031146563,0
2024-06-11,350.24444580078125,354.5820034165549,347.8611819764801,351.53141408441905,11235777,0.6851122529941023,0
2024-06-12,353.9623107910156,356.53624720734973,348.3378143140135,352.29402621183687,12134524,1.06150576684636,0
2024-06-13,352.67535400390625,358.82415654637947,350.768743151808,358.82415654637947,11243702,-0.3635858247826862,0
2024-06-14,351.24542236328125,353.53334973988905,349.0051486245418,352.7230342481014,10298434,-0.4054526703924921,0
2024-06-18,352.3893737792969,354.8679739085229,351.48375100592835,354.43897479463897,10228382,0.32568436289326375,0
2024-06-19,345.5732421875,353.5810025327781,344.66759032956486,352.5323606690045,8337334,-1.9342613878209236,0
2024-06-20,340.9497375488281,347.86120305816195,340.377748377816,345.57327546669114,14338604,-1.337923216914827,0
2024-06-21,342.9992980957031,346.0022336145044,340.09172803544317,343.14231719094073,17931844,0.6011327539389821,0
2024-06-24,345.81158447265625,347.6228591792907,338.947772950848,340.9020667624763,9335598,0.8199102425476168,0
2024-06-25,344.00030517578125,347.67053727259895,341.0450522240874,347.24153814849427,14983828,-0.5237763505340887,0
2024-06-26,348.004150390625,349.7677713296745,342.8563066681199,346.04988581300825,15918394,1.163907460139546,0
2024-06-27,359.5391845703125,363.30475315295075,347.0985587035007,348.00418152601213,55378829,3.3146254625813443,0
2024-06-28,360.6831359863281,371.3124863231485,359.11018775495035,360.30181961092967,25141039,0.31817155545446063,0
2024-07-01,352.48468017578125,364.16267160824464,350.62572296378863,363.92434525248007,23389211,-2.2730355241387445,1
2024-07-02,353.1043395996094,355.20162326666025,348.0994858916041,355.20162326666025,13702830,0.1757975477172824,0
2024-07-03,355.2492980957031,356.7745927543169,351.4360759954566,353.2473506745585,9207317,0.6074574157105994,0
2024-07-04,355.5353088378906,363.0664167018712,354.3913305655444,356.4409316353034,14916930,0.08050986834333695,0
2024-07-05,362.0654296875,363.4477343469648,353.67635263665295,356.8699319897579,15946104,1.83670107786309,0
2024-07-08,359.82513427734375,363.44768315437824,358.5858198038315,363.06636681351756,8898299,-0.6187542986608396,0
2024-07-09,359.4438171386719,362.4944062908382,357.5372061917115,361.4934471807137,8355819,-0.105972902487117,0
2024-07-10,363.5907287597656,365.8786562474587,352.7230513737911,361.11212852619127,17715196,1.153702309892246,0
2024-07-11,359.4914855957031,365.4019618410836,357.10822200662074,364.54399276752855,19873143,-1.1274333583931928,0
2024-07-12,359.5391845703125,361.68412207097504,354.62966677620034,361.2551520263886,16151583,0.013268457396242717,0
2024-07-15,367.6422424316406,370.7881678846579,359.3008197110679,360.92145061952294,22951140,2.2537342824015427,0
2024-07-16,362.6850891113281,370.5975131242828,362.2560899992989,368.59556575577164,11893034,-1.3483633674751694,0
2024-07-18,360.11114501953125,365.0206624223283,356.7269222030353,365.0206624223283,15709153,-0.7096911808819328,0
2024-07-19,347.6228332519531,360.34946707428185,345.9545486821648,360.1111407071692,13330099,-3.4679048233569154,1
2024-07-22,356.0596008300781,359.6344964207415,345.4302504256871,347.71817778519676,18715538,2.4269889003551537,0
2024-07-23,364.5916748046875,367.6422347373944,344.6675679636162,359.1101685601744,49882257,2.396248817534663,0
2024-07-24,374.2677001953125,376.5556273021785,363.87667731105785,366.16460441792384,36868466,2.6539348151074726,0
2024-07-25,373.8387756347656,377.7949879547969,368.2142785575158,372.6948263996479,25973101,-0.11460368082071293,0
2024-07-26,377.7949523925781,380.84554158422503,371.5031594602401,376.50801326078374,20381410,1.0582574670310763,0
2024-07-29,375.5069885253906,389.2345803675826,374.31535678400985,385.1353788142615,27751449,-0.6056099618848343,0
2024-07-30,387.94769287109375,393.4291996092578,378.4622913132404,378.4622913132404,34447139,3.3130420274087413,0
2024-07-31,396.5751037597656,397.90972569428806,389.47296586549896,390.3786177635193,29727771,2.223859310728926,0
2024-08-01,403.6772155761719,404.53518468632683,396.1937617687037,400.29296367976303,28803487,1.7908617432294882,0
2024-08-02,400.1023254394531,406.3941183938803,394.0488297647423,396.813409864805,24233263,-0.8855813503410803,0
2024-08-05,393.9534606933594,396.241387858908,385.7550283486189,388.61494457869776,42489503,-1.5368230462895038,0
2024-08-06,395.62176513671875,405.1071660824479,393.9534805849374,393.9534805849374,18230579,0.4234775448915151,0
2024-08-07,399.9935607910156,404.50947401123557,398.74449338399705,404.50947401123557,15556736,1.105044271966693,0
2024-08-08,391.7304382324219,400.66614631340633,389.9048376091993,400.04161262124416,16447385,-2.0658138951669236,1
2024-08-09,394.5648498535156,400.04159280751026,392.21083385008035,397.59145861347866,10954753,0.7235617517707515,0
2024-08-12,385.14874267578125,393.94033202606795,384.42812011719695,393.94033202606795,26254763,-2.3864536289104676,1
2024-08-13,380.6808776855469,388.6557553747369,379.52786989622024,387.21451029918165,11355664,-1.1600362392966246,0
2024-08-14,380.82501220703125,384.3320361726653,378.2307592339828,383.275117208749,9424614,0.03786229619955339,0
2024-08-16,382.4584045410156,385.2448352520981,377.8944616261004,382.4584045410156,13844122,0.4289088903373761,0
2024-08-19,387.31060791015625,391.53825436276065,385.72524415570547,386.5419262591875,10677045,1.268687865537621,0
2024-08-20,390.3372497558594,392.2108802835712,387.31064063757884,388.7038267664588,10126083,0.7814508004400533,0
2024-08-21,392.9314880371094,393.65211062478795,389.32837509871626,391.5382726387141,9726854,0.6646145821011418,0
2024-08-22,387.5508117675781,393.98835559622273,386.4938928338584,393.7481480804777,10445288,-1.3693675445585751,0
2024-08-23,386.20562744140625,390.0008883206909,383.8996120002865,387.5507835672566,11513586,-0.3470988281605303,0
2024-08-26,398.6003723144531,399.6572912874761,386.20566990553044,386.68608495488564,13772637,3.2093641294564934,0
2024-08-27,393.6040344238281,399.89748900943385,393.07558961137426,399.22489622794086,8441188,-1.2534704525271834,0
2024-08-28,393.02752685546875,398.1679735741486,391.39413333623094,393.98835692168154,15884745,-0.14646891747521762,0
2024-08-29,393.84423828125,396.43849118894053,387.9351392384066,393.0275268605173,19014705,0.2078000572416805,0
2024-08-30,399.8974609375,402.77995096062796,395.38154817238427,396.5345559105174,22633988,1.5369585404287012,0
2024-09-02,393.9403076171875,402.68386665069295,391.730410303339,401.43477003321783,11107165,-1.4896702035433917,0
2024-09-03,390.4813232421875,395.4295920945257,389.7126709373954,394.4207322792103,7538160,-0.8780478433197736,0
2024-09-04,389.2322692871094,392.25887815923033,384.235941167711,384.3320300396623,11052003,-0.3198754666950965,0
2024-09-05,387.4547119140625,392.4029807337067,386.10955572846103,389.4724608535676,14246871,-0.4566829405749262,0
2024-09-06,379.335693359375,388.79987524995437,377.3179737049684,387.4547190396146,17956121,-2.0954754981759804,1
2024-09-09,374.5795593261719,377.36596029779395,370.20776549006223,375.8766856142968,12293356,-1.2538060921931882,0
2024-09-10,380.7769470214844,383.75552611864373,374.48352175865654,374.8198181493725,15852309,1.6544916936900966,0
2024-09-11,374.387451171875,383.659455984709,372.3216722740221,383.37121867699307,11492592,-1.678015410226208,0
2024-09-12,388.9920654296875,390.3372216830461,375.3482665059757,375.68456289986716,24028069,3.9009358385539983,0
2024-09-13,385.67718505859375,391.3460766192792,383.7074951397629,388.9920605360675,12017217,-0.8521717190894562,0
2024-09-16,394.99725341796875,395.8619946291736,386.25369378865963,386.6860790553656,11479712,2.416546459173885,0
2024-09-17,399.9935607910156,401.2906872965858,394.03643173619383,395.7178844191384,14432501,1.264896737841359,0
2024-09-18,397.92779541015625,403.3084500422854,396.8228466169479,402.1074123709266,10303840,-0.5164496590330581,0
2024-09-19,407.3439025878906,414.9344539537507,404.0770570310093,407.391932360466,59601773,2.366285362908349,0
2024-09-20,407.3439025878906,413.0127938954466,400.2337369144011,411.28328224964963,36084164,0.0,0
2024-09-23,411.5715637207031,413.63734249357003,408.35277714231654,410.7548523019772,14139629,1.037860418666825,0
2024-09-24,411.3313903808594,414.550177226684,410.27447135835155,414.550177226684,12539885,-0.05835518316001931,0
2024-09-25,419.0179748535156,419.8827160014345,408.97728948112103,411.3313347436495,19443168,1.8687084556175293,0
2024-09-26,417.5767822265625,420.7955690408733,413.6854025893657,420.7955690408733,20041825,-0.3439452991144232,0
2024-09-27,419.7866516113281,425.16730586639505,416.51983523860395,418.92191041299037,53885913,0.5292127050221529,0
2024-09-30,425.83990478515625,430.88426272411255,416.6159301180519,419.7866576650844,20903229,1.4419832432958524,0
2024-10-01,422.8612976074219,430.21164139495494,421.61220098827306,428.53018886018964,15984996,-0.6994664295815856,0
2024-10-03,418.29736328125,425.1672921946432,415.0785767866347,415.0785767866347,13563784,-1.0792981887902564,0
2024-10-04,413.5893249511719,422.1407069080299,409.60185661044045,415.94334108393554,18347292,-1.1255242665521137,0
2024-10-07,399.1768798828125,416.03943654026097,393.0275437371532,413.73345014674265,23431004,-3.484723661584088,1
2024-10-08,404.4613952636719,410.94699768405394,395.1893624197327,397.7836151167672,18706355,1.3238530704510643,0
2024-10-09,402.0593566894531,408.112574434227,400.6661413515542,407.82433714055463,13916492,-0.5938857459196645,0
2024-10-10,406.14288330078125,413.0608422281992,404.02904541278286,404.22122315613063,15866037,1.0156526750059403,0
2024-10-11,405.9507141113281,409.93815313105705,403.1643127073131,407.3439294744393,8639087,-0.04731566090517836,0
2024-10-14,407.8723449707031,409.3135900059353,403.5486098650066,407.96843383749297,8483177,0.47336555709271977,0
2024-10-15,409.89013671875,410.4666406575297,406.95958724754024,409.9381664960615,9365964,0.4947115863400464,0
2024-10-16,407.6321716308594,412.58044080212534,404.7496813187967,408.6410315111982,6219440,-0.550870803080572,0
2024-10-17,401.3867492675781,408.92927094710126,400.28180058586076,407.0556406399501,11968387,-1.5321220448068384,0
2024-10-18,408.30474853515625,409.26557860176706,398.2160328357425,401.3387305522277,8828971,1.723524575786728,0
2024-10-21,408.3527526855469,411.95586520924286,402.68386151270613,409.3616124632998,9139781,0.011756941491092299,0
2024-10-22,399.465087890625,409.60183305229253,397.2551905343637,406.2869870179006,14242323,-2.1764674626219227,1
2024-10-23,392.3069152832031,398.50428111257094,385.9654601265195,397.7836585427471,22522821,-1.7919394771694797,0
2024-10-24,395.7658996582031,398.9846862546203,390.86566044060453,393.21970583914117,9400171,0.8817036458567129,0
2024-10-25,383.2751159667969,391.53826058217504,376.2610680582568,386.73411014558394,19642277,-3.1561040762212444,1
2024-10-28,388.07928466796875,390.5774488770113,382.2182149950405,383.2751340052749,11716022,1.2534517637685871,0
2024-10-29,396.006103515625,398.07188228097175,388.60772964412655,392.9794946899117,20284308,2.04257716420968,0
2024-10-30,392.49908447265625,398.55230219830895,389.9048315489726,397.9277685158538,12264297,-0.8855972197990059,0
2024-10-31,394.57757568359375,396.9944419189493,390.08221038638476,395.3993161041669,12204072,0.5295531360869354,0
2024-11-01,397.6711730957031,401.63483959064007,396.70442660926784,398.29955241133376,2145479,0.7840276799181423,0
2024-11-04,387.61700439453125,400.523046015224,380.60809256936017,400.0880278104904,13866505,-2.5282618860463013,1
2024-11-05,389.6955261230469,390.66227263811135,383.94337255730824,386.6986060257945,6665326,0.5362307909484887,0
2024-11-06,395.3026428222656,397.1394552943553,389.7438503787435,393.1758181977058,9700643,1.4388455405177858,0
2024-11-07,390.3722229003906,397.2361289158033,388.63209101040394,397.2361289158033,7589295,-1.2472519502207846,0
2024-11-08,384.4267578125,390.758965385453,382.396584166952,389.7438638112974,7536509,-1.523024626013847,0
2024-11-11,379.496337890625,387.5686773026435,378.77127799438557,384.91012434976545,12243693,-1.2825381744836162,0
2024-11-12,367.6536560058594,381.671479259083,366.4452229667883,380.07635354806126,10549517,-3.1206314007116487,1
2024-11-13,368.6687927246094,374.71095849791567,366.7352996771514,371.2306651119387,20602407,0.27611223284933484,0
2024-11-14,360.1130676269531,372.3907598545337,359.00131506369064,367.4119918274149,15086601,-2.3207077101443874,1
2024-11-18,354.5059509277344,367.3636674887354,350.5906099278422,367.3636674887354,16383636,-1.5570433853367538,0
2024-11-19,354.5059509277344,365.91354774864834,352.9107956114292,355.76270956803853,17055094,0.0,0
2024-11-21,344.3067932128906,352.2341270769762,343.00167941172515,351.6057476920491,21276150,-2.8770060666549524,1
2024-11-22,353.2975158691406,354.8926416739167,343.87173761038196,345.17682176707785,15949254,2.611253345411302,0
2024-11-25,356.1494140625,364.6568011878135,355.27934809017864,361.5632005053791,18388844,0.807222826445142,0
2024-11-26,349.6238708496094,358.0829028461915,348.2704316307087,357.6962101411859,11222231,-1.8322487571874713,0
2024-11-27,357.0195007324219,359.24303557144066,349.333883111466,351.7023945343867,14225274,2.1153103376038374,0
2024-11-28,350.01055908203125,359.48469249879605,347.6420478549115,357.406193421034,16837860,-1.9631817410566743,0
2024-11-29,351.5573425292969,353.2491488258794,348.2220849605476,351.17064984777295,14280017,0.4419247954468464,0
2024-12-02,346.28863525390625,351.7990730343275,345.1285275618364,351.5573863903766,12510350,-1.498676499681284,0
2024-12-03,355.23101806640625,357.6962098738917,346.288612819559,347.0619982289922,14205760,2.5823494917594614,0
2024-12-04,360.3547668457031,362.6749526029096,355.76272085638834,356.6811418553563,22035954,1.4423708850613615,0
2024-12-05,356.8744812011719,361.51488231902454,352.2824351122292,360.35477466387056,18758283,-0.9657942574189504,0
2024-12-06,357.2128601074219,358.8563410889947,355.8110657700354,357.16453457969027,9736086,0.09481734449352519,0
2024-12-09,357.5511779785156,360.8864355064634,355.5210045469004,358.56624994294316,10878679,0.09471043987385741,0
2024-12-10,356.8744812011719,358.85632932016296,354.21592820231035,356.72947511996847,7913822,-0.189258718477614,0
2024-12-11,353.3458557128906,358.42127498099643,352.5724702921891,356.9711551901091,9998662,-0.9887581416313518,0
2024-12-12,343.77508544921875,354.7959904228358,341.26153847210094,353.8292438549262,22538216,-2.7086125700731434,1
2024-12-13,345.27349853515625,346.385251083718,336.47609968944107,343.9200593672219,14269143,0.4358701806384424,0
2024-12-16,341.1648254394531,346.9653042947663,340.00474737004714,345.27349796196665,12168143,-1.1899763848469136,0
2024-12-17,337.4428405761719,342.0832412929004,335.70270874662407,340.29475443862253,15646176,-1.0909638349988038,0
2024-12-18,330.3856506347656,339.3280566870599,328.6938440843316,337.92626231559433,14672392,-2.0913734395301864,1
2024-12-19,326.1802978515625,329.27389878131925,323.9084374346566,325.79360511103414,14513129,-1.2728618131941927,0
2024-12-20,322.16827392578125,332.46411833973616,319.99309428187127,326.56695873791665,20375797,-1.2300019198606016,0
2024-12-23,322.55499267578125,327.00203287410466,319.5097468289478,324.7301724953429,8884187,0.12003626095382636,0
2024-12-24,324.1500549316406,325.64852954780747,320.7181170253142,323.956723354004,7755462,0.4945086239798613,0
2024-12-26,323.5216979980469,326.1802507717542,321.2015123869999,324.15007729855284,9030212,-0.1938475480827151,0
2024-12-27,323.8600769042969,328.69380939540576,323.08669150682414,325.45520272581047,9090597,0.1045923374981994,0
2024-12-30,320.3797607421875,325.60018555941105,316.5127750253168,323.8600537879231,36657549,-1.0746357486779212,0
2024-12-31,322.26495361328125,323.4733867455474,315.35272199727143,319.12302746938934,8580998,0.5884244581263687,0
2025-01-01,322.55499267578125,323.5217392622531,317.86626583083984,321.9266132951274,7843971,0.09000018750038308,0
2025-01-02,326.7602844238281,327.3403381665524,319.02631319486176,322.55493166752586,16543382,1.3037441191536159,0
2025-01-03,328.5487976074219,333.04416284542174,325.84188975781973,326.8086362392288,8689629,0.5473471743199898,0
2025-01-06,316.6094970703125,330.3373099657643,315.594424987681,330.3373099657643,10538077,-3.6339504585177207,1
2025-01-07,317.67291259765625,319.3647190088551,314.28929977525866,316.1261122640077,13891401,0.33587606726388497,0
2025-01-08,314.57928466796875,319.5096973967305,311.147346618064,319.5096973967305,8993608,-0.9738406414290912,0
2025-01-09,309.6972351074219,315.11102119701246,309.1655068514849,313.2741793163801,12403467,-1.5519297673080357,0
2025-01-10,297.9996032714844,310.3256209250494,297.37122395832546,309.6972416118905,15941143,-3.7771185887016556,1
2025-01-13,288.2838439941406,299.6431163894061,286.97873020136575,291.08740319539794,29630336,-3.260326245633449,1
2025-01-14,300.0780944824219,302.30162903614274,290.2172983184006,290.4589849327554,22732888,4.091193708559326,0
2025-01-15,310.66400146484375,313.51588600969205,302.15661434988056,302.15661434988056,21894626,3.527717343273773,0
2025-01-16,314.6759948730469,316.41612682239185,310.95401483958733,313.90260945172975,14865186,1.2914252662959758,0
2025-01-17,315.30438232421875,318.0596159005053,312.59750377723475,314.48264185371033,7129232,0.19969348199737613,0
2025-01-20,324.8751525878906,325.79357357265724,313.7575677330373,315.3527230752912,17991880,3.035406673742491,0
2025-01-21,313.5158996582031,327.00202605954723,313.03252637504045,326.56697830359525,12774630,-3.496497912875751,1
2025-01-22,311.6790771484375,316.12611711234416,306.7970189452083,316.12611711234416,11068145,-0.5858785827985602,0
2025-01-23,312.8875427246094,314.289337147395,308.9238756179287,310.3256700407143,6477347,0.3877275264121627,0
2025-01-24,312.8875427246094,318.92970919736473,311.38909724047244,313.9992954550431,7492600,0.0,0
2025-01-27,311.4857482910156,314.24095233932104,304.52516137281737,312.88751307821667,13803855,-0.44801861441557955,0
2025-01-28,307.6670837402344,313.0808702187769,297.90293786866414,311.77575650031605,22008929,-1.2259516115047275,0
2025-01-29,310.56732177734375,312.16244764623127,302.8816750871184,309.35888861867704,16056888,0.9426546388557,0
2025-01-30,312.2591247558594,315.9327497165881,310.4706378002037,311.5340648686554,10375720,0.5447459728968207,0
2025-01-31,315.6691589355469,317.8613058725993,309.384992489505,314.159025160958,13195557,1.0920526925686014,0
2025-02-01,309.5311584472656,322.2943012327426,308.60557340577117,317.66643549106175,10097627,-1.94444098022718,0
2025-02-03,303.2469787597656,305.97497181609333,296.1833945155622,302.1265541020915,15881217,-2.0302252345204885,1
2025-02-04,310.8951416015625,312.2104356494708,302.3213939161228,306.75441980108087,12141064,2.5220903677513062,0
2025-02-05,311.3822937011719,314.7435677661699,310.21313679767115,312.7462902666593,12226722,0.15669337806305528,0
2025-02-06,304.7571105957031,314.4025803942938,303.3931140758996,314.3051457001162,13384442,-2.127668541046468,1
2025-02-07,308.8004455566406,311.0412949899565,304.07514507380057,305.4391416737709,8937447,1.3267401548183955,0
2025-02-10,302.5162658691406,308.7029973818034,301.0548346330578,308.36199081347183,6806132,-2.0350293459493574,1
2025-02-11,297.74224853515625,304.31868877557804,296.3295198496121,304.31868877557804,13241830,-1.57810269152584,0
2025-02-12,298.3755187988281,299.5933780592315,292.2862224968112,298.32681632156886,7616083,0.2126907641718523,0
2025-02-13,298.8139953613281,300.6651357094654,295.3065543300232,298.2781193836465,9086906,0.14695460413949313,0
2025-02-14,292.6272277832031,300.32409232941427,290.678652974902,298.96009591018185,7446248,-2.0704410349468128,1
2025-02-17,294.5758056640625,295.40395591280685,285.2713430176396,289.8505057580668,6464173,0.6658908316976575,0
2025-02-18,303.1982727050781,304.36739982991213,289.8505224664086,293.40666578706475,15793327,2.927079167814872,0
2025-02-19,306.7056884765625,308.2158519185008,302.61369887807547,303.19827731582916,13079903,1.1568059871159164,0
2025-02-20,316.7895812988281,318.7381563395503,303.4905625924784,304.5135525956993,22888146,3.287807563124545,0
2025-02-21,317.8612976074219,321.27130386527926,313.28213445371256,314.98713758264125,10809296,0.33830541528536706,0
2025-02-24,311.86944580078125,317.0331578414788,311.2361648498121,313.81802087016086,6034113,-1.885052333122017,0
2025-02-25,310.5054016113281,313.23339439721417,307.6312419313231,311.86939800427115,10686112,-0.4373766676471602,0
2025-02-27,307.58258056640625,311.08999183623087,306.4134236545345,307.24157398936904,7302366,-0.9413108531298509,0
2025-02-28,303.44183349609375,307.5338228829829,298.66780127871704,305.92625456195884,21127180,-1.3462228786452757,0
2025-03-03,306.31597900390625,309.62855050272066,299.7882707012502,303.2956818571158,9779703,0.9471816969658153,0
2025-03-04,305.6827087402344,306.80313343923706,300.0805555123257,303.29569242822816,8734999,-0.20673758702735023,0
2025-03-05,317.8125915527344,318.8842840068403,305.4391285201632,305.48783100157,10493615,3.9681285416794054,0
2025-03-06,329.21173095703125,330.08858373555825,314.889722953373,320.54057839978606,26294903,3.58674882848542,0
2025-03-07,321.076416015625,330.0398724142012,320.2482954726346,327.2144447666804,8992315,-2.4711497727485487,1
2025-03-10,320.9302673339844,326.3375803064068,317.90997041239154,320.9789995442844,11383132,-0.04551834839016111,0
2025-03-11,321.80712890625,324.6812887417573,315.3768556012048,318.59199225372737,10299324,0.2732249530559505,0
2025-03-12,321.6610107421875,326.1914416503799,318.0074326335009,322.48916106006874,6984859,-0.04540550874653215,0
2025-03-13,323.3659973144531,325.9478530992446,320.0047234661789,323.46343200561176,8965150,0.5300569591358384,0
2025-03-17,323.1224365234375,325.8991617856791,322.00201186895947,324.38902808610794,4353561,-0.0753204706241184,0
2025-03-18,323.1224365234375,323.1224365234375,323.1224365234375,323.1224365234375,0,0.0,0
2025-03-19,332.5243225097656,335.057476037498,327.7016170699998,330.28347308113456,30582397,2.9096976636737493,0
2025-03-20,332.9627685546875,335.83692870603574,331.5500397210629,335.83692870603574,15002119,0.13185382699607562,0
2025-03-21,342.2671813964844,344.75163232158565,332.96274781308057,333.20631968419474,36406837,2.794430404992454,0
2025-03-24,357.5148010253906,358.53779098150085,344.5567597615945,347.82062875107556,24588471,4.454888010791569,0
2025-03-25,357.5148010253906,361.89909466511006,354.78677825427314,359.51207845699406,23189083,0.0,0
2025-03-26,345.5310363769531,359.51206715743194,344.21574237979854,357.5147897886035,18668095,-3.3519632233593666,1
2025-03-27,351.37677001953125,355.0790802443258,341.97490188300185,344.8003295987043,37930538,1.691811451692815,0
2025-03-28,348.4051818847656,354.9328896568477,347.2847573158828,352.6920405190821,11327077,-0.8456985174633003,0
2025-04-01,343.0953369140625,353.5689275309925,341.82877505819636,343.2902063070703,18736320,-1.5240430529702476,0
2025-04-02,342.7055969238281,344.3618974161904,338.12643419757393,343.09530594176863,13593404,-0.11359524549061639,0
2025-04-03,349.6717834472656,352.058799753951,342.7056336564081,342.7056336564081,10317410,2.0327028755780185,0
2025-04-04,341.39031982421875,349.6230607492348,339.5878820777657,349.6230607492348,10872963,-2.368353414565927,1
2025-04-07,340.8057556152344,342.3646215618517,315.66915000777334,319.5663000078693,18025165,-0.17123045822897698,0
2025-04-08,343.8747863769531,349.03849825419917,341.00062634743813,347.6745016953884,17506712,0.9005219868363001,0
2025-04-09,340.36737060546875,345.6772200546697,339.2469458397032,344.89780188706686,7462119,-1.0199688696104547,0
2025-04-11,350.8409423828125,352.204938966116,341.97491999199644,341.97491999199644,11246077,3.0771374349758185,0
2025-04-15,353.17919921875,358.9762214163254,352.25361425177806,357.5634927262931,17497327,0.66647205427528,0
2025-04-16,350.0614929199219,353.66636862551644,348.6974963428764,353.1792248670791,11541484,-0.8827547901248511,0
2025-04-17,354.640625,356.05335366856923,348.0641848385989,350.0127597012363,12288196,1.3080936271747001,0
2025-04-21,355.1764831542969,358.732656184675,352.497192627948,356.3943424844555,7375594,0.15109892001146097,0
2025-04-22,350.987060546875,357.6122034398902,350.4512143323274,357.6122034398902,12077119,-1.1795326566150788,0
2025-04-23,354.44580078125,354.8842420743632,348.6975101506468,353.6176801454308,9719205,0.9854324056806973,0
2025-04-24,353.8612060546875,357.0276401984787,352.3023402219348,354.39705224740277,7491123,-0.16493205033716318,0
2025-04-25,347.2847595214844,356.3943230274272,342.0723159263955,353.861199545306,9785640,-1.8584819190908375,0
2025-04-28,352.20489501953125,353.56889143264124,344.60546519442426,344.60546519442426,5315840,1.416743857353886,0
2025-04-29,347.7719421386719,354.98166383970954,344.99521676024034,354.64065726114853,9472828,-1.2586289808986129,0
2025-04-30,345.4336242675781,351.7177905909625,342.9492030139025,347.8206405567136,16739088,-0.6723710534880856,0
2025-05-02,339.7340393066406,348.7949005277519,338.66231718525614,345.4335969954307,8221620,-1.6499797820847095,0
2025-05-05,339.6366271972656,342.94919873850176,336.66503249345936,341.97491124208557,9492646,-0.02867304953422245,0
2025-05-06,333.0114440917969,340.5134694755459,331.25773854559543,340.02632574239055,8904223,-1.9506680301652923,0
2025-05-07,333.2550048828125,334.8626029351123,328.33486523462,329.3091526685506,8465490,0.07313886514617174,0
2025-05-08,331.2577209472656,334.2780178789515,329.6988551374059,332.28071083938704,14286109,-0.5993260134980471,0
2025-05-09,326.1427307128906,330.0398805944487,322.09944365735294,325.606884497334,11322011,-1.5441120043174106,0
2025-05-12,339.5878601074219,340.22117070136795,329.4065746552159,331.6474237736826,7978210,4.1224679038967205,0
2025-05-13,332.7191467285156,340.80572024633017,331.74485932960346,339.6365932073706,14738980,-2.0226616395337182,1
2025-05-14,329.8450012207031,335.0087424971646,329.06558316114706,333.64474602649494,22485535,-0.863835320591777,0
2025-05-15,333.1576232910156,334.9113289019259,324.09673168025927,330.7706070173203,43307763,1.0042965811375204,0
2025-05-16,334.2780456542969,338.6623393840688,333.20632346266257,334.18061095816745,6920351,0.336303984946662,0
2025-05-19,336.27532958984375,338.759780590867,333.59603892571175,334.27805207883074,6218209,0.597491807048689,0
2025-05-20,333.7908935546875,340.708340546268,332.76787387026775,337.980317787376,9986143,-0.7388100810685527,0
2025-05-21,337.2496032714844,338.4674626143201,331.11160407675004,333.74216241753874,5930972,1.0361905562981555,0
2025-05-22,332.62176513671875,338.0777813881208,329.5527652868353,337.24963102027374,8717514,-1.3722293784405815,0
2025-05-23,335.7394714355469,336.08047800000486,331.4038802579263,333.2063180418661,4045937,0.9373127755324839,0
2025-05-26,334.667724609375,342.16974954326605,333.742139678725,341.9748801685317,16655082,-0.31921978717287525,0
2025-05-27,329.8450012207031,335.6420233871655,328.1399981991428,335.15487966671975,24937330,-1.4410482499622512,0
2025-05-28,331.3064270019531,331.93973761456283,328.4322969377317,329.8937280753369,10985957,0.4430644017164198,0
2025-05-29,330.62445068359375,333.44987832987596,329.35785916429944,332.23201902260837,15884093,-0.20584457854642135,0
2025-05-30,325.3145751953125,331.9884502069465,324.2915852609797,328.8220159790005,19143010,-1.606014158149116,0
2025-06-02,323.9992980957031,326.19144498331383,321.8071512080924,325.31459217484854,29479727,-0.4043093054836855,0
2025-06-03,319.8098449707031,326.14271318794476,318.59198569815663,324.43771020637973,14081719,-1.2930438891761153,0
2025-06-04,320.7841491699219,321.466162291383,316.4972902528783,320.5405773026706,15654279,0.3046510964376248,0
2025-06-05,320.1995544433594,323.0737142237834,319.17656454613314,320.73543036377174,16270360,-0.18223928086074093,0
2025-06-06,324.2915954589844,324.9248763779097,320.5892851747618,321.1738636125753,11402511,1.277965868109554,0
2025-06-09,328.43231201171875,328.8707235333864,324.19415557156725,325.3145802152433,19416373,1.276849789114598,0
2025-06-10,330.47833251953125,332.13460343293355,328.1400187287834,330.0885937324766,12061248,0.6229656562352748,0
2025-06-11,329.4066162109375,333.7909100476415,328.7733352699927,332.23204407023434,10807496,-0.3242924582749773,0
2025-06-12,325.1197509765625,332.8653187697685,324.0967312607765,329.4553125162716,11881618,-1.301390143187009,0
2025-06-13,323.41473388671875,324.34028913297107,318.2022900348364,318.39712968688724,11711773,-0.5244274101226964,0
2025-06-16,325.1197509765625,326.0453062627747,322.09945377688626,323.46345033170604,8065112,0.5271921502626897,0
2025-06-17,326.5811767578125,328.23744764203144,324.53516709340613,325.412019883039,6796992,0.44950384492492557,0
2025-06-18,323.8531494140625,327.26315556256503,322.2455810334901,326.58117217260093,17835507,-0.8353290201330466,0
2025-06-19,321.5635681152344,324.58386522383717,320.1021369078034,323.85314962012166,11610604,-0.7069813287197024,0
2025-06-20,326.5811767578125,327.36059485239855,321.22259559207384,321.51486994431997,16592862,1.5603784570458634,0
2025-06-23,324.0480041503906,327.0683011205164,321.8558574397515,325.119726266615,8277787,-0.7756639964894396,0
2025-06-24,321.4661560058594,323.17115904328085,313.0872779896664,322.4891459351549,100814893,-0.7967486642297072,0
2025-06-25,322.343017578125,325.1197428330004,320.9302888439042,322.97629849133307,17963666,0.27276948315817506,0
2025-06-26,328.48101806640625,329.1142989820799,322.78143035955463,323.8531525345608,13754087,1.904182859116399,0
2025-06-27,329.6014404296875,332.52430285052264,325.85045744259764,330.23475107385036,50845169,0.34109196625016214,0
2025-06-30,326.28887939453125,328.57846097727514,325.0710200135925,327.11702972014865,11858890,-1.0050201937339187,0
2025-07-01,324.0480041503906,326.62985988523155,323.60956291510576,326.62985988523155,8903292,-0.6867764688452849,0
2025-07-02,325.1684265136719,327.0195666655982,322.78141044086397,324.09670440480113,11326880,0.3457581435253321,0
2025-07-03,325.99658203125,327.7015850442451,322.4891413150814,325.99658203125,15786429,0.25468509549260165,0
2025-07-04,326.8734436035156,327.3605873346684,323.7070093510226,327.06831298913426,5899185,0.268978762538552,0
2025-07-07,328.7732849121094,330.2834184425102,325.1684097498165,326.87341264738103,9454556,0.5812161696739704,0
2025-07-08,334.37548828125,335.0574717045421,328.3348937726892,329.50405068818344,12092302,1.7039715896132623,0
2025-07-09,335.1548767089844,336.71374254723264,333.98571989707494,334.4241611347642,9079872,0.2330877875470483,0
2025-07-10,332.67047119140625,336.1291798444743,332.4268993219537,335.1548923666643,6426072,-0.7412708840681237,0
2025-07-11,333.8883056640625,335.1548673976993,330.7705740741829,331.74486147940877,17234194,0.36607832017514497,0
2025-07-14,333.30377197265625,336.129199880142,331.20905971708385,334.2293272920089,11516965,-0.17506863268053063,0
2025-07-15,333.206298828125,335.252308363999,332.18330892663425,334.32672341854163,8450777,-0.02924453688428752,0
2025-07-16,333.644775390625,334.96003976527084,332.0371771853544,333.20633411047925,6001484,0.13159311935042606,0
2025-07-17,333.839599609375,335.6420373968367,333.20631869294095,335.34976304552697,7562006,0.05839270778986716,0
2025-07-18,333.30377197265625,335.0574776440899,331.8910431524654,334.18062480837307,6370338,-0.16050451694338275,0
2025-07-21,332.76788330078125,333.98574267420366,330.5757364286209,333.303759264824,4463318,-0.16078086026549698,0
2025-07-22,332.0859069824219,333.79091014162015,331.3064591270511,332.7678904063639,4728372,-0.2049405464237486,0
2025-07-23,334.2292785644531,335.15486348176,332.18329882369756,333.01141932215023,5058422,0.6454268419601172,0
2025-07-24,330.1860046386719,334.76516746057104,327.8477207492971,334.76516746057104,9098453,-1.209730620592997,0
2025-07-25,324.6325988769531,331.16030712602645,323.99928823127567,330.1860196500847,7790739,-1.6819022259274563,0
2025-07-28,324.3890075683594,327.9451506958595,321.8558543361358,324.87615127713724,4605823,-0.07503599744339562,0
2025-07-29,325.99658203125,326.8734347770689,320.05342272508835,323.46342875107865,7551356,0.4955699562513294,0
2025-07-30,330.08856201171875,333.49856794048816,323.95056323309075,326.3862817536403,12537358,1.255221743421986,0
2025-07-31,325.6556091308594,331.35519716693904,324.43774971002597,327.40931480370114,8935384,-1.342958645353487,0
2025-08-01,322.3917236328125,326.14273640586663,321.7097402313719,324.43773330292333,7107542,-1.0022506619056348,0
2025-08-04,323.46343994140625,324.7300017588626,318.7868719799893,322.39171777815415,8193399,0.3324267436264572,0
2025-08-05,325.0223083496094,325.7530239575299,322.78142931225005,323.90188369737683,9855535,0.48193032525887247,0
2025-08-06,323.56085205078125,326.77598858323086,323.0737083499318,325.02228315332957,13872826,-0.44964799685568435,0
2025-08-07,321.2712707519531,323.9018586300387,320.1995486633667,323.5608520928214,8731389,-0.7076199992416821,0
2025-08-08,326.1427307128906,328.8220212564618,321.1738586673253,321.51486522854043,11247218,1.5163073715043218,0
2025-08-11,327.5067443847656,330.3809044661656,325.3633296773396,326.3863196816912,11993280,0.4182259923112497,0
2025-08-12,331.3551940917969,333.0601972651404,327.1170374000495,327.604181163862,7221182,1.175074948230681,0
2025-08-13,331.2090759277344,334.18064116446345,330.42962802114,331.55005279566586,5417151,-0.044097140068377616,0
2025-08-14,330.62445068359375,331.6961728205679,327.65285613412476,331.20902909766085,5689423,-0.17651244685945588,0
2025-08-18,327.4093017578125,333.01145487042396,326.8247530454211,332.6704780324939,6511340,-0.9724474155295093,0
2025-08-19,326.4350280761719,331.8910442416087,325.55817523757753,330.1860410482157,10316115,-0.2975705566121367,0
2025-08-20,333.206298828125,334.57029527441017,327.84771799901773,329.11427975637696,10824544,2.074308872996644,0
2025-08-21,330.08856201171875,335.49587496707403,328.23742188267954,333.5473001506344,11135121,-0.9356776349580542,0
2025-08-22,328.3348693847656,330.1860095860536,326.87343821539724,329.79630055413406,8534844,-0.5312794288494183,0
2025-08-25,329.16302490234375,332.6217334984358,328.38357709319916,328.38357709319916,7142387,0.2522289268666267,0
2025-08-26,324.6325988769531,328.72458843617204,323.21987014367994,327.50672909124484,13113388,-1.376347184418636,0
2025-08-28,322.2942810058594,324.34029062561814,320.24830111899445,322.73272225755545,10486948,-0.7202966920706766,0
2025-08-29,319.1278381347656,322.976285404538,318.59199193750806,322.4891416859791,11813425,-0.9824694565511605,0
2025-09-01,322.1968994140625,323.07375224815706,319.56631117888287,319.56631117888287,6897558,0.9617027763027197,0
2025-09-02,327.6528625488281,329.55273499851813,322.5865855711445,322.5865855711445,9224639,1.6933630164311486,0
2025-09-03,325.6556091308594,329.3091873933597,324.9248934783593,327.8477560883596,10778333,-0.6095638543890725,0
2025-09-04,324.81903076171875,329.59216919528404,324.08091749984493,328.2143637799006,7934237,-0.25689051429924614,0
2025-09-05,323.490478515625,326.5413228978578,320.7840629911934,324.8190584732195,5678244,-0.4090130565866823,0
2025-09-08,321.5221862792969,325.70482858302927,321.1777273769136,323.5396840828277,5239184,-0.6084544575654549,0
2025-09-09,318.9633483886719,322.94914796612073,318.52046842055296,322.40787692411345,9735495,-0.795851110692003,0
2025-09-10,320.4888000488281,322.85075668455676,319.9967244983052,320.3411833904529,6509477,0.4782529616216058,0
2025-09-11,325.8031921386719,328.21437421770185,320.8332413642303,321.27612134900113,10309925,1.6582146050139857,0
2025-09-12,326.44293212890625,328.2143920966744,323.1952154761205,326.7381654455649,5257048,0.19635780301443528,0
2025-09-15,325.8524475097656,328.5096375596649,325.40956748449446,325.754026389271,6566824,-0.18088448577818772,0
2025-09-16,329.73980712890625,330.47792043843276,325.9508495004629,325.9508495004629,8784889,1.192981562314066,0
2025-09-17,331.06842041015625,332.1017970741923,329.2477348882994,330.1826904366309,7936518,0.4029277789716845,0
2025-09-18,331.6097106933594,332.24940287367366,328.804874173928,331.65890623265017,6497322,0.1634980112366291,0
2025-09-19,333.28277587890625,334.1193103504831,331.1176614021352,331.6097369696617,10646331,0.5045284054102872,0
2025-09-22,333.8240661621094,334.95583392381485,331.5113050632019,333.77484058661287,6966213,0.16241171833009105,0
2025-09-23,337.5638427734375,338.6464150398427,332.7415081691703,334.0701182218535,10738268,1.120283703426006,0
2025-09-24,342.0909118652344,344.84652279874786,336.82569772743255,337.85904431902344,14653575,1.3411001174184811,0
2025-09-25,335.10345458984375,345.24019905873377,334.6113790324431,343.7639723865318,13228081,-2.042573197075548,1
2025-09-26,332.5446472167969,335.34948382934107,331.1176461570167,335.10344605690574,6337702,-0.76358728565743,0
2025-09-29,335.54632568359375,338.301936718208,332.64306795855805,333.72564016283786,16922231,0.9026392371427994,0
2025-09-30,335.05426025390625,337.61302913447474,333.77484577971336,335.6939524740484,8308029,-0.14664604915134438,0
2025-10-01,334.857421875,337.6130330245518,332.69227737613147,334.9066174179206,6022078,-0.0587482095458447,0
2025-10-03,336.57965087890625,338.0558774178488,333.3811600445307,334.85738658347327,8506827,0.5143171067443664,0
2025-10-06,333.7256164550781,336.3828061852815,330.33028342692836,335.2018429831596,8436245,-0.8479521612121843,0
2025-10-07,332.64306640625,335.98917408521186,331.511298666383,333.7256386054779,16130172,-0.3243832644096223,0
2025-10-08,328.5096435546875,333.873279363479,327.03341682205604,333.873279363479,13223442,-1.2426000325870157,0
2025-10-09,330.5271301269531,331.0684011810283,325.9508338346163,328.5096024908693,6824759,0.6141331348556767,0
2025-10-10,334.3161315917969,336.5304715065776,330.62556506716226,330.67476060726113,8970962,1.1463511220360045,0
2025-10-13,336.2844543457031,336.6781087923391,330.87162311120863,332.59388759491145,6663149,0.5887609265321281,0
2025-10-14,331.314453125,337.5638184529958,329.88745208774424,336.5796673787888,7545848,-1.4779158407346227,0
2025-10-15,333.8732604980469,336.3336382467429,331.4128827493509,331.6097249828098,8121744,0.7723198758496252,0
2025-10-16,336.08758544921875,337.1701576170371,334.26689998978424,334.8082010906468,6788416,0.6632232086716705,0
2025-10-17,335.59552001953125,338.7448155054184,334.75898559041366,336.0875955620819,7032129,-0.14640987974304798,0
2025-10-20,336.5304870605469,338.9908648573518,334.9066136875287,335.9891859249046,6896835,0.2785993808740894,0
2025-10-21,336.57965087890625,338.0558774178488,335.6446953906803,337.5146063671322,346988,0.014609023624823081,0
2025-10-23,337.2193603515625,339.7289636169493,335.64471262240147,338.3511280827413,8710859,0.19006183855316827,0
2025-10-24,334.21771240234375,337.8098578335593,332.790681324371,337.0225489839997,7584711,-0.8901173248444083,0
2025-10-27,336.3336486816406,337.4654164743728,335.0542642261885,335.3003020086915,6752390,0.6331011794939334,0
2025-10-28,333.77484130859375,337.46540795294777,331.9541557572641,336.9733324003672,13186584,-0.7607943430807063,0
2025-10-29,341.99249267578125,344.45287032093074,333.77482533420056,333.8732464467879,15423201,2.4620343867049588,0
2025-10-30,339.67974853515625,343.46873630345164,338.00670967379386,343.46873630345164,6721032,-0.6762558214450487,0
2025-10-31,331.6097106933594,339.5321146892116,330.2811007595333,339.5321146892116,18651312,-2.375778325495803,1
2025-11-03,329.887451171875,332.1509866227039,328.11596122287625,331.51129443302676,10242245,-0.5193634160722604,0
2025-11-04,325.3603515625,330.6747613633437,324.4746216013439,330.0842647112706,11887651,-1.372316404668672,0
2025-11-06,321.4729309082031,327.67310047474126,319.45543329165474,326.78734051244567,11587302,-1.1948046636992005,0
2025-11-07,323.6564636230469,324.6489703926429,318.4458030826677,321.96918999917244,8578167,0.6792275507225387,0
2025-11-10,323.0113525390625,325.79035948383523,321.5722055529706,323.6564759060022,5246998,-0.1993196974232947,0
2025-11-11,324.20233154296875,324.9963551352011,320.43081791879985,323.50759497478134,6103758,0.368711190657689,0
2025-11-12,324.6986083984375,325.7903719861034,323.1105913880966,325.045991852091,6850550,0.1530762758882087,0
2025-11-13,324.5001220703125,327.4776425776202,323.11058826911164,324.6986052641234,7276001,-0.06112940523644861,0
2025-11-14,325.9888610839844,327.4279777287404,323.75572084900506,324.5497141503254,9169855,0.45877918448034016,0
2025-11-17,327.72576904296875,328.96640258675814,326.0881085340428,326.53474872536896,6283156,0.5328120578135032,0
2025-11-18,325.9888610839844,327.2791077708557,324.6985841082101,326.58434091552317,6776200,-0.5299882166899916,0
2025-11-19,324.1527404785156,326.4851376137269,322.6143367009101,326.4851376137269,6935056,-0.5632464248512159,0
2025-11-20,324.1527404785156,327.52725768169756,323.7557437997128,325.5422439987782,5155775,0.0,0
2025-11-21,324.20233154296875,325.93921839679183,322.5647014242876,324.4008450132526,6142545,0.015298671971719635,0
2025-11-24,321.0263366699219,324.64898043320596,319.6368029183904,324.25198377087,13719726,-0.9796335695463454,0
2025-11-25,321.27447509765625,323.16023202926664,320.08345477826816,321.02634838852583,8074651,0.07729534913190061,0
2025-11-26,323.6564636230469,325.3437069580184,321.5721933491146,321.8699332644323,7101095,0.7414185408494145,0
2025-11-27,324.8970947265625,326.2865981361298,322.5646977771625,324.6985812585232,6755179,0.3833172647404792,0
2025-11-28,324.00384521484375,325.6910885402578,321.8203182185401,325.5422185834422,8930988,-0.2749330561021224,0
2025-12-01,324.64898681640625,325.79036360140253,323.0113566215068,324.64898681640625,6936186,0.1991154151688379,0
2025-12-02,326.13775634765625,327.4776466503896,324.3016126208665,324.99637953010756,5806943,0.45857821576751334,0
2025-12-03,320.53009033203125,326.5347444905355,318.8924298443442,326.5347444905355,8546132,-1.7194163835625775,0
2025-12-04,320.53009033203125,321.86995031082324,318.69394665325495,320.48044681758057,5965357,0.0,0
2025-12-05,320.87744140625,321.72107825739164,318.54507462043483,319.8353213653072,6574010,0.10836769610582664,0
2025-12-08,317.1059265136719,320.7782138345562,315.4682963312413,320.7782138345562,7906928,-1.1753755190920923,0
2025-12-09,317.45330810546875,318.99168153992724,313.1855106643288,315.0712978277346,7152584,0.10954749273091036,0
2025-12-10,319.190185546875,321.2744558363941,317.1059152573559,317.45329868709297,5484712,0.5471284743484794,0
2025-12-11,320.1827087402344,321.0263456017354,316.7585480683971,319.2398151381619,6317942,0.3109504108526506,0
2025-12-12,322.61431884765625,323.5075991866605,320.48043531438657,320.48043531438657,4261023,0.7594445424579988,0
2025-12-15,321.5225830078125,322.8624429276532,319.1405425083109,320.6293026760478,10219819,-0.33840278501688914,0
2025-12-16,318.5946960449219,321.3737030848919,316.6592955889,319.63681611268436,5241263,-0.9106318242098399,0
2025-12-17,318.8428039550781,319.984180697448,317.1555303088596,317.6021704766537,5043027,0.07787571897344137,0
2025-12-18,316.1134033203125,319.7360469395152,314.62464317908655,319.5871769831731,5554193,-0.8560333182712099,0
2025-12-19,317.5029296875,318.1976965858744,315.12091934706694,316.56006636988315,10833662,0.4395657863894842,0
2025-12-22,318.29693603515625,321.224812858892,317.1059157851905,317.55255595115347,8925871,0.25007843185502754,0
2025-12-23,320.82781982421875,322.3165800090179,317.8502994546204,318.6442927709519,6024641,0.7951329411423957,0
2025-12-24,320.133056640625,324.202340583696,319.8353167157995,321.4729468801477,5678004,-0.2165532851778229,0
2025-12-26,321.67144775390625,323.3090778540973,319.88491740823196,320.1330440988337,4174183,0.48054741032514947,0
2025-12-29,323.06097412109375,323.35871405541303,320.6293202648354,321.6714706127625,14043845,0.4319706883809449,0
2025-12-30,322.4654541015625,323.11057746546095,320.9270806731198,322.5647108396016,8035909,-0.18433672502579102,0
2025-12-31,327.0805969238281,328.1723604385753,322.2669632765072,322.316576499899,8497983,1.4312053472903319,0
2026-01-01,333.780029296875,334.37553944281365,327.1302518191223,327.32873500849905,10357315,2.0482512371735373,0
2026-01-02,349.4616394042969,350.35488943856933,333.43266114357067,334.276267666054,23128940,4.698187048654767,0
2026-01-05,347.972900390625,352.14141090010577,345.78937325072695,347.7247736833141,18248271,-0.4260092799340254,0
2026-01-06,348.17138671875,351.4466774580942,343.5562359789838,347.278136622167,8641743,0.05704074308723328,0
2026-01-07,346.2359924316406,348.7172593541995,343.7050819972889,346.93072899661536,7165806,-0.5558740209380741,0
2026-01-08,341.8193359375,347.1788666008996,339.6358391503614,344.15173297579446,8805975,-1.2756202678762874,0
2026-01-09,333.4822998046875,341.8193512420237,331.8942827954556,341.8193512420237,10161744,-2.4390182930835946,1
2026-01-12,334.9214172363281,338.09742068511275,331.1995168978991,334.22665039092703,9406174,0.431542373458349,0
2026-01-13,335.3680419921875,336.7079322312866,332.5393915516236,334.9214321050904,5583379,0.133352103769524,0
2026-01-14,346.484130859375,347.87363432529014,334.9214326664008,336.36054935688634,20389924,3.3145939610568,0
2026-01-15,346.484130859375,346.484130859375,346.484130859375,346.484130859375,0,0.0,0
2026-01-16,343.7547302246094,351.3970142775835,342.81183666554153,350.0075108396703,14275582,-0.7877418882059506,0
2026-01-19,340.7772216796875,345.3427590957348,339.4869446442261,340.9260916444588,9974363,-0.8661723848792935,0
2026-01-20,336.211669921875,345.6900975044803,335.16954992402526,340.4298237142528,7718407,-1.3397467516487627,0
2026-01-21,336.1620788574219,339.04034263593076,334.2762916301079,336.2613053103078,6948955,-0.01474995334476148,0
2026-01-22,339.88397216796875,340.6283522819688,334.5740546303211,336.1620715979687,5885972,1.1071722673768436,0
2026-01-23,334.17706298828125,342.8614977822708,333.581552830341,341.37273753187264,10084314,-1.6790756984760624,0
2026-01-27,342.1170959472656,343.9035960188152,334.5243949209227,337.94855539511275,12203590,2.3759957933626286,0
2026-01-28,345.4419860839844,350.6030336560542,342.1171124729344,342.1171124729344,13566973,0.9718573482896842,0
2026-01-29,355.46630859375,357.798705659296,344.69760362777674,347.37738413523886,20624409,2.9018830696881492,0
2026-01-30,353.3324279785156,356.6573318838472,348.4691506174911,356.30994843900874,22641103,-0.6003046037404092,0
2026-02-02,347.7247619628906,350.10677221500646,335.2191702781529,342.3652313234041,12622760,-1.5870793540540773,0
2026-02-03,355.8633117675781,363.20788654042616,351.1489043252551,363.20788654042616,11559806,2.3405148827324584,0
2026-02-04,364.49810791015625,365.78835458365774,354.92042372604976,356.7565672913423,15515053,2.4264361784554156,0
2026-02-05,364.25,367.92228731992134,362.2649863760218,366.97939373297004,18789794,-0.06806836709764008,0
2026-02-06,365.04998779296875,365.95001220703125,361.0,361.79998779296875,7328789,0.21962602415064314,0
2026-02-09,361.8999938964844,368.6000061035156,361.0,366.54998779296875,7983235,-0.862893850655555,0
2026-02-10,366.8999938964844,368.1499938964844,361.25,361.8999938964844,8319282,1.3815971495788837,0
2026-02-11,368.45001220703125,369.0,366.0,369.0,5782448,0.42246343317853263,0
2026-02-12,368.25,372.0,366.8500061035156,370.0,6763353,-0.05428476059293752,0
2026-02-13,363.0,368.0,362.3999938964844,367.54998779296875,7111972,-1.4256619144602856,0
2026-02-16,369.1000061035156,369.6499938964844,362.5,362.6000061035156,6292850,1.6804424527591344,0
2026-02-17,368.3999938964844,369.5,366.04998779296875,368.75,4442793,-0.18965380532530718,0
2026-02-18,368.3999938964844,370.70001220703125,367.3999938964844,368.45001220703125,4871319,0.0,0
2026-02-19,363.20001220703125,370.8999938964844,362.20001220703125,367.0,5375352,-1.4115042821944868,0
2026-02-20,372.95001220703125,373.6499938964844,362.70001220703125,362.79998779296875,16736731,2.6844712754145794,0
2026-02-23,375.45001220703125,376.5,372.1499938964844,374.0,16135451,0.6703311216443186,0
2026-02-24,382.75,385.0,373.54998779296875,374.95001220703125,20774629,1.944330151983964,0
2026-02-25,384.8999938964844,388.54998779296875,382.70001220703125,382.75,12750016,0.5617227685132287,0
2026-02-26,381.8999938964844,385.8500061035156,378.3999938964844,385.0,10721570,-0.7794232391717948,0
2026-02-27,381.8999938964844,385.20001220703125,380.1499938964844,381.0,11548959,0.0,0
2026-03-02,377.54998779296875,378.95001220703125,365.0,365.0,14732253,-1.1390432503370795,0
2026-03-04,365.79998779296875,373.8500061035156,364.1000061035156,370.75,11433169,-3.1121706740573796,1
2026-03-05,378.04998779296875,379.8999938964844,366.6000061035156,366.95001220703125,16158714,3.3488246060120463,0
2026-03-06,380.6000061035156,385.54998779296875,374.6499938964844,377.0,14940896,0.6745188183800099,0
2026-03-09,376.25,379.0,371.3999938964844,373.0,11286578,-1.1429337976238796,0
2026-03-10,377.29998779296875,385.45001220703125,374.8500061035156,385.0,10875834,0.2790665230481659,0
2026-03-11,379.8999938964844,383.8999938964844,376.45001220703125,377.5,9963701,0.6891084515333379,0
2026-03-12,390.54998779296875,392.3999938964844,375.6499938964844,379.0,23847146,2.8033677461406503,0
2026-03-13,384.45001220703125,394.5,383.20001220703125,391.8500061035156,27107369,-1.5618936823961982,0
2026-03-16,382.3999938964844,388.25,375.45001220703125,384.5,16793109,-0.5332340344530673,0
2026-03-17,383.3500061035156,385.8999938964844,378.29998779296875,382.8999938964844,9720902,0.24843415852364714,0
2026-03-18,378.5,386.3500061035156,377.6000061035156,385.0,10681498,-1.265163956253068,0
2026-03-19,374.04998779296875,380.75,373.1000061035156,373.5,10568326,-1.1756967521879158,0
2026-03-20,380.95001220703125,383.29998779296875,375.5,375.8500061035156,20930288,1.844679759188117,0
2026-03-23,372.3999938964844,379.5,369.29998779296875,377.1000061035156,13148432,-2.2443937620614363,1
2026-03-24,375.54998779296875,378.1499938964844,371.0,378.0,9339144,0.8458630365498765,0
2026-03-25,378.3999938964844,380.95001220703125,375.6000061035156,376.0,9266292,0.7588886156712604,0
2026-03-27,375.6499938964844,379.8999938964844,374.6499938964844,379.8999938964844,20263654,-0.7267441977687472,0
2026-03-30,370.6499938964844,377.95001220703125,369.6499938964844,374.0,17974103,-1.3310262428429143,0
2026-04-01,364.6499938964844,381.8999938964844,361.45001220703125,381.29998779296875,15449629,-1.6187778494003435,0
2026-04-02,359.6499938964844,361.29998779296875,352.0,359.95001220703125,16551512,-1.371177864716866,0
2026-04-06,366.1000061035156,366.75,355.70001220703125,358.79998779296875,11534034,1.7934136845523474,0
2026-04-07,368.8500061035156,369.79998779296875,362.25,364.8500061035156,12603971,0.7511608724809493,0
2026-04-08,374.1499938964844,375.54998779296875,368.25,373.5,19491331,1.4368951349512438,0
2026-04-09,378.6499938964844,384.20001220703125,376.5,376.95001220703125,18503665,1.2027261989599358,0
2026-04-10,380.1499938964844,384.45001220703125,372.04998779296875,381.20001220703125,14953758,0.39614420287303886,0
2026-04-13,386.25,388.0,374.3500061035156,374.3500061035156,15240045,1.6046313827317027,0
2026-04-15,392.6000061035156,393.95001220703125,387.1000061035156,390.25,7722460,1.644014525182036,0
2026-04-16,390.79998779296875,397.25,387.79998779296875,397.0,9896906,-0.4584865722269682,0
2026-04-17,393.6000061035156,396.25,388.45001220703125,393.0,15320653,0.7164837251812273,0
2026-04-20,398.0,400.8500061035156,390.6499938964844,393.0,9895187,1.1178846108369278,0
2026-04-21,396.20001220703125,402.70001220703125,395.70001220703125,398.6000061035156,9493644,-0.4522582394393848,0
2026-04-22,405.3999938964844,407.25,393.20001220703125,398.0,16411131,2.3220548727913126,0
2026-04-23,402.25,405.8999938964844,400.3999938964844,404.0,9144699,-0.7770088662824914,0
2026-04-24,401.8500061035156,405.25,399.20001220703125,404.75,6266676,-0.09943912902035112,0
2026-04-27,410.20001220703125,414.3999938964844,402.6000061035156,403.8999938964844,13001752,2.0778912471547173,0
2026-04-28,406.8500061035156,414.20001220703125,405.95001220703125,414.0,7726655,-0.8166762564172814,0
2026-04-29,401.29998779296875,410.0,399.6499938964844,409.5,11920835,-1.364143597710743,0
2026-04-30,399.1499938964844,400.29998779296875,393.1499938964844,400.0,7706357,-0.5357572793133425,0
2026-05-01,399.1499938964844,399.1499938964844,399.1499938964844,399.1499938964844,0,0.0,0
2026-05-04,400.04998779296875,404.79998779296875,397.25,400.0,6333200,0.2254776174988038,0
2026-05-05,398.6499938964844,400.5,394.54998779296875,398.29998779296875,6791514,-0.34995474045830255,0
2026-05-06,394.8500061035156,403.0,391.6499938964844,400.0,11120409,-0.9532140602403927,0
2026-05-07,400.3500061035156,403.5,393.1499938964844,396.75,9700378,1.3929340040476301,0
2026-05-08,402.1499938964844,405.1000061035156,397.1499938964844,398.0,4740939,0.44960353828578103,0
2026-05-11,392.95001220703125,405.0,391.0,401.8999938964844,10088836,-2.287699074744054,1
2026-05-12,392.70001220703125,399.8500061035156,391.25,392.20001220703125,10247516,-0.0636213238920269,0
2026-05-13,390.45001220703125,394.04998779296875,385.79998779296875,392.0,12322076,-0.572956437499117,0
2026-05-14,396.29998779296875,398.54998779296875,391.20001220703125,393.70001220703125,7363948,1.4982649258659997,0
2026-05-15,395.25,398.0,392.5,396.0,7107857,-0.264947722763309,0
2026-05-18,388.29998779296875,393.8500061035156,384.8999938964844,393.0,7632596,-1.7583838600964574,0
2026-05-19,389.3999938964844,392.75,386.04998779296875,386.70001220703125,6693518,0.28328769974159673,0
2026-05-20,392.45001220703125,393.3500061035156,384.0,386.1000061035156,5386249,0.7832610062540768,0
2026-05-21,388.79998779296875,395.54998779296875,387.8500061035156,393.5,10596954,-0.9300609760554579,0
2026-05-22,388.6499938964844,391.5,387.45001220703125,389.95001220703125,11755213,-0.03857867829055728,0
2026-05-25,390.04998779296875,392.79998779296875,386.45001220703125,391.95001220703125,10489850,0.3602197140024188,0
2026-05-26,389.70001220703125,392.25,389.0,390.75,9062218,-0.08972582922455175,0
2026-05-27,398.1499938964844,403.1000061035156,390.3500061035156,390.3500061035156,14418621,2.168329849824069,0
2026-05-28,398.1499938964844,398.1499938964844,398.1499938964844,398.1499938964844,0,0.0,0
2026-05-29,386.8999938964844,401.6499938964844,385.1000061035156,400.0,17003143,-2.825568296486003,1
2026-06-01,378.70001220703125,389.0,376.5,386.8999938964844,18408900,-2.1194060012435734,1
2026-06-02,367.3999938964844,377.5,363.04998779296875,375.95001220703125,17496468,-2.983897001928082,1
2026-06-03,366.79998779296875,371.5,363.70001220703125,368.04998779296875,10825715,-0.16331140813373723,0
2026-06-04,366.3999938964844,368.79998779296875,364.3500061035156,366.79998779296875,14363519,-0.109049593728483,0
2026-06-05,361.6499938964844,368.5,358.6499938964844,365.95001220703125,10277061,-1.2963974015081425,0
2026-06-08,362.3999938964844,365.3500061035156,355.1499938964844,358.95001220703125,14933986,0.20738283220176346,0
2026-06-09,355.6499938964844,363.70001220703125,355.0,362.79998779296875,14246656,-1.862582812826441,0
2026-06-10,351.6499938964844,359.0,351.1000061035156,359.0,14939921,-1.1247012705317916,0
2026-06-11,351.8500061035156,353.3500061035156,348.79998779296875,352.0,15079402,0.056878205745158894,0
2026-06-12,353.8999938964844,357.0,349.70001220703125,357.0,8740239,0.5826311659536065,0
2026-06-15,348.1000061035156,358.0,346.95001220703125,357.3999938964844,17190759,-1.6388776188182796,0
2026-06-16,355.54998779296875,356.20001220703125,348.5,349.75,14555184,2.1401843030240286,0
2026-06-17,355.54998779296875,356.04998779296875,352.04998779296875,355.54998779296875,9299676,0.0,0
2026-06-18,361.95001220703125,363.54998779296875,354.04998779296875,357.0,12260776,1.8000350538020848,0
2026-06-19,365.79998779296875,368.0,359.95001220703125,361.95001220703125,17465450,1.0636760480989826,0
2026-06-22,367.04998779296875,368.5,364.04998779296875,365.79998779296875,11946682,0.3417167965318324,0
2026-06-23,364.6000061035156,369.25,361.8999938964844,367.8500061035156,11696171,-0.667479027634521,0
2026-06-24,357.04998779296875,364.04998779296875,355.5,362.8500061035156,12770898,-2.0707674668560827,1
2026-06-25,352.04998779296875,359.0,351.45001220703125,356.45001220703125,19767157,-1.4003641425410662,0
2026-06-26,352.04998779296875,352.04998779296875,352.04998779296875,352.04998779296875,0,0.0,0
2026-06-29,356.1000061035156,357.8999938964844,351.54998779296875,352.0,49895302,1.1504100130600214,0
2026-06-30,356.6499938964844,358.3500061035156,352.8999938964844,354.75,10291360,0.15444756628530953,0
2026-07-01,357.8999938964844,360.8500061035156,354.25,358.0,6915166,0.35048367345908993,0
2026-07-02,358.25,359.95001220703125,352.29998779296875,359.95001220703125,6513560,0.09779438655617145,0
2026-07-03,356.45001220703125,360.1499938964844,355.45001220703125,358.25,6588714,-0.502439021065948,0
2026-07-06,356.25,359.3999938964844,354.6499938964844,356.0,6204261,-0.05611227386214113,0
2026-07-07,354.20001220703125,357.1499938964844,352.54998779296875,355.79998779296875,8149003,-0.57543516995614,0
2026-07-08,348.70001220703125,353.0,347.54998779296875,351.95001220703125,9572223,-1.5527949775408945,0
2026-07-09,343.70001220703125,351.0,343.1000061035156,349.0,17821421,-1.4338972827541485,0
2026-07-10,344.54998779296875,348.79998779296875,343.20001220703125,344.5,13016441,0.24730158735797314,0
2026-07-13,351.75,355.0,343.70001220703125,345.04998779296875,8226337,2.0896858110926786,0
2026-07-14,348.1499938964844,353.95001220703125,347.5,348.5,8579646,-1.0234558929681947,0
2026-07-15,344.3500061035156,348.45001220703125,343.04998779296875,347.5,11352533,-1.0914800688172965,0
2026-07-16,342.45001220703125,346.04998779296875,342.1000061035156,344.20001220703125,10347549,-0.5517624111536112,0
2026-07-17,341.8500061035156,343.8999938964844,340.25,342.5,7612446,-0.17520983563372727,0
2026-07-20,347.25,349.29998779296875,341.1000061035156,343.0,14463484,1.5796383794269175,0
2026-07-21,348.54998779296875,349.1499938964844,344.1499938964844,347.20001220703125,8575793,0.3743665350522063,0
2026-07-22,350.5,350.8500061035156,345.6499938964844,347.3999938964844,7035952,0.5594641444054638,0
2026-07-23,348.6000061035156,350.70001220703125,347.1000061035156,348.54998779296875,6863144,-0.5420809975704377,0
2026-07-24,347.20001220703125,350.0,345.1000061035156,347.95001220703125,6300466,-0.401604667806188,0
