Date,Close,High,Low,Open,Volume,Daily_Change_%,Crash_Signal
2020-01-01,85.37139129638672,86.34266049851327,84.96948697517887,86.24218825107934,2574894,,0
2020-01-02,85.7732925415039,86.17519171386202,85.13693940904466,85.5053546494416,4759843,0.4707680629473243,0
2020-01-03,86.04122924804688,89.35694612091261,85.77329645425242,87.74932891618404,31381588,0.31237777938082356,0
2020-01-06,84.56757354736328,86.94551528338619,83.79725403354668,86.87852697832288,14611204,-1.7127320397006596,0
2020-01-07,84.232666015625,85.53885640666095,83.99822224165584,84.13218865235508,7193304,-0.39602357935777377,0
2020-01-08,82.69200897216797,84.03169323326742,82.52454843953053,83.73026631871599,6236192,-1.8290493656834328,0
2020-01-09,82.85946655273438,83.79724652419127,82.25661274510966,83.69676918609058,10135017,0.20250757315953827,0
2020-01-10,83.16089630126953,83.86422742783226,82.85946429518017,83.36184586150621,6550218,0.3637843219076453,0
2020-01-13,84.03170776367188,84.19916832526587,83.22789911221699,83.22789911221699,5737187,1.0471405445747317,0
2020-01-14,83.76376342773438,84.16566769816035,82.9264607349761,84.03169620102497,12432511,-0.3188609907715523,0
2020-01-15,83.4958267211914,84.0651915381967,83.22788883363299,83.76376460874982,5714614,-0.3198718581623017,0
2020-01-16,83.39534759521484,83.86423505557025,83.09392067219925,83.73026866989443,7322878,-0.12034029714093064,0
2020-01-17,83.99821472167969,84.09869207595433,83.06043459926728,83.4288498614441,8561603,0.7229025885125528,0
2020-01-20,82.3235855102539,84.90247627236603,80.38104262472523,84.40009475596149,16106541,-1.9936485757161782,0
2020-01-21,82.2231216430664,83.39534537321197,81.98867791913528,82.42407632671589,6497799,-0.12203533964757485,0
2020-01-22,77.96961975097656,81.72073440655667,77.7016818947588,81.72073440655667,23639592,-5.173121388597302,1
2020-01-23,78.90740966796875,79.67772407505485,77.96962960789719,78.53899443028308,21105999,1.2027632300726232,0
2020-01-24,79.27584075927734,80.24711522889288,78.57250936109872,79.04139695988447,11172364,0.4669157090049003,0
2020-01-27,78.53900909423828,79.37631196304679,78.23758210566368,79.27583459669154,12078165,-0.9294529808601681,0
2020-01-28,78.10359191894531,78.84041724534774,77.43374978394495,78.73994501348962,11611352,-0.5543960642163337,0
2020-01-29,78.80693817138672,79.14185928124346,78.00312444143623,78.60598346127647,15562740,0.9005299694428093,0
2020-01-30,77.43374633789062,78.73994150930535,77.03184209687444,78.73994150930535,21142714,-1.7424758090584858,0
2020-01-31,72.97930908203125,77.70169885858093,71.50565821684063,77.56773245646929,83360147,-5.752578774145767,1
2020-02-03,69.295166015625,70.29992920643923,68.02247006231887,69.89802495221151,18445537,-5.048202172296734,1
2020-02-04,71.10376739501953,71.60614916402274,69.52963887424112,69.73058851554742,16896688,2.609996459185515,0
2020-02-05,71.53913879394531,71.94104303448641,70.40040415017421,71.27120093008801,11348275,0.612304263017549,0
2020-02-06,71.84058380126953,72.20899909572884,71.20423568592088,71.53915682252354,10750236,0.42137075229893295,0
2020-02-07,73.18025970458984,73.51518080163602,71.37168782473664,71.8740694703059,21415595,1.864789833871927,0
2020-02-10,71.13723754882812,73.11327504826184,70.83581061169785,73.11327504826184,32081049,-2.791766746946356,1
2020-02-11,71.53913879394531,72.10850356058602,71.2042177417461,71.77358250838681,20946852,0.5649660557051073,0
2020-02-12,71.47216033935547,72.20899084407306,71.33819394421975,71.67311504254943,13053367,-0.09362491039033305,0
2020-02-13,70.56788635253906,72.47693591437736,69.83106083346881,71.67312718639005,17702073,-1.265211492870566,0
2020-02-14,69.19469451904297,71.2042209219911,68.99373983455219,70.70183932125406,26644685,-1.9459160596591807,0
2020-02-17,66.95072174072266,68.92675917585623,66.18040734634678,67.9889791312581,36666416,-3.242983864467752,1
2020-02-18,66.51533508300781,67.15168315348298,64.67326896159057,66.95072844149576,35575369,-0.6503091324406407,0
2020-02-19,68.1229476928711,68.45786878302383,66.18040945837741,67.18517272883564,21806183,2.4169052262264845,0
2020-02-20,68.85978698730469,69.73057886678873,68.12295640633005,68.32391113032148,28378025,1.0816315491155803,0
2020-02-24,65.67803192138672,68.65882776554845,65.10866194420677,68.65882776554845,20167769,-4.620628679122363,1
2020-02-25,65.34309387207031,67.15166535873325,65.14213921333476,66.11340813941499,18255196,-0.5099696801471043,0
2020-02-26,64.17088317871094,65.9794550287026,63.969928479605066,65.2426296494649,16192058,-1.7939320345840115,0
2020-02-27,62.52976989746094,64.43881919267128,61.65897808217598,64.10389808437155,29616674,-2.557411087330097,1
2020-02-28,61.59199905395508,62.094380792112915,59.95088742016931,60.48676331840087,30416954,-1.4997190059129584,0
2020-03-02,59.68292999267578,63.63499939846805,59.113565230682156,62.965157299536806,24442896,-3.099540671844303,1
2020-03-03,62.52976989746094,62.96516836034869,60.05135574023918,60.8886585109885,24098468,4.769939922745947,0
2020-03-04,62.16136169433594,63.56802937121725,60.75468890696392,63.09913673859634,22998427,-0.5891724913255403,0
2020-03-05,62.02737808227539,63.23309591899689,61.625473840198126,62.5297596624944,16357817,-0.21554162973356217,0
2020-03-06,59.28104019165039,61.290566977808034,58.71167529100391,59.95088245370294,17823038,-4.427622084851235,1
2020-03-09,49.93673324584961,55.26197617889236,49.56831802712769,55.02753245356474,86655504,-15.762724330732825,1
2020-03-11,48.027687072753906,51.84579094750885,47.592293700532615,51.41039246479678,63562895,-3.822929633176131,1
2020-03-12,41.86513900756836,45.81720915198093,41.53021789550781,44.61149110436672,76137223,-12.831240563074209,1
2020-03-13,44.14260482788086,44.87943027295056,33.492112143992955,39.78863024916178,73051747,5.440005394227354,0
2020-03-16,40.2910041809082,43.673703790457935,40.19052684170598,42.534974240805504,49829392,-8.7253587820444,1
2020-03-17,40.19053268432617,42.20005931854248,39.95608893243237,40.92735809477405,46722476,-0.24936458801302352,0
2020-03-18,45.649749755859375,58.14230857523774,38.515928865609254,41.262281032189335,178094829,13.583340918649323,0
2020-03-19,40.89386749267578,42.8699025755674,38.917832409784154,41.630695476340534,61258526,-10.418200074740069,1
2020-03-20,48.46308135986328,49.83625989173075,42.032597366524875,42.23354951220823,128780492,18.509410655627455,0
2020-03-23,43.462066650390625,47.13187572322932,43.17423730372151,43.641959305822795,36058875,-10.319225623186345,1
2020-03-24,44.97317123413086,46.55622466561664,43.24620036076242,45.692741973876956,38808651,3.4768355492516667,0
2020-03-25,44.28956985473633,45.33294777310615,43.174235974386804,44.03772124286334,28639475,-1.5200204046890375,0
2020-03-26,46.59219741821289,47.20383134425814,42.922388372053284,44.50544153239253,46474588,5.199028961059815,0
2020-03-27,46.3763313293457,47.49166815624338,45.189041272406314,47.49166815624338,33298637,-0.4633095256906805,0
2020-03-30,45.58479309082031,47.239807546195,43.246188811205585,43.92978138038942,32929981,-1.7067720016579413,0
2020-03-31,49.14667892456055,50.118098230442534,45.72871549936922,46.77209351917033,45891607,7.813758914390045,0
2020-04-01,47.31177520751953,48.391131295904,46.84405313790847,48.21123861450659,21883386,-3.733525351443512,1
2020-04-03,50.26200866699219,51.089516010205585,47.851448094065795,49.65037471414346,39757833,6.235727673570279,0
2020-04-07,52.45669174194336,53.53604751651056,50.51384805378998,51.23341857016811,30982061,4.366485011555965,0
2020-04-08,53.57202911376953,54.93921435531298,51.08951273324991,52.09691267385498,30555738,2.1262060850367526,0
2020-04-09,55.62281036376953,55.87465897935899,54.68736637456516,54.68736637456516,19209747,3.828082086726292,0
2020-04-13,54.0037841796875,56.7021743520925,52.27681337137053,56.7021743520925,22311833,-2.910723448696151,1
2020-04-15,53.50007247924805,55.011169626222355,52.888438573316535,54.03975042387373,22311032,-0.9327340816773999,0
2020-04-16,54.29160690307617,55.04715833102615,52.81649026787735,53.24823158818216,24473640,1.479501591582233,0
2020-04-17,54.903236389160156,55.982592238305735,54.075729140171,55.982592238305735,14561017,1.1265636089495157,0
2020-04-20,53.24822998046875,54.43552269287584,53.104318041341834,54.219649294296886,15698459,-3.0144059212840246,1
2020-04-21,49.902217864990234,50.90961775962467,48.355140043575325,50.15406646617691,27607022,-6.283799699456338,1
2020-04-22,47.0239372253418,47.74350781942473,43.749891571253265,47.41970324804259,73840707,-5.767841115670624,1
2020-04-23,48.46308135986328,49.68635473810701,47.88742814353237,48.571018053515424,38207377,3.0604501014557917,0
2020-04-24,48.64297103881836,50.01015626490116,47.92340044507878,48.319166467590726,31588097,0.3711891070633744,0
2020-04-27,49.254608154296875,50.01015952290033,48.678954935736044,48.93080356197442,16723889,1.2574008174591311,0
2020-04-28,49.79428482055664,50.154070131369586,48.28318761311989,48.786890342190915,20422626,1.095687665546241,0
2020-04-29,50.7297248840332,51.053529442657045,49.43449566976237,49.93819835970669,18023637,1.8786092959214074,0
2020-04-30,57.49369812011719,58.321205495635084,51.449303342715545,52.240829988471916,54290691,13.333352884420812,0
2020-05-04,55.08313751220703,56.018576098236345,53.284210819971506,54.687371443959776,28640967,-4.192738833522169,1
2020-05-05,56.4503288269043,58.932851458363515,56.234460874096776,56.77413899095013,61865481,2.4820505447683994,0
2020-05-06,57.02597427368164,58.53707154762486,55.730744901794075,58.53707154762486,38948167,1.0197379868990053,0
2020-05-07,54.3995475769043,56.34239189494072,54.03976220207042,56.34239189494072,20794229,-4.605667382678069,1
2020-05-08,54.68736267089844,55.550845148694386,53.787899469074446,54.97519199345965,18523649,0.5290762640760116,0
2020-05-11,55.44292068481445,56.23444730049992,53.60801333445819,54.6873693076352,15701754,1.3815952662827646,0
2020-05-12,54.903236389160156,55.65878218962942,53.60800717423037,55.37095286521305,14186736,-0.9734052409005156,0
2020-05-13,56.27043151855469,56.882071059536855,54.867270725465694,56.84609032540052,20493531,2.4901904137375475,0
2020-05-14,54.7952995300293,55.658782010613436,54.111704200503105,55.40693341126704,13344652,-2.621504667222929,1
2020-05-15,54.7952995300293,56.48628925694107,54.61540688908362,55.58682605221271,16835999,0.0,0
2020-05-18,52.45669174194336,55.37094903934238,52.09690648375429,55.37094903934238,13014456,-4.267898539005732,1
2020-05-19,55.51486587524414,56.63019687042081,53.32017362652624,53.53604697521195,42315983,5.829902785988161,0
2020-05-20,56.126522064208984,56.48630746205647,54.903253907483304,55.55086323169719,12969847,1.101788105440793,0
2020-05-21,55.40694046020508,56.846081770859755,54.97519916498636,56.66618910702792,17999828,-1.2820705390950482,0
2020-05-22,54.7952995300293,55.370952687122816,54.25562160719228,55.370952687122816,12443419,-1.103906703917501,0
2020-05-26,55.40694046020508,56.27042305064251,55.119111100096454,55.40694046020508,11837966,1.1162288287895672,0
2020-05-27,56.09051513671875,56.270407751640725,54.615398988290664,55.5508372919528,11655865,1.2337347466508053,0
2020-05-28,56.7381477355957,58.24924508467573,55.69477243239225,55.76672840332203,18645811,1.1546205223795347,0
2020-05-29,59.8682746887207,60.26404073427423,55.69476829598155,56.16249030712073,40559441,5.516794393274238,0
2020-06-01,60.407955169677734,62.24286256256422,60.192087263971885,61.16350656436946,25047349,0.9014465236605762,0
2020-06-02,60.6598014831543,61.091542728857874,59.43652821545842,60.76773267716435,15367928,0.41690918484025286,0
2020-06-03,62.09893798828125,62.92643969325635,61.37936746925082,61.91904535852365,23936651,2.37247150491684,0
2020-06-04,61.0915412902832,61.91904852749691,60.44392669203388,61.16349724789142,15120972,-1.6222446480294916,0
2020-06-05,62.566673278808594,63.89788353188502,61.163512540022516,61.23546851562121,18202925,2.414625588698338,0
2020-06-08,65.44493865966797,66.99201642438094,64.18569020999958,64.76134884008873,32511374,4.600317117762187,0
2020-06-09,64.7613525390625,66.48832303808175,64.29363056163615,66.16451298145371,16702413,-1.044520989102471,0
2020-06-10,63.502098083496094,65.84070226220841,63.106332103451365,65.19308769935675,17382514,-1.944453607275809,0
2020-06-11,62.530677795410156,64.43754072593302,62.24284849629377,63.538077597373864,14275999,-1.5297451854404231,0
2020-06-12,60.37198257446289,60.58785048962316,58.680992534541474,58.680992534541474,20601082,-3.4522178505887235,1
2020-06-15,60.51588821411133,61.811117529707026,59.724361627864255,60.443932249886714,17274210,0.23836493935069925,0
2020-06-16,60.37198257446289,61.70318726589513,59.256645798190924,61.52329459165053,13467530,-0.2377981120252004,0
2020-06-17,60.58784103393555,60.98360705146362,59.86827044925751,60.1560997811063,15440371,0.35754740902604887,0
2020-06-18,60.156105041503906,60.40795367018674,58.86088116975431,59.7243637509207,18460298,-0.7125786049874683,0
2020-06-19,61.70318603515625,62.098952106555856,60.6598107413044,61.52329336449982,21920473,2.5717771996457417,0
2020-06-22,61.05556869506836,62.02698797682683,60.515890706326054,61.95503200963887,19227535,-1.0495687203557091,0
2020-06-23,61.63123321533203,62.24286722885164,60.73176981607117,61.52329650944295,23440997,0.9428534244578568,0
2020-06-24,59.79631805419922,62.35079597807542,59.400557502961306,62.062966629064434,33080229,-2.9772488159077404,1
2020-06-25,58.71696090698242,60.44393147569416,57.56564902447063,59.184682903283864,121277435,-1.8050562013508409,0
2020-06-26,60.55186462402344,61.019586592968665,59.364572084358706,59.79631332881285,23684852,3.1249977667403783,0
2020-06-29,59.29262924194336,60.515897286822,58.71697046206577,60.407960579358836,14299071,-2.0795980270779113,1
2020-06-30,58.53706741333008,60.120126032706985,58.033370187553075,60.084145306628045,25762293,-1.2742930078715409,0
2020-07-01,57.88945007324219,58.2492353576996,56.34237774198554,56.8460749442708,35344784,-1.1063371786547926,0
2020-07-02,58.896854400634766,60.55186902966039,58.35717643332921,58.53706908909773,35154027,1.740220931651626,0
2020-07-03,59.29262924194336,59.976219239395135,58.71697046206577,59.32860448450509,16786174,0.6719795909921,0
2020-07-06,60.264034271240234,61.09154151144973,59.58044443665587,59.76033707627151,17510294,1.63832341678265,0
2020-07-07,58.968807220458984,60.300017194069916,58.86087602466384,60.26403646887961,20123433,-2.1492538069250555,1
2020-07-08,58.5010986328125,59.65241062584303,58.285225232293,59.00479591417316,18626174,-0.7931457489006366,0
2020-07-09,57.709556579589844,59.184678420056976,57.493688706032884,58.716956459185376,17348038,-1.3530379287247984,0
2020-07-10,56.522274017333984,57.67358590362378,55.910634602531424,57.56564921337109,17773167,-2.057341335864238,1
2020-07-13,56.77412796020508,57.24185000191471,56.41434261887284,56.98999587107124,9360631,0.4455835283517784,0
2020-07-14,55.65878677368164,56.81009867628131,55.51487484456475,56.48629409082422,9303879,-1.9645236775899355,0
2020-07-15,54.867252349853516,56.27041267300956,54.57942304282762,56.126500764440316,14377090,-1.4221194347024513,0
2020-07-16,54.7952995300293,55.19106004617714,53.96779228370166,54.97519217097497,10604062,-0.1311398270236297,0
2020-07-17,57.81748580932617,58.03335914494731,54.90322871776266,54.90322871776266,24934060,5.515411550292981,0
2020-07-20,57.781517028808594,58.46510685142405,56.98998503644847,58.28521421495813,15570346,-0.062210903871184886,0
2020-07-21,59.32859802246094,59.65240810958121,57.81750075223153,57.99739341511333,20976092,2.677466901537051,0
2020-07-22,59.4365348815918,60.08414956772459,58.788920195459,59.54447157759533,17882873,0.18193057434121584,0
2020-07-23,59.47251510620117,60.33599768713473,59.04077381573439,59.36457841111238,14673501,0.06053553539258072,0
2020-07-24,58.28522491455078,59.292624961668885,57.745546906082716,59.076751562326216,10000280,-1.9963678844424626,0
2020-07-27,58.14131164550781,59.00479424335766,57.637608888521676,58.57305294443273,8510736,-0.24691209350903298,0
2020-07-28,57.49369812011719,58.46511743490403,57.06195681242176,58.28522476587356,10616766,-1.1138612237356682,0
2020-07-29,57.20585250854492,58.069334878756834,57.06194061013861,57.42172584604141,9905015,-0.5006559344484907,0
2020-07-30,55.9106330871582,57.8534769893845,55.766721163980534,57.5656476531412,9668266,-2.2641379589496524,1
2020-07-31,56.34238815307617,56.738148745176325,55.514880747937646,56.09053401550752,10963756,0.77222353258799,0
2020-08-03,54.61540985107422,56.486292320396366,54.36356123806916,56.37835563199762,11874183,-3.0651492750181975,1
2020-08-04,54.75931930541992,55.91063111999737,54.61540738730565,54.90323671342196,13360346,0.2634960622617699,0
2020-08-05,55.37096405029297,55.76673013754723,54.903247479760104,55.04715942609501,9077292,1.1169692257524177,0
2020-08-06,56.16249084472656,57.52967067360598,55.44292020220547,56.01857342228935,26386380,1.4294979471815905,0
2020-08-07,56.59423065185547,57.13390861962925,56.19846461286608,56.234445340006275,11786462,0.7687333674757157,0
2020-08-10,56.882049560546875,57.38574670874399,56.774112888822586,57.20585408583256,7067852,0.5085658120559167,0
2020-08-11,56.4503288269043,57.56566579769043,56.270436121286515,57.2418611235343,10835360,-0.7589753480718775,0
2020-08-12,56.198463439941406,56.91803404862155,55.91063409849174,56.450312055001845,10481019,-0.4461716914620495,0
2020-08-13,56.558250427246094,57.169884364846574,56.41433849718301,56.52227518967444,7316635,0.6402078727458127,0
2020-08-14,55.47890090942383,56.81010563133831,55.370964204427764,56.63021295297449,11635634,-1.9083856195493354,0
2020-08-17,57.06195068359375,57.421735983011395,55.6947654478291,55.766721409735034,13610411,2.853426704963824,0
2020-08-18,58.03337097167969,58.93283423692615,56.95401505338392,57.38575632272461,28329507,1.7023958635280945,0
2020-08-19,57.241844177246094,58.78891659564079,56.918034109063335,58.17728267559079,12081197,-1.363916624488104,0
2020-08-20,59.11272430419922,59.90425084501464,56.05454933613541,56.84607587695083,37457277,3.268378498009339,0
2020-08-21,58.32120132446289,60.04816643173085,58.03337197662217,59.688381119401996,17027574,-1.3390060922637947,0
2020-08-24,58.465118408203125,58.896859723085974,57.99739636295977,58.501099138563646,9797861,0.2467663224897665,0
2020-08-25,57.92543411254883,59.36457533273637,57.70956073356546,58.573048759610835,22479622,-0.9230876638036123,0
2020-08-26,58.57305145263672,59.076748706905725,58.10532943659359,58.4291340300682,15967425,1.1180189669870666,0
2020-08-27,57.673587799072266,58.96881165500791,57.565651105272224,58.860880451096165,16308382,-1.5356271036891078,0
2020-08-28,57.81748580932617,58.86086627831237,57.56563724435949,57.81748580932617,14666431,0.2495041764268846,0
2020-08-31,58.968807220458984,61.52328499210993,58.213261400453526,58.28521736094625,93192019,1.9913031412844617,0
2020-09-01,57.097930908203125,59.58045298501363,56.126511612880954,59.54447225597306,38005204,-3.1726541546981957,1
2020-09-02,57.781517028808594,58.82489212435589,57.20585839616261,58.3931508948152,31151170,1.1972169739468796,0
2020-09-03,56.882049560546875,58.50108316674968,56.70215693763545,57.92542457747826,19975929,-1.5566698738859075,0
2020-09-04,56.0545539855957,56.91803655812743,55.658787937417145,56.522275999837184,12855650,-1.4547569599621446,0
2020-09-07,55.01115798950195,56.37834292465874,54.651372769191575,56.27040626058827,16573385,-1.8613938064013014,0
2020-09-08,53.57202911376953,55.15508773183121,53.248224538880194,55.08313176962113,17905003,-2.616067227683261,1
2020-09-09,52.312774658203125,53.212237809065535,51.017551014893684,53.212237809065535,28166106,-2.350581966742682,1
2020-09-10,52.99637985229492,53.53605784368308,52.276809197110715,52.88844315603961,18646363,1.306765314128877,0
2020-09-11,52.74452590942383,53.03234975060204,52.240823207586224,52.852457104921726,11510019,-0.4752285789577093,0
2020-09-14,52.99637985229492,53.787906475019874,52.70855049224355,53.1402917873764,11989916,0.47749778489543093,0
2020-09-15,53.10430908203125,53.50006959280519,52.70854308136966,53.0683283583756,8883202,0.2036539666240067,0
2020-09-16,52.564632415771484,53.572026823419684,52.2048471302149,53.428114905152164,10284798,-1.0162577681334994,0
2020-09-17,52.6365966796875,53.46410406500584,52.42072327833883,52.56464070920082,16070680,0.1369062440060409,0
2020-09-18,53.464107513427734,53.82389287895581,52.49268263459073,53.10432214789966,25690567,1.5721207029700812,0
2020-09-21,51.197444915771484,53.32017580853738,51.01755228113412,53.248219852659936,13686080,-4.239596811911561,1
2020-09-22,50.010154724121094,51.30538394890236,49.470476795443524,51.08951058147622,18042069,-2.319041885007511,1
2020-09-23,48.678955078125,50.477881684930146,48.499062417444485,50.15407160177222,17014238,-2.661858683180651,1
2020-09-24,47.959388732910156,48.46308603199518,47.13188132165149,47.527647406567446,32950752,-1.4781877385412479,0
2020-09-25,49.57841873168945,49.830267360443266,47.59959945022781,48.93080405068797,20235576,3.3758353506042615,0
2020-09-28,51.701148986816406,53.03235356255996,49.83026643523992,49.9741783661734,28336496,4.281561028831593,0
2020-09-29,49.75830841064453,52.312780763276685,49.578415759477984,52.16886883829866,20797874,-3.7578286251767623,1
2020-09-30,49.83026885986328,50.69375146725568,48.642976157282334,49.93820555825946,20069170,0.14461996703118984,0
2020-10-01,49.75830841064453,49.93820106181108,47.95938189897906,48.571015814967716,20869186,-0.14441111971745801,0
2020-10-05,49.79428482055664,50.154070131369586,49.21863161718882,49.650372892186724,12608039,0.07230231706272239,0
2020-10-06,49.902217864990234,50.51385175069722,49.65036926380357,50.3699398328442,10028285,0.21675789665933642,0
2020-10-07,50.7297248840332,52.78049989838892,49.722324994032306,49.86624240111114,50074263,1.6582569962757532,0
2020-10-08,49.254608154296875,51.08951548382624,49.110696222128745,51.01755951774217,21348017,-2.9077956427092877,1
2020-10-09,50.58582305908203,50.801690977935905,49.11070090908085,49.65037894104877,25747313,2.7027215415356576,0
2020-10-12,49.75830841064453,50.801683591455294,49.50645979698898,50.58581570398826,10564850,-1.6358627741827947,0
2020-10-13,49.72232437133789,50.190046331183076,49.50645649825465,49.72232437133789,9070661,-0.07231764996846746,0
2020-10-14,48.21122741699219,49.50645661817989,47.959378819507826,49.29058325468605,24825690,-3.0390714300893906,1
2020-10-15,47.52764129638672,49.2905871064278,47.2757871893339,48.211231184389234,17333956,-1.4178981893427922,0
2020-10-16,48.3911247253418,48.60699810966292,47.491661440484144,47.959383446587765,18590744,1.8168026129685488,0
2020-10-19,49.866233825683594,50.693735442059705,48.46306816987603,48.46306816987603,25987617,3.0483050532803535,0
2020-10-20,48.49906539916992,50.190055415551264,48.391128698147995,50.01016274381094,18530340,-2.7416717117495937,1
2020-10-21,48.786895751953125,49.36254901915258,48.211236994864905,48.930807696280795,19589424,0.5934760812692508,0
2020-10-22,49.54243469238281,49.722327342311495,48.42710355675775,48.49905951875162,26354156,1.5486513925195622,0
2020-10-23,49.65037536621094,50.08211666272204,49.36254600524072,49.79428730175183,13177360,0.21787519022500312,0
2020-10-26,49.07471466064453,50.01015867351448,48.67895410895972,50.01015867351448,14224945,-1.1594287078807608,0
2020-10-27,48.10329055786133,49.25460234917837,47.851441961305675,49.002753752622716,17088331,-1.9794798798132174,0
2020-10-28,47.74351119995117,48.49906257319099,47.563618538692964,48.391125878458396,15025477,-0.7479308665534923,0
2020-10-29,46.34035110473633,47.743511680724744,46.124477713097306,47.527643778974124,29901005,-2.938954550993056,1
2020-10-30,46.70013427734375,47.4197048964403,46.19643155004328,46.77209024127578,25849220,0.7763928499252337,0
2020-11-02,47.27579116821289,47.52764529646255,46.19643515533234,47.05992325956993,12847852,1.2326664575532442,0
2020-11-03,47.7075309753418,48.03133553580786,47.27578424153668,47.49165760843923,10809489,0.9132365560900357,0
2020-11-04,47.815467834472656,48.13927792319416,47.20383387562771,47.70753662812057,12479581,0.2262470031967334,0
2020-11-05,48.64297103881836,49.002756335688154,47.63557110960535,48.13927381915583,17947631,1.7306182325985908,0
2020-11-06,48.930809020996094,49.074720969219925,48.35515024832292,48.71493560877142,10496588,0.5917360227606805,0
2020-11-09,49.254608154296875,49.398525576353315,48.78689162980629,49.398525576353315,8473527,0.661748987558819,0
2020-11-10,50.90961837768555,51.08951102212966,49.29058457768848,49.68635059142067,33795453,3.3601124552734785,0
2020-11-11,52.06093215942383,52.31278077312681,50.76570836471363,51.41331751712471,23531793,2.2614857828966217,0
2020-11-12,51.48529052734375,52.45670996392039,50.909631718318714,52.16888055940787,16446681,-1.1057075011974726,0
2020-11-13,51.917015075683594,52.16886366436163,50.40591805372786,51.23341977511463,16264536,0.8385395982383637,0
2020-11-14,52.27680587768555,53.24822510252425,52.1688691882839,53.24822510252425,5387569,0.6930113402657145,0
2020-11-17,51.305381774902344,52.74452285706076,51.089508416623566,52.312776140503196,18852045,-1.858231555034351,0
2020-11-18,51.77310562133789,51.881042315876975,51.01755973934097,51.55723772214805,14032869,0.9116467517728211,0
2020-11-19,51.917015075683594,53.392131375019254,51.41331240844002,51.449293131060095,27903903,0.27796179622339157,0
2020-11-20,51.55723571777344,52.312781570397235,50.87364033886072,52.13288891645517,14790440,-0.692989297219182,0
2020-11-23,55.047157287597656,55.98260137210052,51.66517727111247,51.809089211856616,44111534,6.769023826118614,0
2020-11-24,54.75931930541992,56.162485211528995,54.255622102132214,55.227041274122946,31379070,-0.5228934541958385,0
2020-11-25,58.14131164550781,58.86088230701217,55.5148776330392,55.55085287218133,87040163,6.176103689720547,0
2020-11-26,57.709556579589844,58.64500050133306,57.169878660865926,58.393151903906094,30469713,-0.742596019419739,0
2020-11-27,56.486297607421875,58.39316098131892,56.12651227234276,58.141312344741245,44245938,-2.1196818077798163,1
2020-12-01,58.68098831176758,59.004792906150875,55.442920408381255,56.48629564796151,42923229,3.8853506023686313,0
2020-12-02,61.05556869506836,61.199486119332676,58.249242055630695,58.64500810999708,52652362,4.046592348930478,0
2020-12-03,63.825904846191406,64.04177820463396,61.16349603813356,61.45132535276111,53618786,4.537401272861796,0
2020-12-04,64.65340423583984,65.48091135645373,62.78252215220426,64.58144828837057,44126894,1.2964945685338236,0
2020-12-07,65.87669372558594,67.63963958258088,65.30103502254484,65.5888643740654,46638129,1.892072821539026,0
2020-12-08,65.30104064941406,67.24387933228411,64.79734335826663,66.92007471510202,34326971,-0.8738341947909567,0
2020-12-09,65.62484741210938,66.81214019707517,65.40897949022671,65.84072082388094,25763702,0.4958676913492832,0
2020-12-10,65.94865417480469,66.34441475640075,63.82591736666922,65.48093213301968,25329334,0.4934209761462416,0
2020-12-11,69.6544418334961,75.12317773185424,66.63224177843007,66.63224177843007,146821189,5.619201339376501,0
2020-12-14,73.03642272949219,73.79197412609751,70.12215933102995,70.69781806081387,75021883,4.855370033802697,0
2020-12-15,72.28086853027344,73.75599053696813,71.38140523104212,73.75599053696813,33553433,-1.0344896025605288,0
2020-12-16,74.0438232421875,74.54752051660085,72.42478923028787,73.32425257023212,34618175,2.439033658229617,0
2020-12-17,73.03642272949219,75.9866613673856,72.46076399970828,75.62687603374279,41881430,-1.3605463205218826,0
2020-12-18,71.23749542236328,73.6120807990641,70.6258614586338,73.03642207444317,36480527,-2.463055061981423,1
2020-12-21,64.65340423583984,71.20149427350783,64.0057897288426,71.16551904471665,58724337,-9.242451812050268,1
2020-12-22,65.15711975097656,66.41636829566224,62.31481259903898,64.0777638555317,58602960,0.7791013034662342,0
2020-12-23,65.3370132446289,65.69679854776037,63.538086728971585,65.1211398667948,29216106,0.276091844360038,0
2020-12-24,67.02800750732422,68.71899744597525,66.30843685343966,66.56028548432157,46351620,2.5881107487482513,0
2020-12-28,67.4957275390625,68.46714679517008,67.13594222273464,67.63963946963834,17759262,0.69779790438671,0
2020-12-29,67.02800750732422,68.10736348815105,66.2005001573793,67.78355339996996,17678810,-0.6929624270922807,0
2020-12-30,67.09996032714844,67.99942360231128,66.7401750170833,67.27985298218101,15960705,0.10734739476829791,0
2020-12-31,66.9560546875,68.75498140677847,66.59626934364431,67.13594735942785,43701316,-0.21446456741079922,0
2021-01-01,67.06398010253906,67.96344338443947,66.92006817339028,67.45974614253052,15130377,0.1611884325364965,0
2021-01-04,69.76236724853516,70.01422134963143,67.42376280609479,67.67561690719106,39545073,4.023601256397735,0
2021-01-05,68.32322692871094,69.43856356535318,67.89148566255164,69.43856356535318,26998014,-2.062917840355305,1
2021-01-06,69.76236724853516,71.45336254497934,69.25867002611858,71.16553320793217,50306161,2.106370533882762,0
2021-01-07,70.44596099853516,71.27346826490539,69.87030233761121,70.51791695867868,25285200,0.9798889816405421,0
2021-01-08,72.42477416992188,72.89249610741017,70.91367717101825,71.20150098803805,36022114,2.808980306802633,0
2021-01-11,73.79196166992188,74.0438102629818,70.55389421372635,73.03641040085455,36301647,1.8877345710355042,0
2021-01-12,74.4395751953125,75.19512650930373,72.49673680203207,73.3962000377893,28353142,0.8776206930064534,0
2021-01-13,75.73480224609375,77.64166534836724,74.90729499530852,75.518928879841,42401579,1.7399710401125645,0
2021-01-14,75.59089660644531,77.31786172034319,74.9792571812276,76.99405713395939,24455634,-0.19001256407962241,0
2021-01-15,72.96446228027344,76.34644201288611,72.42478431294876,75.73480808122912,28185982,-3.4745378664392423,1
2021-01-18,69.54650115966797,73.28826616827341,69.1147598878886,72.9644615869109,33623461,-4.684418981224425,1
2021-01-19,70.58988189697266,71.23749660040863,70.15814059131152,70.33803325949438,26085121,1.5002634495001388,0
2021-01-20,71.12956237792969,71.81315783475735,70.4099916801461,71.23749908057498,18486566,0.764529513938994,0
2021-01-21,68.1433334350586,72.10097172408263,67.5676802505879,71.273469928288,26939349,-4.1982951153340275,1
2021-01-22,66.74018096923828,68.68301962090484,66.56028829816216,68.07138563722378,27311961,-2.0591192051934715,1
2021-01-25,65.73278045654297,67.45975118485292,64.7613611374588,66.9560539052948,28522112,-1.5094362916990622,0
2021-01-27,64.54547882080078,66.02060070554465,63.969825650815935,65.7687521005583,34022621,-1.8062550032051816,0
2021-01-28,65.22908020019531,65.76875818504544,63.89787560220936,64.04178753554739,26810222,1.0591003303150437,0
2021-01-29,63.53809356689453,66.88409285420067,63.142327494902645,65.30103954601043,33858273,-2.5923815392014604,1
2021-02-01,65.37300109863281,65.62484976145646,63.64603021230204,64.04179631808857,24228098,2.887885721353034,0
2021-02-02,66.8121337890625,67.60366040649401,65.62484111797102,66.56028515940997,22141489,2.2014175060716124,0
2021-02-03,67.17192077636719,68.57508687324591,66.92007214048286,68.07138411158873,25912911,0.5385054583656901,0
2021-02-04,70.26607513427734,70.94966505644267,67.63964116141493,67.81953382407828,49670027,4.606321096893162,0
2021-02-05,70.26607513427734,71.92108433684702,69.65444117919967,71.20151368619366,30514219,0.0,0
2021-02-08,71.7052230834961,72.53273050644474,71.30945699298925,71.59728637791342,29096831,2.0481405094400884,0
2021-02-09,72.67662811279297,74.36761786694474,71.81314561829906,71.81314561829906,39638657,1.3547200434279816,0
2021-02-10,71.95706939697266,73.75599613189698,70.9496693274373,73.39621078491211,21467230,-0.9900826916509842,0
2021-02-11,71.5613021850586,72.20891689734414,71.16554160358145,71.95706825642438,11287104,-0.5500046280799697,0
2021-02-12,69.79833984375,71.52531017497489,69.47453530847105,71.16552491804835,18187705,-2.4635693978144024,1
2021-02-15,70.84172058105469,71.4173792343141,68.79094554988569,69.79834544814577,26118576,1.4948503641209587,0
2021-02-16,74.65544891357422,75.4469754667285,71.41738124985292,71.41738124985292,76236798,5.3834496130793275,0
2021-02-17,74.83843231201172,75.75332757254976,73.7771560434186,74.6554532599041,21014091,0.24510387533713818,0
2021-02-18,81.02311706542969,84.53631688384367,75.64353438054599,75.89970392095432,110000964,8.264049048533195,0
2021-02-19,76.92439270019531,82.12099668424352,76.00949743595874,81.02312236715963,48225988,-5.058709802443762,1
2021-02-22,77.80268859863281,79.44949992808958,77.07077245220758,77.5099210232473,36592043,1.1417651379589833,0
2021-02-23,82.12100219726562,83.73122132086722,80.10823248082208,80.32780959261072,90860972,5.550339810118965,0
2021-02-24,83.14567565917969,84.42652895458454,81.24269473710791,83.43844324351623,26071364,1.2477605417584359,0
2021-02-25,87.13463592529297,88.19591230445391,84.42654232151433,84.90228902337472,62038881,4.797555897512118,0
2021-02-26,81.2426986694336,86.65887969754466,80.54738050904692,84.53632158846469,55154985,-6.76187740189903,1
2021-03-01,85.67079162597656,86.10994021984378,83.07248693747312,83.65802211868096,41672980,5.4504503531576765,0
2021-03-02,83.0724868774414,85.37802397367484,82.52354973948475,84.82908683571819,36303917,-3.032894524751084,1
2021-03-03,83.43844604492188,84.75589742663055,82.85291085658972,83.47504408822167,19434630,0.4405299290249687,0
2021-03-04,82.48694610595703,85.63418771722958,82.19418411948448,83.40184127387614,38272786,-1.1403615288479552,0
2021-03-05,84.1337661743164,86.54909190291242,83.07248990258401,85.08525948172151,57756103,1.996461435539132,0
2021-03-08,86.54908752441406,89.54994271922735,85.78057330853679,87.06142661228075,63866178,2.870810923991396,0
2021-03-09,85.45121765136719,87.50058527620871,83.5848290793123,87.39079672772122,26817643,-1.2684938737651974,0
2021-03-10,83.73119354248047,85.6341740717031,83.14565849468455,85.56098358674762,23841269,-2.012872556016998,1
2021-03-12,84.20695495605469,85.92695678489505,83.43844076798193,85.45121017247273,20691698,0.5682009218378692,0
2021-03-15,83.69461059570312,85.52440096982902,82.56014391419131,84.90227335944164,19679802,-0.6084347315716832,0
2021-03-16,84.2435531616211,85.12185594850651,83.03589031970205,83.29206545592535,20680669,0.655887591818427,0
2021-03-17,80.0350341796875,84.06057322066387,79.59588558294192,84.02398076164687,31017863,-4.995657025362588,1
2021-03-18,80.65716552734375,82.12099797309646,78.68099395920864,80.51078451639953,26710696,0.777323773310945,0
2021-03-19,80.87673950195312,82.8895090370696,76.4486442910659,77.76609567495493,50386785,0.27223120620936125,0
2021-03-22,80.21800994873047,81.42567272848522,79.44950133185172,80.87673560896735,15825065,-0.8144857931701721,0
2021-03-23,78.42481231689453,80.73034918060908,78.02225622269412,80.21800455307431,15815643,-2.235405282407299,1
2021-03-24,76.70481872558594,77.58311591743539,75.27757880873386,76.85119972953505,31083656,-2.193175272589165,1
2021-03-25,74.65545654296875,78.82737688085649,74.14311740816773,77.58312150543811,37295495,-2.671751549206902,1
2021-03-26,74.94822692871094,76.1192918402062,73.37460583635261,75.38737557251191,26637085,0.3921620726727193,0
2021-03-30,75.75332641601562,77.80269400196393,75.09460072166956,76.1558825581375,31843017,1.0742075167041287,0
2021-03-31,74.76524353027344,76.26566844167304,74.58226447395073,75.240990193528,19587582,-1.30434257146137,0
2021-04-01,76.37545776367188,77.03418348990226,74.03332805271685,75.38737196636515,22299747,2.153693557818004,0
2021-04-05,75.71672821044922,76.48524244955418,72.75247096835314,74.7652405064993,24878516,-0.8624885172681562,0
2021-04-06,76.08269500732422,76.41206068348947,74.14312133424485,75.1312071945845,15156974,0.4833367810846534,0
2021-04-07,76.59503936767578,77.10737852702691,75.7167364864021,76.04610216090899,10330347,0.6734045899691621,0
2021-04-08,75.8265151977539,77.36353806028782,75.60694369400753,75.9729017843288,26105970,-1.0033602388175078,0
2021-04-09,75.972900390625,76.77800705774688,75.38736522322152,75.38736522322152,17645822,0.19305277644545704,0
2021-04-12,71.7643814086914,74.8384270336557,71.32522724734469,73.81374329730856,27005598,-5.539500216912774,1
2021-04-13,74.69204711914062,75.02140716085006,71.76438244944892,71.76438244944892,25505623,4.079552631794359,0
2021-04-15,76.92439270019531,78.13205556580309,75.9729049758358,76.30226503732995,28659714,2.988732625702295,0
2021-04-16,78.53461456298828,78.9371651434004,76.26566975815845,76.55843737014402,21627285,2.093252616330221,0
2021-04-19,75.42395782470703,77.54651008926626,74.5822531763076,76.08267786042443,19166492,-3.960873502201201,1
2021-04-20,75.2775650024414,76.85118563463249,74.80181845074507,75.60693057703563,23082015,-0.19409326490908985,0
2021-04-22,75.46055603027344,76.44864174322105,74.3992798171218,74.94821694476794,14844968,0.24308839934725768,0
2021-04-23,74.94822692871094,75.86312226332879,74.36269168092431,74.65545930481763,12790334,-0.6789362926996723,0
2021-04-26,75.2409896850586,77.36354225679592,75.02141258532417,77.03418219127188,11797791,0.3906199897512286,0
2021-04-27,75.53376007080078,76.1192953455517,75.24099801750354,75.24099801750354,8886250,0.3891102269755642,0
2021-04-28,76.04608917236328,76.41204724770277,75.6069405987713,75.93630063294601,6887787,0.6782782971247237,0
2021-04-29,76.15587615966797,77.5099198940123,75.78991809178696,76.77800375825029,14990087,0.1443690116080143,0
2021-04-30,79.15673828125,82.48695364645934,75.60694582203675,76.22907347627785,81358264,3.9404209798472367,0
2021-05-03,78.8273696899414,81.02311821148938,77.58311442802845,79.15673531861995,33975507,-0.41609671957214545,0
2021-05-04,80.25459289550781,80.73033942642381,78.82735330275982,79.0469303428983,30811922,1.810568094787679,0
2021-05-05,81.31588745117188,83.43844551530655,80.8767388547489,82.26738073015281,47588366,1.322409743011077,0
2021-05-06,80.69375610351562,82.59673699004843,80.10822094577765,82.19418645517102,26083818,-0.7650796998677878,0
2021-05-07,81.57205200195312,82.2307776482618,80.25460629341279,81.13290343243969,28016564,1.0884310519773122,0
2021-05-10,83.36527252197266,84.13378133109897,82.34058852572569,83.3286744712187,33477142,2.1983270936675625,0
2021-05-11,86.43930053710938,86.87844913233755,81.05971768139014,82.37716905115202,48355326,3.6874203395982352,0
2021-05-12,84.2435531616211,88.67164838729848,83.21886936896016,86.87845035412248,49718697,-2.540218814641637,1
2021-05-14,82.66992950439453,84.90227606561265,81.64525132948513,84.90227606561265,23626454,-1.8679454963248854,0
2021-05-17,83.62142181396484,84.46312652015499,82.15758948461755,83.40184473093188,19960145,1.1509533336661937,0
2021-05-18,84.97547149658203,86.00015531502335,83.65802565922395,84.17036477640583,29395737,1.6192617313175894,0
2021-05-19,84.09716796875,84.75589363009756,82.99929372786313,83.80440038769807,25295575,-1.0335965336389585,0
2021-05-20,81.82823944091797,83.95079211051731,81.38908522120154,83.03589679290454,21131045,-2.6979844656304652,1
2021-05-21,82.52355194091797,83.47504523905623,81.27929662865486,81.27929662865486,20562816,0.849721935545289,0
2021-05-24,82.74312591552734,83.40184600654688,81.13290697817101,82.88950691707007,24785960,0.26607431387173364,0
2021-05-25,83.8775863647461,85.70737666757248,83.21886073891322,83.73120537415073,25820379,1.3710630782512556,0
2021-05-26,82.96269226074219,84.4631225616336,82.7065227319277,84.4631225616336,12045621,-1.0907492020877152,0
2021-05-27,81.86483764648438,83.18228922990504,81.46228702894014,82.70654251455434,22821449,-1.323311218984291,0
2021-05-28,82.23078155517578,84.57291667732106,81.86482346584782,82.85290919021784,19331994,0.447009875316251,0
2021-05-31,83.18228149414062,83.69462062666992,81.53546996005369,82.34057670434731,16430926,1.157109200435369,0
2021-06-01,86.07334899902344,86.69547668831727,83.58483265777036,83.69462121095816,51620011,3.4755809205430976,0
2021-06-02,86.1831283569336,87.39079114499269,84.90227506925093,86.36610739803112,27162991,0.12754163650747774,0
2021-06-03,89.65973663330078,90.61122994957093,86.69547371914021,86.95164886249742,64241347,4.033977812883016,0
2021-06-04,91.81887817382812,92.7337733552496,90.28185538585545,91.19675056727692,72354379,2.4081506611579817,0
2021-06-07,91.59930419921875,93.31930597687919,91.41632516789154,92.91674987432857,28709907,-0.239138158705976,0
2021-06-08,91.3431396484375,92.14824631332309,89.76951877647916,92.03845777173024,15261479,-0.27965774742580995,0
2021-06-09,90.79420471191406,93.685271400405,90.0622885290984,92.95335521758933,29718157,-0.6009591290995542,0
2021-06-10,90.72100830078125,91.34314152120365,89.62313403049794,90.5746272983744,12245640,-0.0806179330113177,0
2021-06-11,90.4282455444336,92.6605865250107,89.65973132799134,90.7210075468142,18360366,-0.3227066826429148,0
2021-06-14,91.3431396484375,92.07505581362024,88.74483502840788,91.05037206554897,19547491,1.0117348827190842,0
2021-06-15,91.74569702148438,94.05123423032738,91.37973891163874,91.92867607640719,32779493,0.44070892964291897,0
2021-06-16,92.7337875366211,93.86825996870442,92.29463889919711,92.95336464737203,31654780,1.0769884007806318,0
2021-06-17,91.56270599365234,92.95334774603838,90.39164131209243,91.92866405564462,18124616,-1.2628423512910936,0
2021-06-18,88.0129165649414,91.16015822667408,87.02483088456205,91.16015822667408,87912730,-3.8768944082506973,1
2021-06-21,88.52526092529297,89.29377515823661,87.06142854564975,87.3907941815159,15669821,0.5821240567269736,0
2021-06-22,89.33036804199219,90.903983291961,88.92781192720939,89.80610907063742,23629008,0.9094659629172552,0
2021-06-23,90.28186798095703,91.05038227419627,89.11080310217926,90.39165653485946,21978870,1.065147228003771,0
2021-06-24,89.29376983642578,91.08696216098548,88.81802322458023,91.08696216098548,24358397,-1.0944591274292925,0
2021-06-25,88.4886703491211,91.45292763052602,88.08611420252262,89.98909521973519,34557609,-0.90163007876084,0
2021-06-28,89.54994201660156,91.12356289424125,89.14739147474401,89.69632860061293,23728169,1.1993305620859207,0
2021-06-29,87.39080047607422,89.6231416653741,87.17122336968114,89.14740057498543,20857415,-2.411103225647049,1
2021-06-30,86.14653015136719,88.52525768111437,85.67078911267949,88.08610910013033,19094044,-1.4238001230434838,0
2021-07-01,86.98824310302734,87.6469688289961,85.85377629326567,86.1831363642112,16012542,0.9770712182849195,0
2021-07-02,86.69548034667969,88.45208051957589,86.36612025729579,87.82995280402962,20014124,-0.33655439620836614,0
2021-07-05,88.52526092529297,88.89121902020378,87.02483608660509,87.2078151340605,12050022,2.110583586706394,0
2021-07-06,88.92781829833984,91.48952499829203,88.59845824197697,90.02569259831935,30193164,0.4547372906210212,0
2021-07-07,87.75674438476562,88.12270244676708,86.21972164117486,87.75674438476562,18479814,-1.3168814168424081,0
2021-07-08,85.67079162597656,87.39079354266825,85.52440503863593,87.39079354266825,17151883,-2.376971449217957,1
2021-07-09,86.29291534423828,86.84185245764428,85.34142211403704,85.70738018964104,11240925,0.726179490645773,0
2021-07-12,86.76868438720703,87.35421410907422,86.36612816635954,87.09804450675242,8420962,0.5513419509247219,0
2021-07-13,88.12272644042969,88.4154940865597,86.80527482488384,87.09804247101385,8580799,1.560519285022477,0
2021-07-14,88.41548156738281,89.11079974241952,87.90313686318106,88.04952345755768,12709481,0.3322129702274079,0
2021-07-15,85.56099700927734,87.39078734059603,85.04865236606194,87.24440076364438,28589465,-3.2284895218605114,1
2021-07-16,85.48780822753906,85.92695679904853,84.71929403933972,85.78057021916067,19691248,-0.08553988884718589,0
2021-07-19,83.8775863647461,85.30482615139678,83.58481879947851,84.02397293941831,14395883,-1.8835690096383306,0
2021-07-20,82.41376495361328,82.88951161168792,81.68184873629153,82.01121438453286,18634406,-1.7451878082987649,0
2021-07-22,84.53632354736328,84.75590064735111,83.40185117088883,83.73121682087059,11710140,2.5754903867632795,0
2021-07-23,84.38993072509766,85.45120686364929,83.98737462615638,84.53631171521621,7841690,-0.17317150323388208,0
2021-07-26,83.84100341796875,84.60951208187018,83.51163777565885,84.06057492876452,8149770,-0.6504654079134808,0
2021-07-27,83.9142074584961,84.8291028612619,83.43846073224219,84.4265466504136,9704729,0.08731293465371603,0
2021-07-28,83.69461059570312,84.31673820609052,83.0358849442024,84.09716671164165,11020097,-0.2616921132235883,0
2021-07-29,83.98738861083984,84.75590289711916,82.9261122955758,83.65802853619316,14142749,0.34981704682397474,0
2021-07-30,84.38993072509766,85.45120686364929,83.29205654697797,83.6580146063512,12236156,0.4792887609865071,0
2021-08-02,85.70738983154297,86.00015744177732,84.0239858448314,84.13376881260129,10895726,1.5611567578328378,0
2021-08-03,86.29291534423828,86.51248683915443,84.28014592841629,85.01206207962429,15163353,0.6831680603576418,0
2021-08-04,85.8903579711914,86.73206264958506,85.34142086581429,86.146527503552,14304543,-0.4665010695733218,0
2021-08-05,85.5244140625,85.81718168399445,83.95079298303547,85.04866737558125,11033147,-0.42605935908911485,0
2021-08-06,85.3780288696289,86.5124956693483,85.01207075667214,85.01207075667214,6606584,-0.17116187754775414,0
2021-08-09,84.17036437988281,85.63419680388077,83.65802526511455,84.90228059188179,8294214,-1.4144909477708634,0
2021-08-10,84.0605697631836,84.68269738165766,83.36525164560854,84.24354880297462,14300982,-0.13044331874777493,0
2021-08-11,85.63418579101562,85.85376286000793,84.06056502077561,84.53631161420773,11308648,1.872002571794651,0
2021-08-12,85.08525085449219,86.29291359633908,84.38993275855938,84.97546231721938,13519139,-0.6410231281500978,0
2021-08-13,84.97547149658203,85.59759916289647,84.42653433499677,85.48781619784147,10342014,-0.12902278221861296,0
2021-08-16,84.53632354736328,86.62228366093724,83.9507883367808,85.56100737384381,14771886,-0.5167937776448972,0
2021-08-17,83.32865905761719,84.902280019624,82.48695430267611,84.902280019624,16025745,-1.4285746517820552,0
2021-08-18,82.85289764404297,84.35332783482225,82.6333261714915,83.3652422481494,10074307,-0.5709457213817104,0
2021-08-20,80.65716552734375,81.79163790643317,79.412910182085,80.98653117808469,23878081,-2.6501573018395064,1
2021-08-23,81.7916488647461,81.97462794498043,79.41292082169979,80.76696489861816,16886027,1.4065499698445727,0
2021-08-24,82.85289764404297,84.31672979735875,82.04779107653458,82.81630519065598,17368602,1.297502610629353,0
2021-08-25,84.64610290527344,85.78056957447367,82.92610108907651,83.07248208378718,18637317,2.1643241361750887,0
2021-08-26,84.57291412353516,85.08525319949266,83.73120942668174,84.60950658091662,8779246,-0.08646444340171255,0
2021-08-27,85.3780288696289,85.63419843188312,84.13376793512931,84.53632409301282,9706825,0.9519770655149973,0
2021-08-30,87.9397201538086,88.12269917802206,85.45120430769008,85.45120430769008,15933414,3.0004104312262303,0
2021-08-31,88.23249053955078,88.56185056006906,87.13461635905406,87.82993443973791,13376290,0.33292167092426883,0
2021-09-01,87.6103744506836,89.47676315503325,87.39080292222229,89.14740307030235,10964080,-0.7050873040791217,0
2021-09-02,86.84185791015625,87.93973220590013,86.36611126518508,87.0248369594469,13031666,-0.8771981005057161,0
2021-09-03,90.098876953125,90.39164452995647,86.95164085839866,87.79333996368317,21326802,3.750517459378111,0
2021-09-06,89.03759765625,91.01376895863629,88.67163959402461,90.6112184406345,12505630,-1.1779051335203072,0
2021-09-07,87.79332733154297,89.84269449041304,87.50056538091262,89.65971547923093,8530847,-1.397466191204777,0
2021-09-08,88.42522430419922,88.83408638463156,87.34732343258752,88.46239564662055,7801721,0.7197551247487777,0
2021-09-09,90.80403900146484,92.0306194438453,87.8676790731541,88.5367234664116,27242637,2.6901992231108895,0
2021-09-13,91.47309875488281,91.73328115385334,90.02350138081684,90.84121992253176,9921031,0.7368171733056705,0
2021-09-14,92.14212799072266,93.22003449067624,91.28724386480647,91.65893458791797,16593684,0.7313945246707032,0
2021-09-15,95.48733520507812,97.15994329628731,92.36513570344088,92.36513570344088,42437332,3.630486170986069,0
2021-09-16,95.67320251464844,97.5688277218651,94.70680990966729,96.37941271334816,22431820,0.1946512688526969,0
2021-09-17,94.96697998046875,96.41657153542523,92.73683563650471,95.67319008743722,25968166,-0.7381612777847102,0
2021-09-20,95.52450561523438,96.19354430798457,92.95984216889272,92.95984216889272,29857432,0.5870731436129484,0
2021-09-21,100.50516510009766,101.09987250107697,95.97054527171831,96.34223597944285,51537119,5.214012313159744,0
2021-09-22,99.3529281616211,100.54234304168361,98.46087267312468,99.98480694348574,16424387,-1.14644549593943,0
2021-09-23,102.40079498291016,102.84682839121939,99.91046258220162,100.2078219687747,18688982,3.067717155080718,0
2021-09-24,101.17420959472656,103.99904974301288,99.98479485842736,103.25566836860077,33667173,-1.1978279938044456,0
2021-09-27,104.0733871459961,104.63092314856392,102.2149338041033,102.62379580793952,34196564,2.865530220480861,0
2021-09-28,105.7088394165039,106.74958024739367,104.8167839493846,105.41149137516437,46109879,1.5714413793543214,0
2021-09-29,107.60444641113281,110.61514303529722,103.59019180764614,104.7052637911812,68003697,1.7932341373648297,0
2021-09-30,107.41861724853516,108.57086074023644,105.07697026790072,107.60446260709664,26714630,-0.17269654628178088,0
2021-10-01,108.71954345703125,111.24703599844987,107.12127778276673,107.9389906200015,42893182,1.2110807621793729,0
2021-10-04,109.72309875488281,110.39213747506749,109.27706537935974,109.87177276569052,16099471,0.9230679838608813,0
2021-10-05,121.65436553955078,122.36058696705855,110.76383221168253,111.50721363592201,131238378,10.873979061894667,0
2021-10-06,124.96243286132812,128.419152248579,123.2526531676906,123.40132719689791,101221817,2.7192343711676115,0
2021-10-07,119.2383804321289,126.48634959329692,118.56934166218447,126.48634959329692,59769140,-4.580618589229335,1
2021-10-08,119.64722442626953,123.84733580389737,119.31270509182814,121.84019711105091,30561341,0.3428795264234008,0
2021-10-11,122.65791320800781,123.54996848999184,120.94813396739774,121.72868659279564,18143592,2.5163047418568008,0
2021-10-12,121.58003234863281,123.2898118669259,120.9853249496917,122.7322758072499,11619888,-0.8787699310904507,0
2021-10-13,118.94103240966797,121.76588419801773,118.71801570527968,121.6543701742732,16690451,-2.1705866399158946,1
2021-10-14,118.2348403930664,120.24196835353112,117.93748096067375,119.68443217878523,14821875,-0.5937328794736074,0
2021-10-18,120.50214385986328,123.02963638429405,119.83309371414832,121.72871877902206,22899876,1.9176272063795574,0
2021-10-19,117.90029907226562,121.54286353390079,117.45426567802032,121.54286353390079,10331930,-2.159168878043738,1
2021-10-20,115.14979553222656,118.4578524460183,114.22056861107205,118.3835097550851,17118996,-2.3329063299094566,1
2021-10-21,115.22410583496094,119.16402914180841,114.88958650599534,117.15690182491596,31555789,0.06453359503670875,0
2021-10-22,116.74803924560547,117.7144372357794,114.852414600091,116.71086791077208,27317028,1.3225821104025925,0
2021-10-25,119.98176574707031,121.13400930404669,118.1233120561733,118.19765474104965,34568006,2.769833671177957,0
2021-10-26,121.24552154541016,121.87738898514702,119.1640511736454,121.5800409362239,33022684,1.053289881567454,0
2021-10-27,117.37992858886719,121.61721200672231,116.71088980873266,121.24552127484736,21652522,-3.1882356620447916,1
2021-10-28,111.65589141845703,116.59938486226062,110.54081924448488,111.50721739721422,24815027,-4.876504219438626,1
2021-10-29,110.80101776123047,112.88248828466001,108.53370185790726,111.43288524700789,18736450,-0.7656323785215413,0
2021-11-01,113.84886932373047,114.18340006479607,110.31780728755932,111.50722219487851,11444653,2.7507432910661045,0
2021-11-02,113.70021057128906,115.07547103369414,112.51080684727914,114.44359215245878,20609479,-0.13057551939201772,0
2021-11-03,112.99396514892578,114.6294018495667,111.35852844828486,112.39925780057474,11591857,-0.621146978369469,0
2021-11-04,113.0311508178711,113.62585824163361,112.43644339410857,112.99397947705457,1114216,0.03290942918614537,0
2021-11-08,115.14979553222656,115.63300033708815,112.77097688269143,113.70020380384594,16568525,1.8743901119517625,0
2021-11-09,116.45071411132812,117.56578642523078,115.22413910327604,116.33921141717872,13601954,1.1297619531920766,0
2021-11-10,117.23126983642578,117.9746513970158,116.30204288568825,116.48788827583576,13900618,0.670288483032766,0
2021-11-11,114.10904693603516,116.59937920770987,113.77452756868637,116.41353385439386,14158749,-2.6633021247207345,1
2021-11-12,114.96393585205078,115.67015729879013,113.96037770785917,114.48074245037712,10552485,0.7491859225630337,0
2021-11-15,117.30561065673828,120.6136562799247,115.96752160042067,116.30204102872452,45750584,2.036877728073816,0
2021-11-16,116.82238006591797,118.71800486548321,116.56220338713827,118.49498818145793,12956283,-0.4119415841364549,0
2021-11-17,117.00824737548828,118.38350773254191,116.41355123059122,116.71089930303975,11420415,0.15910248487098766,0
2021-11-18,114.70374298095703,116.71087032946821,114.25770963991053,116.71087032946821,18351511,-1.9695230432226873,0
2021-11-22,112.9693374633789,118.48097210365778,112.54536285357986,116.59237076441065,21558590,-1.5120740374322983,0
2021-11-23,113.08494567871094,113.85580422016415,110.5411101394418,112.39117769635021,21216047,0.10233592400195057,0
2021-11-24,118.28824615478516,120.13831379491992,114.85792784347714,114.85792784347714,36294271,4.601231795129901,0
2021-11-25,119.5601577758789,120.25392571931268,117.59446625299363,118.71220872291123,11554142,1.0752645866685784,0
2021-11-26,113.39329528808594,117.36321204135204,112.73806082789974,117.36321204135204,23135841,-5.157957803429003,1
2021-11-29,111.08074188232422,112.5839139746516,109.38484335521625,111.77450999805373,18736522,-2.0394092965430377,1
2021-11-30,109.53900146484375,113.89434744035704,108.76814293732865,110.50257462423764,22980651,-1.387945733306084,0
2021-12-01,109.6546401977539,110.73383757559606,107.65040305333936,109.77026428739084,14278744,0.1055685476074597,0
2021-12-02,111.00364685058594,111.50470027378307,108.22855097437342,108.30564154518974,8561767,1.2302321638183233,0
2021-12-03,112.46826934814453,113.2005944561238,110.3484081168491,111.00364265692447,10690334,1.3194363780948626,0
2021-12-06,110.50257110595703,112.42971736338657,110.04005129922702,112.39117208576452,7749262,-1.7477802882364113,0
2021-12-07,112.46826934814453,112.73807457343891,111.38907197170546,111.77450128648644,10253663,1.7788710457267598,0
2021-12-08,114.39539337158203,115.8985768128046,113.16202686483474,113.31619620788229,12266948,1.713482420070056,0
2021-12-09,113.58600616455078,115.55168595534901,112.81514765447542,115.24334725626584,7989291,-0.7075347906730589,0
2021-12-10,113.74019622802734,114.08708026826099,112.1984789271049,112.73807762995385,10324085,0.13574741174822158,0
2021-12-13,112.50682067871094,116.01422998419547,112.04431253353805,114.81939669168493,13595587,-1.0843796566375907,0
2021-12-14,113.2391128540039,113.66308739611272,110.9650825529791,111.19634246343551,12331999,0.6508869159001396,0
2021-12-15,110.96508026123047,113.85579967631479,110.6952868399097,112.77660246629694,10361033,-2.0081688521397023,1
2021-12-16,112.04430389404297,112.73807193949227,111.42761465232752,112.00575861099158,12156709,0.9725795090417932,0
2021-12-17,107.45768737792969,111.85159094042471,106.76391932194055,111.15781112206643,17667617,-4.0935740209075755,1
2021-12-20,103.2950439453125,106.10867290006978,101.48352167863787,105.99304882448111,17238729,-3.8737511798268343,1
2021-12-21,104.87532043457031,105.49200969969158,103.14088849274953,104.10446179376108,8615570,1.5298667088950113,0
2021-12-22,105.45345306396484,106.339935700525,104.29716522721603,105.91596114124349,4968143,0.5512570803111183,0
2021-12-23,108.30563354492188,108.69106284579348,105.72325252413458,106.76391634143545,6324169,2.704681921820984,0
2021-12-24,106.7639389038086,109.15360577916726,105.76182015729137,109.11506048846059,5657495,-1.4234667123514289,0
2021-12-27,105.87742614746094,106.41702477794882,104.83676240394517,105.26073695731708,4404298,-0.8303484916816206,0
2021-12-28,107.53475952148438,108.30561801267781,106.76390103029094,107.26495434461984,8738089,1.565332133891495,0
2021-12-29,107.07225036621094,108.57543398336804,105.95450779533556,108.07436885685958,6571286,-0.4301020036047376,0
2021-12-30,108.30563354492188,108.84523221366837,106.76391634143545,106.95663099187125,11556524,1.151916742659731,0
2021-12-31,109.770263671875,110.19423826878177,107.49623307693572,108.26709170317746,6393760,1.3523120441797154,0
2022-01-03,110.27131652832031,110.57965523945383,108.8452235240001,109.73171790265272,3765911,0.45645591044862766,0
2022-01-04,113.93292236328125,114.54961169822255,110.30988869376084,110.30988869376084,16351836,3.3205424132399353,0
2022-01-05,115.89856719970703,116.47671100995692,113.62452546949807,114.4724744294776,12977680,1.7252650029973005,0
2022-01-06,116.24547576904297,116.70798385784168,114.35687460778591,116.09130640611006,9012777,0.2993208438359485,0
2022-01-07,121.06331634521484,121.41020027925381,116.66942573520075,116.7850497924251,30889365,4.144540287954079,0
2022-01-10,122.0654525756836,122.87484461993705,120.56226903665818,121.98836201796055,16418985,0.8277786043884072,0
2022-01-11,124.06967163085938,124.60927022146352,121.48730274640846,122.412330582068,14457548,1.6419216190044494,0
2022-01-12,127.15312194824219,127.73126589019755,124.41657160384642,125.4186901223761,21220614,2.4852570953495468,0
2022-01-13,126.38226318359375,127.57709634778388,125.68849515915748,127.15312177179788,7445346,-0.6062444655996813,0
2022-01-14,124.14678192138672,125.88121379987199,123.49154739567803,125.61140858049336,11646259,-1.7688251546497336,0
2022-01-17,127.84691619873047,129.65842703103047,125.11036554476158,125.26453492758309,32577835,2.980451220787006,0
2022-01-18,126.30517578125,129.81257270884234,125.95828003028566,129.73549391269188,11175409,-1.2059269502315728,0
2022-01-19,131.23866271972656,131.8168066083597,127.11456494252971,127.42291540722124,36648534,3.9060053619821122,0
2022-01-20,128.61776733398438,131.7397353807722,128.34796210808875,131.7397353807722,14474454,-1.997045178172363,0
2022-01-21,126.15099334716797,128.2708542982423,125.11034139224297,127.42291697523318,8625926,-1.9179107505504112,0
2022-01-24,127.73126983642578,129.7355069354056,126.2280978933754,127.34584052988112,28783449,1.2526865205959137,0
2022-01-25,127.3072738647461,128.50210686682908,125.64993282991183,125.64993282991183,14249846,-0.33194375364987705,0
2022-01-27,127.73126983642578,130.08239095882197,126.80624185319239,127.26876172599357,25936832,0.33304928996449323,0
2022-01-28,130.12094116210938,134.66900244636093,128.15524927193067,129.1573678593129,32790065,1.8708585053165416,0
2022-01-31,133.05020141601562,134.78463329666394,130.6990802919963,132.27934280239413,24031034,2.251182805584584,0
2022-02-01,131.77825927734375,134.82314802424307,129.88965828969992,134.1293800736367,14220953,-0.9559866314631238,0
2022-02-02,132.04806518554688,134.16792608917183,131.43137602474613,131.4699213027401,12478192,0.20474235255703022,0
2022-02-03,129.11878967285156,132.00950884463182,127.96250200413947,131.04593578737175,12529302,-2.218340350976933,1
2022-02-04,130.73760986328125,133.12726422090103,130.31363532426832,131.04594856672654,17434362,1.2537448612485402,0
2022-02-07,132.6647491455078,133.58977696926146,130.42925249553898,131.58554021582276,11723574,1.4740511810196422,0
2022-02-08,128.69482421875,133.3585204960866,128.34794024623363,132.58766199610923,13231599,-2.992448975577955,1
2022-02-09,126.38226318359375,130.73762126436827,125.72704044104141,129.42715225452636,17938632,-1.7969339864247091,0
2022-02-10,130.35220336914062,131.3543102115421,127.30730226957277,127.84691273839772,26763203,3.141216247868428,0
2022-02-11,129.619873046875,131.4313955199867,128.81048090078212,129.4657036743987,12884995,-0.5618089325208908,0
2022-02-14,128.11668395996094,135.94090501299647,127.34582543822546,130.19799961617318,44604164,-1.1596902940727793,0
2022-02-15,126.53643035888672,131.04595772678522,120.56227640369504,131.04595772678522,31146458,-1.2334487220790669,0
2022-02-16,129.92819213867188,130.1979855346794,126.8062131108257,126.8062131108257,15960268,2.680462670051087,0
2022-02-17,132.39495849609375,132.89601185823503,129.88966816065093,129.92821344136217,24640791,1.898561287444922,0
2022-02-18,129.4271697998047,132.39498047165745,128.5021417210357,131.97100583819704,11829998,-2.2416176038732027,1
2022-02-21,127.28497314453125,130.51773828290195,127.01233803476451,130.40088447620897,14222260,-1.6551367526516647,0
2022-02-22,128.4923858642578,129.69980383274518,127.16812598015404,129.69980383274518,29399172,0.9485901516085082,0
2022-02-23,125.2206802368164,129.6219000131874,124.3637999099307,129.50505809872925,21301826,-2.546225292211246,1
2022-02-24,122.02684783935547,126.50596946345175,121.52051710591655,125.22066105625696,28766189,-2.550563047110732,1
2022-02-25,124.24696350097656,124.94803879130632,122.14372574372895,124.16906096371399,20225258,1.8193665582051377,0
2022-02-28,125.14276885986328,126.07755165450374,121.36473396217662,125.02592695366172,20210070,0.7209877277038368,0
2022-03-02,126.9344253540039,131.14091244739558,126.11649631754518,129.037662957571,41103406,1.4316899893328516,0
2022-03-03,132.65992736816406,133.82839411793722,126.89548427086142,131.10197170179984,42345653,4.510598285841261,0
2022-03-04,128.72605895996094,133.20518052740286,127.63549498499917,132.50410538439255,32658756,-2.9653780808168717,1
2022-03-07,145.62989807128906,147.8499895670511,130.167195794627,130.167195794627,132538155,13.131637251930407,0
2022-03-08,139.5149383544922,151.86173020408714,138.5022647674136,148.0057922054598,73127816,-4.198972736905626,1
2022-03-09,136.63267517089844,143.17609456817846,135.42526932138318,142.55291007040097,51977091,-2.0659172541582893,1
2022-03-10,135.8147735595703,137.80115728516708,128.53132694485885,131.06300459680304,62112814,-0.5986134797588472,0
2022-03-11,136.86642456054688,137.4117067527681,133.75051273498514,134.37369747734957,26187452,0.7743273970966635,0
2022-03-14,133.82839965820312,136.710615383044,132.89362859693836,135.5421485848983,20214021,-2.2197006403128383,1
2022-03-15,127.55762481689453,132.03674752038853,125.92176655328882,131.10197646386766,42333127,-4.685683201266777,1
2022-03-16,130.32298278808594,130.75142293716024,126.07755633545668,129.31030931379868,25545119,2.167928397193819,0
2022-03-17,132.65992736816406,133.59469839073088,128.21975609627776,129.77771176264196,66314748,1.793194515719576,0
2022-03-21,134.41259765625,136.32109054665196,132.6598979206502,133.75046189052108,20614652,1.3211753713853858,0
2022-03-22,136.671630859375,141.18970375684526,135.3863224486427,137.25586411629988,39742745,1.68067074256113,0
2022-03-23,136.78851318359375,138.42435951255098,136.2042798047679,137.48958848368136,10994784,0.08552054547370513,0
2022-03-24,138.22959899902344,140.52758097826685,137.48957251570872,139.35911435632033,20332589,1.0535137650743431,0
2022-03-25,136.9442901611328,139.6317610083091,136.39900811603658,139.0475276986509,13608989,-0.929836190799993,0
2022-03-28,137.3727264404297,138.58013240413868,136.04845480006006,136.7105906202449,15253027,0.3128544306540748,0
2022-03-29,133.2052001953125,136.4769044895248,132.85466257205005,136.2821600447948,14210783,-3.033736283107402,1
2022-03-30,126.19438171386719,128.41447281333572,125.53224594419949,126.97335937876761,95239532,-5.263171761437002,1
2022-03-31,127.67444610595703,128.72607080348374,125.53225733313052,126.07755125703737,33523683,1.1728449174906563,0
2022-04-01,130.82931518554688,131.0630108957477,127.40181772345977,127.67445281347943,28335224,2.471026251385977,0
2022-04-04,130.9072265625,131.68620439162973,128.80398880110147,130.05034619595398,17745513,0.059551925990453114,0
2022-04-05,133.86732482910156,134.56840001679933,131.88092928228244,132.62095573290932,20054934,2.2612183791001828,0
2022-04-06,134.6073760986328,135.15265822140978,132.65993145567302,132.89362719007994,12969222,0.5528244255840864,0
2022-04-07,131.53041076660156,135.3863486307469,131.0240680475924,132.89362196305507,24550313,-2.285881666526668,1
2022-04-08,133.12730407714844,133.43890233548416,131.41355525820563,131.64725098039287,9529874,1.2140867661247778,0
2022-04-11,133.36099243164062,134.5684103576876,132.07568386000654,133.20519925420885,9724979,0.17553750983851923,0
2022-04-12,131.5693359375,134.13996486468398,131.02405389506873,133.2051939510508,13184429,-1.343463678150869,0
2022-04-13,135.7368927001953,136.20428417274832,132.9715189078176,133.51680103495684,23458303,3.167574521068528,0
2022-04-18,136.9442901611328,139.43701657175637,136.39900811603658,137.10008333312356,23916912,0.8895131138770829,0
2022-04-19,137.99591064453125,140.060208918298,137.10009094118004,138.1127644447017,17880666,0.7679184595144939,0
2022-04-20,136.71058654785156,138.15170004943974,136.1653045343137,137.8011505749273,10076403,-0.9314218737905944,0
2022-04-21,135.65896606445312,137.64536164060394,135.4642216331885,136.86638391554533,12246720,-0.7692311985146416,0
2022-04-22,135.54212951660156,137.33378073229085,135.30843381259734,135.65897142547504,10267952,-0.08612519411068664,0
2022-04-25,132.15357971191406,134.76316011016908,131.10196680812706,133.20520450195903,12583497,-2.4999974670402825,1
2022-04-26,130.0503387451172,133.75048322149485,129.0766165144915,133.28310368254915,20086229,-1.5915126713796135,0
2022-04-27,128.4144744873047,131.56932456227227,127.24600797472232,130.8292981482213,13981957,-1.2578700475502802,0
2022-04-28,128.37551879882812,129.310289599404,126.5449165710813,129.310289599404,13030499,-0.03033590148781018,0
2022-04-29,124.98696899414062,130.4398128682431,124.24694255990656,129.69978643400904,15964743,-2.6395607483367223,1
2022-05-02,121.79317474365234,124.05220544145867,121.4426252506677,123.19532517056273,23405519,-2.555301785610953,1
2022-05-04,126.38915252685547,126.81759270928293,123.03954549095678,123.8574745871804,23661920,3.773592233617884,0
2022-05-05,128.4144744873047,131.1798357247448,127.28494734947024,127.90813186676539,26878516,1.6024491975439759,0
2022-05-06,130.0503387451172,130.4008763708909,125.49332583754352,127.67445412513894,16768573,1.2738939783413894,0
2022-05-09,128.3365936279297,130.32298941186548,126.77863801484405,128.7260825312011,9952775,-1.3177552121153902,0
2022-05-10,120.31310272216797,125.9217397538893,119.1056849165962,124.9869688963118,22602956,-6.251912006503169,1
2022-05-11,123.54589080810547,124.63645503515968,119.76784351034875,119.9625879713412,15084514,2.6869792340097787,0
2022-05-12,121.9100112915039,125.4154109772021,119.96256702167157,123.85745556133624,21459069,-1.324106780000034,0
2022-05-13,119.61204528808594,124.87014551373316,119.14465384685849,124.63644979311944,12934346,-1.8849690678177433,0
2022-05-16,119.57310485839844,121.71529403338603,118.24884483656703,120.11838699841617,13205775,-0.03255560892192477,0
2022-05-17,127.09022521972656,127.5186653933976,121.17000098277688,121.52053862077751,17843200,6.2866314044701666,0
2022-05-18,127.12918090820312,128.1418544758414,124.79224739192638,126.19440987894413,12616832,0.030651994210573186,0
2022-05-19,124.63645935058594,126.23336636326712,122.92271041176718,123.50694381497306,8932407,-1.9607784301049813,0
2022-05-20,126.11651611328125,127.59658124163225,124.71436541498785,125.92177164004502,7235654,1.1874990435440047,0
2022-05-23,120.81946563720703,127.90815672616515,120.46891610629697,125.99966342860944,18029557,-4.2001243289310874,1
2022-05-24,117.3530044555664,122.88375176162296,116.96351554348519,122.6111047686628,19141394,-2.8691247419100563,1
2022-05-25,118.87200927734375,119.37834005979924,114.97712053151017,119.10569309308804,19366472,1.2943893757338731,0
2022-05-26,118.32672882080078,119.41730492560016,115.36662254583027,119.02781600665578,12824105,-0.4587122400453114,0
2022-05-27,112.01701354980469,121.13105171997215,109.91377580072886,120.74156280768928,52469252,-5.332451369083147,1
2022-05-30,112.21174621582031,114.74342387965473,109.95270363018304,113.45810347241532,40261336,0.17384204402934866,0
2022-05-31,117.82038116455078,119.18359218628939,113.26335670880758,113.26335670880758,57675204,4.99826010901141,0
2022-06-01,116.65192413330078,119.10569941899732,115.87294634276121,117.7814395523316,22780094,-0.9917274241526219,0
2022-06-02,118.75516510009766,119.10570273835805,113.73076058834368,115.13292302764339,25429955,1.803005807596847,0
2022-06-03,118.09304809570312,120.1183833959209,117.74249855039302,119.9236389313081,16747177,-0.557547963355054,0
2022-06-06,119.92362213134766,121.52052889471555,119.02780247412666,119.26149817617562,30327268,1.550111598576942,0
2022-06-07,126.07757568359375,126.93444422698185,120.1183877201574,120.58577920655763,61411715,5.131560774161659,0
2022-06-08,127.28497314453125,129.62190664328955,126.27231147074275,127.36287568232657,45994327,0.9576623395484818,0
2022-06-09,128.9597930908203,130.36195568120672,128.14186392257326,129.31033076685205,31122996,1.3158033544048653,0
2022-06-10,128.25869750976562,129.81665320079836,127.24603581960125,127.75236666468344,17812698,-0.5436543935526728,0
2022-06-13,124.28589630126953,127.71339347886142,123.42901606374328,126.19438931802539,12237777,-3.097490685334303,1
2022-06-14,121.48157501220703,125.06487733638923,120.97524424055943,124.28589960385023,12844437,-2.256347158059524,1
2022-06-15,117.93724822998047,122.49427365792697,117.46986862599836,122.26057791280623,16223385,-2.917583824436265,1
2022-06-16,111.822265625,118.0540880282183,111.08223909186943,116.18453417549804,25130676,-5.184945974876487,1
2022-06-17,110.18639373779297,113.06860886231378,109.56320919799636,110.96537144097462,22922034,-1.462921429881403,0
2022-06-20,104.69459533691406,108.19999489354632,101.26709830270941,107.9663110987757,28656582,-4.984098503076129,1
2022-06-21,108.35580444335938,109.2126727944073,105.1619910711406,106.01887130844513,20581784,3.497037353899035,0
2022-06-22,105.0451431274414,106.68098909604508,102.04607435561746,106.68098909604508,31824106,-3.055361300601611,1
2022-06-23,105.00621032714844,106.25256768144583,102.98086328281043,104.38302570687074,26829020,-0.03706292279095358,0
2022-06-24,106.99258422851562,109.83584787648992,105.31777516105694,106.71993729843346,25461812,1.8916727831416846,0
2022-06-27,110.225341796875,111.08222199997506,106.91468665456603,109.05687527606007,24188349,3.0214781628741916,0
2022-06-28,116.34034729003906,118.20988938578856,110.73169723027306,111.23803996730517,54387675,5.547731033062142,0
2022-06-29,120.07941436767578,122.61109203324231,113.88654368607985,116.34033070907549,165860322,3.2139040021215814,0
2022-06-30,118.0540771484375,120.31310780691028,116.26242599537797,119.1835924776739,38725546,-1.6866648042076715,0
2022-07-01,102.08504486083984,117.74249178417936,101.2671157792176,116.02874297132115,125788305,-13.526879099244237,1
2022-07-04,98.15119171142578,101.22815129655646,96.67113287000879,101.22815129655646,85993413,-3.8535058242631037,1
2022-07-05,99.24177551269531,100.17655246310092,98.15120537545334,98.93018319589345,44595740,1.111126398216289,0
2022-07-06,94.21736907958984,96.20376498486927,93.36049462867437,95.81427605780502,59092334,-5.062793775251162,1
2022-07-07,96.20376586914062,96.71010266760409,94.4510656812413,94.4510656812413,36229792,2.1083127335818297,0
2022-07-08,94.64580535888672,98.42384660639753,94.2563164479448,98.42384660639753,42778692,-1.6194381749806919,0
2022-07-11,97.76171875,98.07331107408402,94.2952697452796,94.64580739541833,31521678,3.2921832925379757,0
2022-07-12,96.67115020751953,98.73544270315415,96.20376468512455,97.2943348661324,25216226,-1.115537407100331,0
2022-07-13,96.94376373291016,97.29430723249165,94.56788552589812,95.38580847199957,27166975,0.2820009121701883,0
2022-07-14,99.0470199584961,103.29245217003415,96.43744574107329,96.90483119233689,38464081,2.169563203034519,0
2022-07-15,98.57964324951172,100.02074505188322,97.06063296928501,99.39756637597628,18088858,-0.4718735699269061,0
2022-07-18,101.189208984375,101.81239358634633,98.89122690797225,98.96912944056528,21010247,2.6471649205082715,0
2022-07-19,99.63125610351562,103.75983464122653,96.94377928152922,101.65659707891425,33778758,-1.5396433043566415,0
2022-07-20,103.25350952148438,106.40837198122667,102.98086253763017,105.16200274969015,60317150,3.635659691176918,0
2022-07-21,103.68196105957031,103.99354745850034,102.66928743365892,103.6040585167082,20853780,0.41495106565534456,0
2022-07-22,103.17559051513672,104.22721512924443,102.47451536323558,104.22721512924443,11630255,-0.4883882782103832,0
2022-07-25,101.11132049560547,103.17560690453557,100.02074444731994,102.82506927290225,21705935,-2.0007348726813534,1
2022-07-26,99.86494445800781,102.51347592080637,99.51440685026806,101.92924261248778,22172845,-1.2326770449524793,0
2022-07-27,100.17654418945312,101.42290146746485,99.55335960731861,100.56603306750503,20187969,0.3120211332779954,0
2022-07-28,101.46184539794922,101.6565898228973,99.90388999836459,101.5786872984155,25736737,1.2830360828432363,0
2022-07-29,104.49986267089844,104.77250964380536,101.18920716170756,101.61764731073669,19738642,2.994246025226177,0
2022-08-01,107.8105239868164,108.27791542661437,103.75984175818029,104.46092891787724,20592826,3.1681011164045536,0
2022-08-02,106.48625946044922,106.75890643618995,104.85041326477747,106.48625946044922,15037928,-1.2283258418529952,0
2022-08-03,105.66832733154297,107.8494674149568,104.22722562172572,105.94097429931615,15853543,-0.7681104896073876,0
2022-08-04,106.1357192993164,106.83679452550624,104.38301934758458,104.65566631680132,14311959,0.44231983185174517,0
2022-08-05,106.33045959472656,107.88841504666395,104.07142894392007,105.2398955328731,66480753,0.1834823344071035,0
2022-08-08,106.33045959472656,107.10943732069525,105.20094426932332,106.17466642678419,12451233,0.0,0
2022-08-10,104.22724914550781,106.52523165589675,103.954602116199,106.25258462658795,15829467,-1.9779943181239323,0
2022-08-11,103.4482421875,105.94096848037516,102.8640089054391,104.77250191625338,19479706,-0.7474119910046428,0
2022-08-12,108.43370056152344,108.82318943702192,103.9935297580923,104.3051161039882,40876891,4.819277996998039,0
2022-08-16,109.0179443359375,110.53694871889104,106.01888683856939,108.66740669160335,31230003,0.5388027627836633,0
2022-08-17,108.78423309326172,109.68006459683761,108.0442066416167,109.01792878490137,15694770,-0.2143786915992485,0
2022-08-18,108.10633087158203,110.29956143745177,107.42841837434338,110.25968208417831,42597708,-0.6231622013628701,0
2022-08-19,107.34869384765625,110.4590893292096,106.91004521064936,109.66155077809618,35382493,-0.7008257683130181,0
2022-08-22,105.1953125,107.26891725525029,103.52048912334755,107.26891725525029,31231393,-2.0059688389988395,1
2022-08-23,106.67076110839844,107.0296509548691,103.75975081322837,105.195310199111,24268146,1.4025801847382002,0
2022-08-24,108.4652328491211,109.58178184889701,107.26892513387342,107.4284303953455,22730039,1.6822526830001072,0
2022-08-25,108.90386199951172,110.17991603290884,108.58483936406053,109.26275181610875,14620592,0.4043960805401703,0
2022-08-26,108.98362731933594,110.25969374218776,108.54499089535999,108.86400141633729,12105053,0.07324379352549037,0
2022-08-29,108.38545989990234,108.94374649594457,106.67075726768633,107.02964710123504,9198908,-0.5488598922119614,0
2022-08-30,110.53882598876953,111.53574897867738,109.70140824335293,109.98053937884507,21720398,1.9867665744610852,0
2022-09-01,107.42843627929688,108.66462341998748,106.98978765911995,107.66770026934539,20349294,-2.813843626119805,1
2022-09-02,105.87323760986328,108.26585314906923,105.51434771287678,107.42843527645276,17495310,-1.447660157121089,0
2022-09-05,106.39161682128906,106.79038601802473,105.79346302618555,105.99284762455338,14865879,0.48962251757709296,0
2022-09-06,105.35482025146484,106.98976412328176,105.03579761175544,106.9498969416038,10870488,-0.9745096472833725,0
2022-09-07,105.67383575439453,106.03272559287396,103.71986914981103,104.47752817981647,12042788,0.3028010509326995,0
2022-09-08,105.15546417236328,106.98979312772575,104.87632080812672,104.99594672452943,14629497,-0.4905391938606618,0
2022-09-09,106.87015533447266,107.02966059510744,105.23519903165548,105.67384762550468,12327341,1.6306248806041923,0
2022-09-12,106.87015533447266,107.98670432838757,106.55114481320305,107.66769380711797,13500202,0.0,0
2022-09-13,106.79039001464844,107.78731304379741,106.471379513109,107.02965397553831,10846178,-0.0746376007170313,0
2022-09-14,106.23211669921875,106.94990858963843,105.27507301479656,105.63396287527104,8597956,-0.5227748633122364,0
2022-09-15,105.75360107421875,107.18916051791498,105.27507314667285,106.55113950714808,10810473,-0.4504434627381593,0
2022-09-16,104.67691802978516,105.27507184709822,103.67999500093006,104.55729213411078,20909579,-1.018105325489549,0
2022-09-19,104.11863708496094,107.1492853378825,103.44072459975894,105.35482399766879,19411428,-0.5333372011061321,0
2022-09-20,106.23211669921875,106.55113937367328,104.7167985463395,104.7965450878501,13080582,2.0298763731734226,0
2022-09-21,104.39778137207031,106.23212229604613,103.7198809708969,105.43458382209764,11156865,-1.7267238798809759,0
2022-09-22,102.60331726074219,104.35791159548549,102.1646808465274,103.9990095555337,11366882,-1.7188718838120787,0
2022-09-23,102.56344604492188,102.96221525634152,101.68614891201042,102.2843027291399,10407849,-0.038859577725924854,0
2022-09-26,98.45611572265625,102.72295114643916,97.81808863615241,101.52664351391728,12848954,-4.004672698367262,1
2022-09-27,99.25364685058594,102.00515785402993,98.7751250496889,99.17389423122557,14465123,0.8100371643507298,0
2022-09-28,97.73834991455078,98.85489899594928,96.90093201876576,98.85489899594928,15267018,-1.5266914457221392,0
2022-09-29,101.00824737548828,102.24442834008902,98.49600000457824,98.49600000457824,20597761,3.34556237525625,0
2022-09-30,101.12787628173828,105.5940842288565,100.09107387937254,100.09107387937254,33530494,0.11843479058228912,0
2022-10-03,105.5940933227539,107.66769830606688,104.15853374758382,105.03581880246867,50966493,4.416405451423611,0
2022-10-04,106.79039001464844,107.66768714808775,105.11556662736054,107.58792843796762,14137567,1.1329200850638266,0
2022-10-06,105.7934799194336,108.90388745232804,105.59409528922774,108.86400809239245,14570735,-0.9335204179684142,0
2022-10-07,106.91002655029297,107.06953179878069,104.63703720856421,105.314949726475,13532236,1.0554021209148834,0
2022-10-10,106.27198791503906,106.87014169317249,105.43457019175831,106.07260332232792,10183057,-0.5967996228620875,0
2022-10-11,104.55730438232422,106.47139195416078,103.87939177550143,106.27200732503313,13176461,-1.613485892524824,0
2022-10-12,104.75668334960938,105.27507848953445,102.96222178444685,104.55729873125799,9401804,0.19068870268126314,0
2022-10-13,103.56036376953125,105.15544053351651,101.80577567830647,104.63703328353934,13320136,-1.1419983354050922,0
2022-10-14,101.76590728759766,105.91311097153961,101.32726478109186,105.27507776332219,13205955,-1.7327637878204794,0
2022-10-17,101.9254150390625,102.24442554719019,100.48984341354624,101.2873818533363,9320940,0.15673987066617823,0
2022-10-18,102.64319610595703,102.96221878771685,101.76590502769173,102.44381149340876,6490293,0.7042218730425986,0
2022-10-19,101.9254150390625,102.64319476708522,101.60639844619939,102.64319476708522,7381712,-0.6992972687186905,0
2022-10-20,103.3609848022461,104.47753373004613,100.33033635175522,101.28738002836533,18748363,1.4084512313571773,0
2022-10-21,104.91619873046875,106.39163774690506,102.68308835563613,103.16161635362616,11945173,1.5046431022287088,0
2022-10-24,105.91310119628906,106.87014483554921,105.59407853688893,106.07260644125407,2154912,0.9501892728513539,0
2022-10-25,104.27815246582031,105.99285526764196,103.56037272772544,105.63396539859453,10232002,-1.543669963396399,0
2022-10-27,105.1155776977539,105.43458823289038,103.91926993678433,104.27815983118083,13865026,0.8030687273713255,0
2022-10-28,106.6308822631836,108.14621253363501,105.11556416220246,105.35482811748113,22918037,1.441560421983068,0
2022-10-31,106.91002655029297,107.82719085620013,105.91310353540675,107.18915769277888,8753855,0.26178559267697743,0
2022-11-01,107.78731536865234,108.22596394483318,106.94990974168175,106.94990974168175,11630848,0.8205861009179305,0
2022-11-02,108.82410430908203,111.01733474912002,107.94681943474843,108.34558860566443,21117499,0.9618839998785322,0
2022-11-03,108.78423309326172,109.02349704759796,107.86706879935475,108.78423309326172,7561534,-0.03663822098372016,0
2022-11-04,109.940673828125,110.37931021462485,108.50510226743657,108.78423340707553,7498344,1.063059141917977,0
2022-11-07,110.49894714355469,110.85783698767833,109.06337559759001,110.49894714355469,9987481,0.5077950643657791,0
2022-11-09,110.57869720458984,110.8578405197299,109.26276367771939,110.81796116478553,12033732,0.07217268860630899,0
2022-11-10,111.5357666015625,112.33330511950153,109.58178749703426,109.66154621661697,15908521,0.865509742081616,0
2022-11-11,112.01425170898438,112.69216413121433,111.01732883480426,112.1338897555672,18492513,0.42899701324612405,0
2022-11-14,111.0572280883789,112.45292036238007,110.53883296868109,112.13390985325387,12743505,-0.8543766583308021,0
2022-11-15,113.52958679199219,114.32712512654929,111.65536683799529,111.65536683799529,24636519,2.2262024238942635,0
2022-11-16,113.96825408935547,114.28727681149286,112.61244098632103,113.88850753592553,11460200,0.3863902879933878,0
2022-11-17,114.2074966430664,114.68602455167976,113.01118904100328,113.21057364134714,13368536,0.20992034634781387,0
2022-11-18,113.05109405517578,114.24740192877552,111.81490681856144,114.16764320274633,19958908,-1.0125452548047198,0
2022-11-21,113.42790985107422,114.18159135443007,112.548621152798,113.88849086235649,16348881,0.33331459465091307,0
2022-11-22,113.21855163574219,113.80473981930967,111.2924937943541,113.00919780032922,11198874,-0.18457381045539067,0
2022-11-23,114.30720520019531,114.432812402424,112.67424768149587,113.51166310420793,9010911,0.9615505133431235,0
2022-11-24,116.77758026123047,117.23816130767115,113.46979183706743,114.30720727497936,11803087,2.1611717797741514,0
2022-11-25,117.69871520996094,118.32677664354884,115.3539499689776,116.40071902495744,9789098,0.788794344487953,0
2022-11-28,116.9031982421875,118.24305525313963,116.44261720363244,116.81945158865193,8925344,-0.6758926521452047,0
2022-11-29,117.44750213623047,118.15931029065798,116.81944062748057,117.28002162281932,13558920,0.46560222665195106,0
2022-11-30,118.1593017578125,118.74548990139215,116.90317883102333,116.90317883102333,17720938,0.6060576927011896,0
2022-12-01,117.28003692626953,118.91299450650921,117.07068306270173,118.4524134510709,27727625,-0.7441350942858249,0
2022-12-02,117.99182891845703,121.25775676063645,117.69874118486676,118.78738379892657,24518337,0.6069165826021905,0
2022-12-05,120.37846374511719,120.54594426952141,117.74061034640216,118.49427909519362,18440387,2.0227119526298187,0
2022-12-06,119.28983306884766,119.87602135170773,118.20119038470966,119.624806929015,10977472,-0.9043400641617572,0
2022-12-07,117.78247833251953,118.70364044183553,117.32191005580728,117.90809831721485,9731670,-1.263607046426296,0
2022-12-08,119.45730590820312,119.75040641970925,117.53126064269,118.28492941806945,10150945,1.421966662100016,0
2022-12-09,117.82434844970703,119.70853316727573,117.48938738887298,119.33169877935107,9438307,-1.3669799817442208,0
2022-12-12,119.20606994628906,119.33167712682427,116.56820415356182,117.23813893161683,8946335,1.1726960638970274,0
2022-12-13,120.88092803955078,121.13214245784872,119.37357764003313,119.7922853744577,12593054,1.405010746530233,0
2022-12-14,123.60250854492188,124.43992387983884,120.67155487271249,120.88090870644173,17692988,2.2514556675810926,0
2022-12-15,123.47689819335938,124.64928742030625,122.80696331766758,123.64437871779609,11426194,-0.10162443549182054,0
2022-12-16,123.26753234863281,126.03100545574283,123.100051840493,124.23056763183827,20540447,-0.16955871729034122,0
2022-12-19,122.09516906738281,123.56064603168761,121.42523418525447,123.14193832760053,10635055,-0.951072240120987,0
2022-12-20,122.13704681396484,122.43013455066668,119.83415435813582,121.8439462993175,6714207,0.034299265811998936,0
2022-12-21,120.16909790039062,122.93257100003015,119.49916309169868,122.68134384952772,10011408,-1.6112628927173356,0
2022-12-22,119.12232971191406,121.5508290377457,118.53614154132819,121.42522185045722,9123323,-0.8710793429973496,0
2022-12-23,117.0706787109375,120.1691132209764,116.65197099936616,117.7406136050407,8007752,-1.7223059739834512,0
2022-12-26,118.32679748535156,119.6247938989811,116.81944722365097,117.65686261593521,7150680,1.0729576254662199,0
2022-12-27,121.25776672363281,121.7602083559038,118.99674743354726,118.99674743354726,8765357,2.4770122242546933,0
2022-12-28,120.50407409667969,121.13213566308617,119.49917814601837,120.12723971242485,9534858,-0.6215623521014679,0
2022-12-29,121.13211822509766,122.26263399306018,119.33168043843203,119.54103426376261,36752195,0.5211808257321593,0
2022-12-30,122.89069366455078,124.56552424260258,121.04838258428245,121.80205123322845,9644998,1.4517829500720891,0
2023-01-02,125.98914337158203,126.28224387042702,123.30941666850069,123.35128999375638,9631496,2.5213054094144427,0
2023-01-03,125.23546600341797,126.1147546614489,123.93746967755746,125.36107319258926,14991139,-0.5982081852411891,0
2023-01-04,122.47200775146484,124.64929300044687,121.42523845444379,124.60741967297693,13535874,-2.2066099485569923,1
2023-01-05,122.68135833740234,123.10006604503853,120.7134270003342,122.13704342865337,16320559,0.17093749811167847,0
2023-01-06,123.39315032958984,124.02121180847554,122.51386170356115,122.84882271445612,16804116,0.5801957215291864,0
2023-01-09,124.06307220458984,125.7797761337683,123.76998451488939,125.02610747117457,18660445,0.5429165826551952,0
2023-01-10,125.06800842285156,125.86355058200009,124.4399468059533,124.4399468059533,18490715,0.8100204197784899,0
2023-01-11,122.93257141113281,125.61229787691833,122.47199042999537,125.1935902173286,12538238,-1.7074206574865247,0
2023-01-12,122.38825225830078,124.14682966147934,122.05329121862134,123.68624864846166,13270422,-0.44277862781509914,0
2023-01-13,123.05818176269531,123.51876275567817,122.17889309935421,122.59760076971244,8854484,0.5473805631120987,0
2023-01-16,123.60250854492188,123.76998905631648,122.26263889787714,123.6862424116472,9696320,0.44233286599035804,0
2023-01-17,123.81185913085938,124.77488162957462,122.80695053296428,124.18869346609823,18484595,0.16937405915302683,0
2023-01-18,124.98424530029297,125.40295298974118,124.10495659686278,124.14682992139653,12139643,0.9469094298911074,0
2023-01-19,127.07776641845703,127.37086687227972,123.97933249464995,123.97933249464995,18437610,1.6750280110377602,0
2023-01-20,126.95216369628906,127.70583234979907,126.0728750818985,127.28712470275055,17512691,-0.09883925859569542,0
2023-01-23,127.58025360107422,128.20831521162506,126.74283812033975,127.74773414163188,16742252,0.49474533280720046,0
2023-01-24,127.41273498535156,128.29202362113324,126.95216678474827,127.58022827060037,8276792,-0.13130450128000515,0
2023-01-25,127.66397857666016,128.4595206722724,126.57533597205881,126.65908262546864,9827342,0.19718875930061497,0
2023-01-27,123.64437103271484,129.0875707952296,122.76509513958702,127.66396725908379,13052535,-3.1485839535633775,1
2023-01-30,121.34146118164062,124.64926154793254,119.95973116940036,123.51874588123248,12688399,-1.8625270457843124,0
2023-01-31,121.34146118164062,123.85370686058094,120.7971463957138,121.55081498821897,19050398,0.0,0
2023-02-01,120.79714965820312,122.26262634383123,119.2060657964125,122.0951458496337,11526089,-0.4485783491783524,0
2023-02-02,120.12724304199219,121.42523953746455,117.78247724016236,119.75040864729263,11886667,-0.5545715425458675,0
2023-02-03,120.83905029296875,121.71833905870511,117.32190800796884,120.16911538679126,9250428,0.5925443995478563,0
2023-02-06,120.16909790039062,120.75528606626722,118.57801391044794,118.66174777531964,6436143,-0.5544171283652588,0
2023-02-07,121.13211822509766,121.38334537108304,119.08045329244663,120.50405674910591,8681511,0.8013876624964666,0
2023-02-08,120.50407409667969,122.17890494043031,119.8760125302732,121.76019722949266,10325869,-0.5184786146073095,0
2023-02-09,122.43014526367188,122.59762581043448,119.91789872839291,121.13214866485508,8078404,1.5983452687640343,0
2023-02-10,122.84883880615234,123.100065986203,121.25775462907336,122.38825777238364,6396208,0.34198566176553147,0
2023-02-13,124.06307220458984,124.60739981907952,122.76508870544993,123.47688404724545,6563018,0.9883963171629873,0
2023-02-14,124.31430053710938,124.94236202124223,123.10005089004122,124.48178104395608,6991500,0.2025004927374674,0
2023-02-15,123.51876068115234,125.10984469061339,121.84393002784859,124.77488367113017,12631259,-0.6399423497697732,0
2023-02-16,130.5530548095703,131.0136358318457,124.27243935475562,125.61230909629403,30949761,5.69491961352826,0
2023-02-17,131.1392364501953,132.98154748940775,129.29691263303994,130.21807454161763,19874561,0.44899879323392344,0
2023-02-20,129.67376708984375,132.14413972209528,129.29691997442842,131.64168542017063,8348393,-1.1174911491177775,0
2023-02-21,129.0457305908203,130.55306823259937,128.50140286200352,129.71565275252382,7599927,-0.4843203934904672,0
2023-02-22,128.62698364257812,129.38065223373366,127.03588704866652,129.1712984275302,9599697,-0.32449500368978423,0
2023-02-23,129.5062713623047,130.80426763618564,128.33389505050843,128.71072938087553,18675946,0.6835950706656435,0
2023-02-24,133.24575805664062,133.54664082172056,128.73259528375442,130.45189538771106,14648507,2.8874946788286504,0
2023-02-27,133.46067810058594,134.14840080441934,131.5264653744905,132.38611547497734,11904749,0.16129597450595945,0
2023-02-28,130.70977783203125,133.6325824221006,129.97907012590528,132.5150348609974,17607584,-2.0612065723818684,1
2023-03-01,133.07382202148438,133.33171964376137,130.5378571563994,130.66679940892894,7707977,1.8086207693589929,0
2023-03-02,132.42910766601562,133.28875781234845,131.22558959081752,132.81594760842134,8219892,-0.4844787244215887,0
2023-03-03,132.6010284423828,133.84751846880246,131.91330573625555,132.38611591654427,8260104,0.12982098829872335,0
2023-03-06,135.99664306640625,137.2861182151722,131.99927535211958,132.98786771928567,14491522,2.5607754810882843,0
2023-03-08,136.0396270751953,136.55542237734448,134.4492691579182,134.57822454206521,7339476,0.031606668973482854,0
2023-03-09,134.36331176757812,136.81330665515296,134.14839924495476,136.72734951643525,5314022,-1.2322257445550155,0
2023-03-10,133.93348693847656,134.70716677428155,132.55804154457948,133.76155954354428,4689681,-0.3198974656452913,0
2023-03-13,133.93348693847656,135.8247145171705,133.41769163646032,134.27734172834113,8785721,0.0,0
2023-03-14,131.7843475341797,134.8361076555562,131.56943503432527,133.93347253272398,7177342,-1.6046318612492283,0
2023-03-15,131.13963317871094,132.7729632189746,130.49489556536153,132.38612327440904,9832270,-0.48921921877067565,0
2023-03-16,130.83872985839844,131.87030725452254,127.22820241335499,129.97907984209198,18551936,-0.22945261704555575,0
2023-03-17,131.65542602539062,133.1598139112965,130.62384838421372,131.95630884946036,16593429,0.624200623069382,0
2023-03-20,130.92469787597656,132.5150425087133,130.3229454982595,131.52645025369364,8749355,-0.5550307886840411,0
2023-03-21,130.27996826171875,132.17119575641556,129.76417298261106,131.65540047730786,6148489,-0.49244307966137546,0
2023-03-22,130.27996826171875,131.35453082884408,129.67821584757232,131.01066293703266,4329409,0.0,0
2023-03-23,131.3545379638672,131.65540762867386,129.2054127128786,129.89313541663884,4484564,0.8248157537080081,0
2023-03-24,128.4317169189453,131.698389851828,127.9159347404181,131.26856481111238,8301726,-2.225138994227882,1
2023-03-27,129.1624298095703,131.05365743957765,128.3027796943652,128.56067735237067,7437261,0.5689504961505332,0
2023-03-28,126.54051208496094,129.1624479275672,126.06770183183167,129.1624479275672,8964539,-2.0299383717656716,1
2023-03-29,128.38876342773438,129.67823873587812,125.9387550953728,126.58349274944467,24012834,1.460600492538311,0
2023-03-31,129.85015869140625,131.5264738722159,128.9905085353787,129.03349366662414,7998472,1.138257916546137,0
2023-04-03,132.08523559570312,135.69577659087102,131.61243852382052,132.81594344406327,20016785,1.7212739104991215,0
2023-04-05,131.4404754638672,135.26592833280708,131.13960584401616,134.75013310275162,15880397,-0.48813944187484637,0
2023-04-06,129.46331787109375,131.91331292890888,129.2913773472721,131.6984003913521,10670936,-1.504222794231258,0
2023-04-10,135.093994140625,135.3948768917161,128.9475018016344,129.54925418659838,17431401,4.349244528969742,0
2023-04-11,136.72735595703125,136.94226848977817,134.44927523958194,135.0510408250493,13305621,1.2090558331601553,0
2023-04-12,135.52381896972656,136.72733685530176,134.62119695206792,136.68435173131368,7333339,-0.8802459309480981,0
2023-04-13,136.46945190429688,137.9738395630844,135.82471433624508,135.9536566029677,11610851,0.6977614280346822,0
2023-04-17,137.67295837402344,137.93085602766575,135.8247159044894,136.7703362621047,9358885,0.8818870838365855,0
2023-04-18,137.62997436523438,138.0168142533663,137.02820885345315,137.67294637274583,8008560,-0.031221824021743227,0
2023-04-19,137.62997436523438,137.9308440039066,135.86768918905733,136.08260169548822,11374283,0.0,0
2023-04-20,136.8133087158203,137.62998680786538,136.2545413954712,137.20016175614464,5733670,-0.5933777530517048,0
2023-04-21,137.20016479492188,137.41507732554223,136.4264718143567,136.598399215409,3512214,0.2827620227394023,0
2023-04-24,137.7589111328125,138.1887361285467,136.94224626436107,137.20014388524518,7028440,0.4072490282543084,0
2023-04-25,138.10276794433594,139.09137331961486,137.54400068842645,137.71592806584334,10169778,0.2496076723428331,0
2023-04-26,138.53260803222656,138.91946107006422,137.32910314203238,137.5440156665113,9177783,0.31124654073833025,0
2023-04-27,137.5869903564453,138.31768501390584,137.2001504651758,137.7159326144623,6456825,-0.6825957362769586,0
2023-04-28,136.64138793945312,137.37209580967223,133.11683021489455,137.37209580967223,12656744,-0.6872760386301247,0
2023-05-02,141.19749450683594,141.67030457002812,136.98521529050484,137.1141575271862,16612560,3.334353255692668,0
2023-05-03,138.53260803222656,140.4238487414167,138.27472349662744,140.036995703579,8029435,-1.8873468569092444,0
2023-05-04,138.4036407470703,138.57556811213254,136.8562682270758,138.23171338200805,9929482,-0.09309525532519292,0
2023-05-05,137.80191040039062,139.2203277850186,137.28611510567904,138.44664796017048,5488707,-0.434764825138767,0
2023-05-08,141.84225463867188,142.14313739539887,137.54400449810606,137.80190212998372,9699470,2.931994358091128,0
2023-05-09,142.0571746826172,143.1317372747701,141.32646687306553,141.8422621641866,7600834,0.15152046510598094,0
2023-05-10,143.51856994628906,144.1203223441021,141.84225501051753,142.05716751810925,10901429,1.0287373847444936,0
2023-05-11,143.60452270507812,144.97995471580526,142.78785789914375,142.78785789914375,7877677,0.05988964272791719,0
2023-05-12,142.27207946777344,145.28085456225807,141.84225445427563,144.55014679242444,16373574,-0.9278560397719127,0
2023-05-15,142.35806274414062,143.21771284980036,141.32647212357324,142.2720924866868,8559162,0.06043580489498712,0
2023-05-16,144.4212188720703,144.8510439282372,143.34665623165313,144.67911652921438,12249266,1.4492724108207344,0
2023-05-17,143.77645874023438,144.42119622337444,142.78786651297335,144.42119622337444,7360259,-0.4464441838058941,0
2023-05-18,143.0028076171875,144.80806506081763,142.70192481797233,143.9914000422311,7433090,-0.5380930437608344,0
2023-05-19,141.7563018798828,143.34665987500932,140.98262200600615,142.87384967776467,5969632,-0.8716652197777286,0
2023-05-22,142.35806274414062,143.04577233489272,141.06858758565102,141.06858758565102,7331865,0.42450378309650816,0
2023-05-23,141.84225463867188,143.60453981974754,141.36944449976596,142.35804990242715,10119254,-0.36233150095320577,0
2023-05-24,142.91680908203125,143.08873645447588,141.5413638680389,141.84224660773026,6107980,0.7575700528003271,0
2023-05-25,142.701904296875,143.90540908622634,142.0571667774614,142.9168168033462,8077606,-0.15037054530996352,0
2023-05-26,140.76771545410156,143.90543333031238,139.52122533001318,142.74491347018346,14873707,-1.3554050678606044,0
2023-05-29,136.68435668945312,137.75891924204316,134.53523158427305,137.54400673152514,43253971,-2.900777888932815,1
2023-05-30,136.55540466308594,139.00539923742744,135.17995944726013,137.28609927625402,16117505,-0.09434292957178902,0
2023-05-31,133.1597900390625,137.02821533787963,128.99049508733543,136.68436055820573,83741017,-2.4866204544603754,1
2023-06-01,132.08523559570312,134.10541862313184,131.69839566542652,132.9878708444951,13982606,-0.8069661592618571,0
2023-06-02,132.98785400390625,133.2457516305057,131.8703063667874,133.2457516305057,9851058,0.683360561937385,0
2023-06-05,133.58961486816406,134.10541015410593,132.77294992977195,133.67558512156072,11850547,0.45249310079109595,0
2023-06-06,132.08523559570312,134.019448364306,131.69839566542652,133.6755935634423,8118800,-1.1261199262723842,0
2023-06-07,132.25717163085938,132.81593894262994,131.13962389009887,132.04225910829848,12180164,0.13017051783328348,0
2023-06-08,134.19139099121094,134.66418807052509,132.55804786838556,132.81594553169694,13850599,1.4624684140003508,0
2023-06-09,132.6010284423828,134.87909596938357,132.21418851931736,134.70716857215663,11764248,-1.185144991106235,0
2023-06-12,133.2887420654297,133.46066945094046,131.18260207918064,133.11681467991892,11017643,0.5186337022609955,0
2023-06-13,133.80453491210938,134.2773450979526,132.60103000016275,133.41769498449938,10073644,0.38697405248711014,0
2023-06-14,135.69577026367188,136.168567313509,133.976470105081,134.19138262490486,9695952,1.4134314302611362,0
2023-06-15,135.52381896972656,135.73873147244876,134.2773290773815,135.39487671498054,7426254,-0.12671824155696676,0
2023-06-16,134.96505737304688,136.3834747036468,134.40629008940903,136.03961993174948,11466647,-0.4122977059881294,0
2023-06-19,135.6527862548828,136.21155356414485,134.53523851913937,135.73874339318962,4718221,0.509560693131883,0
2023-06-20,135.17999267578125,135.65280290476872,134.57824016489764,135.4378903567945,6059738,-0.3485321548893361,0
2023-06-21,137.7159423828125,138.01682516248547,134.6212099159249,134.96506470650596,8284206,1.8759800595000264,0
2023-06-22,136.64138793945312,138.36068822964373,135.394897852509,137.71595062082224,10629027,-0.7802687363329452,0
2023-06-23,134.8790740966797,136.68434426785916,133.58959915075647,136.68434426785916,8722650,-1.2897364915192,0
2023-06-26,134.8790740966797,136.03960679489754,133.97645212830741,134.96504433996154,4273205,0.0,0
2023-06-27,135.69577026367188,136.55542034296732,135.26594522402416,136.55542034296732,9730174,0.6055025010082593,0
2023-06-28,136.29751586914062,137.6729480567919,134.5782157966626,135.69576346721703,40243993,0.4434519987612573,0
2023-06-30,137.80191040039062,138.4036628327413,136.64137754589922,138.4036628327413,7840112,1.1037578503590328,0
2023-07-03,140.03701782226562,140.33790065094803,137.5440373914345,137.80193508498775,9548822,1.6219712886278437,0
2023-07-04,138.57557678222656,140.03697915251522,137.54399941009444,139.69312440087717,5394282,-1.043610512967308,0
2023-07-05,139.95103454589844,141.32646679274094,138.70454456315332,139.2633118638676,8795342,0.9925686730739125,0
2023-07-06,142.1861114501953,142.5299793367226,139.73611670512938,139.9510292152519,9845699,1.5970420737146052,0
2023-07-07,140.55279541015625,142.70192072223816,139.9510429462173,142.27209565982176,7597171,-1.1487170043405937,0
2023-07-10,139.9080352783203,142.18610249525838,139.69312278173302,140.89662751573468,5437687,-0.4587316317362644,0
2023-07-11,141.49839782714844,141.9282228349864,140.03698230672472,140.3378650590986,6343183,1.1367199501189473,0
2023-07-12,144.12033081054688,145.28086366660568,142.0571758633526,142.658928296516,15614026,1.8529771528588812,0
2023-07-13,144.24928283691406,145.53875792821444,143.73348755350634,144.97997751831957,11350009,0.08947525005107426,0
2023-07-14,145.4957733154297,145.92559834738074,144.5931381248887,145.28086079945416,9448062,0.8641224788097368,0
2023-07-17,143.04574584960938,144.7650457425961,142.83083336298603,144.2492636450304,4968847,-1.6839165908337006,0
2023-07-18,143.47560119628906,144.55016385688805,142.74490645741372,143.04577613204947,4322257,0.30050201362270546,0
2023-07-19,143.34664916992188,144.3782266304595,142.78788187131957,143.7334890779711,5968174,-0.08987732080716349,0
2023-07-20,143.73350524902344,144.507198269387,142.7019276724259,143.56157783912727,5217131,0.2698745184081641,0
2023-07-21,146.61331176757812,147.00015164847258,143.13172660509173,143.86243436017315,7842863,2.0035735673219035,0
2023-07-24,147.0001678466797,148.07473047713788,146.35543026840477,147.5589351676301,8451631,0.2638614969115771,0
2023-07-25,148.71946716308594,149.02034994469676,147.25806461787525,147.85981706387736,10480578,1.1695900362504785,0
2023-07-26,148.67649841308594,149.83703142175125,147.85983335231677,149.45019145793646,9103949,-0.028892485173359628,0
2023-07-27,147.0001678466797,149.2782353763632,146.7422701919258,149.1063079789338,7731146,-1.1275020492806487,0
2023-07-28,147.68788146972656,150.39577388503807,145.19488845006921,146.74226116619812,9004252,0.46783186245349384,0
2023-07-31,152.20103454589844,152.58787442098694,147.34400419399822,148.54752205976214,9277749,3.055872310753527,0
2023-08-01,151.90016174316406,152.15805938251037,149.83700686283112,150.69665691583964,5584773,-0.19768118109844135,0
2023-08-02,151.2554168701172,153.5764692772653,149.5791019714668,152.15805200545762,8975495,-0.4244530523522583,0
2023-08-03,147.94577026367188,151.12647264058913,147.42997501672616,150.65366251709187,6152393,-2.1881177381483763,1
2023-08-04,149.0203399658203,149.96594714129716,147.9457774137657,149.0203399658203,4605271,0.7263267481275815,0
2023-08-07,148.67649841308594,150.0089588370888,147.94580361859602,149.83703142175125,2240015,-0.23073464522577192,0
2023-08-08,149.0203399658203,149.40717986111625,148.37560243458753,148.63348695330572,3631238,0.23126826122783495,0
2023-08-09,152.0720977783203,152.37298056087135,148.9773652818304,149.02035041036908,4852294,2.0478800499314165,0
2023-08-10,153.5764923095703,154.52211271073827,152.07210456412503,153.1036952262065,10430692,0.9892640091300642,0
2023-08-11,152.32997131347656,154.47909622793648,151.90014633058456,153.7913736318658,4112277,-0.8116613274257389,0
2023-08-14,153.01771545410156,155.12385554336862,152.45894814455576,154.73701562774315,12876956,0.45148314195484485,0
2023-08-16,153.92034912109375,154.26420390547702,151.12648636701746,151.55631140610612,8371665,0.5898883435251134,0
2023-08-17,152.80279541015625,153.96332821712087,152.24402812811772,153.61946032898902,5199363,-0.7260597557885551,0
2023-08-18,151.12176513671875,153.14763369534822,150.13037089574433,153.14763369534822,6734650,-1.1001305760966251,0
2023-08-21,151.768310546875,151.98382930279098,150.25967925546317,151.12175427912706,3599820,0.42783076916241836,0
2023-08-22,151.8544921875,153.36312330039286,151.38036150396633,151.7682925878663,5348036,0.056785003611392604,0
2023-08-23,151.29417419433594,152.75969917677008,150.86313666101876,152.58728679428754,6379611,-0.36898348220888444,0
2023-08-24,149.2251739501953,152.32863577042295,148.96654884328817,151.29414849701374,7976333,-1.3675346424661505,0
2023-08-25,150.60450744628906,151.07865135098805,149.00967650858314,149.2251952694262,4757915,0.9243302986894797,0
2023-08-28,151.0355224609375,151.55277267156967,150.47517902793538,150.94932286197832,4354221,0.2861899832593995,0
2023-08-29,151.4665985107422,151.8114364570984,150.82004215982477,151.38039888982013,4596468,0.28541368466228345,0
2023-08-30,151.50967407226562,152.50105501361097,150.86311785289607,151.46656769346367,5937955,0.028438983872991486,0
2023-08-31,150.13035583496094,151.72519984502011,149.1820812284619,151.55278747604032,15823452,-0.9103829479870651,0
2023-09-01,156.68212890625,159.26835386756363,150.3458724893435,150.3458724893435,22460960,4.364056179611975,0
2023-09-04,157.7166290283203,159.00974161366466,156.72524797457822,158.49250447205978,10998180,0.6602540629820686,0
2023-09-05,157.84593200683594,160.3459441540006,157.24246900546092,158.19075673257584,13506519,0.08198436608253257,0
2023-09-06,157.80284118652344,160.9925162538819,157.1993912798699,159.39767214309197,11954407,-0.02729929100144801,0
2023-09-07,156.68212890625,159.65628498091658,156.0355726659216,159.48387261433976,11137801,-0.7101977834155448,0
2023-09-08,159.00975036621094,159.44078791838513,156.89766899140187,157.32870654357606,9737214,1.4855692070367965,0
2023-09-11,158.10455322265625,160.30284715194688,157.1562785942903,159.87180964244757,10845871,-0.5692714701267976,0
2023-09-12,155.94937133789062,159.39767153909747,155.3459214335237,159.35457830995946,15524470,-1.3631371398460046,0
2023-09-13,158.53558349609375,159.22524611065845,155.94935855714135,156.81143353679215,10578786,1.6583665172972495,0
2023-09-14,161.98387145996094,162.8459463759889,158.79419690150146,159.26834073616067,17746404,2.17508769187591,0
2023-09-15,160.90628051757812,165.25976154748602,160.00111236392064,165.25976154748602,19924829,-0.6652458251988236,0
2023-09-18,160.99249267578125,161.6390488712663,159.5700743074019,160.1735241256774,5022956,0.053579113211621454,0
2023-09-20,162.24252319335938,163.36322339897237,160.51837307833065,160.73389184270926,12687099,0.7764526760235535,0
2023-09-21,160.9494171142578,162.45804852590177,160.3890735659074,162.414942140439,7814108,-0.7970204442397932,0
2023-09-22,159.57009887695312,161.81148614055036,159.48388610925952,160.86321146702818,7814821,-0.8569886502450053,0
2023-09-25,159.91490173339844,160.94938903290532,159.69938299790869,160.34593920437794,5540062,0.21608237312129575,0
2023-09-26,161.85459899902344,162.19942377514877,159.69941126268492,160.34596758358646,12446655,1.2129559188040817,0
2023-09-27,161.42355346679688,163.19080995401995,160.60458479834364,163.19080995401995,5630907,-0.26631651796880096,0
2023-09-28,161.59596252441406,163.36321897530777,160.7769938727963,162.84596869311704,14890642,0.10680539110585752,0
2023-09-29,165.3891143798828,165.73393916066084,162.19942596368608,162.50115751253352,10085766,2.3473060812987168,0
2023-10-03,159.13905334472656,163.19080329237795,158.32007155548376,163.19080329237795,22118500,-3.7790038713191643,1
2023-10-04,157.5442352294922,159.13907953454424,156.98389163810796,159.00976036822425,9360058,-1.0021538281867803,0
2023-10-05,157.070068359375,158.62180604939812,156.03558095076662,156.25109970898592,11128340,-0.30097379915328126,0
2023-10-06,156.4235076904297,158.1907640890259,155.69075182560152,158.1907640890259,5759904,-0.4116383698681503,0
2023-10-09,156.6390380859375,159.22526330415624,156.25110693404903,157.67352554238064,14622727,0.13778644827115993,0
2023-10-10,158.19076538085938,159.05284039655888,156.94075923893925,157.15627799286415,11819690,0.990638932595167,0
2023-10-11,157.97525024414062,159.2252564146825,157.54421272642128,158.96663127320667,8499601,-0.13623749540617736,0
2023-10-12,159.00975036621094,159.35458830048358,157.75974409575025,157.9321564857755,8677885,0.6548494909623948,0
2023-10-13,159.3976593017578,160.56146579200546,158.6649034577896,159.0528345697987,7435899,0.2439529240524596,0
2023-10-16,160.82009887695312,162.2425174094544,160.56147373807445,162.02699865275898,12376549,0.8923842303747209,0
2023-10-17,160.5614776611328,161.2511403302531,159.95802775848557,161.2080339470166,4381065,-0.16081398881503395,0
2023-10-18,161.1649169921875,162.11320474430272,160.3890547617081,162.07009836389375,10181113,0.3758307035067521,0
2023-10-19,160.60458374023438,160.90630211387597,159.52698993246872,160.34595859552635,9148124,-0.3476769401248081,0
2023-10-20,160.5183563232422,161.46664404921322,159.61317497649168,161.20801892811022,7912216,-0.053689262774503366,0
2023-10-23,159.35458374023438,160.3028584353475,158.79422704591036,160.3028584353475,4723090,-0.7250090330256587,0
2023-10-25,158.92352294921875,160.21663537954853,157.759716500234,159.35456042599534,6812004,-0.27050416806227995,0
2023-10-26,155.94937133789062,158.75111525137117,155.0872962875889,158.19077173036362,8474867,-1.8714357422585315,0
2023-10-27,159.2683868408203,160.17356839552343,155.43215498483596,156.035604969897,6422123,2.1282647531412513,0
2023-10-30,162.75978088378906,163.10460566077174,159.1390681085828,159.48389288556547,7352638,2.192145040345128,0
2023-10-31,160.4752655029297,163.62184733202363,158.7942217841043,163.1045970396675,9404675,-1.4036117328583342,0
2023-11-01,160.9494171142578,162.75978006991937,159.52699847353944,160.47527318261103,9167869,0.2954670988342789,0
2023-11-02,160.5183563232422,161.76836239531667,160.1304252186977,161.20801892811022,11471209,-0.26782376646298234,0
2023-11-03,163.7942352294922,164.35457866727376,160.17352318684203,160.9062789782318,7464912,2.0408126405513594,0
2023-11-06,166.63909912109375,167.4149613547042,163.4063178906828,163.96666137559916,8962124,1.7368522693216981,0
2023-11-07,166.55291748046875,170.6908808594205,165.8201614905252,166.72532988079527,13921916,-0.05171753872863505,0
2023-11-08,168.4063720703125,169.44085953504197,165.77704044655133,166.9839402963654,10186886,1.1128322564875504,0
2023-11-09,166.12185668945312,169.5701568310265,165.69081917175646,169.39774445479208,5303833,-1.356549252130168,0
2023-11-10,168.88050842285156,169.39775874942418,166.1218707076494,166.1218707076494,6025889,1.660619372052552,0
2023-11-13,168.7942657470703,170.08737807942137,167.3287410679162,168.88046534336237,11181086,-0.05106727625743268,0
2023-11-15,171.98394775390625,175.00120999520286,170.3891038789617,171.1218728278215,19769385,1.8896862359148558,0
2023-11-16,173.9667510986328,175.34606331288114,173.27708841439787,174.5702010145053,18629240,1.1529002390175291,0
2023-11-17,169.2684326171875,173.49259488308743,168.57876998183917,173.14777014252363,13199928,-2.7006991001295,1
2023-11-20,170.56155395507812,171.12189747605677,169.82878490067097,170.69085995092817,6423265,0.7639471329040415,0
2023-11-21,169.76243591308594,172.20410278658156,169.58486285005932,171.36062057623795,10720353,-0.4685217878600323,0
2023-11-22,169.5848846435547,170.33958719335055,168.47503592206544,169.76245772940135,7538825,-0.10458807837921968,0
2023-11-23,169.27410888671875,170.25078110756164,168.3418468689543,169.58487192461158,6541617,-0.18325675515783457,0
2023-11-24,167.6759490966797,170.33958600974557,167.05442297859798,169.4517070387236,5751331,-0.9441253600741661,0
2023-11-28,172.20413208007812,172.64807158714095,167.27640084208906,167.67595723681248,9277764,2.7005560474195,0
2023-11-29,170.4727325439453,173.58030839761096,170.20636618975428,173.58030839761096,8791333,-1.0054343732748938,0
2023-11-30,173.09197998046875,173.7134924690465,170.5171367215226,171.04985590546517,14965403,1.5364612260487132,0
2023-12-01,172.73683166503906,176.02198067549492,172.47046530247107,173.35834414572705,9935740,-0.2051789548364713,0
2023-12-04,179.39593505859375,182.8142607063287,174.06866164065752,174.46820443741134,28615290,3.855057042187515,0
2023-12-05,179.39593505859375,181.0828995550908,176.82107811115043,179.5291114748594,14557746,0.0,0
2023-12-06,179.30714416503906,180.90532892154474,176.77669738619906,180.90532892154474,12662213,-0.04949437317277594,0
2023-12-07,176.59910583496094,178.3748636152942,174.06865912676005,178.3748636152942,16425880,-1.5102791038741792,0
2023-12-08,173.97988891601562,177.84216802017679,172.33732087991513,177.4426251761501,10414387,-1.483142797672532,0
2023-12-11,175.6224365234375,178.33046968364664,172.47046394509428,174.95652739623637,10108266,0.9441019980273468,0
2023-12-12,173.4915313720703,175.62244885754353,172.73684243701348,174.86774637452987,10719911,-1.2133444869288135,0
2023-12-13,171.49380493164062,173.49153246614412,170.51714626576862,173.49153246614412,10892122,-1.1514835477158591,0
2023-12-14,173.97988891601562,174.29065198801334,171.582618303897,173.9354922560219,15257294,1.4496640186891785,0
2023-12-15,178.508056640625,179.30714223630386,174.7789679475288,175.13411409050676,22863981,2.60269606609258,0
2023-12-18,176.68789672851562,179.04077033611978,175.2229019989442,178.50805113807405,8061011,-1.0196514075405227,0
2023-12-19,177.84213256835938,180.727738769263,176.95425373731211,179.35152387154858,16739742,0.6532625387562607,0
2023-12-20,180.4169921875,188.2303293217686,178.41926463573594,179.12957047484346,57762576,1.4478344259344134,0
2023-12-21,179.92864990234375,183.56895873538406,178.64122823386344,181.0828951577924,22823936,-0.27067421933779645,0
2023-12-22,181.08287048339844,181.57120651123475,179.17393656762113,181.12726713101168,9910694,0.6414879351793745,0
2023-12-26,184.1016845703125,185.12273982643174,180.81652199402058,181.57122443407815,17052969,1.6670898129985234,0
2023-12-27,182.5034942626953,186.36575900308273,181.57121879158262,186.0106128940663,20361303,-0.8681019466754591,0
2023-12-28,184.9451904296875,185.47790967792702,182.32595020229257,183.34700558905334,22010872,1.3378900918344039,0
2023-12-29,182.05958557128906,184.67882582410667,181.3492796854509,184.67882582410667,12171663,-1.5602486616138833,0
2024-01-01,182.325927734375,183.8797157258607,181.793195003826,182.90304356917295,4820168,0.1462939521971185,0
2024-01-02,183.83535766601562,187.12050739949925,180.8165608057655,182.32596600987006,21141219,0.8278745378658803,0
2024-01-03,184.90078735351562,186.85411829183644,181.57124136275604,182.45912029362526,11650902,0.5795564580322043,0
2024-01-04,190.58319091796875,191.249100059608,185.83304716971585,186.8984990867474,31054419,3.0732176135025435,0
2024-01-05,192.18138122558594,193.1136567609196,189.1625984471266,191.29350234392652,20743811,0.8385788378918901,0
2024-01-08,193.51321411132812,196.04367453367527,192.75852513389583,193.55761076834358,19310595,0.6930082806402948,0
2024-01-09,192.3589630126953,196.62078454745645,191.7374504769495,196.22124174218823,11951525,-0.5964714626510048,0
2024-01-10,188.3191375732422,190.89398120284145,186.1882198868542,190.89398120284145,16500666,-2.100149312609101,1
2024-01-11,188.09715270996094,190.00608694938174,187.2092737989825,190.00608694938174,12586419,-0.11787695405885978,0
2024-01-12,198.35214233398438,199.55078427719033,188.54109125349365,189.82851295859382,39228118,5.451964304763424,0
2024-01-15,207.31973266601562,209.05109389089407,199.46199862116137,202.88033796224656,57884916,4.521045362309062,0
2024-01-16,208.74034118652344,212.15866692718447,205.18882547801914,208.60715121868017,34505065,0.6852259079440204,0
2024-01-17,206.0323028564453,210.649270458268,204.83366091410696,206.1654792731687,26010955,-1.2973238975681811,0
2024-01-18,207.36410522460938,208.2075874107119,199.46197544144206,204.2565292931062,19232183,0.646404641262488,0
2024-01-19,214.9110870361328,215.35502647907134,208.65153818110824,209.5394170669853,26391844,3.6394832188284543,0
2024-01-23,204.12335205078125,218.10744461342557,202.43638757351795,217.53032875224517,20282617,-5.019627016049588,1
2024-01-24,208.07443237304688,208.65154825755508,202.52518906832466,205.10003254253286,14458601,1.93563366590348,0
2024-01-25,207.8080596923828,210.87123919424468,206.6982110650447,208.6515419395684,18291957,-0.12801797781021307,0
2024-01-29,224.1894073486328,226.3647077994541,212.2918362986204,213.97880067730893,54127939,7.882922192959807,0
2024-01-30,221.25941467285156,233.77849877960105,220.77107857818663,227.7409332206926,51491099,-1.306927347920983,0
2024-01-31,223.9674530029297,225.83200411609124,218.68457624624781,222.36926826992791,33293192,1.2239200461061417,0
2024-02-01,219.8832244873047,226.0983773617057,217.92989343637026,226.0983773617057,29758133,-1.8235812663242479,0
2024-02-02,228.40684509277344,230.84851204711794,221.0818442297399,221.9697231222288,30482663,3.8764306032636364,0
2024-02-05,233.46775817871094,237.9959187093806,226.49790367558958,230.89288779581236,34001868,2.215744928258112,0
2024-02-06,241.7694091796875,242.74608137088578,231.02609636424606,235.5986671958639,36708949,3.5558019084682257,0
2024-02-07,241.4142608642578,244.7438066478654,237.55198233609042,244.16669079788934,23756939,-0.14689547227446642,0
2024-02-08,242.52410888671875,244.74380607055457,238.9282102872699,242.43531558018276,25252940,0.4597276144697071,0
2024-02-09,237.55198669433594,244.74381113805566,230.09380942140615,244.16669527749153,26743792,-2.050155844384627,1
2024-02-12,228.9839630126953,236.70852028517226,228.00729080299274,232.5798888171575,30906374,-3.606799421410567,1
2024-02-13,230.40457153320312,232.97941489030674,226.14275015941382,229.07275320064124,20711842,0.6203965124095046,0
2024-02-14,238.70623779296875,239.41653004517107,227.29698898154837,229.0727467079667,36168962,3.603082267215041,0
2024-02-15,246.2087860107422,248.47289325986924,238.8394026412178,241.19227609563862,32831246,3.143004676853245,0
2024-02-16,247.4700469970703,250.4429195777976,243.55124041884838,247.87542371672208,27044984,0.5122729398751469,0
2024-02-19,247.4250030517578,251.3888425837393,245.39803684299,247.4700632407792,15322964,-0.01820177668331313,0
2024-02-20,249.18173217773438,253.2806975234372,246.88448718248586,247.56014262359008,18968785,0.7100046900308854,0
2024-02-21,245.8935089111328,253.2356247095773,244.67732381130173,248.64116293937428,16340579,-1.3196084792669205,0
2024-02-22,247.4700469970703,248.64117195493574,241.8846183692038,246.70429875885662,16791453,0.6411466870023252,0
2024-02-23,245.21783447265625,248.64114356826934,244.22686789472075,247.65017699033385,9464646,-0.9100950000792363,0
2024-02-26,243.10079956054688,244.94757984695863,241.25399178164864,244.94757984695863,8661999,-0.8633282797974595,0
2024-02-27,242.65037536621094,243.4161236320653,238.68653595133208,241.47922287358423,19582774,-0.18528289300165923,0
2024-02-28,239.4072265625,243.50619159884195,238.3712271294948,243.23594043979304,9118196,-1.3365521478449494,0
2024-02-29,238.3712158203125,239.94774498910758,235.578501508521,238.73155984611114,17179832,-0.4327399623908379,0
2024-03-01,243.73141479492188,245.8935340792496,240.08288661447415,240.08288661447415,12930057,2.2486771132006034,0
2024-03-04,251.5239715576172,252.74012917235626,245.4881062061952,245.71332465225595,22280353,3.1971901403239578,0
2024-03-05,255.62295532226562,256.7040149408881,249.22674547914036,252.2446783796806,18544484,1.6296592882438121,0
2024-03-06,252.46987915039062,256.11840699571223,246.43401377228065,256.11840699571223,16807149,-1.2334870973930712,0
2024-03-07,250.5330047607422,256.16346590921046,249.7672565460533,252.46987789731807,11386963,-0.7671704823428382,0
2024-03-11,246.8394317626953,252.69511171327022,246.11874368885043,250.5330199992478,10684598,-1.4742859934060215,0
2024-03-12,243.59625244140625,248.28080686032132,242.3800674006798,246.83940338584864,13780189,-1.3138821857307525,0
2024-03-13,230.03814697265625,244.13681746425286,227.695869424686,243.95663169422107,20079496,-5.565810365662838,1
2024-03-14,237.15505981445312,238.14602662651586,226.2995263120639,227.47066515916208,21404057,3.093796805206761,0
2024-03-15,233.10110473632812,239.99278407351335,224.22749196574236,237.785659673918,34961065,-1.7094111680757584,0
2024-03-18,235.66860961914062,236.97486023364334,232.02005395434847,233.2812993648872,9246173,1.1014554760333306,0
2024-03-19,233.55152893066406,237.78564672022983,231.20925158946778,236.02893184121112,8758348,-0.898329519530805,0
2024-03-20,237.69557189941406,238.3712272899795,231.70476626823162,233.7317324399279,10484778,1.7743591693549776,0
2024-03-21,236.88478088378906,240.48827614732653,236.34425109576102,238.46131006158672,12163200,-0.3411048044126397,0
2024-03-22,237.15505981445312,238.956807657298,232.8308759886216,236.88480863502252,13025089,0.11409721200985601,0
2024-03-26,239.18202209472656,241.3441139710962,233.5965928793227,235.7136520573785,10830926,0.8546991499398304,0
2024-03-27,235.80372619628906,241.61437342620127,233.91188564521386,238.73156615861166,28563001,-1.4124372178355271,0
2024-03-28,241.47923278808594,244.1368217338448,235.98392410836334,236.43436104883168,18888942,2.406877398990903,0
2024-04-01,243.1458282470703,244.5872317966713,241.25398780649942,241.47920625198438,6440401,0.6901609880659798,0
2024-04-02,245.48809814453125,246.88444146725834,242.7404441898159,243.3260066318471,14439120,0.9633189737809689,0
2024-04-03,248.05560302734375,251.34378685508688,246.70429234532713,247.7853243954487,22600929,1.0458775403852316,0
2024-04-04,242.33505249023438,251.02847917214882,239.04686861479357,251.02847917214882,24624383,-2.306156550101701,1
2024-04-05,241.38916015625,244.94759538376155,240.08288207106318,241.29906727235982,13029904,-0.3903241913476352,0
2024-04-08,243.59625244140625,245.03765591587893,240.17294324545767,241.02875679820252,13011300,0.9143294933905199,0
2024-04-09,242.2900390625,245.62325589603577,241.43419788642944,243.23594563185057,13173933,-0.5362206379675105,0
2024-04-10,245.03768920898438,246.11874883484285,242.47019321693668,243.19090879833846,11137195,1.1340334737308888,0
2024-04-12,239.3621826171875,245.4881135359523,238.73155995239398,244.94758375077024,21894584,-2.3161769971461132,1
2024-04-15,252.10955810546875,254.90227260193546,240.62341625898358,242.4251639996087,75063828,5.325559513579536,0
2024-04-16,255.08241271972656,263.55062099926664,247.96551514944775,249.5420443102526,79082544,1.1791915533064135,0
2024-04-18,246.97457885742188,259.1814369287785,246.2538907207877,257.6499402728181,34136482,-3.1785154357988676,1
2024-04-19,247.9655303955078,252.96536933019297,246.92953095320684,249.31684118785392,32658724,0.40123624976722283,0
2024-04-22,249.36187744140625,250.4429370877012,246.6142231214324,249.81231437861433,14184019,0.5631214321084155,0
2024-04-23,249.36187744140625,251.11859249351335,248.235785098386,249.40693763062035,8799147,0.0,0
2024-04-24,251.6591339111328,252.6050405258542,248.91145197207857,250.08260455827042,9253985,0.9212540799330426,0
2024-04-25,254.0014190673828,254.58698163146929,250.44295599775643,251.6591413185459,17050557,0.9307371919499374,0
2024-04-26,254.85719299316406,257.7850328485826,254.22659782748897,254.94728587182811,11070290,0.3369169861032306,0
2024-04-29,255.12747192382812,256.97425222238434,254.181537935493,255.80312727585894,8952420,0.10605112906163505,0
2024-04-30,254.81216430664062,257.9652226620534,253.55094646297295,256.29860060426637,10658906,-0.12358826543056312,0
2024-05-02,254.76715087890625,256.38874054051405,251.38887344950513,253.14558870979053,15677336,-0.017665337075589704,0
2024-05-03,257.7400207519531,263.9110122850058,255.84818011877428,255.84818011877428,28913016,1.166896855733146,0
2024-05-06,254.18153381347656,260.1273063134235,247.9655101740946,260.08227362101303,15491865,-1.3806497446902988,0
2024-05-07,246.47909545898438,256.7490520421736,245.03769177358322,255.75808529017976,13179001,-3.030290296440019,1
2024-05-08,249.40695190429688,252.46991775410913,245.35301923741557,246.38901875378716,12797721,1.1878721154263916,0
2024-05-09,238.95681762695312,250.938430284767,237.11003700798267,249.7673051350528,14869187,-4.189993180845142,1
2024-05-10,243.4611358642578,244.3169769410709,238.23607900551588,240.53329611750908,9530738,1.884992561432841,0
2024-05-13,240.44325256347656,244.9476223285941,236.07400839281428,244.9476223285941,7163239,-1.2395749695605973,0
2024-05-14,245.84844970703125,247.42497882615794,240.03783030631305,241.38914097985023,9123849,2.2480136522557315,0
2024-05-15,246.3439483642578,248.64116552702387,245.488107268529,247.2898548448118,6368662,0.20154638266665081,0
2024-05-16,250.1276092529297,251.6591057355266,246.65923956645102,248.64117295657798,23757779,1.5359260553367227,0
2024-05-17,249.94744873046875,255.30763138622618,249.18170049607863,251.16360637583847,11529157,-0.0720274435113466,0
2024-05-21,252.3347930908203,255.84819591652806,250.7582637145741,253.23566702010388,17559555,0.9551385191076456,0
2024-05-22,250.44293212890625,255.84817526837907,249.4519653881719,255.84817526837907,17935064,-0.7497424111597373,0
2024-05-23,255.3527069091797,256.3436461623345,251.43390011515194,252.1996483955348,17719819,1.9604365507692956,0
2024-05-24,255.1725311279297,257.60490164494456,253.91131317160287,255.8481865501572,11041667,-0.0705595736308684,0
2024-05-27,250.1276092529297,256.0283492370653,248.37092180905478,255.8481634770585,13719808,-1.9770630689361912,0
2024-05-28,247.1096649169922,251.61403378162922,245.98357270083295,251.61403378162922,6927361,-1.2065618605444528,0
2024-05-29,244.90257263183594,246.6592602228239,243.4611689085327,246.6592602228239,8327205,-0.8931630763603038,0
2024-05-30,240.26304626464844,247.83038045962073,238.73154985349962,245.9385400377562,15390964,-1.8944375787191658,0
2024-05-31,238.14599609375,241.83958419652402,236.92981095725912,241.83958419652402,24167379,-0.8811384870924033,0
2024-06-03,255.93826293945312,258.1453873476224,246.11874360125086,250.39789433284022,30195397,7.471159346596323,0
2024-06-04,212.87649536132812,256.7490494898121,200.89487030255472,256.7490494898121,72779900,-16.8250604984031,1
2024-06-05,222.96627807617188,224.99324424050073,207.60637617056457,222.51584115076548,37078551,4.739735449758209,0
2024-06-06,227.29046630859375,233.77675502833944,224.54279842317382,228.82194904507983,30881233,1.9393911356158533,0
2024-06-07,234.5875244140625,234.94786842387958,226.8400182330524,228.37150089413927,22010688,3.210454984751321,0
2024-06-10,233.46144104003906,237.8306844922771,232.47047435615724,237.8306844922771,14138524,-0.48002696513214094,0
2024-06-11,246.43402099609375,247.74029902430763,238.95677933162764,240.3981829335392,47270206,5.556626352627481,0
2024-06-12,248.1907501220703,251.43390153867855,247.3799691410404,250.44293478742483,20560662,0.7128598230373484,0
2024-06-13,249.13665771484375,250.44293582314702,245.48812953887614,250.44293582314702,16013386,0.3811212111282103,0
2024-06-14,248.1006317138672,250.6230947750617,247.3799436920892,249.54203524990893,10642648,-0.415846471763448,0
2024-06-18,248.46099853515625,251.34380587190097,246.83943659104253,251.29877317608768,17044769,0.1452502634917474,0
2024-06-19,244.63226318359375,249.18169225360919,244.22688647937522,248.55106961262143,13361607,-1.540980425151417,0
2024-06-20,244.90257263183594,246.8394459979203,242.42516943295172,244.85751244181716,12826509,0.1104962382003194,0
2024-06-21,242.92063903808594,247.5151013774389,242.24498362031312,244.5422285362343,17406416,-0.8092743054722629,0
2024-06-24,243.1458282470703,244.36201335118633,240.1729557636632,242.92060980158536,7282347,0.09270073134834966,0
2024-06-25,240.53330993652344,243.95661945547909,238.73156229654947,243.3260242769805,14425434,-1.0744656115967532,0
2024-06-26,241.20895385742188,242.47017164706807,237.92077006897378,240.4432056482662,10650910,0.28089411860534597,0
2024-06-27,240.98374938964844,241.52427918584235,237.3802540716724,240.89365650820153,22830930,-0.09336488723654668,0
2024-06-28,247.01962280273438,248.1457151249706,241.74950523617116,242.33506774523633,19532912,2.5046806800762766,0
2024-07-01,245.8935089111328,248.46097718662674,244.67732381130173,247.74028916060843,11750972,-0.45588033809802475,0
2024-07-02,247.6051788330078,252.0644878168888,244.5872459898837,246.11874250504746,24470518,0.6961021173168103,0
2024-07-03,247.4700469970703,250.1726684313631,246.8394243320739,248.64117195493574,9125400,-0.054575528902256476,0
2024-07-04,249.58706665039062,251.25368862117674,245.9835715751712,247.74028642133493,13444669,0.8554650063752556,0
2024-07-05,259.6318664550781,260.622805741461,249.0916309304642,249.76728634890125,39781962,4.024567434320536,0
2024-07-08,269.4963684082031,272.964737736019,258.8660694867644,261.25337935130534,53136198,3.799418803173671,0
2024-07-09,267.9649353027344,271.9287747090788,264.2713470519977,270.98284067947606,18686252,-0.5682574182777511,0
2024-07-10,268.59552001953125,270.0819563023679,260.2174046126431,269.99189091567047,19278800,0.23532359414282222,0
2024-07-11,274.5412902832031,276.74844208805285,265.89289631311027,270.26213973736157,36020507,2.213652060629867,0
2024-07-12,276.6583557128906,280.8474134787922,274.04582713251557,276.3880770713081,31788101,0.7711282435890254,0
2024-07-15,290.53179931640625,291.5677986836884,278.0546917387393,280.8924386986813,51435537,5.014648326007243,0
2024-07-16,290.6669616699219,295.12629852305815,288.05443282845886,291.5228028817327,37468292,0.046522395769987845,0
2024-07-18,298.8198547363281,300.26123084298047,289.7660564211787,292.8740820726827,48189915,2.804891556841116,0
2024-07-19,287.9643249511719,300.1711822963225,286.5229212711648,299.9909965266384,26579496,-3.632800703532546,1
2024-07-22,289.0003356933594,291.2975806304379,283.32484112879274,288.2796475714266,22234557,0.35977051753308675,0
2024-07-23,283.009521484375,289.540857058546,267.91988412335917,288.324671832444,37871058,-2.07294368520764,1
2024-07-24,287.8741760253906,293.4596038884104,281.162683544768,282.0184970529435,28259305,1.718901369643211,0
2024-07-25,302.513427734375,304.089956971361,284.7662293906541,286.52291690208847,42054664,5.085295218593422,0
2024-07-26,298.729736328125,304.945759607446,297.37842572425154,303.14401213561473,25703985,-1.250751556579599,0
2024-07-29,299.9009094238281,305.89171523273035,297.9640360785801,300.71169041806115,26721790,0.3920510592948512,0
2024-07-30,299.0000305175781,304.72058506308423,298.1892495369723,299.0901234026429,19792253,-0.3003921888669048,0
2024-07-31,301.0720520019531,303.99989201771047,297.06315236799776,299.13515122830773,21393361,0.6929837033087471,0
2024-08-01,307.8736267089844,310.53121546396454,303.7296016556623,304.3151641377379,36044960,2.259118593640541,0
2024-08-02,297.37847900390625,304.49537729423815,296.0722008557961,304.49537729423815,22939377,-3.408914176009825,1
2024-08-05,279.4961242675781,291.2525175306691,275.6674102365154,288.5949560516603,37986023,-6.013331830947067,1
2024-08-06,275.7574768066406,290.4867689953965,274.9016356961447,283.5950624032128,28386636,-1.3376383914927792,0
2024-08-07,296.4775695800781,298.1441915889094,281.0726222833583,281.432966300609,66110716,7.513882493190316,0
2024-08-08,290.7120056152344,296.38749993616557,289.81113175524604,296.38749993616557,23478224,-1.944688083152435,0
2024-08-09,299.5855712890625,302.55847132550764,295.6667922517953,300.84681660345615,29814474,3.052356112727095,0
2024-08-12,307.4682312011719,310.53122425720073,297.19827490342243,299.76577085098177,34754596,2.6311881036832796,0
2024-08-13,302.6035461425781,310.80150436490413,299.945984557271,309.99072333027635,28943385,-1.5821748606641761,0
2024-08-14,295.6217346191406,303.14403641500894,294.40554947975096,302.55847393826184,17812763,-2.3072470935776357,1
2024-08-16,296.9280090332031,302.4683773870676,296.07216792893314,299.5855702392506,16584396,0.4418736043699356,0
2024-08-19,302.06298828125,305.1710140337177,300.48645905745957,301.79273712559535,19636518,1.7293684299997114,0
2024-08-20,297.37847900390625,302.6936294995977,295.531671018906,302.5585039134976,14972714,-1.5508385532430835,0
2024-08-21,295.2164001464844,298.6397101100253,294.1353404251079,297.8739617650912,11835143,-0.7270461751852197,0
2024-08-22,292.1983947753906,297.7387626206672,291.5227394895646,295.98204788052595,13387819,-1.0223027479490443,0
2024-08-23,289.5201721191406,294.87660761962707,288.29454023788503,294.5134646156345,13229612,-0.9165767862307161,0
2024-08-26,297.6456604003906,298.7804997128017,293.06089295462704,293.69641405199246,21346682,2.8065361462642047,0
2024-08-27,298.55352783203125,301.9126355279345,295.9660886933512,299.05284604035654,20165503,0.30501618280587284,0
2024-08-28,297.6002502441406,299.86992886926686,294.74046071768913,298.3719465178911,12446738,-0.31929871832797607,0
2024-08-29,299.23443603515625,299.73375425119883,295.01283932576655,296.05688595406156,13799961,0.549121107819972,0
2024-08-30,300.2784729003906,303.59219805029863,299.1890161113077,300.0061225561384,19666466,0.34890264605498267,0
2024-09-02,296.1476745605469,301.36793533614235,295.7845038200232,299.59757494722106,8975511,-1.3756558370449756,0
2024-09-03,292.5162048339844,297.78184838769255,292.0168588914181,296.8739768987057,10321111,-1.226236110734702,0
2024-09-04,285.43475341796875,287.06893850891356,279.987525193557,285.97948178161704,25397204,-2.4208749118821093,1
2024-09-05,282.7111511230469,287.7498540648661,281.5763118621917,287.7498540648661,15571640,-0.9541943517065832,0
2024-09-06,280.3507080078125,284.29995457247406,275.72058552445696,282.8019721392685,27946491,-0.8349310261932419,0
2024-09-09,271.36273193359375,280.2598874908141,267.5042788246346,280.2598874908141,30369085,-3.205975878601408,1
2024-09-10,268.3668212890625,273.7232576047976,267.82209284714855,272.452243044358,15618589,-1.104024352638222,0
2024-09-11,259.0157470703125,265.46164073940156,257.15462143974946,265.46164073940156,44826300,-3.4844375224304613,1
2024-09-12,266.95953369140625,267.5950546576541,260.10511674102764,261.46692363495976,21964895,3.066912614752071,0
2024-09-13,264.5991516113281,269.8647950668015,264.23598085767736,268.45760536753977,13672371,-0.8841722366831117,0
2024-09-16,265.5523986816406,268.1852203410374,264.5083520570913,267.64049193073924,10971110,0.36026081886790795,0
2024-09-17,267.5043029785156,269.27466329430354,265.2346244741908,266.64184177049407,11873436,0.7350354606342924,0
2024-09-18,263.6458740234375,270.3641174794004,261.3761953081771,270.182559805803,13421760,-1.442380145708544,0
2024-09-19,258.9703369140625,262.55644030431506,256.4736903706316,260.92225503408264,17067311,-1.7734156192254158,0
2024-09-20,259.87823486328125,262.42026415681994,258.92498080471455,260.5591385354121,16585530,0.3505799003999499,0
2024-09-23,268.2306213378906,269.0930825607491,261.05841497601165,261.83011122196484,14621229,3.2139615227890994,0
2024-09-24,271.86212158203125,274.1771827379663,267.5497321184374,269.0023042992383,16986759,1.353872360294761,0
2024-09-25,271.18121337890625,273.45089200542526,269.365470477691,271.86211696686195,10609614,-0.2504608583066448,0
2024-09-26,268.0036315917969,271.1811812929583,264.6444965395838,269.6831714118688,27812412,-1.1717558703705278,0
2024-09-27,269.8194274902344,270.95426689302633,263.0103910734826,265.7340056401833,35706130,0.6775266020287329,0
2024-09-30,270.18255615234375,273.9955997187971,266.6872454368992,269.63782772683936,16294341,0.13458210384889036,0
2024-10-01,265.0531005859375,271.5897588875588,263.9182611891935,269.63784066636714,10919818,-1.8985147077792752,0
2024-10-03,265.14385986328125,270.54570635787604,263.7820526165134,267.8220918643404,28124665,0.034241922521616175,0
2024-10-04,268.0490417480469,272.08908072471695,266.1879163847938,269.63781676264153,23104209,1.0957002309099906,0
2024-10-07,262.7834167480469,269.0023143579936,255.5658272408884,268.7299639904191,20917962,-1.9644259743145875,0
2024-10-08,266.4148864746094,266.82341200101735,254.70332267556788,261.60315119507044,10572360,1.381924997970585,0
2024-10-09,261.9208984375,265.00765565084214,260.4229161713524,264.41754478309144,13147475,-1.6868381855747683,0
2024-10-10,262.1479187011719,265.2346765316829,261.05846172285413,262.10253620459275,7237212,0.08667512406461686,0
2024-10-11,265.5977783203125,266.5964424441315,262.82878151457743,264.46293902189035,7011704,1.3159973331976715,0
2024-10-14,260.1051940917969,265.91556635927117,258.87956198156985,265.7340086763741,12690951,-2.0680083482820133,1
2024-10-15,257.5631408691406,260.0143771550144,254.9757017012423,260.0143771550144,15087155,-0.9773173625126086,0
2024-10-16,259.1064758300781,260.7860433563477,254.7940869495119,256.92759014742,18188885,0.5992064531165298,0
2024-10-17,255.65658569335938,261.1038139636467,255.06647483861875,258.7433428386484,13343303,-1.3314565472231532,0
2024-10-18,257.1999816894531,258.28943855840686,253.47773075027922,256.01975983645247,14028398,0.603698900189853,0
2024-10-21,251.11727905273438,257.8355230559415,249.25612573099454,255.24808356857326,10299773,-2.364970089330365,1
2024-10-22,245.85154724121094,252.52440711653395,245.12526125324476,252.38823195704458,10028511,-2.0969213394581465,1
2024-10-23,245.89698791503906,249.1199204819763,240.6313168783898,245.12529164088795,18823321,0.018482972484012983,0
2024-10-24,244.3082275390625,247.34960262204973,243.62732391030593,246.85025667067114,7488521,-0.6461081078900865,0
2024-10-25,239.72344970703125,245.3976463740793,237.49918123717146,245.12529601647637,12961181,-1.8766366889130581,0
2024-10-28,239.08795166015625,240.6313164999936,231.7795837243444,236.63668766518683,13835091,-0.2650963214702817,0
2024-10-29,240.5859375,241.08525572182998,235.5018517701131,239.0879551284718,9122757,0.626541751452625,0
2024-10-30,237.5445556640625,241.67538732106536,236.99982726131034,240.58593051556105,11166643,-1.2641561130053547,0
2024-10-31,241.62997436523438,243.58189238892962,237.0906172375537,239.13332794501,16173656,1.7198536458775004,0
2024-11-01,246.71408081054688,248.75679169122296,243.89967361151855,244.94372029821176,2955757,2.1040876483426896,0
2024-11-04,240.85829162597656,249.07454511168402,236.1827590633463,248.7567845537106,14355959,-2.373512352976326,1
2024-11-05,242.76480102539062,243.8542577618061,239.3149008701345,240.76750061667656,11676017,0.7915481698984372,0
2024-11-06,244.26280212402344,245.67001949274922,240.0412054299218,243.03719783344138,19244545,0.6170586066454264,0
2024-11-07,240.7675018310547,245.5792090780815,240.40433111306064,245.5792090780815,6766663,-1.4309588945082274,0
2024-11-08,238.3616485595703,241.94775202662066,235.72882678041339,241.4484337896568,7836093,-0.9992433585046534,0
2024-11-11,233.23216247558594,238.18007280164235,232.41508373802685,238.18007280164235,8450657,-2.1519762574986667,1
2024-11-12,232.55126953125,238.95177996420668,231.87036593451236,236.81827648655445,22445400,-0.29193784300962644,0
2024-11-13,229.28294372558594,233.27758652641722,226.059997219523,232.55127272297227,17483332,-1.4054216140174103,0
2024-11-14,227.6941680908203,230.87171824481058,226.0599966695929,229.28294316781546,12454540,-0.692932325863338,0
2024-11-18,227.55796813964844,228.87439279412496,224.33503564908494,227.96652136511696,14636541,-0.059817057377398175,0
2024-11-19,230.67393493652344,237.55694183413758,229.8368174626488,232.53420860536636,17397559,1.369306828650707,0
2024-11-21,225.23263549804688,230.67394181886283,223.97695924977086,230.67394181886283,16189440,-2.3588705156366685,1
2024-11-22,228.44161987304688,229.69729612597473,226.4883267781428,227.6975075419995,9637581,1.4247421861863563,0
2024-11-25,239.8822784423828,242.30063983375905,230.62741998977998,231.13899807558207,31973671,5.008132307805346,0
2024-11-26,236.48728942871094,240.207836755023,234.90605965358063,238.99867022818094,9242451,-1.4152729562668886,0
2024-11-27,236.5338134765625,237.6499749037025,233.04580014627334,237.18490645966398,11689970,0.01967295915308309,0
2024-11-28,234.58050537109375,239.41721404201866,233.65036854234813,237.18489133013384,14202863,-0.8258050199077771,0
2024-11-29,238.76612854003906,240.5798782734796,234.62700841498102,236.06872329731215,11476347,1.7843013690860055,0
2024-12-02,239.55674743652344,240.25435011209342,235.04559198349517,237.6499781441757,13677959,0.3311269070360501,0
2024-12-03,244.02142333984375,246.20725074939577,240.76594416385905,242.20764501615625,15345326,1.863723711018972,0
2024-12-04,242.48666381835938,245.83513343395836,241.83555673448117,245.41658892476906,10713838,-0.628944582192259,0
2024-12-05,243.04473876953125,244.85851691570863,238.95214245450245,242.48667938811323,12896743,0.2301466572981914,0
2024-12-06,241.882080078125,244.62599518055774,241.4170116462228,242.5796827259783,8783386,-0.4783722936330448,0
2024-12-09,240.8124237060547,243.09127033252665,239.69627652238333,241.88207540164453,6800856,-0.44222224801639953,0
2024-12-10,238.9521484375,240.67290726801858,236.71982569936515,239.64975106726237,11318782,-0.7724997074176732,0
2024-12-11,238.67311096191406,240.62640393869944,237.78946963880173,239.51022841324416,5353032,-0.11677546212099932,0
2024-12-12,236.30126953125,240.53339503641044,235.8827107873906,239.97530724942328,7123877,-0.9937614761482472,0
2024-12-13,236.48728942871094,238.8591269950255,232.06913947871536,235.3246183892384,11143128,0.07872149727758959,0
2024-12-16,234.20846557617188,238.394067278244,233.65037777975573,236.25476384176065,7283872,-0.9636136716032695,0
2024-12-17,230.1158447265625,234.8130385292964,229.27872726153578,234.1619455906354,10066884,-1.7474265242894638,0
2024-12-18,227.09291076660156,230.20887495317368,226.39530811522832,230.115855589219,8430930,-1.3136574595951744,0
2024-12-19,224.95359802246094,226.90687684988953,221.88414364477413,223.23283920978088,9518542,-0.9420429448541157,0
2024-12-20,220.53546142578125,227.09291512019274,218.861212191836,224.62805804852513,15556528,-1.9640213072913637,0
2024-12-23,224.02346801757812,225.3721636236746,220.30292058406394,221.60510650868906,7722901,1.581608041285798,0
2024-12-24,222.2561798095703,226.255770785335,221.93064045359324,224.16296303911915,3577400,-0.7888853001191576,0
2024-12-26,223.46536254882812,225.09310192223268,222.30269156782484,223.23282835262745,6330006,0.5440490969897294,0
2024-12-27,220.3494110107422,224.162977719591,219.79133742419282,223.23284088258023,6487888,-1.3943778590765232,0
2024-12-30,216.39633178710938,220.44243274884485,215.00112651654706,219.55880558270778,19401112,-1.7940048968136835,0
2024-12-31,222.53524780273438,223.1398310956264,216.11730902910216,216.39633873796777,12004845,2.836885433744074,0
2025-01-01,220.39593505859375,222.5259565021495,219.83786143566397,221.19585335827955,9418453,-0.961336581626393,0
2025-01-02,228.8787841796875,229.53917340299554,220.442436038596,220.48894572019452,19745810,3.848913601259718,0
2025-01-03,240.8031463623047,244.3934610325359,230.66464602836137,231.0925010378835,49760410,5.209902798703991,0
2025-01-06,236.58961486816406,241.37051781320847,233.88291316966053,241.0077508087842,19265884,-1.7497825746018658,0
2025-01-07,245.08172607421875,248.71856421601646,240.02177982350202,241.04493593771335,52956766,3.5893846020193187,0
2025-01-08,252.3740234375,254.3924329269534,247.18387221330116,247.83497937390536,42237794,2.9754553634377956,0
2025-01-09,244.7934112548828,253.54600248702272,243.4261089394364,253.025128117855,14706472,-3.0037212544160696,1
2025-01-10,244.64456176757812,247.88144792930763,240.41245084006678,245.55610601627473,13053552,-0.06080616571403352,0
2025-01-13,237.8638916015625,249.8347624580414,236.82214287595423,247.4443039518187,20416370,-2.7716414855187055,1
2025-01-14,242.1797332763672,243.69586092226217,238.87775872876782,239.52883750907733,8470150,1.8144164907694327,0
2025-01-15,240.14271545410156,245.99328395304758,239.68695749931467,242.6726887196845,9344731,-0.8411182037024734,0
2025-01-16,244.7934112548828,247.07225790913486,241.83558286163932,241.83558286163932,14195450,1.9366382994324693,0
2025-01-17,247.9466094970703,248.34656156646747,243.0447696844334,243.69587689293812,12148143,1.2881058464863315,0
2025-01-20,250.54165649414062,251.57412319191795,246.49558377258398,249.36970332692505,9676264,1.046615237987747,0
2025-01-21,247.23036193847656,250.53236476809423,246.3095355456976,249.3231698388097,8989218,-1.3216542917451002,0
2025-01-22,245.6026153564453,247.7791604890967,243.42609860931694,247.41639350514714,7919682,-0.6583926704100795,0
2025-01-23,244.6724853515625,245.39799095414006,242.9238519294574,244.62598986359262,5026675,-0.37871339583778196,0
2025-01-24,238.5894012451172,247.0815548275274,237.8824881890279,244.61666958264428,6306281,-2.4862150305559383,1
2025-01-27,233.2597198486328,238.52429786519056,232.07844206634238,237.18489852035134,6944911,-2.233829905549267,1
2025-01-28,231.30641174316406,234.7665217615959,229.47405531138293,232.5341991270804,8029472,-0.8373962322926087,0
2025-01-29,233.8363800048828,234.39446774805396,229.743783864164,231.51103806293784,5651586,1.0937735113577096,0
2025-01-30,238.7847137451172,241.27747348679105,233.40852432707885,234.3944670366293,12588155,2.1161522172602254,0
2025-01-31,244.26321411132812,245.0817390460205,237.38022158543913,239.0544706824183,8850307,2.2943262490658256,0
2025-02-01,239.55674743652344,244.16093644949558,236.0222385678457,241.41702123804342,10921673,-1.9268012549198743,0
2025-02-03,231.6040802001953,238.44059185911323,227.74401787396363,237.7429892079078,25719512,-3.3197425334201336,1
2025-02-04,236.34776306152344,239.5102224576462,234.39447013330812,234.76651917070103,8402532,2.048186222465409,0
2025-02-05,243.3702850341797,244.62597537576045,239.74275723613025,240.90542822175647,11590755,2.971266527632932,0
2025-02-06,238.25454711914062,244.57949469511416,236.53380247191254,244.30043661035901,12327998,-2.102038839425524,1
2025-02-07,236.1200714111328,240.81592221254462,234.79196105790186,239.96212457805282,10098454,-0.8958803656915926,0
2025-02-10,230.00125122070312,236.78413871359692,229.38463166467506,236.1675046822518,7582536,-2.5914019735220117,1
2025-02-11,226.6809539794922,230.00124420364347,224.6413529176402,230.00124420364347,6711630,-1.4435996428666664,0
2025-02-12,225.21054077148438,228.8628658718984,222.1274140809821,226.72839354770454,5985956,-0.6486708222256943,0
2025-02-13,222.88633728027344,227.1552818675857,222.1748465157214,226.25406312754978,10079210,-1.0320136363285326,0
2025-02-14,218.6648406982422,225.73231313160343,215.10738667386732,222.93378552749203,8065352,-1.8940131699157647,0
2025-02-17,221.653076171875,222.26971016532622,213.49465770160478,218.38022166155025,6692422,1.366582512346648,0
2025-02-18,224.45162963867188,224.9733779617011,217.76361343789318,220.2775417272197,6170974,1.2625827329492134,0
2025-02-19,226.0643310546875,226.53865822245842,222.45944168456518,223.88242318787795,6168581,0.7185073321195334,0
2025-02-20,229.47950744628906,230.19099828931226,224.35677916664935,224.64137839892226,8929816,1.510709971656432,0
2025-02-21,227.58218383789062,230.57045387084366,225.87461750513728,229.4794926301209,5697387,-0.8267943527996757,0
2025-02-24,222.31716918945312,225.73231641737354,221.985134352218,224.1670424139914,6883143,-2.3134564224886023,1
2025-02-25,221.03646850585938,224.54648678449416,220.60957693385134,222.93377724839894,5519036,-0.5760691755220981,0
2025-02-27,219.13917541503906,221.84284635639077,216.7675393174737,221.51081151260442,9664032,-0.8583620176550233,0
2025-02-28,213.6844024658203,218.6648380393855,211.69222244626732,218.1905108419031,17237276,-2.4891820181798474,1
2025-03-03,213.57057189941406,214.39589660379607,207.14817749230878,213.21007859160696,11928529,-0.05327041426173018,0
2025-03-04,215.11685180664062,216.05602480946195,204.41603206521157,208.79882493639474,12428265,0.7240135630459443,0
2025-03-05,217.1849365234375,219.37632582972915,215.11686244358586,215.45837860010644,7466729,0.9613773627813238,0
2025-03-06,220.65701293945312,221.5772088392448,215.06943926176103,219.60400600646042,10439208,1.5986727586150717,0
2025-03-07,220.93211364746094,224.32829799831137,219.30042698782736,220.65701025179428,9079049,0.12467344878057673,0
2025-03-10,211.7301788330078,222.93378503286394,211.05662783674757,220.93212366057745,16489167,-4.1650508215100635,1
2025-03-11,215.0789337158203,215.5912007393287,208.79884601582694,209.55775798023672,10941588,1.5816143458007748,0
2025-03-12,212.87803649902344,217.09006425074185,210.94278793826157,215.43941489826418,6994310,-1.0232974372584858,0
2025-03-13,213.8551483154297,218.56996170634332,213.32390418270427,216.4354893675106,16105085,0.45900076516851573,0
2025-03-17,217.94384765625,218.61738411408467,214.623557551967,214.88917960228434,8788971,1.9119012906762434,0
2025-03-18,217.94384765625,217.94384765625,217.94384765625,217.94384765625,0,0.0,0
2025-03-19,220.62855529785156,223.0665895183701,219.7083593945916,220.56214254334225,8626593,1.2318345621923577,0
2025-03-20,223.4934844970703,224.86903046892888,220.09730004032127,221.49182315308832,18955995,1.2985305530152536,0
2025-03-21,229.97279357910156,235.2662867684293,223.6927062014974,223.6927062014974,29285333,2.8991042385918764,0
2025-03-24,231.31039428710938,233.74842846463105,230.2858458414872,231.6519104356501,10566066,0.5816343260394152,0
2025-03-25,229.8115234375,232.77132046948523,228.19881388738798,231.4811499343322,8915800,-0.6479911351276901,0
2025-03-26,227.41143798828125,231.94600494325695,227.07940315222316,230.8550581538963,7543985,-1.044371236619679,0
2025-03-27,229.7356414794922,230.9024823748127,226.39637383420686,226.60507896674457,9935664,1.0220257660613852,0
2025-03-28,233.72946166992188,241.81198625038184,230.76965027642657,230.9404155853381,32905564,1.7384416996464092,0
2025-04-01,235.33270263671875,239.25063544353637,234.03303627278973,234.31763548625756,11258957,0.6859387581446663,0
2025-04-02,237.77073669433594,238.58658005205547,235.26628967359744,237.21103407604346,15337906,1.0359945856657005,0
2025-04-03,230.8170928955078,236.80309966574592,230.05816650297515,235.26628421547207,11141370,-2.924516235892949,1
2025-04-04,214.40536499023438,228.82492272800505,212.6883029283175,228.2082887137107,38336194,-7.110274069998413,1
2025-04-07,208.55218505859375,209.4628996746011,194.4741568831757,197.3201201546368,27024128,-2.729959640658819,1
2025-04-08,215.02200317382812,215.57222444596655,207.92605805754653,211.54992470239438,11309092,3.102253814035394,0
2025-04-09,210.5443572998047,212.5554999713238,208.95061039995926,210.60127424706394,16889575,-2.0824128730693725,1
2025-04-11,218.54150390625,219.51861675523296,213.68439813458204,216.5777968756409,13886447,3.7983191328456067,0
2025-04-15,220.7423858642578,221.98512076273354,218.28537454014804,221.98512076273354,12102239,1.0070773371047892,0
2025-04-16,228.83441162109375,229.57436088244154,219.82219497488222,220.74239088520497,18748952,3.6658232741092256,0
2025-04-17,230.98785400390625,232.0503422489166,226.97503566187245,228.62569944992785,12891813,0.9410483185449348,0
2025-04-21,236.9548797607422,237.68534765524106,229.3371865726321,231.4811401687742,11698653,2.583263861456131,0
2025-04-22,235.05758666992188,237.73279903285675,234.5642823275823,236.1864877248348,9896443,-0.8006980454405732,0
2025-04-23,239.22216796875,239.77238923400057,232.34442386609322,235.96829046557616,16555874,1.7717280934549162,0
2025-04-24,236.56594848632812,238.4632573295605,235.26629656081562,237.16360540404798,6538518,-1.110356747025576,0
2025-04-25,233.68203735351562,237.80867526001805,231.85112685578355,236.2149428348269,15616265,-1.219072800318588,0
2025-04-28,237.73280334472656,239.01347812601125,231.8321716967187,233.36898722438738,7669983,1.7334520175733115,0
2025-04-29,233.06539916992188,239.1557729765744,232.51519237242871,238.33992963762384,8030552,-1.9632983370985069,0
2025-04-30,231.89857482910156,234.73505681417902,229.78307948221152,232.8946648855903,9822483,-0.5006424569996337,0
2025-05-02,230.27638244628906,233.6251314392077,226.72840965315456,228.62571852054495,10203190,-0.6995266719547422,0
2025-05-05,226.9181365966797,228.76800983877706,222.4594636739707,227.6770630351939,20086323,-1.4583544408392268,0
2025-05-06,224.8311004638672,230.5135457246802,223.88244603153018,228.74904790152067,11350559,-0.9197308615846556,0
2025-05-07,226.41534423828125,227.76243175119058,220.15423387442024,220.3724203336468,16689539,0.704637290457355,0
2025-05-08,221.24517822265625,227.05093846335956,219.51862028291822,225.45720603466344,15026122,-2.2834874699056984,1
2025-05-09,222.89585876464844,223.2183978076578,216.72010895271418,217.33674303821624,11184507,0.7460865611864209,0
2025-05-12,231.4906463623047,232.040867640935,225.88409549027978,226.72839731129662,11374237,3.855965581994658,0
2025-05-13,228.77749633789062,232.69542912831045,227.9521571747565,231.61396370191284,9336026,-1.1720344070264233,0
2025-05-14,233.3784637451172,234.22276558214875,228.7774985900665,228.7774985900665,8234859,2.011110131405247,0
2025-05-15,234.8963165283203,236.13905147608597,229.85896398111507,232.3728923506168,16812750,0.6503825412360387,0
2025-05-16,234.57376098632812,236.5849035402926,233.55869390181292,234.37453720724847,8030229,-0.13731826312112227,0
2025-05-19,233.91920471191406,236.64183821971795,232.33495359402457,235.2662922287665,8043270,-0.2790407041528442,0
2025-05-20,236.4615936279297,239.72496712269475,234.11841607123446,234.11841607123446,13183059,1.08686626185599,0
2025-05-21,235.91136169433594,239.0134655361529,235.03860141130363,238.58657396487754,7158307,-0.23269399700466264,0
2025-05-22,229.2613067626953,237.61894969794858,227.30708101771472,235.91136888547905,18502235,-2.818878617748355,1
2025-05-23,231.69935607910156,232.11675185621687,227.81934857831044,230.04869221047707,8725218,1.0634368925279913,0
2025-05-26,233.3120574951172,234.44095850866765,232.24007342757486,232.7049192788359,7159571,0.6960318937895726,0
2025-05-27,231.9839324951172,234.17533624175735,230.44711705295632,234.17533624175735,9712093,-0.5692483338662457,0
2025-05-28,230.2099609375,232.74286644215235,228.91030904483904,232.07881125887002,7385958,-0.7646958729154774,0
2025-05-29,230.5609588623047,232.04087188464342,228.95774508657644,231.0922174852382,12938112,0.15246860881923396,0
2025-05-30,227.10784912109375,232.60056599893355,226.62404060620648,230.5609504296201,10108840,-1.497699245462103,0
2025-06-02,226.07383728027344,227.76244102544746,225.45721768440086,226.72841115992412,6278145,-0.4552955104026313,0
2025-06-03,225.0872344970703,228.67314698627487,224.45163778340893,228.15138416899538,9515918,-0.436407323851451,0
2025-06-04,225.82717895507812,226.25407053271795,223.408107381363,225.77974334082546,6733580,0.32873674940345765,0
2025-06-05,225.5615692138672,227.31657123459996,224.09115194357037,225.82719129781938,8941808,-0.11761637480480758,0
2025-06-06,227.7339630126953,228.12291477380285,225.31489150316764,225.58051356555407,5985346,0.9631045777875213,0
2025-06-09,230.33328247070312,231.58549870399904,228.15137453847348,229.36565096634936,7719525,1.14138419391705,0
2025-06-10,232.1167449951172,232.4203213425739,230.13406082998517,231.70883056295378,7659657,0.7742964912771155,0
2025-06-11,234.62120056152344,237.5430432183976,231.04476961241986,231.94598834897832,20842417,1.0789637630231885,0
2025-06-12,235.15245056152344,242.09659304324748,234.08046648815912,238.58657475895447,35613271,0.2264288132225678,0
2025-06-13,238.5960693359375,242.8080973010238,236.32878583810452,242.42864132096753,39320377,1.464419684417928,0
2025-06-16,243.60496520996094,244.27850171044133,239.24114929219132,240.94873006328888,41444122,2.0993203651528125,0
2025-06-17,239.35498046875,243.88954717450866,238.6340083626097,243.74725480991415,18781097,-1.7446215587387237,0
2025-06-18,237.505126953125,242.75118486543363,236.9454243057733,240.9866870222579,12691905,-0.7728493938176095,0
2025-06-19,238.64349365234375,240.00955827637068,235.45601435472,237.63792232502314,10790997,0.4793019476347693,0
2025-06-20,238.95654296875,240.24671346012505,236.54696729568312,239.30754044515905,15907673,0.1311786513074953,0
2025-06-23,238.4727325439453,242.37170245909323,237.47664259220514,240.01902927442853,16776881,-0.20246795454684774,0
2025-06-24,231.39576721191406,235.26627869522838,230.98785278974768,234.79195152043962,22215004,-2.9676203465849538,1
2025-06-25,229.48898315429688,232.70492090406742,229.10003138676916,231.47166732244997,13056178,-0.8240358415333215,0
2025-06-26,232.1641845703125,232.7713228002688,229.13797475330702,229.57436214139307,15769123,1.1657210639244298,0
2025-06-27,230.36175537109375,233.5776932874047,229.5743704626342,232.42981506595174,21691960,-0.7763597139475498,0
2025-06-30,231.6708984375,233.0843842356688,230.5230202391858,231.47167464346228,8783448,0.568298789135957,0
2025-07-01,230.8740234375,232.70493401012828,228.9103162993241,232.70493401012828,8470489,-0.34396853699558694,0
2025-07-02,228.69212341308594,231.23451025978994,227.86678424094285,230.42814822875704,10419419,-0.9450608569676167,0
2025-07-03,231.51910400390625,233.55870512787084,229.3846316519501,229.5743596326161,13891239,1.236151271250363,0
2025-07-04,232.64801025390625,232.8472195717172,230.05817331982476,232.61005597173067,7717259,0.487608249374083,0
2025-07-07,229.11900329589844,232.89464356620485,228.4644294765456,232.89464356620485,9222263,-1.5168868000015712,0
2025-07-08,230.7506866455078,231.18705953530093,228.2936609060866,229.96330180704513,7537067,0.7121553979100081,0
2025-07-09,230.8550567626953,232.031378968416,229.8305082615299,230.8550567626953,9590680,0.0452306854227702,0
2025-07-10,230.6083984375,232.12625129274087,229.88742629268526,231.00683155505428,8012201,-0.10684553704571886,0
2025-07-11,229.34666442871094,230.60837641815198,228.43596438277754,230.5704366142865,5608382,-0.5471327225452405,0
2025-07-14,231.6803741455078,232.31597084390344,228.7585169142373,230.42814341411312,7568906,1.0175468313916802,0
2025-07-15,231.1586151123047,232.77132469166926,230.23841918945857,231.92702285759904,7843083,-0.22520640133092407,0
2025-07-16,230.38072204589844,231.61396116003434,229.85895924167022,231.47166879311624,5656962,-0.3365191758171404,0
2025-07-17,231.34832763671875,232.00290144276602,230.3522521669769,230.52300299882418,7006298,0.4200028466911032,0
2025-07-18,233.66305541992188,234.6496640703136,230.9593991522172,232.17367558707093,10293817,1.000537936387369,0
2025-07-21,232.45828247070312,233.65359635430858,231.87960267118638,233.3689971212921,5424455,-0.5156026685748882,0
2025-07-22,233.75791931152344,234.1942922015932,231.53807163077764,232.45825302296387,5869862,0.5590839040050533,0
2025-07-23,232.9420928955078,234.50736687936057,231.71832060240035,233.36898448425697,7357753,-0.3490048244861321,0
2025-07-24,232.25906372070312,233.5587156458764,231.24399654168624,232.9515773952132,4590999,-0.29321844167987665,0
2025-07-25,227.9521484375,232.2305888398189,226.96555427811586,231.47166246127597,7427827,-1.8543583247981665,0
2025-07-28,227.69602966308594,229.15695104763108,225.5900157692294,227.95215592494517,6865890,-0.11235637662098119,0
2025-07-29,229.04312133789062,230.05817402176504,227.5063058373904,227.69603382289503,6157824,0.5916184295343019,0
2025-07-30,229.39410400390625,231.19655593796062,227.77191318610545,230.08661762011818,8767763,0.15323868447367772,0
2025-07-31,228.62570190429688,230.34276398844028,227.35450852961043,227.866775517435,10254214,-0.33497029182418814,0
2025-08-01,224.63186645507812,228.35060439911317,222.03256269280894,227.77192464267418,12629251,-1.7468882177081646,0
2025-08-04,222.7725067138672,226.14971394394564,221.98512185231027,224.35675776953582,16174972,-0.8277364073733362,0
2025-08-05,222.4404754638672,223.88243417776192,221.08390664560332,223.40810698670734,9562689,-0.14904498535202038,0
2025-08-06,221.76693725585938,223.28477557038872,220.95109391449745,222.5068865101973,7568954,-0.3027948068368591,0
2025-08-07,221.91873168945312,222.17487244767693,219.43326162728522,221.17878236597844,5560413,0.06844772961742684,0
2025-08-08,221.45387268066406,223.04760503260013,220.7328861140407,221.8902455733204,5249568,-0.20947263227855117,0
2025-08-11,221.785888671875,222.93376677633057,219.6893707160279,221.45386834271704,4699743,0.14992557465440814,0
2025-08-12,223.4270782470703,224.2239444329932,221.6151449508539,221.79539159476147,7036778,0.7399882765415144,0
2025-08-13,226.41534423828125,227.62962071401128,224.1670379391325,225.53310259315816,8501906,1.337468141577025,0
2025-08-14,224.774169921875,226.4153379374875,222.39303817649284,226.2635497634159,7258450,-0.7248511897140042,0
2025-08-18,225.93153381347656,226.33944825449936,223.40810965287537,225.0682548413787,8501972,0.5149007521655369,0
2025-08-19,225.7228240966797,226.29200803596785,224.5275103210723,225.30541385601154,5538059,-0.09237741773983066,0
2025-08-20,225.7133331298828,226.81377570155288,224.83109149117104,224.83109149117104,7438061,-0.00420469965093373,0
2025-08-21,226.0548553466797,228.61623386063945,225.0492839776461,225.7797519340511,8111371,0.15130794980566797,0
2025-08-22,224.1575469970703,226.37740934571087,223.77809101841123,225.77975242777097,5423818,-0.8393132484147081,0
2025-08-25,224.60340881347656,225.29593694240356,223.55040185852496,224.16703589899487,8854258,0.1989055565512876,0
2025-08-26,222.1653594970703,225.1156750375799,221.79538488798528,224.50853684638096,14671897,-1.0854907898708466,0
2025-08-28,221.40646362304688,223.1994199716741,220.448327830502,222.26974265487584,13870643,-0.3415905502736294,0
2025-08-29,221.71002197265625,223.2847772454379,219.4522199115343,221.4064456222828,9928988,0.13710455631783525,0
2025-09-01,226.46278381347656,226.90865254794326,221.1028921421287,221.98513380267917,4366396,2.1436838075846953,0
2025-09-02,227.1932373046875,230.0486817098483,225.21053869613303,226.49122786897436,5921193,0.32254902059871693,0
2025-09-03,226.79481506347656,229.5174485678663,226.21613529865908,227.2027295085964,4364007,-0.17536712181120961,0
2025-09-04,224.7921600341797,228.25388001685536,224.51559611553148,227.98686181696087,8778730,-0.883025050081665,0
2025-09-05,223.27587890625,226.1654087675379,222.20779153656213,224.82077202575817,7210683,-0.6745258053924785,0
2025-09-08,221.7500457763672,224.0864623173586,221.30183353384794,223.27587654469662,8418326,-0.6833846707299251,0
2025-09-09,220.6056671142578,223.714530025583,220.06208502363418,221.75003284808673,11665314,-0.5160669338771906,0
2025-09-10,220.9966583251953,222.2363793543644,220.29095910514255,222.1982401363559,11775053,0.17723534306803845,0
2025-09-11,222.9230194091797,224.31534107525258,221.33998708650583,221.33998708650583,11047708,0.8716697793456074,0
2025-09-12,222.43666076660156,224.4965278698952,221.91215554797586,223.63824263448944,6073522,-0.21817336041254354,0
2025-09-15,221.4925537109375,223.33308757910552,221.24461240106112,222.34129323679934,6153784,-0.42443860306583536,0
2025-09-16,224.1913604736328,224.3630233447716,221.6451418710445,221.70235797762393,7319921,1.218463879475351,0
2025-09-17,225.89837646484375,226.92830999737222,224.27717590074903,225.0591681306206,7628371,0.7614102468554762,0
2025-09-18,224.6681671142578,226.68034919799007,223.62870243748134,226.68034919799007,6497852,-0.5445852997431277,0
2025-09-19,225.71719360351562,226.39427027371585,223.86712853046046,224.21043972495937,16484017,0.46692261869227814,0
2025-09-22,226.46102905273438,227.39559274408467,224.7253962173977,225.05917624000872,9962796,0.3295431053982334,0
2025-09-23,225.68858337402344,226.5754621296114,224.24857678393056,226.25122782443302,7014239,-0.34109430745855596,0
2025-09-24,227.4623565673828,228.99771849236066,225.3071195308819,225.68858449598852,8299331,0.7859383788234364,0
2025-09-25,228.5590362548828,230.91452965357823,227.46235540751957,227.8438058192806,10150654,0.4821367825647682,0
2025-09-26,226.98553466796875,229.12168025184423,225.8602312181197,228.87373893983025,6349466,-0.6884442692343784,0
2025-09-29,228.8546600341797,229.97996347409776,227.12857292979888,227.92009634948184,10631271,0.8234557188611547,0
2025-09-30,228.39691162109375,229.7224714029347,227.4432710715276,228.87373189587683,7167687,-0.20001708202820323,0
2025-10-01,231.77279663085938,234.8721284686589,227.41466681335862,227.53864474331868,10375310,1.4780782217257649,0
2025-10-03,232.3640594482422,232.8790189416132,228.58763647505498,231.2578329200823,10702610,0.25510449283852044,0
2025-10-06,234.4620819091797,236.02605193387743,231.47718213130497,231.47718213130497,9465503,0.9029031709634205,0
2025-10-07,233.94711303710938,237.93332365923317,233.31770676475287,234.462072545419,12498420,-0.21963844553328782,0
2025-10-08,230.59982299804688,235.3584946621665,229.96088556482363,235.12008452060257,5073558,-1.430789205136096,0
2025-10-09,232.10658264160156,233.16512427866502,229.40777802545958,230.6284368166714,9292031,0.6534088465312671,0
2025-10-10,234.91981506347656,235.6255143254089,232.30684920854407,232.7359845557541,9050771,1.2120433595022018,0
2025-10-13,232.7741241455078,234.29040916537696,230.18976633952715,233.64194055992363,12607116,-0.9133716189028029,0
2025-10-14,233.3463134765625,237.20856069658456,232.59292927723604,233.92803480650556,13865005,0.24581311739659828,0
2025-10-15,236.23583984375,236.68405206946153,232.96484516790215,233.34631012138007,8520238,1.2382995574848676,0
2025-10-16,236.83665466308594,237.17042015046508,234.59559337733552,236.50287462430572,6083826,0.2543283947657349,0
2025-10-17,236.2072296142578,237.02736106742685,233.42260096083268,237.02736106742685,14250215,-0.2657633590220754,0
2025-10-20,237.20855712890625,237.6472236358655,233.63240504404249,236.20723163486437,10920554,0.42391907998906575,0
2025-10-21,236.61729431152344,237.74259775436883,235.92114076763963,237.2085613617237,569979,-0.24925863743672227,0
2025-10-23,240.61305236816406,241.49994567413228,237.53279736971194,238.4101449569856,13879042,1.6887007639348361,0
2025-10-24,243.14019775390625,245.46706844137188,241.12801563846767,242.22469643562812,17882209,1.0502943879683535,0
2025-10-27,241.52854919433594,244.21780801224972,240.2315974480555,243.5788705819248,7889080,-0.6628474330688583,0
2025-10-28,238.92510986328125,242.02444181771637,238.27664123902568,241.36644202595141,8529692,-1.0779012831977686,0
2025-10-29,243.78866577148438,245.40985177061228,238.9346389409463,239.3160893343647,8806213,2.0355984814597994,0
2025-10-30,242.73013305664062,244.60880614317784,241.66206027495866,244.60880614317784,5266883,-0.4342009549516801,0
2025-10-31,243.53118896484375,245.94389845531867,241.57623742734617,242.892251525805,7199008,0.33001914435411006,0
2025-11-03,245.610107421875,246.5160775685659,242.51079024368926,243.1783357059354,5450040,0.8536559386368214,0
2025-11-04,240.6511993408203,245.56244236761256,240.31741932675092,244.22735141413506,6006851,-2.0190162909448084,1
2025-11-06,239.84060668945312,243.65516902248618,238.83928116675185,241.79557279541268,6987258,-0.33683299879141426,0
2025-11-07,240.50814819335938,241.84325371858927,238.41014185531267,238.41014185531267,4449104,0.27832714114610635,0
2025-11-10,239.7452392578125,243.65517150964297,237.93332795168658,240.3174294341684,7418162,-0.31720710557112675,0
2025-11-11,237.88563537597656,242.41542804729232,234.59557834603777,242.41542804729232,16183880,-0.7756583144644558,0
2025-11-12,242.0816650390625,243.7505360401749,238.31477313828856,240.88961432398222,11917811,1.7638852621151946,0
2025-11-13,239.2207489013672,241.9386158642892,235.83532188131284,241.9386158642892,13057927,-1.18179794295189,0
2025-11-14,241.9075164794922,243.91037368298927,239.46499315036962,239.8557909198375,9185042,1.1231331690349178,0
2025-11-17,242.34716796875,243.9592274045859,241.76095640591186,241.90751675061105,6281588,0.18174362485965379,0
2025-11-18,241.2724609375,243.71498436247566,240.63741081019828,241.3213143875955,7708871,-0.44345763982213127,0
2025-11-19,243.27532958984375,244.54544473395694,239.75808994583485,241.2724574288937,7075882,0.8301273359426542,0
2025-11-20,242.34716796875,245.32704941521513,241.90751675061105,243.27532385326097,6918642,-0.38152722787740956,0
2025-11-21,241.2724609375,242.59142955017882,240.5397039100073,241.37016783769099,7589240,-0.44345763982213127,0
2025-11-24,240.1000518798828,241.76096482176922,238.68339127968494,241.27246013839206,15875282,-0.4859274253935286,0
2025-11-25,239.70925903320312,241.8098232517943,238.97650199304616,240.10005682476142,8983620,-0.16276249989116698,0
2025-11-26,242.00521850585938,242.2983242991075,239.4161496327907,239.70925542603885,7232643,0.9578100912398302,0
2025-11-27,238.39028930664062,243.0799373237771,237.2178810293515,242.29832683625767,5600832,-1.4937401852477938,0
2025-11-28,237.65753173828125,239.70925739993325,236.97362815372392,239.36729815366456,3804191,-0.30737727215760513,0
2025-12-01,239.20120239257812,240.1977561098247,237.42303820902012,238.43913628761888,6307936,0.6495357597152918,0
2025-12-02,237.94085693359375,240.59832362964534,236.9247737417999,237.90178311805474,5413988,-0.5268976269257597,0
2025-12-03,234.5017852783203,238.74200222366053,234.0523544237178,238.439131714419,11829802,-1.445347259648322,0
2025-12-04,236.6609649658203,237.12016054187865,234.17936783621036,234.97074300533836,10825420,0.9207519187699909,0
2025-12-05,235.6839599609375,237.60866956192592,235.37132472289798,237.12016488975587,7645591,-0.4128289618965719,0
2025-12-08,233.03627014160156,236.43625844416778,232.23511533319206,235.68395708397486,5285903,-1.1234068791846408,0
2025-12-09,234.325927734375,234.67765170991547,231.38513484720352,232.23512824310123,9026401,0.5534149649708109,0
2025-12-10,233.78855895996094,234.82420138550393,232.93856560271152,233.81788295557112,3492031,-0.22932535874699012,0
2025-12-11,232.92880249023438,235.75235891273405,232.6650057917506,233.78856057999187,8868641,-0.36774959114821426,0
2025-12-12,232.5477752685547,233.89603806663862,231.5707658949965,233.01673559362823,4252781,-0.1635809816588285,0
2025-12-15,229.9391632080078,233.3000629475615,224.65353889206648,232.52823209800792,12334408,-1.1217531784745494,0
2025-12-16,226.87135314941406,229.8903085352076,225.44491290478487,228.7862831727476,7238404,-1.3341833621524302,0
2025-12-17,227.5552520751953,228.0535214785498,223.35410887403685,226.4219176473517,5848233,0.30144789824162466,0
2025-12-18,226.66616821289062,228.7472028898814,225.8943373892629,227.64317755863584,3964839,-0.3907112027503934,0
2025-12-19,227.53570556640625,228.13168186266645,226.17766317433527,226.66616784641806,5070902,0.3836202642729436,0
2025-12-22,228.79605102539062,229.87076731397062,227.41847912018557,228.41501796089048,4614185,0.5539110689669613,0
2025-12-23,230.07594299316406,232.43052425590307,229.20640524608268,229.20640524608268,5810236,0.5594029975768189,0
2025-12-24,228.39547729492188,231.13110642503094,227.779956640953,230.12477309077252,4114036,-0.7303960928640496,0
2025-12-26,229.13800048828125,229.8707574970251,227.6920308319277,228.46386165496023,3710774,0.32510415799547054,0
2025-12-29,229.4213409423828,233.52477719894176,228.62018612577006,229.13799988461315,12621499,0.12365493872590338,0
2025-12-30,229.2845458984375,230.18340761474056,227.946047866518,229.54834259578686,6236729,-0.059626119951794454,0
2025-12-31,234.853515625,235.45925665996174,229.21616742201886,229.29432996007517,11514802,2.428846525499928,0
2026-01-01,232.4696044921875,235.56672230766347,231.9517907351887,235.36154378697555,5840586,-1.0150629963823876,0
2026-01-02,235.90869140625,236.97362805231785,232.46961421511622,232.46961421511622,5925943,1.479370570434324,0
2026-01-05,232.61614990234375,241.12590780299902,230.28109817887704,241.12590780299902,21201434,-1.3956846965999525,0
2026-01-06,236.32879638671875,236.78799198417764,232.6161577916805,232.6161577916805,10840459,1.5960398647873797,0
2026-01-07,233.56385803222656,236.12361781573415,232.6845555608174,234.68742775456045,8253161,-1.1699540626305072,0
2026-01-08,226.09950256347656,233.39776361918936,225.6891604243898,232.72362478069692,9218488,-3.1958521029910703,1
2026-01-09,228.70811462402344,232.77247708835003,226.66616866525584,226.94949481657642,12706408,1.153745156876007,0
2026-01-12,230.29087829589844,230.7305295176939,226.33398748378042,228.70811302626356,9807980,0.6920452623541351,0
2026-01-13,238.1753387451172,238.5368274349664,230.3788082868825,232.52822588065396,22527192,3.423696373717444,0
2026-01-14,242.5230255126953,245.22934557232938,237.9799380220571,238.38051543138516,33094088,1.825414331510955,0
2026-01-15,242.5230255126953,242.5230255126953,242.5230255126953,242.5230255126953,0,0.0,0
2026-01-16,241.48739624023438,242.08337253262428,236.82705752459444,241.2235995447885,12287680,-0.4270230714265577,0
2026-01-19,237.520751953125,242.29832724481855,236.72937673731994,239.36729909266347,6459249,-1.642588536241163,0
2026-01-20,234.86328125,239.69947463738478,234.19892203595015,237.52074792215913,6496057,-1.1188372726478435,0
2026-01-21,236.79776000976562,238.86903004459805,234.00351257071955,234.48225253652112,9610477,0.8236616424116328,0
2026-01-22,238.40005493164062,240.8035045809201,236.99317393838206,238.97650179949548,10746306,0.6766512157078353,0
2026-01-23,239.8264923095703,240.6374118792223,235.99661735115197,239.6604025048917,8080247,0.5983376884450387,0
2026-01-27,242.2494659423828,243.26556401733228,240.23682906174545,240.9305122614502,15915509,1.010302744070879,0
2026-01-28,262.4051513671875,263.4505585006787,243.4707207877218,243.4707207877218,73427983,8.320218724279282,0
2026-01-29,269.0586242675781,271.3838815188969,262.8252997268123,263.7925294603933,48267023,2.5355725166692045,0
2026-01-30,262.77642822265625,270.14308712044925,261.84828722339125,267.5931070111898,24420043,-2.3348800143548787,1
2026-02-02,248.1115264892578,251.09140804886562,241.9075259355621,245.81556341492188,17015974,-5.580752365266395,1
2026-02-03,251.09140014648438,255.97644684194125,243.6172846656271,253.72933728841463,19213406,1.2010218547245044,0
2026-02-04,260.8126525878906,263.79251911821297,252.11724569752343,252.11724569752343,26628393,3.8715991211706102,0
2026-02-05,263.01092529296875,264.23218696350455,259.8844834900137,261.8385021628709,15268335,0.8428550851601546,0
2026-02-06,262.7666931152344,263.7437025266077,258.61440311689785,261.8385222480453,10013728,-0.09286008840215798,0
2026-02-09,260.470703125,264.6718314754195,259.64023920011437,263.2551857832825,10824044,-0.8737751208169664,0
2026-02-10,265.8930969238281,266.77239940303303,260.861504577749,261.1057569228592,13459684,2.081767252045208,0
2026-02-11,268.2867736816406,268.77527835702017,260.2264465378781,266.0396342853192,18388416,0.9002402790841302,0
2026-02-12,269.9965515136719,273.8557207235144,267.16323023931596,269.6545922631895,22753270,0.6372948649567611,0
2026-02-13,261.2522888183594,265.1114875973499,259.8844817198676,263.79251903896335,20748628,-3.2386571777638817,1
2026-02-16,265.306884765625,265.9419647143231,259.5425353965288,261.4965541532367,13247757,1.5519848517326018,0
2026-02-17,265.6000061035156,266.72356092811606,261.9362209259316,266.72356092811606,21292868,0.11048387913097368,0
2026-02-18,264.6000061035156,266.1000061035156,262.54998779296875,265.0,11621040,-0.37650601544423346,0
2026-02-19,274.6499938964844,276.45001220703125,267.8500061035156,270.29998779296875,37728943,3.7981812400401216,0
2026-02-20,278.6499938964844,280.79998779296875,274.3500061035156,277.3999938964844,31971956,1.456399085706006,0
2026-02-23,275.6499938964844,279.8999938964844,272.20001220703125,279.8999938964844,13113050,-1.076619438618931,0
2026-02-24,276.5,278.1499938964844,273.29998779296875,275.6499938964844,16311581,0.3083642743829884,0
2026-02-25,277.45001220703125,278.95001220703125,274.0,276.5,7573116,0.34358488500225715,0
2026-02-26,280.1000061035156,281.04998779296875,275.6000061035156,277.3999938964844,13301761,0.9551248080345909,0
2026-02-27,279.70001220703125,282.5,277.0,278.5,18554482,-0.14280395850350125,0
2026-03-02,282.20001220703125,293.0,277.6499938964844,288.0,65843426,0.8938147625640935,0
2026-03-04,276.95001220703125,288.3500061035156,275.1000061035156,287.0,53722773,-1.8603826268258405,0
2026-03-05,276.3500061035156,287.6499938964844,275.3500061035156,278.0,40569479,-0.21664779818355573,0
2026-03-06,278.95001220703125,280.95001220703125,271.1499938964844,279.95001220703125,30725344,0.9408380843464625,0
2026-03-09,270.79998779296875,289.0,267.6000061035156,289.0,56512457,-2.9216791745517834,1
2026-03-10,269.20001220703125,270.8999938964844,265.3500061035156,270.8500061035156,18476370,-0.5908329608791174,0
2026-03-11,270.75,272.3999938964844,268.0,268.0,16130216,0.5757755284857557,0
2026-03-12,270.54998779296875,273.0,267.75,271.6000061035156,20059801,-0.0738733913319467,0
2026-03-13,264.1000061035156,271.29998779296875,263.45001220703125,270.54998779296875,18411729,-2.384025866003292,1
2026-03-16,260.45001220703125,266.0,258.3500061035156,264.04998779296875,21725887,-1.382049909932126,0
2026-03-17,264.75,265.3999938964844,259.1499938964844,260.6499938964844,15662659,1.6509839091697565,0
2026-03-18,265.0,266.6499938964844,263.0,265.1499938964844,8780857,0.09442870632672129,0
2026-03-19,269.1000061035156,271.5,262.5,265.0,28685305,1.54717211453419,0
2026-03-20,265.3999938964844,273.04998779296875,264.0,269.0,19436124,-1.3749580539243689,0
2026-03-23,265.45001220703125,269.70001220703125,263.8999938964844,267.29998779296875,23991581,0.018846387225757155,0
2026-03-24,268.04998779296875,273.29998779296875,266.8500061035156,268.54998779296875,18567283,0.9794595842435694,0
2026-03-25,270.20001220703125,271.5,266.3999938964844,267.3500061035156,13380625,0.8020983070229137,0
2026-03-27,281.95001220703125,285.0,269.70001220703125,270.5,60048871,4.348630447506041,0
2026-03-30,284.6499938964844,288.3500061035156,281.95001220703125,282.75,44866906,0.9576100629747675,0
2026-04-01,288.04998779296875,293.0,282.79998779296875,290.0,31626297,1.19444720512476,0
2026-04-02,287.20001220703125,288.79998779296875,283.5,288.5,20935809,-0.29507919526398085,0
2026-04-06,281.8500061035156,288.5,280.45001220703125,287.29998779296875,24449779,-1.8628154164767263,0
2026-04-07,286.6499938964844,287.54998779296875,280.0,281.8500061035156,22891122,1.7030291605549364,0
2026-04-08,285.5,287.8500061035156,274.75,280.0,42071040,-0.40118399475691513,0
2026-04-09,288.6000061035156,289.79998779296875,284.8999938964844,284.8999938964844,13585661,1.0858164986044194,0
2026-04-10,286.5,291.8500061035156,284.54998779296875,288.6000061035156,12889209,-0.727652827132097,0
2026-04-13,287.54998779296875,290.29998779296875,281.0,287.20001220703125,23986567,0.3664878858529619,0
2026-04-15,287.6000061035156,289.79998779296875,283.3500061035156,284.04998779296875,16529148,0.01739464881593822,0
2026-04-16,282.75,288.1000061035156,282.0,288.0,13626398,-1.6863720447105823,0
2026-04-17,284.04998779296875,285.5,282.20001220703125,283.3999938964844,17846605,0.4597657976900926,0
2026-04-20,283.3500061035156,285.20001220703125,282.5,284.0,11057036,-0.24642905105960455,0
2026-04-21,283.1000061035156,284.8500061035156,282.3999938964844,283.1499938964844,13645673,-0.08823010221099548,0
2026-04-22,283.6499938964844,285.04998779296875,282.6000061035156,283.1000061035156,7395183,0.1942733243063488,0
2026-04-23,286.25,289.79998779296875,284.04998779296875,284.8500061035156,13525025,0.9166247697732999,0
2026-04-24,284.79998779296875,288.79998779296875,283.8999938964844,288.79998779296875,11789941,-0.5065544828056767,0
2026-04-27,285.8999938964844,286.70001220703125,284.20001220703125,286.0,6497916,0.38623811469937763,0
2026-04-28,301.29998779296875,302.3999938964844,286.0,286.25,51575179,5.386496755946157,0
2026-04-29,301.3999938964844,307.5,299.75,303.8999938964844,27267649,0.03319153918597273,0
2026-04-30,299.54998779296875,307.45001220703125,296.8999938964844,304.8999938964844,17490096,-0.6138042936228438,0
2026-05-01,299.54998779296875,299.54998779296875,299.54998779296875,299.54998779296875,0,0.0,0
2026-05-04,292.8999938964844,299.8999938964844,292.3500061035156,298.3999938964844,15468437,-2.219994714565121,1
2026-05-05,289.95001220703125,295.8999938964844,287.0,294.3500061035156,10750753,-1.007163452005977,0
2026-05-06,280.79998779296875,290.25,280.0,289.95001220703125,22858013,-3.155724790081804,1
2026-05-07,283.8999938964844,285.20001220703125,279.70001220703125,282.0,15608370,1.1039908255983333,0
2026-05-08,279.20001220703125,284.0,278.6000061035156,283.6000061035156,9290168,-1.6555060903477248,0
2026-05-11,281.0,281.79998779296875,277.6499938964844,280.70001220703125,6948202,0.6446947400682967,0
2026-05-12,294.5,299.8999938964844,286.8500061035156,286.8999938964844,52080828,4.804270462633453,0
2026-05-13,297.1499938964844,300.20001220703125,294.1000061035156,297.0,24381295,0.8998281482120118,0
2026-05-14,300.8999938964844,303.70001220703125,298.70001220703125,300.0,22660293,1.2619889204192214,0
2026-05-15,299.3500061035156,304.95001220703125,298.54998779296875,303.0,13695307,-0.5151172563672368,0
2026-05-18,297.20001220703125,300.70001220703125,295.1000061035156,299.3500061035156,10521642,-0.7182207625347159,0
2026-05-19,296.5,298.5,293.6499938964844,295.1000061035156,9565497,-0.23553572620435004,0
2026-05-20,298.29998779296875,301.75,293.8500061035156,294.79998779296875,12258794,0.6070785136488288,0
2026-05-21,295.8500061035156,299.6000061035156,294.1499938964844,296.6499938964844,14084672,-0.8213147132790088,0
2026-05-22,290.0,296.79998779296875,289.3999938964844,295.79998779296875,11563330,-1.977355410791759,0
2026-05-25,284.95001220703125,289.95001220703125,284.29998779296875,289.95001220703125,12837047,-1.7413751010237122,0
2026-05-26,287.5,289.6499938964844,284.0,285.1000061035156,10629491,0.8948895187679717,0
2026-05-27,274.04998779296875,284.20001220703125,272.45001220703125,284.20001220703125,29178516,-4.678265115489133,1
2026-05-28,274.04998779296875,274.04998779296875,274.04998779296875,274.04998779296875,0,0.0,0
2026-05-29,265.3999938964844,276.04998779296875,261.54998779296875,275.95001220703125,74403401,-3.156356242211922,1
2026-06-01,264.29998779296875,268.29998779296875,263.25,266.54998779296875,9095622,-0.4144710357245396,0
2026-06-02,265.04998779296875,266.20001220703125,261.04998779296875,263.1499938964844,16831714,0.2837684580551336,0
2026-06-03,267.75,268.70001220703125,264.29998779296875,265.1499938964844,14618721,1.0186803740358075,0
2026-06-04,267.54998779296875,271.1499938964844,265.8999938964844,266.70001220703125,15217360,-0.07470110440009892,0
2026-06-05,264.75,268.45001220703125,263.70001220703125,267.79998779296875,7493239,-1.0465288434755582,0
2026-06-08,264.6499938964844,266.25,262.70001220703125,264.1499938964844,6974540,-0.037773787919026525,0
2026-06-09,259.0,265.5,258.29998779296875,264.1499938964844,10796349,-2.1348928875072337,1
2026-06-10,251.89999389648438,261.8500061035156,251.35000610351562,259.0,10176332,-2.7413150978824796,1
2026-06-11,252.60000610351562,256.5,250.0500030517578,252.9499969482422,13516341,0.2778929035301747,0
2026-06-12,246.1999969482422,250.85000610351562,243.35000610351562,250.3000030517578,31112657,-2.5336536027836476,1
2026-06-15,243.64999389648438,248.3000030517578,242.8000030517578,248.0500030517578,25211118,-1.035744550514306,0
2026-06-16,248.1999969482422,248.8000030517578,243.5,244.14999389648438,17468010,1.8674340922376187,0
2026-06-17,245.0,247.75,244.0,246.0,12816262,-1.289281622718752,0
2026-06-18,245.3000030517578,246.85000610351562,243.0,245.9499969482422,13816485,0.12245022520727122,0
2026-06-19,246.25,246.6999969482422,243.3000030517578,245.3000030517578,7609532,0.38727963164424395,0
2026-06-22,245.4499969482422,247.75,243.8000030517578,244.9499969482422,7334095,-0.32487433573921143,0
2026-06-23,244.35000610351562,246.1999969482422,243.5500030517578,245.39999389648438,7400255,-0.44815272291834907,0
2026-06-24,240.0,245.8000030517578,239.5,244.35000610351562,10278033,-1.7802357253360546,0
2026-06-25,233.10000610351562,240.8000030517578,232.10000610351562,240.8000030517578,36085563,-2.874997456868489,1
2026-06-26,233.10000610351562,233.10000610351562,233.10000610351562,233.10000610351562,0,0.0,0
2026-06-29,234.0500030517578,237.14999389648438,229.6999969482422,234.0,38227413,0.40754908767368647,0
2026-06-30,234.89999389648438,236.0,227.64999389648438,233.9499969482422,24134402,0.36316634635489287,0
2026-07-01,234.99000549316406,236.10000610351562,233.52000427246094,235.6999969482422,11835312,0.038319114098972484,0
2026-07-02,235.9600067138672,236.3300018310547,230.8000030517578,234.0,14033169,0.4127840325240273,0
2026-07-03,237.83999633789062,239.6999969482422,236.3300018310547,237.1999969482422,11086950,0.796740791037176,0
2026-07-06,243.89999389648438,244.38999938964844,236.83999633789062,239.60000610351562,22386040,2.547930395182374,0
2026-07-07,244.17999267578125,245.27000427246094,242.67999267578125,244.0500030517578,15287101,0.11480065039104481,0
2026-07-08,247.0,248.35000610351562,241.47999572753906,246.82000732421875,24753835,1.1548887741851699,0
2026-07-09,243.64999389648438,249.58999633789062,242.91000366210938,249.58999633789062,14066120,-1.3562777747026855,0
2026-07-10,244.9600067138672,245.38999938964844,243.41000366210938,243.64999389648438,8237303,0.5376617484913027,0
2026-07-13,248.4499969482422,249.25,245.5500030517578,246.3000030517578,12453319,1.424718377988765,0
2026-07-14,248.89999389648438,252.0,247.3000030517578,252.0,16299949,0.18112173627271577,0
2026-07-15,247.17999267578125,249.4499969482422,246.3000030517578,249.4199981689453,13302251,-0.6910410859304661,0
2026-07-16,246.75,247.9600067138672,245.61000061035156,247.9199981689453,6243845,-0.1739593367272474,0
2026-07-17,247.2899932861328,247.7899932861328,245.60000610351562,246.1999969482422,6214332,0.21884226388362293,0
2026-07-20,249.5800018310547,252.39999389648438,248.10000610351562,248.42999267578125,10627783,0.9260417352481287,0
2026-07-21,249.88999938964844,251.69000244140625,248.4600067138672,250.00999450683594,12240171,0.12420769144940724,0
2026-07-22,251.89999389648438,252.77999877929688,250.1300048828125,251.0,10909821,0.8043517194546768,0
2026-07-23,252.3699951171875,254.1999969482422,252.00999450683594,253.94000244140625,9104521,0.18658246609417617,0
2026-07-24,248.75999450683594,253.55999755859375,248.27000427246094,252.5,7645869,-1.4304397036879357,0
