Date,Close,High,Low,Open,Volume,Daily_Change_%,Crash_Signal
2020-01-01,76.68421173095703,76.84110926630694,74.62491229382368,74.74258943547385,13620373,,0
2020-01-02,76.5273208618164,77.15491642169934,76.23313594188858,76.7038339418469,5673692,-0.2045934431602059,0
2020-01-03,75.70359802246094,76.40963961529471,75.0171613069506,76.19390616197988,7358268,-1.076377468960199,0
2020-01-06,75.74281311035156,76.0762236858999,73.74235497724496,75.31134623395381,7355290,0.05180082441920142,0
2020-01-07,75.19366455078125,76.29195783206193,74.97793112562452,75.76242404646081,14023712,-0.7250173805536386,0
2020-01-08,74.74259185791016,74.89948939834518,74.07577066083154,74.6445302301153,9451757,-0.5998812473974713,0
2020-01-09,75.6839828491211,75.86049590822455,74.97794125307495,75.29173633572127,7714854,1.2595107659640448,0
2020-01-10,75.37020111083984,75.97818118617948,74.91911328441746,75.97818118617948,4118638,-0.4145946427089986,0
2020-01-13,76.40963745117188,76.48808887934648,75.23289794965477,75.46824691399493,27682638,1.379107823798198,0
2020-01-14,76.58615112304688,77.01761802094111,76.19390461937307,76.40963806832018,5994314,0.23100969689562323,0
2020-01-15,76.19389343261719,76.80187329597477,75.66435966636674,76.64497578157761,7114590,-0.5121783568931004,0
2020-01-16,77.05683898925781,77.547147088651,76.13505869836193,76.13505869836193,8552344,1.1325652460636881,0
2020-01-17,77.42948150634766,77.60598924422898,75.95855708975097,76.86072193719008,4698386,0.4835943466897197,0
2020-01-20,80.27326965332031,82.76403609200915,79.72412559538654,80.175208024397,49337827,3.672745951087797,0
2020-01-21,78.68467712402344,80.1359915271117,78.05708688286747,79.88103232661902,17283910,-1.9789807194320108,0
2020-01-22,78.46896362304688,79.371128814552,75.72323699823986,78.64547674843023,56787054,-0.274149311989369,0
2020-01-23,79.21421813964844,81.35196421562068,76.05663517036808,77.17453903284728,226059260,0.9497443093318347,0
2020-01-24,77.25296783447266,77.7236657721172,76.19390545504805,77.05684458048472,16151679,-2.4758816677559747,1
2020-01-27,75.70359802246094,77.05684529542296,75.4290233362568,77.03723509791571,8213919,-2.0055796630771505,1
2020-01-28,74.70337677001953,75.70360870792994,74.17384284055925,75.70360870792994,9174575,-1.3212334401129011,0
2020-01-29,75.46824645996094,76.01739049332842,74.23266573465459,74.70336366050306,17600091,1.0238756573161645,0
2020-01-30,76.25275421142578,76.58616486340262,75.07601448928499,75.46826106333192,26386034,1.0395203125344255,0
2020-01-31,73.29129028320312,76.68422744642605,72.60485877021104,76.60577600258165,63986362,-3.8837468349161686,1
2020-02-03,73.4874038696289,74.13460957524417,69.60416431575327,70.95741164200628,16329297,0.2675810258872202,0
2020-02-04,76.23312377929688,76.60576007982709,73.74235745725962,73.87964479535937,14207381,3.7363136606908043,0
2020-02-05,74.27190399169922,76.76267073960801,73.74237006573681,76.13507517254827,14550344,-2.572660925289638,1
2020-02-06,75.66437530517578,75.99778591729556,73.99732756476094,74.50724592199069,9175642,1.8748291596674127,0
2020-02-07,74.68375396728516,75.62514450514658,73.95809687678526,75.62514450514658,18058457,-1.296014582735272,0
2020-02-10,73.19322204589844,74.95833149174995,72.46756487634487,74.80143393837777,30471811,-1.9957913765819013,0
2020-02-11,74.33073425292969,74.99755548969485,73.78159016863233,73.93848771840527,32456571,1.5541223288652706,0
2020-02-12,74.27190399169922,75.27213592300258,73.95810886826162,74.54647871484552,16386952,-0.07914661656681643,0
2020-02-13,74.74259185791016,74.9779408286546,73.62468823701191,74.05616046334609,18581113,0.6337360979241202,0
2020-02-14,72.21258544921875,75.07598760656374,71.93801081762993,74.72296156018305,23830630,-3.384959426482148,1
2020-02-17,72.0164794921875,72.87942398098396,70.82012971107714,72.56562356679251,17670292,-0.2715675609885948,0
2020-02-18,72.56562805175781,73.09516196078457,70.93780592564063,71.62423739136824,30879880,0.7625318030574979,0
2020-02-19,73.54624938964844,73.72276247795214,71.78113978735018,72.95787952221569,22313738,1.3513578869477794,0
2020-02-20,74.232666015625,74.80142556816268,72.9186444980097,73.5462346412716,25907657,0.9333128904234433,0
2020-02-24,72.99710083007812,74.21306621328219,72.58524407585331,74.13461477429442,14921452,-1.6644494288899803,0
2020-02-25,73.0167007446289,73.62468064619995,72.70290037592832,72.99708522898203,17807428,0.026850264363798004,0
2020-02-26,72.8990478515625,73.89927987665051,72.15378037338135,72.56563717653317,17113656,-0.16113148343677164,0
2020-02-27,73.1343765258789,73.62468464090476,71.11430815600914,72.60484269761429,28472046,0.32281446912116873,0
2020-02-28,71.19276428222656,72.68330435379917,70.2709838322066,71.95764717739263,28010970,-2.654855809108181,1
2020-03-02,71.97725677490234,73.42857111558146,71.29082532299438,72.0753184108892,19540018,1.1019272823370674,0
2020-03-03,75.19366455078125,76.3704039320357,71.40848727178276,72.09491857751452,16039306,4.4686445691278776,0
2020-03-04,77.29220581054688,77.66484218031059,73.95810996384807,74.80143902574085,16939245,2.790848500738252,0
2020-03-05,76.8607177734375,78.27280620091044,76.31157375169346,76.89994348645855,9715265,-0.5582555609384587,0
2020-03-06,74.76219940185547,75.54669239637035,73.8011986756849,74.722973688093,14371982,-2.7302872421356206,1
2020-03-09,70.97702026367188,73.97770484008346,69.80028079682941,72.52639602308786,69609292,-5.0629585117444424,1
2020-03-11,71.15352630615234,72.1341425052929,69.5257044796157,70.40825905884219,42604599,0.24868054734443756,0
2020-03-12,65.15216064453125,69.78066721432253,64.6226268057388,69.11385135674034,58418097,-8.434389654560492,1
2020-03-13,65.85820007324219,67.7017606904795,58.640865775445626,63.8577419252191,44617540,1.083677688853757,0
2020-03-16,64.23553466796875,66.24861589352453,63.03582421866635,66.04527457845774,39669086,-2.463877548230653,1
2020-03-17,65.88259887695312,69.27839974834235,63.34083258339619,63.66617646257713,35460792,2.5641013459263506,0
2020-03-18,58.623321533203125,67.06198682168831,49.676297398099635,66.69597352683087,119909061,-11.018504836622988,1
2020-03-19,59.84336471557617,61.775107216672815,56.976248851725224,59.131670109908995,44039786,2.081156697479236,0
2020-03-20,63.95085906982422,65.82160024043374,60.290715459669734,60.290715459669734,131485883,6.863742327608358,0
2020-03-23,62.22247314453125,63.3815200078609,57.56595376146493,57.56595376146493,39665620,-2.7026781976546177,1
2020-03-24,59.904361724853516,63.9305183887614,59.131665882848694,61.836104087858466,42302851,-3.725521186361702,1
2020-03-25,61.10409164428711,63.828862398890415,60.331390108815114,60.39239692602707,23309603,2.0027421791823263,0
2020-03-26,64.3982162475586,65.76059873276711,59.88403766144332,61.246425662638394,25329120,5.391004946850342,0
2020-03-27,65.06924438476562,67.61101109714083,63.70685632373515,64.49988974439093,28883749,1.0419980184349864,0
2020-03-30,63.3001708984375,65.02857218772834,62.2427948888505,63.03582827503739,22364337,-2.7187552322988306,1
2020-03-31,64.7032241821289,65.80126397519983,63.60517887307178,64.41854413430337,24838523,2.2165078921233095,0
2020-04-01,62.87316131591797,65.86227466468067,62.28346921098565,64.66256404276548,14182117,-2.8283951678506947,1
2020-04-03,63.523841857910156,65.25224308475431,61.71410741233573,62.85281660245028,21066826,1.034909854019772,0
2020-04-07,64.25588989257812,65.84195148586159,63.60519640108068,65.47593812064044,24741992,1.1523988682948572,0
2020-04-08,64.3982162475586,66.16728138888585,63.137498910393205,64.21520684591054,21481260,0.22149931347679175,0
2020-04-09,66.87898254394531,67.79401853376945,64.39821720166921,65.43525578374191,15607786,3.852228277333336,0
2020-04-13,65.04891204833984,67.0619936489789,63.95087205198082,66.69598031685922,14901247,-2.7363910543988235,1
2020-04-15,64.88623809814453,66.65530891830286,64.43888603203746,65.65893411270017,25249654,-0.2500794326497302,0
2020-04-16,66.45196533203125,67.79402148512389,64.05253862412164,64.33721319042357,31150756,2.4130343810631505,0
2020-04-17,68.22103118896484,70.45778576735847,66.79764191180527,68.18036182070585,18536308,2.6621723647966666,0
2020-04-20,67.30599212646484,68.81072007086823,65.9436042064217,68.81072007086823,24177042,-1.3412858858222743,0
2020-04-21,66.1469497680664,67.50933777555557,65.94360843906763,66.69597245956044,13915863,-1.7220492883020744,0
2020-04-22,65.96395111083984,66.18762991876685,63.6865322678602,65.06925242709426,19702407,-0.2766547178187584,0
2020-04-23,64.25588989257812,65.84195148586159,64.0932178987007,65.67927949198415,32128585,-2.589385853178572,1
2020-04-24,64.72355651855469,65.10990722648926,63.34083666887165,63.84918996037175,33134279,0.7278190789333117,0
2020-04-27,64.90657043457031,65.67926638831838,64.11353703815276,65.67926638831838,9762001,0.28276245289944324,0
2020-04-28,63.93051528930664,65.23190176136887,63.76784335929525,65.08956175411433,26134701,-1.5037848074989424,0
2020-04-29,64.27619934082031,65.3132432815292,63.44250221631633,64.86589131785001,14509262,0.5407183876890986,0
2020-04-30,65.90294647216797,66.47230115411611,63.93053425614476,64.90657715775552,18702868,2.530870132382801,0
2020-05-04,64.68287658691406,65.67925108190369,64.09319017468344,65.43524043864242,12598146,-1.8513131059613053,0
2020-05-05,66.55364227294922,67.44834645931365,65.15058468887484,65.65893808658478,18305545,2.892211640466269,0
2020-05-06,67.26532745361328,67.77368077895224,66.16728206448649,66.24862080293536,12853774,1.0693406947516193,0
2020-05-07,65.78094482421875,67.10266363038775,65.4759327920259,66.55364086924317,8561359,-2.206757456756858,1
2020-05-08,64.66255187988281,66.1266103868217,64.29653863214457,66.1266103868217,30898767,-1.7001776841675476,0
2020-05-11,64.58123016357422,66.04528905618747,64.3982262494897,64.7845715232153,9453421,-0.12576323381059407,0
2020-05-12,66.41129302978516,67.1026557614093,64.13386901994956,64.45921845906128,19986028,2.8337380095976306,0
2020-05-13,67.7737045288086,69.90878924342734,65.90296253280208,69.72578529176742,27175817,2.051475640464351,0
2020-05-14,65.39459228515625,66.69597912724443,65.06924833262778,66.69597912724443,26454121,-3.510376568896356,1
2020-05-15,64.9879150390625,65.78094857436939,64.3575590096558,64.7439042961998,20009870,-0.6218820729402386,0
2020-05-18,62.832489013671875,65.15057692126143,62.34446760366001,65.00824239966248,32898286,-3.3166566800843733,1
2020-05-19,64.27619934082031,64.78455259136807,62.62913701543993,63.035819615878125,12276533,2.2977130936740364,0
2020-05-20,64.43888092041016,65.33358498165171,63.34084104450819,63.544182375155216,24677051,0.25309769597177123,0
2020-05-21,64.62188720703125,65.0082379230177,63.849191291044676,64.07286453757177,17176100,0.28399979019984034,0
2020-05-22,63.38151168823242,64.255878324398,62.66981701665795,63.84919565492687,25080927,-1.9194356160243342,0
2020-05-26,63.991539001464844,64.54055622085137,63.2391749208409,63.50351756646904,18512685,0.9624688603722342,0
2020-05-27,63.910186767578125,64.21519872107551,63.34083222424685,63.9915254949051,22655078,-0.12712967238506234,0
2020-05-28,63.95085906982422,64.39821105870699,63.46283771540918,64.39821105870699,25797051,0.06363977998375958,0
2020-05-29,64.0728759765625,64.52022806546923,63.686530707587806,63.950873368673086,63844851,0.19079791657694578,0
2020-06-01,64.60155487060547,65.49625336701172,64.1338654228629,64.47954676928669,45314328,0.8251212170284905,0
2020-06-02,67.12299346923828,68.46504967868705,64.49989338365646,65.00824675481422,43626060,3.9030617818458957,0
2020-06-03,66.91964721679688,68.11936329120694,66.6349726594022,67.30599795695922,13811685,-0.3029457447165207,0
2020-06-04,68.83104705810547,69.11572708640291,67.14331536001983,67.18398472348886,23992166,2.85626108445598,0
2020-06-05,69.72576141357422,70.8848081077822,66.9196466225486,67.9160213545489,22851633,1.2998703255428623,0
2020-06-08,70.09178161621094,71.12882030399003,69.4817575608145,70.53913369336577,11723588,0.524942568164577,0
2020-06-09,69.3597412109375,70.78313602063734,69.13606795689145,70.7627985782781,8412588,-1.0444026223812353,0
2020-06-10,69.15641784667969,69.64443936625413,68.56673115284752,69.35975922717104,10101681,-0.2931431990777833,0
2020-06-11,69.54275512695312,72.51154201330927,68.26170578264275,68.34303900940031,22109491,0.5586427005660477,0
2020-06-12,67.63133239746094,68.89204959189854,67.3466578799982,67.52966174494155,20331770,-2.7485576693112135,1
2020-06-15,66.39096069335938,67.50933800668157,66.12661806795326,67.1839940855643,13833335,-1.834019322304714,0
2020-06-16,66.16728210449219,67.61100885891969,65.65892877884588,67.38733560202995,13972830,-0.3369112097960092,0
2020-06-17,64.86591339111328,65.80128148402382,64.398229344658,65.41493619172932,28371013,-1.966785807105953,0
2020-06-18,67.28565979003906,67.6313356122476,64.86589593866222,65.35391178436107,19720997,3.730382064206461,0
2020-06-19,69.70543670654297,70.0714555833681,67.12300021820957,67.44834971805551,21577413,3.5962743384766904,0
2020-06-22,72.6335220336914,73.10120586912774,69.40039351239709,71.73881820556393,33039735,4.200655595166203,0
2020-06-23,76.23268127441406,76.86303717368017,72.81654812757932,73.81291730758014,34298071,4.95523160649316,0
2020-06-24,72.59288024902344,76.61904348893097,71.98285618430863,75.94801260495485,32910525,-4.77459399898118,1
2020-06-25,72.93855285644531,74.54495157279752,70.90513955270157,72.55220212233935,40909792,0.4761797661644973,0
2020-06-26,72.87753295898438,74.0569112709293,72.45051296460048,73.58922743363901,11954078,-0.08365932016917155,0
2020-06-29,72.49119567871094,73.3248983836353,72.04384368045716,72.38952502074355,7547198,-0.5301184941192583,0
2020-06-30,71.10848999023438,73.1825729288867,70.76280858112777,72.7962221452992,11889584,-1.9074118939972684,0
2020-07-01,70.53912353515625,71.33215138337684,69.9087621257648,71.1694794285613,15209917,-0.8007010909053425,0
2020-07-02,71.21015167236328,71.90151440323565,70.19344501871956,70.55945831083397,15481100,0.9512850508733628,0
2020-07-03,72.22686004638672,72.95888664805177,71.21015336852595,71.57616666935849,22720042,1.427757630262172,0
2020-07-06,72.38953399658203,72.67421408058372,71.4948354051238,72.5522059663029,11724475,0.22522639097259933,0
2020-07-07,70.39678192138672,72.59286705192282,69.8274273343568,72.59286705192282,20855578,-2.7528179353791704,1
2020-07-08,69.03439331054688,71.0271371035893,68.64804260386103,70.35611186417522,16818545,-1.9352995600867784,0
2020-07-09,69.76644897460938,70.15279429609318,68.93274598743007,69.33942875698443,16110083,1.0604216665878408,0
2020-07-10,70.19343566894531,70.66111956412854,68.93271848315746,69.78675306165799,23809286,0.6120229718031611,0
2020-07-13,68.77006530761719,70.8441482739012,68.40405196438763,70.19345482150011,10803798,-2.0277827232181633,1
2020-07-14,66.43164825439453,68.64806604542987,66.28930818143179,68.52606342059788,16288923,-3.400341475266344,1
2020-07-15,66.51296997070312,67.63134739644525,66.32996606517398,67.12299402110793,15061461,0.12241411803779467,0
2020-07-16,65.96395111083984,66.89932468619484,64.86591106497197,66.89932468619484,15458966,-0.8254312807037589,0
2020-07-17,66.41129302978516,66.63497180342196,65.740267740848,65.740267740848,13711930,0.6781611947314081,0
2020-07-20,66.49263000488281,66.79764199321733,66.02494605930052,66.41129126826569,8390572,0.1224746144622868,0
2020-07-21,70.62046813964844,70.9458176177171,66.73665045985767,66.73665045985767,33717545,6.207963400549055,0
2020-07-22,73.06056213378906,73.77225685522404,70.6814727634961,70.7628059934964,46076322,3.455222060147589,0
2020-07-23,73.91459655761719,74.23994602406074,72.16586317093626,72.3895364473767,18738194,1.168940395317808,0
2020-07-24,74.01626586914062,74.524619229863,72.65387775920723,72.99955914769585,14438899,0.1375497077146015,0
2020-07-27,73.56890869140625,73.8332568333847,72.6945420749779,73.73158616831194,11938756,-0.6044038732314516,0
2020-07-28,73.97559356689453,74.3619443121349,72.67421232458543,73.2842363332891,11893746,0.5527944925677319,0
2020-07-29,73.91459655761719,75.03297397179355,73.40624318753703,73.73159265398058,13335993,-0.08245558614164983,0
2020-07-30,71.9218521118164,74.52462025118733,71.41349874412727,74.21960823057384,23995122,-2.696009365683838,1
2020-07-31,72.51153564453125,72.93855021646719,71.65750098467295,71.82017293988729,14354565,0.8198948099919168,0
2020-08-03,72.61322784423828,72.99957316297,70.80348732621756,72.79623177964129,12500988,0.14024278868614015,0
2020-08-04,72.49119567871094,72.81654509379833,71.4134878074538,72.32852372916035,9628257,-0.1680577618572654,0
2020-08-05,71.55583953857422,72.3692049353826,71.23049007025858,72.00319161001626,10577794,-1.2903030931953774,0
2020-08-06,71.53551483154297,72.28787906075273,71.33217344613428,71.84052690965599,8564058,-0.028403980950142405,0
2020-08-07,71.55583953857422,72.3692049353826,71.27115944329643,71.49483823701101,8026904,0.02841205110373224,0
2020-08-10,72.08452606201172,72.71488756481577,71.67784335671384,71.92185408309001,7766140,0.7388446936640314,0
2020-08-11,71.9218521118164,74.15860692964857,71.39316681581454,72.45053740781827,21833550,-0.22567111012892216,0
2020-08-12,72.40987396240234,72.97922863425006,70.43746178136995,71.6575098707524,19435650,0.6785446095398218,0
2020-08-13,72.69453430175781,73.32489566739635,71.73882904907009,73.18255564831759,10641012,0.39312364982608816,0
2020-08-14,71.3321533203125,73.4672372647061,70.80346807380965,73.4672372647061,17130105,-1.8741174897551671,0
2020-08-17,72.65388488769531,74.21961449554036,71.4135047722267,71.57617676042113,17368089,1.8529253721637495,0
2020-08-18,72.2878646850586,73.16223136523537,71.79984876672103,73.1418994371331,13890131,-0.5037861405518651,0
2020-08-19,72.12518310546875,72.95888030240856,72.00318052113141,72.59286703341026,12400644,-0.2250468737714284,0
2020-08-20,73.69091033935547,76.49701934618318,71.75916787230932,72.06417984079029,44062975,2.170846806166371,0
2020-08-21,76.90371704101562,77.47307172388798,74.2602794628344,74.4229514413712,49949864,4.359841243465157,0
2020-08-24,75.33799743652344,77.53408874161187,74.99231598916782,77.12740598377889,19724617,-2.0359478900833006,1
2020-08-25,75.13465118408203,75.96835409315518,74.42295640403759,75.84634596412646,10109220,-0.269911942659129,0
2020-08-26,75.37865447998047,77.12739336207841,74.87030111587997,76.04967981739573,18000615,0.3247546798355705,0
2020-08-27,75.31764221191406,76.31401686685619,75.11430089588393,76.009004892811,10363056,-0.0809410415817502,0
2020-08-28,74.13826751708984,75.94800201377849,73.93492619054146,75.84633135050431,12114955,-1.5658677836806523,0
2020-08-31,72.77588653564453,75.37865466295982,72.38953577159549,74.62629057906733,24259718,-1.8376218207840744,0
2020-09-01,73.36557006835938,74.13827156421331,72.63354345921933,72.81655286949774,16505345,0.8102732385486311,0
2020-09-02,75.37899780273438,76.16939435293904,72.90380281521357,74.02700177342433,30959608,2.7443768684670022,0
2020-09-03,74.25581359863281,75.48301249524171,73.90221343839418,75.04621030588375,11884498,-1.4900492668274978,0
2020-09-04,72.82061767578125,74.04781087547453,72.25901811006278,73.71501405848713,17373558,-1.9327724703268045,0
2020-09-07,73.27822875976562,73.61103129572123,71.98863656527112,72.82063444164007,13069001,0.6284086823072466,0
2020-09-08,72.75820922851562,73.21580905780193,72.27981171522111,73.15341036343223,9597878,-0.7096507926724338,0
2020-09-09,72.90380096435547,74.02699989405083,72.13420211566378,72.79980127243347,20122483,0.2001035173674781,0
2020-09-10,73.88140106201172,74.23500115194196,72.44620302031907,73.21580188843913,19635358,1.340945307000152,0
2020-09-11,72.86221313476562,74.17261400381767,72.42541660664521,74.08941197829691,31182063,-1.3794918783289534,0
2020-09-14,71.34381866455078,73.8398117282539,71.03181953158789,73.8398117282539,14143608,-2.0839258168104613,1
2020-09-15,72.0926284790039,72.34222330096046,71.13582763956806,71.48942782713466,7858789,1.0495791064589977,0
2020-09-16,71.53101348876953,72.15501169439439,71.0526159929261,71.96780997576897,13201491,-0.7790186071491845,0
2020-09-17,70.01261138916016,71.30220877329813,69.84621300076859,71.28141109062845,10765947,-2.122718560177772,1
2020-09-18,71.51021575927734,71.96781560768115,69.59661998380847,70.3454212745634,23788415,2.1390494375261415,0
2020-09-21,70.92781066894531,71.42701147421336,69.74221298819222,71.13581006408288,13331596,-0.8144362090761414,0
2020-09-22,70.22061157226562,70.90701410088423,69.26381659653181,70.22061157226562,9039386,-0.9970688366239489,0
2020-09-23,68.18222045898438,70.678213308054,67.72462064151928,70.678213308054,8404497,-2.9028387358653207,1
2020-09-24,66.2894287109375,68.66061855261536,65.93582859246462,67.4958241365994,20770480,-2.7760781847600557,1
2020-09-25,66.871826171875,67.59982409522473,66.43502403245814,66.97582587521067,8761400,0.8785676272413001,0
2020-09-28,69.9502182006836,70.32461601459877,66.9758277313225,66.9758277313225,16915185,4.603421508030103,0
2020-09-29,67.9326171875,70.47021093909302,67.59982041189701,70.30381255129154,13468026,-2.8843384124910054,1
2020-09-30,67.57901763916016,67.91182005982725,66.68462136036722,67.78701703619781,14349950,-0.5205151265759045,0
2020-10-01,68.47342681884766,69.05582406382135,67.72462552472831,68.5358255161046,14856837,1.323501304004182,0
2020-10-05,67.74540710449219,69.22220024899121,67.45420575431378,68.22380448634796,10360105,-1.063214955316183,0
2020-10-06,67.89102935791016,68.39023026055642,67.32943539536537,67.84943398464448,8989183,0.21495516765197564,0
2020-10-07,66.3934326171875,67.89102392049202,66.14383218585496,67.80782753827808,17614061,-2.205883096612926,1
2020-10-08,65.85263061523438,67.01743074509125,65.72783322098148,66.64302727764186,12953710,-0.8145414096470849,0
2020-10-09,65.72784423828125,66.2894438912453,65.18704227373034,66.01904008779671,11980039,-0.18949338209771627,0
2020-10-12,66.47663879394531,67.72463549214015,65.95664016969747,66.22703832583711,20670634,1.1392349229490506,0
2020-10-13,66.74701690673828,67.391818392587,66.22701843863987,66.55982084362955,11179799,0.4067265097909667,0
2020-10-14,65.33263397216797,66.89262965750869,65.02063483509983,66.74702893174113,13362234,-2.119020444833586,1
2020-10-15,64.79182434082031,65.33262047642141,64.31342689127406,65.14542441825688,15536883,-0.8277787048629359,0
2020-10-16,66.12301635742188,67.05901356620161,64.62542533724972,64.93742440684296,18673957,2.0545678874531736,0
2020-10-19,66.45584106445312,67.55823701870156,66.31024032128533,66.53903745887317,18793008,0.5033416885161346,0
2020-10-20,65.39502716064453,66.72622562356761,65.27022977327144,66.55982722628849,13701957,-1.5962688709029282,0
2020-10-21,68.11981964111328,69.11821562112549,65.41582747231014,65.56142817909927,36573148,4.166666180557166,0
2020-10-22,68.68141174316406,69.01420848653004,67.05901210280851,67.45421317260674,39056262,0.8244180695273551,0
2020-10-23,70.78221893310547,71.30221748684143,68.51502862422394,68.68142703295037,29149043,3.0587711239795645,0
2020-10-26,71.57261657714844,71.94701438293247,70.57421490526428,70.74061330312996,36760149,1.1166612970836098,0
2020-10-27,72.17579650878906,72.94539528697686,71.34379904963336,71.5726017363075,23610507,0.8427523828061556,0
2020-10-28,71.9054183959961,72.6126186892596,71.36462215456784,72.6126186892596,14060472,-0.37461050084850456,0
2020-10-29,71.38542175292969,72.09262206514543,70.82382216879903,71.15662463904285,17654072,-0.7231675368366441,0
2020-10-30,71.13580322265625,71.55180197292306,70.42860309026501,70.92780384752285,22904945,-0.34967718077982823,0
2020-11-02,71.98861694335938,72.5502108429576,71.53101710761494,71.78061753096146,13423596,1.1988530136277653,0
2020-11-03,74.8590087890625,75.17100791217345,72.32141479262434,72.38381348877748,27441682,3.987285723188072,0
2020-11-04,73.67340850830078,74.8798039485111,72.65420915023711,74.85900626460983,19461431,-1.5837776908087298,0
2020-11-05,74.484619140625,74.7966182979617,73.46541963638678,74.04781693494611,10248002,1.1010901338069923,0
2020-11-06,74.2350082397461,74.6510070576546,73.67340870710059,74.15180621922636,8815864,-0.3351173755854808,0
2020-11-09,76.5645980834961,76.83499617019251,74.50540180337579,74.83819858048757,15228920,3.138128356134162,0
2020-11-10,77.33419799804688,77.72939347078567,75.5246020980688,76.25259999465293,13815795,1.0051641800711941,0
2020-11-11,78.89419555664062,79.45578943483551,76.50219676288282,76.50219676288282,15502357,2.0172156678124997,0
2020-11-12,78.83179473876953,79.43499529558632,77.8542020080147,79.24779356627208,26079694,-0.07909430780150828,0
2020-11-13,78.5614013671875,79.01900123350596,77.45900553629227,78.45740165403993,11968619,-0.34300040038166557,0
2020-11-14,78.20780181884766,78.99820415875838,77.79180296304015,78.62380067465516,1162700,-0.4500932292273663,0
2020-11-17,77.70860290527344,78.72779666843387,77.31340175399275,77.79179928709625,16872514,-0.638298100655621,0
2020-11-18,77.1261978149414,78.91499037142495,76.85579408508329,77.70859499781898,16685757,-0.7494731195231807,0
2020-11-19,78.95659637451172,82.0349865150591,74.21420531106983,74.25580632155258,64832376,2.37325138724227,0
2020-11-20,79.80938720703125,80.703789133864,78.66539051603984,80.49578973550193,27479934,1.0800754739661356,0
2020-11-23,81.01580047607422,81.49419803614268,79.24779968043748,79.87180361217997,20909280,1.5116182585307225,0
2020-11-24,80.91179656982422,82.24298946617236,80.39179802226353,81.1197959888485,15308572,-0.12837484248607867,0
2020-11-25,81.24459075927734,82.13898710372533,80.51659281620535,80.91179395652536,19854793,0.41130490677701026,0
2020-11-26,82.22219848632812,82.84619679428725,80.22540051545143,81.18220130639625,24879552,1.2032896195481868,0
2020-11-27,80.0381851196289,82.22217867115323,78.49898740733113,82.22217867115323,46793847,-2.6562332398134214,1
2020-12-01,80.01739501953125,81.72299139391926,79.72619921661087,81.05739212070134,18193922,-0.02597522678279285,0
2020-12-02,80.76620483398438,81.20300140559465,78.8526088375877,80.2254028989451,15836732,0.935808787914616,0
2020-12-03,80.47499084472656,81.16138776867544,79.45579147965285,81.1197924005868,21308517,-0.3605641615282096,0
2020-12-04,80.8493881225586,81.93098617500158,80.18379452937374,80.78698942849064,14838659,0.4652343217465216,0
2020-12-07,80.49579620361328,82.05579181667979,80.0797973734622,80.28779678853773,22078115,-0.4373464378101488,0
2020-12-08,79.70539093017578,80.9533873739337,79.49739152288281,80.70379259905813,15896364,-0.9819211818691498,0
2020-12-09,80.1629867553711,81.01578766813326,79.49738755677117,80.24618877107537,18701467,0.5741090029859786,0
2020-12-10,80.18379211425781,81.28618781740454,79.66378796643382,80.28779181535364,13612880,0.025953821992952264,0
2020-12-11,80.32938385009766,81.22378575630057,79.93418838773198,80.70378727238942,14876364,0.18157252482196018,0
2020-12-14,80.82858276367188,81.9517817196232,80.20458459755325,81.53578294221079,20316890,0.6214399882685129,0
2020-12-15,80.20457458496094,80.99497103490397,79.60137417607757,80.87017367419753,16084083,-0.7720142521061235,0
2020-12-16,81.61898040771484,81.88937848819307,80.1005859782497,80.99498223322139,35024972,1.7634976933337265,0
2020-12-17,82.51542663574219,83.41187038121976,81.78973270133284,82.51542663574219,23058726,1.0983305887298345,0
2020-12-18,82.77156066894531,83.1557492211291,81.98183621785326,82.5154330375241,20310375,0.3104074518499589,0
2020-12-21,79.18578338623047,82.47274202740381,78.73756438511406,82.38737001237473,21609326,-4.332136851999913,1
2020-12-22,81.23480224609375,81.55496034410662,78.97234821286504,79.16444538763123,23934507,2.587609507970834,0
2020-12-23,81.08539581298828,81.8324313919451,80.67985989702464,81.74705358124866,9836093,-0.18391924270690918,0
2020-12-24,81.10674285888672,82.06722302957651,80.8719625484293,81.2134622345304,12945145,0.026326622302819125,0
2020-12-28,81.76839447021484,82.08855255019367,81.10673096432113,81.19210876827381,6879688,0.815778797182487,0
2020-12-29,80.97867584228516,82.23796669626202,80.67985929696637,81.78974187828383,8549660,-0.9657993568864209,0
2020-12-30,81.1921157836914,81.38421296423522,79.74073352035968,81.10673797236163,19132583,0.26357548970292743,0
2020-12-31,81.04271697998047,81.53362497775643,80.27433974780044,81.32018621438453,23272111,-0.18400654086778712,0
2021-01-01,80.89329528808594,81.06405090241628,80.46641783205217,80.67985656006906,3074621,-0.18437399122668285,0
2021-01-04,80.44507598876953,81.27748934102983,80.25297881827991,81.10673372730749,7133203,-0.5540870819023547,0
2021-01-05,80.25298309326172,80.89329930914128,79.48460595016478,80.89329930914128,10478882,-0.23878763634287425,0
2021-01-06,83.7320327758789,84.35100159672953,79.82609952512655,80.25297696980803,54265234,4.3351032553820446,0
2021-01-07,84.1162109375,86.14387854950668,83.45455329585589,84.52174677585941,40129922,0.4588186251842208,0
2021-01-08,86.89090728759766,87.08300441514872,84.32964313302207,84.84189827989508,29487917,3.298646383583903,0
2021-01-11,86.89090728759766,87.50988177424465,85.99446367551725,87.08300441514872,12726089,0.0,0
2021-01-12,86.9549560546875,87.40318085011498,85.35416562079499,85.82373197271598,31454127,0.07371170251204706,0
2021-01-13,87.50989532470703,88.19290036299932,86.48538487232078,86.9976400985139,23792586,0.6381916513999775,0
2021-01-14,87.55258178710938,88.57709227871725,86.91226562480239,87.91542877039585,12024674,0.04877901206938873,0
2021-01-15,86.65613555908203,87.83004841178463,86.44269685859065,87.06166561607847,13530190,-1.0238946810353533,0
2021-01-18,83.561279296875,86.22926320930452,83.04902406973028,85.90910513981298,26118654,-3.5714219682655535,1
2021-01-19,85.22608947753906,85.37549771599177,83.34783019527698,83.47589109115363,19382828,1.9923225142943979,0
2021-01-20,83.7320327758789,85.631633930774,83.30515533119741,85.37551209588183,21158179,-1.7530508683657353,0
2021-01-21,83.30514526367188,84.39368030010057,82.87826787057902,83.8600835587345,12509109,-0.5098258074656581,0
2021-01-22,82.89962005615234,83.7960638545953,82.38737059268205,83.24112548836182,16720401,-0.48679491072969316,0
2021-01-25,81.1921157836914,84.0095082889214,80.93598813959844,83.00634506033013,9393599,-2.059725088371156,1
2021-01-27,82.10990142822266,82.96365638429808,80.80792743616617,81.10673819685475,18874916,1.130387643766273,0
2021-01-28,79.95417022705078,81.51227182000319,79.31385402803777,81.51227182000319,16072463,-2.6254217380303757,1
2021-01-29,78.7375717163086,80.67986195518604,78.11859704770995,80.55180102577081,13415015,-1.5216198320704644,0
2021-02-01,80.63717651367188,80.87195680746264,77.90515605921794,78.73756944610567,9485240,2.4125773197674283,0
2021-02-02,82.89962005615234,83.51859467147857,80.76523281695292,81.53360990710634,10803602,2.8057077892563287,0
2021-02-03,88.15021514892578,89.6442861995926,83.02768583235384,83.02768583235384,73411707,6.333678114829633,0
2021-02-04,87.65929412841797,88.64111563927622,87.16838626793654,88.1502077787948,23523019,-0.5569141489654039,0
2021-02-05,88.40635681152344,88.91860635058752,85.90912221515853,87.78738210485378,28755118,0.8522344270888604,0
2021-02-08,90.73284912109375,91.0956962166684,87.80873658367119,88.15024211652283,28436890,2.631589394109124,0
2021-02-09,89.96443939208984,92.8245204210151,89.64428132720548,89.64428132720548,27738169,-0.8468925383114279,0
2021-02-10,89.83637237548828,91.35179068453581,88.36364875614949,89.87906127530148,34189378,-0.14235293129923887,0
2021-02-11,91.24507904052734,91.6932980517034,88.9399419446722,89.15338067187908,20504448,1.5680805310694268,0
2021-02-12,90.7755126953125,93.48618568919598,89.87906888293976,93.48618568919598,25066544,-0.5146210076778845,0
2021-02-15,90.69012451171875,91.97076251850385,90.3059360046309,91.35178796438232,8599603,-0.09406521765440434,0
2021-02-16,96.2822265625,98.13915035753568,91.05297796992087,91.09566687151292,80200957,6.166164266384544,0
2021-02-17,98.20317077636719,98.69408443859291,94.85218767965056,96.2608808419712,39034960,1.9951181879038105,0
2021-02-18,100.95655059814453,101.72492777220454,97.5415306425062,98.60872437864319,44291912,2.8037585752169525,0
2021-02-19,99.12096405029297,100.7857906479353,97.64823461080803,99.67590238957663,36335681,-1.8181945965627055,0
2021-02-22,96.0261001586914,99.84665534601749,95.44981448938866,99.2276807771561,25800846,-3.122310120017857,1
2021-02-23,96.51702880859375,97.79765554179777,95.89805410646969,96.36762052291931,18293559,0.511245014731454,0
2021-02-24,95.08697509765625,97.41345951490528,94.59606718839062,96.5383572689226,11421326,-1.481659483917075,0
2021-02-25,97.13600158691406,99.37710266805804,94.25457267710804,95.49252205683827,30696079,2.1548971214547796,0
2021-02-26,91.47984313964844,97.00790751222586,90.15652210711188,94.55336258361106,38070699,-5.822926983673183,1
2021-03-01,97.00792694091797,97.66958469475519,92.80318275875334,92.845871663171,31441940,6.042952864305473,0
2021-03-02,96.06880187988281,97.90437280745181,95.34311360637963,97.75497031489593,18223787,-0.9680910526076114,0
2021-03-03,97.11465454101562,98.24588454946388,95.492522354779,98.1818482924599,19350542,1.088649635123451,0
2021-03-04,96.11148071289062,98.16049596481702,95.21503690204133,95.21503690204133,22865747,-1.032978836063636,0
2021-03-05,94.019775390625,96.4743205680529,93.63558686865889,96.4743205680529,17342685,-2.176332428499439,1
2021-03-08,95.71538543701172,97.34578567029205,94.34585042045457,94.71540898606308,15749448,1.8034610690590869,0
2021-03-09,93.91108703613281,96.5632062110581,92.71546007093627,95.86756752463623,12585004,-1.8850662227822057,0
2021-03-10,93.5415267944336,95.19366938290207,93.04153852440723,94.78063226153692,10661165,-0.3935214183571567,0
2021-03-12,95.67192077636719,96.04147939550717,93.65022537365046,93.78066094940174,18173078,2.2774847224969363,0
2021-03-15,97.45448303222656,98.47620173322026,95.54148119246769,96.08494795927372,30092241,1.8632031649350012,0
2021-03-16,97.5849380493164,98.78056517465393,97.17190086540262,97.88927596120652,14767699,0.13386250999525284,0
2021-03-17,95.84583282470703,97.82404965980727,95.36758085117958,97.80231334614379,12571132,-1.7821451336378247,0
2021-03-18,96.106689453125,97.17188673229592,95.71539453932479,96.08495314007749,14232655,0.2721627229167689,0
2021-03-19,100.0848617553711,100.91092413178899,95.28061218900447,96.4762390285947,70334403,4.139329244283663,0
2021-03-22,97.1936264038086,101.91092543343046,96.60668696132304,101.91092543343046,29180881,-2.8887838788540288,1
2021-03-23,95.21540069580078,97.38926775305725,94.99801399007514,97.19361735910745,38455903,-2.0353450953552343,1
2021-03-24,96.106689453125,97.34579492765243,94.30238086944084,94.36759570557551,24398959,0.9360762553231927,0
2021-03-25,94.08499908447266,97.12841330226983,93.62848931060006,96.10669449261087,20272124,-2.103589646211257,1
2021-03-26,93.30240631103516,96.51972863314249,92.23720900917215,95.36758018024496,25184863,-0.8317933581897141,0
2021-03-30,96.23712921142578,97.25884801198322,93.6502247905455,94.30238497426399,53328751,3.1453882235441544,0
2021-03-31,93.75891876220703,96.12843647053943,93.32414530357667,95.60670596138603,20694060,-2.5751084529696544,1
2021-04-01,95.08497619628906,95.36757774968528,93.36761876897086,94.19368711620297,11229344,1.414326713222036,0
2021-04-05,93.10675811767578,95.21541056109088,92.75894171127413,93.56327378519441,14484908,-2.0804738642722476,1
2021-04-06,90.95462799072266,95.21541144202183,90.65029010655358,93.56327465083983,25301732,-2.311465000460111,1
2021-04-07,91.54157257080078,93.99804731964714,91.10679911394195,91.69374446009986,22841720,0.645315794307888,0
2021-04-08,90.86768341064453,92.82416412452983,90.65029666465728,92.15026167377361,20468881,-0.7361564164030998,0
2021-04-09,90.56333923339844,91.93287454806278,90.43290954514198,91.0415912519936,11773021,-0.3349311502426233,0
2021-04-12,87.45469665527344,89.84595048752236,86.3025482609519,89.84595048752236,18544315,-3.4325617898357863,1
2021-04-13,90.75895690917969,91.04155839641048,88.01988137135092,89.1937717299905,19831072,3.778253633342188,0
2021-04-15,90.34593200683594,91.91111739604945,90.01985196312444,90.38941052539579,10159348,-0.4550789436210234,0
2021-04-16,91.23722076416016,93.38934550894899,90.10680876945726,90.2155021170827,22020846,0.9865289311053571,0
2021-04-19,87.4764404296875,89.99813004245304,86.95471581452365,89.49813584455637,18404990,-4.121980374866885,1
2021-04-20,88.5633773803711,89.43292433501611,87.67209411065701,89.12858643908598,14467660,1.2425482168050284,0
2021-04-22,88.45467376708984,89.08509759499508,87.47643355640434,88.69380269011927,11626459,-0.12274104319032197,0
2021-04-23,91.80244445800781,92.56329806249046,88.69381519623441,88.82424488392002,38318040,3.784730131652503,0
2021-04-26,93.82413482666016,94.10674229605382,90.51985531852716,90.51985531852716,19139358,2.2022184491798713,0
2021-04-27,94.19369506835938,95.86757411408692,93.82413643795314,93.93282980589659,15270611,0.3938861172362307,0
2021-04-28,96.04148864746094,96.38931098597865,94.04152936621135,95.12846311721732,16383579,1.961695607928493,0
2021-04-29,95.71538543701172,97.23709232140669,95.23713352251784,96.99796931265554,14761969,-0.33954410228504983,0
2021-04-30,95.67192077636719,96.65016105803583,94.1936921967997,94.67194418056954,16897105,-0.04541031773114268,0
2021-05-03,95.99800109863281,96.8892902289134,94.23717094623726,94.56325104090253,15528063,0.3408317922536819,0
2021-05-04,94.80237579345703,96.3893036670228,94.21543633007522,96.25886808861041,20857434,-1.2454689592414914,0
2021-05-05,94.86759185791016,95.80235358735204,94.2589043159552,94.80237112342051,23178237,0.06879159293984305,0
2021-05-06,93.65022277832031,95.38931656420239,92.86763293347029,94.97628532825075,18823613,-1.2832296633113471,0
2021-05-07,93.28067779541016,94.25891819286542,92.82416796872828,94.06327365157026,12509591,-0.39460128545012463,0
2021-05-10,95.5849609375,95.71539060440732,93.45457236373187,93.65021686409284,17845577,2.4702684377398754,0
2021-05-11,97.12841796875,97.9110137719784,94.9545505658812,95.65018931419776,22995780,1.614748822525769,0
2021-05-12,98.2370834350586,102.17178065700553,96.97623575788955,97.12840763930569,55645370,1.1414429365721679,0
2021-05-14,99.49791717529297,99.99791133160474,97.32405594742328,99.01967112541698,18820793,1.283460070420217,0
2021-05-17,99.30230712890625,100.43271364134928,98.73709797569104,100.41097732264602,10996347,-0.19659712679421792,0
2021-05-18,101.34571838378906,104.28045120615533,99.34576506722759,100.3892261504683,52885042,2.0577681566151584,0
2021-05-19,101.6283187866211,103.47610597205112,100.60660588403606,101.82396920034593,28081040,0.27884789544028177,0
2021-05-20,99.54141235351562,102.1500531853151,99.30228930273105,101.7370160281498,10707136,-2.0534694050062363,1
2021-05-21,99.10662841796875,99.67183151305466,98.25881787834787,99.1501010429815,21702883,-0.436786986709381,0
2021-05-24,100.43269348144531,101.91092797236318,99.30228719590929,99.56314655596067,22028927,1.3380185408831125,0
2021-05-25,101.25875091552734,101.93264731175628,100.49789748243397,101.30222353696803,9165363,0.8224985365294923,0
2021-05-26,98.08492279052734,101.65006182232233,97.80232120523152,101.38920244942945,18322114,-3.1343741615454945,1
2021-05-27,99.25880432128906,99.82400747287201,97.06320065899462,98.56317148764623,51194207,1.1968011977423698,0
2021-05-28,98.01970672607422,100.43269717421947,97.73709924730662,100.43269717421947,15307498,-1.2483503137958762,0
2021-05-31,98.10665893554688,98.51969610356457,97.28059049650426,98.25883083413196,13102261,0.08870890597096892,0
2021-06-01,97.56319427490234,99.12838002969659,97.34580752831961,98.38926273251813,15733731,-0.5539528779606839,0
2021-06-02,98.88925170898438,99.1935954968144,97.43275940492802,97.47623793133124,7995532,1.3591779604362086,0
2021-06-03,98.3892593383789,100.62834746853342,98.10665775696886,99.58488640333832,10291328,-0.5056084073493339,0
2021-06-04,98.32403564453125,99.19358841957747,97.73709032244633,98.25882080807563,6142487,-0.06629147763308474,0
2021-06-07,102.71524810791016,103.38914457665153,98.6501152914262,98.82402348687636,18058790,4.466062071795296,0
2021-06-08,101.75875091552734,103.8891456158735,100.88920398379177,103.8891456158735,22511761,-0.9312124635847074,0
2021-06-09,105.25868225097656,106.73690489533963,101.6500532033605,102.60655714617458,39865778,3.4394401503165195,0
2021-06-10,105.06303405761719,107.8238407885047,104.45434650098798,107.8238407885047,32690784,-0.18587368678326666,0
2021-06-11,107.084716796875,108.17165036942579,106.08474026892509,108.17165036942579,29142097,1.92425695430527,0
2021-06-14,108.12818145751953,108.60642752827245,105.258681445033,107.80210137455586,18732629,0.9744291172977038,0
2021-06-15,107.64994812011719,109.34555767570241,107.41081326247023,108.93252049629551,15026686,-0.4422837145284131,0
2021-06-16,105.28042602539062,107.60645941558529,104.7586954928839,107.32386373121716,30706682,-2.2011363090325142,1
2021-06-17,104.28044891357422,106.10648807812198,102.93264406118735,106.10648807812198,22261167,-0.9498224404745903,0
2021-06-18,101.30223846435547,106.51951991721654,100.0413907289868,106.08474646281145,49278209,-2.8559624361485403,1
2021-06-21,102.1065673828125,102.36742671474454,99.3022764916162,100.82398344718185,11719831,0.7939892845902463,0
2021-06-22,101.75875091552734,103.04133499863431,100.88920398379177,100.88920398379177,10961545,-0.34064064261521976,0
2021-06-23,100.97615814208984,102.60655859237166,100.86746477873771,102.49786522901952,10721151,-0.7690668039814552,0
2021-06-24,100.49791717529297,101.28050707245745,99.17184863972543,100.97616328078645,12964208,-0.47361770896839905,0
2021-06-25,100.3674545288086,101.21526498608448,99.73704255743333,100.62832563549962,7736431,-0.1298162689847726,0
2021-06-28,100.80223083496094,101.08483826024015,100.302248505445,100.86745156202021,9989595,0.4331845499056186,0
2021-06-29,102.60655975341797,103.43263404183544,100.71529992728438,101.12832527750824,61089570,1.7899692333309458,0
2021-06-30,101.0413818359375,103.30220621864993,100.86746773188844,103.106555800091,17437744,-1.5254170115847066,0
2021-07-01,100.34573364257812,101.28050127910103,100.0848742897732,101.1065871812413,15924813,-0.6884785032818641,0
2021-07-02,99.10662841796875,100.47615763367878,98.95445064245608,100.34572796465649,9549992,-1.2348359811917398,0
2021-07-05,100.12834930419922,100.38922045720771,99.28053869639528,99.69357584317001,6849185,1.0309309301911762,0
2021-07-06,99.47618103027344,100.21529821276724,99.25879431742139,99.7370521620863,5343938,-0.6513322934591059,0
2021-07-07,100.41095733642578,100.62834406816351,99.47618967235952,99.47618967235952,7228897,0.9396986258126017,0
2021-07-08,100.49791717529297,101.36746412636136,99.80227253804706,100.0413955907938,8740010,0.08660393364823271,0
2021-07-09,100.10661315917969,100.62834367209373,99.99791979373863,100.45442956979407,2990856,-0.38936529941286935,0
2021-07-12,99.56314086914062,100.75876782339051,99.21532447761025,100.30225807238287,5578309,-0.5428934941339891,0
2021-07-13,99.41096496582031,100.82397849805669,99.25878720134344,100.17181840625528,8264289,-0.15284361460665696,0
2021-07-14,99.97618103027344,100.62834120694342,99.32402085360347,99.41097790262306,9228746,0.5685651121558388,0
2021-07-15,100.17184448242188,100.62835430672227,99.6935865475469,100.43270386945461,5376823,0.19571006827034942,0
2021-07-16,101.67178344726562,102.82393773137088,100.21529720341985,100.71529135553735,15903784,1.4973658242930288,0
2021-07-19,101.3674545288086,102.01961468036282,100.65007364450524,101.67178649767985,13725925,-0.29932485507631057,0
2021-07-20,100.56311798095703,102.73698518268174,100.41095199443005,102.12830944258945,14178067,-0.7934859877762546,0
2021-07-22,101.41093444824219,101.95440128029081,99.43271753838224,101.95440128029081,10378326,0.843068994187024,0
2021-07-23,101.30223846435547,101.71527560483725,100.88920132387368,101.62831855515928,6660369,-0.10718369224986812,0
2021-07-26,101.17180633544922,102.32396067930003,100.88919887933955,101.49788641835215,12963701,-0.12875542622104996,0
2021-07-27,100.80223083496094,102.1065628182638,100.28051219441963,101.30222495846009,10832912,-0.3652949511081194,0
2021-07-28,99.17183685302734,101.04137201081602,98.86749899451996,100.86745792367812,13828088,-1.6174185515824169,0
2021-07-29,97.04144287109375,100.60658775767234,96.89651837809451,99.12835321148584,28609665,-2.148184453909874,1
2021-07-30,99.21532440185547,100.40369833737246,97.50521396141662,97.9979549490206,34142169,2.240157881462479,0
2021-08-02,99.12834167480469,99.70803957933572,98.14285405770354,99.4181906270702,9575755,-0.08767065730539425,0
2021-08-03,101.12830352783203,101.56307699406345,99.18631773746209,100.0268868485672,20959435,2.0175479779418914,0
2021-08-04,101.5920639038086,102.3746537633862,100.78048442966025,101.82394543842024,23323277,0.45858613246581026,0
2021-08-05,101.56307220458984,101.88191078238458,100.4326659632895,101.59206181856555,6621382,-0.02853736611375668,0
2021-08-06,101.44713592529297,102.31668280465263,101.18627657907882,101.73698488507952,5340311,-0.11415200109674561,0
2021-08-09,102.2876968383789,102.60653542310676,100.89643121698224,102.60653542310676,16415005,0.8285703735440464,0
2021-08-10,100.05584716796875,102.08478965547559,99.33122485100203,102.08478965547559,11925263,-2.1819336434337977,1
2021-08-11,102.2297134399414,102.60651940105826,100.02686868738189,100.25873839208494,31279965,2.1726529068543776,0
2021-08-12,108.40351867675781,108.80930253175052,102.20075521338232,102.60653906837504,58107755,6.0391495085657665,0
2021-08-13,107.09920501708984,108.5774396280189,106.43254996129859,106.78036640093309,26776843,-1.20320232736838,0
2021-08-16,104.75142669677734,106.83834898803579,104.57752436849668,106.66443486576881,21308655,-2.192152892206678,1
2021-08-17,106.2296371459961,106.51948608773141,104.92531690818714,104.95430651995412,15962459,1.4111602064358575,0
2021-08-18,104.69343566894531,107.82380660664464,104.4325763382969,106.49049675359267,25227527,-1.4461138325639888,0
2021-08-20,103.53406524658203,104.3746344619874,102.63554038126995,102.7804648879964,18720467,-1.1073955257609125,0
2021-08-23,101.82392883300781,104.28764467425687,100.98335988136841,104.05576317746039,13112745,-1.6517620644966202,0
2021-08-24,102.37466430664062,103.93985598097493,101.70800924871968,102.78045998249884,11029463,0.5408703827722405,0
2021-08-25,101.73699188232422,102.86739818564487,101.47613251816875,102.722473695784,12001351,-0.6228810894132963,0
2021-08-26,100.345703125,101.679012999224,99.47615628371928,101.679012999224,12115246,-1.3675347890504508,0
2021-08-27,101.0703353881836,101.36018436365529,99.56312307452777,100.75150859155573,8051699,0.722135817097147,0
2021-08-30,101.73699188232422,102.22973278905411,100.171812109421,101.56307777689712,14512401,0.6595965983294594,0
2021-08-31,101.65003204345703,102.63552562389033,101.41815050723832,101.73698909378716,43248333,-0.08547514257918332,0
2021-09-01,101.82392883300781,103.0702815585539,101.24423098800803,103.0702815585539,11817591,0.17107401350984208,0
2021-09-02,101.88191223144531,102.08480415020745,100.98337571323272,101.67902031268319,13545023,0.05694476642381652,0
2021-09-03,101.76597595214844,102.49059836196442,101.09932097632084,102.02683530208837,12286475,-0.11379476175663594,0
2021-09-06,100.92539978027344,102.2297200261833,100.28773446329203,101.85291404079038,13950485,-0.825989397743554,0
2021-09-07,100.28775787353516,100.95441295808138,99.96891924362586,100.92542333936728,12485031,-0.631795274654845,0
2021-09-08,101.96903991699219,102.41148586282998,100.40573450899967,101.02515763296113,25370295,1.6764579038422323,0
2021-09-09,102.35250854492188,102.73596414738655,101.40862614031984,101.70359014189022,5078350,0.37606378194974255,0
2021-09-13,102.58846282958984,102.82443638683642,101.8805421578501,102.79493519138798,7522483,0.23053102266117342,0
2021-09-14,102.70643615722656,103.29636400649508,102.35248184808802,102.588455388218,8434427,0.1149966812863612,0
2021-09-15,104.94815826416016,105.59707644524488,102.49995548805194,102.64743743839446,20064238,2.182650076088599,0
2021-09-16,105.86254119873047,107.16038958806718,105.18413381574746,105.56757729235105,16214883,0.8712710634414034,0
2021-09-17,105.47911071777344,106.42299293405702,104.26975375177308,105.92155663185451,21219226,-0.3621965584948872,0
2021-09-20,104.41724395751953,105.71508060699318,103.29637848636621,104.53522474306641,7833069,-1.0067081083903973,0
2021-09-21,103.76831817626953,105.24313790020142,103.50284342469361,103.85680976012817,9481007,-0.6214737687522232,0
2021-09-22,104.26974487304688,104.68268955684759,103.70931823044411,103.70931823044411,9165634,0.4832175230262248,0
2021-09-23,105.15464782714844,105.44961177617269,104.41723795458779,104.41723795458779,10295913,0.848667036808215,0
2021-09-24,103.91580963134766,105.89206584133402,103.70933725157859,105.184157110093,7093411,-1.1781107363291854,0
2021-09-27,103.82730102539062,104.50572044955862,103.29636356290641,104.12226494875821,5205649,-0.08517337859467178,0
2021-09-28,108.5172119140625,111.43736166895158,103.88628117389216,104.32872701535005,38873626,4.517030532773814,0
2021-09-29,115.06543731689453,115.80284716383153,107.63233645807887,108.2517655303513,53686662,6.0342735381164525,0
2021-09-30,112.02731323242188,116.80572693383786,111.2899033401628,115.00644199588007,23618199,-2.64034462069227,1
2021-10-01,113.17766571044922,114.15104915013673,111.87982912560847,112.55824861400363,16994903,1.0268500108011391,0
2021-10-04,113.05967712402344,113.88557853103642,112.11579494548566,113.26614947524841,10757286,-0.10425076863455063,0
2021-10-05,112.05681610107422,115.09494762834592,111.70286171001982,113.05970087819651,17200858,-0.887019181780524,0
2021-10-06,110.67047882080078,113.3546557408181,110.16904247368618,113.23666295189344,8929507,-1.2371735415210972,0
2021-10-07,111.08342742919922,113.0006930879467,110.67047070143151,112.67622794485162,6733699,0.37313347949554654,0
2021-10-08,110.72946166992188,112.17479222150118,110.3165169421071,111.49637273827936,8165175,-0.31864857564189997,0
2021-10-11,114.12155151367188,115.09493498371971,111.6733602432762,112.08630498711989,12982042,3.0634031743616896,0
2021-10-12,114.06255340576172,114.82946445200685,113.05968080877668,114.3870185411993,8539966,-0.05169760411387614,0
2021-10-13,117.63160705566406,120.64023646939279,114.5344860705085,115.09491268602521,33075614,3.129031871841348,0
2021-10-14,120.728759765625,121.49565891458688,116.95321841021888,118.10357313471924,19185455,2.63292561198738,0
2021-10-18,120.22731018066406,123.8553571446545,119.25392675042433,123.76687756181671,38546365,-0.415352220907772,0
2021-10-19,117.18919372558594,120.81725314413006,116.21581017395965,120.345305966943,16174177,-2.5269769826113397,1
2021-10-20,114.65247344970703,118.13305011056569,114.06254560895513,117.98556815037772,21909934,-2.1646366829854435,1
2021-10-21,114.47552490234375,116.42227995995101,114.15105972501836,115.77336160741527,16946547,-0.15433469687934354,0
2021-10-22,114.71147155761719,116.2157924536751,112.82370714094094,115.56687418557475,7705870,0.206111005365317,0
2021-10-25,113.64962768554688,115.03595603736899,112.38128012881432,114.71149084769945,7862419,-0.9256649379979165,0
2021-10-26,112.32229614257812,113.82660537535514,111.90933933196227,113.6201329711053,8525850,-1.1679154344801712,0
2021-10-27,112.23379516601562,113.17767750811888,111.23092242792752,112.17480477003078,9862679,-0.07879199375532275,0
2021-10-28,109.66758728027344,112.73520723131234,109.28413178586543,112.49923369612954,11095238,-2.2864841039601846,1
2021-10-29,109.16614532470703,111.28988302634303,106.95391605172955,110.25750936562021,12988035,-0.45723806641692066,0
2021-11-01,110.75895690917969,111.20140280895005,108.87119253767142,108.90068172972155,5475153,1.459071014859914,0
2021-11-02,109.43163299560547,112.8237186544989,109.22516061679141,111.28990840916133,10946890,-1.1983896838813624,0
2021-11-03,108.5172119140625,110.49347960759705,107.95678531572713,109.43160478725346,13957727,-0.8356094636545297,0
2021-11-04,109.16614532470703,109.63808036834173,108.6941982789604,109.10714294240475,830214,0.598000445457858,0
2021-11-08,111.5848388671875,112.29274738254777,108.90066274240027,110.67044603291201,11947323,2.2156077191204604,0
2021-11-09,110.05105590820312,112.29277475468578,109.3136460240745,112.29277475468578,10381150,-1.374544225322527,0
2021-11-10,108.78271484375,110.02156112082699,108.2812784937563,109.69709595206447,13857851,-1.1525024035308529,0
2021-11-11,107.45536041259766,109.28413434946711,106.59995782775786,109.13665238678227,8851354,-1.220188734082328,0
2021-11-12,107.36687469482422,108.36974729497442,106.364002094674,108.36974729497442,9590673,-0.08234649014593476,0
2021-11-15,111.08342742919922,111.34889018110337,107.36687688985862,107.48485766801296,24821341,3.461545048171333,0
2021-11-16,110.67047882080078,112.8827085893487,110.02156048911631,111.49638033481493,23206330,-0.3717463693327594,0
2021-11-17,112.70574951171875,114.32805151619348,110.31653630428231,110.31653630428231,18359498,1.839036672294081,0
2021-11-18,113.56112670898438,114.71148137350232,112.70573600994432,113.17767115344023,10742933,0.7589472595421531,0
2021-11-22,114.5639877319336,116.21579057135655,113.2661512167536,114.68198050738567,25095721,0.8831023890060408,0
2021-11-23,119.07691955566406,119.4013846343181,113.94455268934016,114.00354306670143,19671538,3.9392237587698276,0
2021-11-24,119.93234252929688,122.38053362398132,119.1654314862135,119.28341226109707,18120478,0.718378487472493,0
2021-11-25,120.49279022216797,120.93523620829588,118.72300627765632,119.51940665226346,18537454,0.46730321533925423,0
2021-11-26,119.16542053222656,120.90570281341168,118.45751194377114,120.37477737312626,12814537,-1.101617522089049,0
2021-11-29,118.133056640625,120.34528616573033,117.10068286224251,117.39564679892321,16066147,-0.8663284088544554,0
2021-11-30,121.96759033203125,123.5898920172215,118.16256027124861,118.16256027124861,37739647,3.2459447003655884,0
2021-12-01,122.23306274414062,123.14745583984515,120.75824291372332,122.11508195855305,20332817,0.21765815934109423,0
2021-12-02,126.53950500488281,127.4243966482736,121.8200829067986,123.29490231244992,33758843,3.523140273230707,0
2021-12-03,121.5841293334961,127.68988027342311,121.2301750185361,125.7431255400867,47614182,-3.916070061436938,1
2021-12-06,119.16542053222656,122.70498747872834,118.78196504593308,122.32153199243486,11322446,-1.989329375904969,0
2021-12-07,121.40716552734375,122.08557300454233,119.25392631131498,119.51938906307845,8049102,1.8812042831762188,0
2021-12-08,120.8172378540039,122.49852995651818,120.0798279842947,121.02371021709975,8788449,-0.48590844764181407,0
2021-12-09,119.87334442138672,121.79061009546278,119.2244261321222,121.2301833915784,5755422,-0.781257252179357,0
2021-12-10,119.54889678955078,120.49277907219034,119.07694964717379,120.49277907219034,6164402,-0.2706586968120428,0
2021-12-13,120.5812759399414,123.6783976918126,120.1683191717563,121.23019428752954,21648126,0.863562256210515,0
2021-12-14,125.2121810913086,125.74311853522777,119.87332946419113,120.40426690811032,48042035,3.8404844494046797,0
2021-12-15,123.79635620117188,127.21794251209204,122.58701131698199,125.71362170250704,15207306,-1.1307405380186264,0
2021-12-16,122.822998046875,124.94674833181308,121.70214451018741,124.71077474436272,13410737,-0.7862575152980611,0
2021-12-17,123.85537719726562,124.17984239391551,120.9647396363445,122.82300321061787,15209414,0.8405422166918752,0
2021-12-20,123.79635620117188,125.44815897239805,122.41002816216748,124.32729366350263,22539246,-0.04765315598671549,0
2021-12-21,121.87908935546875,124.9172201321877,120.81722644463274,124.74023697932537,17566511,-1.5487263959429676,0
2021-12-22,123.06983184814453,123.95522131690977,120.90213704802036,122.00125235403323,14750231,0.9769866996650167,0
2021-12-23,127.22199249267578,127.98526340086683,123.37511456921044,123.64988712694758,15932489,3.3738249107665874,0
2021-12-24,125.42068481445312,127.4357126658373,125.08484062770755,127.13040428626122,8975969,-1.4158775876162766,0
2021-12-27,125.84810638427734,126.55031811293567,125.17643046152865,125.42067963971797,8648187,0.340790333314267,0
2021-12-28,125.54279327392578,127.40517921134509,124.13838229270111,126.18394578956949,15736206,-0.24260445319637114,0
2021-12-29,124.93216705322266,125.72597368616388,123.77199290624233,123.9551828747758,17172943,-0.48638890754229,0
2021-12-30,125.39014434814453,129.08438057295956,123.13086739244183,124.932181795797,87481206,0.3665807659662068,0
2021-12-31,124.8100814819336,125.9091843128272,124.29105966542568,124.5658322673913,9842223,-0.4626064267063912,0
2022-01-03,125.17646789550781,126.36716591359335,124.65744600103547,125.42071714673979,7410054,0.29355514332169985,0
2022-01-04,128.5959014892578,130.06138436103058,125.48175815113514,125.97025658273645,14784090,2.7316904297095324,0
2022-01-05,127.40518188476562,129.05384206954602,127.038814335151,128.22951197715582,9565107,-0.9259390001567502,0
2022-01-06,125.7564926147461,127.43568838243671,124.96269843292697,126.85560754099092,5615931,-1.294051973106336,0
2022-01-07,125.29853820800781,127.31357822831473,124.87111149971396,126.36711740177064,11908249,-0.36415965268784545,0
2022-01-10,124.56581115722656,126.55031550164317,124.22996699126755,126.55031550164317,11085710,-0.5847849953084405,0
2022-01-11,124.47423553466797,125.66494578042956,124.2605221335408,124.90167475995327,7208789,-0.07351585616297562,0
2022-01-12,125.14591217041016,126.21449160439083,124.77954456336583,125.78706480001097,11018139,0.5396109747989764,0
2022-01-13,127.00828552246094,129.14544417307928,126.12289619355953,126.76403633492718,20522807,1.4881615545818239,0
2022-01-14,126.85562133789062,128.01579556999093,126.12288625605294,126.97773971052067,14183654,-0.12020017744693856,0
2022-01-17,126.00077056884766,127.95475172642666,125.66493879233191,127.71050252885051,7574539,-0.6738769319224791,0
2022-01-18,125.26800537109375,126.91666531922878,124.93216125205312,125.93968118614775,8475422,-0.5815561241774403,0
2022-01-19,124.96273803710938,126.6419343369842,122.76451991097042,125.78706828153257,13724367,-0.2436913823925413,0
2022-01-20,131.06886291503906,131.49628958944012,125.4206590530241,126.4587023611565,30170343,4.886356504221601,0
2022-01-21,131.34365844726562,133.8777204059174,130.06136577633023,130.61092332759665,29509593,0.20965737102998094,0
2022-01-24,130.6719970703125,132.96181010308666,129.14545504846305,132.1374798958941,12850189,-0.5113770888472646,0
2022-01-25,133.63345336914062,134.45778337437997,129.4201959364389,130.36665672732377,27389035,2.2663281844805816,0
2022-01-27,131.19102478027344,133.90827715533365,129.66448268968838,133.1144702990169,28512473,-1.8277074544503336,0
2022-01-28,128.3516387939453,132.8091461393278,127.77155783749123,132.8091461393278,18932049,-2.1643142060089104,1
2022-01-31,131.52685546875,132.35118562819503,128.96225756677316,129.4507559546821,19907759,2.4738419428381064,0
2022-02-01,130.0308380126953,132.53437674297584,129.02333026659187,132.5038409348387,8622355,-1.1374235708160207,0
2022-02-02,130.6719970703125,132.99234591273597,130.21403446375766,131.19101887313514,9921099,0.49308230833258193,0
2022-02-03,129.02334594726562,131.28262333308749,128.84015592223935,130.67200648037544,4594389,-1.2616713297492255,0
2022-02-04,128.04629516601562,130.2750482252207,127.67992769315246,129.45071830552197,7329263,-0.7572666590504817,0
2022-02-07,130.45826721191406,130.85517057212368,128.22951365661,128.87066619410473,7869237,1.8836718725608215,0
2022-02-08,128.2600555419922,131.5268527268191,127.3135945937857,130.67198677731483,9074237,-1.6849922330726241,0
2022-02-09,127.8326187133789,129.23704225796882,127.43571532703567,128.5958896782582,9833985,-0.3332579475402886,0
2022-02-10,129.4812774658203,131.71001850411335,128.26004405392115,128.26004405392115,19180334,1.289701149076805,0
2022-02-11,126.88617706298828,129.45076267507463,126.42821445918494,128.35164745673436,20071130,-2.004228297420896,1
2022-02-14,123.25296783447266,126.36711025265288,122.88660033051512,126.36711025265288,12109375,-2.8633609370325996,1
2022-02-15,124.2299575805664,124.47420673521336,121.51271834556769,123.34456837087775,19046061,0.792670361825154,0
2022-02-16,123.19446563720703,126.14409865774482,122.81790587441472,124.63789791117648,20270061,-0.8335283723234221,0
2022-02-17,123.6337890625,124.79481447721294,123.00620637690355,124.41826741949555,16405551,0.356609708902611,0
2022-02-18,122.81790161132812,125.6106516580314,122.53549456723671,123.5082526403513,14600643,-0.6599227099312044,0
2022-02-21,124.35549926757812,124.88894194334415,122.72378700185808,122.8179141807218,10682638,1.2519328502418992,0
2022-02-22,124.35549926757812,124.5437663935067,120.3703521662423,121.87654024647549,13606058,0.0,0
2022-02-23,124.2927474975586,125.20273722221891,124.01032764741461,124.48101462945303,6493463,-0.05046159630183178,0
2022-02-24,119.93104553222656,123.00620316499177,119.17795143645644,121.7510378265735,13145037,-3.5092167911226713,1
2022-02-25,123.82208251953125,124.19862961843661,120.59002878153628,120.84106443687445,10920938,3.2443951189095044,0
2022-02-28,131.25889587402344,131.94923414109786,123.03756683551892,123.91617221095913,31938385,6.006047712304574,0
2022-03-02,132.35716247558594,133.76922321444027,129.40751682683708,130.38027488754994,20502615,0.8367178424360411,0
2022-03-03,136.7188720703125,137.66024600621301,132.23165375554643,132.23165375554643,19805555,3.2954088113902547,0
2022-03-04,134.96165466308594,136.499227055976,132.38855557068774,135.52646883634236,12794317,-1.2852778702876155,0
2022-03-07,133.54957580566406,135.05576375687528,131.07061699691218,132.10613078951994,17635653,-1.0462815241462087,0
2022-03-08,133.26718139648438,140.20197521414389,131.66685320116466,134.30269538651623,28410490,-0.21145286870144497,0
2022-03-09,130.5999298095703,135.55783464898332,129.65855595784126,135.02439201997686,22830958,-2.001431679551091,1
2022-03-10,131.07061767578125,132.67095834248204,129.94097670652195,132.41992275991328,16516553,0.36040437915798584,0
2022-03-11,133.32989501953125,133.67507049663763,130.38026242101628,131.3530203887172,12992850,1.7237099998556493,0
2022-03-14,133.9261474609375,134.30269451809542,131.54132815193336,133.32993624958527,12598659,0.4472008631814406,0
2022-03-15,131.5727081298828,134.96165707089125,130.7254740866812,133.80061892732394,14528285,-1.7572665052140946,0
2022-03-16,131.38442993164062,132.92201514015656,131.13339430900515,132.57683956300752,11933774,-0.1430982161257366,0
2022-03-17,132.76512145996094,133.51821557094146,130.38030216151864,133.04752855952805,28464621,1.0508791102862736,0
2022-03-21,128.5916748046875,135.55783897621396,128.3406392159063,135.55783897621396,17797415,-3.143481216587485,1
2022-03-22,130.9764862060547,131.4785574036593,128.05823727060582,128.65443564558547,13285297,1.854561273106814,0
2022-03-23,131.85511779785156,132.1689091361464,130.7254766409115,131.4785707455382,9408783,0.670831549423756,0
2022-03-24,132.2630157470703,132.54542277305848,130.53716382154508,131.79232885829072,11188958,0.3093531415626183,0
2022-03-25,131.5727081298828,132.29443074749975,129.72133160919574,132.26304650700257,9842670,-0.5219203669963091,0
2022-03-28,133.23580932617188,133.5182164275508,130.22340732651844,131.57271265486742,12823578,1.2640168465996249,0
2022-03-29,132.60821533203125,134.58509040950977,131.60407290564055,134.20854338371393,10470515,-0.4710400284387739,0
2022-03-30,136.24818420410156,137.25231384213518,132.9220039801027,133.73785372491702,54218485,2.744904501547185,0
2022-03-31,136.05992126464844,136.34232834496385,134.77337174720822,135.27544296577062,10326026,-0.13817647593094007,0
2022-04-01,141.23748779296875,141.67679056340378,135.6206151241073,135.6206151241073,39663961,3.805357580833446,0
2022-04-04,142.71229553222656,143.151598274924,140.60989623240044,141.83367727863015,9907530,1.0442041715013062,0
2022-04-05,146.25814819335938,147.23089368319287,142.39851217059476,144.3126316772878,17167487,2.4846160927543215,0
2022-04-06,148.51744079589844,149.6470819363128,145.06573612515083,145.19124755135175,17153675,1.5447293914539362,0
2022-04-07,145.1912384033203,150.5570749788611,144.34400440934053,148.07811593786687,11913911,-2.2396038975309285,1
2022-04-08,145.97572326660156,146.91709725082495,144.7205579543037,146.22675888270152,6746769,0.5403114347038329,0
2022-04-11,144.90882873535156,147.8270904563584,143.3398721937566,145.91295836833214,12413822,-0.7308712074688528,0
2022-04-12,146.2894744873047,146.6346499608325,143.46535330890808,143.87328447720503,14769907,0.9527685538571307,0
2022-04-13,144.03021240234375,147.7015682040574,142.80643139117294,147.45053260047843,11015439,-1.5443777434288375,0
2022-04-18,145.03433227539062,145.47364774410104,142.80642176823181,144.03020269693874,19069923,0.6971591975730052,0
2022-04-19,142.99468994140625,146.4463941710431,142.14745600231728,146.03846293571866,15036942,-1.406316905787186,0
2022-04-20,142.46127319335938,143.71643859594403,140.2333494964905,143.24575156997477,9814641,-0.37303255684910663,0
2022-04-21,142.6181640625,143.4967823683407,141.36299870221396,141.89644142669508,11134333,0.11012878491383216,0
2022-04-22,141.4884796142578,144.4694967019815,141.01779270566988,141.2374568109039,12032249,-0.792104186495568,0
2022-04-25,139.85679626464844,142.39851120012796,139.00956220888932,140.5471346520002,11042683,-1.1532270005712553,0
2022-04-26,145.34812927246094,145.7246762831371,140.79815537030535,142.46125183300927,15389155,3.926396967810808,0
2022-04-27,143.90469360351562,146.13260414652743,142.74365559253985,145.19123025754203,12680209,-0.9930885771770259,0
2022-04-28,147.8584442138672,148.2663754194548,144.37536876969494,146.47776772993936,18378146,2.7474785646984357,0
2022-04-29,142.93194580078125,148.32915393380054,142.49264306147327,147.54467563632093,9026331,-3.3319019683178186,1
2022-05-02,145.31675720214844,146.3836425226862,141.77091293252468,141.77091293252468,12634353,1.668494322949421,0
2022-05-04,149.11363220214844,150.27465752855113,146.16399891148203,146.22675462162783,23124643,2.61282667814986,0
2022-05-05,146.69744873046875,151.0277716958321,146.13262177529927,149.6157106920094,16481935,-1.6203639036866502,0
2022-05-06,149.6156768798828,150.08636377478499,145.25397065953632,145.25397065953632,17715186,1.9892835047021107,0
2022-05-09,153.85186767578125,154.667717345715,147.88983333492732,149.9922323646411,54118806,2.831381633422958,0
2022-05-10,152.91049194335938,155.86012484195544,152.18876945211147,154.25979698904897,30997494,-0.6118715012323861,0
2022-05-11,150.11773681640625,155.6404682151928,149.80394554984335,153.1301380826897,15412618,-1.8263986280206423,0
2022-05-12,148.0467529296875,151.81224891212193,145.693317940666,149.99225663363822,26538994,-1.3795730808622286,0
2022-05-13,148.2977752685547,150.52568586439475,146.289503263512,150.52568586439475,15074553,0.16955612595326297,0
2022-05-16,147.607421875,149.30190254974758,146.22674526730995,147.7957017615944,7960529,-0.46551837497529336,0
2022-05-17,149.77259826660156,150.18052953263836,146.06985816966997,147.419163387391,15470937,1.4668479159775094,0
2022-05-18,143.02606201171875,149.52153868313863,142.52399087738127,149.05085178277199,19181550,-4.504519740569424,1
2022-05-19,143.27713012695312,144.1243641864382,139.103702775324,139.95093683480906,15085602,0.1755401160480785,0
2022-05-20,143.74778747558594,146.2894891296264,142.30434251042746,144.8146726980425,15148281,0.328494399780177,0
2022-05-23,140.9550323486328,145.5991455802638,140.70399678537183,145.5991455802638,11572501,-1.942816078075249,0
2022-05-24,142.46127319335938,144.1243699054246,140.95507215661723,141.2061077907747,16336858,1.0685967145898534,0
2022-05-25,141.1119384765625,143.96744428069564,139.66850622478756,143.33986170995868,11062614,-0.9471589622573773,0
2022-05-26,142.58676147460938,143.77917096709453,140.51574655753578,142.46125006201123,14150454,1.0451440281871172,0
2022-05-27,141.017822265625,143.49678149807718,140.20197244730835,143.46539725697943,8430491,-1.1003400264923968,0
2022-05-30,143.24571228027344,144.2812260070237,140.7667663973797,140.8922777959316,9305758,1.5798641468536712,0
2022-05-31,146.1640167236328,147.5760778308998,143.21437030530885,143.2457545483071,26351545,2.037271759764403,0
2022-06-01,143.84194946289062,146.22676882569812,143.18299529004835,145.69332608533932,10282009,-1.5886723099110989,0
2022-06-02,141.55126953125,143.96746014113126,140.92368689137427,143.96746014113126,10071898,-1.592497835432627,0
2022-06-03,141.83367919921875,143.15160021335876,141.2060965478948,141.83367919921875,16082518,0.19951051580389123,0
2022-06-06,141.08059692382812,142.74368087436306,140.29611854406528,141.8336910611193,12693293,-0.5309615315928218,0
2022-06-07,141.20608520507812,141.99056345621744,140.39022271661295,140.5471183668408,9103195,0.08894793755214181,0
2022-06-08,140.92367553710938,142.14745647898602,139.98230165314257,139.98230165314257,11240130,-0.19999822780909504,0
2022-06-09,141.1119384765625,141.6453811080489,138.69574813286528,141.01779853731193,9468041,0.13359212973660384,0
2022-06-10,140.8609161376953,142.74366402691308,139.35472804088212,139.35472804088212,9019239,-0.17788880344017377,0
2022-06-13,139.54298400878906,141.51987168800434,139.00954136981358,139.2291927190152,10186775,-0.9356265492536875,0
2022-06-14,140.547119140625,142.6495310798138,139.32333816939038,139.54298952727856,17023962,0.7195884042243916,0
2022-06-15,139.480224609375,142.02193909648835,139.26057326599235,140.73538973521866,5898563,-0.7591009604277388,0
2022-06-16,135.77749633789062,140.766785793069,135.33819361423008,140.1705746473,11883333,-2.6546618216698126,1
2022-06-17,132.6395721435547,136.1226604756723,131.9492338778575,134.42817989456105,19675226,-2.3110782559482623,1
2022-06-20,130.69410705566406,132.35720388876462,129.50169728278797,131.2275498369444,7402273,-1.4667305212542892,0
2022-06-21,132.0120086669922,133.7692452048304,130.09788923391312,131.19615887801157,9459619,1.0083864077871763,0
2022-06-22,132.2002716064453,132.57681859674872,130.66268664108958,132.29441154607122,10257637,0.1426104650282367,0
2022-06-23,130.88233947753906,132.8592141983254,129.3761388779217,131.8550847213135,13114525,-0.9969208934983764,0
2022-06-24,131.13340759277344,133.04754004504247,130.380313416781,133.04754004504247,9499105,0.19182734373224264,0
2022-06-27,132.76512145996094,133.89476262643174,131.5727118107398,133.89476262643174,17545390,1.2443159200550058,0
2022-06-28,131.98062133789062,132.76509956084954,130.75682764915453,131.50993440411526,6770087,-0.5908932356958663,0
2022-06-29,132.482666015625,134.93024037134973,130.81956980159416,131.22750098891478,41502918,0.38039272178380656,0
2022-06-30,132.98475646972656,134.7733643392145,132.04338256281702,132.73372087424386,22260722,0.37898577164980907,0
2022-07-01,129.59580993652344,133.61234122427382,128.77994743012692,132.4513159407103,11133663,-2.5483721767574186,1
2022-07-04,132.23165893554688,133.14166143681956,128.68582718597924,128.68582718597924,20178279,2.0338998616656667,0
2022-07-05,134.39682006835938,135.52646111874623,132.38854803178103,132.41993226993108,20083997,1.6373999617352197,0
2022-07-06,132.07476806640625,134.39683161111296,130.6627070559962,134.30269165677853,19203527,-1.7277581424709587,0
2022-07-07,133.39268493652344,135.118537063225,133.1102651094156,133.83198764331271,14069302,0.9978566605958639,0
2022-07-08,137.3150634765625,137.6916104431309,133.45542834078785,134.3026622076166,17142257,2.9404749907429917,0
2022-07-11,136.216796875,138.85263846398567,135.68334149571993,138.0681602805733,10826079,-0.7998150922094216,0
2022-07-12,133.98890686035156,136.15406207470144,133.76925546831941,134.99303662978625,8503695,-1.635547205454313,0
2022-07-13,134.58506774902344,135.99712843415602,133.95748522229786,134.6164519826394,10210005,0.4449330191888423,0
2022-07-14,134.8361358642578,137.59750220211401,133.5809705077961,137.59750220211401,10898403,0.18654975580394417,0
2022-07-15,131.35305786132812,136.18543931021625,131.03926652651197,136.18543931021625,22067479,-2.583193281685381,1
2022-07-18,131.94921875,133.2985236594661,131.10198494067893,132.0119744454685,15155654,0.45386144668306816,0
2022-07-19,131.79234313964844,132.73371701921735,131.54130755145664,131.7295874346506,14922395,-0.11889089745107384,0
2022-07-20,131.32167053222656,133.23580273687068,130.85098354107163,132.60822008199742,14181034,-0.3571319821843888,0
2022-07-21,133.23580932617188,133.80062352892978,131.44718845676377,131.76097979971925,12461554,1.4575955256947326,0
2022-07-22,131.79234313964844,134.27128924856643,131.4785518464588,134.27128924856643,9272199,-1.0833920654091722,0
2022-07-25,130.4744415283203,132.41994527973762,130.16065018879488,131.79236260068672,6635194,-0.9999834435993504,0
2022-07-26,131.22752380371094,132.41993334003394,129.9723585587817,130.47442976403386,11451315,0.5771875829237993,0
2022-07-27,132.2002716064453,132.41992295343897,131.41579338989652,131.72958467651603,9209354,0.7412681231335316,0
2022-07-28,134.42820739746094,134.8047672268822,131.82374944258004,132.41994789215943,13192642,1.6852732327571118,0
2022-07-29,134.2712860107422,136.6874891245983,133.58094773601192,135.80887097121428,15433067,-0.11673248476399278,0
2022-08-01,137.40921020507812,138.1623170136345,134.39682127545612,134.9616481898231,12136557,2.337003157983375,0
2022-08-02,139.69985961914062,140.20193071805625,136.4050515490279,138.03676346820595,17748747,1.6670275672524326,0
2022-08-03,140.3274688720703,141.0491914263347,137.8485226728589,140.1705732197607,12406038,0.44925546427943,0
2022-08-04,138.57022094726562,140.70399123024274,137.50332303757844,140.57847983766712,9712267,-1.2522480017128301,0
2022-08-05,140.3588409423828,141.04917919906086,137.34643957189718,139.13504729953561,14099223,1.2907679463092236,0
2022-08-08,139.26060485839844,142.021971315333,138.75853358688204,141.20610869116953,8392041,-0.7824488123517659,0
2022-08-10,140.26470947265625,141.1433276561027,138.41334593141593,138.5388573426795,8585266,0.7210256018051808,0
2022-08-11,139.85679626464844,142.39851120012796,139.1350736363343,140.98645018446203,5040626,-0.2908167061703715,0
2022-08-12,143.12022399902344,143.46538678489264,139.32334397705296,139.95092660758021,13279062,2.333406614148137,0
2022-08-16,143.62228393554688,144.312622282663,142.49264284977542,143.84193530487454,11298246,0.35079594098934574,0
2022-08-17,143.4026336669922,144.94020603228984,142.90056244621664,143.6222850380059,11225465,-0.1529360643319544,0
2022-08-18,145.1912384033203,145.41088976943342,142.93194349664046,143.0574549149333,11360485,1.247260730567623,0
2022-08-19,144.5891876220703,145.57148642466726,143.03650180852262,144.77930373212206,9829530,-0.41466054554724074,0
2022-08-22,143.19493103027344,146.26861003517342,143.00481492993597,144.55748777054902,9190493,-0.9642882809752007,0
2022-08-23,144.2089385986328,145.0328008403845,142.08587872529242,142.56118832793314,8903751,0.70813091012627,0
2022-08-24,145.41305541992188,145.7299285089987,143.54350935180813,144.08219102451895,13007225,0.8349807113138707,0
2022-08-25,143.41676330566406,146.39536514467463,142.65626016615582,146.0784920599459,12124365,-1.3728424236000958,0
2022-08-26,146.04676818847656,146.5220777133602,143.60684853945972,143.60684853945972,7966045,1.8338197168814796,0
2022-08-29,143.8920440673828,145.06447166696526,142.9731045698535,144.6525341607346,7517013,-1.475365835081699,0
2022-08-30,145.50811767578125,145.9200552639323,144.5574984232475,144.6208704613633,7214498,1.1231153319648746,0
2022-09-01,143.29000854492188,145.82499326183725,142.59289032648994,142.624582792891,13109081,-1.5243885813997826,0
2022-09-02,142.0858612060547,145.03278295779026,141.83237309744666,144.17722835724678,6897237,-0.8403568058199196,0
2022-09-05,141.5789031982422,142.94146010253044,140.50152692558663,142.59289453622435,18055474,-0.3567969420105066,0
2022-09-06,142.62457275390625,144.4941186935991,141.9591341551149,141.9591341551149,14103701,0.7385772400001489,0
2022-09-07,142.21263122558594,143.82867608768714,141.35707654640322,141.35707654640322,7866745,-0.2888292812144644,0
2022-09-08,142.21263122558594,143.79699651799754,141.61056467831088,143.2266224340098,7187735,0.0,0
2022-09-09,141.26202392578125,143.32169897906948,141.00852287896447,143.25832694076502,9162027,-0.6684408351159576,0
2022-09-12,141.92745971679688,142.40276937813056,140.8184038403516,141.67397154563204,8778919,0.4710648853263333,0
2022-09-13,143.73361206054688,144.17722914663634,141.83237387399782,142.14924690508934,11278383,1.2725883682791261,0
2022-09-14,147.377685546875,147.78961026641002,142.40276750867963,142.592896528157,25072958,2.5352966742344663,0
2022-09-15,150.57806396484375,150.99000148991544,147.25089709045946,147.9480151901825,23606369,2.1715488380029013,0
2022-09-16,149.34228515625,151.1167666677763,147.91635629650273,151.0850870959411,29399642,-0.8206897977399152,0
2022-09-19,147.75791931152344,150.89495763608005,146.80730007455495,149.53240081770548,13920046,-1.0608956753734633,0
2022-09-20,147.47271728515625,149.7225211734558,147.09247219105436,148.29659240037526,20162973,-0.1930197905439357,0
2022-09-21,143.8920440673828,148.51838244019928,142.14924245098842,148.20150941903665,14468837,-2.428024168599119,1
2022-09-22,139.4875030517578,143.48010832492562,138.8854494615864,141.95911522592854,26264530,-3.061003854780475,1
2022-09-23,128.3652801513672,139.26570812103532,125.54510221662562,138.34678141601478,87162722,-7.973633950751591,1
2022-09-26,127.28791046142578,132.6747526861768,118.09859137214468,126.74922881767036,167547134,-0.839299917135683,0
2022-09-27,129.8228759765625,131.75580658966916,127.54139277154239,130.42494246120714,54127095,1.9915210375811343,0
2022-09-28,131.6290740966797,133.34019648852563,128.3652916423786,130.04470867474757,52877873,1.391278776202176,0
2022-09-29,131.8191680908203,134.41752411389146,130.58336854740702,132.42122163379696,36761869,0.14441641821547613,0
2022-09-30,134.4809112548828,138.60026072085873,131.1854368395408,131.1854368395408,62897614,2.0192383267269687,0
2022-10-03,133.59371948242188,136.03364005432397,132.45297103378147,134.9879561253371,11740863,-0.6597157649976371,0
2022-10-04,132.1043701171875,134.57598249955797,131.8191895280514,134.4175459736829,19179333,-1.1148348672411545,0
2022-10-06,130.74180603027344,133.65703507547602,130.2981760904759,132.3578506073771,20692745,-1.0314299865366694,0
2022-10-07,132.70645141601562,132.92825999819868,129.28421949765212,129.28421949765212,14282850,1.5026910254607229,0
2022-10-10,132.4212646484375,134.3225032673302,131.53403027450057,131.78751844213994,16834226,-0.21490045475189845,0
2022-10-11,132.04098510742188,134.00559525645417,130.90024996940127,133.0866686541379,17807162,-0.28717407436428255,0
2022-10-12,136.60398864746094,136.85747679417344,132.6747547566364,133.37187294729281,35288330,3.455747877317661,0
2022-10-13,135.58998107910156,137.71304095645925,135.1463639399034,136.22372721715504,16436903,-0.7422971894153529,0
2022-10-14,134.76612854003906,138.1566680440517,134.06901031670174,138.1566680440517,23365190,-0.6076057629817555,0
2022-10-17,134.2591094970703,136.22371983992244,133.72042788761695,134.3224815287241,9520537,-0.37622142036833894,0
2022-10-18,134.57598876953125,136.255418600772,134.0689995992686,134.95623387062773,13256574,0.2360206869000958,0
2022-10-19,135.55828857421875,137.4595268069747,134.95622206435453,134.98791452567258,11595367,0.7299220415684537,0
2022-10-20,137.8397979736328,138.15667107242277,134.57600247737633,134.70275945305198,16371066,1.683046771547958,0
2022-10-21,137.7130126953125,138.7270037293895,135.62164571148227,136.4772002435599,11634491,-0.09198016841591716,0
2022-10-24,138.69532775878906,139.5825748541752,138.5368912379557,139.297394274114,1132859,0.7133059136901654,0
2022-10-25,138.47352600097656,139.04390008267495,135.78010501468754,138.69533456230437,20622687,-0.15992013674623884,0
2022-10-27,141.89576721191406,142.49782090396786,137.74472472375814,138.9805374667718,24298489,2.47140468634659,0
2022-10-28,143.73361206054688,145.12784823991086,141.4521159218107,141.83237387399782,11669879,1.295207661753639,0
2022-10-31,144.5891876220703,145.92005196682655,143.67024796255876,144.46243065510396,11755682,0.5952508597383721,0
2022-11-01,149.02540588378906,149.50071548395408,145.63486664799828,146.173548282799,15220278,3.06815352840506,0
2022-11-02,147.8529815673828,149.91265654951874,147.56778806446647,149.02540936310973,12884449,-0.7867278129210509,0
2022-11-03,144.5258026123047,148.0430857153241,143.67023506627544,147.66284063575407,9358215,-2.2503292931984498,1
2022-11-04,143.32167053222656,145.41302474277043,142.59286000238401,144.49409813574914,8059667,-0.8331606248250689,0
2022-11-07,144.49411010742188,146.9657224642946,143.48011893100153,144.05049299698715,14862038,0.8180476621863608,0
2022-11-09,138.6319580078125,146.39534765625,138.1883408996264,146.39534765625,22831150,-4.057018030182169,1
2022-11-10,136.1920623779297,139.51922996260092,135.3048151099641,136.88918062647423,16217631,-1.7599806458373113,0
2022-11-11,135.65335083007812,138.06157814907556,135.33647779650502,136.88915050357448,12123886,-0.3955528233037908,0
2022-11-14,137.14584350585938,138.67076510697518,136.43205182044179,136.88627929243907,18460862,1.100225439805591,0
2022-11-15,140.16323852539062,140.48769046642164,136.04270151469362,136.26981523301868,15258103,2.200135959207783,0
2022-11-16,140.87704467773438,141.1041584194717,138.5085426236517,140.1308024960392,9825807,0.509267736571628,0
2022-11-17,141.6557159423828,143.05084866033135,140.32545776714971,140.74724791066137,9449665,0.5527311184229555,0
2022-11-18,141.6881561279297,141.9801707880512,140.71480033149055,141.6881561279297,5828998,0.022900724712071607,0
2022-11-21,142.1424102783203,142.4344117642415,140.48769998614253,141.1366039121755,4712051,0.3206013563903598,0
2022-11-22,141.3312530517578,142.23970781101434,140.7472369908203,141.78548043138608,4366445,-0.5706651695114973,0
2022-11-23,139.61166381835938,141.98016547478915,139.02764772195468,141.62326308199115,13510578,-1.2167084040277332,0
2022-11-24,143.24554443359375,143.40777041822975,139.57923454042313,139.7739110027801,7622243,2.602848870823715,0
2022-11-25,143.148193359375,143.3428698042659,140.5525778380736,143.24553158182044,10989671,-0.06796097889374408,0
2022-11-28,143.6024169921875,144.18641985373932,142.20727117429684,142.20727117429684,4526153,0.31731007018171997,0
2022-11-29,142.33706665039062,144.2188905852632,141.81795145586327,143.60243716614212,6476054,-0.8811483596865344,0
2022-11-30,145.35447692871094,145.97093036703464,141.2339397097447,142.33707108421368,17317951,2.119904779077464,0
2022-12-01,143.99179077148438,145.9060521648081,143.0833225908282,145.35448644147627,13241961,-0.9374917003037275,0
2022-12-02,142.62908935546875,143.73222075769118,141.8179594414863,141.8179594414863,12880949,-0.9463743792020973,0
2022-12-05,143.99179077148438,144.21890451615224,140.9419342508518,142.56419414417186,16477957,0.9554161932699534,0
2022-12-06,145.030029296875,145.4518194945111,142.36952580699364,143.76467190595102,11299945,0.7210400814018136,0
2022-12-07,143.44020080566406,145.4193496198324,143.050847935483,144.6082198102595,5813973,-1.0962064194006138,0
2022-12-08,141.3312530517578,143.95930552300413,140.7472369908203,143.92686825416305,11176439,-1.4702626893024928,0
2022-12-09,140.94189453125,142.07747613654962,139.96853886956464,141.72058698178697,6020031,-0.27549357420981746,0
2022-12-12,139.87123107910156,141.4610402413883,139.25476449630955,140.1632325327517,8194429,-0.7596488295473103,0
2022-12-13,140.35791015625,140.68236208615167,138.24897261188923,139.87123226139752,8235450,0.34794794711801025,0
2022-12-14,142.23971557617188,143.11574631639326,140.35790501328148,140.35790501328148,10055353,1.3407191784396089,0
2022-12-15,140.39036560058594,143.018431853767,140.09836410667006,142.43441566395072,5385778,-1.3001642811888092,0
2022-12-16,138.34629821777344,141.5908175305916,137.95695854063183,139.51433045118114,11166617,-1.455988360788174,0
2022-12-19,142.04505920410156,142.23972244311787,138.54097567999548,138.89787808783316,7758862,2.673552551804348,0
2022-12-20,141.00682067871094,142.04506426305733,138.80054481073523,142.04506426305733,6541929,-0.7309219561792757,0
2022-12-21,140.1956787109375,141.62326186590627,138.7680823539864,140.84458254537464,7005861,-0.5752501644027963,0
2022-12-22,139.5143585205078,140.8121665067451,138.11921229490562,140.2281502725412,6961415,-0.48597802492504893,0
2022-12-23,137.0809326171875,139.7089983812921,136.56180427796272,138.47607847711978,4554651,-1.7442117995063677,0
2022-12-26,137.4702911376953,139.02766316712876,136.88627497640977,137.24317740885758,6864331,0.2840355059409605,0
2022-12-27,137.98941040039062,139.64410734535642,137.4378447520687,138.184073639925,13115851,0.3776228728397335,0
2022-12-28,140.00100708007812,141.72060494069348,137.8920695458475,137.8920695458475,16815549,1.4577906187515755,0
2022-12-29,140.00100708007812,140.4876849725929,138.54097340253387,138.89787580450445,22536873,0.0,0
2022-12-30,138.67074584960938,140.64990784985827,138.37874440130233,140.19568044094007,4643134,-0.9501797581412119,0
2023-01-02,139.54678344726562,139.83878490990375,138.216525224174,139.2223315101197,5959394,0.6317392989335424,0
2023-01-03,139.9036865234375,140.29302624620527,139.0925566001778,139.67657278532167,2873110,0.2557587264680583,0
2023-01-04,136.95115661621094,139.77388559537894,136.59425423409388,139.77388559537894,9954542,-2.110401791829797,1
2023-01-05,135.4911346435547,137.5027340195592,134.06353819459625,137.5027340195592,21273509,-1.0660895524583158,0
2023-01-06,135.03689575195312,136.46449221933807,134.6800065365944,135.06934622697815,11510471,-0.3352535889499797,0
2023-01-09,135.68580627441406,137.5351797956969,132.5386249203736,135.75069402565515,52485126,0.4805431277485228,0
2023-01-10,137.43783569335938,137.85961261887547,135.62089969889706,136.20491578297296,17248326,1.2912400103235244,0
2023-01-11,137.53517150878906,138.24897633538404,136.33470197621693,137.69739747810917,9164361,0.07082170272736388,0
2023-01-12,138.5409698486328,138.80053402504547,137.1782744249444,138.5734203214278,21179555,0.7313026397611111,0
2023-01-13,138.86541748046875,139.7414349970753,138.41119008726002,138.60585331207147,6560245,0.23418894222440034,0
2023-01-16,139.93614196777344,140.0983679581831,138.02186735974846,139.51435175231134,8362194,0.7710519341183497,0
2023-01-17,141.72061157226562,141.9152748171908,139.44944796758824,139.93612588287624,13000571,1.275202802792097,0
2023-01-18,142.33706665039062,142.85619504690152,140.4228054419758,141.65572548220155,11171369,0.43497912638534864,0
2023-01-19,143.24554443359375,143.56999640286577,141.88284880304818,141.98018703422667,11586815,0.6382580480139621,0
2023-01-20,144.8677978515625,145.2895880332964,143.40776405462626,143.40776405462626,10112645,1.1324983435842872,0
2023-01-23,146.06826782226562,148.14476826002868,145.06247468074105,145.35447616009054,14393610,0.8286658515601841,0
2023-01-24,143.37530517578125,147.0416146913969,143.0833037143004,146.81450097669145,6150893,-1.8436329030485532,0
2023-01-25,142.36947631835938,143.5699455389672,141.3312330249142,143.21304321841743,5790331,-0.7015356348770818,0
2023-01-27,142.2721710205078,143.69975422886003,140.81213733842733,142.30462149423605,10458603,-0.0683470223869942,0
2023-01-30,137.4702911376953,142.01261852238562,136.62672397315745,141.46105283749858,24288177,-3.3751364362889613,1
2023-01-31,140.5850372314453,142.8886382315483,137.66496958473533,137.9569710686127,20997546,2.265759436437187,0
2023-02-01,140.52015686035156,146.00339000415826,138.60588227021728,146.00339000415826,20246369,-0.04615026774644759,0
2023-02-02,138.02183532714844,140.87701473611529,137.1458178226425,140.16322318436903,12820663,-1.7779097241443775,0
2023-02-03,139.41697692871094,139.6116533469051,136.52936033804656,138.3462830326059,10815686,1.0108122372490147,0
2023-02-06,140.8446044921875,141.03926775166227,138.2489887499826,138.50853976261558,6948201,1.0239983644219741,0
2023-02-07,140.7147979736328,141.59081553535268,139.5792162301486,141.46104004546183,10035526,-0.09216293305852608,0
2023-02-08,140.81442260742188,141.644696325626,139.78487779142088,141.37900603308677,12432719,0.07079897439623561,0
2023-02-09,141.37901306152344,142.1096512671517,140.81442960779117,140.81442960779117,7011082,0.4009464681580255,0
2023-02-10,142.2093048095703,142.44177878891708,140.7148118534627,140.74802821347166,10892159,0.5872807640024735,0
2023-02-13,143.4713134765625,143.80342299849897,142.14287538881655,142.20929459048963,7710133,0.8874304453440063,0
2023-02-14,142.80709838867188,144.16875287175986,141.31260549855787,144.16875287175986,6010681,-0.4629602056296256,0
2023-02-15,142.4749755859375,142.9399234807899,141.47864708533655,141.6447018354367,8107497,-0.23256743290900328,0
2023-02-16,142.54139709472656,144.06910622584957,142.14286839073765,144.06910622584957,3963115,0.04661977200972611,0
2023-02-17,142.01002502441406,143.40488219634867,141.47864442864378,142.14286341657169,6491149,-0.3727843848474244,0
2023-02-20,143.33847045898438,144.1355278805453,142.2757092121423,143.2056185463438,6841917,0.935458911680298,0
2023-02-21,144.2683563232422,145.29790114247962,143.5045153109489,144.5008437759259,6701434,0.6487343288094527,0
2023-02-22,142.5746307373047,144.33481403303873,141.47866653327617,143.47132380839275,9128659,-1.1740104546159813,0
2023-02-23,141.6446990966797,143.40488211642156,141.2129540520532,142.80708232490565,10345874,-0.6522420123523998,0
2023-02-24,142.84031677246094,143.07279074483827,141.08013352976693,141.08013352976693,9808830,0.8440963081612907,0
2023-02-27,145.59678649902344,146.0949507049009,142.50817923343837,143.7701844108061,17763618,1.9297561002706631,0
2023-02-28,147.62266540527344,148.1208296304881,145.29789902093842,146.52670140708733,36559278,1.3914310576240485,0
2023-03-01,145.39752197265625,147.62265261646752,144.4011936085406,147.15770478530754,12896085,-1.5073182878174052,0
2023-03-02,146.36065673828125,146.79240179922834,143.33846833879232,144.79974476122976,79708558,0.6624148421223719,0
2023-03-03,147.5230255126953,149.74815628373935,146.39385870755925,146.39385870755925,9951869,0.7941811688455314,0
2023-03-06,150.87734985351562,151.9733139156786,148.1208382770361,148.78505728276272,15659957,2.2737632509656214,0
2023-03-08,151.4751434326172,151.6744010179994,149.9142180224898,150.74449174550662,11591495,0.3962116114061942,0
2023-03-09,149.9806671142578,153.0692748904073,149.7813959935386,152.10616267193055,13941653,-0.9866148890786075,0
2023-03-10,150.4788360595703,151.54158387129706,147.62268864658128,147.62268864658128,9605434,0.33215544036284683,0
2023-03-13,150.17991638183594,152.80358959561275,149.71496847740482,151.47515156744336,13209653,-0.19864566045423304,0
2023-03-14,149.5821075439453,151.27587133312494,148.7850501805488,149.54890470338609,9583405,-0.3980617730340752,0
2023-03-15,151.64120483398438,152.80358809723438,149.91422460344242,150.51202441297076,12228069,1.376566571930482,0
2023-03-16,154.1984405517578,154.69660479206271,151.6744029954517,152.40504117851825,18437817,1.6863725928405016,0
2023-03-17,152.57110595703125,155.4272531946693,151.64121012484284,155.39403683770368,33711025,-1.0553508770280606,0
2023-03-20,151.1098175048828,152.3718362658793,149.64854115861513,149.64854115861513,9281411,-0.9577753552890811,0
2023-03-21,148.22048950195312,151.24267818940294,147.755528040642,150.9437850106521,11272787,-1.9120716645934177,0
2023-03-22,148.8514862060547,149.25001493281508,146.659571452087,148.1208479547321,7589846,0.42571489692269093,0
2023-03-23,147.55625915527344,149.11717116182564,146.95845932986157,148.78506164921578,17091298,-0.8701472076592331,0
2023-03-24,147.7223358154297,148.95113849157542,146.659587920211,148.12086458694012,10371666,0.11255141673216507,0
2023-03-27,146.19459533691406,150.2795447817621,145.8292830047025,148.0544138932323,19983733,-1.0341973473967037,0
2023-03-28,147.5230255126953,148.1872444600857,145.26467838885412,146.95844211012727,8689166,0.9086725625662151,0
2023-03-29,147.7555389404297,148.5858128466213,146.4935334138766,147.52306494941058,19743258,0.1576116182042231,0
2023-03-31,149.91421508789062,150.6116504070002,148.12082928670804,148.78504825211928,10202058,1.4609781554999701,0
2023-04-03,149.18359375,151.01019611084132,148.68542946977053,151.01019611084132,7643214,-0.4873596126039659,0
2023-04-05,149.88101196289062,150.51201457340423,148.58577687465882,150.51201457340423,12019382,0.46748988636065025,0
2023-04-06,149.61532592773438,151.043399443965,149.21679724062975,150.91054753921694,4282875,-0.17726463924732094,0
2023-04-10,152.1393585205078,152.37183245429372,149.44926632129673,149.5821047081546,4145643,1.6870147340337205,0
2023-04-11,153.6670684814453,154.09881354970818,151.74083060935985,152.03973727826673,5106602,1.004151703933709,0
2023-04-12,150.97698974609375,153.79992060156155,150.81093498988977,153.700285045125,9118795,-1.7505889595833435,0
2023-04-13,153.5674285888672,153.86633524933387,150.77771417259962,150.9769852795774,11428621,1.7157838735094133,0
2023-04-17,157.1874542236328,159.34616631931414,154.2981038136661,154.49736143743178,21815047,2.3572873935769234,0
2023-04-18,152.96963500976562,157.7520062137656,152.53788997425613,157.35347753236056,13482833,-2.683305251490642,1
2023-04-19,152.73715209960938,153.70027774800928,151.87367551648566,152.10614946142013,8264190,-0.15197977699391574,0
2023-04-20,153.36819458007812,154.69663279469367,152.53792069594343,153.3349782192838,7308750,0.41315585094661156,0
2023-04-21,153.79991149902344,154.33127857928523,152.5046763691475,153.96596624539958,5030650,0.2814905138104784,0
2023-04-24,154.0655975341797,154.29808500392332,152.73715948339625,153.43459486548582,5725067,0.17274784657983489,0
2023-04-25,154.6966094970703,155.36082850434536,153.20211673070148,153.63386178814432,8338703,0.40957356670792144,0
2023-04-26,158.28338623046875,159.0804435904209,154.09880130679605,155.46045560308133,13581018,2.3185878120143055,0
2023-04-27,156.7224884033203,158.28341407092955,155.09515704319946,158.08414293910695,9794457,-0.9861412902019251,0
2023-04-28,157.58596801757812,158.05091594244394,154.82945628526247,157.38669689916648,10585487,0.5509608882904304,0
2023-05-02,159.4789581298828,160.17639339317864,158.2501558449234,158.54904895001113,6732907,1.2012428112213147,0
2023-05-03,159.21328735351562,160.7409964441567,158.61550107015785,159.4125584570149,4789217,-0.16658672685259113,0
2023-05-04,158.64871215820312,159.87751465746803,156.0582552459115,159.18009278610884,9189783,-0.3546030640388165,0
2023-05-05,160.11000061035156,160.4088937647334,158.21696558736468,158.61550781130126,3896441,0.9210843455768281,0
2023-05-08,162.56761169433594,163.56394026447487,160.14320947095032,160.6413737560198,8758321,1.5349516423807108,0
2023-05-09,161.67092895507812,163.99569576643094,161.2059674846644,162.1026740656152,9166941,-0.5515752676146679,0
2023-05-10,164.49383544921875,164.69309303792295,162.46796212585483,162.83328797550075,9689409,1.7460816934657508,0
2023-05-11,165.0916290283203,165.52336054438038,163.79639393943177,164.527032097652,12616726,0.36341397078440973,0
2023-05-12,160.57493591308594,165.78905212213098,160.17640723400936,165.29088789489288,13853807,-2.73587046285646,1
2023-05-15,161.57127380371094,163.16540212668772,160.97347399339836,161.67090935769141,12187763,0.6204815745119108,0
2023-05-16,159.8111114501953,162.4347849818797,159.41258269616932,161.7705658873123,11418509,-1.0894030306736302,0
2023-05-17,158.6155242919922,160.67460077080352,157.7188177085347,160.01038167998877,11560929,-0.7481251756238039,0
2023-05-18,156.5232391357422,160.07680874330433,155.8258036507261,160.07680874330433,14497723,-1.3190922928819737,0
2023-05-19,155.2279815673828,157.7520192813121,154.0988146242712,156.5232167812034,10071694,-0.827517738267658,0
2023-05-22,155.6597137451172,158.74833467476694,154.53054689553622,155.89218768314038,12566129,0.27812780490672484,0
2023-05-23,155.49366760253906,157.1210122858537,154.9955033448332,155.46046476016755,12458561,-0.10667252212092082,0
2023-05-24,156.6228485107422,157.98448937785818,155.99183234089492,157.95128653538438,8877971,0.7261909282952006,0
2023-05-25,158.05091857910156,159.6118441677003,156.95496795026756,157.884863815512,12502747,0.9117891048070259,0
2023-05-26,157.6191864013672,158.01771512974256,155.95863877182717,157.98449877172325,6811801,-0.2731601825637586,0
2023-05-29,155.7593536376953,158.31659405440615,155.49366333815794,158.2169585028834,13638297,-1.1799532824233294,0
2023-05-30,156.15789794921875,156.68927860144245,155.22798856461293,156.68927860144245,9469926,0.2558718319096709,0
2023-05-31,155.32763671875,156.22432981769887,152.77039583894305,156.0914914006592,48104157,-0.5316805882842668,0
2023-06-01,154.76303100585938,155.49366922205706,152.8035903105696,154.72981464957155,8804790,-0.3634934032460402,0
2023-06-02,155.82577514648438,156.15788464744173,154.82944664361227,155.42724644804957,6617781,0.6866912167058592,0
2023-06-05,156.48997497558594,158.08410308758621,155.9586079472982,157.05455835532788,27428302,0.42624516289244685,0
2023-06-06,156.2907257080078,157.41989252746063,155.72612878471216,157.0545666963363,6898603,-0.12732398200536732,0
2023-06-07,158.8811798095703,159.44577677190117,156.85531996242085,157.22063230523295,11153571,1.6574586174755712,0
2023-06-08,160.50852966308594,163.0325538431679,158.91440130465116,158.91440130465116,19300834,1.0242558970584792,0
2023-06-09,162.66726684570312,163.06579561904326,160.60819025546843,161.77057372729462,11037141,1.3449361147027217,0
2023-06-12,160.50852966308594,163.69677286638483,160.20962299449596,162.73366068814855,8188909,-1.3270876338414395,0
2023-06-13,160.9070587158203,161.7041161399441,160.37567809069068,160.74100395966363,6443218,0.24829151047043307,0
2023-06-14,163.72998046875,164.19492835471402,160.80741422014353,160.80741422014353,10297426,1.7543803083960974,0
2023-06-15,163.69677734375,164.02888686444217,161.9366076949382,164.02888686444217,9732749,-0.020279196824513068,0
2023-06-16,163.69677734375,164.29457718371012,162.40155561847885,163.66357449982337,9702361,0.0,0
2023-06-19,161.47164916992188,164.92559635555415,161.006701237996,163.69678029597492,10431647,-1.3592987045527027,0
2023-06-20,165.22450256347656,165.85550530854132,161.90340703456246,161.96982624242628,13426365,2.3241562298069063,0
2023-06-21,171.50135803222656,172.06595505114734,165.2244932421252,165.25770960096932,31172093,3.798985847355496,0
2023-06-22,168.41273498535156,171.36850416730525,167.84813801735496,171.36850416730525,7430965,-1.8009321222369645,0
2023-06-23,166.12118530273438,169.14338745116493,165.75587292545944,168.4459520281205,5593393,-1.3606748223740306,0
2023-06-26,165.05844116210938,166.22082455057492,164.16174810800743,166.05476978079415,7305362,-0.6397402827871046,0
2023-06-27,165.75587463378906,166.08798416940988,164.49385569571555,164.79274887234567,11142907,0.4225372945299455,0
2023-06-28,166.1544189453125,167.71533120630014,163.69680004325468,166.58616408479577,17808717,0.2404405348552352,0
2023-06-30,169.47547912597656,172.49766744239204,166.85180598992198,170.37217206571367,17659979,1.9987793293400946,0
2023-07-03,166.3868865966797,169.34265622260892,165.7226674885093,169.07697939019866,12467239,-1.8224421286344494,0
2023-07-04,165.78907775878906,167.71531577135258,165.52338742713002,167.71531577135258,8637967,-0.3592884331922841,0
2023-07-05,168.21348571777344,168.67843367859314,165.72266411287058,165.8555025263699,5340907,1.4623448008509454,0
2023-07-06,174.49032592773438,175.088125730562,168.97731633482869,172.66372367738722,16705046,3.731472648092038,0
2023-07-07,169.67474365234375,174.39070951628372,169.17657938617296,174.39070951628372,13149183,-2.7597990030604924,1
2023-07-10,166.0547637939453,170.30576844978455,165.05843521118163,169.6747522392248,15319047,-2.133481849140506,1
2023-07-11,168.3795166015625,169.64153540503776,166.08796645560835,167.38318810096155,7486045,1.3999916380007749,0
2023-07-12,167.4164276123047,169.20981375600726,166.81862772654648,168.7116494368041,9390877,-0.5719751479847601,0
2023-07-13,161.47164916992188,167.51603985281432,160.5417397924989,167.2171466842293,30591450,-3.550893139441169,1
2023-07-14,159.44578552246094,162.33513563586462,157.22064093367436,161.4052262796872,72085831,-1.2546249808404797,0
2023-07-17,160.07679748535156,162.70045743289856,158.88119774185802,161.0731261004056,11474161,0.39575330311991674,0
2023-07-18,160.17640686035156,161.87015712086827,159.1468620543667,160.07677131242247,14940593,0.06222599187688527,0
2023-07-19,161.57127380371094,163.53071447318908,159.7778878863435,160.07678103471463,22954874,0.8708317103001795,0
2023-07-20,162.23550415039062,163.29825193545784,160.94028239883545,162.0362330285031,10249082,0.4111067091583598,0
2023-07-21,162.13587951660156,163.59716964392754,160.87386052459297,161.57129598463177,18466409,-0.061407417760239724,0
2023-07-24,164.36097717285156,164.82593855561353,161.30557264234628,162.1026435069799,14825562,1.3723659827078238,0
2023-07-25,166.81863403320312,167.05110802157233,164.82597668105714,165.3573438668192,10500017,1.4952800248729137,0
2023-07-26,166.71896362304688,169.80758457614792,166.054744644469,168.64520136363666,12898171,-0.059747767828155496,0
2023-07-27,166.51971435546875,168.31311394089295,165.855495289809,167.383204546255,10836773,-0.11951205984499502,0
2023-07-28,171.50135803222656,173.46081239188413,166.12118628162946,167.25036680589946,17518458,2.991623962387746,0
2023-07-31,176.7154998779297,177.34650262791843,172.1323853095499,174.0254070730885,24269734,3.040291870297218,0
2023-08-01,167.2503662109375,174.0253952781705,166.3868760197775,174.0253952781705,31395702,-5.356142315490409,1
2023-08-02,165.0916290283203,168.57877859186962,163.79639393943177,167.98097882111873,20825405,-1.2907219466979036,0
2023-08-03,165.19126892089844,166.45328779257127,163.46430212924813,165.390540037215,10882019,0.06035429728603603,0
2023-08-04,164.29458618164062,165.42376672197855,163.79642187331936,164.72633128490008,7406390,-0.5428148503945351,0
2023-08-07,164.69309997558594,165.3573189930532,163.39787829695294,165.25769695128955,6345966,0.24256051474802476,0
2023-08-08,163.54188537597656,166.08135564578987,162.9662748703205,166.08135564578987,15171726,-0.699005969151123,0
2023-08-09,162.7631072998047,164.8962650237864,162.35679482321476,164.55766899704352,18442141,-0.4761948747145084,0
2023-08-10,163.74505615234375,164.32066668486988,162.5599699711099,162.898566022891,9962450,0.6032994017067583,0
2023-08-11,165.43804931640625,166.7585685103575,164.4222610818254,166.25067439306707,23866073,1.0339201706873968,0
2023-08-14,165.57345581054688,166.11521496019378,163.0339856294035,165.81047027195208,9188486,0.08184725019433348,0
2023-08-16,167.97747802734375,168.38379046438354,164.59151808950176,165.641157403729,9191471,1.4519369696236906,0
2023-08-17,165.0316925048828,168.48538288626898,164.01590445800622,167.97748886283068,15301142,-1.7536788604371245,0
2023-08-18,163.2032928466797,164.9978546314083,162.59381721332736,164.9978546314083,12292241,-1.107908202631458,0
2023-08-21,167.40188598632812,167.74048204518195,163.67732933893603,164.08365563156775,9129526,2.5726154579446936,0
2023-08-22,167.8082275390625,169.39962640489193,167.06330511983538,167.94366046391642,11107830,0.2427341546006101,0
2023-08-23,169.0271453857422,169.29802498121384,167.40188159042083,169.29802498121384,8487619,0.7263754969320191,0
2023-08-24,166.7924041748047,171.09257085298225,166.45380815640476,169.2980091999612,18982087,-1.3221197138705287,0
2023-08-25,163.8804931640625,167.53733337033262,163.4741806472567,166.6908432196918,12851343,-1.7458295089327946,0
2023-08-28,168.28224182128906,168.62083788129166,164.25295421826178,164.55768516126054,11908665,2.685950336273346,0
2023-08-29,170.0768280029297,171.32963084849357,168.3499823391045,169.02717455589698,12363321,1.0664144726253655,0
2023-08-30,167.33413696289062,170.38150089948618,166.8939594165478,170.17835157021688,6748007,-1.6126188806812713,0
2023-08-31,165.6073455810547,169.02715766766187,164.93015343192343,167.84207140668215,20715819,-1.0319420849667305,0
2023-09-01,170.787841796875,171.05872139188168,166.04749710553818,167.2664483943139,13120723,3.1281802130478376,0
2023-09-04,172.95484924316406,173.69975772938707,169.8397686241814,171.73589806388475,10240031,1.2688300428705945,0
2023-09-05,172.20997619628906,174.0383895639727,171.32962085480577,172.88716837358078,10893186,-0.43067485539405315,0
2023-09-06,172.34539794921875,174.20767631605705,170.75399919124058,173.83521513168571,10018473,0.07863757717225806,0
2023-09-07,174.03834533691406,174.51237422955282,170.75396686718568,172.00676932130807,13760453,0.982299154976074,0
2023-09-08,175.15574645996094,176.95030835258558,174.10609315177226,174.88486685357265,16781751,0.6420430629145324,0
2023-09-11,179.11727905273438,179.45587504338226,174.44465162629226,176.30692957485564,17683806,2.2617200250858005,0
2023-09-12,172.7291259765625,184.4219729111432,172.1422179186637,183.29331946615457,29826173,-3.5664638888865174,1
2023-09-13,174.44468688964844,175.70878711010414,172.72913903457652,174.44468688964844,10692151,0.9932088195240052,0
2023-09-14,176.2053680419922,176.65682941414948,174.89613281823756,175.34759419039486,10941807,1.009306264201415,0
2023-09-15,175.25732421875,177.15345386716623,173.54176260064907,177.10830497083302,20516593,-0.5380334514078267,0
2023-09-18,180.6748504638672,181.03601405821703,175.2573138835714,176.29566955045826,25627043,3.0911839315515444,0
2023-09-20,184.78314208984375,185.9569444636259,179.1850235889308,179.41075428475395,33369524,2.2738591538495223,0
2023-09-21,182.02923583984375,185.5957780238209,180.94571749445132,185.09916774510071,20332556,-1.4903449626703646,0
2023-09-22,179.81704711914062,183.20300718624097,177.33400973660034,181.08114714402882,21193988,-1.2152930876716428,0
2023-09-25,179.59133911132812,181.1714540087091,177.60491171012228,180.5845597006853,11951847,-0.12552091774866714,0
2023-09-26,179.09474182128906,180.62970781661915,178.41754972533386,179.77193391724427,7440011,-0.2765151663194798,0
2023-09-27,179.99766540527344,180.2233961049151,178.14667091271002,179.9525165098434,6736870,0.5041597395893271,0
2023-09-28,181.26174926757812,184.60256081987242,178.59812980470193,180.67485496775242,50185120,0.7022779209155505,0
2023-09-29,180.35882568359375,182.30010415366542,179.77193138636508,181.4423302663665,16293959,-0.4981324452802638,0
2023-10-03,180.17825317382812,180.58456569113136,177.78549941191525,179.4559121555618,10830728,-0.10011847719745282,0
2023-10-04,179.68162536621094,180.0427889514214,176.43109798928649,179.59132758115453,14120040,-0.2756313810735267,0
2023-10-05,177.51461791992188,180.13308838036264,176.3859644839547,180.13308838036264,14575590,-1.2060261820720175,0
2023-10-06,177.92092895507812,178.28209254064868,175.93450167942478,177.87578006250487,12857229,0.22888877542441843,0
2023-10-09,177.19857788085938,177.78547211825185,174.94127115626245,177.42430855331907,7853369,-0.40599556132102643,0
2023-10-10,178.73355102539062,179.2753101725064,176.7019748899675,177.19858514523906,7440527,0.8662446182628569,0
2023-10-11,179.2301788330078,179.81707315193606,178.19182310643976,178.19182310643976,10031916,0.27785930776176304,0
2023-10-12,181.26174926757812,182.39040274994161,178.19181730655274,178.19181730655274,21872719,1.133497967696151,0
2023-10-13,182.20980834960938,182.7515537171806,179.95250154096087,180.99085716193622,13105921,0.523033174876697,0
2023-10-16,183.3385009765625,184.06084206536596,180.67488112801567,180.85546295583896,18336656,0.6194466901515483,0
2023-10-17,187.04043579101562,188.71084833271482,182.9321484402279,183.78992226805698,19378328,2.0191802565934447,0
2023-10-18,186.45355224609375,188.21424889436878,184.19624531817493,188.21424889436878,14923328,-0.31377361929246783,0
2023-10-19,185.82147216796875,187.26614004850123,182.57094532613627,184.1962087470525,13192888,-0.33900136013002014,0
2023-10-20,183.1579132080078,185.27977372675187,181.3972025556861,185.27977372675187,22081120,-1.4333967592040642,0
2023-10-23,180.35882568359375,185.23460319482527,179.68163359717224,182.39040194285826,6988219,-1.528237287370271,0
2023-10-25,180.1331024169922,180.99087633966658,178.5981363799682,179.68164100742578,16817158,-0.1251523266166954,0
2023-10-26,179.63648986816406,180.58456157191836,177.2437499383396,179.45590806209387,11070090,-0.27569199784196474,0
2023-10-27,181.44232177734375,182.20981161705004,179.81705809047062,179.90735587543875,9995487,1.0052700932338343,0
2023-10-30,181.35202026367188,182.57095757802995,178.46265675369798,181.4423042624171,7679981,-0.049768715913312,0
2023-10-31,182.5258331298828,183.24817410409682,181.08116495896292,181.93893883818225,7474770,0.6472565701249433,0
2023-11-01,181.44232177734375,182.70642187935957,181.03600930000238,182.70642187935957,5598615,-0.5936208228497941,0
2023-11-02,183.3836212158203,183.88021772034085,181.39718008770546,182.16466995788693,12924797,1.0699264755103854,0
2023-11-03,184.5574188232422,186.45356225548798,183.38363017971835,183.65449600360301,8684015,0.6400776686814602,0
2023-11-06,187.988525390625,188.6657174948978,185.05402627210958,185.09917516789616,9804415,1.8590997800358888,0
2023-11-07,187.8079376220703,188.8011581878057,185.77636137375464,187.9885194219745,10730361,-0.09606318693092808,0
2023-11-08,186.90501403808594,189.2526187592294,186.58898555648688,188.71085958434762,7435543,-0.48076966043967273,0
2023-11-09,189.43321228027344,190.06525550507354,186.09240056846517,187.17590520776662,13777877,1.3526647507018374,0
2023-11-10,190.6521453857422,192.32255809143655,189.25262605544054,190.06525107158402,12066023,0.6434632506074456,0
2023-11-13,191.6905059814453,194.21869248180155,190.24582404481086,191.41962639613786,11352269,0.5446361978262759,0
2023-11-15,189.74920654296875,194.12838730242171,189.43319185339953,194.12838730242171,19182861,-1.0127259190731541,0
2023-11-16,190.71568298339844,192.23442153364775,189.33501923490158,190.2554617338995,27533260,0.5093441274605981,0
2023-11-17,192.8327178955078,193.9372461675644,190.43956160201938,191.17591846500343,16705395,1.11004762638931,0
2023-11-20,192.6486053466797,194.3974403633443,192.2344090579788,193.38496210705736,11156900,-0.09547785813395215,0
2023-11-21,192.3264617919922,193.43099000729424,191.40601927176746,193.29292924719584,9608081,-0.16721821271832304,0
2023-11-22,194.76564025878906,195.68608276654356,191.6361273055209,191.6361273055209,13079580,1.268249019958012,0
2023-11-23,194.12132263183594,196.1463074198616,192.602598085655,195.1798399610018,11382709,-0.3308168864369576,0
2023-11-24,193.70713806152344,195.2258767447173,192.83272041989983,194.48951987209352,7250200,-0.213363768954955,0
2023-11-28,193.47702026367188,197.38890108221955,192.83271329076118,197.38890108221955,15629209,-0.11879675687452851,0
2023-11-29,194.25938415527344,194.627555521648,192.46452416573203,193.5690523096931,10062023,0.4043704469581799,0
2023-11-30,192.3264617919922,195.87017111279275,191.68215483680254,193.66110063735042,60354322,-0.995021358523529,0
2023-12-01,193.47702026367188,195.5480159911383,192.7866883545164,194.67359838184242,20719909,0.5982320170398792,0
2023-12-04,195.96221923828125,197.06676156775268,194.85769095364898,194.85769095364898,27914088,1.284493099605588,0
2023-12-05,204.61436462402344,205.4887821646929,194.7196080360259,196.69855373569038,40709207,4.415210962283278,0
2023-12-06,206.54730224609375,208.25012657859452,204.79846702204324,208.0200159414911,29544730,0.9446734717877936,0
2023-12-07,211.7017822265625,213.91083868403476,206.40923767089845,207.0995695694633,24534268,2.4955445674750942,0
2023-12-08,210.41317749023438,214.83129059813842,208.43421753434825,213.3585909104501,22206320,-0.6086886575896067,0
2023-12-11,212.57620239257812,214.37106254157973,208.52626082330073,209.86089970102816,19106395,1.0279892771659416,0
2023-12-12,212.9443817138672,214.7392418112625,211.24155744117732,211.7017786992191,14355329,0.17319874809369473,0
2023-12-13,218.09884643554688,218.6050926168904,212.25404501774537,212.62221639790184,26878281,2.420568544797641,0
2023-12-14,213.63470458984375,218.69713821477052,212.71426211258435,218.37497772979467,29972018,-2.0468434008991343,1
2023-12-15,218.467041015625,219.1573729159758,209.07851593498305,216.30399544325704,41341690,2.261962275772955,0
2023-12-18,213.40460205078125,218.05282550106932,213.0364166190341,218.05282550106932,29051897,-2.317255244227745,1
2023-12-19,214.96932983398438,215.75169746347825,212.4841381108706,213.68070202007732,12612164,0.7332211996209814,0
2023-12-20,209.07850646972656,216.67215702981113,208.20408891116924,216.25796071731955,20400245,-2.740308754187004,1
2023-12-21,213.8648223876953,214.64719009272403,204.98254375709897,206.59331814636982,17755207,2.289243403726804,0
2023-12-22,213.3125457763672,215.56762705435582,212.16199267077727,214.46309888195708,9735375,-0.2582363032696211,0
2023-12-26,214.78526306152344,217.040344378276,212.66824250187983,213.54266006819145,6772092,0.6904035014894117,0
2023-12-27,215.42958068847656,217.08638008015362,214.00289193328692,216.30399829816096,10231881,0.2999822323790369,0
2023-12-28,220.07781982421875,220.86018756659757,215.47560706373605,216.39604961583257,39164340,2.157660577942555,0
2023-12-29,218.32894897460938,219.295416367779,216.07386775377176,218.88122006923126,12665999,-0.7946602029256011,0
2024-01-01,219.29541015625,220.44596320009182,217.5925860334293,218.9732496860395,5952776,0.442662865451271,0
2024-01-02,218.92724609375,220.9982416416608,217.36248266612523,220.906191777152,9128513,-0.1678849832003726,0
2024-01-03,218.19088745117188,219.7096118887511,215.93580623831522,217.22442006142265,8284439,-0.3363485613219641,0
2024-01-04,222.2408447265625,223.75958331885636,218.19090323678884,219.06532082607654,19663959,1.8561532622653365,0
2024-01-05,222.0567626953125,225.50842221907385,220.26190255192432,222.74709460006477,16345257,-0.08282997280562032,0
2024-01-08,223.06922912597656,225.73850656219207,221.27435514679908,223.1152400117303,13585746,0.4559493790573299,0
2024-01-09,223.02320861816406,225.1862399504512,222.28685184862147,223.29934416234718,8688409,-0.020630594364279276,0
2024-01-10,220.12380981445312,222.83912632118046,219.06530659798605,221.8266339920783,16872195,-1.3000435343368144,0
2024-01-11,222.70108032226562,223.759597720448,220.16986321703357,221.13633073890819,18812468,1.1708276855579403,0
2024-01-12,220.44598388671875,223.34537221134363,219.80167693067304,223.2073114510618,11296498,-1.0126113588149521,0
2024-01-15,221.96469116210938,222.2868516374899,218.14486061318883,221.27435932472585,12597366,0.6889249006101439,0
2024-01-16,220.03176879882812,223.1152425558457,218.78916588289573,222.42491072362483,7478450,-0.8708242527950327,0
2024-01-17,220.1698455810547,222.01073060103815,218.7891818160671,219.5255386330281,13620300,0.06275311196211053,0
2024-01-18,214.87730407714844,216.9482997528553,208.06603502831462,209.1705632463906,25522629,-2.403844854384396,1
2024-01-19,216.67214965820312,218.09883828143575,213.91082227575447,216.30397829181157,20931080,0.8352885795748222,0
2024-01-23,219.019287109375,227.16520874234408,217.45453768946598,221.82663950544466,27492163,1.0832667949593144,0
2024-01-24,226.61293029785156,227.34928707304752,216.30397757962012,217.36248078813864,28309825,3.467111636010589,0
2024-01-25,225.96864318847656,228.91405650253583,223.75958671414173,225.27831128464211,20651484,-0.2843117153677688,0
2024-01-29,233.74636840820312,234.71283583531613,225.64647165668347,225.9226072136926,26181011,3.4419488960861333,0
2024-01-30,233.8844451904297,236.507711936982,231.49128906919466,233.79239532236758,16031367,0.05907119890968815,0
2024-01-31,238.6707305908203,239.31505158094717,232.31968291679965,233.79239654446377,34369455,2.0464316883038514,0
2024-02-01,244.65357971191406,249.39388056356623,237.75026168291342,238.39458260148933,29929092,2.506737674235726,0
2024-02-02,255.05459594726562,259.0124870514041,242.950783944014,243.45701603070393,33900724,4.251323952667696,0
2024-02-05,260.3931579589844,266.37603375696943,253.02961851531043,255.42277445243923,27440927,2.0931055925071496,0
2024-02-06,252.43136596679688,260.3931883000476,250.63649178239277,260.3931883000476,29668277,-3.057604145436721,1
2024-02-07,246.63255310058594,252.5693897456716,245.57402186547972,250.45238345480502,27335466,-2.2971839668187943,1
2024-02-08,254.22622680664062,265.13344783422536,249.25581489216967,249.25581489216967,69776717,3.0789421796066474,0
2024-02-09,251.2808074951172,257.21767297400424,247.69108729169366,256.43529121551643,24496638,-1.1585820033287342,0
2024-02-12,248.79559326171875,254.04212667900316,245.067812421321,251.46489894856467,19140023,-0.9890187229865233,0
2024-02-13,248.74960327148438,249.3018744285981,243.22694787970306,248.79561416387807,22031847,-0.01848505016968094,0
2024-02-14,251.87908935546875,253.1216923723227,245.75815223058243,248.05925852487627,13546941,1.258086864391439,0
2024-02-15,263.5769958496094,265.1679211829919,253.93794064424642,254.54622554489833,25475670,4.644254719228291,0
2024-02-16,256.93255615234375,264.7467557788312,255.76276664416642,263.9045130448063,25129188,-2.5208723833610946,1
2024-02-19,258.6170654296875,260.44191989333854,255.76276194657132,257.4472759429957,11429901,0.6556231341679153,0
2024-02-20,269.4259338378906,270.22139647444055,259.88046787724045,260.48875275484346,43053543,4.179487687807604,0
2024-02-21,262.1264343261719,270.8764654130571,261.3309717620344,269.09836254287427,24651085,-2.7092787274556662,1
2024-02-22,264.4660339355469,265.3082767212113,255.71600216603525,262.12645477574785,26793590,0.8925462307489918,0
2024-02-23,263.8577575683594,266.89921057410527,261.09704264710945,264.4192337373513,14313526,-0.2300016974337571,0
2024-02-26,269.33233642578125,272.79492494138776,263.9513044586698,264.7935757879309,31012494,2.0748220207259083,0
2024-02-27,273.7308044433594,274.57304736055175,265.8698229506962,265.8698229506962,36510093,1.633100605723281,0
2024-02-28,261.6117248535156,274.8069567557171,260.5355241739681,272.7949244314648,18824161,-4.427371488016596,1
2024-02-29,264.6999816894531,266.7120139777734,256.7921930091932,261.6585288984785,35043015,1.18047340487768,0
2024-03-01,269.23876953125,270.8296661557682,266.33768578625074,266.7120127238247,15149735,1.7146914075429676,0
2024-03-04,275.7428283691406,277.942038764834,269.5195527416572,269.5195527416572,23131460,2.4157214985101483,0
2024-03-05,276.0703125,276.4914481292337,271.1571967690678,273.3095979512748,13220556,0.11876433298239064,0
2024-03-06,274.8537902832031,275.9767712226256,268.1157904093969,271.67193955654477,15969436,-0.44065665945043353,0
2024-03-07,273.8711242675781,279.7200720289706,272.32700777043357,275.134502695902,14908694,-0.35752318154771423,0
2024-03-11,267.2267150878906,273.21606046966036,266.1505144068685,269.89384099081695,19020659,-2.4261079723015166,1
2024-03-12,266.8523864746094,270.12779721510617,264.60639625013175,266.6184285645739,17906155,-0.1400790385639894,0
2024-03-13,247.34030151367188,265.68260814711294,245.00072231449104,265.12110342744626,39389523,-7.311939465377071,1
2024-03-14,249.25877380371094,251.17721732493757,243.97133052094708,247.10634380305163,26005940,0.7756407986480252,0
2024-03-15,248.88446044921875,254.54623100181877,241.117039941146,250.89649296034747,43817794,-0.15017058327781996,0
2024-03-18,247.9018096923828,249.53951515466076,242.84832426350278,248.88445010533965,12423655,-0.39482206123367947,0
2024-03-19,242.38040161132812,249.39913910972564,241.72530802108463,245.32826564879187,20031514,-2.2272560607387692,1
2024-03-20,247.66786193847656,248.13577780405438,242.3336382064802,243.26946993763585,11308487,2.1814718896403296,0
2024-03-21,256.1839294433594,256.88580322265625,249.96065431212384,250.61571937054396,23559105,3.4385032592554543,0
2024-03-22,258.0555419921875,260.39512079538054,253.93788901043015,256.18387894963314,22097588,0.7305737533555678,0
2024-03-26,252.72132873535156,256.5114640995812,249.0248108084402,252.76813745401068,28477120,-2.0670795192600178,1
2024-03-27,252.9085235595703,255.29488303344507,251.9259116725202,253.61039735298263,18094214,0.0740716365949412,0
2024-03-28,259.1317443847656,261.56491206936624,254.21862886289023,254.54617560954426,26646830,2.460660770782397,0
2024-04-01,262.1732177734375,263.53018502102066,259.8336387667866,262.7347224468965,8945400,1.1737170202334557,0
2024-04-02,261.6117248535156,263.6237857370833,260.62911305030167,261.3309867838303,13229425,-0.2141686800392839,0
2024-04-03,262.1264343261719,264.93392909890633,260.67587822467084,262.173214481992,14499308,0.19674556747961702,0
2024-04-04,259.8336181640625,268.30291063218016,257.4004504782135,264.6531448237507,23722104,-0.8746985659814688,0
2024-04-05,260.5355529785156,261.98610932376937,257.49409979696486,261.98610932376937,9308711,0.27014780435759,0
2024-04-08,263.6705627441406,265.9633616699896,261.1438059099118,262.54755336019116,14473340,1.203294417896017,0
2024-04-09,263.1558532714844,266.10371705400445,262.9686755306553,264.69996967572695,5780865,-0.19520930486112142,0
2024-04-10,264.419189453125,267.0395348932784,262.0328304566199,262.0328304566199,8809693,0.4800714732107192,0
2024-04-12,257.587646484375,266.19730858078447,257.02614181559807,263.4365939522309,17731780,-2.5836033242818246,1
2024-04-15,256.46466064453125,258.47672160527304,251.17721736100808,252.9085116819802,13378690,-0.43596261512171,0
2024-04-16,256.65185546875,257.8684253106904,253.844360240286,255.48206579022332,9662195,0.07299049457665241,0
2024-04-18,262.1264343261719,271.29757249337905,259.88044421984705,269.42590931155604,51039603,2.133075892797698,0
2024-04-19,263.5769958496094,264.1385005884101,257.07298258984304,260.25480469729075,18755469,0.5533823886043177,0
2024-04-22,265.4486083984375,266.4312486428412,263.6237540462225,265.7761551465721,14965203,0.7100819033145189,0
2024-04-23,267.0395812988281,268.72406693505064,262.68796960582245,265.4486559851492,11464036,0.5993525112034437,0
2024-04-24,271.7655029296875,273.1224702333387,266.15051308172156,266.7120177783812,19324163,1.769745746257323,0
2024-04-25,274.4794616699219,275.60247127882707,270.6893542186782,273.2628917263752,22022414,0.9986398976239874,0
2024-04-26,273.4967956542969,277.1465333232782,272.74814176913173,275.36845892652474,15581578,-0.35801076322669045,0
2024-04-29,274.8537902832031,275.69603312759943,271.01687448171117,273.5436030149001,9804396,0.4961647267785585,0
2024-04-30,282.48077392578125,284.82035292374314,274.24543871736705,274.8537521042883,33288857,2.7749239458256802,0
2024-05-02,293.4768371582031,296.89261727152814,282.4808142962947,282.57440318145115,44059506,3.892676687196772,0
2024-05-03,290.9032897949219,295.8164062222536,288.4701216619037,291.9794905385692,27074447,-0.8769166889630697,0
2024-05-06,287.1599426269531,290.8564604459498,283.6505739991819,290.2949843129584,16855909,-1.2868012495175662,0
2024-05-07,276.3042907714844,288.5168822082761,275.6024170438684,287.30031250413447,13857464,-3.780350335830518,1
2024-05-08,282.62115478515625,283.41661738962654,273.2628384015418,273.2628384015418,18754452,2.2861983055110002,0
2024-05-09,277.1465759277344,284.8204079472572,276.3043330376207,283.3230713874333,11196567,-1.9370732744983465,0
2024-05-10,284.2588806152344,284.91397423297167,277.2401428222656,277.2401428222656,11786977,2.566261070948439,0
2024-05-13,286.8791809082031,287.9086014351539,278.5035047755792,284.6799993779683,11710605,0.9218006794712963,0
2024-05-14,289.4059753417969,292.91534448498766,288.0022276845206,288.23618562739995,9957875,0.8807869659953838,0
2024-05-15,294.64666748046875,296.00360654485803,289.03167630812754,290.10787723762854,11397656,1.810844483249685,0
2024-05-16,292.4473876953125,295.34847149311304,285.7093884590864,294.3190509765625,19843532,-0.7464125774651831,0
2024-05-17,293.0556335449219,295.72275907757876,290.80964361822026,294.6933386980414,9069551,0.20798470945586622,0
2024-05-21,304.75360107421875,306.4381153454307,291.04367176561226,291.04367176561226,21976662,3.9917224548094987,0
2024-05-22,304.8471984863281,306.71886202269854,299.6533435966279,306.71886202269854,10287081,0.030712487655426557,0
2024-05-23,299.3725280761719,300.12121050413447,289.17196917943966,298.95142098480017,35705284,-1.7958736171235556,0
2024-05-24,298.3431091308594,302.2268332025944,297.0329505742894,297.5944552583378,15058182,-0.34385885436040153,0
2024-05-27,297.54766845703125,300.8698592112212,294.31903801533144,300.8698592112212,12857918,-0.266619422230141,0
2024-05-28,292.7281494140625,298.9982333365529,291.9794954648028,298.53031747843625,10935739,-1.6197468687827232,0
2024-05-29,297.313720703125,298.24955233447344,289.2655629616654,289.2655629616654,16812268,1.5664948172019688,0
2024-05-30,287.01959228515625,297.26693220999215,284.30565752215614,294.41265696391986,22768893,-3.462379197846599,1
2024-05-31,290.1078796386719,291.5116274433751,286.08381402225143,288.75091200372987,36929443,1.075984858360246,0
2024-06-03,315.9835510253906,326.3245078972354,304.7067910625215,313.50360286385313,55218939,8.919327327112514,0
2024-06-04,276.9593811035156,313.4568145129152,261.7988973405007,313.4568145129152,73262478,-12.350063728076544,1
2024-06-05,279.62646484375,281.732085899981,261.28418871247743,277.28688589238226,45312613,0.9629873267363864,0
2024-06-06,281.1706237792969,291.4647716771544,278.9714137438007,283.93130994358796,36508044,0.5522220282009771,0
2024-06-07,289.49951171875,290.7160813773226,277.754807980975,278.9245974831848,38016104,2.962218395187266,0
2024-06-10,295.5356140136719,302.60115987646884,291.60513834737,292.91529690280396,25478964,2.0850129449565324,0
2024-06-11,296.237548828125,299.1854418850059,294.92739000246706,295.91003054120085,12238518,0.23751276704697677,0
2024-06-12,303.8177490234375,306.11054806183057,296.56505350765565,299.3725485460228,20346144,2.558824911054902,0
2024-06-13,300.8231506347656,306.9060574783548,300.07446804150067,306.0170058236404,11756503,-0.985656169956306,0
2024-06-14,300.8699035644531,305.0811463826181,298.85787104097125,305.0811463826181,14159988,0.015541666121388076,0
2024-06-18,310.5089416503906,311.1640352535985,301.3378025613796,301.3378025613796,21653702,3.203722928661956,0
2024-06-19,306.29766845703125,313.3632141080479,304.5195941451438,312.5677515434548,14235150,-1.3562486062320689,0
2024-06-20,303.7241516113281,307.23352031070095,301.61853039170444,306.4848664118943,11749507,-0.8402012521568247,0
2024-06-21,305.0343322753906,308.450112024821,302.273617533633,305.7362060003139,17209541,0.4313719067488231,0
2024-06-24,311.585205078125,312.5678170312919,301.85253164047333,302.3672562592005,18044357,2.1475854058355948,0
2024-06-25,306.3913269042969,313.5036543262489,304.8939903060985,313.5036543262489,13979671,-1.666920665416649,0
2024-06-26,305.7362060546875,309.0116167715787,304.0985006962419,304.80037442129,12946277,-0.21381834016926948,0
2024-06-27,310.27496337890625,311.16401484504655,303.53699282461736,307.4674685081239,27061015,1.484533802125787,0
2024-06-28,309.7134704589844,315.7027868133724,308.450092123772,311.631913759605,21676594,-0.1809662351764385,0
2024-07-01,308.4501037597656,310.46213600543615,304.37923055242834,309.76026229931983,11959181,-0.4079146758926844,0
2024-07-02,309.5730895996094,312.94208915574075,306.99955263523765,308.87121588205343,12684459,0.36407374358298217,0
2024-07-03,313.6440124511719,315.2817180510087,307.9822416583208,309.85390520099145,9369793,1.315011862571036,0
2024-07-04,313.5035705566406,316.9661587297972,312.4741501354876,315.37523366444145,12878827,-0.04477748305592444,0
2024-07-05,317.62127685546875,318.0891927107536,311.4915905749646,313.50362304082586,10894118,1.313447974935955,0
2024-07-08,317.62127685546875,319.11861330424364,315.23491741724314,319.11861330424364,7828162,0.0,0
2024-07-09,319.25897216796875,320.38198160856706,316.4046969654796,318.1827714469966,9214579,0.515612596458781,0
2024-07-10,323.8445739746094,325.48227957913787,313.9715601824652,320.9902984875874,10662609,1.4363266834762634,0
2024-07-11,320.8030700683594,326.3712796685086,320.0544161910536,326.13732176193616,12642065,-0.9391863105566389,0
2024-07-12,321.0838317871094,323.7041488769677,318.27633695112644,320.80306516792245,11380570,0.087518401457376,0
2024-07-15,321.7857666015625,323.2362944518757,318.3699862810071,323.2362944518757,5277531,0.21861418886970352,0
2024-07-16,320.4755554199219,324.73357794329087,319.58650394130785,320.7562934872131,11363095,-0.407168780483369,0
2024-07-18,319.3525390625,322.58116956246204,315.3284745361342,320.0544127747253,13908161,-0.35042184604388016,0
2024-07-19,310.88330078125,319.91407093422737,309.76029132251716,317.7616408982089,12937990,-2.652002801077624,1
2024-07-22,316.87261962890625,317.62127356588127,308.35654543905974,308.82446128949834,10678640,1.9265489116350398,0
2024-07-23,312.8017272949219,318.6506750753056,300.4955468768576,317.34051648436275,15954324,-1.2847094011315452,0
2024-07-24,315.515625,317.05974146127835,309.10517269055066,309.66667737446494,12573882,0.8676095648664228,0
2024-07-25,317.6680603027344,320.6159242446315,309.24557557770544,309.24557557770544,16271884,0.6821961044668923,0
2024-07-26,322.1132507324219,323.37660055512373,316.778999145827,318.5102933316035,11468068,1.399319284869649,0
2024-07-29,320.3819580078125,323.70414880593756,316.0771268817204,317.99557026216206,31849674,-0.5374795109089003,0
2024-07-30,327.3539123535156,334.0451317561641,321.27100639424725,322.8619316842441,25813219,2.1761382535570695,0
2024-07-31,325.85662841796875,328.14939908144675,320.6159648796612,325.9034085819774,17976593,-0.4573899620695321,0
2024-08-01,337.9288330078125,339.2389916776005,327.6814644561692,328.6172961573488,26792459,3.704759558967452,0
2024-08-02,335.2616882324219,337.8820054257251,331.28440372443083,335.0277303201871,13771470,-0.7892622691147988,0
2024-08-05,320.8030700683594,332.03304958383495,319.58650037790875,330.1146061736671,13566586,-4.312636567659045,1
2024-08-06,318.8846740722656,328.2897718911683,317.48092642411183,320.8031177676815,12273667,-0.5979980165666587,0
2024-08-07,329.45953369140625,329.92744953448977,321.364595317924,323.65739437276005,12441847,3.316201899607174,0
2024-08-08,320.6627502441406,332.2202783142611,319.35259147814537,332.2202783142611,15489731,-2.670064923817106,1
2024-08-09,323.7977600097656,326.5584748786621,322.20683473628014,325.57583448292706,8720610,0.9776657136627565,0
2024-08-12,319.25897216796875,321.7389204100306,317.71485560663336,320.990266489176,12521136,-1.4017354047353492,0
2024-08-13,315.3285217285156,320.475596388484,313.6440074314802,315.37530189260605,10435954,-1.2311166739537138,0
2024-08-14,312.0998840332031,316.6386736657895,311.16405229697165,315.3752951100133,12385993,-1.0238964993126154,0
2024-08-16,319.50726318359375,320.4036779626853,311.95836164964834,314.22302635047714,13013828,2.3734001610851596,0
2024-08-19,321.1113586425781,323.94219646357095,320.16774603558054,323.3288540283768,5891370,0.5020528932585311,0
2024-08-20,321.3000793457031,323.32884060718095,319.69592646168604,321.2529102360198,6393840,0.05877110791807638,0
2024-08-21,317.66717529296875,321.7247267416092,317.1953689940644,320.8282832549824,10118601,-1.1306888128171155,0
2024-08-22,315.16656494140625,318.6579425986856,311.86392129681064,317.05378988117513,18370039,-0.7871793329783938,0
2024-08-23,317.28973388671875,317.95027421946645,314.55326313076745,315.7799479809891,7494822,0.6736656680911723,0
2024-08-26,319.17694091796875,322.24368166588715,316.9122765865521,317.4784498685986,7993675,0.594789818167829,0
2024-08-27,316.44049072265625,322.1965333338851,316.1102205537682,319.8846709484401,9589690,-0.8573458306362358,0
2024-08-28,315.5912170410156,319.7902754531152,314.93067676205817,316.4404625448405,8790600,-0.2683833790363299,0
2024-08-29,314.50604248046875,316.95944080027215,310.2597861258444,313.7511639805764,17653536,-0.3438544870549509,0
2024-08-30,318.3749084472656,321.6303836708144,315.21380024987843,316.1102438032537,22713812,1.2301404247383019,0
2024-09-02,316.6291809082031,320.73390127657825,315.3553269979917,319.31848244588133,9789776,-0.5483244730486225,0
2024-09-03,315.77996826171875,318.89390729167116,315.16662579721645,317.05385110139144,8434423,-0.2682041636366317,0
2024-09-04,314.12860107421875,315.8271208824705,312.3357430517047,312.5244770737667,9025610,-0.5229486837275754,0
2024-09-05,312.5716552734375,315.4496620146059,311.01470033482565,313.6096348314353,13912371,-0.4956396187602796,0
2024-09-06,311.20343017578125,314.31736909602694,306.6741011240426,314.2701711870217,23755639,-0.43773166074809744,0
2024-09-09,310.0238952636719,310.63726646547246,305.30583246071376,309.22184762458505,18597200,-0.37902375029835733,0
2024-09-10,315.3081359863281,316.3932846875682,308.56131183850994,308.56131183850994,15472387,1.7044623989909136,0
2024-09-11,314.4117126464844,318.2333319488074,313.27936606969325,317.9030617975125,10134008,-0.28430073237394327,0
2024-09-12,319.12982177734375,319.8847004070875,314.4589274650794,315.96871352134076,18410837,1.500614939292766,0
2024-09-13,318.23333740234375,322.00778766063695,317.14818871243847,320.63953792329755,10417461,-0.2809152620106725,0
2024-09-16,319.17694091796875,322.24368166588715,318.04459435387577,318.2333283801477,7748570,0.2965130942368832,0
2024-09-17,317.903076171875,320.8282809635439,315.638411712663,317.71437093172375,11451846,-0.39910926598583085,0
2024-09-18,315.44964599609375,319.7902692384509,314.31732827858843,319.4128299992825,6583254,-0.7717541476241596,0
2024-09-19,316.015869140625,319.27134428550585,314.31737789785313,317.2425828575359,10589610,0.1794971564299308,0
2024-09-20,321.63037109375,323.61196337856205,315.87432828425676,319.08260547088133,31236123,1.776651903081028,0
2024-09-23,321.9134216308594,323.1873043562893,321.0641760794962,322.7154980725575,6542941,0.08800491575058356,0
2024-09-24,330.31158447265625,331.2080279759151,323.04578461278606,325.1217150884182,26145769,2.6088265594055082,0
2024-09-25,343.2391052246094,345.5981368756376,332.4819266552752,333.89734564589213,40770462,3.913735200232815,0
2024-09-26,344.84326171875,345.4566041948038,337.0584571924117,343.52218094352844,18733959,0.46735831370114944,0
2024-09-27,334.2747802734375,342.8144632119609,333.4255346503048,341.77651233745024,33148043,-3.064720300068391,1
2024-09-30,332.95367431640625,337.2942975488006,329.98130071922105,334.2747260488477,16356171,-0.3952155636601118,0
2024-10-01,331.019287109375,335.9260841265613,330.2172394403099,331.302388166196,9856291,-0.5809778825846545,0
2024-10-03,324.7442626953125,330.17003501440104,323.2816747193099,323.6591139908489,19350466,-1.8956673095574361,0
2024-10-04,319.7431335449219,327.85820762051003,318.7051539311656,323.659120054448,20121706,-1.5400207870902016,0
2024-10-07,310.4013366699219,320.82824305035126,306.6740558569534,320.82824305035126,13851446,-2.921656759733837,1
2024-10-08,308.70281982421875,312.33573366395365,304.17349139855435,308.8443559381268,21148292,-0.547200235645029,0
2024-10-09,311.15625,313.09064428114004,307.14589651250947,308.5613153904473,9228363,0.7947547020070278,0
2024-10-10,315.49688720703125,319.0354345539096,311.48653354723575,311.5809005691736,20773976,1.3950024166415664,0
2024-10-11,311.4393310546875,316.4404951760742,310.9203556368248,315.59124958467544,6098468,-1.2860843694096902,0
2024-10-14,312.0527038574219,312.80758243206355,309.31620423160933,311.43933261915726,5944216,0.19694776528615954,0
2024-10-15,311.2506103515625,314.6476213452107,309.0331150642664,314.6476213452107,12415489,-0.25703783237394084,0
2024-10-16,308.75006103515625,313.892732540298,306.62693263842027,312.9963178286282,22085298,-0.8033877631860142,0
2024-10-17,312.4773254394531,313.1850349318255,306.2966740581104,309.9767576590921,17039729,1.2072109044449553,0
2024-10-18,313.3265380859375,315.0250579668857,309.7408218874413,312.807562698208,10569021,0.27176776596191665,0
2024-10-21,312.4773254394531,314.9307241056986,310.8732012014729,314.2230146133262,8745904,-0.2710311905503082,0
2024-10-22,304.5509948730469,316.7235927817395,302.9468417856799,314.1286578912643,11219831,-2.5366098340924514,1
2024-10-23,299.03082275390625,303.7488856840618,296.1528158852197,301.2011489798403,12541589,-1.8125608558401618,0
2024-10-24,301.1539611816406,302.7109162415018,297.47387773194004,297.47387773194004,8327779,0.710006549887221,0
2024-10-25,297.9928283691406,303.3714313614416,295.58662791281984,303.3714313614416,12979410,-1.0496733299129257,0
2024-10-28,300.3518371582031,302.38062700257683,293.2275745408413,296.7661212971668,9610615,0.791632738939696,0
2024-10-29,302.4750061035156,303.08837732828067,296.4358912489805,298.27594732973336,15856332,0.7068939432503418,0
2024-10-30,300.4934387207031,307.0515288976693,298.8892858101173,300.5877769416323,14498110,-0.655117726366572,0
2024-10-31,302.7109069824219,304.50379393864205,299.92726712339487,302.3334677062385,9900390,0.7379423228537796,0
2024-11-01,303.89044189453125,304.5038131534014,301.95604748404565,304.26790999130446,847672,0.3896572224197703,0
2024-11-04,297.6625671386719,306.39098254360033,294.02965334591573,306.2494176347551,9249409,-2.0493815853612207,1
2024-11-05,298.7477111816406,299.78569064903104,294.40708809776885,294.7373582187704,7518195,0.36455509115569384,0
2024-11-06,300.5406188964844,302.28630799950747,296.1999950934131,299.50263925711073,11019250,0.6001410714586708,0
2024-11-07,295.3035583496094,301.01240274503147,294.1240426648718,301.01240274503147,14504208,-1.742546670098799,0
2024-11-08,298.4175109863281,299.6441959554675,291.29324674868417,294.2656209406557,15740539,1.0544920806650593,0
2024-11-11,311.20343017578125,313.65682874412795,295.1620156554467,295.86972511957913,22838987,4.284574034276067,0
2024-11-12,304.5038146972656,313.75120717964063,303.6545402719927,312.8075945264688,12069181,-2.152809008156298,1
2024-11-13,300.06878662109375,306.2966351216401,299.2667102056772,304.45657915667095,12918639,-1.4564770167431629,0
2024-11-14,298.7287902832031,305.14172647630943,297.29305437592416,301.60026209776106,12500377,-0.44656305408489194,0
2024-11-18,298.680908203125,302.03095857840174,296.8144690915435,300.54737652482765,9408101,-0.016028612452367863,0
2024-11-19,301.5523986816406,304.6153137561682,298.87236989902124,299.63808406259164,13157158,0.9613907014648593,0
2024-11-21,311.9375305175781,312.75111999232894,299.59020828645436,302.46167993137243,25406386,3.443889646157805,0
2024-11-22,322.51416015625,323.1363065519668,310.11896158181673,311.8418330176668,31523269,3.3906242769578654,0
2024-11-25,328.0656433105469,330.60210414911484,321.7483996979914,327.20420763840764,29419152,1.7213145468116364,0
2024-11-26,324.28485107421875,329.8363804184665,323.42341542721545,327.3477658303637,13997179,-1.1524499176980951,0
2024-11-27,324.715576171875,326.67773672409066,322.08339390371685,322.8012617950327,12177260,0.13282307089876877,0
2024-11-28,319.3554992675781,327.10847855898857,317.9676388304884,324.71558551905446,16920231,-1.6506990417545442,0
2024-11-29,315.2876281738281,318.2548218283884,312.5118776750942,317.15409670769856,13890537,-1.2737751825409038,0
2024-12-02,313.8040466308594,317.7283976527965,312.22474282730985,314.09118215509585,16003524,-0.47054860717554714,0
2024-12-03,315.5268859863281,317.15406501789136,310.35824260683535,310.35824260683535,23174488,0.549017571304744,0
2024-12-04,311.12396240234375,317.0583492266345,307.3432086697145,314.95259152508044,17880011,-1.395419464880454,0
2024-12-05,314.2825927734375,316.29262886536577,305.8595913430051,311.07611010418543,19785053,1.0152321109259344,0
2024-12-06,314.80902099609375,318.4940823362232,312.7032925232497,313.08614959011936,8802058,0.1675015526665602,0
2024-12-09,315.0004577636719,316.4840398215819,312.70328619879257,313.7082896302644,9376929,0.06081044532091351,0
2024-12-10,313.85186767578125,317.632650632765,311.41112828489753,317.632650632765,14994365,-0.36463124404484404,0
2024-12-11,313.516845703125,314.90473540033605,312.8468531538778,313.22971021203637,5013051,-0.1067452537839686,0
2024-12-12,315.09613037109375,315.7661228179306,311.8896482301591,313.9475301620639,10414162,0.5037319970564447,0
2024-12-13,319.54693603515625,319.9776392477004,311.12393517615186,316.4840213209511,14973536,1.4125231112234626,0
2024-12-16,320.6476745605469,321.8441211074146,317.39334579509085,319.54694957945276,12695136,0.3444684962554456,0
2024-12-17,315.6704406738281,321.1740947097826,313.9475693553166,318.25477686171575,17360248,-1.5522438743833522,0
2024-12-18,307.7738952636719,315.00044986782,306.9124595997002,313.94757107402324,15037099,-2.501515629179707,1
2024-12-19,307.86962890625,309.97538657645197,303.2752857114188,304.37601072579275,10234715,0.031105185999003027,0
2024-12-20,302.270263671875,311.6504227384428,300.1645351378377,307.53462882215234,13973399,-1.8187455691123344,0
2024-12-23,301.79168701171875,304.6631589308031,298.20234711286327,304.37602342294383,5984169,-0.1583274035436566,0
2024-12-24,296.814453125,303.08382109172123,295.52228506487864,300.64308191936277,4833589,-1.6492282925359314,0
2024-12-26,297.005859375,299.6859169879721,295.5222774395131,296.8144454662927,3775101,0.06448683613105022,0
2024-12-27,296.1444396972656,298.9201898089065,295.5701395200005,297.436607793582,3981693,-0.2900345735761256,0
2024-12-30,294.3736877441406,298.6330490053482,293.17724123370255,295.7615773802968,12489142,-0.5979352355678702,0
2024-12-31,295.47442626953125,296.4794296010808,292.07650083358504,294.1822582645973,8402716,0.373925582081025,0
2025-01-01,297.1015930175781,298.010904053806,292.7943855598842,295.47444328185463,4239498,0.5506963051220559,0
2025-01-02,301.6481018066406,303.6102916972374,295.5223012423458,296.57518006045615,10766571,1.530287583746981,0
2025-01-03,302.509521484375,304.3759897090918,300.2123500455756,302.7966861705497,7636948,0.28557105865250065,0
2025-01-06,292.8901062011719,302.9402569041533,291.7415058653546,302.2702351732399,6722495,-3.179871904858367,1
2025-01-07,291.9808349609375,297.3887973014811,290.01867409746296,292.89014611822995,10137739,-0.3104479191966436,0
2025-01-08,293.51226806640625,294.66086846296133,290.01864990788994,293.03368943619523,6907996,0.5244978170137804,0
2025-01-09,292.1722412109375,293.75154478086444,290.64078381793064,293.51225547602337,8244909,-0.45654884012056307,0
2025-01-10,286.8600158691406,292.1722264848171,285.7114155797474,291.02362619542384,6540783,-1.818182767733112,0
2025-01-13,275.2784423828125,285.7592971798324,274.4648528444749,282.3614004851616,19474228,-4.037360679646406,1
2025-01-14,277.8149108886719,280.4949396886477,274.5127064653774,275.42201759936376,15954608,0.9214192306174374,0
2025-01-15,285.85498046875,289.54004138292,278.6284555827443,282.36136267094673,12198882,2.894038176122238,0
2025-01-16,284.8978576660156,288.67864059433373,283.8928542091827,286.1900258320308,11694289,-0.334828101005924,0
2025-01-17,289.63580322265625,291.9329748879467,283.03142373115014,284.89786292977004,7593230,1.6630330587444675,0
2025-01-20,293.12939453125,295.5701337241153,289.01363022677754,289.6357765690648,9435937,1.2062014674021793,0
2025-01-21,289.396484375,296.6708849147273,288.5828949154698,293.8472594993341,13911546,-1.2734683815041392,0
2025-01-22,284.8021240234375,289.34862089660356,283.1270988596395,289.06148540971503,9723333,-1.5875660554359516,0
2025-01-23,281.7392272949219,286.7643025883743,281.02135939585725,284.7542666289694,12228286,-1.0754472913494073,0
2025-01-24,283.17498779296875,289.5400778778457,281.73925186960753,282.64853376166303,11142914,0.5096061744159996,0
2025-01-27,274.7041320800781,282.36139011715346,271.5933710025163,282.36139011715346,13477947,-2.991385566540128,1
2025-01-28,271.7847900390625,276.42697894433195,267.3818612161158,274.84767545624203,11298068,-1.0627222892171884,0
2025-01-29,275.5177001953125,276.76199284567264,271.1626174988139,273.12480724452837,4800024,1.3734801552778064,0
2025-01-30,282.6964111328125,284.37143638847147,275.5177314657026,275.5177314657026,10969499,2.6055353004220905,0
2025-01-31,288.72650146484375,290.4494021772343,283.2228468418883,284.27572574221756,14141459,2.1330622160598445,0
2025-02-01,277.4320373535156,292.2679748674991,276.28343695870706,288.7264813252738,6945157,-3.9118210673513065,1
2025-02-03,271.6412048339844,279.48990564927925,266.08970469349185,277.5755912270239,14978897,-2.087297694516921,1
2025-02-04,273.41192626953125,274.1297941115885,260.4424589404097,268.96115149079947,19836427,0.6518603967424763,0
2025-02-05,272.98126220703125,278.293473315418,272.3590866200002,273.36411926896625,15337191,-0.15751473184657527,0
2025-02-06,269.1047668457031,278.48492583483807,267.76475247871883,275.1827214928746,21418561,-1.4200591388533357,0
2025-02-07,269.3468322753906,272.9781486269869,261.4547773149336,264.45667140926554,17193482,0.08995211512781154,0
2025-02-10,260.1959228515625,267.2648732583572,259.61490634717717,266.29652226829074,16709670,-3.397444605723776,1
2025-02-11,253.17539978027344,260.29275652329574,251.77127890415463,260.19594505740855,22083955,-2.698167978325372,1
2025-02-12,248.9146270751953,253.80481763807177,245.96116817566727,251.2870989826207,17861265,-1.6829331399401237,0
2025-02-13,250.94818115234375,253.0785653887716,247.99472212394767,249.10831997637257,12257226,0.8169684927893384,0
2025-02-14,249.20516967773438,253.22382096433645,246.68745082472165,252.15862880901594,11339563,-0.6945702760647765,0
2025-02-17,254.8699951171875,255.64466409678988,244.21811933729094,248.76936608384136,8332653,2.273157273092985,0
2025-02-18,258.5013122558594,259.4212279783289,251.96494298094876,255.49941823407346,10483635,1.4247723185313532,0
2025-02-19,254.72471618652344,260.00224090453156,253.99845294377334,254.19213496253084,14602009,-1.460958180977412,0
2025-02-20,257.3393249511719,258.01718259487836,253.03015039846485,254.43427142397144,15312926,1.0264448632200551,0
2025-02-21,253.6111602783203,257.33931811622057,251.1902824032853,256.9035482780215,10757038,-1.4487349236495195,0
2025-02-24,250.94818115234375,253.51430565186118,249.10831997637257,249.83458329991885,14599185,-1.0500244244197043,0
2025-02-25,247.65579223632812,251.72287865093057,246.83268789626214,250.60925125169004,21287363,-1.311979589131551,0
2025-02-27,248.13995361328125,249.30198668016166,245.42856775033403,245.96116377667684,13614799,0.1954976996827451,0
2025-02-28,242.91087341308594,248.8662266223009,239.47322413686564,247.80103452796848,38512868,-2.107310863910561,1
2025-03-03,244.50863647460938,245.76749577598812,240.63523233243734,244.99281199238087,9873539,0.6577569126789751,0
2025-03-04,245.96116638183594,249.01146627504443,241.55516615486243,242.0877621868464,11947033,0.594060777635308,0
2025-03-05,256.0320129394531,258.7434136235141,247.65578222706532,248.81781531333843,14536637,4.094486420666499,0
2025-03-06,258.2108154296875,258.84023773562126,252.4491441040102,256.758288776734,11926868,0.8509883061965429,0
2025-03-07,254.96681213378906,260.1474960090282,253.3206331283176,257.5813717124639,10043068,-1.2563390462557167,0
2025-03-10,262.7136535644531,265.5703012601409,252.7880543377751,252.7880543377751,30233763,3.038372471237172,0
2025-03-11,258.8402404785156,263.24625577020277,257.43614909681986,261.45480030223024,9255499,-1.4743859077682941,0
2025-03-12,258.6465759277344,263.77882476257304,255.2573471929502,262.1326456795726,11875548,-0.07482010927791771,0
2025-03-13,259.1791687011719,262.0842220313962,257.0972197248572,261.26111767748654,9270442,0.2059152615986326,0
2025-03-17,258.888671875,262.0842186766507,256.5646351509149,261.454796373505,11987667,-0.11208340069445155,0
2025-03-18,258.888671875,258.888671875,258.888671875,258.888671875,0,0.0,0
2025-03-19,268.4269104003906,269.49207286448365,261.2610893221769,263.39147335381784,13089950,3.6843012312242074,0
2025-03-20,271.47723388671875,274.57593964248076,268.2816575599182,274.52753390869157,13710249,1.1363702252424002,0
2025-03-21,274.1401672363281,276.1252749165851,271.1866790282726,272.1066242762316,26003527,0.9809048484413774,0
2025-03-24,282.61328125,284.64682451930895,275.44748884781086,275.98007014494203,19966817,3.0907962518194054,0
2025-03-25,281.7901611328125,285.90565317684843,278.5461791406971,281.7901611328125,16983852,-0.29125316175758753,0
2025-03-26,281.6449279785156,287.358193652155,280.38605379676846,282.46803233740206,20367015,-0.05153946955175348,0
2025-03-27,286.1477355957031,287.8423499351024,279.85345376364876,279.85345376364876,37203166,1.5987533130832565,0
2025-03-28,281.1607360839844,284.9372993063308,279.1755986806343,284.5983705251023,10834900,-1.7428058626208554,0
2025-04-01,280.1439514160156,287.55186070814506,277.9167557861563,280.4344744666903,11603556,-0.36163821525386775,0
2025-04-02,277.6746520996094,280.5797051294222,275.49586232724977,277.77149311094865,11679536,-0.881439454225208,0
2025-04-03,289.6338195800781,290.45692392445716,276.07690419600505,280.1923963661701,23478876,4.306899239826434,0
2025-04-04,284.5983581542969,291.3768152773064,282.855338143357,290.50530527183645,21020875,-1.7385612747440327,0
2025-04-07,280.24078369140625,284.59836335003746,273.3654854307757,274.62435950763955,22847548,-1.5311312725592496,0
2025-04-08,279.8050842285156,284.6952458484161,275.64115643914886,282.7101377575811,20831596,-0.15547325309024362,0
2025-04-09,284.11419677734375,290.02114418869473,280.14395149746986,280.7734033315833,21342531,1.5400408326064818,0
2025-04-11,294.4755859375,295.3470960482798,283.96897021691166,283.96897021691166,19831004,3.6469100374721286,0
2025-04-15,294.91131591796875,300.62461105387973,294.0882411237009,297.4774699763862,16563441,0.1479681173166103,0
2025-04-16,296.0733337402344,297.2837725535632,293.21668632008675,294.8144891950639,7032401,0.394022799243432,0
2025-04-17,299.220458984375,299.9951279636436,292.44200198472896,295.78282475524543,8528993,1.0629546418056801,0
2025-04-21,309.8723449707031,311.80904712677,298.6879018401087,300.18883419036865,13369014,3.559878900822211,0
2025-04-22,302.6581115722656,309.63025101551136,302.22237132689344,309.63025101551136,10027268,-2.328130765951242,1
2025-04-23,304.982177734375,306.095775541447,299.65624691194205,304.20747915643824,8225575,0.7678849742490668,0
2025-04-24,304.4495544433594,305.85367524150877,302.9486221846986,304.9337299528277,8021180,-0.1746407921185189,0
2025-04-25,296.7995910644531,305.41790933183546,293.79769695737076,303.0938727672882,11475773,-2.5127195186385065,1
2025-04-28,298.78472900390625,301.10879535467075,293.9429733593657,294.57242523454096,7314824,0.6688479361893762,0
2025-04-29,293.36199951171875,300.9635325739952,291.66738495994684,298.7847424360028,14678005,-1.8149285976783003,0
2025-04-30,297.7195739746094,300.18885759542735,292.3452073414585,294.81452051400845,17619987,1.4853915879164736,0
2025-05-02,293.45880126953125,299.22050237544687,292.732537914251,295.8312733841392,5688285,-1.4311362360882263,0
2025-05-05,298.44580078125,300.86667836853553,295.00813687626754,295.153383621159,4342960,1.699386588558438,0
2025-05-06,297.86480712890625,300.6246137007377,295.879669623817,297.86480712890625,9124804,-0.19467308664516958,0
2025-05-07,301.2539978027344,303.2391055043175,297.2837528478413,298.25210383431636,14679327,1.137828502298155,0
2025-05-08,298.4942321777344,307.3546389986981,294.3787399254866,303.4812345259943,19253478,-0.9160926145807102,0
2025-05-09,289.8274841308594,293.45880090272146,287.0192717376323,290.50534174896626,11981497,-2.9034892847492277,1
2025-05-12,299.2688903808594,301.2540278320499,294.4271349658529,294.4271349658529,7145884,3.257595213343234,0
2025-05-13,289.00439453125,298.97839893410884,288.5686247202087,295.3470823478646,17988336,-3.429857288723337,1
2025-05-14,286.58349609375,291.03788714287646,284.74360551498364,289.7306369076964,10359258,-0.837668382664758,0
2025-05-15,290.1663818359375,290.89264511245915,281.8385570214769,286.53506545332925,22640626,1.2502065858724265,0
2025-05-16,290.6990051269531,292.63570728089223,286.14774324450434,290.50532309086736,16763668,0.18355789104362863,0
2025-05-19,294.4271545410156,294.8629243780306,289.5369930674257,292.4420465095738,12575289,1.2824775277212819,0
2025-05-20,288.4717712402344,295.6375630838809,287.69710222265644,294.7660530511735,21339095,-2.02270178172429,1
2025-05-21,286.77716064453125,292.68410802367583,286.29298511430187,288.3265282516112,11997632,-0.5874441677317099,0
2025-05-22,281.6933288574219,286.9708541689505,277.480995665399,286.53508435360214,26158839,-1.7727463985219294,0
2025-05-23,288.66546630859375,289.29488860777093,282.516430966752,282.7585187396455,9872024,2.475080783578232,0
2025-05-26,287.30975341796875,294.1850218741288,286.38980814760674,290.55370562542714,16469130,-0.4696484508388332,0
2025-05-27,285.2278137207031,288.1813024003118,282.9522122049933,287.6002858115583,17074710,-0.7246324472099941,0
2025-05-28,281.9353942871094,286.2929738883065,281.3059720328376,285.2277818532238,10099453,-1.1543121936971046,0
2025-05-29,283.8236999511719,284.59836897398986,282.12908560599465,282.12908560599465,9773818,0.6697653797024028,0
2025-05-30,280.5797424316406,285.3246571008113,279.1272157236252,282.7585324936637,21788566,-1.1429480766015465,0
2025-06-02,283.7752685546875,284.3562851056245,279.2724420004522,281.1123031186449,7255782,1.1389012247829733,0
2025-06-03,279.1271667480469,286.05087026440947,278.6429912636617,283.2426583653208,10989055,-1.6379516898404,0
2025-06-04,279.4176940917969,280.62813294950126,277.96516746255156,279.1272005866398,8580196,0.104084223379175,0
2025-06-05,284.93731689453125,285.9056680139689,280.9186656592112,281.79017575635885,13110486,1.9754020305245978,0
2025-06-06,286.4382019042969,287.6002348760014,283.6784253120191,284.25941224614536,7935393,0.5267421712689124,0
2025-06-09,290.9894714355469,291.61889366640986,286.77713873403803,288.56859396936096,8666186,1.5889184825879532,0
2025-06-10,291.5220642089844,292.2483274776183,288.81069316010877,291.0378886965617,7273892,0.1830281937040601,0
2025-06-11,286.0993347167969,291.8610058374493,284.6952138482143,291.57051233788775,10941604,-1.860143761983002,0
2025-06-12,279.8534851074219,286.43826117160955,279.36930952765124,285.8088388282541,14071159,-2.1831052545290386,1
2025-06-13,276.4642333984375,277.3841787453238,272.88132258098824,273.60758589114175,16028417,-1.2110807580914762,0
2025-06-16,279.5145263671875,281.30598173089703,277.2388954755418,278.8366983591143,11067299,1.1033228172969256,0
2025-06-17,279.4176940917969,281.25758479689154,278.11044376686004,279.5145351107592,7286868,-0.03464302075786296,0
2025-06-18,278.2072448730469,279.1755959231469,276.46422480355835,278.4009269037584,11904855,-0.4332042115959722,0
2025-06-19,277.3841552734375,278.54615874031805,276.270527984052,277.7230544814481,13573824,-0.29585484015162145,0
2025-06-20,283.8236999511719,285.17938551696784,276.02845623231923,276.5126317595127,33014151,2.321525781235212,0
2025-06-23,281.06390380859375,284.1626391165812,278.9819548759131,282.17750165149454,6833477,-0.9723628234896919,0
2025-06-24,276.8999938964844,285.3730655634303,276.318977357548,284.1626267538666,15007849,-1.481481561910214,0
2025-06-25,281.257568359375,281.88699061825,277.43256997188115,277.43256997188115,10838516,1.5736997323732904,0
2025-06-26,284.2110595703125,284.9373229252622,280.5797427955641,281.596499671801,10232220,1.0501019503815545,0
2025-06-27,289.7790832519531,291.1832042479687,284.8404864490922,285.6635908415244,15523628,1.9591157677180782,0
2025-06-30,290.4084777832031,291.4736698624816,286.87400231481786,290.8926533145361,8415241,0.2171980545272012,0
2025-07-01,288.1328430175781,291.9578414845851,287.6002617609346,291.47366595973506,12349270,-0.7835979111201485,0
2025-07-02,285.518310546875,289.294873699044,284.1141897157614,288.13284062834805,10826029,-0.9074052243824293,0
2025-07-03,284.4047546386719,289.48859835605145,283.82373801776765,288.9559874736672,10373094,-0.39001208226199235,0
2025-07-04,284.6952209472656,285.8088187923256,282.41958997152483,284.4047274404605,14193884,0.10213131245389029,0
2025-07-07,286.5350646972656,287.2613279718709,284.2110281288743,285.3730611889341,6220756,0.6462503107281803,0
2025-07-08,288.3265380859375,288.9559603863584,283.7752761258537,284.84046823903606,6254288,0.6252196011558464,0
2025-07-09,290.1663818359375,290.50531060865995,287.01924097101033,288.8106962967761,5650646,0.6381111368429115,0
2025-07-10,289.7790832519531,293.1199065587587,288.5686443077094,290.5053466184994,9307817,-0.13347465737894026,0
2025-07-11,289.1011962890625,291.37682718369206,287.5518582390185,289.77905384975355,7073217,-0.23393233054754825,0
2025-07-14,288.7623291015625,290.941119221891,288.0360657281197,290.0211737948371,5484223,-0.11721403849230816,0
2025-07-15,288.6170349121094,290.5053313868159,287.4550313176004,288.6654701983788,6173407,-0.0503161855998302,0
2025-07-16,287.6486511230469,289.4885416541546,286.34140092172856,289.4885416541546,8144630,-0.33552551371660577,0
2025-07-17,287.21295166015625,288.762319381695,286.4382530235212,288.132867504513,8318287,-0.15146932244929356,0
2025-07-18,284.8404541015625,291.9578401957856,284.21103183238165,287.11608496865813,8702106,-0.8260412857011401,0
2025-07-21,287.6002502441406,287.8423379968714,283.00058294225624,284.6951972113715,5298012,0.9688919192616163,0
2025-07-22,288.37493896484375,289.3917253269252,285.2277979639942,287.6971109418524,7775653,0.2693630203887132,0
2025-07-23,289.7790832519531,290.1664178037647,287.6971341782003,289.39174870014153,5310964,0.48691619741636494,0
2025-07-24,289.87591552734375,291.8126177796704,287.11610890743196,290.36009109042544,6294709,0.03341589541383527,0
2025-07-25,282.8553466796875,288.32652418374363,281.69331360283985,287.7455076453198,8202572,-2.4219220954884713,1
2025-07-28,282.66168212890625,285.905664246623,281.54808426657286,282.7585231499201,7037396,-0.06846770020598747,0
2025-07-29,283.8236999511719,284.59836897398986,280.62812374065743,281.3059812994199,6586034,0.41109846000835226,0
2025-07-30,279.8050842285156,287.11612378930397,277.52945305373447,283.72689467206095,10515572,-1.4158844815804983,0
2025-07-31,281.7901611328125,284.98570784043096,275.93164898493546,275.93164898493546,14283621,0.7094499050187553,0
2025-08-01,282.0322265625,283.5331587801675,277.23887732898726,282.4195610491503,6697683,0.08590272588453463,0
2025-08-04,278.8367004394531,282.32274062521867,276.657910547485,281.98384139451815,10397121,-1.1330358101253157,0
2025-08-05,276.9483947753906,279.5145190963554,276.07688475812137,278.0135868194878,15561914,-0.6772084381598598,0
2025-08-06,275.786376953125,279.2724467665108,275.0601136399917,278.49777771986055,12985269,-0.41957918665967986,0
2025-08-07,276.51263427734375,277.2388975747471,274.4306854018,275.49587748167073,8893659,0.26334053633918497,0
2025-08-08,275.8348083496094,277.1904939379996,274.6243695114522,275.78637306504544,6172968,-0.24513379994582918,0
2025-08-11,275.8348083496094,277.33574068823253,274.3338464592568,275.8348083496094,8755499,0.0,0
2025-08-12,275.64111328125,278.4493253426438,275.0116910255161,275.39902552506555,13184438,-0.07022140154040457,0
2025-08-13,279.07879638671875,280.2407999654629,276.99681789864155,277.9167632562445,9928283,1.2471590556816237,0
2025-08-14,279.56298828125,280.9670797149765,278.06202627063396,279.9018875417045,8464495,0.17349648228390802,0
2025-08-18,281.1607360839844,282.08065185962835,279.3692807132589,280.3376317729236,9836105,0.5715162126994411,0
2025-08-19,280.0909118652344,282.1332473668186,278.6807200552236,282.0359876420763,7196772,-0.38050270946453635,0
2025-08-20,280.47991943359375,281.06344809911144,279.0697573113852,280.28542966475504,3106073,0.1388861801223218,0
2025-08-21,276.2007751464844,281.5983488453277,275.8117659061222,280.4799361494731,7389271,-1.5256508543466385,0
2025-08-22,275.5686340332031,276.73566176535235,274.0611824031939,276.2007777647218,6824793,-0.22887014453381038,0
2025-08-25,276.3466491699219,276.7843031138595,274.4502179983647,275.56863069125774,7426789,0.28233080279558287,0
2025-08-26,272.2133483886719,276.0062402086339,271.24081050255336,275.22822177153944,22905910,-1.4956941919380684,0
2025-08-28,266.9130554199219,274.255705157843,266.0863922167015,274.255705157843,12455072,-1.9471098680958643,0
2025-08-29,267.6910705566406,268.5177337494827,264.77345670861183,266.0863888761254,12841075,0.29148635517086685,0
2025-09-01,272.1647644042969,272.89416790206815,268.4204871798367,268.4204871798367,10820878,1.6712151953195864,0
2025-09-02,278.8266296386719,279.9936573186593,272.164739043884,272.5051332470267,16983677,2.4477324421315894,0
2025-09-03,278.1944580078125,281.25797617588785,277.7568337548744,281.0634567215809,30178885,-0.22672570108479562,0
2025-09-04,274.0611877441406,280.0423199960402,273.18590950809545,278.9725222944279,5946090,-1.4857485994763442,0
2025-09-05,277.5137023925781,278.7779898212633,274.5960886222258,274.5960886222258,9695914,1.2597605216761787,0
2025-09-08,275.0337219238281,279.79918164903796,274.3529631627289,278.53486449927703,5186605,-0.893642529132399,0
2025-09-09,276.0549011230469,276.54117009466415,273.963950480993,275.2768529607576,7093190,0.3712923608333307,0
2025-09-10,275.17962646484375,278.5835093101367,274.74197251293344,276.88156788749023,7767863,-0.31706542960923123,0
2025-09-11,278.92388916015625,280.77173512119623,274.79060262115405,274.79060262115405,7406625,1.3606613045500593,0
2025-09-12,279.75054931640625,280.67447228672944,277.2705892921768,279.3615400529297,7618852,0.29637481348014916,0
2025-09-15,278.38897705078125,280.86893685227136,277.90270809523406,280.3826678967242,5420800,-0.48670941628251585,0
2025-09-16,280.43133544921875,281.74426767207285,278.4862594685472,278.6807492589119,8626429,0.7336347940475108,0
2025-09-17,279.2642822265625,281.25800294470594,278.0972544281536,281.0634834718855,19010126,-0.4161636290704651,0
2025-09-18,281.1607360839844,281.89013956932183,278.2431221426345,279.1184003891387,16842964,0.6790892993194575,0
2025-09-19,278.3403625488281,282.23051420049865,277.0760454543342,282.03599474611445,14993879,-1.0031178515316541,0
2025-09-22,278.7779846191406,281.06345463250244,278.04858119016353,279.1183788218969,9456933,0.15722551566186294,0
2025-09-23,280.6744689941406,281.06347825305374,277.5623355638277,280.72308402169074,13619147,0.6802848430054187,0
2025-09-24,285.245361328125,286.46103373351167,279.06976925236245,279.99366247275503,14032389,1.6285386947965774,0
2025-09-25,276.58978271484375,286.75281600507043,275.81176423882266,285.926152824609,16242837,-3.0344327329216436,1
2025-09-26,274.49884033203125,276.3466565276837,272.407889645385,275.7145127870004,8959035,-0.7559723870813384,0
2025-09-29,272.8941650390625,278.24312396660133,272.2620212835269,276.1035285237842,14600560,-0.5845836328589815,0
2025-09-30,272.55377197265625,278.1458654208017,271.33809948392894,274.25571345687445,18772881,-0.12473446119946052,0
2025-10-01,272.9427795410156,275.08237497971265,272.21337605230127,273.2831737716498,11812449,0.14272690689396406,0
2025-10-03,281.7442626953125,282.0360122154581,273.33178548390373,275.5686406298664,19597461,3.2246623886140524,0
2025-10-06,279.0211486816406,280.72309019638686,276.7356784259376,280.4313406656608,11702722,-0.9665197749267884,0
2025-10-07,281.0634765625,284.3214847353709,279.21566033414905,281.0148615352423,11371062,0.731961677639581,0
2025-10-08,277.4650573730469,282.37639168858715,276.8329136594234,282.37639168858715,9989251,-1.2802870132622712,0
2025-10-09,278.2917175292969,279.069765666448,274.4988256091278,277.1733048666126,10714949,0.2979330673478442,0
2025-10-10,281.2093505859375,283.2516862769683,277.4164584051681,277.4164584051681,10773268,1.0484081533376877,0
2025-10-13,278.2917175292969,280.2854380562139,277.076045139531,279.8477841240975,8950161,-1.0375305979553495,0
2025-10-14,279.6046447753906,279.99365399743874,277.56230926026143,278.6321068805197,7667654,0.4717809274922269,0
2025-10-15,282.9599304199219,285.19675584889626,279.16700864456936,279.2642683761559,8125514,1.2000106962552826,0
2025-10-16,283.835205078125,285.1967522647158,282.6195326473291,284.3700890758741,7824732,0.3093281288641059,0
2025-10-17,281.7928771972656,283.4948186471197,280.09093574741155,283.0085496614471,14275188,-0.7195470626334854,0
2025-10-20,280.28546142578125,284.07835366219314,279.21566369768965,282.1818927042351,13536721,-0.5349374996547973,0
2025-10-21,280.6744689941406,281.6470069811754,280.2854597352275,280.3826897903278,398291,0.1387897775291469,0
2025-10-23,281.69561767578125,283.15442463389456,280.09093595775727,281.0148589030305,21031287,0.36381958262898806,0
2025-10-24,280.57720947265625,282.7654199451466,278.6807485246963,281.69562222269496,16350189,-0.3970271928093072,0
2025-10-27,283.0571594238281,284.75910084202894,280.2854500006463,281.0634684914512,13396182,0.8838743374178337,0
2025-10-28,280.3340759277344,284.564622124817,278.92388396887213,282.57090143540813,13543174,-0.9620260097418787,0
2025-10-29,287.2391052246094,288.5033927571594,280.8203484666144,281.0634829674513,14608714,2.463143046033056,0
2025-10-30,283.49481201171875,288.30888672900187,282.95992801179966,288.1629822931123,10329750,-1.3035457724193678,0
2025-10-31,280.23681640625,283.98109361064735,279.1184036515609,283.98109361064735,10088802,-1.1492258296896374,0
2025-11-03,280.0909118652344,282.18186238943923,279.26424872417635,281.06344975365533,8578207,-0.052064729712075764,0
2025-11-04,271.3866882324219,277.12468556718903,270.4627950381552,276.687031641825,26098629,-3.107642291871482,1
2025-11-06,262.77978515625,270.8518388590628,262.43939091298574,270.3655698485438,21919591,-3.171453667174984,1
2025-11-07,264.53033447265625,265.3083529963624,261.36958599090576,262.77977795456536,11379131,0.6661658983263763,0
2025-11-10,265.2225646972656,267.54645180953463,263.590858183498,265.6181180241124,10717941,0.2616827389529286,0
2025-11-11,264.67864990234375,266.16199749773756,261.71195471155613,265.2719949762581,11154806,-0.2050786272814742,0
2025-11-12,264.134765625,267.24978951326466,263.5414205560963,266.0136665275419,16444701,-0.2054885339427326,0
2025-11-13,266.854248046875,267.4475931421342,262.7008625588455,264.1347773574899,12573141,1.0295814015395255,0
2025-11-14,268.2881164550781,269.27701482782635,266.50811145564467,267.3486811082373,10308317,0.5373226840860612,0
2025-11-17,270.5131530761719,270.908736590646,267.00257572610195,269.0792684619509,9884392,0.8293459473693421,0
2025-11-18,271.15594482421875,273.7270564403353,269.2770137802799,270.95815307892525,16434280,0.23761940620532496,0
2025-11-19,272.09539794921875,272.9359676534738,269.47482313612903,272.8865348033116,15765235,0.3464623007284562,0
2025-11-20,274.1226501464844,275.9520880541015,271.4526123794352,272.1942861837506,15337345,0.7450519974042225,0
2025-11-21,274.5181884765625,275.90264013323076,272.342600031239,274.1226351716262,12941485,0.14429246538611995,0
2025-11-24,272.7381591796875,275.9520788916759,269.4748066205665,274.91374767162375,49791096,-0.6484194387094244,0
2025-11-25,270.4142761230469,273.8259574525211,269.62313930580683,271.94705655209975,12114606,-0.8520564425712029,0
2025-11-26,271.9964904785156,273.8754215651714,270.46371004338476,270.9581592390765,8352869,0.5851075535482364,0
2025-11-27,270.6614990234375,273.9248516100949,270.26591552790507,273.9248516100949,9865039,-0.49081201479089787,0
2025-11-28,266.953125,271.30427175878066,266.4586758188026,270.7603595521937,12580231,-1.3701150835333187,0
2025-12-01,266.65643310546875,269.42536658301617,265.7664306293502,269.42536658301617,10428760,-0.11114007170032192,0
2025-12-02,264.48089599609375,267.64535285071713,263.9369837547472,266.01367648424736,11029817,-0.8158577252529775,0
2025-12-03,265.46978759765625,266.0136696462371,261.5636268454636,264.4808891974844,9063557,0.3738990666369846,0
2025-12-04,266.1125793457031,267.20037367815644,262.6514347653062,263.5908701869996,5103204,0.24213367323782098,0
2025-12-05,266.8047790527344,268.48591842191763,264.8269822319468,265.2225657391319,5535798,0.2601153649831822,0
2025-12-08,262.255859375,266.4092144150703,261.81084303770024,265.8158693582651,10203843,-1.704961842844377,0
2025-12-09,261.6130676269531,262.79975781465754,259.98139125294836,261.16808144065277,10686557,-0.24510100539936186,0
2025-12-10,262.5525207519531,264.2830929226346,261.3658306205438,261.9591756862485,7157092,0.35910022902205796,0
2025-12-11,261.86029052734375,263.3931011913678,259.5858362243208,261.31640846581627,8336183,-0.26365400058884214,0
2025-12-12,260.6736145019531,263.7886383094003,260.37692688580677,262.0580661742871,5522827,-0.45317143084232514,0
2025-12-15,259.2891845703125,260.9208609701886,257.6080451408732,260.67363635872897,6400400,-0.5310970710578955,0
2025-12-16,257.459716796875,260.42641213885065,256.81693884187075,259.2397219305461,9241981,-0.7055704141571639,0
2025-12-17,258.2013854980469,259.83306186793055,256.421350220986,257.45971167730113,10944698,0.28807174590230744,0
2025-12-18,255.0863494873047,258.7947184165903,252.96020891421256,257.8552528829912,10930748,-1.2064365978259883,0
2025-12-19,260.5252990722656,261.01974827894765,255.0863577987635,255.18522349707223,16657897,2.1321993889099167,0
2025-12-22,262.0580749511719,262.651420024554,256.1741174232074,256.22358045027994,10054250,0.5883405121746232,0
2025-12-23,264.0358581542969,266.31031227662237,261.46471642115773,262.05806146400255,10526826,0.7547117956558047,0
2025-12-24,265.0741882324219,267.0519849144136,263.34361613567916,264.82696364717293,6131188,0.3932534335992388,0
2025-12-26,262.5030822753906,266.3103168262234,261.9097372224092,265.02476102708283,6029003,-0.9699571181094657,0
2025-12-29,257.7069396972656,263.49200161145643,257.1135945970538,262.9975523910775,7270521,-1.8270804809420782,0
2025-12-30,257.459716796875,258.5475111246899,256.07526500637687,257.11359630455405,10929200,-0.09593179783247141,0
2025-12-31,261.66253662109375,262.255881728473,257.65747978037325,258.49804950092835,5145868,1.6324184134540065,0
2026-01-01,263.83807373046875,264.5797475098971,261.1680662317967,261.1680662317967,4298196,0.8314285787595743,0
2026-01-02,267.9420471191406,269.0792743009689,263.29421233227725,264.53033539487006,13348375,1.5554894449632872,0
2026-01-05,268.6342468261719,269.7714739610066,265.7170146262727,268.2386934982447,11526602,0.2583393366116349,0
2026-01-06,265.56866455078125,270.2659321506915,263.0469855949752,263.0469855949752,11777253,-1.1411732910488914,0
2026-01-07,261.1680603027344,265.96422333657813,260.5252824109122,265.5192070075106,14877056,-1.6570495075127423,0
2026-01-08,256.4213562011719,262.3547469055148,255.0863674357233,261.06919099108813,11762204,-1.8174902765906054,0
2026-01-09,255.1357879638672,260.87138662952566,253.4052157586859,257.41024221916314,14100782,-0.5013499095200658,0
2026-01-12,255.67967224121094,256.61913780372106,251.47686908140932,255.1357901863585,9698555,0.21317443612449694,0
2026-01-13,255.92689514160156,257.0641524503751,253.2568875553814,256.17411974285073,9734559,0.09669243480467937,0
2026-01-14,255.48190307617188,256.8169219278936,253.89965962890105,254.24578009842648,15435341,-0.17387467822929104,0
2026-01-15,255.48190307617188,255.48190307617188,255.48190307617188,255.48190307617188,0,0.0,0
2026-01-16,254.44354248046875,258.64636061822983,253.35577839960462,255.43244086582428,9648251,-0.4064321516320968,0
2026-01-19,254.7896728515625,255.92690000315432,253.80077442778094,254.0479990337263,10588722,0.1360342525180469,0
2026-01-20,251.22964477539062,254.9874617616948,250.58685175347193,254.78967000763222,12452441,-1.3972419040099382,0
2026-01-21,252.96022033691406,255.97636355347535,249.25185124017293,249.25185124017293,14263346,0.6888421002507972,0
2026-01-22,256.3719177246094,256.9652628177811,252.61410067643763,253.75134292345138,15520530,1.3487090512299904,0
2026-01-23,251.32852172851562,257.0641505421909,249.79574128366247,256.37190959231805,18022018,-1.9672185787178442,0
2026-01-27,251.52630615234375,255.48189962773728,249.25183688611412,253.6524316096111,17375059,0.07869557440909336,0
2026-01-28,256.9158020019531,257.8552675891323,251.1802031357224,251.1802031357224,16046343,2.142716573885939,0
2026-01-29,257.6080322265625,260.12971106552004,255.8774600331019,259.684724894472,26914029,0.2694385550500833,0
2026-01-30,253.65243530273438,259.48692972813217,251.22963728165874,258.39913547080425,23292764,-1.5355099333041133,0
2026-02-02,267.39813232421875,268.1892691840343,247.224610170096,248.46073322094648,37109237,5.419107056898098,0
2026-02-03,280.0560302734375,281.3415860820884,270.2164794268213,272.9853827895078,52651170,4.733727135338084,0
2026-02-04,286.18719482421875,288.7583367350135,279.75935513662427,285.5938497403762,27775044,2.1892635358699453,0
2026-02-05,286.13775634765625,287.76943266204506,282.97326941525415,287.76943266204506,9870342,-0.017274873738803986,0
2026-02-06,289.5,290.24167378309136,286.1871843997685,288.9561179639131,19951107,1.1750436905846984,0
2026-02-09,289.75,292.54998779296875,288.0,292.5,13114576,0.08635578583764403,0
2026-02-10,294.3500061035156,295.29998779296875,286.5,290.0,21823214,1.587577602593826,0
2026-02-11,294.45001220703125,297.6499938964844,292.20001220703125,297.6499938964844,10508852,0.03397523405535008,0
2026-02-12,293.8999938964844,296.0,291.75,294.45001220703125,10482579,-0.1867951393257683,0
2026-02-13,287.20001220703125,294.29998779296875,286.8500061035156,292.0,10914157,-2.2796807855031687,1
2026-02-16,300.5,300.95001220703125,287.25,288.0,22196951,4.630914772866124,0
2026-02-17,300.75,301.6000061035156,297.0,299.29998779296875,11190989,0.08319467554076532,0
2026-02-18,300.54998779296875,302.25,298.45001220703125,299.45001220703125,9147320,-0.06650447449085828,0
2026-02-19,294.6499938964844,301.6000061035156,293.1000061035156,300.1000061035156,7552362,-1.9630657581488742,0
2026-02-20,298.95001220703125,302.04998779296875,294.25,295.54998779296875,11762183,1.4593648055725161,0
2026-02-23,303.3500061035156,304.29998779296875,299.0,302.0,11774742,1.4718159280211918,0
2026-02-24,304.79998779296875,306.20001220703125,300.79998779296875,304.0,15863867,0.47798966879148974,0
2026-02-25,307.25,311.70001220703125,305.1499938964844,307.0,14240500,0.8038098114017567,0
2026-02-26,303.25,307.70001220703125,301.3999938964844,307.1000061035156,14249515,-1.3018714401952791,0
2026-02-27,298.6499938964844,305.79998779296875,297.8999938964844,305.79998779296875,21400679,-1.5169022600216353,0
2026-03-02,296.79998779296875,298.6000061035156,289.5,290.0,15690227,-0.6194562669761372,0
2026-03-04,291.95001220703125,296.0,288.8999938964844,296.0,28191826,-1.6340888764862616,0
2026-03-05,299.45001220703125,300.1000061035156,291.8999938964844,292.0,19467441,2.5689329290664586,0
2026-03-06,299.1499938964844,302.75,297.0,299.95001220703125,15887540,-0.10018978070351903,0
2026-03-09,295.20001220703125,296.25,285.5,285.5,21591866,-1.3204017282447134,0
2026-03-10,298.6499938964844,300.04998779296875,293.75,298.1499938964844,14627316,1.1686929359046028,0
2026-03-11,298.79998779296875,302.8999938964844,298.04998779296875,298.6499938964844,12618289,0.0502239744013977,0
2026-03-12,303.6000061035156,304.8999938964844,295.1000061035156,295.79998779296875,15284297,1.6064318964673863,0
2026-03-13,300.95001220703125,309.5,298.70001220703125,308.6499938964844,23615092,-0.8728569971045541,0
2026-03-16,297.75,303.0,291.3999938964844,300.95001220703125,25911819,-1.063303564457041,0
2026-03-17,298.5,302.0,292.1499938964844,302.0,12300000,0.25188916876575096,0
2026-03-18,299.3999938964844,304.20001220703125,297.54998779296875,299.54998779296875,8691698,0.3015054929595973,0
2026-03-19,296.70001220703125,300.5,295.95001220703125,297.6499938964844,8594078,-0.9017975098511988,0
2026-03-20,297.6000061035156,305.0,296.6000061035156,300.1000061035156,28392470,0.3033346341274834,0
2026-03-23,302.1000061035156,304.3500061035156,293.1000061035156,298.0,23771660,1.5120967431817567,0
2026-03-24,299.0,309.0,292.3999938964844,309.0,24123621,-1.0261522809944634,0
2026-03-25,295.0,302.25,294.20001220703125,299.8999938964844,16423641,-1.3377926421404673,0
2026-03-27,295.5,297.29998779296875,290.29998779296875,294.45001220703125,27444747,0.16949152542373724,0
2026-03-30,296.1000061035156,297.8999938964844,292.0,292.04998779296875,23105779,0.2030477507667161,0
2026-04-01,292.79998779296875,305.8999938964844,290.20001220703125,305.0,18635698,-1.1144945094642145,0
2026-04-02,289.95001220703125,292.0,283.5,290.20001220703125,17222200,-0.973352358181323,0
2026-04-06,295.1499938964844,295.6000061035156,287.29998779296875,294.8999938964844,9291741,1.7934062667809725,0
2026-04-07,295.3999938964844,296.25,291.0,292.5,9318575,0.08470269529725627,0
2026-04-08,294.8500061035156,301.75,293.6000061035156,301.0,10887876,-0.18618409083700493,0
2026-04-09,298.1000061035156,300.70001220703125,293.8500061035156,295.45001220703125,17644642,1.1022553612764607,0
2026-04-10,302.75,303.5,299.75,301.1000061035156,13245074,1.5598771557453928,0
2026-04-13,300.3500061035156,302.3500061035156,297.6499938964844,299.95001220703125,15681799,-0.792731262257429,0
2026-04-15,312.45001220703125,313.3999938964844,301.25,303.3999938964844,21897202,4.0286352114623725,0
2026-04-16,312.25,317.0,310.5,315.0,21510277,-0.06401414601281408,0
2026-04-17,318.1000061035156,318.95001220703125,311.3999938964844,313.29998779296875,13609827,1.8735007537279857,0
2026-04-20,319.70001220703125,323.04998779296875,315.54998779296875,319.0,10955277,0.5029883913284072,0
2026-04-21,319.3500061035156,322.0,318.0,318.95001220703125,8342335,-0.10947954024129736,0
2026-04-22,319.75,322.0,316.0,319.75,7112538,0.12525250942212462,0
2026-04-23,319.1499938964844,321.8500061035156,318.04998779296875,320.0,7294961,-0.18764850774530828,0
2026-04-24,316.3999938964844,317.8999938964844,314.5,316.0,9980241,-0.8616638109327224,0
2026-04-27,320.8999938964844,324.95001220703125,316.95001220703125,318.0,9334181,1.422250343491549,0
2026-04-28,319.0,322.79998779296875,317.6499938964844,322.79998779296875,9083528,-0.5920828708701253,0
2026-04-29,320.3500061035156,323.79998779296875,318.25,320.1000061035156,10372929,0.4231994054907817,0
2026-04-30,318.3500061035156,321.25,315.95001220703125,319.6000061035156,9521058,-0.6243171412188886,0
2026-05-01,318.3500061035156,318.3500061035156,318.3500061035156,318.3500061035156,0,0.0,0
2026-05-04,319.04998779296875,323.8999938964844,314.0,314.0,7370269,0.21987801979985733,0
2026-05-05,319.45001220703125,321.29998779296875,315.0,318.8999938964844,8569582,0.12537985562377507,0
2026-05-06,315.95001220703125,321.5,314.6000061035156,320.04998779296875,4884118,-1.0956330775569678,0
2026-05-07,313.79998779296875,316.75,312.5,315.75,9126203,-0.680495119795621,0
2026-05-08,313.95001220703125,315.20001220703125,310.6000061035156,315.20001220703125,7929393,0.04780892922198188,0
2026-05-11,310.8999938964844,314.04998779296875,309.95001220703125,313.95001220703125,8204425,-0.9714980703792953,0
2026-05-12,306.29998779296875,310.75,305.5,309.45001220703125,7952584,-1.4795774184052313,0
2026-05-13,301.5,305.3999938964844,295.6499938964844,304.25,23775882,-1.5670871643041373,0
2026-05-14,301.75,307.54998779296875,300.6000061035156,306.0,14012601,0.08291873963515162,0
2026-05-15,305.8500061035156,308.1499938964844,302.8999938964844,307.79998779296875,10092811,1.358742702076432,0
2026-05-18,296.54998779296875,298.45001220703125,290.20001220703125,296.29998779296875,16036198,-3.04071215463676,1
2026-05-19,298.6000061035156,300.0,294.54998779296875,296.6000061035156,12580156,0.6912892918336855,0
2026-05-20,299.8999938964844,300.79998779296875,294.54998779296875,297.5,5672695,0.4353609398514591,0
2026-05-21,299.54998779296875,304.5,298.70001220703125,302.3999938964844,10353164,-0.11670760608165631,0
2026-05-22,294.29998779296875,300.54998779296875,293.54998779296875,298.70001220703125,15105294,-1.752629014836915,0
2026-05-25,295.3500061035156,298.5,294.1499938964844,298.5,5896815,0.35678503367302383,0
2026-05-26,292.54998779296875,295.95001220703125,292.04998779296875,295.0,5625947,-0.9480339436883312,0
2026-05-27,300.1499938964844,301.25,292.0,292.0,9883025,2.5978487166760544,0
2026-05-28,300.1499938964844,300.1499938964844,300.1499938964844,300.1499938964844,0,0.0,0
2026-05-29,290.54998779296875,303.0,285.45001220703125,303.0,77407363,-3.1984028981278168,1
2026-06-01,286.1499938964844,292.3500061035156,284.70001220703125,291.0,17628347,-1.514367262551597,0
2026-06-02,282.1499938964844,285.25,278.3999938964844,281.75,15198142,-1.3978682807335718,0
2026-06-03,285.04998779296875,286.0,280.3500061035156,282.0,13002063,1.0278199394710308,0
2026-06-04,284.6000061035156,286.04998779296875,280.0,280.0,16292818,-0.15786062400393597,0
2026-06-05,285.6499938964844,286.54998779296875,283.0,284.0,6955072,0.36893456445916684,0
2026-06-08,290.29998779296875,292.1000061035156,282.6000061035156,283.0,8748933,1.6278641679822625,0
2026-06-09,285.70001220703125,293.04998779296875,284.75,292.8999938964844,7973130,-1.584559345285963,0
2026-06-10,287.20001220703125,289.5,284.04998779296875,285.0,8330040,0.5250262288799101,0
2026-06-11,286.6499938964844,290.45001220703125,286.0,289.25,12064071,-0.19151054567170256,0
2026-06-12,284.79998779296875,288.8999938964844,282.70001220703125,288.8999938964844,5478294,-0.645388502671207,0
2026-06-15,285.70001220703125,290.0,284.04998779296875,290.0,9319070,0.3160198218536303,0
2026-06-16,285.1499938964844,286.3999938964844,282.8500061035156,286.1000061035156,8146761,-0.19251602626755293,0
2026-06-17,286.3500061035156,286.6499938964844,283.25,286.20001220703125,6008101,0.4208354314280127,0
2026-06-18,288.70001220703125,289.45001220703125,283.29998779296875,286.3500061035156,8381654,0.8206761143445096,0
2026-06-19,292.25,292.8999938964844,287.6499938964844,288.95001220703125,10295261,1.2296458756028805,0
2026-06-22,289.75,292.8500061035156,288.79998779296875,289.0,11678414,-0.8554319931565413,0
2026-06-23,291.95001220703125,293.04998779296875,289.6000061035156,290.45001220703125,12328516,0.759279450226491,0
2026-06-24,290.8999938964844,295.25,288.75,293.0,10221176,-0.359656881878212,0
2026-06-25,283.8999938964844,291.5,283.04998779296875,290.70001220703125,16305770,-2.4063252481507202,1
2026-06-26,283.8999938964844,283.8999938964844,283.8999938964844,283.8999938964844,0,0.0,0
2026-06-29,286.25,287.6499938964844,283.5,287.0,16957025,0.8277584198795207,0
2026-06-30,286.29998779296875,288.8999938964844,284.45001220703125,287.20001220703125,11985195,0.017462984443228358,0
2026-07-01,287.54998779296875,288.3500061035156,285.6499938964844,287.79998779296875,8147424,0.436604978447952,0
2026-07-02,288.20001220703125,289.3999938964844,284.20001220703125,287.54998779296875,6456861,0.22605614385575734,0
2026-07-03,287.8500061035156,292.0,287.1000061035156,288.5,10260404,-0.12144555471572671,0
2026-07-06,285.3999938964844,287.95001220703125,284.70001220703125,287.20001220703125,7799856,-0.8511419680672816,0
2026-07-07,284.3500061035156,287.3500061035156,283.3500061035156,285.3500061035156,7251465,-0.36790042586671845,0
2026-07-08,279.70001220703125,285.3999938964844,279.20001220703125,282.8999938964844,7306244,-1.6353064169766784,0
2026-07-09,281.3500061035156,283.95001220703125,280.0,280.0,6800579,0.5899155611273521,0
2026-07-10,283.1000061035156,283.79998779296875,281.3500061035156,283.1000061035156,6812700,0.6220010527940634,0
2026-07-13,286.0,286.45001220703125,281.6499938964844,282.79998779296875,8083023,1.0243708350271108,0
2026-07-14,286.1499938964844,286.95001220703125,282.29998779296875,282.3500061035156,7596298,0.05244541835118799,0
2026-07-15,280.70001220703125,286.79998779296875,278.8999938964844,285.8999938964844,9907688,-1.9045891335663145,0
2026-07-16,280.75,284.3999938964844,280.0,280.3999938964844,7143529,0.017808261772311873,0
2026-07-17,283.54998779296875,284.3500061035156,279.6499938964844,280.75,10985155,0.9973242361420276,0
2026-07-20,288.70001220703125,289.54998779296875,283.3500061035156,284.70001220703125,11380170,1.8162668438634233,0
2026-07-21,286.70001220703125,290.3999938964844,284.45001220703125,289.0,7517060,-0.6927606219031879,0
2026-07-22,289.29998779296875,289.75,284.3999938964844,285.6499938964844,4595987,0.9068627398801876,0
2026-07-23,289.79998779296875,290.95001220703125,287.0,287.29998779296875,7407258,0.17283097860267826,0
2026-07-24,288.20001220703125,290.04998779296875,286.3999938964844,286.5,8474555,-0.5520964987343335,0
