Date,Close,High,Low,Open,Volume,Daily_Change_%,Crash_Signal
2020-01-01,303.1385192871094,304.4980880188611,301.0538306354587,303.36511407573465,17379320,,0
2020-01-02,307.53436279296875,308.0328878054769,302.1414247047649,303.1837549520236,20324236,1.4501105026827554,0
2020-01-03,302.45867919921875,306.3107898961737,300.9178238562402,306.3107898961737,21853208,-1.6504443755987475,0
2020-01-06,289.13494873046875,300.64597499490856,287.95666690015446,300.64597499490856,35645325,-4.405140729975265,1
2020-01-07,288.591064453125,296.385929287588,285.8719274871838,294.07467393073466,50966826,-0.18810741480123072,0
2020-01-08,289.8600158691406,291.4008713541847,281.8838911077805,282.88091361807403,44527485,0.43970571937848035,0
2020-01-09,299.286376953125,300.37401522983515,294.5731947725664,296.29530945606115,40348407,3.252039111265348,0
2020-01-10,301.1444396972656,306.31081135220614,297.3829721676829,300.01146588350616,42377838,0.6208310458553301,0
2020-01-13,299.7848815917969,304.0448743445251,298.2440260870668,302.73061361046155,23615129,-0.4514637915398634,0
2020-01-14,297.2923583984375,300.64597228603304,295.9327896862495,298.92382978886457,26296117,-0.8314372559832139,0
2020-01-15,293.8934020996094,298.3799893870697,292.17128746520297,298.19870251587196,32625740,-1.1433042938401972,0
2020-01-16,293.0323791503906,296.2953497451951,292.17133552180866,293.66685564344897,26653623,-0.29297117358453306,0
2020-01-17,288.228515625,293.21360001474056,281.0681272154709,283.69662072523585,58396326,-1.6393627009133938,0
2020-01-20,284.60302734375,291.35556246435186,284.059194370867,290.9476808195661,30682902,-1.2578520461060005,0
2020-01-21,284.33111572265625,287.2768476006926,282.79026029148616,284.4217314982013,30591772,-0.09554066365053959,0
2020-01-22,286.5517578125,287.3221856088501,284.3311455294863,287.3221856088501,24994911,0.781005653988931,0
2020-01-23,292.9417419433594,294.39192640347363,284.73899433079845,286.415801230863,33293610,2.229958098892748,0
2020-01-24,293.71209716796875,296.6578288505935,291.0836036601865,293.21359979356725,22706879,0.2629721594126222,0
2020-01-27,286.59710693359375,291.8540950978657,286.2345331342668,290.8570724707114,23309355,-2.422436904362868,1
2020-01-28,285.6000671386719,290.04131930848393,281.9292150948765,288.1832531708622,26488426,-0.3478889949691255,0
2020-01-29,286.82366943359375,289.7694014282234,286.00790613745477,288.09259460687383,23914114,0.42843207537754946,0
2020-01-30,281.6119689941406,287.09555093115443,277.03473840509923,287.09555093115443,35802330,-1.81703987322418,0
2020-01-31,288.63641357421875,291.58214542586757,279.708574584046,284.33111317565505,92656638,2.494370038733784,0
2020-02-03,270.19158935546875,278.12240572062973,267.6990470692753,274.63284098786045,56060158,-6.390331694586127,1
2020-02-04,277.5785827636719,278.75686445896116,269.2852200270764,274.5422074282808,51141567,2.7339834766228366,0
2020-02-05,281.8838806152344,284.285779532108,276.0830603083057,278.16772103000886,35014841,1.551019465802228,0
2020-02-06,291.8087158203125,293.2135921372996,281.0681196643288,282.06514204758923,57757656,3.520894910136896,0
2020-02-07,290.5398254394531,294.57322372075123,288.5911157992459,291.40089669606624,37126803,-0.43483635411381005,0
2020-02-10,288.68170166015625,292.5791201631142,286.8689437219449,289.8599832557972,24816396,-0.6395418516158324,0
2020-02-11,293.98406982421875,295.29830293725894,290.99300216529167,290.99300216529167,30188757,1.8367524278710912,0
2020-02-12,290.2225646972656,299.0144243353265,289.361493589498,299.0144243353265,38930849,-1.2794928409563977,0
2020-02-13,296.7938537597656,299.9661806781791,291.8540764940379,291.8540764940379,62516057,2.2642240341837594,0
2020-02-14,289.4974365234375,300.8271736107706,288.72700886940066,297.3829446004177,48205947,-2.4584125122193656,1
2020-02-17,284.7843017578125,291.0836194082406,282.47301863933757,290.9023601988752,36950692,-1.6280402418152096,0
2020-02-18,287.8206787109375,289.3162263884726,280.43369440941245,285.87196913355297,38588583,1.0662023624136374,0
2020-02-19,290.3585510253906,293.6668292175011,287.54877027546985,292.1259736790137,39846727,0.8817546834436918,0
2020-02-20,296.97509765625,298.38000181531754,288.9083294408246,289.45216241657675,40150409,2.2787503958444866,0
2020-02-24,292.7151184082031,300.28336117010906,291.71809594444824,295.2529686245857,45273936,-1.4344567210068937,0
2020-02-25,296.20465087890625,297.42826808059834,292.03532954053674,295.38891529794233,39050709,1.1921258080823893,0
2020-02-26,297.4736022949219,299.8301655937063,293.8480862531093,294.43722707780535,43915281,0.4284036095484556,0
2020-02-27,291.8087158203125,299.1050553487137,288.2285078814877,297.2922974375093,47010040,-1.90433249569254,0
2020-02-28,274.6328430175781,285.19215306684856,272.91072841194267,282.7902541963181,59705346,-5.886004040164028,1
2020-03-02,260.49334716796875,282.79027850529275,257.456971658329,281.8838994075194,66711413,-5.148508712304434,1
2020-03-03,262.7139587402344,266.8379721269502,258.58991769302656,265.56904705876775,61949382,0.8524638331103951,0
2020-03-04,258.58990478515625,265.56903380252464,249.34485604088488,264.4813679923795,73675736,-1.5697886685784757,0
2020-03-05,261.4903869628906,270.4635350908697,244.7223725475926,263.66569140899213,149245973,1.1216532912002863,0
2020-03-06,245.17552185058594,248.71039445237764,230.17494649072083,242.90957432886148,106043172,-6.239183513319746,1
2020-03-09,229.72178649902344,238.1511151288141,227.63711174516692,235.7038804267555,101286241,-6.303131419856944,1
2020-03-11,222.15350341796875,234.29897675845555,220.34074537728438,229.31389214657352,90845604,-3.294543019360885,1
2020-03-12,192.69619750976562,210.1893026505019,189.0706811978622,210.1893026505019,99767083,-13.259888075130167,1
2020-03-13,219.34373474121094,225.50711517767454,167.36288959172185,181.27581383571152,155701316,13.828782080712742,0
2020-03-16,202.4397735595703,209.73611410773495,199.94723108329745,206.5637873197513,75583409,-7.706607713953851,1
2020-03-17,195.0074462890625,208.3765372226536,192.19767954354052,205.929316563571,65403057,-3.6713769926840834,1
2020-03-18,195.0527801513672,202.25849125238767,181.3664639975966,200.30978171351808,101356399,0.023247246793589582,0
2020-03-19,184.58409118652344,199.17679967550816,179.59900632547544,183.94962860662127,93533467,-5.367105742722411,1
2020-03-20,190.20364379882812,195.50595279331966,181.27580487655905,186.30621122793283,77391650,3.0444403827988076,0
2020-03-23,164.5984344482422,180.82261326415568,163.3748172474389,172.21201263252922,61750037,-13.461997277858506,1
2020-03-24,166.0486297607422,173.97944599769318,157.30207795723175,173.0730669991845,67491360,0.8810504895512938,0
2020-03-25,172.12139892578125,176.97053301949026,159.93060185002741,161.33549233018832,71567553,3.65722329283249,0
2020-03-26,174.7045440673828,182.18217046715404,167.7707505742385,173.61689208437423,107260359,1.5007693161472657,0
2020-03-27,177.60498046875,192.06172423291258,176.74392309663637,183.0885767462592,114740377,1.660195169421863,0
2020-03-30,169.40223693847656,176.74391269000623,168.81309609494184,172.2120174928266,60081554,-4.618532379342099,1
2020-03-31,178.42071533203125,179.91623518052654,170.44457720281508,174.02477156000552,59543412,5.323706791918004,0
2020-04-01,169.08502197265625,176.290732970705,167.906726389836,175.83754342579317,52954239,-5.232404399904899,1
2020-04-03,159.0695343017578,170.58054626865598,158.61634474534256,169.99140537741522,64448494,-5.923344098756489,1
2020-04-07,168.94906616210938,169.7648156862496,160.97294079439243,167.1363078821286,72130500,6.210825915671503,0
2020-04-08,165.8673858642578,176.20010273025977,163.55611624600127,165.77674241638564,80435759,-1.824029198773225,0
2020-04-09,170.1726837158203,172.21203678298727,166.41121581292273,170.3992785010611,62416005,2.595626517612004,0
2020-04-13,166.320556640625,171.0337249619394,165.9580105506188,169.31161028903983,51847146,-2.26365770996958,1
2020-04-15,165.27822875976562,173.9794595237814,163.2841837438221,169.4928858984025,72190004,-0.6266981676303351,0
2020-04-16,170.8524627685547,172.12138799441834,163.37483508770282,164.96099853515625,61165773,3.3726365841512562,0
2020-04-17,175.1577606201172,179.46306133393637,168.858428657526,177.6503031386441,89851063,2.519892181709249,0
2020-04-20,174.4779815673828,178.87392585585496,172.25735547712023,175.83755025492084,81958510,-0.38809530923878954,0
2020-04-21,167.4535369873047,170.58054208380568,165.86737357876459,170.39926903173628,53042420,-4.025977671781645,1
2020-04-22,171.0337371826172,171.75884324468655,164.3718589485841,168.13332676458762,61503413,2.138026021859374,0
2020-04-23,169.22096252441406,172.12137266104008,167.8160722586314,170.1726632741537,50955312,-1.0598930293311493,0
2020-04-24,162.92161560058594,166.77372612243568,162.24183139084775,166.77372612243568,65137305,-3.722557081495914,1
2020-04-27,163.96395874023438,166.3205497179275,163.60141266531832,166.3205497179275,42996571,0.6397819809274452,0
2020-04-28,167.045654296875,167.99735502335488,164.23587383398134,164.9609798079777,49590230,1.8794957015662916,0
2020-04-29,172.30267333984375,173.84351505182246,166.3205657165763,167.68013437366005,57470466,3.147055255700293,0
2020-04-30,172.6652069091797,177.55964818710507,171.9401009120157,175.3843440258597,63063889,0.21040507515568407,0
2020-05-04,162.1059112548828,166.320568633664,161.33548347025717,165.36886779096406,58118177,-6.11547389501057,1
2020-05-05,154.4469757080078,164.2811933671904,152.99677760953466,164.05459861771843,91050439,-4.724649143011616,1
2020-05-06,155.0814666748047,157.07549789188764,150.95743908000415,155.126774564769,73156432,0.4108147562542186,0
2020-05-07,154.76422119140625,156.39570623063,152.99678482818328,154.85486462757015,42942399,-0.20456698675908047,0
2020-05-08,151.04806518554688,157.52868377851152,150.54956776552777,156.3050665124264,55932236,-2.4011725560673214,1
2020-05-11,149.96041870117188,153.0874238170318,149.55255087392882,152.22636644168594,54591827,-0.7200664788648115,0
2020-05-12,151.27467346191406,152.72488562307518,145.7910907099725,148.82745254142185,70752542,0.8764011011206385,0
2020-05-13,157.8006134033203,161.83399779997566,154.53764297554966,161.83399779997566,81720683,4.31396729674598,0
2020-05-14,152.22634887695312,155.67059181116787,151.81848109677216,154.94548585182068,48136531,-3.532473294080296,1
2020-05-15,150.82147216796875,152.49827898459358,149.2806305103997,152.22636249672914,35495540,-0.9228866877178832,0
2020-05-18,140.7606658935547,150.82146481186086,140.4887494189526,150.82146481186086,77349435,-6.670672371643094,1
2020-05-19,138.49472045898438,143.0719373896235,138.1321605438392,142.7546991926523,71522334,-1.6097859584465524,0
2020-05-20,139.03854370117188,140.71535051150767,136.999190795208,138.67599760554378,66168767,0.3926671286712091,0
2020-05-21,137.72430419921875,141.53109372835922,137.31643636221222,139.26514593360326,61147471,-0.9452339379918628,0
2020-05-22,136.727294921875,141.0325957147251,135.45835586372846,137.76962537120278,87064198,-0.7239167285256864,0
2020-05-26,137.2257843017578,138.85726937758884,136.13813219461943,138.1321633627476,48275988,0.36458658833822266,0
2020-05-27,143.751708984375,145.74573993582283,136.6819503108369,137.72428058561212,88195120,4.755611138112914,0
2020-05-28,143.38919067382812,147.1959806539697,142.02962183590262,144.52216470543274,76968678,-0.25218365270793797,0
2020-05-29,146.19895935058594,146.74277854128215,140.67004101522767,141.48579054664432,58363280,1.959540090542311,0
2020-06-01,154.1297607421875,155.3533641656965,148.05702385260543,148.64616470500826,92740893,5.42466336753018,0
2020-06-02,154.31103515625,155.2627359364789,151.5465762537744,153.99379695275806,70419104,0.11761155872143103,0
2020-06-03,158.52569580078125,163.05759120766746,155.8972019968861,156.35039153757475,113168889,2.7312762436358717,0
2020-06-04,157.75526428222656,161.01822031305497,155.44399511648624,158.52567811730955,83494674,-0.4859978785539565,0
2020-06-05,170.2179718017578,172.0307297254608,159.52269728586123,160.02120848092864,201321234,7.900026396098747,0
2020-06-08,169.3115997314453,179.00985225195788,168.40522073270122,178.55666275258585,151741826,-0.5324773058441146,0
2020-06-09,167.18161010742188,173.11839554802384,166.18460146785864,170.12734196884114,96654191,-1.2580293538079657,0
2020-06-10,170.12734985351562,171.3056454187416,166.59247698808488,167.27226129530212,67333317,1.761999866014552,0
2020-06-11,160.56504821777344,172.57457100741954,159.8399560192001,170.39926675120515,91726802,-5.620672774821678,1
2020-06-12,162.3778076171875,163.1482353718758,153.9031714668523,154.08444451788273,92758901,1.1289875471250932,0
2020-06-15,157.4380340576172,161.1995153138434,155.8971924793934,161.1995153138434,63613412,-3.0421482048926474,1
2020-06-16,156.7129364013672,162.19653256647658,153.54060964158043,161.33547521201245,63925976,-0.4605606647658189,0
2020-06-17,156.7582550048828,159.70398693755428,153.40465526296774,154.9908186113293,73866905,0.028918227528818008,0
2020-06-18,162.8310089111328,163.73738806194402,155.08147823589567,156.2597600677516,58261857,3.873961155066974,0
2020-06-19,167.2269287109375,167.6347965027198,162.6950336239202,163.42013960389224,76895151,2.699682222201183,0
2020-06-22,170.12734985351562,173.79818787853807,167.0003448063658,167.68012911358304,80023958,1.734422299647509,0
2020-06-23,174.43264770507812,175.0218023934899,170.26331231828377,171.8494756766858,65487085,2.5306324087629006,0
2020-06-24,167.3175811767578,176.6532744957671,166.68310476612868,176.5626448872822,74668987,-4.078976396867007,1
2020-06-25,167.90672302246094,169.31161334956198,163.510778992878,165.14226408789057,73620385,0.35210994658161354,0
2020-06-26,167.3175811767578,170.94309744208087,166.5924751576438,170.39926447018362,49176958,-0.3508744826282606,0
2020-06-29,162.4684600830078,165.95802528774067,161.78867573119607,165.86738184206655,50966428,-2.898153953485194,1
2020-06-30,161.74334716796875,165.77673138542377,160.65569501711815,164.1452600742716,43613239,-0.4463099574333329,0
2020-07-01,167.4988555908203,168.04267473690834,161.87930809976163,162.64972201428142,54012853,3.558420499901316,0
2020-07-02,168.08799743652344,170.39926685405067,166.77375053800705,168.26927048627618,52127276,0.3517288781616168,0
2020-07-03,167.408203125,169.35692632658993,166.2299076266369,169.17563945742148,38048810,-0.40442763426945527,0
2020-07-06,170.444580078125,172.0760651050716,168.72245161569663,169.13033324511815,43773740,1.8137563730122652,0
2020-07-07,170.94308471679688,171.48690381796436,166.81905750594186,169.49287278652503,55124494,0.29247315370390936,0
2020-07-08,173.9341278076172,178.96453411736326,170.7618012485291,171.21499075697025,143063102,1.7497303829374644,0
2020-07-09,180.4600830078125,182.18219775298053,174.52329718065843,174.74989195398305,89539723,3.751969370504127,0
2020-07-10,177.28775024414062,183.54176024636234,176.56264422773523,179.46305446310984,111406477,-1.7579138337947775,0
2020-07-13,174.6592559814453,181.09455335115328,173.66224723433075,180.1881742190957,61949761,-1.482614709180785,0
2020-07-14,168.6318359375,174.29670536680163,167.31758899595155,174.29670536680163,62239932,-3.4509594181402092,1
2020-07-15,166.59246826171875,172.1666937568148,165.86736227261977,170.35393569919052,58527305,-1.2093610108930397,0
2020-07-16,168.81309509277344,169.44755765056274,164.6437460040211,167.6801213002045,46546803,1.332969523907912,0
2020-07-17,170.58053588867188,171.7588314297007,167.68012567015637,169.31161074002347,47035238,1.0469808606536901,0
2020-07-20,172.8917999267578,175.1577475011583,171.0790418672374,172.21201565443766,45672856,1.354940073347155,0
2020-07-21,176.20005798339844,177.83154281903535,173.57156462560474,174.43262184072717,59281860,1.913484652275077,0
2020-07-22,174.0247802734375,178.33008082707724,172.3026655840804,177.3783800439075,62276152,-1.234549939913121,0
2020-07-23,179.6896514892578,180.46007923455144,173.2543545292965,174.38732837223006,70801412,3.255209520689717,0
2020-07-24,173.97946166992188,177.92221620069995,172.80116609966944,177.3783832205074,65265493,-3.177806719535714,1
2020-07-27,169.6288299560547,175.1124258543686,169.03968911857112,174.93115281439262,50697767,-2.5006582225902685,1
2020-07-28,171.7135009765625,172.66520170476397,168.35990139978955,170.39925417583007,51488617,1.2289603253455628,0
2020-07-29,173.2996826171875,176.9705207692313,169.49289313109477,170.03672612778558,73763368,0.9237372900815277,0
2020-07-30,169.08502197265625,175.38435388088132,168.6318324277444,174.47797479105765,48472816,-2.4320071340472538,1
2020-07-31,173.52626037597656,176.60795733791585,169.22096003685604,170.3992555272962,145892485,2.6266302901971628,0
2020-08-03,174.25137329101562,176.3813696019642,172.25734213643958,174.02477852730817,72454278,0.4178692685867569,0
2020-08-04,173.6622314453125,175.65626258849628,172.66520895859722,175.2483947822025,43866676,-0.33809882503433863,0
2020-08-05,173.52626037597656,178.42071537544027,173.11839258358282,174.70455586641668,68888892,-0.07829628135277433,0
2020-08-06,173.07305908203125,176.29070714559634,172.43859657814758,174.2966762061425,59740172,-0.2611715903767964,0
2020-08-07,172.80117797851562,174.11543879928584,171.80416921995496,173.52628405853585,44822338,-0.15709036689919298,0
2020-08-10,175.65626525878906,177.19710690057073,173.75286369348723,173.8888288511499,48784530,1.652238320174182,0
2020-08-11,176.7892303466797,178.37539362925392,175.61093485643244,176.74390862969975,43890305,0.6449898534626408,0
2020-08-12,184.26686096191406,185.12791828089215,176.38136610718607,177.6502912267068,157818228,4.229686729542803,0
2020-08-13,182.9979248046875,187.89237997662775,181.9555944284786,186.26089491931432,70443118,-0.688640459061618,0
2020-08-14,178.10350036621094,184.90134389163885,176.3813855385351,183.99496475491512,56169088,-2.6745792028518123,1
2020-08-17,175.0218048095703,180.05219760860393,173.57159275834172,179.87092455976216,54787889,-1.7302835431668329,0
2020-08-18,176.83456420898438,177.42370507944815,173.7528670358929,175.6562686378096,46294169,1.035733462688504,0
2020-08-19,178.60202026367188,181.5477525999686,177.55967590806378,178.0128654982633,59296062,0.9994969380526131,0
2020-08-20,176.517333984375,177.96754611146773,175.15776530156853,175.83754964297177,37504602,-1.1672243551440364,0
2020-08-21,179.8256072998047,182.63538803240215,179.14582297710342,180.36944029006466,68041871,1.8741917525915808,0
2020-08-24,182.59005737304688,183.8136746261075,180.00688537138643,181.27581051287785,53850253,1.5372950019478138,0
2020-08-25,188.4815216064453,188.9347111336694,183.72303157059247,184.90132710742444,105394375,3.226607361956013,0
2020-08-26,190.20364379882812,190.6568333110195,186.8500303444147,188.98002658381282,66749637,0.9136822420070745,0
2020-08-27,195.46063232421875,196.23106003196244,190.79278585093806,190.79278585093806,80997993,2.763873719974974,0
2020-08-28,203.79934692382812,204.75103391816384,196.50299237568646,196.68426543031006,95974037,4.26618623937407,0
2020-08-31,192.15235900878906,209.87207224003572,190.65683910520616,209.87207224003572,119986476,-5.7149289685369915,1
2020-09-01,197.6812744140625,198.40636658281144,191.42725073175336,193.14937920814862,75048313,2.87736014993214,0
2020-09-02,196.0044708251953,198.4970132287527,192.4242763206804,197.81722893687342,47608088,-0.8482359261580696,0
2020-09-03,193.19468688964844,197.81722552684164,192.42427300361393,197.13744124668068,38594129,-1.4335305331135806,0
2020-09-04,187.25791931152344,192.42427718701674,186.6234429053821,190.3396025831519,54435758,-3.072945573040553,1
2020-09-07,188.43618774414062,190.0223509872066,186.17024025404635,188.0736416778239,35687359,0.6292222176499829,0
2020-09-08,184.94667053222656,188.98005503184456,183.90432619912968,188.43622200325066,34146789,-1.8518296584582483,0
2020-09-09,176.60797119140625,182.5447431657943,174.47797479813528,182.27284050303402,72715826,-4.508704761661175,1
2020-09-10,179.5989990234375,182.59005258450708,176.9251836545444,179.19113122652948,67789617,1.6935973001975135,0
2020-09-11,183.7230224609375,184.76536662001774,178.55666487279913,179.96155510358358,48487971,2.296239656080612,0
2020-09-14,179.91624450683594,186.89536054533383,178.87391411358027,186.62344405962676,63605531,-2.0720201002086935,1
2020-09-15,181.41177368164062,182.18220145871436,178.64732845504733,181.18517890370688,51761038,0.8312363227145125,0
2020-09-16,179.6443328857422,181.32113973446985,177.87689642615595,181.1398666825054,52404964,-0.9742701700277245,0
2020-09-17,177.1517791748047,179.46304847423428,176.7439113761398,178.55666944153612,41223296,-1.3874936497567214,0
2020-09-18,174.56861877441406,178.73795430240605,171.94011110761187,177.65030215728848,55286316,-1.4581622676460348,0
2020-09-21,168.40524291992188,175.38435936369373,167.00035252072647,174.9764915265719,57611375,-3.53063219366867,1
2020-09-22,168.7677764892578,170.67117802799532,164.19055951676754,168.72245477066943,51210889,0.21527451464697922,0
2020-09-23,166.59246826171875,171.26031472800264,164.0546042149955,170.53520873890366,44320497,-1.288935762969845,0
2020-09-24,159.8399658203125,164.7797293347889,159.06953802427805,164.14526670700948,46114798,-4.053305957864783,1
2020-09-25,165.14227294921875,165.64078423142308,159.65867650546681,162.24186253036788,46550127,3.3172599241337197,0
2020-09-28,169.71946716308594,170.53520272816664,166.18459460740843,166.7737354232727,41921548,2.771667200726169,0
2020-09-29,167.72543334960938,171.2603058465621,166.09394841630592,170.85243807079763,35688726,-1.1748998784921194,0
2020-09-30,168.04266357421875,169.31160249129226,165.32352653366345,167.725439217635,37641083,0.18913662542050513,0
2020-10-01,172.4839324951172,173.29966809153234,169.4022354892508,169.49287892451758,43588724,2.6429412783836703,0
2020-10-05,171.07904052734375,175.65625735783323,169.5381989548686,174.02477235099337,41694686,-0.8145059933702514,0
2020-10-06,173.6622314453125,174.11542097013822,170.67117781541342,173.20904192048678,31098726,1.5099400312312827,0
2020-10-07,172.8464813232422,175.06710722011243,171.39628314764678,174.52328809060666,34578053,-0.46973375574020926,0
2020-10-08,173.5715789794922,177.46901145630807,172.71052169316272,173.43562766121502,43351606,0.4195038572373244,0
2020-10-09,179.73497009277344,180.18815962208944,172.7105323883755,174.02477925734252,64907230,3.5509218441859502,0
2020-10-12,180.09750366210938,186.66875138029835,178.78325688452077,181.00388265772165,69122798,0.20170452591881105,0
2020-10-13,177.3783721923828,181.27580476078904,176.83455307624826,180.0521875465552,34948525,-1.5098107494194157,0
2020-10-14,181.32115173339844,182.09156571279132,174.97649768305382,175.88287683310304,40548275,2.222807376278846,0
2020-10-15,174.7952117919922,183.54176441601447,174.0247840388878,182.18219579071067,49184123,-3.5991057187864772,1
2020-10-16,177.60498046875,178.33008650904208,173.66223971320423,175.8375440038331,36893126,1.6074631838894238,0
2020-10-19,184.90133666992188,185.44516966281478,177.69562558045237,177.83157691355183,60220779,4.108193465022603,0
2020-10-20,184.04026794433594,185.21856346946814,181.91027165543366,182.1821881351175,39316753,-0.4656909144594712,0
2020-10-21,184.67474365234375,187.8923922587163,180.23349154568706,185.53580104074686,54515523,0.3447483070388335,0
2020-10-22,184.26686096191406,185.4451564758956,182.27282984684726,182.9979220121468,33721637,-0.22086544286615828,0
2020-10-23,183.81369018554688,186.35155451360137,182.68071627393755,184.90134237464224,32707020,-0.24593178285098327,0
2020-10-26,178.28477478027344,184.9013452946106,177.2877660204612,183.7230496418796,45470123,-3.007890979008354,1
2020-10-27,176.4266815185547,179.05518913572118,174.2513772693971,178.7832726470147,37794381,-1.042205238225613,0
2020-10-28,172.61990356445312,176.74393139641919,171.35097830703958,176.74393139641919,46458319,-2.1577110226953966,1
2020-10-29,171.0337371826172,172.84649542266666,168.49587288049838,171.62289190878195,44822673,-0.9188780372847871,0
2020-10-30,171.53225708007812,174.02479978533685,168.72247613477796,171.62290052873237,41519686,0.2914745977448119,0
2020-11-02,177.69561767578125,178.78326978293606,172.2573433097604,174.2060527588191,52600119,3.593120443127984,0
2020-11-03,185.58111572265625,186.53281651805264,179.1005108644401,179.4630569625687,69890201,4.437643510861733,0
2020-11-04,187.6204833984375,189.43324169214222,179.50839280015856,184.44815638445425,117577856,1.0989090500075571,0
2020-11-05,198.1797637939453,200.309759986534,194.6448912086343,195.77786496421425,138023646,5.62799978139048,0
2020-11-06,198.67828369140625,201.08019645630722,196.72957427878077,198.49701064864402,73147085,0.2515493448560502,0
2020-11-09,198.95021057128906,201.8052991772291,196.7295845633082,201.66934784561192,60359458,0.13686794290270754,0
2020-11-10,210.00802612304688,212.99907979688226,202.12253104129678,202.2131744796921,135294550,5.558081853748775,0
2020-11-11,212.27398681640625,216.94184757548425,206.42784426731131,210.95973986044658,107094861,1.0789876630866058,0
2020-11-12,205.5667724609375,211.50355803784012,204.5244282494335,211.3675928814282,58859905,-3.159696793780842,1
2020-11-13,207.96868896484375,209.05634115663713,199.49405238313264,203.93530459555896,70676525,1.1684361607431804,0
2020-11-14,208.1499481201172,211.09568010082566,206.42783341734028,210.27994446903597,7753219,0.08715694471876922,0
2020-11-17,217.71224975585938,218.98118875147085,209.373565081436,210.14399282270892,80501583,4.593948603928588,0
2020-11-18,228.4075164794922,229.31389551314095,215.6275665729458,216.98713512341897,104514060,4.912570025630791,0
2020-11-19,217.3043670654297,228.22623687272366,216.62458280975056,224.78199387790016,82284278,-4.861113848264886,1
2020-11-20,220.02349853515625,222.42539731250457,212.04736070377498,218.8905248042852,84411129,1.2513008856871455,0
2020-11-23,216.35269165039062,223.10521328066483,215.80887248037894,220.70331416172257,57538324,-1.6683703828021312,0
2020-11-24,221.02052307128906,222.0628533815941,217.07776891792565,217.98414791131992,47636611,2.1575102141281777,0
2020-11-25,220.25010681152344,226.5041166580236,218.98118168709476,222.47073269439687,74767232,-0.34857227241161803,0
2020-11-26,222.47073364257812,223.1958396440192,217.66692194205854,221.15648679447995,64248318,1.0082296273095315,0
2020-11-27,221.38308715820312,223.19584529255894,219.38905597646112,222.47073927276722,54355703,-0.4888941869191754,0
2020-12-01,224.82733154296875,225.64306717555135,221.38308830382,222.06287260772118,37003272,1.5557847841846772,0
2020-12-02,223.83030700683594,227.36519365329045,221.24713497352946,225.0992459941197,56723083,-0.4434623358691825,0
2020-12-03,232.304931640625,234.75216605754545,224.78199684274622,225.96029233418085,79266442,3.7861828217615967,0
2020-12-04,238.8308868408203,239.6013145885347,229.81241778878183,232.93942283905434,79252024,2.809219397154661,0
2020-12-07,244.35980224609375,246.03660905386351,238.37769486565531,239.1027870558019,76053084,2.314991782850284,0
2020-12-08,246.4444580078125,248.0759568930819,240.4170428612043,245.58341450715045,65617502,0.8531091212863551,0
2020-12-09,245.0395965576172,249.1636104209801,243.997266119014,246.62575999129447,48495641,-0.5700519547292004,0
2020-12-10,244.31446838378906,245.62872910556263,240.68895208702799,243.8159709571821,38676657,-0.29592285655661854,0
2020-12-11,246.94297790527344,250.3872071567162,244.76764610384342,244.76764610384342,50255223,1.075871412312468,0
2020-12-14,248.52914428710938,250.29656682204862,246.8523375279415,248.3478574145803,31946501,0.6423209095843818,0
2020-12-15,245.31150817871094,248.39319171595128,243.0455603336083,248.39319171595128,34890948,-1.2946715435036893,0
2020-12-16,244.1785125732422,248.03062356785134,243.36277695354136,247.26019583683075,24844177,-0.4618599485529895,0
2020-12-17,242.63768005371094,246.67105018510773,241.73130101377998,244.72234078135483,25904699,-0.6310270724861899,0
2020-12-18,246.03660583496094,246.48979536299697,240.1904498590986,242.63768437469068,29816205,1.4008235573706562,0
2020-12-21,230.854736328125,243.81595923177417,227.5464583985285,243.31746182914057,55160758,-6.17057346215375,1
2020-12-22,233.3472900390625,234.4802638154019,225.00859198100738,230.94537733507516,51189571,1.079706550787285,0
2020-12-23,238.37770080566406,239.19343645502937,231.67050106794585,232.89411837224117,29056404,2.155761382855337,0
2020-12-24,241.8672332763672,243.67999121336752,239.87318848147044,240.1904266525437,28585509,1.4638669887784284,0
2020-12-28,249.43556213378906,250.16065441572258,242.9096209543973,243.58940534139654,36870242,3.1291253283465714,0
2020-12-29,251.88270568847656,253.6954635957855,248.9823096330766,250.4324938305313,45032526,0.9810724396126513,0
2020-12-30,250.97634887695312,252.60784773376278,246.9882866611289,251.97337134603242,30971894,-0.35983288691697757,0
2020-12-31,249.2089385986328,251.29359941415575,247.0789422329063,249.25424648834206,29467966,-0.7042138776139573,0
2021-01-01,253.2422637939453,253.78609667606332,248.71036921044418,249.1635586687943,24531791,1.618451255397546,0
2021-01-04,254.7378387451172,257.32102475028705,251.74679873523334,255.46295863210096,31450608,0.5905708347279548,0
2021-01-05,255.3722686767578,256.00674500474713,251.06696867244688,252.01865550394052,27393072,0.24905209793957273,0
2021-01-06,258.36334228515625,262.07950199628453,255.0550642188508,256.50527625983915,40765708,1.1712601465684092,0
2021-01-07,260.7652587890625,264.4813906949815,260.1307824019338,261.94354046745246,30546600,0.9296661371005266,0
2021-01-08,259.2243957519531,264.11883685293355,258.4993036112494,262.940555209167,32543357,-0.5909004306266952,0
2021-01-11,256.0520935058594,261.2184653947773,253.42359967099554,261.03717851216817,29703173,-1.2237668591690953,0
2021-01-12,265.11590576171875,266.33952316656456,251.88276442065836,253.78616619925214,44307145,3.5398313412547733,0
2021-01-13,278.07708740234375,279.1647533497221,266.9286359139389,268.2882045179148,78042133,4.888873643165814,0
2021-01-14,278.48492431640625,280.2976821638686,275.3579059653378,277.98642697254996,40123498,0.1466632572544313,0
2021-01-15,275.40325927734375,281.7932200377448,273.0919762764072,278.07706067857555,35307601,-1.1065823568823463,0
2021-01-18,266.8833312988281,279.75389764473476,264.8439783678452,275.08605091258386,54969750,-3.093619153553906,1
2021-01-19,270.644775390625,274.17964796451537,268.6507305230499,269.7837042749694,35803901,1.4093964105930556,0
2021-01-20,274.2249755859375,276.17371270788016,269.0586315016661,270.826054085564,33759304,1.3228410524996015,0
2021-01-21,267.245849609375,276.58154210290587,264.2094744735498,275.53921180088895,29995203,-2.5450365932753516,1
2021-01-22,257.1397705078125,270.1009810158513,255.96146104131157,267.8350331885371,44440810,-3.781566342876508,1
2021-01-25,254.647216796875,261.03717832714364,251.1123162119658,257.86485150719574,34034630,-0.9693380786702455,0
2021-01-27,249.8433837890625,258.1820822530594,247.1695821430319,253.96742513199874,39211107,-1.8864659383433957,0
2021-01-28,255.91615295410156,256.8225320843371,244.2691755984758,246.4444799789419,48717297,2.430630370490894,0
2021-01-29,255.6895751953125,263.4391062105904,252.97043762356617,258.8619023623499,42300984,-0.08853593498245882,0
2021-02-01,281.6119689941406,284.51236522493195,256.27866464335887,258.40866084534906,103414068,10.138228662246739,0
2021-02-02,301.91485595703125,305.81227466415584,285.50939022471874,285.50939022471874,121434166,7.209525587782473,0
2021-02-03,304.4980773925781,308.0782583316196,295.2983071670449,302.5040322580645,66420168,0.855612562475061,0
2021-02-04,321.855224609375,324.4837184727254,300.10212616427606,303.09316613627914,145203439,5.70024854193707,0
2021-02-05,356.297607421875,370.1198878309798,349.0918829640788,350.7686897261344,214955688,10.70120357819313,0
2021-02-08,359.8778076171875,369.62138286167783,357.7931467686107,360.7388788192706,79389205,1.004834194991755,0
2021-02-09,357.8384094238281,365.7239175960434,352.5814224160121,359.6058594949944,63869990,-0.5666918465638604,0
2021-02-10,355.5271911621094,360.6482273892608,351.6750801042662,357.1586624282923,54163507,-0.6458832257387193,0
2021-02-11,353.623779296875,359.78717340653003,351.9016646414175,355.11929919081194,36392708,-0.5353772967442216,0
2021-02-12,356.3429260253906,361.9624873265371,349.4544395576771,354.39421655596686,53589755,0.7689377490173843,0
2021-02-15,368.8509826660156,371.11693039670627,358.6542178779079,360.2856891798072,56608937,3.510117846350558,0
2021-02-16,364.6816101074219,376.82708363909694,362.8235164901756,373.42816225930954,80365431,-1.13036775134987,0
2021-02-17,373.2015686035156,376.01134915120844,362.6875662388711,365.27075202724177,74161370,2.336273137980305,0
2021-02-18,376.32861328125,387.65835202815066,374.9690446316219,385.2564252854117,67154539,0.8378969813646497,0
2021-02-19,362.1437072753906,376.147273459964,358.01969401611035,376.147273459964,66155518,-3.7692871350332946,1
2021-02-22,353.03466796875,363.4580278702664,349.54510281744757,363.0954817536171,52535049,-2.5153106691188976,1
2021-02-23,358.5635681152344,362.27972786015135,352.5814606795746,355.30059790846593,45462768,1.5661068580873128,0
2021-02-24,368.2164611816406,372.06857185246395,358.20098450169655,359.83245560396637,39632090,2.692100906164563,0
2021-02-25,369.1228942871094,376.05668897918804,368.4884178429211,372.52181596562787,46988836,0.24616854514323272,0
2021-02-26,353.623779296875,363.45799747896564,350.76869083381473,362.0984289098423,64450414,-4.19890373371935,1
2021-03-01,357.97442626953125,360.46696872253716,354.39421786374334,358.11037759850547,29677890,1.230303850410408,0
2021-03-02,357.294677734375,362.1437841363819,353.9863716553277,358.01977000182546,30534337,-0.189887457112492,0
2021-03-03,367.1288146972656,370.61837949163214,358.9260955475602,359.3792850621404,46268223,2.7523883157872353,0
2021-03-04,358.6088562011719,365.72393708928246,357.5212179659752,361.3733288275104,43603653,-2.3207000254445553,1
2021-03-05,347.7323303222656,358.019738465982,342.7019374662452,358.019738465982,72179228,-3.03297748809771,1
2021-03-08,353.1252746582031,356.5695038986241,349.9076125141722,352.08294430864095,39147858,1.550889539359046,0
2021-03-09,351.3125305175781,357.9290866164198,346.46339699612867,356.6148535707426,28054083,-0.5133430741766087,0
2021-03-10,351.40313720703125,356.206934676642,349.59037926974554,354.4848201683188,22677399,0.02579090740646439,0
2021-03-12,345.42108154296875,356.3882742168456,342.1581112414152,355.02870556290617,35336355,-1.7023341657129598,0
2021-03-15,347.95892333984375,349.8623249402705,334.77111878776964,346.68999815972404,42722585,0.7347095856276908,0
2021-03-16,343.1097717285156,351.5391133280401,340.88915969492854,349.4997605046783,38196452,-1.3935988664363297,0
2021-03-17,333.6834716796875,344.10683169037753,331.78006997172315,342.7925985461968,33143064,-2.747313199895296,1
2021-03-18,332.7317810058594,339.89217053298853,327.2935062773315,336.71984360801395,39405038,-0.2852076157795702,0
2021-03-19,336.4025573730469,337.98872060916165,323.8038949154335,329.87664522646963,60309145,1.1032238507817427,0
2021-03-22,332.64111328125,337.89810073757366,329.4687865878321,337.17300855756133,28461974,-1.1181377814633242,0
2021-03-23,337.8075256347656,342.56601624784713,332.68646122752796,334.1820089771797,41032380,1.5531490688426741,0
2021-03-24,326.1605224609375,334.4991935282374,325.0728564840965,334.0006960908073,42318999,-3.447822292277991,1
2021-03-25,321.9458312988281,327.0668671077367,312.88204131474504,326.29643942699124,57495003,-1.2922137634281405,0
2021-03-26,323.7585754394531,328.1091833814193,321.356649068075,326.29642546218497,40718848,0.5630587398233633,0
2021-03-30,327.02154541015625,330.1938720389263,322.9428397445948,326.3870966806981,39405124,1.0078404768967486,0
2021-03-31,330.1938781738281,333.4115404105168,324.43839331166174,326.56836195930134,38651025,0.970068427660653,0
2021-04-01,335.9493713378906,337.08234508964426,329.10622094149545,333.2755698800472,31883453,1.7430647702779467,0
2021-04-05,320.4502868652344,334.63514045338087,316.3715813336761,333.094285077262,51743981,-4.6135179271008635,1
2021-04-06,317.7311706542969,323.5773266966268,316.5981968213255,322.39904497453415,44147709,-0.8485298102045458,0
2021-04-07,324.9822082519531,329.1968931047109,315.0573739166869,318.3656520284423,48023602,2.2821297585390754,0
2021-04-08,322.30841064453125,329.2875130565745,321.1301012286445,327.20285220919027,33370259,-0.822751996733595,0
2021-04-09,319.9518127441406,330.3751720828308,318.3203414770651,321.2207379141432,46473100,-0.7311623968105696,0
2021-04-12,298.062744140625,311.79438066392925,292.3525397589146,311.79438066392925,75501713,-6.841364146612882,1
2021-04-13,309.07525634765625,310.2082301612474,299.5582763134909,300.9178448898002,49773360,3.6946959737563123,0
2021-04-15,310.6161193847656,315.01203576046936,304.63401197080003,310.07228640886075,52992349,0.49853975867164557,0
2021-04-16,308.0782470703125,313.1539755049519,306.9452732081383,310.88802778060347,37766793,-0.8170446271364984,0
2021-04-19,300.14739990234375,300.96313546911597,291.21956123260605,296.5218839073633,53304377,-2.5742963819703535,1
2021-04-20,298.65191650390625,308.07825370819756,296.1140660621531,303.7276450479078,41296147,-0.498249659641925,0
2021-04-22,305.13250732421875,306.03888639107254,293.0323412496223,295.47957579432506,49105833,2.1699478430193597,0
2021-04-23,304.95123291015625,308.07822393867434,300.6005970097721,300.6005970097721,44223940,-0.05940842411453762,0
2021-04-26,312.0662841796875,314.9214002088024,307.4890812125699,307.4890812125699,49234985,2.333176751453725,0
2021-04-27,319.9971008300781,321.71924309046227,310.34416983286343,311.794381791901,46003023,2.541388497395025,0
2021-04-28,329.378173828125,330.19390952173904,322.7162816193674,323.5773528662632,56696255,2.9316118720176476,0
2021-04-29,325.7526550292969,335.3149714834763,322.21778194094685,330.82838370870775,63692926,-1.1007161636399032,0
2021-04-30,320.40496826171875,328.5623790519747,317.6405234469952,320.3596603770805,53832840,-1.6416402706210254,0
2021-05-03,317.7765197753906,319.49863454295576,309.4378209443977,316.87014067030424,43691860,-0.8203519753729682,0
2021-05-04,318.59228515625,328.9250023859748,317.4140032739253,321.764612319968,57749307,0.25671040183710137,0
2021-05-05,322.1271057128906,323.985199343661,315.419906340057,323.12412819031704,40872501,1.1095122893220788,0
2021-05-06,322.2630920410156,325.70734936801176,317.73119634272825,324.48373199737495,36294427,0.04221511500066555,0
2021-05-07,324.71026611328125,328.10918725194085,319.9517765191578,324.0304818855493,38357618,0.7593714988479494,0
2021-05-10,327.8372802734375,332.6410776881159,325.208759166038,326.74961445930734,41739324,0.9630167218258823,0
2021-05-11,330.5111389160156,332.09730236804967,321.5379912051795,323.4413928797194,41892770,0.8156054248461109,0
2021-05-12,333.27557373046875,338.5325609351442,328.018558865301,328.8342944438896,53436590,0.8364119961341343,0
2021-05-14,326.704345703125,337.6262023942307,325.8885824145827,335.36025472715534,51722170,-1.9717100637738683,0
2021-05-17,347.2337951660156,349.1371965692474,329.6047128191782,330.28449705886874,106555796,6.283800547160667,0
2021-05-18,346.4634094238281,355.7991030478327,344.4693643485578,353.4878474173786,70917710,-0.22186369901557867,0
2021-05-19,348.412109375,353.03464816939385,345.5117129439741,346.236805136607,48189573,0.5624547638126032,0
2021-05-20,348.548095703125,351.4938279797959,346.23683990408966,350.7687357143526,42898608,0.03903031050469519,0
2021-05-21,363.6393127441406,366.5397093217611,342.61130616903847,353.48785557123017,192810772,4.329737338134687,0
2021-05-24,373.4734802246094,379.95411262533776,367.355421575903,377.9600676311915,142964052,2.7043741245293074,0
2021-05-25,373.7453918457031,376.60048020686975,370.25582711072514,376.23793413347425,56048127,0.07280613898750232,0
2021-05-26,374.83306884765625,379.5462512709201,372.3405263019965,375.05966362453444,52357719,0.29102084619203605,0
2021-05-27,385.39239501953125,388.92726789153824,373.4281801260522,374.9690356228089,73392997,2.817074332405456,0
2021-05-28,382.5372314453125,393.0512329805153,380.72447351374274,390.19614477039113,65137568,-0.7408458524652661,0
2021-05-31,384.6219787597656,386.1174987509979,378.8664659106036,381.58560322575147,38291043,0.5449789309595943,0
2021-06-01,392.05426025390625,394.5921382759125,385.7549422399594,386.1627962299375,59299647,1.9323600585973821,0
2021-06-02,396.3142395019531,396.9487159009735,388.9725636669023,390.46808356688643,38657806,1.0865789968174333,0
2021-06-03,402.16864013671875,404.2725756515228,396.5429498909898,399.7445654033738,38909199,1.4772117807633656,0
2021-06-04,396.6344299316406,404.2268212608921,394.94214186450716,400.20193877410975,36898769,-1.3760919307872266,0
2021-06-07,395.3995056152344,400.11044845061065,394.07311091356587,398.0065409057618,20201197,-0.31135076110742066,0
2021-06-08,390.780029296875,395.6281784678205,387.8528269834818,395.39949165945757,31113823,-1.1683060430668912,0
2021-06-09,385.52020263671875,395.44518701289496,382.5472743598681,391.0544118011243,27784834,-1.3459814386165503,0
2021-06-10,395.3995056152344,396.3599790779108,386.3892394645412,388.67610762888614,27397712,2.5625902121204858,0
2021-06-11,392.9753723144531,398.37237479392996,388.9962167189867,397.77779474308255,26831924,-0.6130845553307784,0
2021-06-14,393.6614990234375,395.5824739018937,381.1752041872797,390.5970900406469,30106015,0.17459789017906235,0
2021-06-15,392.8839416503906,395.90259639194994,391.5118207831599,392.60952864329266,16413658,-0.1975192836931705,0
2021-06-16,389.6365661621094,395.85683571878405,388.76754518886935,391.5117866843202,19701175,-0.8265482866619545,0
2021-06-17,384.4225158691406,389.636586144243,381.0836941282875,385.1085762781873,23048331,-1.3381830007195505,0
2021-06-18,377.69915771484375,387.76137809817675,368.3229978121925,387.76137809817675,45748727,-1.7489501464543644,0
2021-06-21,383.96514892578125,385.1085829607002,366.35626478802953,371.70754165462415,33128978,1.6589899879173808,0
2021-06-22,382.9589538574219,389.17925228423195,381.7240394118449,386.93811021944884,28442965,-0.2620537491942687,0
2021-06-23,383.1418762207031,388.53887920088465,379.6200938631363,385.2000574524912,27564829,0.0477655272030475,0
2021-06-24,381.6325378417969,386.70937356674546,380.809243040243,384.513985899629,19214547,-0.39393719992038,0
2021-06-25,392.2436218261719,394.25607700507544,383.3248358614399,385.1086042207349,29886797,2.780445305943413,0
2021-06-28,390.3683776855469,396.22275433362654,388.3559226272055,393.9816403852467,29370660,-0.47808148718758714,0
2021-06-29,385.5659484863281,392.38082635783167,384.6969274716719,391.0544317388026,22275961,-1.230230078494532,0
2021-06-30,383.4620361328125,388.6760784059744,382.63874132285144,386.93806431492044,18337773,-0.5456686104608699,0
2021-07-01,384.55975341796875,387.57843621103075,381.58682473872585,384.46827310620233,16161469,0.2862649184849353,0
2021-07-02,388.21868896484375,389.13343612447625,383.279059886002,384.4682200271771,16423811,0.9514608625458942,0
2021-07-05,395.7654113769531,397.45769945492987,388.08153968643035,390.13972109902784,16483761,1.943935886299597,0
2021-07-06,393.1126403808594,399.28718447061107,391.69479327474636,394.8964087286917,20195278,-0.6702887417230796,0
2021-07-07,395.9483337402344,397.00028744406666,391.1001567984235,392.7467185189113,14473774,0.7213437239330878,0
2021-07-08,388.26446533203125,398.2809305547424,386.1148038004786,395.90258222017076,21433043,-1.9406240040510392,0
2021-07-09,387.6241455078125,391.054447680448,385.1543167771667,388.76757956535766,16844494,-0.1649184721736474,0
2021-07-12,391.0086975097656,393.56997847527344,388.4016624352391,390.1396765129672,12886781,0.8731530378529806,0
2021-07-13,392.51806640625,394.9878673314468,391.7862518271803,393.3413333813156,12831125,0.38601926404633335,0
2021-07-14,394.3017883300781,395.4452223849918,390.04821922897344,392.4265676463679,12767351,0.45443052855100863,0
2021-07-15,394.8963928222656,396.0398268669029,393.02114423953844,395.8111400579754,11030732,0.15079933943635826,0
2021-07-16,393.3412780761719,395.62814597196353,391.00868398881147,395.1707723928052,8713863,-0.39380322898864284,0
2021-07-19,391.4203186035156,392.8381935032809,383.1418676668262,387.3039562318398,14426686,-0.4883696626124867,0
2021-07-20,385.0171203613281,390.59708429152414,383.187625821321,390.59708429152414,14623321,-1.6358880563565048,0
2021-07-22,386.06903076171875,390.32262742201783,385.01707710258154,389.2706458470125,11799761,0.27321133133078046,0
2021-07-23,392.3350830078125,393.2955843528593,383.73646459295605,386.84659960481434,17704661,1.6230393392939968,0
2021-07-26,387.2124938964844,391.3288564591651,386.29774666033313,391.3288564591651,14037519,-1.3056668478526379,0
2021-07-27,393.29559326171875,396.31424803539767,387.8528359307758,387.9900424357847,24119619,1.5709976979360052,0
2021-07-28,389.2249450683594,393.7986812031227,385.15430874207203,393.34130758964636,17636515,-1.0350098661417118,0
2021-07-29,403.9065856933594,405.78183406684616,389.2249053647492,389.6822789315703,35263606,3.772019448142383,0
2021-07-30,394.9878234863281,406.513643605453,393.98162391509084,403.8608823509872,35196813,-2.2081249781359724,1
2021-08-02,397.8235778808594,399.4701396987546,394.98785579104344,397.6863713750025,16926025,0.7179346364406092,0
2021-08-03,408.43463134765625,409.7152718650125,396.63439786165935,397.8693121846302,40922962,2.667276163801091,0
2021-08-04,417.9937438964844,427.5985894893642,403.86088850061356,410.4013253925912,129761158,2.3404265493568,0
2021-08-05,404.18109130859375,423.07061706010296,401.0252020257968,421.698496139908,58595639,-3.3045117994185413,1
2021-08-06,398.50958251953125,408.89196805212663,397.000255334727,405.8733136825182,38236066,-1.403209826244023,0
2021-08-09,396.4514465332031,404.1353177330876,394.256058749789,400.5678090955559,22196404,-0.5164583429376535,0
2021-08-10,390.0939636230469,399.19568172390404,385.74891432261467,397.3661872816168,27794251,-1.6035968504465536,0
2021-08-11,391.5574951171875,395.99402425012175,387.0752397944169,393.1583025835961,23827946,0.37517409409464353,0
2021-08-12,390.73431396484375,393.75299688435103,388.76761280090784,393.341349422095,16847144,-0.21023251057865622,0
2021-08-13,394.4389953613281,395.39946873441653,388.76755167640727,391.1458999286601,20908992,0.9481331083754485,0
2021-08-16,388.63037109375,397.00030276942437,387.8528303553823,393.34131380380757,17608693,-1.4726293129960655,0
2021-08-17,385.5659484863281,389.545104427546,379.8487784316673,388.63035721880027,22957877,-0.788518560399043,0
2021-08-18,383.91943359375,388.1730027408294,382.36435209591116,386.1605476160816,17668574,-0.4270384610057243,0
2021-08-20,372.0277404785156,381.7697937032452,370.60986540483714,379.6201319511905,25541790,-3.097444951905648,1
2021-08-23,374.5889892578125,377.7906045506143,367.0423246390654,376.0525904034102,26559937,0.6884563973650115,0
2021-08-24,381.9984436035156,383.0503973204456,373.3998253423619,374.5889855587402,19012313,1.9780224614673658,0
2021-08-25,380.7635498046875,385.3830123356692,378.9797814680828,383.27910478838214,16410980,-0.3232719450841137,0
2021-08-26,375.7323913574219,380.3518532923651,375.0463309958441,379.16269316531066,15897679,-1.3213340536000207,0
2021-08-27,377.2875061035156,379.02552025699,372.7594961495837,375.36653133773024,15090541,0.41388892250560083,0
2021-08-30,386.66363525390625,387.2124612165811,378.2479502252323,379.07121708511244,20308691,2.4851417019407185,0
2021-08-31,389.7280578613281,390.5970789222341,383.00468785192083,387.7156306445066,26262421,0.792529301445577,0
2021-09-01,393.2498474121094,395.67392210443523,388.90479786168464,391.054459538227,18776721,0.9036530677589472,0
2021-09-02,393.1126403808594,396.5429426529436,391.28314583574775,394.6219677974022,14372717,-0.034890549138910654,0
2021-09-03,394.6219482421875,397.27470961796934,391.6947738645858,394.48474174127756,14233624,0.3839377588738646,0
2021-09-06,394.3017883300781,396.863097362607,393.3870410861472,395.1708093781607,10694099,-0.08113079202398676,0
2021-09-07,392.51806640625,394.89641493545093,388.85907725851683,394.30180686624686,14928735,-0.4523747993592453,0
2021-09-08,394.5762023925781,398.28091731195707,390.91721366593475,392.42654093250144,22817464,0.5243417214324975,0
2021-09-09,395.4452209472656,396.8173418081734,393.3413134602219,393.5700002703732,9662128,0.2202409951279627,0
2021-09-13,395.9483337402344,396.81732683650046,392.24359080603887,393.4327789234805,9567921,0.12722692456961227,0
2021-09-14,396.0855712890625,399.5158735808269,395.39951083070963,397.91506584467015,9981562,0.0346604688373775,0
2021-09-15,406.01055908203125,407.062512801603,394.66769913994705,396.0855461642564,22181568,2.5057685794177775,0
2021-09-16,424.1683044433594,426.36369222629446,405.00433868534986,406.92531346386943,42637448,4.47223476216525,0
2021-09-17,415.3867492675781,431.6692398356103,411.95644693589674,428.10173099383604,41529478,-2.0702997097591713,1
2021-09-20,400.1562194824219,414.83790255192383,398.5096575849526,411.0874330206504,18376916,-3.666590186617935,1
2021-09-21,401.39105224609375,403.7236743094292,395.7653626606565,402.62596652481625,17279588,0.3085876724018055,0
2021-09-22,401.43682861328125,405.05006343256156,398.9212737236087,401.4825548085636,14321143,0.011404431397088466,0
2021-09-23,411.45330810546875,412.6882224948167,404.36401681076757,404.68418393628315,20516770,2.4951570902919773,0
2021-09-24,403.17486572265625,413.37429236366256,402.4888052591464,412.64250570226733,10731274,-2.0120004432411687,1
2021-09-27,408.526123046875,412.1393578960577,404.5469669689246,406.97104157222344,11746892,1.3272794956171285,0
2021-09-28,406.97100830078125,416.94174682040625,402.1228594905383,410.90443786149785,19241170,-0.38066470131588037,0
2021-09-29,420.78375244140625,422.88766003726454,401.6655397071341,404.1810947489034,38635938,3.394036395441802,0
2021-09-30,414.3804931640625,425.26597956466856,412.91689202004414,420.73799754782823,26530369,-1.5217458469324763,0
2021-10-01,413.14556884765625,416.71307735787383,405.96479771752786,410.26412074001394,14777309,-0.29801700050521296,0
2021-10-04,423.6651916503906,424.80862573555083,413.09987186985865,415.1122991102179,16246765,2.546226704567034,0
2021-10-05,425.08306884765625,429.0164709544509,419.5945852107123,422.6132400446829,16487568,0.3346692683772856,0
2021-10-06,418.2224426269531,430.84594317135833,414.9750732272012,425.35745981885697,19056690,-1.6139495368049706,0
2021-10-07,418.86273193359375,424.4426953653202,418.1309453493114,422.70468129074806,9984651,0.1530977875359385,0
2021-10-08,418.9542236328125,424.442706911845,415.52392158341723,422.5217321810097,16521128,0.021842883656986167,0
2021-10-11,429.2451171875,434.4591873159546,419.54879142917974,420.78370571390514,20686981,2.4563288717926346,0
2021-10-12,441.8229064941406,443.1035470167468,428.19317852294046,429.93119265475383,33763609,2.9302113880881997,0
2021-10-13,440.6337585449219,444.70436703068015,437.24918257620556,444.70436703068015,17638983,-0.2691458346183562,0
2021-10-14,448.7749938964844,451.7936485708089,440.908162183073,440.908162183073,23431826,1.847619523852817,0
2021-10-18,455.4983825683594,458.28835038137936,449.7812125286715,451.88511993692896,20084248,1.4981647291662181,0
2021-10-19,446.5796203613281,461.2155764185171,442.05161028978694,457.6937939090819,20645100,-1.9580228049860926,0
2021-10-20,457.2821044921875,464.2341885642044,441.9143632095128,447.1284053266244,34080545,2.3965455750533327,0
2021-10-21,460.0721435546875,463.31948514702015,449.8269631215146,461.8558839542996,20808243,0.6101351955590584,0
2021-10-22,460.0721435546875,465.3319402764947,457.37362798323807,461.581470943858,24080485,0.0,0
2021-10-25,463.3194274902344,471.5064255786694,455.4068702939596,463.3194274902344,35619415,0.7058205938001771,0
2021-10-26,468.8536682128906,474.0220122478447,464.3256863029112,464.3256863029112,21107457,1.1944762930911068,0
2021-10-27,474.89105224609375,481.9345613326672,469.03664757410104,469.9056686189385,29463032,1.2876904762664232,0
2021-10-28,458.6085510253906,476.1716819222038,455.1782487507156,475.3026608462709,28140401,-3.4286814088603568,1
2021-10-29,459.34033203125,468.94520619814455,446.7625571787192,458.74575189412275,31355893,0.1595654952841974,0
2021-11-01,471.73516845703125,472.87860252065997,458.2883727024087,465.14897708418124,20679604,2.6983993264797723,0
2021-11-02,477.2236328125,480.2422874529996,468.39629986281113,470.91185470185064,26797820,1.1634630450429784,0
2021-11-03,482.6664123535156,496.06742616576594,471.27779784070805,479.32756253370434,80775924,1.1405092218377266,0
2021-11-04,485.2276611328125,490.21304451580113,483.0322455304038,486.18813452196457,9796046,0.53064574491688,0
2021-11-08,478.6415100097656,488.8866906211392,472.4212397273489,488.8866906211392,36802110,-1.3573321660333315,0
2021-11-09,484.03851318359375,486.64552042460116,477.68100884628535,481.3857239162526,25451967,1.1275668868999666,0
2021-11-10,479.6934814453125,483.4439228470967,477.04069208091,480.7454072864268,15805538,-0.89766240080843,0
2021-11-11,466.15521240234375,478.27558576267745,463.8683442370221,478.27558576267745,23086898,-2.822274966542815,1
2021-11-12,467.7559814453125,469.2653087264636,459.8434238306619,468.35056153596366,19836221,0.34339829318204007,0
2021-11-15,463.36517333984375,471.9180929806941,462.40469996620203,468.71647784739696,13328183,-0.9386963031240425,0
2021-11-16,452.891357421875,464.142737141441,451.4277562763057,464.142737141441,19553216,-2.260380477556301,1
2021-11-17,455.6813049316406,462.3132220273596,449.14086813765704,451.74790319983754,20488483,0.6160301944483138,0
2021-11-18,460.8496398925781,463.04505556100526,450.33004682553235,456.5503446929596,22471070,1.134199473404518,0
2021-11-22,444.9330139160156,462.86206387045587,436.7917697591753,462.86206387045587,28800269,-3.453756843614453,1
2021-11-23,451.01611328125,453.16577486777436,439.078673024738,443.8810960109461,20000371,1.3671944258967894,0
2021-11-24,451.1075744628906,457.3735983433686,447.35710537330124,453.5316489509367,13963769,0.02027891663896053,0
2021-11-25,448.7292175292969,453.2115010394632,444.84154201822463,448.22611774715256,12894211,-0.5272261137325263,0
2021-11-26,430.3885803222656,446.3051768594048,427.27844526124056,444.7958494828941,26305817,-4.087239361861661,1
2021-11-29,425.4489440917969,437.0204910180489,415.56965721565007,429.93119995496176,22407465,-1.1477154497849473,0
2021-11-30,421.286865234375,436.56315657853776,418.95427074483035,428.10174390519785,23026652,-0.9782792777419225,0
2021-12-01,434.77935791015625,436.56312621872877,424.4427251241281,424.85437255406663,17156956,3.2026853408484435,0
2021-12-02,436.33441162109375,437.3863653112203,430.8002022626874,434.04754363565826,12962679,0.35766502770788744,0
2021-12-03,432.8126525878906,440.45079765268446,429.9769305504625,435.1910010036649,16653993,-0.8071238342442166,0
2021-12-06,425.6318359375,436.3343887138083,424.25971521827415,432.8126066179552,14353300,-1.659105067158917,0
2021-12-07,436.05999755859375,438.8042391343788,429.19939361913106,429.19939361913106,13644942,2.450042675526043,0
2021-12-08,449.64398193359375,450.4215226487684,439.30734958040273,439.9019296864058,20397660,3.1151640716997164,0
2021-12-09,446.9912109375,451.42774041328664,444.65861675824704,450.3300326137153,12560970,-0.5899714224320562,0
2021-12-10,452.52545166015625,453.66888566180825,443.10353873702195,446.8540078456145,13261408,1.2381095169743839,0
2021-12-13,446.21368408203125,457.78525878227936,444.8873173585926,455.31543011455665,14047645,-1.3947873108505537,0
2021-12-14,446.8997497558594,448.54631152566594,440.72520592979265,444.5671554768045,11642447,0.153752719448641,0
2021-12-15,443.4694519042969,449.14089597295117,442.2802916556454,448.22614873064373,8639835,-0.7675765881355878,0
2021-12-16,440.1306457519531,448.7292645531708,437.47788423781503,446.716837297836,11107781,-0.7528830087408789,0
2021-12-17,427.91876220703125,440.3593306757933,426.7296019210809,439.12441627677026,12648603,-2.7746042368983814,1
2021-12-20,410.90447998046875,424.4427282496702,405.23303580733597,419.86899195387633,22336114,-3.9760542722664827,1
2021-12-21,407.9772644042969,419.18291796697093,406.60514355988784,418.08521012509567,16617447,-0.7123834659361727,0
2021-12-22,416.9875183105469,418.31388500613815,410.72149438321924,411.6362415867453,13102553,2.2085186338523632,0
2021-12-23,422.4302673339844,425.3574696895943,418.72555215142324,421.69848070301714,14471377,1.3052546621753036,0
2021-12-24,417.9937438964844,424.07680718880107,413.6486946997054,423.1620599894792,13221159,-1.050238058342623,0
2021-12-27,418.9999694824219,421.2411114261733,412.13936506180016,415.02084125115795,8856482,0.2407274272953508,0
2021-12-28,421.8814392089844,423.4364927709809,419.91471030583773,421.8814392089844,8832210,0.6877016554731163,0
2021-12-29,415.6611633300781,422.7504548333301,412.9169214578515,421.69850103215094,11757303,-1.4744132594619708,0
2021-12-30,413.1913146972656,416.11848894021495,410.26411253844765,414.15178807532254,28879190,-0.5941975942677091,0
2021-12-31,421.1954040527344,422.0643972353255,414.47200583688556,415.523959645218,10005842,1.937138819419082,0
2022-01-03,430.6629943847656,431.76070225175397,420.8752155535809,422.6132297464202,13124509,2.2477905126538023,0
2022-01-04,442.2803039550781,443.37801184272155,430.89168930529485,432.2180840098747,23296671,2.6975407039345756,0
2022-01-05,450.4215087890625,452.79985705576144,438.30110857494367,440.8166633363645,24694169,1.8407342043454955,0
2022-01-06,449.78125,452.2510509133829,444.0183253703631,446.1222608697689,18190843,-0.14214658415931947,0
2022-01-07,449.36956787109375,459.1573742053209,447.72303405592913,451.3820229037345,22746330,-0.09152941099840328,0
2022-01-10,460.71240234375,461.90159040331747,450.5129770753696,451.29051774588135,15832274,2.5241661393301307,0
2022-01-11,462.8163757324219,464.50863578819735,456.6875580780953,460.11786021688926,16107950,0.4566782613119269,0
2022-01-12,466.7497253417969,469.7226535286873,465.1489178565482,466.42955826157373,14489616,0.8498726094448017,0
2022-01-13,467.7559814453125,469.12807431519354,463.776825583464,466.5210671549638,10450974,0.2155879369353242,0
2022-01-14,465.0117492675781,466.84124368553586,462.084547032498,465.60632937024053,8724574,-0.5866802962636641,0
2022-01-17,470.1800842285156,474.6623680645578,464.2799533281715,464.691600755031,17422211,1.1114418010035099,0
2022-01-18,463.5938415527344,473.3359209719678,461.9473078593845,470.18003215786865,12592506,-1.4007915045121777,0
2022-01-19,471.82659912109375,473.51891495637545,457.6480173850423,461.94734043264435,16079457,1.7758556802189185,0
2022-01-20,467.8017578125,474.8910772151072,464.6916226143969,472.009600923285,17724642,-0.8530339993741642,0
2022-01-21,459.84344482421875,464.23422037272604,455.5441216662415,462.2217652954026,16947941,-1.7012148533804838,0
2022-01-24,452.0223388671875,463.5938857626072,446.39664897657883,459.56900352713996,20233933,-1.7008192777481002,0
2022-01-25,470.7746887207031,473.38169601825234,447.31139971579785,448.2261469544805,21791739,4.1485449370734395,0
2022-01-27,483.8555603027344,485.59354654725604,460.3008190412504,460.6209582402638,35409230,2.778584298484188,0
2022-01-28,478.824462890625,490.6704510363016,476.94924217993685,488.47503528658655,24715250,-1.0397932409749622,0
2022-01-31,492.4084167480469,494.78679301613647,482.1175105358289,483.9012787789612,28674232,2.8369381496126334,0
2022-02-01,486.9199523925781,497.57678023994976,475.6685723288404,497.57678023994976,32245356,-1.1146162755940603,0
2022-02-02,493.7804870605469,497.8511229343958,486.0508626855724,490.89906711495075,21661864,1.4089656080549018,0
2022-02-03,494.054931640625,498.2628021851724,491.35647211378875,491.35647211378875,22717677,0.05558028056391606,0
2022-02-04,485.0904235839844,499.81788683878847,482.3461820145878,495.9302112821434,25332894,-1.8144759787888098,0
2022-02-07,487.78900146484375,502.19627155030327,480.47102300873735,486.5541149330737,52289545,0.5563040929403407,0
2022-02-08,486.0508728027344,491.8138244773501,474.7537679030532,489.8470957843641,26567546,-0.3563279731379154,0
2022-02-09,489.618408203125,490.76184213167033,482.7578046318528,489.3439952266211,14856155,0.7339839510664747,0
2022-02-10,494.4666442871094,497.57680745514483,488.8409818634131,491.3107549201972,18659370,0.9902070679444375,0
2022-02-11,484.45013427734375,491.8596207003723,482.1632660909293,490.53322598590336,14607095,-2.025720061300962,1
2022-02-14,458.65423583984375,471.6436291984334,457.0991823651546,471.0948032167013,26153332,-5.324778880695291,1
2022-02-15,480.059326171875,481.93454679200465,454.7208451236285,459.20310088374214,23842951,4.666933968861375,0
2022-02-16,472.64990234375,482.9865348203373,470.18007366979805,481.6144139827795,19773807,-1.5434392009857967,0
2022-02-17,469.2196350097656,475.66859225767956,467.5730731331966,475.66859225767956,16408356,-0.7257522570034536,0
2022-02-18,471.3692321777344,476.49185011832066,466.61256337439534,466.61256337439534,15111223,0.4581217424807882,0
2022-02-21,468.21337890625,473.3816952128393,461.6271876325928,467.9389379855899,16866932,-0.6695076929192578,0
2022-02-22,455.9100341796875,462.2217847649798,453.2572726775642,458.19690235666815,27108772,-2.62772173561191,1
2022-02-23,456.1844787597656,462.2675425760223,454.8580840401576,460.11788088928967,13899433,0.06019709142219831,0
2022-02-24,432.35528564453125,446.35093543284336,428.1017164806223,439.07868356986904,32356037,-5.223586997089225,1
2022-02-25,441.77716064453125,449.96413113557287,438.43831111317127,439.0786453039202,21792287,2.179197366803187,0
2022-02-28,442.005859375,443.92680616738363,432.7669070473986,436.2429352502415,18069367,0.05176789359935263,0
2022-03-02,433.8188781738281,438.8957141848437,427.18696068988453,437.24918032069553,22003848,-1.8522336361668001,0
2022-03-03,427.5528259277344,442.18878079331955,424.99154499260436,439.07864596755644,20358590,-1.444393630925156,0
2022-03-04,422.5674743652344,430.7544449425451,418.6340447100843,421.05811917340276,20684268,-1.1660200237672225,0
2022-03-07,402.7632141113281,415.2495367507259,396.49721760879453,409.34940565923307,33720472,-4.686650406223403,1
2022-03-08,402.7632141113281,404.4097759562401,388.7675919668694,400.6593065446795,42510207,0.0,0
2022-03-09,413.1913146972656,415.569635045953,401.1623668798871,404.3182558349919,32331325,2.5891392809908043,0
2022-03-10,428.74200439453125,436.014227555751,422.2930201769954,429.839684235311,34553299,3.7635567699817685,0
2022-03-11,430.2513732910156,434.32198179141335,422.6132281939466,426.63811049833384,22091309,0.3520459579452462,0
2022-03-14,443.78961181640625,444.56715254291663,430.4342967123957,430.8459441310982,27750689,3.146588103097936,0
2022-03-15,444.429931640625,448.6835005272817,439.67323504564973,447.3113797305622,27204899,0.1442845454624253,0
2022-03-16,450.7416687011719,452.15951565047516,447.67726009385024,450.97035549401875,16211288,1.4201872131444748,0
2022-03-17,459.1116638183594,460.57526508004037,455.8185679585451,456.4589022342406,22947673,1.8569383969549325,0
2022-03-21,448.7749938964844,459.20310667199715,447.31139275419645,459.20310667199715,19064060,-2.2514500799013737,1
2022-03-22,451.6107177734375,453.53166462015184,436.56311470170846,448.7749957825625,26157969,0.6318809905899503,0
2022-03-23,448.82073974609375,459.5690201040249,447.4943729620845,456.0015113556305,15800195,-0.6177838385012402,0
2022-03-24,445.5733642578125,452.6169009096352,442.28026877271157,443.65238956518124,18174877,-0.7235350777502703,0
2022-03-25,448.8664855957031,451.2448061069364,445.11601629710134,449.82695903940345,11541196,0.7390749991027734,0
2022-03-28,455.0867614746094,456.09298904295355,440.86245275969105,449.0951780929001,16738684,1.385774184198918,0
2022-03-29,452.79986572265625,458.6542422417551,449.78121111751955,457.3736017400568,14301429,-0.5025186284353667,0
2022-03-30,452.1595458984375,457.7395096003556,450.3300514332755,456.7332820613425,16461225,-0.1414134306768844,0
2022-03-31,451.4734802246094,455.1324691123894,450.2385938076794,452.15954064106813,10240982,-0.15173088350151076,0
2022-04-01,464.8745422363281,466.2923892422718,449.14087909358597,449.14087909358597,18527226,2.968294395730986,0
2022-04-04,468.7165222167969,471.0033903856303,462.8621173718863,465.880772188398,16257176,0.8264552328433705,0
2022-04-05,465.97222900390625,472.3754874696574,464.41717547702837,470.54599302683414,13602384,-0.5854910340927333,0
2022-04-06,470.13433837890625,471.27777238808164,462.8620869142029,463.77683412154323,13738275,0.8932097485502943,0
2022-04-07,471.0491027832031,475.57711279119303,466.5668189709018,466.5668189709018,19620958,0.1945751096274151,0
2022-04-08,472.1010437011719,475.21120675178236,468.67074143876727,475.21120675178236,13572638,0.22331873933170154,0
2022-04-11,471.00335693359375,477.49803973911236,469.44827552288496,469.7226885173069,12370288,-0.2325109809062309,0
2022-04-12,469.1280822753906,472.6498925176163,461.3527589400779,469.03662988748397,14460680,-0.3981446481426065,0
2022-04-13,473.5646667480469,476.4918691407067,469.9514039117203,470.4545037373942,15440525,0.9457085687852418,0
2022-04-18,466.0637512207031,471.09486139089717,461.0326410505091,468.35061947988225,14492183,-1.5839263471348675,0
2022-04-19,468.1676330566406,476.5375927567471,462.0388432092619,469.4940277402288,20362934,0.4514150329063549,0
2022-04-20,465.8807678222656,469.9056780943888,463.7768602930047,468.3505965878075,11881305,-0.4884714518695321,0
2022-04-21,472.2839660644531,473.83904746379,468.53352489405654,469.6312326954554,10035638,1.3744285414740043,0
2022-04-22,457.9224548339844,469.7226881547967,456.45885372783556,469.1738621663764,16760456,-3.0408636037643544,1
2022-04-25,452.57122802734375,456.64186469085627,448.2719045381479,452.79991485302713,14057444,-1.168587989112846,0
2022-04-26,462.4047546386719,464.600142549331,455.9557974168849,456.4588972595396,12137213,2.172813029716947,0
2022-04-27,454.8580322265625,459.9348678754136,449.9184030706242,457.373586954814,12367342,-1.6320598645242046,0
2022-04-28,464.23419189453125,466.52105983489844,454.1719729569158,456.5960473905313,12154792,2.061337605070257,0
2022-04-29,453.9890441894531,468.80796064849517,451.88513670313483,464.78307837439434,12894773,-2.2068920997111108,1
2022-05-02,449.1408996582031,452.7998886574553,440.2678401686684,450.65022703722053,18590895,-1.0678990150314815,0
2022-05-04,438.7585144042969,454.12628500723224,436.79181339313544,450.05564856423587,14645323,-2.311609844885487,1
2022-05-05,439.0786437988281,451.8851042429606,437.84372952997023,443.6523796717326,14130385,0.07296254865067908,0
2022-05-06,442.6919250488281,444.6586259742756,430.8459374700862,430.8459374700862,16710020,0.8229234787505479,0
2022-05-09,435.32818603515625,442.4632309305549,433.4072113357847,436.42589383933114,13544947,-1.663400346157129,0
2022-05-10,434.6878967285156,441.41126656518384,433.13281526449146,436.3344305832364,10884328,-0.14708197796062805,0
2022-05-11,435.9227600097656,438.1639017802081,424.1225269019901,434.7335998351647,14771351,0.28408043806686933,0
2022-05-12,423.207763671875,432.6754022644287,417.4448677890341,432.6754022644287,18947096,-2.9168002922365877,1
2022-05-13,406.7423400878906,436.3344178232267,402.26008435589927,429.4280875753913,61403008,-3.890624179746971,1
2022-05-16,416.2099914550781,422.15584847586496,401.43682920968183,407.0625191154061,27940958,2.327677852554433,0
2022-05-17,427.4613952636719,429.61105696734813,417.2619686155286,419.2286696957922,16880698,2.703299786066804,0
2022-05-18,418.9542236328125,428.6505496756105,418.1309567241316,428.0102154600422,15644497,-1.990161386529854,0
2022-05-19,409.3493957519531,411.6362638846456,406.5594277964166,410.76724282787416,14201420,-2.292572156827666,1
2022-05-20,422.9791259765625,424.44272717067,415.43246110768746,416.0727953538191,13596860,3.329607998949724,0
2022-05-23,421.60699462890625,431.2118405873068,420.32635408429354,423.61944971034774,13499415,-0.3243969414538639,0
2022-05-24,422.658935546875,427.0039847772349,420.9666755477461,422.9791026522859,17175179,0.24950746343632701,0
2022-05-25,421.8692932128906,431.48468563956214,419.9647793082008,428.27954538016223,12728644,-0.18682731336618907,0
2022-05-26,435.61883544921875,436.7336742783001,420.3828654437724,424.4241207597808,17055257,3.2591948400922277,0
2022-05-27,435.665283203125,441.28586018700094,434.3181887103641,437.9413722079097,10977001,0.010662476028699963,0
2022-05-30,440.9142761230469,443.05101746267394,437.66269595746616,439.42783380561843,9365470,1.2048223997399798,0
2022-05-31,434.8756103515625,442.58648881837377,431.99563378932805,440.3568396046054,15441579,-1.3695781920654237,0
2022-06-01,435.0614013671875,438.4987973480269,431.7169416957556,434.78270584507754,9424008,0.042722795025174065,0
2022-06-02,436.50140380859375,438.82396099779396,433.0640078279661,433.7607749847262,9370989,0.33098832414941715,0
2022-06-03,431.5311279296875,441.7503796137059,430.6021050493222,439.66007813288394,11306291,-1.1386620605430497,0
2022-06-06,430.7879333496094,432.5530712027392,424.0989570780838,431.25244480314507,10661432,-0.1722227046849878,0
2022-06-07,430.50921630859375,432.8782417701939,427.81505550557466,429.0692421203595,7672515,-0.06469936120272468,0
2022-06-08,437.84844970703125,441.79679674597133,430.3233874434492,433.4820594042959,17168871,1.7047796238528479,0
2022-06-09,433.8072509765625,437.47687439087713,429.6266479604756,435.66529676149,12635601,-0.9229674635533702,0
2022-06-10,429.0692138671875,431.20595510609974,426.0498895700351,429.2085616259813,8621104,-1.0921986893278057,0
2022-06-13,414.2048645019531,421.82283525019136,410.72102863648564,421.77639544593,13426836,-3.464324375841943,1
2022-06-14,416.295166015625,417.3635366773815,411.88230725275895,413.41518936323826,11351101,0.5046540233623942,0
2022-06-15,419.31451416015625,423.12351392552915,416.7597010476115,417.08486475042326,9920926,0.7252902245850068,0
2022-06-16,410.25653076171875,425.26024538178035,408.9094361752225,422.84478009816445,10780703,-2.16018837711347,1
2022-06-17,409.6990966796875,415.78418530109855,406.2152608235677,408.77007378472223,14326050,-0.13587451758446667,0
2022-06-20,403.8462829589844,411.97523367594033,400.13019120266165,410.16362760412096,12368534,-1.4285639797929517,0
2022-06-21,418.7570495605469,422.6589568704408,406.54040475559736,408.30554249996754,13801891,3.6921886447267127,0
2022-06-22,415.8770751953125,419.1751233400902,413.0900066314862,416.8990060056877,11066447,-0.6877434942902272,0
2022-06-23,419.36090087890625,424.0524831934855,414.3441832542056,417.1312517514312,12229833,0.8377056325977073,0
2022-06-24,422.0086364746094,427.67568162206436,421.0331738068587,423.44861057491323,10833364,0.6313739764851611,0
2022-06-27,428.4653625488281,431.85629038223016,425.5389178027619,427.30408395166796,9509175,1.5299985630998325,0
2022-06-28,431.2988586425781,432.69239291929085,425.49246582294194,426.32858071866406,13261290,0.661312755106791,0
2022-06-29,426.514404296875,429.85889229141424,425.4924734719425,427.3505192076278,11800876,-1.1093130087942216,0
2022-06-30,432.8317565917969,435.9904287315172,426.0499008697052,426.4215043535202,16926328,1.4811580174733496,0
2022-07-01,433.71435546875,435.52593315014667,427.86149406727816,430.4627752517755,9405495,0.2039126897487531,0
2022-07-04,439.84588623046875,440.49618522424714,433.71432965875215,433.71432965875215,9186358,1.4137255740801935,0
2022-07-05,438.63812255859375,445.93095742851125,437.56975197672665,441.425191042522,12003244,-0.27458792037949875,0
2022-07-06,445.884521484375,446.85998412157636,440.2639163155887,441.42519486060314,12059857,1.652022146071741,0
2022-07-07,452.201904296875,453.59543867067123,447.4174419504805,449.6470912782486,11497832,1.4168203891602005,0
2022-07-08,453.8741149902344,455.12830154386137,450.71544288032334,454.29218662528615,9057231,0.3697929348527307,0
2022-07-11,453.5489807128906,456.4289289555805,450.5760961604987,450.5760961604987,7704792,-0.07163534262154547,0
2022-07-12,450.5296630859375,456.475403927994,448.810965064402,450.57610288995386,7364457,-0.665709274047388,0
2022-07-13,451.9696044921875,457.4973016431343,450.157998642307,453.1308830237707,8208853,0.31961078797497766,0
2022-07-14,445.3271484375,454.19930610372376,442.958122948317,452.0625646992339,9385630,-1.4696687539753173,0
2022-07-15,445.0948486328125,450.0186583477251,441.0071538041928,448.29996042218977,6945602,-0.052163854259179576,0
2022-07-18,455.4999084472656,456.6147472480962,447.8819378133518,450.1580268670489,9934786,2.3377174205484685,0
2022-07-19,462.60693359375,463.164324615414,453.36314501361966,453.36314501361966,11724183,1.560269280999682,0
2022-07-20,472.50103759765625,474.3590833386211,464.8830387190893,465.4404581116844,19280117,2.1387712300471096,0
2022-07-21,475.7061462402344,476.9603611286514,470.78233640092463,473.61584479592835,13814893,0.67832838185371,0
2022-07-22,477.2390441894531,483.27769264870454,474.916487089741,477.0067884794819,14699129,0.3222363136011763,0
2022-07-25,481.04803466796875,482.16287346167064,473.0119924472466,476.9603680284706,10229778,0.7981305228252689,0
2022-07-26,477.7035827636719,483.8351111742268,476.6816235598744,480.95516288809955,8862656,-0.6952428163655822,0
2022-07-27,490.7098693847656,492.33565933474154,475.8919439286603,478.7254522151504,15101546,2.722668845363918,0
2022-07-28,494.65826416015625,499.34981855668167,491.9640750160222,495.35503134884004,12160734,0.8046291753497803,0
2022-07-29,490.8492126464844,498.885283185348,489.3627987297617,497.07367724099106,11921058,-0.7700369709053523,0
2022-08-01,495.865966796875,497.0272454076405,489.03767124679666,491.49954787978527,8295631,1.0220560655159305,0
2022-08-02,503.6233215332031,506.2246311712478,493.4040690219345,494.1473327488394,16845027,1.5644055562913373,0
2022-08-03,502.46197509765625,507.61809716837826,496.70207891211163,503.4374944319357,24262125,-0.23059822408766362,0
2022-08-04,495.4014892578125,505.3884859939053,486.9938428810629,505.0633506418616,18072293,-1.405178140787966,0
2022-08-05,493.3576354980469,504.3665916835939,491.45314975548587,497.53823885135444,21110734,-0.4125651222461224,0
2022-08-08,483.4635009765625,486.807960466485,477.3783561082888,486.807960466485,32566317,-2.0054690167095934,1
2022-08-10,478.1680603027344,486.3434498381033,476.96034196848444,484.5318439852017,16904151,-1.0953134338231751,0
2022-08-11,487.5047912597656,488.66606994309046,480.4906793530958,483.0919322631313,13862195,1.9526044778314988,0
2022-08-12,493.0324401855469,494.05434264419563,487.8763746840825,488.3873259134069,12154012,1.1338655588383428,0
2022-08-16,488.6195983886719,495.9588451685862,487.73701530607804,495.44789392173413,10721167,-0.89504086084361,0
2022-08-17,490.6634826660156,492.8931036739318,487.1331501731273,491.31375335391226,12054183,0.41829764587502094,0
2022-08-18,494.5653076171875,496.841425014399,488.8518509255149,489.45568177584016,9013662,0.7952140497538895,0
2022-08-19,483.4170227050781,495.7730721102587,481.6983530946415,494.24016170944896,11087222,-2.2541582962666173,1
2022-08-22,475.0093994140625,482.9990304092793,473.80168097962803,482.16288711456264,9676954,-1.7392071226554506,0
2022-08-23,484.8570556640625,486.8079809982914,472.1758708824076,472.1758708824076,8597965,2.0731497654882913,0
2022-08-24,482.44158935546875,485.87898548825365,475.9384289378439,482.16289382103946,11930650,-0.4981811196468011,0
2022-08-25,483.4635009765625,490.8027472747405,481.6983349272375,484.9034750151943,15473450,0.2118207973029529,0
2022-08-26,486.6221618652344,491.91760349846345,485.13574797309,486.6221618652344,12855886,0.653340093366217,0
2022-08-29,478.30743408203125,480.3048560679867,472.6404168754124,475.0094140125052,9421339,-1.7086619629760769,0
2022-08-30,493.54339599609375,494.7046745749081,481.18740325812036,481.4196589738832,14835308,3.185390990901782,0
2022-09-01,495.4478759765625,502.5084836785202,485.1821847954132,485.1821847954132,16670228,0.3858789309955313,0
2022-09-02,498.6065673828125,499.6749096222966,493.54338158639774,498.88526289297994,10017930,0.637542627470955,0
2022-09-05,500.65045166015625,502.4155611066096,498.23495815540304,498.88528551064644,7819994,0.40991924516198264,0
2022-09-06,499.62847900390625,504.18071366483844,496.1910831071876,499.81429491511767,8657868,-0.2041289791832046,0
2022-09-07,495.0298767089844,499.30341647764595,493.82215816462514,496.46990770351687,8445359,-0.9204043580722132,0
2022-09-08,505.9923095703125,507.5251632256435,497.4917279520944,497.95623936941655,12240707,2.2144992407746367,0
2022-09-09,514.0747680664062,517.4657241283614,509.10451853203244,510.63742890591453,18587927,1.5973480907164994,0
2022-09-12,515.5148315429688,518.952170921536,512.1238752658808,515.5148315429688,9677415,0.2801272433539337,0
2022-09-13,518.394775390625,520.2528211805555,514.4464280870226,520.2528211805555,16707275,0.5586539264130108,0
2022-09-14,531.1688232421875,534.0487714434327,510.2658087726655,510.96257592164955,21632641,2.4641544355721745,0
2022-09-15,531.5404663085938,537.4397389468393,527.5921190475323,531.9120414407419,12749947,0.06996703310593322,0
2022-09-16,521.925048828125,533.2591394390437,520.5315144916118,528.7069045918777,14739280,-1.808971863844211,0
2022-09-19,531.6334228515625,533.6308450244983,519.8348191645714,520.9032183181073,11194003,1.8601088499652585,0
2022-09-20,533.3056030273438,536.928815145089,532.1907641678022,536.928815145089,8484017,0.3145363146681124,0
2022-09-21,529.2643432617188,536.3248944309445,525.2695562395763,534.1881531589202,9392526,-0.757775606084865,0
2022-09-22,527.0347290039062,533.2591943552861,522.1109185151059,526.5237777018439,11869435,-0.42126666687424263,0
2022-09-23,511.5199890136719,527.6850102482754,510.4980864989918,524.7121256104904,12563239,-2.943779439270955,1
2022-09-26,504.7381286621094,510.0335705162779,495.16920416243374,507.0606859048975,16158750,-1.3258250893849688,0
2022-09-27,498.4207763671875,511.7987285538855,495.3550121961274,505.89939922928977,11066799,-1.2516098816760746,0
2022-09-28,487.5976257324219,501.486528839793,483.4170228594841,495.07630512312164,12233485,-2.1714886593716565,1
2022-09-29,484.71771240234375,497.67759358102506,482.6738506213195,491.45312862643,17310168,-0.590633173357269,0
2022-09-30,492.93951416015625,498.7924036275781,479.5151789961069,486.8079858742602,17466950,1.6962041096175051,0
2022-10-03,482.859619140625,493.9150135732144,481.69834059531325,490.1524257239612,9351162,-2.0448543340464087,1
2022-10-04,494.8905029296875,497.7704511963268,490.3382681050698,495.16919845499825,8745887,2.491590373714536,0
2022-10-06,499.1639709472656,503.34457381399824,496.65559788661494,496.65559788661494,9507322,0.8635178877508753,0
2022-10-07,492.56793212890625,497.5846215553129,489.17697600581823,497.4917419504565,11065307,-1.3214172500956023,0
2022-10-10,493.0788879394531,496.0053326593176,485.1357537466073,488.38733378954294,9649292,0.10373306446047614,0
2022-10-11,489.9666748046875,495.81950743142164,488.20150870474237,493.07887867753,10825440,-0.6311795558255118,0
2022-10-12,495.91241455078125,497.02725337559986,488.66604724404766,492.38213885807085,8522604,1.2134988054981255,0
2022-10-13,484.4389953613281,495.912405324953,483.27771675355,495.16919835658643,12972765,-2.313597896081354,1
2022-10-14,489.78082275390625,496.8878130251557,488.66598407320515,492.56789110413365,8545479,1.1026831951449045,0
2022-10-17,505.0633239746094,506.0387866822973,486.99381716787735,489.03767889540234,13485349,3.120273500047177,0
2022-10-18,522.5288696289062,523.5043321992265,507.94320076295844,508.2683360520485,20440781,3.458090268137326,0
2022-10-19,514.1212768554688,523.4579453205156,512.4025505311012,523.039873690099,9540583,-1.6090197617996682,0
2022-10-20,515.9793701171875,517.2799682278867,506.5962042820574,512.8206693998048,11225588,0.3614114695045245,0
2022-10-21,521.04248046875,525.6411552498403,517.6980206478074,517.6980206478074,11767639,0.9812621675964639,0
2022-10-24,530.007568359375,531.8656141730801,525.7340856690766,526.7559881853911,3692065,1.720605944175535,0
2022-10-25,537.4862060546875,544.5932541668578,527.6850254611185,531.8656286557928,19899324,1.4110435665027232,0
2022-10-27,538.508056640625,543.4783056434958,536.6035146515724,542.5028431021813,13613533,0.19011661591061824,0
2022-10-28,530.23974609375,541.2951397403938,526.7559107054863,538.7867669202338,10043644,-1.5354107417547613,0
2022-10-31,533.0733032226562,536.4642593269455,528.0566138240613,534.1417021878584,9894639,0.534391687869662,0
2022-11-01,535.9533081054688,544.1751376967455,533.8165101750305,535.4423001724173,12069579,0.5402643248877181,0
2022-11-02,533.1198120117188,537.8578632104039,529.4502166195515,535.0243544746663,10241440,-0.5286833854549866,0
2022-11-03,543.3855590820312,546.2190678064255,527.6850481717524,528.6140711438858,17557998,1.925598493812286,0
2022-11-04,551.7931518554688,554.5802205002109,539.2049031506616,544.4074086062908,25759031,1.547260988613841,0
2022-11-07,570.5594482421875,578.5025828570365,564.5672390755263,569.4910492043815,44265903,3.400965800973599,0
2022-11-09,571.8599853515625,576.9231710597669,567.2148712528526,576.9231710597669,18939854,0.2279406840745013,0
2022-11-10,562.755615234375,571.4419565687384,559.4575953177317,569.5839107900034,11618405,-1.5920628039030271,0
2022-11-11,558.6213989257812,575.5760650447928,556.0201464234748,573.4393239430073,15525267,-0.7346379488140542,0
2022-11-14,550.4925537109375,561.0834383305436,549.6564670534292,561.0834383305436,12957268,-1.455161801978111,0
2022-11-15,558.203369140625,559.3646477289204,550.5854269638519,552.1182806785682,10286417,1.4007120310180365,0
2022-11-16,557.1814575195312,560.6652932272399,553.6976218118226,557.36727343122,11555749,-0.18307156093790855,0
2022-11-17,556.5311889648438,559.9685852334757,553.8370564214758,556.5776287719075,8167131,-0.11670678302583282,0
2022-11-18,559.9220581054688,562.7555663311978,554.76599285815,558.3427079901772,12933675,0.6092864529177788,0
2022-11-21,555.6485595703125,559.3646510750879,553.0937466607794,559.3646510750879,7412419,-0.7632309663984094,0
2022-11-22,556.57763671875,558.0641074874408,553.8370643291884,555.6951102627553,8048595,0.16720589524357177,0
2022-11-23,564.520751953125,566.3323011304334,558.342727379929,558.8536786018122,12435924,1.427135175822536,0
2022-11-24,566.10009765625,567.911703703776,562.8020776073517,566.4717295081228,8960032,0.27976751920293363,0
2022-11-25,564.2885131835938,570.1413459163525,563.2201142032641,567.2149011984452,9994513,-0.32001133371227786,0
2022-11-28,565.4033203125,567.5401183678248,559.5969271253315,562.6162515826591,7934274,0.1975597771106008,0
2022-11-29,565.3568725585938,568.3761969734692,564.0097780174993,564.0097780174993,6942919,-0.008214977209641816,0
2022-11-30,559.6898803710938,568.0046470072868,555.9273488125881,565.3104578057068,15606230,-1.0023743342595814,0
2022-12-01,564.9387817382812,566.518131949988,558.8536933108481,564.7065260219437,14209313,0.9378231680207127,0
2022-12-02,564.4278564453125,566.3323420662039,561.3620921893583,564.3814166405217,7533838,-0.0904390545461653,0
2022-12-05,573.48583984375,574.1361672313877,564.4278663316044,565.3104494503227,11585602,1.6048080007041943,0
2022-12-06,565.7285766601562,575.8084536976544,564.6601775110471,571.1168988097368,12996244,-1.3526512155395576,0
2022-12-07,563.9633178710938,569.39813564367,561.594320910099,567.4935934113071,7613892,-0.3120328125342242,0
2022-12-08,568.2368774414062,570.2342426474543,564.0562744063031,566.471711256473,10020015,0.757772613021146,0
2022-12-09,572.7426147460938,574.1361490885416,565.8678226421276,570.7916893478897,11202267,0.7929329270172314,0
2022-12-12,569.5374755859375,574.7864776344798,567.6329899879643,571.1632656554611,9285187,-0.559612481703875,0
2022-12-13,572.9749145507812,573.5788021601909,569.0265669434187,569.9555899098569,7455415,0.6035492153185107,0
2022-12-14,581.1038208007812,582.2650994194879,573.6716376410591,574.6006605360243,14010673,1.4187193965329525,0
2022-12-15,572.231689453125,584.8663787165883,570.6987789256705,581.1502869681508,10622271,-1.5267721584466876,0
2022-12-16,560.5259399414062,571.9064703833176,559.3646613248847,568.5620106489584,9435071,-2.045631118910207,1
2022-12-19,561.5478515625,566.2394054350925,560.2007571408708,561.1297799553664,8322012,0.1823129936146417,0
2022-12-20,561.5478515625,563.4523369916055,556.9956170902503,560.2007571408708,6753785,0.0,0
2022-12-21,551.2821655273438,565.9142749810452,547.7518334395638,562.8949508080592,9217253,-1.828105299769578,0
2022-12-22,551.2821655273438,556.484670651883,545.8473479941371,554.6266250069685,8740149,0.0,0
2022-12-23,533.2590942382812,548.7737865436641,530.9365372076268,548.1234592344703,13047046,-3.2693006260817503,1
2022-12-26,554.7196044921875,558.9931442668269,530.1934315849046,533.2591961104321,13201587,4.024405863075042,0
2022-12-27,559.1788940429688,560.2936761363036,551.1892632547101,557.7853597232435,9638618,0.8038817295565881,0
2022-12-28,558.3892211914062,563.9169189700275,556.0666638645115,558.2499017736284,7988631,-0.1412200746442771,0
2022-12-29,568.376220703125,574.1361742448994,554.7660687173757,557.413761402815,20130392,1.7885373020650297,0
2022-12-30,570.141357421875,576.5051415202785,567.9581196143295,571.5813315569454,13052895,0.31055780563205015,0
2023-01-02,568.7478637695312,575.2510244474183,567.8188408155474,571.3026768929869,6726084,-0.2444119575266357,0
2023-01-03,568.93359375,572.835444204816,566.70391631606,570.884518977408,6818062,0.03265594339778577,0
2023-01-04,562.2446899414062,571.3026635308936,561.1298510820882,568.4226584190668,7011191,-1.1756914835183707,0
2023-01-05,562.1517333984375,568.190382240807,559.2253452889701,563.9168995874302,8241475,-0.016533111762861985,0
2023-01-06,558.0176391601562,564.3349836708002,554.6266828234792,564.2885438654469,7972036,-0.7354054061683546,0
2023-01-09,564.5671997070312,565.7749180766002,557.5065919949155,562.0588266606619,8878905,1.1737192675006503,0
2023-01-10,552.9080810546875,565.7750273871088,548.6809808899172,565.26407605931,10622660,-2.0651427604001737,1
2023-01-11,554.3479614257812,556.9492141378572,550.2137982871492,554.1157057067913,7419630,0.2604194838945251,0
2023-01-12,552.6757202148438,555.4627887853612,548.2163651395716,555.4627887853612,8183715,-0.3016591251885359,0
2023-01-13,557.5066528320312,560.1079624694962,551.5145001323897,555.4628476926819,7877610,0.874098940932222,0
2023-01-16,560.2008056640625,563.0807539572319,557.9711280349228,560.2008056640625,5483191,0.48325034658249777,0
2023-01-17,550.8641357421875,562.987873155165,544.4538550992968,560.200804476179,13461999,-1.6666648507952964,0
2023-01-18,549.4705810546875,554.7660226892714,545.8938090272761,553.6047441160317,11538075,-0.2529761146316867,0
2023-01-19,547.984130859375,549.7492970376347,545.8473895456789,549.0525298677518,7475688,-0.2705240729102054,0
2023-01-20,550.1673583984375,554.2550250301911,548.8667036910736,551.6537723185195,6750607,0.3984107232519074,0
2023-01-23,557.8318481445312,559.0395666529407,550.8641759386367,556.0202420303864,6604469,1.3931196806014512,0
2023-01-24,552.1647338867188,561.6872185419243,550.9570154661823,560.6653160406374,7609623,-1.0159180184248218,0
2023-01-25,528.3353271484375,553.5582645072653,527.1276087360154,553.5582645072653,25686294,-4.315633591907386,1
2023-01-27,501.62591552734375,528.1959472210457,494.4724280088681,527.684995977524,40163464,-5.055390061696485,1
2023-01-30,500.0000915527344,515.0037760285352,487.92279492925314,497.9562300143039,40797825,-0.3241108412232241,0
2023-01-31,514.2141723632812,517.4657524956598,499.67494137585163,506.3174777560764,21911943,2.8428156415742922,0
2023-02-01,489.920166015625,524.8978981961093,463.9075551645127,521.5534386941342,38218810,-4.724491788315211,1
2023-02-02,490.6169128417969,494.8440118998063,466.8339520930055,483.2776668207723,39287056,0.14221640065121832,0
2023-02-03,505.5742492675781,507.2000392645869,482.30223807957736,497.95625051241154,32317232,3.0486793329532746,0
2023-02-06,506.6890869140625,519.1379591275065,498.46720063982644,519.1379591275065,25338586,0.22050918299327815,0
2023-02-07,508.26837158203125,512.2632151446792,502.64779475723776,509.1045148167841,16195947,0.3116871290019807,0
2023-02-08,510.7303161621094,515.1431747374072,506.7819690157902,510.9625718765987,15502847,0.4843788670963578,0
2023-02-09,511.7058410644531,512.8206799702182,504.27365729676876,512.8206799702182,15061047,0.19100587364273558,0
2023-02-10,513.7960815429688,517.6979888967993,507.710993148678,507.710993148678,13824475,0.4084847798820235,0
2023-02-13,499.3498229980469,517.3728904535258,495.4479153661014,514.6787012854288,18488732,-2.8116716074475856,1
2023-02-14,502.46197509765625,505.9458107113584,493.07886719263996,501.6258885721999,18559909,0.6232408536613221,0
2023-02-15,503.7626647949219,505.9923424240616,498.6994786767496,501.67236328125,12796579,0.25886330941018443,0
2023-02-16,501.7652282714844,508.0361326298083,500.27881436406693,508.0361326298083,12767016,-0.3965034852772664,0
2023-02-17,493.3111877441406,501.3472589639467,490.2918631487198,500.27885988741946,14192008,-1.6848597812301191,0
2023-02-20,487.87640380859375,496.0517940749912,485.0893350789315,494.2401880600991,12570032,-1.1016948471003762,0
2023-02-21,486.29705810546875,491.4066841580176,485.321595381503,489.6879577366885,10223218,-0.3237184030209006,0
2023-02-22,479.7009582519531,484.8570807794608,476.1242427195758,483.78868174872025,14763050,-1.3563931230044735,0
2023-02-23,484.0209045410156,486.80797308923644,475.05583971454416,480.2583733415285,15535085,0.9005498560612724,0
2023-02-24,484.0673828125,490.05959200799634,480.86224238671736,486.9938277019231,12253035,0.009602533908825706,0
2023-02-27,490.245361328125,492.19628660023636,482.16285132370643,484.1137765958178,11048799,1.2762641596981927,0
2023-02-28,485.6932067871094,490.9422093505489,484.0674165581049,489.82737042433325,15768010,-0.9285461730190292,0
2023-03-01,498.6065673828125,499.2568947085724,485.97182279236836,486.11119889897907,13510198,2.6587484476313428,0
2023-03-02,495.865966796875,501.5794802430642,494.70468818610954,497.90982849243375,10376913,-0.5496519230227759,0
2023-03-03,521.36767578125,524.2476241616192,503.29816858644995,503.53042431722355,27656538,5.142863332425773,0
2023-03-06,521.8321533203125,527.5921064096759,519.3237802504061,524.80503782157,16162268,0.08908828848404049,0
2023-03-08,524.712158203125,525.3624856178885,516.9548391426886,520.252859320986,12637578,0.5519025350369189,0
2023-03-09,519.2308959960938,525.5946798673979,518.3947527459267,524.6656570130145,8993423,-1.0446226795662206,0
2023-03-10,508.5006103515625,515.561217701336,506.31742943795916,513.8424914878345,11522371,-2.0665730270049254,1
2023-03-13,492.38214111328125,513.8890441091696,490.9421669468635,508.1755305452167,14373729,-3.1698033217968824,1
2023-03-14,488.108642578125,494.9833778506137,483.09189635780217,490.1989440527501,14750800,-0.8679231390264941,0
2023-03-15,480.8157653808594,494.24015692362525,478.957719678139,492.1962953100218,11282329,-1.4941094176791458,0
2023-03-16,487.2725524902344,491.7782912572031,477.7965067637297,481.60553499950436,20040008,1.3428817385512604,0
2023-03-17,492.1963195800781,493.86854945437267,483.1847861369172,491.1279772701672,18787379,1.0104749517863443,0
2023-03-20,482.3487243652344,489.22346013612184,478.446816655779,489.22346013612184,14275315,-2.000745398349446,1
2023-03-21,484.8105773925781,486.29704805352003,479.7938877574261,484.94995350871756,29485180,0.5103886261093704,0
2023-03-22,484.5318603515625,489.5950462693423,483.1847658665671,485.1357478906121,11619538,-0.05748988450594572,0
2023-03-23,476.3564758300781,484.020914495311,475.19519724443677,482.53450058691243,22097792,-1.687274912232306,0
2023-03-24,469.4817199707031,478.4003453249582,467.7165821618938,477.9822736866617,14416984,-1.4431956335631546,0
2023-03-27,473.9410095214844,477.65712933781117,465.9514072018612,471.0145931632608,15674218,0.9498324132959812,0
2023-03-28,472.0365295410156,475.42745737224135,468.08818231320515,475.1487618497131,15833599,-0.40183903528239195,0
2023-03-29,479.84033203125,481.23386639339304,470.36428702806575,472.87266022053484,24203789,1.6532200374031136,0
2023-03-31,486.5757141113281,487.6441130621977,482.4879909201496,483.69576597871674,17356345,1.4036715195586025,0
2023-04-03,489.36279296875,490.98858297861295,485.04281397560624,487.50474724319236,14210949,0.5727944853376243,0
2023-04-05,485.87896728515625,490.1524498611261,482.20931556065125,489.59505881314976,13574801,-0.7119106179811707,0
2023-04-06,490.1989440917969,495.8195211611808,484.62480682568594,486.80798790702346,25125879,0.8891055381093027,0
2023-04-10,488.9447326660156,492.75376051347615,487.17962320768146,491.6853615153094,17335453,-0.25585763512913084,0
2023-04-11,494.3330078125,497.67752390495184,489.7343903278375,493.1717293157566,26414406,1.1020213096691656,0
2023-04-12,490.7098693847656,496.09819044978934,488.6660078213281,495.35498352755394,21292441,-0.7329347566263689,0
2023-04-13,495.1227722167969,496.33049066160413,489.73445066861626,491.7318159072817,28597560,0.8992896021357666,0
2023-04-17,505.3884582519531,506.31748115315156,490.524091832778,490.524091832778,32476990,2.073361721819822,0
2023-04-18,507.1071472167969,509.569080679792,502.13689718765283,506.64263574853817,22283456,0.3400728561923305,0
2023-04-19,501.9510803222656,508.6400567933102,500.0465946465739,505.3884765215721,21156372,-1.0167608409445195,0
2023-04-20,506.1317138671875,506.73560149221805,498.5602105166989,502.78725378272253,25588577,0.8328766903415774,0
2023-04-21,504.5987854003906,507.6181096733121,501.39364521621684,506.31745499760086,22599418,-0.3028714512047226,0
2023-04-24,515.2360229492188,516.1186059511145,504.9238925354199,505.20258803521546,23335611,2.1080584925283974,0
2023-04-25,521.925048828125,527.592122485113,515.6077045098767,515.6077045098767,38142390,1.2982449947148922,0
2023-04-26,526.152099609375,526.7559871788986,516.9548068709435,522.1108726535115,23143882,0.8098961317800191,0
2023-04-27,524.6656494140625,527.1275826237433,521.2746933634537,524.8979051242945,17845169,-0.28251340181214557,0
2023-04-28,537.25390625,539.251328071495,525.3624250345678,527.4991662626207,16183423,2.3992912152712487,0
2023-05-02,534.4668579101562,539.6229236151588,532.4694927161221,538.8332768389454,13667511,-0.5187581341748015,0
2023-05-03,530.007568359375,534.1881714402115,528.6140339990961,530.1469444766262,9699527,-0.8343435116290876,0
2023-05-04,538.8331909179688,539.5763977717287,528.1494293739055,529.7287793775506,12533761,1.6651880247509077,0
2023-05-05,535.5816650390625,546.4976833637962,534.2345705860378,539.0190608734192,18163461,-0.6034383059007276,0
2023-05-08,542.177734375,545.8938259243915,536.3713413290757,536.6500935577258,12990869,1.231571162066647,0
2023-05-09,532.7946166992188,544.8254742233607,531.4939619981551,543.4783797193426,18959065,-1.7306350078351573,0
2023-05-10,531.5868530273438,534.188105504844,523.2720876967015,534.188105504844,18561315,-0.22668466122224284,0
2023-05-11,532.7481689453125,538.8332573209989,531.4010744613989,531.5868903735,16016715,0.21846212173139978,0
2023-05-12,537.1146240234375,539.5300609348624,530.9830387279558,533.9094836079651,11319335,0.819609589042658,0
2023-05-15,540.5984497070312,542.5493751212783,533.8630336631455,537.6720048826024,11410243,0.6486186612267186,0
2023-05-16,544.6860961914062,548.495123972205,540.6913091994442,542.5493549355248,22178229,0.7561335935369895,0
2023-05-17,544.6860961914062,548.5880035777866,538.3687520293435,544.4074006716053,23739774,0.0,0
2023-05-18,533.4450073242188,551.7467714005976,530.8437543166006,548.4022546453205,45656620,-2.0637737856332827,1
2023-05-19,534.3275146484375,544.6396455981572,529.450144687857,537.9042299383079,42293962,0.16543548296485966,0
2023-05-22,536.185546875,539.1119347559843,532.7481510771131,536.5106821829805,21484049,0.3477328371878752,0
2023-05-23,540.3196411132812,542.2706230270803,535.8603429865368,537.8113249003358,16120548,0.7710193350745076,0
2023-05-24,541.3416748046875,543.7106719449978,537.2075114091327,538.647485615748,17616658,0.18915353313835315,0
2023-05-25,539.9945068359375,541.5274171494668,536.046159904234,540.6912739415322,16479436,-0.24885724329944958,0
2023-05-26,544.4074096679688,546.0331997139054,539.3442236128685,539.9945509718547,9788076,0.817212541269785,0
2023-05-29,552.7685546875,554.0692092621026,546.3118350190275,548.1234407825631,18432231,1.535824985304779,0
2023-05-30,550.7247924804688,553.2331657818045,549.5170739881399,552.7686543075964,15031640,-0.36973199537131407,0
2023-05-31,549.1620483398438,553.8500865520962,546.9364426475817,552.9030104609316,28797643,-0.2837613563003716,0
2023-06-01,551.9086303710938,555.3654814653645,550.251247096706,551.0088964611522,17820226,0.5001405394915892,0
2023-06-02,556.1231079101562,557.7331488713374,552.1453766545729,553.7554176157541,11323908,0.7636187055507282,0
2023-06-05,556.1231079101562,558.5854826943589,554.9866050078555,557.3542953022576,12920507,0.0,0
2023-06-06,554.3710327148438,557.7331994819402,552.1454267581223,556.8808077766311,11199940,-0.31505168017502694,0
2023-06-07,558.0172729492188,559.3431448615423,554.9866177418588,556.8807700208413,11113781,0.6577256059932868,0
2023-06-08,557.3543090820312,562.5158856124281,555.3180722565269,558.7275810477244,15971917,-0.1188070512017747,0
2023-06-09,548.072998046875,557.9225556560352,546.2261879311128,556.8807949778836,18870272,-1.6652443309252751,0
2023-06-12,548.0256958007812,550.7248399943379,547.12596180128,549.3042256177404,8786066,-0.00863064706021488,0
2023-06-13,545.8947143554688,550.6300950913596,543.8584775170594,548.783285043374,12612098,-0.3888469941539352,0
2023-06-14,546.0367431640625,547.9308954655977,544.8055557290528,546.462938992896,8948696,0.02601761930620672,0
2023-06-15,536.5186767578125,546.1788657290922,535.3348314869436,545.5159008164167,17934877,-1.74311830209386,0
2023-06-16,541.0172119140625,544.284635958382,537.039480808149,538.6495217087493,12660226,0.8384675783208007,0
2023-06-19,538.7442626953125,542.4378829249408,535.950434203992,541.0172686527673,17903691,-0.4201251214741464,0
2023-06-20,537.3710327148438,539.3125272688809,532.7776786865753,538.7442468937137,14549152,-0.25489459017132843,0
2023-06-21,536.3765258789062,539.3598387145792,535.7136188531458,537.3710020274224,14946871,-0.18506893289598203,0
2023-06-22,533.1565551757812,538.8863545906687,531.3570872845204,536.3765795536382,14979063,-0.600319094473567,0
2023-06-23,525.2484130859375,532.3514842571589,524.4907637219954,532.256799763519,12215712,-1.4832682845353773,0
2023-06-26,527.5687255859375,528.9419974805809,525.1536931118749,526.5743072501397,8360264,0.4417552613567466,0
2023-06-27,536.1398315429688,537.891957254253,526.2429311675141,528.7053062474946,10694768,1.6246425425449296,0
2023-06-28,539.6439819335938,543.6217133483505,538.4601367390198,541.9643300759469,18028934,0.6535888931326506,0
2023-06-30,542.5325317382812,543.6216923972897,540.0228147054731,543.6216923972897,8718232,0.5352695297995425,0
2023-07-03,554.4657592773438,555.3180931535118,543.5270409961187,544.0952635802307,15421985,2.199541380648329,0
2023-07-04,558.0646362304688,564.4100581652275,551.4351030041416,557.0702178075081,24799250,0.6490710910292297,0
2023-07-05,559.3431396484375,562.279110336461,557.0701916178066,558.5854903048938,13598114,0.22909593888704727,0
2023-07-06,561.1426391601562,562.0897153443927,557.9225570117748,559.1538022952366,11323509,0.32171656075907773,0
2023-07-07,562.1843872070312,563.9838550386189,554.5130934090871,558.7749361423764,11707209,0.18564763647870297,0
2023-07-10,561.2373046875,568.0562645445196,559.0116988517439,563.1788570435173,11417363,-0.16846474948128964,0
2023-07-11,557.4016723632812,564.4100591944411,556.2651693899928,563.5103252653819,13221177,-0.6834243362269787,0
2023-07-12,558.0646362304688,563.0367861502142,557.0702178075081,557.8278671866714,16029716,0.11893826302613597,0
2023-07-13,554.6551513671875,566.3515182969978,552.4768300528634,563.4156054545575,20024503,-0.6109480232094899,0
2023-07-14,553.4713134765625,560.0061040903931,549.9671202346848,555.6969192600167,12190152,-0.21343674311992133,0
2023-07-17,569.2874145507812,570.9447977082049,553.2818633134814,555.9336648043717,19378986,2.8576189387073736,0
2023-07-18,561.0005493164062,572.0813521283934,557.5910982073067,571.1342759530944,25757209,-1.4556557939918724,0
2023-07-19,569.6190185546875,570.5187525475399,560.6691364872713,563.1789116560258,17556585,1.5362675221589406,0
2023-07-20,577.7637939453125,578.4741010580569,567.0618450076182,569.5716199279582,34038351,1.4298636677003929,0
2023-07-21,582.5465087890625,586.7136669141413,576.7693674749186,577.7164436119874,21040281,0.82779760411964,0
2023-07-24,584.9616088867188,588.9866825360349,581.7888690919402,582.4991762065254,11756364,0.41457635763306744,0
2023-07-25,577.3375854492188,588.8919257906668,572.2234090326344,588.8919257906668,18503305,-1.303337402262994,0
2023-07-26,582.5939331054688,583.7303782733334,576.9114760463759,579.610620027468,9999125,0.9104461217712245,0
2023-07-27,583.9197387695312,588.3710078547313,580.6523147705581,583.7777120421456,17444742,0.22756942507029532,0
2023-07-28,583.4462280273438,587.0925057464485,581.1258799888113,583.7777393499562,11930586,-0.08109175127137824,0
2023-07-31,587.3766479492188,588.1342973187537,581.9783022582515,584.0145391310097,8605483,0.6736558971619289,0
2023-08-01,579.468505859375,587.9921910123245,578.2846606992431,587.3766262120196,13493453,-1.3463494194831283,0
2023-08-02,566.7777099609375,578.189965532909,562.6578941967817,577.5743429390312,14977497,-2.1900751758055503,1
2023-08-03,559.2484741210938,569.0506892838814,554.0395552258084,567.0145102168711,27774877,-1.328428360452405,0
2023-08-04,542.958740234375,567.0144973448427,541.1593302489086,563.3208772718776,52725616,-2.9127900460201417,1
2023-08-07,537.8446044921875,546.46297490863,536.660759225921,546.46297490863,32736325,-0.9419013569944457,0
2023-08-08,542.769287109375,543.858447740975,538.3654179490715,540.7804504311654,25038671,0.9156329869362878,0
2023-08-09,543.3849487304688,544.5687939346745,538.270714326323,544.5687939346745,15769111,0.11342970866545787,0
2023-08-10,543.290283203125,547.0311879350622,539.9281164618493,543.3849677007904,27325801,-0.017421448195231726,0
2023-08-11,543.7637939453125,548.3570901449302,541.7275571034544,544.9949813777413,18221179,0.08715612202665479,0
2023-08-14,531.1203002929688,542.6746410348028,529.0367211747788,542.6272987876729,28084093,-2.325181226320361,1
2023-08-16,535.4295043945312,536.4239806444865,524.6802126897423,529.2261668704698,15725767,0.8113423831070943,0
2023-08-17,541.86962890625,542.8167050327628,534.1509353531953,535.8083185745926,27910162,1.202795971992865,0
2023-08-18,542.6273193359375,544.805583030874,537.3710579967587,539.8334329901751,18253227,0.1398289162684474,0
2023-08-21,541.4434204101562,545.0896402898765,540.543686550049,542.6272655405768,9380810,-0.2181790122970817,0
2023-08-22,538.4127197265625,544.0478336312132,537.4656437024172,542.2010238231434,14073413,-0.559744669405704,0
2023-08-23,546.3682861328125,547.362704587704,536.0451323697911,540.7805133977928,18579297,1.4775962964415745,0
2023-08-24,546.4155883789062,551.198311306055,545.0896586661597,547.5520913034119,24131644,0.0086575753560858,0
2023-08-25,539.7860717773438,544.8529061378787,537.1816123237163,543.4322918904455,12271885,-1.2132736954358903,0
2023-08-28,542.5325317382812,544.3793417316292,539.0757385863141,542.485189493311,9711932,0.5088052664816489,0
2023-08-29,544.4266967773438,545.799968743401,541.5854683530627,543.2902516515835,13144855,0.34913390962816315,0
2023-08-30,537.3710327148438,547.1259055366658,536.1397874711188,546.1788293829949,15281416,-1.2959805432512739,0
2023-08-31,531.6411743164062,540.1175174300328,529.7944220656501,539.1704412789,27898476,-1.0662760084944933,0
2023-09-01,539.4072265625,540.9699253809107,532.3514974630689,532.9197778538285,18121168,1.4607695229925444,0
2023-09-04,545.0896606445312,545.8473099953048,538.3654431746227,541.727551909577,12108655,1.05345901986591,0
2023-09-05,542.6746215820312,547.6467712562122,541.11192284817,545.1369963939355,14444729,-0.443053544557126,0
2023-09-06,540.3069458007812,543.8584813779117,537.9392554160275,543.8584813779117,20609936,-0.4362974952371368,0
2023-09-07,548.4044799804688,550.2512901918436,537.9392991892722,537.9392991892722,12390597,1.4986914831691234,0
2023-09-08,552.5715942382812,557.3543172604112,549.0200586567578,550.2512460973644,14032068,0.7598614544434223,0
2023-09-11,560.3849487304688,560.9531712774162,554.3709807180713,555.9336794295848,10946134,1.4139985793077514,0
2023-09-12,557.2122802734375,562.8000531872625,553.7081444445414,562.2318305676972,16093060,-0.5661587564439019,0
2023-09-13,564.8836059570312,566.3515624928049,552.5716154680572,557.2596541767706,19377172,1.376733061200519,0
2023-09-14,565.6885375976562,571.7498477020777,563.6997009285159,566.7776982242895,13178911,0.1424951321186363,0
2023-09-15,567.1091918945312,568.9086597168509,563.6997408474365,567.6300722204844,11756389,0.2511371898939574,0
2023-09-18,571.9866333007812,576.2011335888857,565.4517849614788,567.1091681687718,19305055,0.860053315298237,0
2023-09-20,569.2874145507812,574.6857598245198,567.6774314418052,569.0506455282922,21314600,-0.4719024174434816,0
2023-09-21,557.0228881835938,574.4963977678915,553.7081214953073,568.2457179919575,23453425,-2.1543645711657455,1
2023-09-22,566.49365234375,570.1398725930069,560.1008879915859,562.0897248902817,18784139,1.7002468589826902,0
2023-09-25,562.6105346679688,569.6662630363052,559.2010838964593,569.6662630363052,9712784,-0.6854653462956994,0
2023-09-26,562.9420776367188,563.5103001956123,559.9587646901778,562.5632240608297,8327427,0.05892939223857141,0
2023-09-27,558.5381469726562,562.8473317978076,557.0701905339704,562.0423402102848,9865347,-0.7823061801581099,0
2023-09-28,558.7276000976562,563.6997500083563,557.6857816238776,559.9587875621745,21960816,0.03391946029591697,0
2023-09-29,566.8724365234375,568.2457085467473,560.006134211831,561.4740907312548,12189735,1.457747285861255,0
2023-10-03,571.03955078125,572.8863607525196,558.3960500586644,565.0255828135226,15322196,0.7351061701586614,0
2023-10-04,555.223388671875,568.6718814595422,553.5186631759601,568.2456856343284,24914612,-2.769713951990993,1
2023-10-05,560.8112182617188,562.8947397443638,556.0284370089705,558.7749812251063,13248028,1.006411059737622,0
2023-10-06,562.7999877929688,567.2512571455039,560.8584932959413,561.9949962079626,8216780,0.3546237069604885,0
2023-10-09,554.13427734375,557.8278977513484,550.7721682985978,556.8808215242663,9189597,-1.539749580166394,0
2023-10-10,560.337646484375,563.5103285736951,554.7498738857847,555.9337191138808,10373508,1.1194703872788647,0
2023-10-11,557.2122802734375,565.4045128360046,556.5019730965079,565.3098283343924,14220119,-0.5577648102972232,0
2023-10-12,555.0339965820312,561.6161877464566,554.0395781309901,559.5326085412145,11983797,-0.39092528440638485,0
2023-10-13,545.657958984375,550.5353665815301,544.3793714706986,547.1732577358337,19064577,-1.6892726671510316,0
2023-10-16,545.1843872070312,548.1203000333988,541.2539982187257,545.5158407243849,11290293,-0.08678912669489725,0
2023-10-17,545.9420776367188,549.2568442795587,544.8529169035228,547.1259228663044,10765224,0.13897874690966816,0
2023-10-18,542.3432006835938,548.593880385168,539.2178030278637,547.173266107088,11777454,-0.6592049047957405,0
2023-10-19,540.9699096679688,543.6217113329951,536.9921782679586,539.6439799329851,11441499,-0.2532143878440918,0
2023-10-20,533.298583984375,539.8334328727063,532.3515077863527,539.7387483748817,11110988,-1.418068832756736,0
2023-10-23,523.685791015625,536.0451237387181,521.8389808834517,533.2985796647226,11875035,-1.8025161246315369,0
2023-10-25,526.7637939453125,531.1203213428745,524.3013611426065,529.0367421421059,12134624,0.5877575795436574,0
2023-10-26,518.0506591796875,523.6384316419934,514.4517813350399,522.2651596499072,19424825,-1.6540876320230935,0
2023-10-27,531.4518432617188,532.7303730350249,520.8919203009132,520.8919203009132,10415296,2.5868481864788073,0
2023-10-30,535.2874145507812,536.7080286776119,527.047841054176,533.2038356037756,8593704,0.7217156808643654,0
2023-10-31,535.6189575195312,539.3599202393359,533.3460092199277,536.9922296324908,13039696,0.06193737415407519,0
2023-11-01,536.4239501953125,539.5019476582157,534.0088597881594,536.2818656519717,13575575,0.1502920433416266,0
2023-11-02,541.822265625,544.9950055470891,537.5604227664763,540.875189434217,11148516,1.0063524247420297,0
2023-11-03,547.5520629882812,548.830592584147,543.1007938170342,545.5158262786344,11371371,1.057504965520728,0
2023-11-06,543.9531860351562,551.6718800975543,542.911425349224,551.1983420030499,16499138,-0.6572666229187507,0
2023-11-07,549.0673828125,550.4406547530965,542.2957654048678,544.3793444383654,17923281,0.9401906098980284,0
2023-11-08,549.5882568359375,551.766520334941,548.3570694499737,551.1036132997641,15434808,0.09486522779216244,0
2023-11-09,547.7415161132812,551.0562829280533,545.9894482045944,550.2512912521584,12434363,-0.3360225950401863,0
2023-11-10,548.8306274414062,550.2512416625661,544.9476383588791,547.2205864297704,6773038,0.19883673157610193,0
2023-11-13,550.5826416015625,551.6718021870819,544.7581585446942,550.2511881041967,11282362,0.31922674729796263,0
2023-11-15,553.7554321289062,556.8807718384401,551.7665375465191,556.1704647315032,11397676,0.576260544305307,0
2023-11-16,553.7080688476562,556.8807506828024,552.0506856611003,553.7554110919988,8622660,-0.008553104584074767,0
2023-11-17,533.251220703125,544.0952543037619,532.3514867895021,544.0952543037619,37173221,-3.694518699556759,1
2023-11-20,533.9141845703125,536.8027552939175,530.9308715478544,534.1509536100332,12714585,0.12432486630098438,0
2023-11-21,531.7832641601562,536.6607295090693,531.3097260798711,536.045106882722,14280013,-0.3991129046086672,0
2023-11-22,529.3682250976562,534.6244861641455,525.7693472920832,533.1565296940364,14909071,-0.4541397267012637,0
2023-11-23,530.3153076171875,533.6774164258742,528.7526088304325,532.0200331450485,6376210,0.1789080784659003,0
2023-11-24,530.694091796875,532.6829863733514,529.6523311651066,532.2094483034675,6529851,0.07142622025930745,0
2023-11-28,534.5771484375,535.2874555553268,531.4044086282419,533.7720990209981,8153314,0.7316939646863974,0
2023-11-29,538.5075073242188,538.8863609283957,535.1927406049756,537.9392847228976,10299034,0.7352276277066139,0
2023-11-30,534.8612670898438,540.0228437781268,533.8195064246602,539.5966479405728,19758998,-0.6771010960446522,0
2023-12-01,541.49072265625,543.8110705014656,536.565915716492,536.9921114929493,10614230,1.2394719854134983,0
2023-12-04,563.2262573242188,564.457444887985,553.6134102666476,556.8808348894886,26077882,4.014017924692492,0
2023-12-05,576.05908203125,578.9476527969288,563.5576649909151,563.5576649909151,36430152,2.278449298155527,0
2023-12-06,576.24853515625,581.504796593788,572.554914792064,581.504796593788,21439069,0.03288779413597176,0
2023-12-07,579.3265380859375,580.131529754782,572.9811158208171,577.7164969433031,10725706,0.534145033245581,0
2023-12-08,581.6468505859375,584.1565677433689,573.3125340795355,577.7164613742833,17722136,0.4005189383635255,0
2023-12-11,581.7415771484375,587.0925809963234,580.6524163565841,582.4518843244429,11706255,0.016285923736125696,0
2023-12-12,579.989501953125,585.2457634285711,578.474145313708,584.34602945594,14494836,-0.30117757852219373,0
2023-12-13,587.0451049804688,587.6607275753272,579.2791271049712,581.9309286579414,13977914,1.2165052994207448,0
2023-12-14,590.64404296875,594.5270319230541,589.4601978235428,592.8696487197641,15813797,0.6130598752545513,0
2023-12-15,613.9420776367188,615.5994608004121,587.0450934582335,594.763786742552,29813572,3.9445136110856316,0
2023-12-18,614.1788940429688,620.9505117561671,608.4017525486585,612.4268262567273,16221796,0.03857308610635268,0
2023-12-19,620.7137451171875,624.6914187883696,606.3655180156144,614.178896420345,19964008,1.0639979878177996,0
2023-12-20,602.7666015625,625.4490859501609,600.398911288317,623.8390450027288,22542056,-2.891372020656502,1
2023-12-21,609.6802978515625,614.6051056049055,594.2903097504551,598.6942371598262,19915516,1.1469939228784032,0
2023-12-22,603.0507202148438,615.0312562708087,601.5354215427969,610.6273291849556,14998068,-1.0873859070205438,0
2023-12-26,604.2819213867188,607.3599188509928,602.0089733268344,605.0395707400135,10153089,0.2041621261038129,0
2023-12-27,614.2261962890625,615.0785879054715,605.1816310480025,606.8390142316238,14417646,1.6456350174308465,0
2023-12-28,616.9254150390625,618.7248250055344,612.2847188738049,615.8362543661124,16982092,0.4394502817215651,0
2023-12-29,608.0702514648438,615.2206650823382,605.7025610083924,611.3376758557351,13221898,-1.4353702017055103,0
2024-01-01,607.4072875976562,612.6636066637731,604.2346055026524,608.2123370371694,8295548,-0.10902751213209827,0
2024-01-02,605.6078491210938,613.7053385549276,600.3041880555562,607.4072591036456,15164482,-0.29624907591732086,0
2024-01-03,609.3961181640625,613.7053027877732,602.1509629952877,605.5130715344494,14571772,0.625531694885817,0
2024-01-04,608.733154296875,612.1900051328654,604.8501654661197,608.4963852753671,13883388,-0.1087903003361479,0
2024-01-05,607.9755859375,617.2569212553799,603.9978542855673,610.8641568235059,15984585,-0.1244499915977193,0
2024-01-08,593.8167114257812,610.8640811317845,591.9699014799768,606.1287006578947,14739531,-2.3288557697404455,1
2024-01-09,592.3014526367188,600.777738011181,591.4490609721083,598.5521321607245,13400235,-0.25517281004509007,0
2024-01-10,588.8446044921875,592.2067133106882,585.4824956736869,591.73317522907,12742464,-0.5836298609673496,0
2024-01-11,587.3766479492188,593.9588388441286,585.7666069108683,592.8696781345247,15533860,-0.24929438628968903,0
2024-01-12,600.0673828125,602.8139265740106,588.2289317800174,590.786048764021,16620797,2.160578720245354,0
2024-01-15,606.223388671875,611.337622735401,602.4350842707261,605.0869435954805,16844018,1.025885764782286,0
2024-01-16,603.1928100585938,610.7694190953231,599.9253858505162,606.1287229383505,15025543,-0.49991119938818107,0
2024-01-17,592.8696899414062,603.0981011461799,590.0284613953612,590.9755375773763,30016308,-1.711412991839989,0
2024-01-18,595.0479125976562,599.9253777209321,586.2874585176507,592.6802223057629,14695436,0.36740327481832313,0
2024-01-19,594.527099609375,601.8669403452932,591.6385286871963,599.4992497853196,11675202,-0.08752454672223964,0
2024-01-23,573.0757446289062,601.2986596201333,568.8613020834159,593.816735051732,30954343,-3.608137458252625,1
2024-01-24,585.5771484375,589.4127951297775,571.1815799753688,577.6690860249656,19221835,2.1814574994251323,0
2024-01-25,580.3209228515625,590.7861029633766,574.1649277499139,585.7666108260978,22684904,-0.8976145329377516,0
2024-01-29,589.9810791015625,596.1844161117133,583.0200349532757,586.240116875537,19572140,1.6646231196580485,0
2024-01-30,593.5799560546875,599.9727198414752,591.1649235184444,592.3487686641458,16966577,0.6099987068408197,0
2024-01-31,606.602294921875,609.1594121757427,589.0813855447404,593.248543869928,23270745,2.1938643201064867,0
2024-02-01,613.3739013671875,618.3933934805597,599.7359814695897,608.7332050368398,26587707,1.1163173139964178,0
2024-02-02,615.2680053710938,625.5911000755175,612.4741193428779,617.4936110619957,27471811,0.30880087980338367,0
2024-02-05,608.922607421875,620.1454364049642,604.9448761274464,612.8529386660016,28339525,-1.0313225933780812,0
2024-02-06,615.8363037109375,620.334915694985,603.950508871969,610.3432732703525,14079390,1.1353981942523905,0
2024-02-07,639.5131225585938,642.0702395337361,620.3348319524308,620.3821741954093,41696232,3.8446611063659653,0
2024-02-08,662.5271606445312,680.853120253775,642.5912176991574,644.3906856459379,74222434,3.5986811332129998,0
2024-02-09,686.8670043945312,689.8029174512828,657.4603003588977,666.4101818840758,43235061,3.6737880642238485,0
2024-02-12,670.4351806640625,687.57723460313,667.215098867638,687.57723460313,22873137,-2.3922860794504563,1
2024-02-13,675.6915283203125,680.0007134812453,664.9895787916939,671.0508318054963,23351472,0.7840202614432634,0
2024-02-14,704.056396484375,708.8864614766698,668.209531384723,668.209531384723,36782182,4.1979019974653475,0
2024-02-15,721.3878784179688,723.5661418914713,702.399014134815,708.1288129906382,33941282,2.4616610288801466,0
2024-02-16,714.7584228515625,733.6052046316706,713.4798352929603,723.0453396380902,27365121,-0.9189862714279129,0
2024-02-19,719.0675659179688,724.5132537731262,710.3071115422806,718.5466855971592,13979584,0.6028810474474344,0
2024-02-20,719.87255859375,723.092640626177,714.095417199918,718.878140197099,12528399,0.111949518228327,0
2024-02-21,730.6692504882812,736.3517073942173,719.3990211695317,720.3934973720231,21465311,1.4998060095001042,0
2024-02-22,725.3656005859375,732.0898177041953,716.9366002614177,732.0898177041953,18799244,-0.7258619271030664,0
2024-02-23,718.8781127929688,729.7221458595922,715.0424660921377,725.3656188570327,14143636,-0.8943748900869131,0
2024-02-26,718.7361450195312,725.7918164039028,712.8642610698683,715.0425247498395,11355186,-0.019748517990891834,0
2024-02-27,710.1650390625,722.0034911226533,702.9199410846512,718.7361245980043,13969393,-1.1925246860651995,0
2024-02-28,703.2040405273438,716.6998756485756,701.7834263040562,710.1650270994766,11263318,-0.9801944832915965,0
2024-02-29,708.5076293945312,714.0007171898741,698.1371920199082,704.529955894372,19217113,0.7542034120296304,0
2024-03-01,728.443603515625,731.1427472715305,712.1538830776034,712.2012253214909,17348526,2.813798086850583,0
2024-03-04,731.1901245117188,735.8781629797205,728.3015538370722,733.415788130336,9789141,0.37703962020374515,0
2024-03-05,742.4603881835938,745.3016167439201,728.3962721270127,728.7751257237001,18088847,1.541358846907448,0
2024-03-06,742.4130249023438,748.4742776430227,731.9951871429561,742.1762558623576,26710525,-0.00637923342494684,0
2024-03-07,746.3433227539062,751.4102146649448,741.5605999220379,748.1901327438186,15497868,0.529395056354165,0
2024-03-11,732.7528076171875,750.8419384368862,729.7694947090195,748.1901368545919,16778340,-1.8209468380545824,0
2024-03-12,719.4937744140625,736.5884876385131,717.2681107424115,729.2486473566764,21529705,-1.809482415528585,0
2024-03-13,707.70263671875,723.2820505868954,703.6775631743476,718.4993277010051,27950252,-1.6388102461226906,0
2024-03-14,701.8307495117188,711.0647417125944,695.2012166495516,710.2124078847078,19730882,-0.8297110823630827,0
2024-03-15,693.1651000976562,707.0397318687048,684.7360987203383,700.1260871078978,29792241,-1.234720681601853,0
2024-03-18,692.2653198242188,698.8475105936745,683.8836612570906,688.6190419826069,18145126,-0.12980749799877955,0
2024-03-19,685.4937133789062,695.4853553107556,682.983996236656,691.3655971347375,15205043,-0.9781808002503944,0
2024-03-20,697.2848510742188,699.8419683708956,681.7054360495005,686.7723283939229,25405455,1.7200942131463393,0
2024-03-21,704.90869140625,710.8752589513945,701.3571562240289,702.7304280554747,15161161,1.093360958622025,0
2024-03-22,707.1817626953125,709.170599460014,702.1622707327812,704.4825610232863,15535921,0.3224632235031555,0
2024-03-26,700.8837280273438,708.270910802939,699.4157714829856,703.7249566183376,14678342,-0.8905821671595149,0
2024-03-27,694.490966796875,706.3767615612527,691.5550536950569,703.6776175097407,30088789,-0.912100106598468,0
2024-03-28,712.53271484375,719.3516746513696,697.9004346418056,698.7054262433901,21705116,2.5978376839207895,0
2024-04-01,718.1678466796875,721.1985019784711,712.2959628767208,718.8781538057333,9949971,0.7908593835123989,0
2024-04-02,725.8391723632812,728.064778156646,713.4797825681824,718.0731365019557,15713063,1.0681800527635232,0
2024-04-03,730.2431030273438,731.7110595976199,719.9200069807692,724.4186189959363,19136981,0.6067364275371911,0
2024-04-04,719.1149291992188,734.2681480220336,717.9784262265191,733.9840367300943,15889530,-1.5238998878580712,0
2024-04-05,724.2764892578125,727.0703754749767,712.7694908570097,717.8363829672766,9939620,0.7177656656831566,0
2024-04-08,727.6386108398438,729.2486518920224,721.4826157264696,725.507689454445,9797174,0.4642041584804968,0
2024-04-09,723.755615234375,731.5689935781403,720.8196444464801,727.7806889266177,7465892,-0.5336434251320132,0
2024-04-10,737.8196411132812,739.3823398361972,723.2347035208019,725.933847345905,14530669,1.9432009345242696,0
2024-04-12,725.744384765625,738.2458005175444,724.3237706530191,736.1148793486354,14408722,-1.636613567163403,0
2024-04-15,717.41015625,722.9031861494083,709.1232402537129,719.5884197508934,11356572,-1.1483696864311943,0
2024-04-16,711.9171752929688,714.9478306266623,705.003530747474,711.4909794514435,13338991,-0.7656681340760252,0
2024-04-18,705.38232421875,719.7305514049899,702.7305224873335,712.2486264937273,14589648,-0.9179229411805601,0
2024-04-19,710.7332763671875,712.2012327726861,693.3070528688593,695.6274008930026,10886554,0.7585889190466988,0
2024-04-22,725.5549926757812,728.3015365467629,710.7332860753157,714.2374792815871,17452186,2.0854118980263348,0
2024-04-23,732.08984375,736.5411130931677,725.0341150661952,729.580068899774,12292429,0.9006693000786603,0
2024-04-24,732.1845092773438,737.2987433357519,729.438023272222,737.2987433357519,7842615,0.01293086199076754,0
2024-04-25,769.6887817382812,771.2988227188599,728.9171659384565,729.8642420676275,36732974,5.12224336703786,0
2024-04-26,758.8921508789062,773.6665743476738,756.6192026717495,772.7194981434557,14964358,-1.4027268053708242,0
2024-04-29,782.7584838867188,787.2570958630791,756.4297769334296,764.2904978785022,27302732,3.1448912708046617,0
2024-04-30,782.521728515625,790.6665609037641,776.5078176272258,782.7584975711517,27449073,-0.03024628617478431,0
2024-05-02,786.12060546875,789.7668836015869,781.3378821149746,783.137350056369,19943724,0.45990760664904595,0
2024-05-03,787.4464111328125,791.9450224719984,776.6023785542086,790.6190928500534,22667634,0.1686516871379995,0
2024-05-06,765.048095703125,791.755654460013,760.5021417839598,790.8085783183144,35283557,-2.844424091979225,1
2024-05-07,759.4603271484375,771.5355470964827,751.2207537405488,769.0257723774635,16725013,-0.7303813428294337,0
2024-05-08,767.8892822265625,778.4965459957647,757.1873339703332,760.1232467274178,27908322,1.1098611443962403,0
2024-05-09,776.4130249023438,795.2125213733023,761.0230372925254,768.9311579165353,49290254,1.1100223525800423,0
2024-05-10,774.0927124023438,788.0147441654584,772.4353290449478,783.2320208951047,20543142,-0.29885028014462467,0
2024-05-13,765.9951782226562,776.4603581145727,756.33498993591,776.4603581145727,15398505,-1.0460677448515643,0
2024-05-14,774.897705078125,778.875436405395,765.1428324503737,769.9728976160259,10912462,1.1622170881186777,0
2024-05-15,776.8865356445312,781.6219162809175,774.7556143581575,777.5495004946132,9755062,0.2566571759566205,0
2024-05-16,768.978515625,782.4270089369695,755.1511687191949,781.6219595013043,20536990,-1.017911838692187,0
2024-05-17,774.566162109375,778.9227468345998,768.26814075298,771.3934803092677,12492509,0.7266323272807629,0
2024-05-21,786.6888427734375,792.0397884444491,776.2236048637419,777.5495346221023,14037801,1.5650929845745898,0
2024-05-22,788.422119140625,796.0295133266376,783.414724155801,795.9331822307055,19239277,0.22032553062236726,0
2024-05-23,801.277587890625,804.5516696610887,791.5517324493296,794.1517316465437,17497488,1.630531213915254,0
2024-05-24,797.9072265625,810.0886726083256,796.3665167870256,799.2553916967729,12252075,-0.4206234367539863,0
2024-05-27,802.818359375,808.3072335281287,792.5146936444445,801.7590699633794,12295193,0.6155017336611834,0
2024-05-28,800.3628540039062,809.5590944673188,792.8035957117308,804.7443027300019,13818893,-0.30586063988439216,0
2024-05-29,792.1776733398438,803.5405695871641,788.9517277526038,797.7146835951445,14518232,-1.0226837269015188,0
2024-05-30,795.2590942382812,805.0331445629747,788.9517290829909,790.9739767920537,17818705,0.38898103318742994,0
2024-05-31,799.5924072265625,804.0701868667423,786.8332096505334,799.9294778988177,22267336,0.5448932328691924,0
2024-06-03,872.1032104492188,878.2179721623354,825.0145259321062,831.5626306363492,64269020,9.068470706739774,0
2024-06-04,746.4852905273438,863.7736004371982,704.8373437950039,863.7736004371982,122381193,-14.404019893146526,1
2024-06-05,760.4962768554688,765.5518076607758,716.4890731382206,761.4592351040986,74256082,1.8769273160395672,0
2024-06-06,786.6887817382812,802.4812623286783,766.5147939369629,770.3666270723245,40555649,3.4441332166824434,0
2024-06-07,799.207275390625,800.699849042878,780.4777241722821,789.5295559574165,25061284,1.5912892039317894,0
2024-06-10,800.9887084960938,814.1331129043821,798.4850404060916,803.2516957835098,16725508,0.2229000110888668,0
2024-06-11,804.5997924804688,808.4997618244676,798.3405635563713,805.0331354685376,14754408,0.4508283258018775,0
2024-06-12,808.018310546875,814.2294035252687,802.144288248299,805.9961215652175,15071442,0.4248718553440556,0
2024-06-13,812.6405639648438,814.5664806385139,805.1294419180801,813.6997946256373,12523972,0.5720481030733415,0
2024-06-14,808.1145629882812,818.4182278630158,804.1663989581385,813.6997089993326,12903496,-0.5569499206980688,0
2024-06-18,813.6034545898438,819.958955574296,809.1256751864971,810.3775091653368,14929083,0.6792219634386365,0
2024-06-19,821.0182495117188,828.7219161598205,809.8479563816961,815.4331029467074,32925140,0.9113524383463911,0
2024-06-20,812.4960327148438,821.4996689454273,811.1478676397271,821.4033966290509,13985352,-1.0380057692923828,0
2024-06-21,805.322021484375,816.6367816070117,797.9072307555297,813.6034982004232,18990090,-0.8829595396912637,0
2024-06-24,801.8554077148438,805.0331584274583,790.6369197366024,800.699845971808,12715254,-0.4304630541632992,0
2024-06-25,811.0516357421875,814.5182621448073,803.3961054308986,805.996104620019,20917530,1.1468686173173648,0
2024-06-26,814.0367431640625,817.3589609223837,805.0331069252793,808.7404727237647,16281760,0.36805393027083966,0
2024-06-27,812.7367553710938,816.0108369000839,807.199745485568,812.6404830567203,20378887,-0.15969645152820178,0
2024-06-28,817.5034790039062,831.9959899913704,812.736823556385,815.5294261991826,23636388,0.5865027761216446,0
2024-07-01,810.7627563476562,818.9960380974777,808.8368397383734,817.888612537416,10967797,-0.8245497211171848,0
2024-07-02,795.5480346679688,814.9516094316318,792.6591597257975,812.7368170641629,21142840,-1.8765935608866857,0
2024-07-03,808.8368530273438,812.5923552125606,794.440614381567,798.292447663417,23598009,1.6703979873347707,0
2024-07-04,808.2108764648438,813.6034781228886,803.3960850421123,811.7738338725269,13372587,-0.07739219104039297,0
2024-07-05,827.9033813476562,829.3478187678616,805.996080474543,806.9590387546798,24873722,2.436555292221332,0
2024-07-08,824.5330810546875,832.9589665545163,821.8849456118841,827.903435254619,10359800,-0.4070886010252295,0
2024-07-09,829.39599609375,837.7256091400944,824.2923287105681,828.0478896992312,13585081,0.5897780393288921,0
2024-07-10,817.5515747070312,828.3848552906051,812.2553041995063,828.2403880397673,17343236,-1.428077955826057,0
2024-07-11,824.9664306640625,826.5071405152041,818.273858372934,822.7516382126789,8501366,0.9069588006956453,0
2024-07-12,827.8552856445312,831.0330363694129,823.6182454951478,824.9664106629458,11446064,0.3501784888560122,0
2024-07-15,848.7033081054688,854.4810581363205,827.8552953420664,827.8552953420664,25392820,2.518317249699775,0
2024-07-16,848.0773315429688,855.2031872360685,841.9143753130872,849.6180412132858,11893692,-0.0737568189638993,0
2024-07-18,860.4513549804688,861.7513839164689,844.9958864196212,848.0292284959793,19435183,1.4590678205001817,0
2024-07-19,856.406982421875,865.6995539804449,850.5810961772029,861.8477205923227,14562742,-0.4700291928397937,0
2024-07-22,844.3218383789062,861.8476914572568,835.8478169663675,848.7996180509505,14614111,-1.4111449685747068,0
2024-07-23,831.899658203125,851.7365747034543,817.6478290405348,850.2921373240815,18279212,-1.4712612668685399,0
2024-07-24,820.4404296875,835.8477617004108,815.8182418384882,832.188532102206,19624845,-1.377477247721981,0
2024-07-25,817.0701293945312,819.2367856009398,810.04054545749,816.1071710805719,9522375,-0.41079159083523553,0
2024-07-26,830.5033569335938,832.2366700338795,812.7367654134732,813.362711787555,12081506,1.644072773657368,0
2024-07-29,839.3143920898438,856.1661615632173,831.2255780072089,833.9699855260068,26582781,1.0609270971260631,0
2024-07-30,840.469970703125,847.9328973347123,836.8107410128214,842.2996149354311,13528447,0.13768125796149722,0
2024-07-31,840.0848388671875,842.5403707610664,835.8477988655185,841.4810813734941,11636874,-0.04582339040802852,0
2024-08-01,830.696044921875,848.7515140014297,827.6145664441017,845.2848286735671,11787203,-1.117600688755771,0
2024-08-02,816.4441528320312,826.5070785961769,814.8071707781978,824.9663688604599,12609331,-1.7156566685211705,0
2024-08-05,781.5851440429688,800.555375930074,770.3666561037335,799.2554057076235,27676951,-4.269613379941017,1
2024-08-06,768.15185546875,795.9331791962649,766.1778026885571,792.1776770526977,17900930,-1.718723631916963,0
2024-08-07,778.6962280273438,780.6702807246692,770.8962307809461,779.0332399118962,17692355,1.3726937562572594,0
2024-08-08,778.1184692382812,787.507312985182,773.06293798995,781.9221664085547,14769069,-0.07419565785313775,0
2024-08-09,793.7665405273438,799.2072786074854,779.5629051443975,785.7739981345145,15320885,2.011013991787247,0
2024-08-12,782.4998779296875,792.5146675912324,781.1517715969126,790.2035442003192,16120449,-1.4193924815942949,0
2024-08-13,768.0073852539062,789.6258109801142,765.5999894887229,783.3665819906377,17585172,-1.852076030238503,0
2024-08-14,773.2554931640625,779.1777100523152,770.7518251641638,771.2814404594144,11788665,0.6833408129820473,0
2024-08-16,782.0183715820312,784.7147017023967,773.255475013765,773.255475013765,11427335,1.1332448971183018,0
2024-08-19,783.5591430664062,794.8257663935242,782.4998537223788,784.8109770417955,10151482,0.197024972860671,0
2024-08-20,789.9146728515625,792.5146719871843,783.2221009869668,787.6517443817361,10347493,0.811110410923721,0
2024-08-21,785.3406372070312,790.588771746324,781.1517920723019,789.9146891751129,14607257,-0.5790543968526518,0
2024-08-22,789.9146728515625,793.3813579571615,786.8331945713555,788.662838830503,7832917,0.582426965806615,0
2024-08-23,785.1480102539062,791.5517063269808,784.3295192254573,791.0702271868793,5537747,-0.6034401893623254,0
2024-08-26,784.859130859375,792.9480038850295,783.6554330147424,787.6998695275697,8523795,-0.03679298562290212,0
2024-08-27,785.677734375,789.0962247326166,781.0073511539267,787.5073199593448,12833290,0.1042994192765212,0
2024-08-28,779.41845703125,786.9295198766698,776.625854503473,784.5702603306938,10371300,-0.7966723594030833,0
2024-08-29,784.3295288085938,785.7739662465469,777.0592054590912,779.5628735084862,18247268,0.6300943649768964,0
2024-08-30,785.3887939453125,790.2999167148297,784.1850960274376,786.8814263829273,8911426,0.135053583705802,0
2024-09-02,791.6961669921875,794.8257813768107,782.9332114506573,787.0257841074723,11813750,0.8030892591668559,0
2024-09-03,794.248046875,795.3554725033293,786.1592318819613,791.69624247498,10548350,0.32233071084677434,0
2024-09-04,786.2554321289062,788.325815931437,783.5110245528155,785.2443376942574,10789570,-1.0063121687917231,0
2024-09-05,788.422119140625,791.6962009160937,784.2332739868236,788.0369123055189,8395074,0.2755703710500379,0
2024-09-06,753.514892578125,782.7888492947188,748.2186217676717,781.4406841241514,40220096,-4.427479355925312,1
2024-09-09,755.2000122070312,759.0037090727857,742.4408153160613,755.9222308989729,21322103,0.22363454863389975,0
2024-09-10,753.6593017578125,759.5814597612606,748.7000432350214,758.8111049121503,12824701,-0.2040135625416828,0
2024-09-11,740.1297607421875,758.811176152104,737.0483410564517,751.1556455515445,20060665,-1.7951799950016056,0
2024-09-12,758.5703735351562,760.6407573153975,744.1259995547978,746.2926556518515,17578964,2.4915378047326353,0
2024-09-13,761.5555419921875,765.5518424151477,756.0185318111974,761.7000092457633,12950936,0.39352557932357257,0
2024-09-16,756.451904296875,765.5518722692779,755.344537482079,761.5555716904744,9553736,-0.6701596159305323,0
2024-09-17,753.9000854492188,758.3296701716079,751.637098153009,756.5000258703583,10665630,-0.3373405279517683,0
2024-09-18,763.3851928710938,765.3111094724715,753.0333911386886,754.7667043250664,18324412,1.2581385259060163,0
2024-09-19,760.6889038085938,771.6665929182252,755.0074264560737,765.5999675189145,10645478,-0.3532016454706466,0
2024-09-20,752.7445068359375,765.4073730812867,750.625986843672,765.4073730812867,21372244,-1.0443687206268537,0
2024-09-23,772.1480712890625,775.1814133728537,755.4407686844768,756.8852061006995,17309545,2.5777092063660856,0
2024-09-24,768.6814575195312,774.4592072785255,766.9962805064912,769.6444158126969,15180653,-0.4489571234366885,0
2024-09-25,763.72216796875,768.4406869245006,759.4851869144526,768.3444146087945,18465571,-0.6451683596979785,0
2024-09-26,772.1480712890625,773.2554968178902,762.277748944874,766.5147888755175,23198842,1.103268135154778,0
2024-09-27,772.9185180664062,778.0703215620741,768.8740813727312,772.1481043919451,15193681,0.09977966739689315,0
2024-09-30,758.71484375,772.8702832866289,757.3185425049131,772.1962595176911,15484573,-1.837667746910665,0
2024-10-01,767.4296264648438,770.7036494096986,758.811137952777,758.811137952777,13280535,1.148624254109798,0
2024-10-03,764.6851806640625,774.2184915699847,755.2482008550121,760.6408027275493,15944135,-0.3576153051874642,0
2024-10-04,767.1407470703125,779.8517495092212,756.1629990283715,762.6629675013947,20097454,0.3211212232617777,0
2024-10-07,742.1038208007812,774.2184558775194,737.0482898388944,770.3666227637009,24267990,-3.2636678947307263,1
2024-10-08,752.5037841796875,755.3445229531092,743.6445559601656,743.6445559601656,8560960,1.401416228754071,0
2024-10-09,767.8629760742188,774.5554892758929,753.0815308248506,757.5593104537433,18758697,2.041078359662274,0
2024-10-10,767.5740356445312,774.6518143977434,765.5518467289336,769.4036799200226,10241015,-0.0376291654488603,0
2024-10-11,770.1258544921875,772.9665930626187,763.6258863548668,767.6703227285054,14322720,0.33245247092204,0
2024-10-14,775.325927734375,779.2740334022208,771.1370237082186,772.2925854662725,8967564,0.6752238237237584,0
2024-10-15,774.8444213867188,777.5888290383062,771.9073515455158,775.6629124338771,6252104,-0.06210373346642317,0
2024-10-16,775.61474609375,779.0332361787332,772.3406644838936,773.0628831824524,6494240,0.09941669395421293,0
2024-10-17,781.00732421875,789.1443336790275,776.1443965165297,779.5147505956958,18580553,0.6952650335954491,0
2024-10-18,790.0110473632812,792.1295086964368,773.1592763766439,781.0554877623608,11704698,1.1528346617668106,0
2024-10-21,783.7999267578125,795.8369056109815,779.0332713770955,794.1517285715379,10359618,-0.7862068038413939,0
2024-10-22,761.1222534179688,786.5924530851014,758.329650876446,783.8480454773676,16645356,-2.8932987316865333,1
2024-10-23,756.88525390625,763.2407554293255,750.9149004539081,760.7370872594624,13866198,-0.5566779177315739,0
2024-10-24,765.1184692382812,767.4777287162982,755.5852177848088,756.9333240763132,5607500,1.087775893312748,0
2024-10-25,752.0223388671875,771.0889025356221,743.4038498376525,768.4407670601641,9717125,-1.7116473980992364,0
2024-10-28,762.7111206054688,774.1703480481368,754.5259749390806,754.7667145175037,13757251,1.4213383281116876,0
2024-10-29,801.8554077148438,803.925732845734,761.2185547092174,766.5148254883454,28274791,5.132255981570166,0
2024-10-30,791.9850463867188,802.1442444505282,790.6368812896834,797.3294530672716,15977682,-1.2309402958638027,0
2024-10-31,789.8184204101562,797.3294834998579,783.4147241162844,789.625816992613,13402324,-0.27356905113894436,0
2024-11-01,790.7813720703125,795.0183533490626,788.566579722976,791.9369337915391,1637141,0.12192063837359601,0
2024-11-04,799.1109008789062,806.4775551912725,777.2036001259493,792.2257844782764,14498161,1.0533289102127696,0
2024-11-05,817.7442016601562,819.8627216790217,795.6442968785319,799.1109232553587,26254561,2.331754048249879,0
2024-11-06,823.13671875,829.492278606691,814.8553011245552,817.7441759391488,15002433,0.6594381322296172,0
2024-11-07,827.7589111328125,830.4552413269911,815.3367846280997,829.1070762299017,15283847,0.5615339806285924,0
2024-11-08,811.9183349609375,831.5145133583849,803.2998462002181,827.7589523824207,26139105,-1.9136702678557382,0
2024-11-11,816.2515869140625,822.366348312754,810.8108492732305,814.662682286405,12621337,0.5337053945620562,0
2024-11-12,796.07763671875,821.7886350304474,793.7665132938048,820.9219490525154,11350729,-2.471535800816338,1
2024-11-13,778.6962280273438,800.9405405398265,774.8443949499054,792.8516675674828,13756706,-2.1833811037637485,1
2024-11-14,774.459228515625,787.6999054097373,771.3777501381329,778.6962686314655,9461484,-0.544114554458841,0
2024-11-18,784.136962890625,786.4480864115857,769.6444516583641,780.9592121300385,9322451,1.2496118605945128,0
2024-11-19,773.2554931640625,789.9146595309171,770.4628906628374,788.6628255309678,13677029,-1.3877001393288846,0
2024-11-21,751.8297119140625,768.9222221753172,733.3409003273077,768.9222221753172,29486577,-2.7708540630378753,1
2024-11-22,785.8221435546875,789.5777045997442,755.0074765981217,756.88525712065,20665405,4.521293998089626,0
2024-11-25,813.1701049804688,818.1293046973657,795.0665016573014,796.3664717835007,23434605,3.480171900230755,0
2024-11-26,808.3072509765625,815.3368350764866,804.5998261173272,812.7368358136894,8893744,-0.5980119010920881,0
2024-11-27,803.2034912109375,811.292364407334,801.2775746188726,807.4405312232043,8375108,-0.6314133344045625,0
2024-11-28,807.7775268554688,814.4700986330259,799.7368487551913,803.2034750413964,13505677,0.5694740740774584,0
2024-11-29,807.8738403320312,812.7849039261208,800.7479257305017,809.9441653170932,10822949,0.011923267652358405,0
2024-12-02,805.4183349609375,810.8108778597823,801.8553775432713,807.8738668385488,6651119,-0.30394663727254523,0
2024-12-03,822.3182373046875,824.8700414893754,805.8998103387524,806.9590409400479,12186182,2.098276337919436,0
2024-12-04,827.8552856445312,831.995994696608,818.8034538591721,822.3182752631592,10749716,0.6733461680227926,0
2024-12-05,833.3922729492188,839.1700227524034,823.9070984244045,828.1441384564639,14716036,0.6688351697092365,0
2024-12-06,831.658935546875,843.0218314074111,825.2552395250841,833.1996452731378,14520568,-0.20798577795901885,0
2024-12-09,826.266357421875,834.7403787055949,825.2071268017763,827.1811795615839,9630346,-0.6484122149729599,0
2024-12-10,835.3662719726562,836.7625731734661,826.2663048631648,829.8773982578593,7379849,1.1013294283425568,0
2024-12-11,829.684814453125,837.6292201091063,829.0589268478445,835.3662917047014,7006973,-0.6801157420582626,0
2024-12-12,822.0775146484375,832.2848491458258,819.6219827317773,829.588577653526,8845103,-0.9168903265635575,0
2024-12-13,829.6366577148438,830.9366865999768,804.0701282655722,821.0181697348605,9379370,0.9195170688543808,0
2024-12-16,829.0589599609375,834.3070944496669,826.025617806868,827.9515344064523,6432713,-0.06963262152585026,0
2024-12-17,819.044189453125,830.6478254844673,815.6738353243519,826.7478560331779,8791216,-1.2079684306511074,0
2024-12-18,807.103515625,820.4404644541135,805.9960900799213,819.4775061625006,8295338,-1.4578790719579793,0
2024-12-19,801.9515991210938,806.9589936527981,789.8183489792347,794.0553299104415,9453398,-0.6383216531917535,0
2024-12-20,781.9221801757812,805.0331805750654,779.9962634758409,803.9739498998235,10244198,-2.4975845134873387,1
2024-12-23,790.7332763671875,793.4776841679945,782.114787338898,787.025851437494,4933200,1.1268507806525552,0
2024-12-24,781.9702758789062,795.5961593356999,779.2258682332135,793.7183788955526,10602771,-1.1082119281156988,0
2024-12-26,782.3555297851562,792.3702614447049,778.0703533367926,782.885145127243,8318714,0.04926707806343078,0
2024-12-27,770.0296630859375,787.9888009322062,767.6704033888981,786.0628842447148,10649800,-1.5754815080815665,0
2024-12-30,759.1000366210938,778.0221912364731,755.9222859001974,772.292577441985,21515438,-1.419377329055438,0
2024-12-31,765.503662109375,769.5962346158304,756.8851741350371,757.7999962148708,9086044,0.8435812382232344,0
2025-01-01,763.8185424804688,769.0666770195652,760.2555849821816,766.0814709969738,7273098,-0.22013214466706232,0
2025-01-02,771.522216796875,772.6777785343264,757.848196914708,765.5518634653022,11398319,1.0085738808315536,0
2025-01-03,764.0111083984375,779.5147129032193,762.8074105712243,771.5221710853858,13336514,-0.9735440192015887,0
2025-01-06,747.640869140625,768.0555386685415,744.5112545755807,767.8629940224499,11419367,-2.1426703195623342,1
2025-01-07,749.9037475585938,754.8148111917903,746.1481868219319,750.9629781385199,9669152,0.3026691706366824,0
2025-01-08,742.5853271484375,754.911181809416,731.9445907621887,751.9741707073787,15641490,-0.9759146335756141,0
2025-01-09,732.2816772460938,742.7778878278531,699.3484904504,742.5853431803976,15351029,-1.3875375025130476,0
2025-01-10,715.71875,735.1223830791824,714.5631882955921,732.1853132713054,11779296,-2.2618246175955536,1
2025-01-13,702.4780883789062,716.3928477377098,695.7373801970662,714.0335881192036,10414733,-1.8499811023665047,0
2025-01-14,720.4373168945312,728.9594748276388,705.8003381418084,705.8003381418084,11960975,2.556553551309926,0
2025-01-15,725.7816772460938,730.7890721249498,722.2187198068513,725.252061939764,7792299,0.7418216999918181,0
2025-01-16,737.9149169921875,747.929706597395,732.2334984141427,732.2334984141427,11816079,1.671747872188245,0
2025-01-17,735.7964477539062,739.5038726459838,731.2705905527847,737.9149678673344,5766573,-0.2870885503868603,0
2025-01-20,750.38525390625,755.9222641211501,739.4075057965499,740.5149313492541,9198929,1.9827231018684,0
2025-01-21,730.9334716796875,755.8259785163474,728.044596835733,755.7296474236301,13751780,-2.5922394030670426,1
2025-01-22,725.5408935546875,734.7371329395015,710.6631770764773,733.7741747049805,9908339,-0.7377659299974137,0
2025-01-23,718.2705688476562,727.6594116108213,715.5742387782767,722.2186740896237,10986405,-1.0020558140301783,0
2025-01-24,716.58544921875,725.7816893156935,711.6261904172143,722.1224594960153,10579213,-0.2346079182403038,0
2025-01-27,721.4483642578125,727.3705224901476,708.6410307266503,712.5891362148737,11433353,0.6786231906277473,0
2025-01-28,724.5298461914062,731.6075661648166,717.7891381122306,728.9594308479976,14140860,0.42712439119101386,0
2025-01-29,730.355712890625,732.6186413192878,722.0261003310969,725.1075785552505,9251973,0.8040892628293106,0
2025-01-30,734.3519897460938,736.6631132188579,726.7927904600431,730.4520203133268,11085824,0.5471685625148437,0
2025-01-31,744.2705078125,748.7482287285419,731.3668428360176,736.5668412651819,10083763,1.3506490354626255,0
2025-02-01,737.6260375976562,749.9037555863902,724.2890890176571,746.1000586507049,9363077,-0.8927493626440519,0
2025-02-03,732.7631225585938,734.5445718854385,725.2520596511663,734.5445718854385,7862190,-0.6592656429130872,0
2025-02-04,750.3370971679688,752.3111498703669,737.2890243394788,738.5889944967314,12020807,2.3983159179752134,0
2025-02-05,737.6741943359375,753.0333909836241,736.6630998752845,751.107474382643,13419162,-1.6876285178788808,0
2025-02-06,724.3853759765625,742.2963767183029,722.2668559769037,740.5149273858113,32745391,-1.8014481815156524,0
2025-02-07,709.8928833007812,731.75204885935,704.6447487163948,731.6557177630287,37240692,-2.0006605815645506,1
2025-02-10,709.5076293945312,716.3446682586824,706.2336065973515,712.5891075604651,12667049,-0.05426930108929362,0
2025-02-11,704.018798828125,712.7336185765542,699.6373502606822,710.1336193776868,13017060,-0.7736112113537419,0
2025-02-12,705.9928588867188,711.3372653768854,690.5855270091603,705.9928588867188,12697743,0.2803987708680067,0
2025-02-13,700.6965942382812,710.1817094926294,699.2521568630419,707.1965624268578,12370571,-0.7501867167309828,0
2025-02-14,695.4003295898438,705.7521308643177,689.6707161993432,703.8743505061794,10417539,-0.7558570559622946,0
2025-02-17,700.7447509765625,701.7558454140641,685.1929512700127,692.4151383583221,9093600,0.768538805535357,0
2025-02-18,698.9151000976562,701.2743596122846,690.7780909672726,700.7447443190354,8562003,-0.26110090391064933,0
2025-02-19,700.3595581054688,707.6298814976512,695.3040270429543,695.3040270429543,6766606,0.2066714551754112,0
2025-02-20,702.670654296875,704.4039674105562,696.5558340793757,698.0484664022894,7423268,0.3299870994347476,0
2025-02-21,695.255859375,704.5965661934869,693.3299428670359,700.359526366243,6571602,-1.0552304805292567,0
2025-02-24,689.8633422851562,693.089229046088,684.1818648659195,684.1818648659195,6912148,-0.7756162018816126,0
2025-02-25,684.5670776367188,692.318880181649,683.7003916586949,692.318880181649,8599635,-0.7677266385678228,0
2025-02-27,677.8263549804688,691.1151674539011,675.1300247842662,689.4781266274379,12033139,-0.9846694175712489,0
2025-02-28,663.2857055664062,675.370821210472,657.3153519889653,674.9375369686069,15780609,-2.145187968455653,1
2025-03-03,669.5448608398438,671.5671084335651,654.811611339565,664.5856611067829,10598479,0.9436590025851066,0
2025-03-04,689.5262451171875,691.8373684334783,666.4633832092842,667.3300691464701,14386214,2.98432344806292,0
2025-03-05,703.2965698242188,704.2113919626877,690.4411000485206,690.970715357852,10409805,1.997070424011338,0
2025-03-06,704.93359375,709.4595093992308,700.0706662141035,708.7372906926826,10928847,0.23276438362132001,0
2025-03-07,705.607666015625,707.6298548547695,701.0336142741386,704.9335834778076,7246729,0.09562209427971258,0
2025-03-10,701.9003295898438,711.1447057760574,699.6854784765769,705.6076955415114,7400109,-0.5254104517763536,0
2025-03-11,702.8151245117188,706.8595613151393,695.930007610309,698.0485277239401,5538789,0.1303311714370592,0
2025-03-12,696.2670288085938,709.7003096539208,692.4151953776362,703.5373526546633,5547762,-0.9316953313539322,0
2025-03-13,700.8892211914062,704.3559065637423,697.6633341842002,699.0114994024942,5908337,0.6638534055995349,0
2025-03-17,696.36328125,704.1632195569075,695.5447314737941,701.9002911815586,5149563,-0.645742551684958,0
2025-03-18,696.36328125,696.36328125,696.36328125,696.36328125,0,0.0,0
2025-03-19,717.5001831054688,721.5446195922909,711.7224334883822,712.2039126231394,7604850,3.035326879603306,0
2025-03-20,721.7853393554688,724.8186813309343,716.6335362646441,720.292765833536,6963197,0.5972341681437676,0
2025-03-21,725.3001708984375,727.611235450561,719.3298179504133,722.1705565633118,9577327,0.48696355430375426,0
2025-03-24,751.8778076171875,753.9481914133478,727.1297682523594,729.9223707530908,12095064,3.664363774494639,0
2025-03-25,744.2222900390625,756.8852150473521,740.7075275492936,754.8630261504609,15190143,-1.0181863995143647,0
2025-03-26,735.7001342773438,747.3037699282959,733.2446023903115,743.4038006048552,7711852,-1.1451089111119583,0
2025-03-27,743.6926879882812,747.063042059369,732.3297917320479,735.5075423870684,15648616,1.086387420438406,0
2025-03-28,742.9223022460938,749.7592824252198,738.5889900489357,743.5000536959915,7628185,-0.10358925865889823,0
2025-04-01,743.1149291992188,753.7556066211873,734.92978367858,738.3964100364205,7011125,0.025928277094733332,0
2025-04-02,747.20751953125,748.2186140115384,735.9890316029483,743.6926981564776,5458436,0.5507345056896318,0
2025-04-03,750.3370971679688,755.6333676630561,741.4297331535035,741.4778693122336,7956680,0.4188364751310347,0
2025-04-04,739.0223388671875,753.9000559499343,736.6630793418844,750.2407674906192,8231194,-1.5079566695405333,0
2025-04-07,719.2335815429688,725.7816862623683,702.9595626780941,702.9595626780941,14923235,-2.6776940673474137,1
2025-04-08,740.1297607421875,745.3297593169144,730.0668930525142,731.8483424817248,12911288,2.9053397582451845,0
2025-04-09,714.7077026367188,739.5038802710596,713.552140856178,738.5890580792018,11319387,-3.434810955308165,1
2025-04-11,725.9260864257812,731.5594277102952,718.3668873275676,730.8853451496299,9360327,1.569646408969061,0
2025-04-15,735.2186279296875,742.1519391227857,729.0556715859763,741.4778565892068,7859090,1.280094720064362,0
2025-04-16,743.1630859375,746.0519609071307,732.3298048013849,735.2186797710156,12536694,1.0805572255675022,0
2025-04-17,767.9110717773438,771.3295618258302,738.7334484219398,743.4037724463682,27034818,3.3300881472906108,0
2025-04-21,786.4480590820312,793.8146548472636,771.7148087772562,773.2555185548143,16398507,2.4139497379277675,0
2025-04-22,791.9369506835938,804.5516812424216,783.8480772367818,790.7332527762891,25117557,0.6979344075143779,0
2025-04-23,783.3184204101562,800.2183263784495,780.0924749249118,795.4035350043313,12104382,-1.0882849027309627,0
2025-04-24,783.270263671875,788.6628063594819,781.1036076104479,782.644317299962,12713521,-0.00614778575691588,0
2025-04-25,769.066650390625,788.6628277912206,757.8481629690972,784.8109946884551,13131038,-1.8133732301626293,0
2025-04-28,787.0739135742188,792.322047867904,767.8629432267787,769.0666410567842,11317611,2.3414437714140313,0
2025-04-29,782.4517211914062,798.2923962986351,779.0332311285836,789.6257719721119,11283059,-0.5872628101498689,0
2025-04-30,759.4370727539062,781.4406459920804,755.4407723731201,781.4406459920804,25635764,-2.9413506053071914,1
2025-05-02,767.1889038085938,773.6407362949234,759.7741130041347,761.0740832238849,14720184,1.0207338215103778,0
2025-05-05,760.737060546875,769.4036852872824,753.0333941109573,753.0333941109573,23986447,-0.8409719209557798,0
2025-05-06,745.426025390625,769.5481787593242,742.5371503787388,764.5407836505257,18869468,-2.0126579800441524,1
2025-05-07,747.3519287109375,753.418613146944,736.229771868778,736.9519906088443,15586266,0.25836276903576927,0
2025-05-08,740.514892578125,757.3666619150783,735.7001013389954,750.1444750563841,14491673,-0.9148348816875762,0
2025-05-09,750.38525390625,752.7445134918086,727.5149943229668,728.4779526212103,13578216,1.332905175446375,0
2025-05-12,771.95556640625,774.12222264216,763.6259533673605,769.4037033297868,15096824,2.874565083430447,0
2025-05-13,772.0518188476562,777.7332963407931,767.6703703271746,769.018476685771,13909596,0.01246865047612733,0
2025-05-14,771.0407104492188,777.5888150314639,766.8036704860727,775.9036380329437,9281719,-0.13096379980642725,0
2025-05-15,777.8295288085938,779.4665695934455,765.0703319571993,774.6517783287684,17058854,0.8804746970389798,0
2025-05-16,778.0751342773438,789.7644580739088,776.9946347468432,789.7644580739088,14733924,0.031575745025547164,0
2025-05-19,780.9237670898438,787.2104729702169,778.0750903727592,778.0750903727592,10666184,0.3661128195731056,0
2025-05-20,771.7393798828125,785.2459236919375,769.9220998339915,784.0180560729261,11324667,-1.176092673073248,0
2025-05-21,773.1636352539062,776.9946060925355,765.3052827270537,773.0654298291093,8206040,0.18455134054582434,0
2025-05-22,771.346435546875,774.2442151084329,766.4840678018166,774.0477442991881,7355826,-0.2350342959979601,0
2025-05-23,776.5034790039062,780.874699700136,772.2796264031289,773.9495383488706,5534158,0.6685768183235297,0
2025-05-26,780.33447265625,783.4286631605596,775.2265312430146,777.9769427872259,4965466,0.49336464754261566,0
2025-05-27,779.6468505859375,787.1613645883718,776.0614530866071,780.3344684569088,11995043,-0.0881188893234297,0
2025-05-28,782.4463500976562,784.7547771957036,778.6154390963333,780.4326591919574,6873519,0.3590727660369275,0
2025-05-29,783.232177734375,786.2282227070898,777.3384131262393,784.8529869834019,14034127,0.1004321429348698,0
2025-05-30,797.91748046875,800.0785394661832,778.5662748283969,783.8706869171444,22037314,1.8749616208126874,0
2025-06-02,799.2435913085938,807.9859725290632,794.8723707211232,798.4577080916993,26891575,0.16619648927413966,0
2025-06-03,795.4617309570312,803.9094959854718,790.8940994751483,801.7484370268255,14247597,-0.47317994072001435,0
2025-06-04,792.2201538085938,802.5342413659282,790.9922862422444,802.5342413659282,9607927,-0.4075088746931299,0
2025-06-05,791.72900390625,797.3280919793597,788.6347536685006,794.3812098308251,13595507,-0.06199664322884546,0
2025-06-06,798.6541748046875,801.9939985959651,788.88033690073,792.3675287830383,17163935,0.8746895546670519,0
2025-06-09,805.5302734375,809.9014942207324,801.2573180380161,802.9272300169949,12793040,0.8609607073667425,0
2025-06-10,802.5833740234375,807.4948444720902,800.1767415127031,806.4634476687678,6560513,-0.3658334778017691,0
2025-06-11,800.6187744140625,806.0704945433416,798.6541862626485,802.5342598525855,7197825,-0.24478448880971282,0
2025-06-12,791.679931640625,802.0431222706184,787.0140347260071,801.5519752269744,13448521,-1.1164917759990622,0
2025-06-13,778.3206787109375,782.2007522600275,772.3287088939938,772.3287088939938,11377117,-1.6874563059850023,0
2025-06-16,778.4680786132812,781.3167555010375,772.2305350251097,778.4680786132812,8085001,0.018938196860940337,0
2025-06-17,778.2716064453125,784.7056208342702,776.5525917636725,779.9415184126576,7753156,-0.025238307564101614,0
2025-06-18,777.8787231445312,781.4149579289822,774.3915311197982,778.4680756237817,5710169,-0.0504815153896887,0
2025-06-19,771.1990356445312,779.2047561439027,767.8592718430074,778.320667516001,11824333,-0.8587055155587442,0
2025-06-20,782.053466796875,785.2950253156704,772.181363190149,773.5565989033221,11367669,1.4074746791238102,0
2025-06-23,776.2088012695312,780.874698193188,774.5388893270122,776.0123304607985,5549253,-0.74734858618839,0
2025-06-24,781.3167114257812,792.3675194893278,779.5976968381185,784.8529460243278,11402190,0.658058778500803,0
2025-06-25,785.8843383789062,789.567941046098,782.0042649119035,785.3440886452789,6528324,0.5846063301000903,0
2025-06-26,782.9375,789.1259408358321,777.3875743106198,787.7998677833231,24704402,-0.37497100209235024,0
2025-06-27,791.1396484375,795.1179273319369,788.4383398116579,790.7467068374075,19375990,1.047612157739275,0
2025-06-30,805.824951171875,806.4634663267615,792.7604514670988,794.6759369772839,19652607,1.8562213085108858,0
2025-07-01,805.7758178710938,810.2944065895595,798.8506566320394,805.4811416394373,11456405,-0.006097267242688442,0
2025-07-02,798.5068969726562,809.4594402026391,794.6759260051804,806.4634551919074,6661200,-0.9021021402258467,0
2025-07-03,792.8095092773438,800.0785092795976,791.5325389943724,799.0962152227779,7020403,-0.7135051327562425,0
2025-07-04,797.4754028320312,799.4399909377498,789.8626239223718,794.4303152499558,4319538,0.5885264366897625,0
2025-07-07,792.56396484375,798.2613185459272,790.8941128494637,796.8369801203829,4461783,-0.6158732884850804,0
2025-07-08,798.2612915039062,799.1453201848503,791.0904969053553,793.5953947208753,5935770,0.7188475521063387,0
2025-07-09,796.5913696289062,798.0648106998194,794.675884245825,795.6581782931005,4099112,-0.20919489555280002,0
2025-07-10,793.693603515625,801.0608089938022,792.613104027281,796.9351619351286,12178137,-0.3637707140401458,0
2025-07-11,794.3321533203125,798.1630643635436,790.3047115103832,793.2515938303184,6202372,0.08045293572469525,0
2025-07-14,794.528564453125,801.0608442463658,793.6936384439774,795.4617558456557,6938635,0.024726574644051702,0
2025-07-15,801.9940185546875,806.4634446553665,796.1493567517351,796.6405037947652,9297645,0.9396080185865907,0
2025-07-16,816.9739990234375,819.4297342255312,800.8643521159136,801.5519699633943,16458920,1.8678419192883933,0
2025-07-17,814.32177734375,827.5827471798666,811.7186740978348,823.5553655077234,23073718,-0.3246396681972463,0
2025-07-18,808.7717895507812,817.9071722636787,805.7267019494631,817.2686571434967,15387801,-0.6815472639172593,0
2025-07-21,809.6068115234375,812.7010019745913,803.4674733809013,808.4280466091758,8852594,0.10324568480808427,0
2025-07-22,800.5697021484375,813.3886283330482,799.5874080353719,812.848378561757,7851163,-1.1162343555379484,0
2025-07-23,806.1196899414062,810.5891161764496,797.1316748019602,798.113968917551,15470390,0.6932547881932871,0
2025-07-24,801.25732421875,807.3966624575928,796.29675091266,805.4811769361788,10118309,-0.6031816097941567,0
2025-07-25,792.269287109375,804.6953313423805,791.2378903047143,800.569684169264,6734439,-1.121741647496155,0
2025-07-28,783.0357666015625,794.6268250025805,781.906104403612,792.269295178368,7734158,-1.1654522847277526,0
2025-07-29,785.0494384765625,785.8352617474154,779.057408633055,782.1025562450097,7833759,0.2571621835027349,0
2025-07-30,787.4560546875,789.1750692870572,782.1025400865564,784.8038487430033,8743723,0.30655600691946727,0
2025-07-31,782.4463500976562,789.5679822929258,778.5171737140591,781.0220116677076,11359112,-0.6361884653781513,0
2025-08-01,779.9415283203125,786.8175871342196,777.9769400877676,781.6114403088707,15468391,-0.32012696807022234,0
2025-08-04,781.6113891601562,783.0848302381428,772.62337460265,780.4326243068729,8820724,0.2141007728412525,0
2025-08-05,786.4246215820312,789.8135481709712,782.2007690014489,783.8706809392065,7381537,0.6158088902781689,0
2025-08-06,790.8941040039062,795.8546771264834,784.8529714185823,786.7684568691343,7409396,0.5683294112643456,0
2025-08-07,790.8941040039062,792.3675451267196,779.3521485418682,786.915765008732,7091392,0.0,0
2025-08-08,790.0591430664062,793.4971724617818,776.0123492419096,790.7467609363763,15708181,-0.10557177418228925,0
2025-08-11,808.8700561523438,810.392599955305,793.6936009259229,793.6936009259229,15236297,2.380949989759995,0
2025-08-12,806.0704956054688,810.8837605645641,805.481143141057,810.3435108131079,7986728,-0.34610757631355904,0
2025-08-13,807.29833984375,810.3434873670307,806.1196349490305,808.0842230461906,4447508,0.15232467197041633,0
2025-08-14,811.9151611328125,813.3394995419872,804.5970582342032,807.4457350525524,7087573,0.5718853936892865,0
2025-08-18,812.9957275390625,823.1624473883827,810.5399923141568,821.1978592084581,6138124,0.13308858584957228,0
2025-08-19,815.697021484375,816.2863739458684,811.1784327798614,812.8483446933888,5076681,0.33226422400636224,0
2025-08-20,814.272705078125,817.1704846600775,812.7501612160911,814.0271315534591,4493888,-0.17461341266860053,0
2025-08-21,811.0802612304688,818.4965697939625,809.4594519619582,814.272717098252,4402511,-0.3920607712559865,0
2025-08-22,801.7975463867188,811.3749137095616,801.2572966311966,809.4103255407733,5097647,-1.1444878253685342,0
2025-08-25,801.9940185546875,805.9722976123364,799.7838568610522,802.9763126407477,5672898,0.024503962235122856,0
2025-08-26,793.5462646484375,801.404617447895,792.4657651203016,800.4223233479629,6997817,-1.0533437545424684,0
2025-08-28,787.750732421875,796.6404816628535,786.4737621363677,792.9568789424643,7898436,-0.7303332502144766,0
2025-08-29,788.291015625,792.4166628378574,784.3618392231308,786.5228982350536,6861440,0.06858555389266385,0
2025-09-01,791.7781372070312,793.9882989038185,788.4383732823478,788.8803576581267,5619805,0.4423647501889283,0
2025-09-02,789.666259765625,796.1493769160325,788.4383921269514,792.0237296591938,5075460,-0.26672590996965617,0
2025-09-03,797.7701416015625,798.8997437933355,788.7821270069304,790.0590972888992,4261589,1.0262413691503935,0
2025-09-04,795.06884765625,802.2886851199853,793.6936119705517,800.2258915459101,4471950,-0.3386055461902293,0
2025-09-05,792.318359375,798.1139182710025,789.4206398814698,797.1316242177459,5194842,-0.34594340972584625,0
2025-09-08,794.4794311523438,799.4400042107487,792.5148430140074,793.6936078879036,4614227,0.272752959940048,0
2025-09-09,794.528564453125,797.966593827573,791.3361086054234,797.6228148719179,4567272,0.006184338933734601,0
2025-09-10,803.7130126953125,809.9996587129843,796.0511310104619,797.622777526262,7285853,1.1559619947093092,0
2025-09-11,809.0665283203125,811.0802191569468,804.4988369492515,804.5970423736838,7425055,0.6660979156037916,0
2025-09-12,808.96826171875,811.1784233553801,805.2846589910332,809.5085114612542,5078018,-0.012145676297659058,0
2025-09-15,810.1470336914062,813.1430186120108,806.561636356512,808.9682688172991,3852494,0.1457130061137235,0
2025-09-16,816.82666015625,818.2509986153229,807.1019843806856,810.4908511172532,9467531,0.8244955776000706,0
2025-09-17,841.973388671875,842.9556827448961,816.2863746805828,819.5279331306582,17243938,3.0785881193954534,0
2025-09-18,839.222900390625,845.5587090248177,836.0304447176452,843.4468127830675,10400847,-0.32667164048837405,0
2025-09-19,847.081298828125,849.1441524246292,834.262372728141,836.9145788068039,15206426,0.9363898952045036,0
2025-09-22,840.1069946289062,852.8277146939828,838.8791270541783,846.7374795324375,6594034,-0.8233335110652495,0
2025-09-23,855.1851806640625,858.7705779481222,836.1287119616596,839.4684757773939,14357863,1.7947935360086653,0
2025-09-24,850.8631591796875,864.9099527819579,849.1441445091953,860.4896293435494,12840160,-0.5053901286056983,0
2025-09-25,845.902587890625,854.7432347874252,844.7238229801568,851.2069400560208,8678821,-0.5830045919305027,0
2025-09-26,841.7769165039062,849.0458566598143,837.8968429308584,846.7374895737396,6959545,-0.4877241712910041,0
2025-09-29,855.3325805664062,858.0338893192718,840.8437427101278,842.8574336077328,22641712,1.6103630067215269,0
2025-09-30,857.0025024414062,862.0612811008727,852.2383400675699,854.5467671830805,12831593,0.19523655627546876,0
2025-10-01,848.80029296875,860.9316608640574,847.5233226519999,856.8551164386336,10832384,-0.9570811577900851,0
2025-10-03,851.9436645507812,857.5427529354124,848.5056351862063,849.8317681995126,8019442,0.37033111417021924,0
2025-10-06,858.5741577148438,859.8020253564342,847.5233489405293,852.6312903204407,7820352,0.7782783580600583,0
2025-10-07,849.3897094726562,861.4719147583033,847.7197975329713,858.67240059065,9242580,-1.0697326677793995,0
2025-10-08,843.0538940429688,852.434790514772,842.0715999631051,851.4524964349083,7156112,-0.7459256168315331,0
2025-10-09,846.835693359375,850.4701934075276,842.906517081258,846.3445463246103,7020501,0.44858334006028233,0
2025-10-10,865.0573120117188,868.1023997007326,846.0498854486992,846.8357087276893,13713015,2.1517301166249947,0
2025-10-13,867.3165893554688,872.3753680081057,860.4896333556451,863.4365156616575,11923143,0.26117082791843327,0
2025-10-14,861.4227905273438,868.4953197717444,856.6586283491738,867.3656576175208,7681973,-0.6795441134712865,0
2025-10-15,870.4107666015625,871.7860023052981,861.5210171041608,862.552413904726,8269225,1.0433873091187262,0
2025-10-16,871.2457275390625,876.0589324550273,866.8254042739779,872.5718005367993,8493686,0.09592722993996272,0
2025-10-17,873.4067993164062,878.9076221454748,867.3656667834078,871.7859901135612,8511854,0.2480438880828606,0
2025-10-20,891.431884765625,897.4730173879747,875.273135028841,878.7602670499772,13546463,2.0637674750559,0
2025-10-21,891.775634765625,893.8875909678319,890.3513563479894,891.9230028558147,1783576,0.038561555389104996,0
2025-10-23,895.41015625,901.7459650541837,888.7796712128369,895.8522005767054,13382769,0.4075600793163936,0
2025-10-24,888.4849853515625,897.9149844315482,884.9978533977383,894.8207940870866,5313227,-0.7734076780455901,0
2025-10-27,906.411865234375,911.5689091709564,889.9584393414725,890.8916307113675,9150761,2.0176908083279654,0
2025-10-28,913.779052734375,919.2798755091706,901.4512742261386,910.6848024520077,22066289,0.8127858628698581,0
2025-10-29,923.11083984375,925.3701041834124,913.7790463044942,917.3644435934705,12314222,1.0212301410774005,0
2025-10-30,917.8064575195312,928.1697081157838,916.5294871954993,922.8161933430813,13044473,-0.574620305088891,0
2025-10-31,920.4095458984375,929.9378103922294,913.7790609093079,918.3467523280527,12078252,0.28362062149152045,0
2025-11-03,932.8847045898438,936.5192046955284,920.9007047609928,922.1285723673408,11744735,1.3553921454855011,0
2025-11-04,940.644775390625,942.314687296863,924.8298648800413,934.1616585246089,19154518,0.8318359988754631,0
2025-11-06,943.739013671875,954.2004693430785,938.3854990793552,952.4814547462262,23088096,0.3289486490758442,0
2025-11-07,938.92578125,947.7664280534589,927.2856202739019,941.7744580906816,13371323,-0.5100173196345703,0
2025-11-10,934.3090209960938,946.1456524515773,932.2952702055394,939.0731232147145,7343249,-0.4917066232604572,0
2025-11-11,936.4209594726562,938.041768729716,928.3170330963064,936.7156357136287,8648917,0.22604282192533187,0
2025-11-12,940.2028198242188,944.5248778824666,934.5546287610688,940.7430695871906,7043323,0.4038632746635962,0
2025-11-13,937.1085815429688,946.8824199346525,935.586037662384,937.3541550706268,8894441,-0.3291032760174506,0
2025-11-14,950.7133178710938,951.8920827784771,935.1439804142634,936.0771717973782,11032927,1.4517780112230483,0
2025-11-17,956.1159057617188,958.7190090200476,951.3518035204058,953.8075386869531,7415026,0.5682667728609259,0
2025-11-18,955.2318725585938,959.4066223219879,951.6955779628004,958.3260628811324,6594686,-0.09246088238860084,0
2025-11-19,965.3494873046875,967.0193991973044,951.6464731790688,955.2318704792619,8291226,1.0591789320213651,0
2025-11-20,964.1707153320312,969.131288306733,962.0096564254319,968.5419358569656,6440857,-0.12210831291239455,0
2025-11-21,955.3792114257812,963.2375641743527,953.8566675716402,962.3535354628224,5377241,-0.911820258222884,0
2025-11-24,953.4146118164062,960.3889357698928,950.9097738987026,958.2769795122267,9901946,-0.20563558280100036,0
2025-11-25,966.1844482421875,971.4397576251993,954.1513455736803,958.276992765206,9140201,1.3393791397273258,0
2025-11-26,966.4791870117188,981.3118039098479,964.760172340205,969.1313331127609,13943490,0.030505435071681575,0
2025-11-27,955.624755859375,971.0467846498851,951.7447422714566,969.2295646138847,11909168,-1.1230900052700443,0
2025-11-28,961.6658935546875,965.5950698307025,955.8212318532206,959.5048346119848,8117842,0.6321663035905534,0
2025-12-01,955.870361328125,973.6499204475664,952.6779055144807,968.0017293926574,8808306,-0.6026554820552033,0
2025-12-02,950.1730346679688,963.0902255716678,947.8155648906452,958.7190050026365,13444314,-0.5960354971400239,0
2025-12-03,934.2107543945312,955.3300766986022,930.7727251822406,953.2672831530164,14051968,-1.6799340426468135,0
2025-12-04,931.31298828125,935.6842089047472,927.7276508811245,934.2107677926339,13622724,-0.31018333921443153,0
2025-12-05,954.2987060546875,956.0668234213827,929.9378246743456,932.049720989894,17347847,2.468098057545398,0
2025-12-08,939.466064453125,955.2809748623741,934.8492703729215,953.6601656790195,15386438,-1.5542975702947714,0
2025-12-09,942.3638305664062,946.9315221602762,933.6214489589805,937.8944043562335,9580294,0.30844819445055016,0
2025-12-10,942.7567749023438,946.8824221676225,938.3364513940754,943.1005538600858,6989178,0.04169773108770869,0
2025-12-11,946.1947631835938,949.3872189119578,941.479763637212,945.0651010209991,5979035,0.36467394059365166,0
2025-12-12,946.0965576171875,949.8783658053579,941.0377191742843,948.8960717352387,5681930,-0.010379001261417997,0
2025-12-15,950.1239624023438,951.6956089709226,940.3010214625418,940.3010214625418,4416952,0.4256864431786411,0
2025-12-16,944.1319580078125,951.8429423827886,941.0868104547513,948.9451629202439,4764786,-0.6306550125712795,0
2025-12-17,958.5716552734375,961.1747585707222,947.2261706250966,948.4540382267455,8013382,1.5294151567640801,0
2025-12-18,960.2415771484375,964.072548087051,956.2632980687841,960.5854160531443,4926879,0.17420939434347193,0
2025-12-19,962.94287109375,964.6127830145067,959.7504153454842,962.5990921488027,5376584,0.2813139953108834,0
2025-12-22,957.0491333007812,965.595103994373,955.3301186192043,963.7287212154426,5959037,-0.6120547718759695,0
2025-12-23,954.691650390625,960.2415760284049,953.5128854913131,959.0137084154704,5123287,-0.24632830521725824,0
2025-12-24,951.7938842773438,959.9960160658125,950.3695458353262,955.9686342202896,4105643,-0.3035290098217125,0
2025-12-26,949.1907348632812,953.8075289200087,947.6681910665071,951.7938380949545,3286321,-0.2734992793149704,0
2025-12-29,947.962890625,951.7447588085237,944.4266559161334,949.7801706470483,5267233,-0.12935695568689898,0
2025-12-30,956.2141723632812,958.915481049936,942.5111581255383,945.9491873630989,15030644,0.8704224416254513,0
2025-12-31,964.8092651367188,968.1981917309051,956.2632945810017,957.9823092348453,5807630,0.8988669088845214,0
2026-01-01,967.3140869140625,970.1627637032144,962.9919690176538,965.7915430941249,4328348,0.2596183378264616,0
2026-01-02,981.2626953125,991.6258859934536,966.528283930725,967.0685336904954,7357435,1.4419937212882372,0
2026-01-05,987.7457885742188,997.5196265465391,982.2940684850213,982.2940684850213,11259060,0.66068885454309,0
2026-01-06,1000.8594360351562,1005.869111730934,987.1564219850369,990.1033041483112,9575742,1.3276338520123332,0
2026-01-07,989.3175048828125,1004.5921658085748,986.2232545545625,1004.5921658085748,7896720,-1.1532020118695585,0
2026-01-08,980.3294677734375,993.6886429516878,978.2175115714958,988.7771726722618,6854268,-0.9085088523162921,0
2026-01-09,982.7852172851562,990.1524228120314,976.400305828531,978.3648939690311,7809460,0.2505024680423462,0
2026-01-12,997.1758422851562,999.2386358361825,978.364886992222,990.1524157511643,7617922,1.4642695827021823,0
2026-01-13,1010.2402954101562,1011.2717521544648,998.0107821164995,1004.6903698484319,11016895,1.3101453696532817,0
2026-01-14,1010.14208984375,1012.1558406646648,1002.4311053230539,1011.762899052176,7370514,-0.009721010620189485,0
2026-01-15,1010.14208984375,1010.14208984375,1010.14208984375,1010.14208984375,0,0.0,0
2026-01-16,1023.8451538085938,1028.9038723255544,1010.1912422980266,1013.7274769567848,11051580,1.3565481631364618,0
2026-01-19,1020.0142211914062,1025.1221025667041,1015.6921031536436,1016.6743972572739,5460164,-0.3741710944215382,0
2026-01-20,1018.0496215820312,1033.3733854452475,1014.758960353515,1021.3402828105476,8905718,-0.19260511947375436,0
2026-01-21,1010.4368286132812,1022.1751948968682,1003.9045490044088,1013.7274897970154,7408949,-0.74778211271469,0
2026-01-22,1029.7879638671875,1036.8113904465058,1015.7412306174947,1016.6743620200224,12001641,1.9151256868243483,0
2026-01-23,1011.271728515625,1034.3556387828587,1007.4407577235297,1033.27513930533,10917698,-1.7980629023889527,0
2026-01-27,1034.5030517578125,1036.3202718546306,1012.0084929651499,1015.7903012550574,14420630,2.297238475784069,0
2026-01-28,1044.6697998046875,1046.7325934811859,1025.6624325065334,1040.6424178822,12171257,0.982766365899046,0
2026-01-29,1047.3218994140625,1055.9661352757114,1041.5264602731938,1044.1786063237967,14800724,0.2538696543032959,0
2026-01-30,1058.078125,1063.3333745088544,1041.6246986507867,1045.1609334664397,9480769,1.0270219301205419,0
2026-02-02,1010.4859008789062,1013.0399614867208,972.4711668650343,1001.841784674364,14434549,-4.497987719110419,1
2026-02-03,1045.3572998046875,1070.5041238871402,1021.8805674931078,1067.7536525315768,16129381,3.4509535358633547,0
2026-02-04,1049.2864990234375,1054.8856472820669,1037.5972952790487,1045.3573226632539,7312276,0.37587140965908983,0
2026-02-05,1054.49267578125,1061.8598812478167,1048.5989114079966,1049.2864692879657,9551567,0.4961635132690434,0
2026-02-06,1047.5184326171875,1054.590902041245,1032.3910797785106,1051.0546673292163,7041557,-0.6613837463494421,0
2026-02-09,1125.708984375,1129.638160585733,1081.0146049779123,1100.1693390052355,40852966,7.4643604659496265,0
2026-02-10,1123.8426513671875,1133.5673869003754,1117.9488867905825,1130.6205046120729,17280036,-0.16579178399723782,0
2026-02-11,1161.9556884765625,1166.474217252129,1122.5657199431428,1124.43198276359,29491859,3.391314350190333,0
2026-02-12,1171.2874755859375,1182.3873266556052,1153.9991238982925,1162.0538873261555,33214985,0.8031104113453758,0
2026-02-13,1177.377685546875,1179.735215371205,1163.5273627037404,1167.9476861585035,18141390,0.5199586000773193,0
2026-02-16,1186.70947265625,1190.8351798022472,1164.3132392267757,1172.859149893071,14972739,0.7925907908676422,0
2026-02-17,1191.9156494140625,1203.8013836881914,1182.7802665926308,1184.7448547341048,20107196,0.4387069352500772,0
2026-02-18,1197.3182373046875,1202.4261183830988,1192.5049724948722,1197.220031881822,10417264,0.45326931425733186,0
2026-02-19,1184.3519287109375,1203.212047062667,1177.9670171671169,1201.2474588953376,9630899,-1.082945886044362,0
2026-02-20,1194.5677490234375,1196.4341316671034,1180.5210163030872,1184.8430141192323,9958162,0.8625662748418916,0
2026-02-23,1206.0606689453125,1209.302167328373,1195.5500507835413,1200.3633155560203,9733835,0.9620986278317423,0
2026-02-24,1201.640380859375,1212.8384373028666,1198.1040262888578,1210.1862912839226,15788449,-0.36650627947290015,0
2026-02-25,1178.85107421875,1206.3553078239622,1176.2971336514831,1206.3553078239622,19581100,-1.8965163790789719,0
2026-02-26,1188.084716796875,1193.880275982552,1167.849482270177,1179.7352169268681,16196052,0.7832747308004429,0
2026-02-27,1180.4227294921875,1190.3439954720204,1177.3776418736493,1185.6289359982593,10700355,-0.6449024380470569,0
2026-03-02,1168.831787109375,1176.1007875153553,1158.5176989399156,1164.0185219818375,16270835,-0.981931480411169,0
2026-03-04,1153.704345703125,1161.7591088376892,1137.1035525068773,1151.3468160340765,13855065,-1.294235969032076,0
2026-03-05,1148.79296875,1162.250350176651,1130.227585974388,1160.0893510848653,22100665,-0.4257049885802222,0
2026-03-06,1122.7620849609375,1148.5964661130286,1117.8506147730068,1147.8105829193835,20333328,-2.2659334185677227,1
2026-03-09,1079.050048828125,1095.2579011773867,1045.4556391950514,1095.2579011773867,24631198,-3.8932590188359706,1
2026-03-10,1092.5074462890625,1100.0711827783487,1084.9438297087236,1091.426946764578,17491459,1.247152296184284,0
2026-03-11,1071.781005859375,1096.1419460785291,1068.735918309216,1093.68621097212,8364878,-1.8971440881331625,0
2026-03-12,1065.9854736328125,1078.5588856550278,1051.545798810298,1056.0643275370824,14614140,-0.540738471280855,0
2026-03-13,1028.4619140625,1062.1546493731119,1023.8451797948526,1058.4218838608822,15978675,-3.5200816989029438,1
2026-03-16,1047.8131103515625,1054.0016113922836,1017.754933672958,1030.1318158454478,15322269,1.881566640870913,0
2026-03-17,1045.8485107421875,1054.8856886705516,1028.4619526297915,1054.8856886705516,16427877,-0.18749523077792318,0
2026-03-18,1050.8582763671875,1056.3590993465684,1042.5087765154108,1048.5989519731277,10749915,0.4790144627585535,0
2026-03-19,1030.3282470703125,1040.936950803617,1022.5681001383867,1030.917599515117,13431191,-1.9536439649928128,0
2026-03-20,1039.26708984375,1065.7890288095168,1035.3379137006734,1039.6600314398456,17748625,0.8675723293867454,0
2026-03-23,1013.6292724609375,1027.086653225109,996.2426554714183,1020.6035363599531,16039603,-2.4669132346591516,1
2026-03-24,1012.5487670898438,1040.2494116751225,1001.9399432564919,1036.5166462758839,30416734,-0.10659768817354864,0
2026-03-25,1041.821044921875,1046.6343097462316,1024.5326936323975,1024.5326936323975,16205333,2.8909499259144322,0
2026-03-27,1001.4487915039062,1036.6149667218629,995.0638801309044,1032.6857904923231,20445349,-3.8751620170041967,1
2026-03-30,962.058837890625,991.5276600442548,958.522543259506,987.2055421466002,21438137,-3.933296834292266,1
2026-04-01,999.7789306640625,1012.745224874495,980.7715636649391,990.1524604010582,17424479,3.920767762618471,0
2026-04-02,1000.3683471679688,1007.833758433837,960.5854356508436,982.2941115339542,20777629,0.05895468346335253,0
2026-04-06,1014.4642333984375,1017.3619530344956,987.2546747939996,1001.939983603395,23576634,1.409069596251622,0
2026-04-07,1012.1558227539062,1015.3973212044529,994.0815880797585,1006.8514108515341,15021291,-0.22754973201943862,0
2026-04-08,1042.656005859375,1058.7166100346876,1040.6914176944629,1054.9838445577764,28533742,3.013388098927572,0
2026-04-09,1022.5189819335938,1045.504687551959,1019.9159985301128,1041.329937682068,24772948,-1.9313199955323657,0
2026-04-10,1047.8131103515625,1050.5144192344412,1027.6270377357864,1030.4265520507975,17861336,2.473707468015629,0
2026-04-13,1044.7188720703125,1048.353312047308,1011.7628591320939,1023.5503875880017,17763348,-0.29530440597482777,0
2026-04-15,1052.528076171875,1068.7359280214653,1049.2864578383803,1056.9483994035816,16195810,0.7474933506357528,0
2026-04-16,1048.255126953125,1064.9541259228224,1043.1962885775752,1058.9129934902317,20313165,-0.40597009386116323,0
2026-04-17,1061.1231689453125,1062.9895516597985,1041.2317140310404,1048.1077725199245,16823879,1.2275677610649849,0
2026-04-20,1088.2344970703125,1101.102525826513,1056.8010858019393,1061.1723665018162,31179584,2.5549652404580847,0
2026-04-21,1092.1636962890625,1095.012373226544,1086.3681369836245,1093.6863001427537,16963734,0.361061814280661,0
2026-04-22,1083.76513671875,1098.057444036852,1080.6217236295247,1090.3464592751195,12412659,-0.7689835872451201,0
2026-04-23,1074.875244140625,1082.3898174645885,1063.038553095583,1075.6119646643676,13669001,-0.8202785157899073,0
2026-04-24,1081.60400390625,1086.4172689530212,1070.749726103037,1072.0266364810311,13774745,0.6260037899565418,0
2026-04-27,1092.1636962890625,1095.0615358962568,1083.8633589162316,1091.2796075968854,11624385,0.9762993059082348,0
2026-04-28,1071.9775390625,1090.8375367592364,1069.8655828843748,1082.7827735553876,10727835,-1.8482721312886308,0
2026-04-29,1067.655517578125,1085.4350174109393,1065.0524141428152,1074.6297819435,10611104,-0.40318209354972545,0
2026-04-30,1049.5321044921875,1058.6183251016832,1044.1786495020647,1055.9661789414106,14269539,-1.6974963167004198,0
2026-05-01,1049.5321044921875,1049.5321044921875,1049.5321044921875,1049.5321044921875,0,0.0,0
2026-05-04,1049.4830322265625,1069.816471974203,1044.7679726198023,1044.7679726198023,11693211,-0.004675632638106997,0
2026-05-05,1041.133544921875,1049.581250235382,1030.8194568287804,1041.8211028311687,12194631,-0.7955809716116535,0
2026-05-06,1076.5943603515625,1081.6040364042549,1042.4104768585712,1053.019301365762,14384779,3.405981451913398,0
2026-05-07,1072.6651611328125,1088.381866790436,1066.8696019397742,1086.4172785832332,16105163,-0.3649656141117896,0
2026-05-08,1001.2523193359375,1075.6119913694504,993.0010852378409,1070.7005210892246,48065909,-6.657514794407771,1
2026-05-11,956.3615112304688,989.1701581334676,953.9057759818752,989.1701581334676,46927396,-4.483466079283771,1
2026-05-12,957.3438110351562,964.0234589147167,945.3598709141811,959.6031354409057,25787092,0.10271218500037538,0
2026-05-13,952.9234619140625,963.8269621620207,944.1810805849492,960.6836091187947,17584580,-0.46173057893528213,0
2026-05-14,962.5499877929688,969.5242517416415,946.5385464115705,956.2632817330172,16487142,1.0102097664349774,0
2026-05-15,963.2000122070312,972.5,957.0,971.2000122070312,26972493,0.06753149678522252,0
2026-05-18,939.4000244140625,954.9000244140625,933.9000244140625,952.0,16554877,-2.4709289339017504,1
2026-05-19,948.7999877929688,956.5999755859375,939.5,942.0,17280869,1.0006347812018923,0
2026-05-20,950.9000244140625,955.0,935.0,941.0999755859375,11928460,0.22133607168131064,0
2026-05-21,950.9000244140625,960.9000244140625,946.5,957.0,11756520,0.0,0
2026-05-22,949.2000122070312,958.5999755859375,947.7000122070312,950.9000244140625,7807192,-0.17877927893406032,0
2026-05-25,969.5999755859375,972.5,957.5,959.9000244140625,10934747,2.1491743696329335,0
2026-05-26,968.5,978.7999877929688,962.0999755859375,969.9000244140625,16269800,-0.11344632978902425,0
2026-05-27,967.7999877929688,975.9000244140625,966.5999755859375,969.7999877929688,8111259,-0.07227797697793026,0
2026-05-28,967.7999877929688,967.7999877929688,967.7999877929688,967.7999877929688,0,0.0,0
2026-05-29,964.4000244140625,973.7000122070312,960.2999877929688,967.7999877929688,22292535,-0.3513084750765172,0
2026-06-01,954.0999755859375,970.25,950.0999755859375,966.25,11118975,-1.0680266038341268,0
2026-06-02,956.6500244140625,961.2999877929688,939.9000244140625,950.9500122070312,15911760,0.26727270656923263,0
2026-06-03,970.4500122070312,974.0,937.2000122070312,953.75,27947005,1.4425325292205082,0
2026-06-04,979.25,985.7999877929688,961.0999755859375,969.9000244140625,18875883,0.9067945470942362,0
2026-06-05,977.7000122070312,992.5999755859375,970.5999755859375,980.0,20955539,-0.15828315475810983,0
2026-06-08,981.9500122070312,988.6500244140625,965.1500244140625,966.0,12895416,0.43469366338722004,0
2026-06-09,1002.7000122070312,1009.0,983.0,985.0,22142480,2.1131421907478076,0
2026-06-10,1003.25,1012.4000244140625,999.5,1002.7000122070312,19122317,0.054850681786478006,0
2026-06-11,1000.7000122070312,1009.4000244140625,993.0,998.0999755859375,13773978,-0.2541727179634967,0
2026-06-12,1017.1500244140625,1018.7000122070312,1004.3499755859375,1018.0,11081119,1.6438505052828845,0
2026-06-15,1020.8499755859375,1034.0,1018.5,1034.0,12463437,0.36375668122372584,0
2026-06-16,1015.2999877929688,1026.550048828125,1007.4000244140625,1023.7999877929688,9693677,-0.543663410461781,0
2026-06-17,1026.5,1028.0999755859375,1013.4500122070312,1017.0,8190062,1.1031234454535577,0
2026-06-18,1042.699951171875,1045.699951171875,1024.449951171875,1027.9000244140625,11048009,1.5781735189356993,0
2026-06-19,1035.0999755859375,1042.0,1029.300048828125,1042.0,9099878,-0.7288746467664087,0
2026-06-22,1040.75,1043.0,1033.5999755859375,1038.0,6209440,0.5458433530407758,0
2026-06-23,1024.199951171875,1045.5,1022.3499755859375,1041.0,10411004,-1.5902040670790263,0
2026-06-24,1034.5999755859375,1044.5,1020.5,1024.0,11724076,1.0154291066078347,0
2026-06-25,1045.4000244140625,1055.4000244140625,1038.550048828125,1040.0,16002360,1.0438864375584833,0
2026-06-26,1045.4000244140625,1045.4000244140625,1045.4000244140625,1045.4000244140625,0,0.0,0
2026-06-29,1036.0999755859375,1046.4000244140625,1030.8499755859375,1044.449951171875,16818246,-0.8896162818953002,0
2026-06-30,1026.9000244140625,1044.0,1025.050048828125,1040.0,11161643,-0.8879404872751073,0
2026-07-01,1047.4000244140625,1049.9000244140625,1025.5,1031.0,6295315,1.9962994948507395,0
2026-07-02,1051.5999755859375,1059.800048828125,1045.0,1050.9000244140625,14682790,0.4009882636984319,0
2026-07-03,1040.0,1057.0,1034.5,1055.0,10441493,-1.1030787233970885,0
2026-07-06,1037.699951171875,1048.4000244140625,1036.5,1041.9000244140625,8761017,-0.22115854116586675,0
2026-07-07,1038.0999755859375,1049.5999755859375,1035.5,1039.300048828125,11053574,0.038549140684729366,0
2026-07-08,1016.9000244140625,1038.300048828125,1011.7000122070312,1029.5999755859375,14141694,-2.0421878114301184,1
2026-07-09,1022.0999755859375,1031.699951171875,1019.2999877929688,1019.7999877929688,7661699,0.5113532350312644,0
2026-07-10,1036.0,1047.800048828125,1023.5,1029.5,8792150,1.3599476319421822,0
2026-07-13,1037.0,1042.9000244140625,1022.0999755859375,1023.5,8381510,0.09652509652509078,0
2026-07-14,1015.4000244140625,1033.699951171875,1011.4000244140625,1033.300048828125,11562326,-2.082929178971793,1
2026-07-15,1030.0999755859375,1036.0,1013.7000122070312,1015.5,14275394,1.4477004942320848,0
2026-07-16,1031.199951171875,1036.0,1027.300048828125,1030.0999755859375,7708316,0.10678338142002808,0
2026-07-17,1044.300048828125,1048.0,1028.300048828125,1030.5999755859375,8452780,1.2703741540486702,0
2026-07-20,1060.0,1065.0,1038.300048828125,1041.5999755859375,16540411,1.5033946603270731,0
2026-07-21,1044.4000244140625,1067.0,1042.800048828125,1056.199951171875,10514887,-1.4716958099941002,0
2026-07-22,1025.0,1044.4000244140625,1019.2000122070312,1044.4000244140625,11227214,-1.857528146358145,0
2026-07-23,1012.5999755859375,1023.0999755859375,1006.5,1022.0,8910230,-1.2097584794207306,0
2026-07-24,1015.0,1017.7999877929688,1000.7999877929688,1006.0,13797053,0.23701604502546214,0
