Date,Close,High,Low,Open,Volume,Daily_Change_%,Crash_Signal
2020-01-01,1831.1097412109375,1844.8792234947725,1819.620873256601,1831.4475641691322,1354908,,0
2020-01-02,1822.704345703125,1841.5426177806585,1815.5661335653608,1841.5426177806585,2380752,-0.4590328650785236,0
2020-01-03,1859.029296875,1877.9098495184417,1828.0687873854736,1828.0687873854736,4655761,1.992915156948416,0
2020-01-06,1858.8603515625,1880.4018271773396,1848.2585252567706,1862.704067871417,3023209,-0.00908782410175002,0
2020-01-07,1863.4215087890625,1870.8552620369614,1844.7944337671313,1858.9019419076271,2429317,0.24537385085052765,0
2020-01-08,1905.1527099609375,1909.1653362206935,1860.2113370998857,1862.703347949836,5197454,2.2394933714698695,0
2020-01-09,1870.6024169921875,1902.3654055725954,1866.9276127240882,1899.6622032186847,3734173,-1.8135182963605279,0
2020-01-10,1869.9263916015625,1887.2017648977285,1865.2379126652572,1882.133183613312,1915807,-0.03613944815232806,0
2020-01-13,1850.3282470703125,1874.4883650709278,1845.555208435388,1873.5592487484832,2843893,-1.0480703742816622,0
2020-01-14,1864.308837890625,1883.654049440306,1854.2562328377508,1854.2562328377508,2948452,0.7555735498524951,0
2020-01-15,1881.2041015625,1884.6677150458122,1853.5803712813672,1869.4619692498352,2620681,0.9062481134290534,0
2020-01-16,1891.256591796875,1899.8731383705237,1871.1511789642998,1881.246061683857,3117214,0.5343646777096422,0
2020-01-17,1874.615478515625,1903.7175509138517,1869.4623367087543,1892.9045327519843,3281059,-0.8798971727807303,0
2020-01-20,1833.4327392578125,1894.1288794283232,1821.4792107198302,1854.1715203904298,5817599,-2.196863289020856,1
2020-01-21,1834.02392578125,1847.1177606585038,1823.0419997551662,1833.0946033902958,1902980,0.03224478928400831,0
2020-01-22,1864.308837890625,1866.9276877318582,1836.2627256398923,1842.4295416032503,1773686,1.6512822806536986,0
2020-01-23,1855.03759765625,1877.728713064251,1848.8991541122455,1870.9976335544377,2069866,-0.4973017370268451,0
2020-01-24,1848.6451416015625,1855.0376311633627,1837.2996870473519,1855.0376311633627,1319430,-0.34459981095606995,0
2020-01-27,1836.6650390625,1857.1547033540303,1833.0666403458856,1853.9796456629,1549101,-0.6480477117789984,0
2020-01-28,1848.941650390625,1852.3707535225935,1822.0594993202635,1840.6865016367344,1743024,0.6684186319782848,0
2020-01-29,1824.2611083984375,1851.6511469003092,1820.3662885391698,1850.0001583525982,2306761,-1.334846991357097,0
2020-01-30,1810.0791015625,1833.0664339745156,1799.1991557486585,1828.8330241962835,2098567,-0.7774110170220228,0
2020-01-31,1760.294189453125,1815.5825633852219,1753.9864501243133,1811.3913222700005,3287223,-2.7504274297404763,1
2020-02-03,1780.1490478515625,1858.213093174071,1772.2748632777887,1822.0598102147742,4728073,1.1279284177269089,0
2020-02-04,1784.5941162109375,1809.105520564358,1766.6868732831272,1802.5861100287443,3509339,0.24970203280110237,0
2020-02-05,1817.445556640625,1826.039297525006,1781.6732368617372,1790.7326942567383,2439322,1.8408354107676717,0
2020-02-06,1802.0355224609375,1840.8557639361402,1791.155577254012,1816.1326935522836,2640065,-0.8478952298395903,0
2020-02-07,1808.97802734375,1821.2125379186132,1794.1187205251238,1811.0523563960546,2083442,0.38525904713195835,0
2020-02-10,1830.4844970703125,1834.7602834197237,1794.119538793906,1812.6617958456288,2383032,1.1888740162389944,0
2020-02-11,1823.2449951171875,1841.3641145292136,1818.334404725857,1831.3732252640095,1335820,-0.3954964909406167,0
2020-02-12,1837.93505859375,1850.0002777967725,1820.3664060700507,1821.297839008113,1620407,0.8057097930285639,0
2020-02-13,1855.8846435546875,1860.160429169367,1838.1466962797888,1839.797684904611,1645948,0.9766169308871753,0
2020-02-14,1849.322509765625,1872.860307229109,1838.1463503591299,1852.539942232048,1500115,-0.35358521941825094,0
2020-02-17,1865.4520263671875,1877.0939033046884,1854.4027854591577,1860.1178886830219,1774724,0.8721851659939439,0
2020-02-18,1876.035400390625,1880.4804803193401,1850.8889895643536,1862.6577851680308,2486223,0.567335630927368,0
2020-02-19,1859.610107421875,1888.100874253161,1854.6569350006946,1876.0356556620814,1760463,-0.8755321442937558,0
2020-02-20,1826.123779296875,1874.8925384806714,1821.424652854067,1866.5104693628311,2317278,-1.8007176876138176,0
2020-02-24,1791.0284423828125,1844.8772812601562,1783.7045207296267,1825.4459751394027,3092877,-1.9218487438773413,0
2020-02-25,1825.572998046875,1842.9299760655558,1787.345394996824,1791.155463342388,2674567,1.9287552808543884,0
2020-02-26,1798.0140380859375,1832.1351584608226,1788.996750458332,1823.7530890639582,2686842,-1.5096060245425424,0
2020-02-27,1782.688720703125,1794.9232326807135,1766.347718872245,1794.9232326807135,2349001,-0.8523469260077077,0
2020-02-28,1693.4910888671875,1752.2084671810203,1684.8972455618411,1750.9384441316017,4298076,-5.003544971146523,1
2020-03-02,1694.46435546875,1739.0420702859933,1681.2560364883825,1722.997491254769,2667076,0.057471019951660374,0
2020-03-03,1724.013916015625,1744.164989763527,1703.524252137969,1710.2977084088952,2757585,1.7438879992669243,0
2020-03-04,1763.8074951171875,1773.3326654249663,1714.530655400164,1740.7777913593766,3237002,2.308193613281828,0
2020-03-05,1799.2415771484375,1818.4612166906686,1764.5276160801952,1765.9245586589109,3937056,2.0089540456848853,0
2020-03-06,1791.959716796875,1798.0557846277068,1753.9861607674777,1776.3384783836714,2595027,-0.4047183237674723,0
2020-03-09,1669.9530029296875,1761.0135780696148,1638.3294550496732,1756.8649194977118,4940975,-6.808563424923097,1
2020-03-11,1654.162353515625,1682.6109474688976,1625.6292153997167,1636.6360798789856,6796449,-0.9455744794230836,0
2020-03-12,1498.4998779296875,1615.8076916540472,1488.7630364832896,1612.0822707775249,8728786,-9.410350516991572,1
2020-03-13,1529.361572265625,1540.9610730671525,1275.1453293049588,1429.1144136544872,8029720,2.059505962628161,0
2020-03-16,1436.3111572265625,1559.7996883515607,1418.911803307323,1485.9266945620784,7844271,-6.084265272941036,1
2020-03-17,1403.7987060546875,1465.6064898556479,1374.2918600754497,1464.7598078857718,5713248,-2.2636077850049396,1
2020-03-18,1400.7506103515625,1450.831867349641,1378.18651617059,1419.7163063179903,7258778,-0.2171319641468772,0
2020-03-19,1395.5906982421875,1437.4665012391083,1319.1737371054442,1330.218337385215,5135111,-0.36836765026144747,0
2020-03-20,1532.98779296875,1594.010549885193,1387.6164604939588,1390.1750649078997,8547498,9.845085303278434,0
2020-03-23,1424.03369140625,1492.519035058899,1379.7272394094477,1381.6461924545235,7003490,-7.1073039238950475,1
2020-03-24,1452.5626220703125,1509.576845380354,1392.6059407482528,1409.8339423535597,6350865,2.003388742571799,0
2020-03-25,1492.775146484375,1543.691332777904,1432.818474622585,1449.875837415711,2765520,2.768384908373056,0
2020-03-26,1527.4443359375,1562.4973039617819,1469.1082314889773,1562.113450787054,4556067,2.32246561277325,0
2020-03-27,1556.057861328125,1577.8059980581152,1492.8603554170697,1552.219954846362,4331250,1.873294150065563,0
2020-03-30,1516.8260498046875,1624.7138739825302,1504.0757122276236,1506.1651976132011,8513547,-2.5212308936861993,1
2020-03-31,1557.4224853515625,1582.0703953517955,1518.105285027599,1567.0599369510269,3927593,2.6764068003778174,0
2020-04-01,1457.3385009765625,1564.7998915386968,1451.581640767877,1557.2520289759525,4941878,-6.426257827683002,1
2020-04-03,1410.8145751953125,1483.990710494697,1407.2325702966955,1483.990710494697,5735369,-3.1923898085499225,1
2020-04-07,1514.01171875,1523.0947866924141,1454.1404075437695,1458.4047489148656,5427577,7.314720542945974,0
2020-04-08,1454.5240478515625,1540.2799880552966,1450.7288259590584,1501.0480503750398,6285615,-3.9291420377876474,1
2020-04-09,1506.2933349609375,1517.0821395350658,1476.485526080959,1492.903240486403,5307397,3.5591908697447883,0
2020-04-13,1500.408203125,1524.0752928716072,1489.107700813557,1501.9007222982093,2990438,-0.3907029062231171,0
2020-04-15,1479.8543701171875,1545.3972745427877,1473.5858092791832,1522.3698317101966,4761399,-1.3698827402438662,0
2020-04-16,1463.564453125,1505.2270420759608,1428.5968584332818,1458.3618740414963,6245533,-1.1007783820577877,0
2020-04-17,1540.4503173828125,1579.4690328769298,1495.0777762008165,1535.162576817724,9895823,5.253329574495069,0
2020-04-20,1551.068603515625,1560.7486357074638,1537.2947627665046,1560.7486357074638,3244282,0.6892975393619105,0
2020-04-21,1481.986328125,1530.5571265241565,1473.5002277586523,1505.3122506775458,5122541,-4.453850412163862,1
2020-04-22,1509.1502685546875,1526.6340665232499,1466.2083758294884,1481.986437410874,3829836,1.8329413648542348,0
2020-04-23,1601.8995361328125,1620.449417624035,1501.7727986639625,1518.1052438793593,5934366,6.145794061114329,0
2020-04-24,1550.9832763671875,1579.4689867279417,1541.8149445790734,1569.8742209031711,2987102,-3.178492696773183,1
2020-04-27,1566.377685546875,1599.127844626809,1556.4844354367608,1562.710414822462,3374741,0.9925580381334065,0
2020-04-28,1585.524658203125,1593.157786897894,1562.9662319987297,1590.5991823150816,2678505,1.2223726648381783,0
2020-04-29,1625.268310546875,1631.1531219647657,1577.8488593206253,1598.2750111219048,4241510,2.5066562123853275,0
2020-04-30,1718.06005859375,1733.0279350110475,1656.4403399399368,1688.6787949418672,5915544,5.709318728773605,0
2020-05-04,1646.4195556640625,1676.7390651441744,1632.0914307981493,1676.7390651441744,3729348,-4.169848578420831,1
2020-05-05,1648.3809814453125,1686.120398560281,1643.476989390825,1667.4425645220822,2905528,0.11913280393822667,0
2020-05-06,1623.5196533203125,1666.248323228811,1614.9909725357868,1654.3935402262186,3517431,-1.5082270667307385,0
2020-05-07,1613.3280029296875,1649.830696065595,1606.2491558769693,1628.9781121379376,3166754,-0.6277503552101549,0
2020-05-08,1614.820556640625,1654.1377570615136,1608.7225286193761,1653.7965889836341,2686530,0.09251396543215051,0
2020-05-11,1650.5560302734375,1664.2871888122468,1628.1255527792457,1628.1255527792457,2449841,2.2129687094864847,0
2020-05-12,1662.6666259765625,1668.636703628184,1629.1915477156854,1648.9354681998118,3256595,0.7337282395144529,0
2020-05-13,1662.794189453125,1700.6188660787916,1642.3253565615048,1700.6188660787916,2656665,0.007672222114130101,0
2020-05-14,1622.4534912109375,1640.1505029988223,1612.858725783771,1628.9779525233844,2263146,-2.426078855583147,1
2020-05-15,1614.394287109375,1635.2895586630975,1590.7697747643338,1634.0955223237638,3173682,-0.4967294375598619,0
2020-05-18,1659.34033203125,1665.6088924147987,1596.654519975991,1626.419640671826,3727694,2.7840810191636756,0
2020-05-19,1661.9415283203125,1677.1225188056428,1623.008076755361,1623.008076755361,3198693,0.15676086688487523,0
2020-05-20,1666.16357421875,1674.0952914533543,1647.485736683321,1663.0932690056438,2778505,0.2540429868615579,0
2020-05-21,1698.23095703125,1704.0305018848192,1655.5449701381501,1659.6813596936227,3400908,1.9246239270076515,0
2020-05-22,1723.092041015625,1733.0279751795497,1672.6875572445333,1686.205495776198,3663418,1.4639401008114783,0
2020-05-26,1657.1229248046875,1726.2052495134778,1641.771297091623,1718.5294356569457,4575317,-3.8285311893178964,1
2020-05-27,1710.25634765625,1714.264785859835,1655.6301072390074,1670.7685151738392,3482160,3.206365807643685,0
2020-05-28,1709.4034423828125,1717.676220669598,1681.2587972576403,1695.9280858001468,3475681,-0.049870025309728394,0
2020-05-29,1682.154296875,1707.9962407301268,1673.6683013241882,1690.3844944738016,7237735,-1.5940733961450793,0
2020-06-01,1744.32861328125,1756.908418706454,1689.6170997116913,1697.2076471970115,3747773,3.6961125695635255,0
2020-06-02,1745.94873046875,1774.8182911730669,1739.8933885481329,1757.0785952973106,2443886,0.0928791269698026,0
2020-06-03,1750.2261962890625,1765.280780731558,1727.858111243003,1755.1018981634154,3699799,0.2449937816423775,0
2020-06-04,1789.059814453125,1796.2876922101805,1750.7389685862793,1750.7389685862793,4048593,2.218777107004799,0
2020-06-05,1752.0224609375,1794.5773821783841,1745.222269058344,1789.1030637826527,3573289,-2.0702132604183743,1
2020-06-08,1772.1234130859375,1792.0108847182523,1763.869126672349,1777.683351391746,2957841,1.1472999117649207,0
2020-06-09,1772.3798828125,1792.4383856143374,1762.2864156344256,1764.7243180165835,2909439,0.0144724529154594,0
2020-06-10,1803.7724609375,1823.6599344250149,1773.6204850048164,1776.6571087445461,5168397,1.771210474087792,0
2020-06-11,1768.6163330078125,1800.5646781698256,1763.6125137143674,1796.2878024497072,2269513,-1.9490334114212637,0
2020-06-12,1744.5374755859375,1752.834572095224,1720.1592858069725,1720.330319056604,2842642,-1.361451716377915,0
2020-06-15,1736.326171875,1761.217569777895,1711.5629967217715,1744.1955820959836,2399022,-0.47068657600374264,0
2020-06-16,1749.9263916015625,1774.0051167245538,1737.2667985703847,1766.3495514760434,2146528,0.7832756279815944,0
2020-06-17,1751.6373291015625,1761.089266573102,1733.460606591614,1750.0976120167068,2703527,0.09777196962177381,0
2020-06-18,1743.340087890625,1761.3884828335194,1732.3057274739642,1749.242197361482,1944389,-0.47368488174394097,0
2020-06-19,1748.89990234375,1787.7339526285268,1738.1221970053427,1746.6759479748573,5681758,0.3189173754303054,0
2020-06-22,1734.6578369140625,1755.4434929470149,1727.1305989238506,1753.5188990334416,3196138,-0.8143442292266823,0
2020-06-23,1740.94482421875,1748.3865451445429,1719.3037943936063,1733.8451697690746,4205944,0.36243385703500497,0
2020-06-24,1746.846923828125,1765.7079858625095,1737.7799689815522,1739.8328900299598,2560937,0.3390170399009351,0
2020-06-25,1724.521728515625,1762.0727165128421,1718.6624299288485,1740.688338885259,3043931,-1.278028143620935,0
2020-06-26,1812.411865234375,1823.6599658248078,1727.8151308264182,1732.1348174461707,6300722,5.096493437308047,0
2020-06-29,1797.6988525390625,1819.8960016857502,1788.8458462565998,1803.130567525189,3076341,-0.8117918988248207,0
2020-06-30,1781.0189208984375,1806.4663264080436,1774.945883874205,1796.2874477369137,3071725,-0.9278490452984567,0
2020-07-01,1789.48779296875,1808.220426986421,1778.7527920581974,1778.923825337951,2503466,0.47550713644526343,0
2020-07-02,1845.1719970703125,1851.8867739867624,1794.576652112807,1797.9981519261776,3758699,3.1117398129429485,0
2020-07-03,1881.5255126953125,1886.1018524232484,1847.8238216314387,1850.7320130639125,4185208,1.9701965823630818,0
2020-07-06,1935.8848876953125,1941.6158591082508,1886.102098560884,1886.102098560884,5190366,2.8891117677234845,0
2020-07-07,1941.6163330078125,1969.672684947554,1909.325915049133,1945.9788306223923,5630055,0.29606333253231476,0
2020-07-08,1897.99169921875,1945.4650166024567,1888.3261277898566,1941.7014497480034,2793358,-2.246820499366231,1
2020-07-09,1885.5462646484375,1919.8894928274592,1874.1697335728263,1906.631178218938,3443998,-0.6557159641654486,0
2020-07-10,1900.9432373046875,1924.4660562705249,1861.2965116240748,1886.3162372513746,9610320,0.8165788845876376,0
2020-07-13,1898.9332275390625,1920.2748001993107,1890.3794742618595,1898.9332275390625,2963503,-0.10573749526971987,0
2020-07-14,1857.83203125,1915.1849773169924,1851.8872156727507,1890.3790977537085,2976738,-2.1644360998584355,1
2020-07-15,1910.822509765625,1933.1478852474534,1865.6588678306166,1868.9947474626927,5569321,2.852274997108939,0
2020-07-16,1915.8375244140625,2000.0666492708392,1903.2782526211738,1923.7674929120287,8582118,0.2624531908540506,0
2020-07-17,1886.689697265625,1923.6818482096082,1877.516693681746,1917.7666035593336,4509135,-1.521414356749906,0
2020-07-20,1892.819580078125,1909.1081681537473,1878.1599763902566,1886.9043344444742,2952646,0.32490148334323177,0
2020-07-21,1907.5220947265625,1919.1811677796663,1887.032642136425,1911.765658251411,2665286,0.776752037182038,0
2020-07-22,1878.2880859375,1912.622749545332,1872.5013519350655,1912.622749545332,2861534,-1.5325646224429779,0
2020-07-23,1861.356689453125,1878.2882459396003,1854.3269205187987,1878.2882459396003,2265766,-0.9014270287469817,0
2020-07-24,1849.5257568359375,1854.3266863459364,1821.8353315951642,1847.0396882719926,3665100,-0.6356080317235446,0
2020-07-27,1891.876708984375,1898.9064789198603,1854.7558316673217,1856.0417728494344,4248480,2.289827648623244,0
2020-07-28,1980.1348876953125,1988.9221515112565,1898.9062782747558,1898.9062782747558,8092319,4.665112599135357,0
2020-07-29,1951.244140625,2007.7826406746285,1925.5253194378784,1964.9179386960923,6090431,-1.4590292434036423,0
2020-07-30,1954.201416015625,2021.4989861657573,1947.9860353329693,1959.6880131740008,7098496,0.15155845078811403,0
2020-07-31,1955.8309326171875,2001.610569143486,1935.298778088513,1974.4770817384888,4723290,0.08338529427969199,0
2020-08-03,1932.4691162109375,1975.0767939040652,1912.3656145009645,1963.5889291410197,4012337,-1.1944701362805676,0
2020-08-04,1928.6541748046875,1945.757147400986,1907.5219624671993,1937.4414378712358,2927928,-0.19741280076600587,0
2020-08-05,1937.0557861328125,1971.7761930097229,1931.4833751525675,1937.484433131293,3800641,0.4356204154109644,0
2020-08-06,1978.7203369140625,1988.4934046546332,1942.0710189364875,1950.343822198444,4748047,2.1509215728076736,0
2020-08-07,1967.789306640625,1995.7798640551541,1960.630820057619,1978.6339889344054,3165491,-0.5524292680230469,0
2020-08-10,1957.0308837890625,1993.208650554113,1951.2441489971313,1987.2075922513695,2929353,-0.5467263601472205,0
2020-08-11,1954.5440673828125,1982.063282314983,1950.8578714519217,1957.2017619053229,2774423,-0.12707088206166395,0
2020-08-12,1935.2122802734375,1968.6894363654374,1925.953465195776,1961.7883885832493,3415751,-0.9890688796421299,0
2020-08-13,1932.7259521484375,1971.7757263277153,1929.3396835219667,1948.628793888216,2695682,-0.12847831477427185,0
2020-08-14,1922.181640625,1955.744825995158,1914.423297436897,1952.05841996915,2270405,-0.5455668203614872,0
2020-08-17,1931.826171875,1946.0573356709467,1918.8382517909677,1940.0562778076444,2625630,0.5017492127780354,0
2020-08-18,1945.84326171875,1962.346172959233,1927.4543453394178,1939.8851096504309,3493374,0.7255875320368643,0
2020-08-19,1934.56982421875,1958.5740574607785,1931.05483491676,1951.5013815948237,2843005,-0.5793599989159626,0
2020-08-20,1931.354736328125,1951.6725608447966,1920.3813320367567,1934.9124224587908,2895164,-0.16619135946273067,0
2020-08-21,1927.7113037109375,1946.9146049093479,1921.238692380574,1937.4843712440008,1975294,-0.18864647434547743,0
2020-08-24,1927.2825927734375,1937.4414003956554,1911.7654887188812,1929.4258276262613,2167966,-0.022239374572052828,0
2020-08-25,1922.6102294921875,1928.911423863589,1914.8089799802879,1924.624954032781,1663419,-0.24243270285164709,0
2020-08-26,1931.91162109375,1937.398217815186,1900.1488432401243,1922.0527421753661,2618149,0.48378976970382404,0
2020-08-27,1927.53955078125,1960.9313161416896,1921.8386299783938,1942.6280073741677,3579393,-0.2263079876306584,0
2020-08-28,1919.0953369140625,1954.587221305113,1916.1377147648539,1944.6854347183944,2941136,-0.4380825215111628,0
2020-08-31,1935.126708984375,1951.372386976022,1910.0508617198748,1920.3383888027467,6018154,0.8353608995836037,0
2020-09-01,1925.782470703125,1952.915742225072,1921.4530941203986,1945.2000961846745,3610908,-0.4828747511915754,0
2020-09-02,1941.899169921875,1944.9855116439287,1921.752763520274,1926.33936954883,2084137,0.836890950246616,0
2020-09-03,1971.34716796875,1992.3508668664383,1944.3424122431506,1944.3424122431506,4654146,1.5164535060828932,0
2020-09-04,1962.1746826171875,1992.565715125721,1940.0135474886533,1950.343982751862,5231303,-0.4652902086756061,0
2020-09-07,1994.966064453125,2009.0685090336908,1957.5023581396092,1962.345985567791,4620401,1.6711754629409326,0
2020-09-08,2013.0970458984375,2049.3177051088096,1994.965367670612,2002.5951979617023,7453998,0.908836584660544,0
2020-09-09,1995.4801025390625,2022.356350561891,1988.9218877929577,1993.2083573787186,3866535,-0.875116447826918,0
2020-09-10,1998.4810791015625,2013.355215617502,1992.6087400332638,2001.7817451423748,2308813,0.15038869887409323,0
2020-09-11,2035.3016357421875,2042.93146812207,1997.6233994710933,1998.309276486205,4145424,1.8424270825309952,0
2020-09-14,2135.8623046875,2148.1645579804117,2041.945909291565,2043.8748208970546,7512131,4.940823865089783,0
2020-09-15,2135.8623046875,2175.8122909924314,2112.8869916712433,2135.8623046875,7318770,0.0,0
2020-09-16,2145.80615234375,2149.74978712288,2123.7737458956703,2133.761133879459,3074003,0.4655659512519339,0
2020-09-17,2109.758544921875,2139.5924309559546,2100.885673743458,2126.0900445841,4828176,-1.6799097804105934,0
2020-09-18,2100.2841796875,2143.5775203553167,2088.7107123802616,2130.375278406424,4183256,-0.4490734381514705,0
2020-09-21,2113.486328125,2147.435035115376,2102.2127897089445,2113.2290981394194,4598809,0.6285886721988376,0
2020-09-22,2162.909423828125,2190.385732905245,2107.228231499449,2130.3751648804437,7499613,2.338462995735169,0
2020-09-23,2115.329833984375,2160.252160822618,2065.2210463876595,2151.807732018691,7502280,-2.1997957621146758,1
2020-09-24,1999.423828125,2100.3701914058315,1974.005146059324,2100.3701914058315,8424708,-5.479334900744903,1
2020-09-25,2076.623291015625,2091.7973529040923,2016.4412942798363,2030.0721851134797,8228267,3.8610854689583363,0
2020-09-28,2080.052490234375,2095.226552292309,2028.3576197723414,2091.797376265644,4347166,0.16513342759787442,0
2020-09-29,2133.29052734375,2152.708364039755,2080.052689997132,2087.382596318132,6995811,2.5594564252259033,0
2020-09-30,2136.6337890625,2147.521380548939,2108.943152155844,2133.8046771202826,3917166,0.15671853767207367,0
2020-10-01,2163.338623046875,2177.526881397934,2136.6339971781995,2151.8080599641003,2610337,1.2498554558613595,0
2020-10-05,2319.666015625,2338.7837126018267,2231.5790621161123,2246.1101527327046,17412105,7.226210030769553,0
2020-10-06,2326.953125,2345.5563627715733,2271.9148925581817,2345.5563627715733,9846367,0.31414476592384055,0
2020-10-07,2345.51318359375,2374.7040824967694,2317.2653916926956,2350.699853504022,9656101,0.7976120530468256,0
2020-10-08,2422.454833984375,2473.2923936763113,2400.4224271381877,2400.4224271381877,19839329,3.280375950508896,0
2020-10-09,2411.52490234375,2426.0132952436484,2383.277109399946,2408.9959271272833,7739245,-0.45119238085640223,0
2020-10-12,2426.142333984375,2446.71739264714,2401.06648123913,2413.711569375621,4623203,0.6061488988323704,0
2020-10-13,2423.183837890625,2447.4879915970523,2410.881588111891,2439.0008666773942,4209878,-0.12194239605437529,0
2020-10-14,2418.922607421875,2446.8172734004734,2399.9386382621356,2446.8172734004734,4395936,-0.17585254581672372,0
2020-10-15,2359.5166015625,2434.548212916701,2347.8076126333103,2420.1273190730603,6629355,-2.4558870001504807,1
2020-10-16,2379.06103515625,2386.2498350684095,2351.5106599600113,2367.696547426338,5273773,0.8283236312390141,0
2020-10-19,2334.506591796875,2388.2728214599206,2330.244935758179,2388.2728214599206,3331194,-1.8727742878798748,0
2020-10-20,2358.139404296875,2376.1331550317245,2340.0163850913345,2346.0861178200016,3406273,1.0123257986523804,0
2020-10-21,2303.383056640625,2366.748992237762,2292.7504617470677,2358.1395015420994,4570143,-2.322014871405653,1
2020-10-22,2299.723876953125,2313.0685866833787,2271.2696801662687,2290.985328529398,5262294,-0.15886110115078678,0
2020-10-23,2313.198486328125,2326.284872886134,2298.8206758954566,2314.0594355778976,3499091,0.5859229236186536,0
2020-10-26,2314.403076171875,2333.12871705465,2299.1643208023493,2315.909736932558,2672752,0.052074642572597085,0
2020-10-27,2264.425048828125,2340.1885648616803,2259.216475254929,2324.3471864953563,3537502,-2.1594348822943976,1
2020-10-28,2257.5810546875,2286.6380915323266,2243.6337190405206,2281.515485593776,3569445,-0.30223981774829545,0
2020-10-29,2266.5771484375,2285.8194413712863,2238.682486789336,2245.3548410908907,3105968,0.398483754606338,0
2020-10-30,2294.2998046875,2302.478819395945,2257.0637640411587,2269.5475233329958,3427003,1.223106668533691,0
2020-11-02,2242.427734375,2294.2999089624423,2238.5103745875494,2290.124222449726,2571196,-2.26091072345993,1
2020-11-03,2267.39599609375,2294.4297180758053,2239.372056372899,2241.91181458514,2879269,1.1134477751948202,0
2020-11-04,2284.22705078125,2343.3744228871915,2247.077180702257,2247.077180702257,4893928,0.7423076831967856,0
2020-11-05,2312.2509765625,2333.1720819186035,2296.151270286685,2311.6483542256274,2816502,1.2268450183910318,0
2020-11-06,2330.97607421875,2335.9696199135865,2308.4623443970577,2323.7010979993624,3884421,0.8098211589508075,0
2020-11-09,2347.4638671875,2362.4442972401707,2320.343970918161,2351.3381380831197,3646592,0.7073342858860521,0
2020-11-10,2281.1708984375,2335.884047483179,2271.48522072707,2322.151950901146,4760020,-2.8240250968985414,1
2020-11-11,2314.058837890625,2318.3635830276367,2275.832574958379,2296.968915619634,3242441,1.4417130902227404,0
2020-11-12,2299.638671875,2335.755453003993,2291.6318013392474,2312.509821883054,2437505,-0.6231546829971513,0
2020-11-13,2287.41259765625,2294.343069445796,2269.4617256505835,2286.4654696117364,2548093,-0.5316519663839836,0
2020-11-14,2299.03515625,2315.0917703945433,2290.167339858533,2305.5782422783477,298819,0.5081094073565495,0
2020-11-17,2295.332763671875,2320.257191276193,2281.557581831274,2320.257191276193,2827273,-0.16104114667667702,0
2020-11-18,2261.41162109375,2293.7402982870026,2244.537146702465,2290.9853035080814,2893762,-1.4778311500185604,0
2020-11-19,2270.23681640625,2304.0290718364786,2265.028242003626,2270.322995401612,4167501,0.39025161231955874,0
2020-11-20,2290.340087890625,2303.900037663871,2262.1870913523253,2285.8201046328763,2711471,0.8855142925660919,0
2020-11-23,2345.44091796875,2350.3913759951133,2294.429676566658,2315.953407116064,3706418,2.405792500836501,0
2020-11-24,2343.546875,2361.5837191871183,2328.8676487062176,2354.179471790684,3120516,-0.08075423918119107,0
2020-11-25,2325.681640625,2352.9305931581944,2314.403124333279,2349.5298865518403,3302249,-0.76231606739251,0
2020-11-26,2342.29833984375,2351.2090374240956,2307.343720302402,2312.5094151986013,2341099,0.7144872680976411,0
2020-11-27,2307.0419921875,2339.80114493148,2297.916058553336,2328.867134250973,6086808,-1.505203118514864,0
2020-12-01,2347.63623046875,2355.4707417723644,2259.5179991546897,2306.482818250165,3605017,1.7595795143182213,0
2020-12-02,2367.222412109375,2371.6562154705816,2326.671629325139,2340.9203775972933,2509032,0.8342937200587652,0
2020-12-03,2332.698486328125,2388.1866135317773,2325.2513607241167,2388.1866135317773,2852548,-1.458414959432841,0
2020-12-04,2348.28173828125,2358.0105050608636,2323.7015996623713,2333.8608409880508,2686527,0.6680354123971943,0
2020-12-07,2357.019775390625,2362.4437955311305,2329.8567953969264,2337.476277283899,1996400,0.3721034391627409,0
2020-12-08,2408.333251953125,2415.4360828907415,2352.5006119603636,2359.000820493324,4277818,2.177049047201818,0
2020-12-09,2419.955078125,2445.0947425948516,2404.7592047535304,2423.5710212691924,3659996,0.48256719299333284,0
2020-12-10,2397.140380859375,2434.1611884481035,2393.653495315399,2426.1543205822477,2127801,-0.9427735858345776,0
2020-12-11,2396.538330078125,2417.2870801403533,2380.137205417689,2404.372841855393,1795408,-0.025115374387629785,0
2020-12-14,2408.677001953125,2414.1010227517563,2372.9907075461942,2412.3791247326753,2483658,0.5065085637334432,0
2020-12-15,2377.553955078125,2406.0943327769764,2371.9146966102685,2398.6041178788414,2365509,-1.292122059112255,0
2020-12-16,2422.882568359375,2427.7039667062795,2376.606560858527,2392.5772064159487,2565149,1.906523012209016,0
2020-12-17,2443.545654296875,2456.890365132334,2414.9621866749385,2420.12788119189,2863460,0.8528306822353171,0
2020-12-18,2463.175048828125,2495.0301613086003,2450.43296179741,2469.2016917298365,6076692,0.803316054141745,0
2020-12-21,2428.005859375,2485.129924214814,2397.743578360733,2463.1757190987637,2705195,-1.4277990299494503,0
2020-12-22,2473.076416015625,2482.6759148936776,2426.714220536492,2439.929873973292,2881737,1.8562787427632843,0
2020-12-23,2504.285400390625,2513.110127628787,2467.0062667021075,2476.132410166916,2790988,1.2619498602182588,0
2020-12-24,2504.8017578125,2515.133144577525,2482.2878180381554,2504.5003416214795,1807144,0.020618952687834202,0
2020-12-28,2522.064208984375,2539.541517749589,2498.474287725912,2505.3618805246047,2108994,0.6891743475519796,0
2020-12-29,2523.011474609375,2541.521881264929,2513.9715085682906,2513.9715085682906,1994151,0.03755913991505544,0
2020-12-30,2504.75927734375,2537.819638953184,2498.4743068283597,2526.368973799279,2637968,-0.7234290231855178,0
2020-12-31,2464.681884765625,2501.056982008258,2449.4000391784834,2496.7522367724437,4040956,-1.6000496710656509,0
2021-01-01,2521.073974609375,2531.1901256216383,2478.672235260101,2479.533184282421,2681440,2.288006829291578,0
2021-01-04,2616.81201171875,2626.540779746348,2532.0085152654137,2539.800147587225,5113293,3.7975100323745625,0
2021-01-05,2662.916015625,2681.2111870870212,2616.9414100045724,2616.9414100045724,5801309,1.761838592141296,0
2021-01-06,2627.186279296875,2680.5651255418056,2614.8746646566897,2668.942312246538,3726716,-1.3417522790233005,0
2021-01-07,2611.086669921875,2652.4553193429574,2583.0627325596793,2647.418682650117,3717827,-0.6128080639682953,0
2021-01-08,2686.935791015625,2693.0486133134364,2634.5040782414053,2660.3325495967133,5879039,2.904887147848645,0
2021-01-11,2734.761474609375,2780.86533670378,2709.0191829689534,2780.86533670378,9508039,1.7799339959542637,0
2021-01-12,2733.384033203125,2763.646306658487,2711.989366347113,2734.761425495851,3611458,-0.05036788103967016,0
2021-01-13,2719.6953125,2735.235486908283,2691.5423169490145,2733.513588584765,3572801,-0.5007975658321118,0
2021-01-14,2804.01318359375,2817.642108404087,2691.617988643426,2721.4636008005186,6931542,3.1002690156583412,0
2021-01-15,2789.047119140625,2824.1112135321864,2768.905618643347,2790.4703041468,4131692,-0.53373730696743,0
2021-01-18,2779.041015625,2809.231575273289,2749.411053561698,2803.4091101982617,4160906,-0.35876423338119245,0
2021-01-19,2812.638427734375,2828.4238177838033,2787.88221380825,2788.744801126879,2975735,1.2089570438318598,0
2021-01-20,2854.129638671875,2870.648105502872,2818.1597810756234,2820.6612006556556,3453446,1.4751704495099993,0
2021-01-21,2823.98193359375,2854.4311013086226,2813.846531321214,2850.851447721759,2778546,-1.0562836624391614,0
2021-01-22,2849.212158203125,2868.102735592998,2796.421647648356,2796.421647648356,3052459,0.8934272669820942,0
2021-01-25,2839.0341796875,2880.8696719465147,2828.1223218457994,2854.2587642828466,2272887,-0.3572208017687206,0
2021-01-27,2812.940673828125,2852.1020574249364,2783.5695308342033,2846.5384108313824,2786662,-0.9190979821964373,0
2021-01-28,2757.30419921875,2824.9741485361455,2746.3062082588003,2786.1577098539697,3083938,-1.9778758623323345,0
2021-01-29,2683.811767578125,2774.8147510394783,2674.0213149781584,2768.9491137784144,5445659,-2.6653726368475517,1
2021-02-01,2707.9638671875,2730.089149995435,2625.8024164648887,2674.020968399952,3985846,0.8999177923409318,0
2021-02-02,2763.255859375,2780.9820744557087,2717.150600042023,2737.852699851867,2881837,2.0418290235506786,0
2021-02-03,2760.322998046875,2791.332974604813,2728.062101218418,2771.4934633514413,2505866,-0.10613788506679267,0
2021-02-04,2750.317138671875,2792.929088556471,2739.5779661560728,2774.1246384838455,2057261,-0.36248871534526605,0
2021-02-05,2724.00830078125,2765.3263706207213,2699.0364334246647,2759.374390193334,2366135,-0.956574698993784,0
2021-02-08,2772.4423828125,2782.707089139848,2721.5926846096877,2751.2226474927297,2526592,1.7780445829536973,0
2021-02-09,2740.353515625,2799.78590709136,2729.2262236656798,2755.9664300290287,2658751,-1.1574223286453855,0
2021-02-10,2771.75244140625,2777.014098773205,2723.4475416582923,2747.3411731650913,2127983,1.1457983651459225,0
2021-02-11,2765.455078125,2776.9275321396753,2747.383915038683,2773.218364370516,1165882,-0.22719789787774003,0
2021-02-12,2752.343994140625,2799.52748410672,2744.7531826922145,2746.650832906159,2777404,-0.47410222238231103,0
2021-02-15,2708.39501953125,2768.0428515244666,2701.2355022903666,2768.0428515244666,2630853,-1.5967834944664139,0
2021-02-16,2681.612060546875,2732.3752085365327,2674.0212484327935,2717.1506234075164,3435770,-0.988886731486105,0
2021-02-17,2650.817626953125,2702.357228065124,2627.0533001377667,2678.4204258750324,3678426,-1.1483552765447325,0
2021-02-18,2637.232177734375,2672.209935042803,2614.502911145384,2643.8308883736727,4189909,-0.5125003350141877,0
2021-02-19,2649.739501953125,2662.9369222580963,2601.6932096230908,2637.792580814729,3725028,0.4742595029875174,0
2021-02-22,2551.921630859375,2670.570568892352,2538.724001627138,2670.570568892352,5366696,-3.6916033074816723,1
2021-02-23,2570.683837890625,2611.9155723333174,2560.160310001746,2561.885485412798,3832829,0.7352187780520492,0
2021-02-24,2542.993896484375,2590.6518484285643,2519.7469985099015,2563.6096502829137,3774549,-1.077143015337545,0
2021-02-25,2583.707763671875,2613.55315768681,2560.5472105924123,2565.334612192327,4224073,1.6010210344502118,0
2021-02-26,2496.587646484375,2563.9126592420175,2484.2526001359925,2553.259616806437,5553153,-3.3719029068398965,1
2021-03-01,2522.378173828125,2557.5717838320993,2503.0562992261116,2523.9308733533635,3265871,1.0330311207005893,0
2021-03-02,2593.239013671875,2609.326180098928,2542.9069682418644,2553.2580142455627,3306469,2.809286909433051,0
2021-03-03,2638.74169921875,2642.9682940419984,2585.088584305513,2617.953254705439,3509857,1.7546660877373554,0
2021-03-04,2630.633056640625,2658.02020976572,2601.6070715025844,2607.602012509075,3916760,-0.3072920165139936,0
2021-03-05,2594.706298828125,2642.2779138838096,2584.8297143482514,2601.6501701271904,3203686,-1.3657076847646388,0
2021-03-08,2593.7568359375,2616.2272771891485,2584.3115471344177,2601.5632931099476,2003125,-0.03659230684620596,0
2021-03-09,2631.71142578125,2645.469654992304,2580.9482751621667,2593.7575738375635,1942397,1.4633056313481108,0
2021-03-10,2648.962890625,2668.155461410439,2639.517600154739,2652.456411920203,3053778,0.6555226638736977,0
2021-03-12,2637.7490234375,2688.6848500917695,2623.4301993562667,2652.4561803119,2938317,-0.42333047500163756,0
2021-03-15,2644.822265625,2673.158345880826,2623.1282768065803,2623.1282768065803,3097083,0.26815448037895706,0
2021-03-16,2682.689697265625,2709.3867323088225,2639.517160415472,2639.517160415472,4894756,1.4317571404623974,0
2021-03-17,2685.191650390625,2721.46349599781,2661.3411908354997,2678.334122051727,3838390,0.09326285956776648,0
2021-03-18,2619.246826171875,2714.0882754209074,2576.591918330186,2696.4052324647,3656306,-2.455870299207763,1
2021-03-19,2631.064208984375,2673.158518840698,2592.075298198224,2613.6399845393075,5776626,0.4511748451661468,0
2021-03-22,2699.596923828125,2708.050323567808,2603.8497099558917,2629.7705068209143,2821646,2.6047526552080758,0
2021-03-23,2710.76806640625,2733.540296408742,2693.7319601096037,2708.5252542516405,3305973,0.4138077977316579,0
2021-03-24,2692.221435546875,2719.134118480695,2683.6385230256433,2683.6816945112373,2207104,-0.6841836116198152,0
2021-03-25,2643.70166015625,2700.6324411114897,2630.8921502042517,2684.5450561980792,3179786,-1.8022208258946293,0
2021-03-26,2645.383056640625,2689.547489004796,2624.8966060749212,2665.9556395899776,3697370,0.06360008429526776,0
2021-03-30,2724.525634765625,2750.3169153067583,2640.2938438418096,2659.357110741005,4694008,2.9917246928126584,0
2021-03-31,2741.173583984375,2764.5927487735926,2701.6238655721972,2721.4633767178425,3530069,0.6110402855571628,0
2021-04-01,2730.08935546875,2773.2187291728374,2712.837605987115,2752.6029727793416,4285076,-0.40436069355059834,0
2021-04-05,2793.83447265625,2814.6229149226165,2718.0131182718865,2735.264867673802,5317862,2.33490955377742,0
2021-04-06,2816.089111328125,2824.973803883292,2786.157369936804,2824.973803883292,2291562,0.7965625340257354,0
2021-04-07,2821.8681640625,2827.173202604607,2790.2975935030586,2811.1721651917283,2491268,0.20521554915033935,0
2021-04-08,2861.50390625,2876.728487019227,2817.253138079282,2820.6603156080578,2578118,1.404592273029448,0
2021-04-09,2865.7314453125,2893.420589492233,2853.4395729080443,2893.1185996171644,2911129,0.14773836419605946,0
2021-04-12,2800.43310546875,2879.403022361947,2771.665732059278,2865.7309281284092,3791828,-2.278592432328541,1
2021-04-13,2677.514892578125,2772.3563503735863,2650.7746788688587,2772.3563503735863,8654596,-4.3892572420525795,1
2021-04-15,2776.6259765625,2792.411369848915,2663.1957209025627,2726.0353041877324,6062760,3.701607197745327,0
2021-04-16,2756.095947265625,2800.821186576273,2745.2706442609606,2785.2946139374144,3224657,-0.7393876406173838,0
2021-04-19,2727.328857421875,2750.7911923595366,2704.297816180099,2733.539444524105,2679106,-1.0437622780255618,0
2021-04-20,2712.44970703125,2782.1468227930536,2696.7506558291448,2781.844832915207,3141893,-0.5455576195050438,0
2021-04-22,2690.238037109375,2715.4255509270147,2678.549933931421,2715.4255509270147,1988980,-0.8188785902388362,0
2021-04-23,2682.21533203125,2690.40991175606,2666.3006377368515,2678.333689003708,1615309,-0.2982154354915445,0
2021-04-26,2674.71142578125,2719.7384522344405,2663.713434894479,2675.789660181914,2490260,-0.2797652433191189,0
2021-04-27,2701.6240234375,2705.160716389788,2676.6089861834494,2679.196748658006,1471417,1.0061869627071784,0
2021-04-28,2694.809326171875,2718.012842526371,2684.371934605543,2717.107083656132,1639037,-0.2522444724545436,0
2021-04-29,2687.17578125,2723.4908002083935,2678.765552900048,2713.3553968122974,1621395,-0.28326846162132213,0
2021-04-30,2618.513427734375,2701.6669817097545,2605.014018794562,2673.1584252464727,3072305,-2.5551865268629737,1
2021-05-03,2619.67822265625,2635.2047975682726,2591.212835317542,2609.2408297283305,1545831,0.044483060867195334,0
2021-05-04,2630.676025390625,2665.3951695899764,2617.952860746142,2641.9328335166438,1990777,0.41981502305361573,0
2021-05-05,2670.312255859375,2673.5037876990805,2632.9621725538914,2648.1437977814962,1939289,1.5066937200244768,0
2021-05-06,2683.897705078125,2703.349094381819,2651.5938468824866,2678.765351819636,1791671,0.5087588235772822,0
2021-05-07,2702.400390625,2725.6472930509076,2684.1999200832834,2702.4867336151315,1912540,0.6893960791376941,0
2021-05-10,2713.268798828125,2729.3991418750993,2695.585756267013,2713.6569210585,2137153,0.4021760891105952,0
2021-05-11,2693.515380859375,2698.259611350448,2666.3868398499667,2695.5855062911596,2415625,-0.7280302628800195,0
2021-05-12,2663.3251953125,2691.272945509579,2648.661208109403,2691.272945509579,1978558,-1.120846970520839,0
2021-05-14,2632.185791015625,2672.7274040510943,2622.266034634606,2672.7274040510943,2043935,-1.1691927201259888,0
2021-05-17,2647.927001953125,2652.6280599765255,2618.81468456053,2635.2038410185837,2890462,0.5980281099924323,0
2021-05-18,2664.359619140625,2694.7226491249216,2655.0436344451055,2674.0205545093654,2098538,0.620584222124676,0
2021-05-19,2658.494140625,2689.5472843831117,2645.641673695492,2660.2193152782284,1986041,-0.2201459019828933,0
2021-05-20,2639.51806640625,2664.3606315027264,2632.7037085764546,2645.642522627466,2329027,-0.7137903344894614,0
2021-05-21,2657.2001953125,2663.8420754481285,2635.290561983907,2640.379742850694,1685566,0.6698999007165085,0
2021-05-24,2658.063232421875,2678.3340375368884,2649.8686516306993,2658.063232421875,1652260,0.03247919034845559,0
2021-05-25,2699.236328125,2711.5883248095797,2671.585276336339,2680.1665788575788,1841613,1.5489885718636742,0
2021-05-26,2737.809326171875,2743.4435704714215,2690.3950356987057,2704.4372637822544,1923753,1.4290337472476766,0
2021-05-27,2756.4453125,2789.167265502162,2740.669472847345,2740.7994092035597,5959785,0.6806897087381358,0
2021-05-28,2724.89453125,2772.0487467329226,2718.0032463993753,2764.6808873372906,1763701,-1.144618436902145,0
2021-05-31,2738.373291015625,2748.0816988614047,2711.892506061442,2730.4420914942166,1652799,0.49465253098959217,0
2021-06-01,2733.041748046875,2747.7340804858504,2714.8388058619767,2746.5640183190408,1377441,-0.19469744998763527,0
2021-06-02,2712.62890625,2738.633114164246,2700.1035884291955,2731.1787015358336,2240078,-0.7468909617448283,0
2021-06-03,2722.857666015625,2734.386242190728,2706.7349701168714,2734.386242190728,1281706,0.3770792142654411,0
2021-06-04,2725.0244140625,2736.3796700274734,2708.771783362326,2711.372204274354,1836060,0.0795762508602138,0
2021-06-07,2759.219970703125,2765.5043213862273,2716.226470934479,2726.1079859801675,2559821,1.2548715697429547,0
2021-06-08,2773.912353515625,2800.653434279736,2762.687245120928,2772.0488031032482,2574057,0.5324832006328162,0
2021-06-09,2773.9990234375,2791.118461204203,2761.8203431067545,2775.515935644676,1710925,0.003124465045378777,0
2021-06-10,2788.343994140625,2794.5849604125315,2767.713951177796,2782.449665919425,1874324,0.5171224135958497,0
2021-06-11,2837.751953125,2868.263508106389,2783.3164474250875,2783.7932334575407,3452954,1.7719463268592417,0
2021-06-14,2839.962890625,2868.003967055523,2834.7620491899106,2842.259844276386,1847360,0.07791158411731836,0
2021-06-15,2828.174072265625,2858.7290139704332,2818.4658777931895,2858.7290139704332,1304985,-0.415104662046506,0
2021-06-16,2838.2294921875,2855.8688870863793,2819.7230786942005,2827.611106785101,1635552,0.35554459042967945,0
2021-06-17,2875.848388671875,2891.7109961422934,2825.7902937443487,2830.557731356494,2273413,1.3254353317067702,0
2021-06-18,2858.122314453125,2910.7374487634556,2838.792479065014,2904.5830353811075,3380431,-0.6163772154531455,0
2021-06-21,2837.1455078125,2848.327231222669,2818.595714756018,2830.124287870364,1130569,-0.7339366315622042,0
2021-06-22,2861.501953125,2883.9089887562627,2847.4597282962995,2863.9290539698554,1708688,0.8584841787434128,0
2021-06-23,2827.003662109375,2885.5998874590587,2822.6696280338883,2885.5998874590587,1467104,-1.2056008201549506,0
2021-06-24,2924.260009765625,2932.407910442598,2841.8265842110727,2846.594022433784,4155204,3.4402625281242827,0
2021-06-25,2930.5009765625,2946.840160583379,2903.8032801990967,2925.6901556692537,2722861,0.21342037903719913,0
2021-06-28,2892.317626953125,2939.7752998610995,2889.0671014114832,2939.7752998610995,1355238,-1.3029632105485356,0
2021-06-29,2895.871826171875,2917.9320187641097,2883.4330628958146,2896.8685694266683,1497322,0.12288412536813897,0
2021-06-30,2900.119140625,2931.5408902618997,2893.83479069762,2900.335842346634,1693146,0.14666790203694546,0
2021-07-01,2896.43505859375,2914.2045988305217,2888.50386064937,2910.737371467249,990310,-0.12703209256623715,0
2021-07-02,2882.52294921875,2894.8749474834935,2856.3020406216624,2887.333769814837,1682274,-0.48031836010693496,0
2021-07-05,2878.665283203125,2924.6060420136537,2862.1959545729355,2896.8682253733346,1972858,-0.13382949879620076,0
2021-07-06,2827.7841796875,2884.733350441063,2822.4100192558253,2871.73124699857,2159420,-1.7675241304542677,0
2021-07-07,2838.749267578125,2845.4670211779494,2809.8413838996457,2838.7926502484866,2640710,0.3877625445884103,0
2021-07-08,2824.490234375,2858.7291063276816,2801.433086588135,2858.7291063276816,2485811,-0.502299846132237,0
2021-07-09,2780.84619140625,2844.8599591707584,2774.648607344789,2817.122141165437,6365067,-1.5452007033902038,0
2021-07-12,2767.801025390625,2804.9869544453836,2763.6836928709663,2804.1201475991397,1892226,-0.469107786541334,0
2021-07-13,2762.990234375,2785.9172333767738,2752.1117660147033,2785.9172333767738,1809339,-0.17381274779122435,0
2021-07-14,2786.394287109375,2792.851956478102,2760.7800997463546,2762.5137136237463,2044279,0.8470552100836137,0
2021-07-15,2782.39794921875,2807.503464302064,2774.623139694448,2803.8114955031597,2232968,-0.14342327319264436,0
2021-07-16,2775.31787109375,2797.0788098448206,2772.8854729987643,2791.1281405842824,1256526,-0.25445957962224597,0
2021-07-19,2766.457275390625,2779.66144992292,2758.9863835986816,2762.461177532685,1597058,-0.3192641749405478,0
2021-07-20,2784.873291015625,2792.8652736430404,2741.742289476744,2766.456927895607,1811945,0.6656895007496333,0
2021-07-22,2794.038818359375,2801.50949904565,2771.1485254858558,2771.1485254858558,2859334,0.32911828962987055,0
2021-07-23,2790.998046875,2815.9296512858455,2785.6119465337315,2805.896141243119,1776193,-0.10883068139191376,0
2021-07-26,2777.706787109375,2800.900993440184,2771.8865498779865,2779.8350559071373,1259611,-0.47621888451361283,0
2021-07-27,2765.023681640625,2788.5220170674083,2746.0860130641854,2779.835032590563,1121367,-0.45660346612569347,0
2021-07-28,2777.923583984375,2783.7003430905816,2721.1105855038863,2769.410297866369,1660654,0.4665385844397463,0
2021-07-29,2776.18701171875,2801.943840221094,2771.4091694472813,2780.052678048742,1731997,-0.06251332022366718,0
2021-07-30,2751.5595703125,2800.250173367633,2747.129334329476,2796.341029337804,2999943,-0.8870959089677166,0
2021-08-02,2796.68798828125,2801.465830240041,2751.1682697258793,2762.4613507193862,2608669,1.6401032511036862,0
2021-08-03,2853.58740234375,2858.017849193048,2796.296783011644,2805.027244694332,3804735,2.034528495882326,0
2021-08-04,2844.0751953125,2871.2220213724718,2832.999290280032,2866.7048319330083,2929598,-0.33334206001320865,0
2021-08-05,2852.762451171875,2879.735582529227,2834.128910407723,2844.9876418652243,2534521,0.30545099066625614,0
2021-08-06,2875.218017578125,2887.553492487723,2836.300286694469,2842.8590020561132,2292362,0.7871516395284051,0
2021-08-09,2886.425048828125,2898.8474823140036,2875.392618057942,2887.467444822578,1510489,0.38978022471631846,0
2021-08-10,2896.154052734375,2910.053229734612,2880.2570387080414,2880.2570387080414,2040777,0.3370606803110965,0
2021-08-11,2905.101806640625,2918.8272868947324,2890.2471878777355,2910.140300921831,1929707,0.308952968085463,0
2021-08-12,2911.66015625,2925.776506675617,2889.2911701909447,2889.2911701909447,1310205,0.2257528322891611,0
2021-08-13,3008.650390625,3023.0708709928867,2916.6553015398326,2919.4785717498116,4363584,3.3310973523749565,0
2021-08-16,3016.947265625,3035.537546028616,2985.2832387699495,3005.6976592882365,2083489,0.27576733494369954,0
2021-08-17,3086.52880859375,3093.261221010651,3008.302477384328,3024.8947012069034,4336019,2.3063559566174785,0
2021-08-18,3093.04443359375,3122.9710539890493,3072.2391472921595,3104.5981658626997,2631309,0.21109879103862195,0
2021-08-20,3092.13232421875,3105.5971510274003,3040.4447632436086,3045.656954266312,2836148,-0.029489048559838693,0
2021-08-23,3159.803466796875,3190.7292145872248,3094.2167377739142,3109.9402636052996,3744176,2.188494394243712,0
2021-08-24,3138.781494140625,3185.821646910204,3122.449919318279,3176.830532268057,2511141,-0.6652936765576767,0
2021-08-25,3178.567626953125,3212.2296918737134,3133.4387849152135,3136.00140292451,2123263,1.2675661840995112,0
2021-08-26,3189.72998046875,3203.41197887725,3168.9244862370747,3179.4358206418688,1902533,0.351175586794894,0
2021-08-27,3231.688720703125,3239.811136714947,3171.7052574467757,3184.648780586405,3944728,1.3154323560707448,0
2021-08-30,3215.314208984375,3249.2369321363003,3203.413080439212,3227.215337529538,2033114,-0.5066859197747076,0
2021-08-31,3289.283203125,3304.6158580161027,3217.1812317850963,3222.349945144956,3207480,2.3005214835283505,0
2021-09-01,3227.171630859375,3315.5617081836626,3220.2655198145953,3297.579690643702,2643336,-1.8883011413129647,0
2021-09-02,3332.97900390625,3352.437765671095,3233.295850013439,3243.720232119877,3403717,3.278641025320961,0
2021-09-03,3337.583251953125,3350.483297959247,3305.0070568599826,3322.771899500522,1746812,0.13814212575233853,0
2021-09-06,3346.2265625,3368.4653285384056,3313.216020086968,3344.228513568609,1723693,0.2589691370789682,0
2021-09-07,3314.866943359375,3361.820145679296,3308.2214838221244,3356.651431363143,1585039,-0.9371636544895479,0
2021-09-08,3278.59912109375,3314.085547901865,3262.832324487393,3309.742054392164,4147175,-1.094095868260403,0
2021-09-09,3293.58349609375,3308.612022962336,3270.649939914643,3292.1067510211997,1441148,0.4570358999852697,0
2021-09-13,3340.44970703125,3346.573861504816,3272.3870978760497,3272.3870978760497,1691473,1.4229549969838162,0
2021-09-14,3375.67529296875,3384.8835815661164,3322.771641085691,3344.445625451803,1991188,1.0545162785523754,0
2021-09-15,3435.3115234375,3457.419856737662,3358.3882327004526,3372.374362683401,2461369,1.7666459387538636,0
2021-09-16,3390.79052734375,3458.93987481296,3381.0611476226836,3413.9847323450576,2946666,-1.295981333570606,0
2021-09-17,3325.24755859375,3427.015500602913,3305.3977135092737,3405.2980386219065,6477148,-1.9329701502187602,0
2021-09-20,3321.46875,3362.7319291879166,3307.873703164557,3308.87262161632,2002008,-0.11363991784564265,0
2021-09-21,3355.73876953125,3363.2096613345666,3319.8614796911293,3351.438754448293,1568129,1.0317730531485436,0
2021-09-22,3355.04345703125,3385.187461325402,3346.6171249272134,3355.3475863065564,1744067,-0.020720102122162576,0
2021-09-23,3361.21142578125,3369.681235538016,3331.458504327995,3361.8629496086937,2003869,0.18384169472003276,0
2021-09-24,3362.9921875,3426.49391383993,3348.8323610402954,3379.2368053039554,2320754,0.052979759175242336,0
2021-09-27,3333.152099609375,3391.3983665334767,3303.5728783040245,3387.9235731251433,1673362,-0.8873076780118172,0
2021-09-28,3282.942138671875,3344.4895176156074,3258.705533235207,3344.4895176156074,2253075,-1.5063807302218346,0
2021-09-29,3294.016845703125,3306.26557599715,3233.4251420967666,3266.131758821028,2489161,0.3373409144435957,0
2021-09-30,3279.814697265625,3305.3978259324667,3257.706362633929,3305.3978259324667,2252412,-0.43114984235814724,0
2021-10-01,3240.41943359375,3309.741623398387,3235.902243348817,3285.2008882642654,1578374,-1.2011429702025178,0
2021-10-04,3277.859619140625,3286.8505200665727,3220.655746342085,3235.7277479745107,1356860,1.1554117087043903,0
2021-10-05,3329.98193359375,3335.802171006452,3250.322325208248,3261.0941015516205,1877966,1.590132602042016,0
2021-10-06,3310.523681640625,3350.9616472067787,3296.7114576007375,3332.3281031242236,1678154,-0.5843350607048325,0
2021-10-07,3381.75634765625,3387.055493405651,3318.4717883990315,3327.115296164053,1647233,2.151703865181953,0
2021-10-08,3418.892822265625,3466.0197111429757,3387.9238086943383,3409.6412690064817,2934339,1.0981416397758181,0
2021-10-11,3201.6748046875,3264.1341328006793,3179.436041530402,3261.9623868706717,11845402,-6.353460867901073,1
2021-10-12,3173.225341796875,3220.265279866949,3153.896800529802,3219.3965813830355,5752877,-0.8885806531310658,0
2021-10-13,3175.2666015625,3192.857745560252,3166.4059195953646,3170.7494119404887,3545655,0.06432760191146247,0
2021-10-14,3143.281005859375,3194.2409413041028,3140.4523183772935,3155.0744992445157,6442299,-1.0073357521344972,0
2021-10-18,3174.3525390625,3179.1831087021405,3134.5768896042064,3136.3176201055894,3590107,0.9885063774191627,0
2021-10-19,3163.0380859375,3211.7351962506837,3155.2483587152783,3193.3704027509225,3135441,-0.35643341392515016,0
2021-10-20,3141.017333984375,3159.4254717778895,3114.4276363448057,3143.7588991905614,2933693,-0.6961899083993583,0
2021-10-21,3074.56591796875,3139.799765223235,3056.0706523617196,3136.8841684930644,4871211,-2.1156016968340463,1
2021-10-22,3045.277587890625,3099.893008187751,3033.2229439917833,3098.5003387692245,2691670,-0.9526004925428544,0
2021-10-25,3040.142578125,3058.94255450439,3002.7604291932066,3048.8897923083487,2595594,-0.1686220588245857,0
2021-10-26,3031.134033203125,3071.518894854652,3024.51917246243,3041.491294437399,3878763,-0.29631981692881393,0
2021-10-27,3037.357177734375,3056.0700308961455,3031.482212206842,3031.482212206842,2510813,0.20530746786784349,0
2021-10-28,2978.08544921875,3061.9452338402966,2972.297604765382,3061.9452338402966,2424942,-1.9514243813708143,0
2021-10-29,2957.283447265625,3012.3340478217433,2947.0130950983553,2959.2853297841493,3960501,-0.6985025214297336,0
2021-11-01,3025.738037109375,3034.963994875041,2970.513397796722,2992.2725316859896,2020718,2.3147794610978156,0
2021-11-02,3032.52685546875,3058.115723793771,3019.950118885597,3041.056478243757,3087414,0.2243690060445669,0
2021-11-03,3039.533447265625,3063.5989646219014,3016.729917190848,3049.9342708836666,1537639,0.2310479718997227,0
2021-11-04,3053.80712890625,3057.8108942881813,3050.63038055364,3057.5497421995287,328991,0.4696010716205734,0
2021-11-08,3048.671875,3088.0559025051743,3029.9154613914975,3088.0559025051743,2526082,-0.16815907781606576,0
2021-11-09,3051.239501953125,3076.7412470079594,3042.7970012842507,3053.2413845838532,1782692,0.0842211644414892,0
2021-11-10,3032.614501953125,3063.4253551262,3029.045918467914,3044.538466599583,1516489,-0.6104076716389462,0
2021-11-11,3036.008544921875,3055.0261139031104,2990.5755135530526,3028.871591142207,1284514,0.11191804848800224,0
2021-11-12,3068.95166015625,3076.0014917098492,3033.832334714238,3051.500793099573,1747259,1.0850797929892853,0
2021-11-15,3092.6689453125,3106.855941660992,3070.6486615620647,3070.6486615620647,1809157,0.7728139046361715,0
2021-11-16,3095.3671875,3112.034811133801,3082.8340116924446,3106.333875700264,2013204,0.08724639575761195,0
2021-11-17,3065.33935546875,3100.9809832225665,3051.8486938011238,3090.319008678797,1632914,-0.970089498671145,0
2021-11-18,3025.129150390625,3064.4262779312917,3004.153470552186,3059.4650248757885,2136598,-1.3117700983542813,0
2021-11-22,3010.0712890625,3060.16085491759,2994.317804519924,3027.4785951812783,3167936,-0.49775928826644167,0
2021-11-23,3015.163330078125,3029.6983897266873,2966.0312458584126,2998.4087961663104,2153461,0.16916679130249967,0
2021-11-24,2996.928466796875,3040.2291345019407,2980.130376324549,3022.0819355023136,2161746,-0.6047719902715021,0
2021-11-25,2999.19140625,3014.074736407611,2988.87770595789,2997.450675821812,1849619,0.07550862418626014,0
2021-11-26,3000.01904296875,3037.5752247190135,2969.599602458624,2981.0014741153645,1941251,0.027595328428375865,0
2021-11-29,3048.018798828125,3071.82337101717,2964.855365059687,3000.279184672269,2981745,1.5999817058452992,0
2021-11-30,3071.650146484375,3101.764876086428,3038.4457895244395,3038.4457895244395,5588446,0.7753018998877481,0
2021-12-01,3113.992431640625,3124.6108438204915,3076.7407612549964,3076.7407612549964,2102118,1.3784865833341264,0
2021-12-02,3170.6533203125,3175.0922678546226,3110.7723642014284,3123.9147513020857,3152938,1.819557687300577,0
2021-12-03,3168.521728515625,3190.7160465699467,3160.166348037167,3173.743920998995,2486263,-0.06722878793525844,0
2021-12-06,3077.9599609375,3183.7964732572673,3065.426784803744,3168.5215187563167,1849642,-2.858170949660832,1
2021-12-07,3119.824951171875,3131.57488473048,3067.4289936532964,3100.676911298592,1484458,1.3601538280447079,0
2021-12-08,3156.728271484375,3173.7439580228324,3134.185891998146,3134.185891998146,1428660,1.1828650930763907,0
2021-12-09,3134.83837890625,3163.5604352688256,3103.722817846793,3142.018892996894,1567957,-0.693436073540532,0
2021-12-10,3165.344482421875,3169.8703393647284,3111.6429873202883,3120.259518567422,1510718,0.973131620465506,0
2021-12-13,3141.7138671875,3187.2775734207476,3134.7945058876894,3176.833190329254,1883864,-0.7465416597025376,0
2021-12-14,3154.030029296875,3163.7780788158257,3113.035735906248,3137.6671180553103,1747007,0.3920204904083402,0
2021-12-15,3107.50927734375,3153.3339319320626,3096.8906491750763,3150.722835659417,1603233,-1.4749622394526152,0
2021-12-16,3117.30029296875,3140.6694726505343,3107.203970979604,3117.648354075334,2072320,0.31507599016307175,0
2021-12-17,3119.69384765625,3178.0083208796227,3110.424330014637,3135.4908923462717,4333992,0.07678293595578811,0
2021-12-20,3095.802978515625,3138.538009790884,3055.1133911729394,3123.7417962117256,2312310,-0.7658081307745479,0
2021-12-21,3140.539306640625,3169.1742414013142,3104.0708713088916,3118.2143081191102,2340989,1.4450637988096426,0
2021-12-22,3160.07861328125,3165.344365511799,3138.7546647787667,3154.203647877505,1224328,0.6221640531391959,0
2021-12-23,3187.886962890625,3194.67585477382,3159.4260598907417,3175.092635394332,1792861,0.8799891715510322,0
2021-12-24,3195.024169921875,3224.7037142044237,3172.3077611305043,3207.2964067053445,2209923,0.22388519776053162,0
2021-12-27,3216.957275390625,3220.351615069357,3179.5315674317108,3195.1110213296242,1534135,0.6864769811518068,0
2021-12-28,3226.052978515625,3242.111177959152,3214.999380219284,3229.055696705625,1456218,0.28274242852341924,0
2021-12-29,3215.73876953125,3237.715494300175,3207.296268256941,3213.606416952969,1456923,-0.31971604474768656,0
2021-12-30,3249.727294921875,3255.167079479829,3202.9451477234684,3204.12022618462,1966475,1.056942986559184,0
2021-12-31,3253.73046875,3272.573794030178,3247.5943503878843,3257.6035521515405,1207141,0.12318491568139578,0
2022-01-03,3322.8369140625,3333.4988883136334,3259.5178424894407,3263.869668714393,2346158,2.123914257072701,0
2022-01-04,3381.15185546875,3384.9813780824193,3317.571622986017,3334.456838580845,2488606,1.7549745267201322,0
2022-01-05,3360.436767578125,3368.313615818848,3318.180490958889,3363.961789441821,1733031,-0.6126636358293136,0
2022-01-06,3313.8720703125,3337.8506750264423,3283.0176652411315,3317.8322746286303,1810293,-1.3856739610423996,0
2022-01-07,3353.953125,3363.875205729341,3304.2551748321043,3324.7958836123003,2460591,1.2094931197425662,0
2022-01-10,3376.887451171875,3462.3137344601323,3360.4809775642457,3462.3137344601323,3937092,0.6837998420706981,0
2022-01-11,3408.263671875,3416.1840817490493,3356.1288711399575,3356.1288711399575,1906106,0.9291461784501243,0
2022-01-12,3359.52294921875,3419.665276673529,3339.200046881566,3416.1838154603215,3203744,-1.4300748811912234,0
2022-01-13,3392.59716796875,3414.443424249762,3356.9993085218794,3410.09159730068,6684507,0.9844915260272646,0
2022-01-14,3453.740478515625,3461.443297528625,3359.6541035054447,3375.1466505790668,3348123,1.802256723084028,0
2022-01-17,3498.12890625,3518.8872054066355,3448.6487622565855,3475.1077846169696,3442604,1.2852276542055785,0
2022-01-18,3473.2802734375,3517.755818179657,3464.0543151392512,3511.010486284599,2389041,-0.7103406843613991,0
2022-01-19,3413.162841796875,3498.041884432763,3409.544563577846,3498.041884432763,3102539,-1.7308546073976028,0
2022-01-20,3336.349365234375,3417.8278984549065,3322.791357400931,3409.1089497343582,6176776,-2.250507231060239,1
2022-01-21,3342.40869140625,3358.1464350043802,3288.002541429297,3319.303479374878,3112358,0.1816154577519491,0
2022-01-24,3288.220458984375,3356.4896498685425,3260.973747148441,3348.0759503995805,3258414,-1.6212329916805102,0
2022-01-25,3286.955810546875,3321.3956518901114,3245.36647509271,3286.607137805823,3330501,-0.03845996499549642,0
2022-01-27,3181.76220703125,3255.1320717987264,3160.7060320416385,3253.0396093535915,5718297,-3.2003351909414057,1
2022-01-28,3217.33544921875,3251.9932675177347,3178.9284407068867,3178.9284407068867,3143862,1.1180358516072575,0
2022-01-31,3257.616455078125,3276.580164117389,3244.668734105354,3268.733112101142,2739393,1.2519989443176005,0
2022-02-01,3313.76611328125,3320.1746237119446,3257.7468854520766,3287.0426290425503,2105169,1.7236423924491318,0
2022-02-02,3362.200439453125,3369.00126096906,3313.7666442800282,3337.525775843539,1984212,1.4616096766079778,0
2022-02-03,3334.6484375,3385.1310537087656,3327.193695504169,3357.666371624586,1960538,-0.8194633975363574,0
2022-02-04,3326.19091796875,3334.735528375889,3286.171037442491,3326.539803558479,2307366,-0.253625522742984,0
2022-02-07,3294.8896484375,3340.925725262264,3274.966771953413,3305.352383494724,1919149,-0.9410545065875242,0
2022-02-08,3263.894287109375,3312.938365711903,3244.3202929778845,3305.832508802573,2946443,-0.9407101492101111,0
2022-02-09,3278.803955078125,3293.974839092935,3266.205118089426,3269.6054225829375,1638721,0.4568060928822115,0
2022-02-10,3287.3486328125,3304.3069440401177,3276.5806469242366,3304.3069440401177,2112459,0.2606034960138892,0
2022-02-11,3221.60791015625,3271.785502541707,3217.29207311896,3271.785502541707,3851488,-1.9998098771776829,0
2022-02-14,3255.437744140625,3307.315493260509,3234.730239239831,3246.9367684445097,5951745,1.0500915979789083,0
2022-02-15,3328.71923828125,3343.715782791456,3267.8609527776734,3300.9929474963374,3931683,2.2510488573317833,0
2022-02-16,3324.62158203125,3360.3692627561973,3318.431044857309,3351.5630416267727,3256906,-0.12310008614951906,0
2022-02-17,3299.424072265625,3343.716368163964,3294.8902621360157,3334.997420658973,3134372,-0.7579060998042952,0
2022-02-18,3307.88134765625,3327.1066691225346,3276.2317390898334,3286.171253915909,3688883,0.25632580733454535,0
2022-02-21,3242.9248046875,3337.438310386208,3230.8491917697265,3321.9185433848156,7465922,-1.9636902337737738,0
2022-02-22,3126.962646484375,3198.0220549797664,3112.6636604729756,3182.4152270942186,5408531,-3.575850973649064,1
2022-02-23,3107.25830078125,3158.787148610905,3100.152231425736,3148.411687072803,2426203,-0.6301433029677672,0
2022-02-24,2965.880615234375,3037.5505321408286,2956.68229614939,3028.9622839273047,5039136,-4.549917382514634,1
2022-02-25,3069.723388671875,3077.78841497173,3018.499572983606,3023.7309413943226,2549723,3.5012458999228446,0
2022-02-28,3098.888427734375,3107.215065572524,3013.181127091719,3042.912824650469,3288942,0.9500868765611514,0
2022-03-02,3091.868896484375,3114.3638193433144,3056.862414053534,3097.4055122433483,2761341,-0.22651771477723015,0
2022-03-03,3090.34375,3120.1627215451904,3077.8758250310893,3106.4303788627763,1928039,-0.04932765700735864,0
2022-03-04,3072.862060546875,3104.9912513670993,3040.340346833838,3052.93918222262,2370257,-0.5656875372885284,0
2022-03-07,3038.4658203125,3093.4824622131614,2991.950364784815,3008.0367797732265,3054130,-1.1193551665073298,0
2022-03-08,3138.777099609375,3146.6677887571,3016.7554860347927,3016.7554860347927,3300992,3.301379223234391,0
2022-03-09,3167.2451171875,3185.903580652901,3136.2492146549575,3143.180735701617,2719654,0.9069779941260459,0
2022-03-10,3157.087158203125,3212.060163122713,3151.8994271684605,3212.060163122713,2005441,-0.3207190668398696,0
2022-03-11,3138.07958984375,3173.565872904547,3132.5868237611335,3141.654443106479,1623423,-0.6020602982083401,0
2022-03-14,3176.3125,3180.9772219494284,3121.383132034038,3121.383132034038,1765688,1.2183537434802272,0
2022-03-15,3133.502685546875,3190.2631230599486,3126.0915796310483,3190.2631230599486,3651133,-1.3477834581177017,0
2022-03-16,3187.559814453125,3198.109825687102,3152.9892740297114,3174.1327209416286,3090475,1.7251342772286682,0
2022-03-17,3202.2509765625,3234.7290512686336,3191.3959310793352,3223.0457484666144,3600452,0.46089055467326556,0
2022-03-21,3162.100341796875,3238.173151385832,3151.8992167802776,3222.5226847081344,2413831,-1.2538253578339265,0
2022-03-22,3226.838623046875,3235.6012072887484,3160.618263654463,3173.696684055792,2907611,2.047319004848913,0
2022-03-23,3236.822265625,3251.9933633104097,3217.2919066762506,3232.986013538086,1596195,0.3093939221757047,0
2022-03-24,3269.474853515625,3276.7550474937625,3221.6513378204054,3226.0108118905273,1879046,1.008785321251482,0
2022-03-25,3232.50634765625,3295.3264108407147,3201.597719435667,3278.237187540887,1690133,-1.1307169351562174,0
2022-03-28,3232.723876953125,3237.3449613508205,3192.1807741513976,3221.6508570404744,1760990,0.006729431390994911,0
2022-03-29,3230.67529296875,3245.1922553919017,3218.163518176117,3221.433123484478,2689063,-0.0633702123147506,0
2022-03-30,3253.518798828125,3259.142477223061,3231.416182436141,3259.142477223061,1583455,0.7070814547377013,0
2022-03-31,3260.842529296875,3273.6593387691028,3243.6226090320506,3260.886166604706,2168110,0.22510183347912438,0
2022-04-01,3277.234619140625,3280.9401720854466,3250.467491029845,3267.861749927253,1387014,0.5026949230597877,0
2022-04-04,3287.3486328125,3295.7623324570554,3258.358130814035,3280.068226112022,1472994,0.3086142692623861,0
2022-04-05,3326.10400390625,3344.239456565145,3288.786867502642,3288.786867502642,2314947,1.178924885146504,0
2022-04-06,3274.2705078125,3321.309193800856,3253.1704815208172,3321.309193800856,2051729,-1.5583847057360711,0
2022-04-07,3212.1904296875,3265.68124894717,3207.7002576095683,3265.68124894717,2494829,-1.8959972298218886,0
2022-04-08,3213.49853515625,3230.369782323255,3175.8763649426332,3217.2913621519056,2296773,0.0407231606401659,0
2022-04-11,3222.8720703125,3236.7789635996933,3187.7348778014734,3217.2920283632184,2291660,0.2916925293010575,0
2022-04-12,3218.250244140625,3260.0139103467973,3180.9767499798,3211.1878127326167,4483476,-0.1434070627391315,0
2022-04-13,3192.834716796875,3234.5986001579863,3187.2546759280217,3232.113615146046,1621672,-0.7897312333005613,0
2022-04-18,3076.087890625,3147.539612949871,3071.248832857596,3147.539612949871,3820792,-3.6565258313464466,1
2022-04-19,3027.13134765625,3107.04063053991,2998.5767941194913,3095.2264139082035,3170014,-1.5915196414886257,0
2022-04-20,3101.15576171875,3111.9235358023625,3034.194192146659,3051.6320898026743,2640370,2.4453651183591107,0
2022-04-21,3163.801025390625,3177.1846959049176,3110.397468139204,3121.38342791976,2280996,2.0200618248583213,0
2022-04-22,3149.7626953125,3153.6425834822653,3113.9713815059195,3122.3416543216063,1581465,-0.4437172238539122,0
2022-04-25,3093.656982421875,3124.870857781857,3080.49149910498,3102.201593746609,1960694,-1.781267934061248,0
2022-04-26,3092.00048828125,3128.2711832624163,3067.456522605351,3117.1545248627376,1943469,-0.05354485484451166,0
2022-04-27,3104.99169921875,3111.312936478098,3057.1247601525597,3091.738940916967,1727648,0.42015552671279544,0
2022-04-28,3125.132568359375,3142.6575260875848,3084.8074339349073,3128.358536540344,1703660,0.6486609656860765,0
2022-04-29,3092.34912109375,3159.092707941327,3083.761085375679,3136.205470355331,2051115,-1.049025810858184,0
2022-05-02,3088.600341796875,3093.4394009601824,3045.310846094363,3068.9827069712724,1324161,-0.1212275571119581,0
2022-05-04,3033.975341796875,3091.2587764725636,3021.376506953671,3085.1991513609432,2305825,-1.7686004647729958,0
2022-05-05,3063.314697265625,3080.403918216015,3038.8582216741816,3062.181404468486,1612262,0.9670268266377402,0
2022-05-06,2992.86572265625,3029.398024101116,2985.803290699171,3015.8836567465128,2010812,-2.29976288992636,1
2022-05-09,3003.764892578125,3013.2684608532413,2918.1012275668895,2962.698561915311,2481830,0.36417169802731575,0
2022-05-10,2998.228271484375,3020.941173809357,2983.6240334480644,2994.08677114572,1622685,-0.18432271804728062,0
2022-05-11,2974.90478515625,3006.6853051327807,2948.878642613765,2994.9583637197297,1841769,-0.7779089587657717,0
2022-05-12,2971.98388671875,3007.7752079636566,2920.934620561456,2945.2603983861713,2807195,-0.09818460248119942,0
2022-05-13,2977.433349609375,2999.230718747237,2948.8787960387763,2994.958519542189,2187823,0.18336111830812296,0
2022-05-16,2944.214111328125,2990.5988675166236,2935.32082782278,2977.520446813198,1195813,-1.1157004836265472,0
2022-05-17,3009.43212890625,3022.8592234664716,2921.1962062592934,2938.285429213155,1754076,2.215124821499659,0
2022-05-18,3006.990478515625,3047.271971010071,3001.977083999657,3021.1151300571946,1866781,-0.08113325989884679,0
2022-05-19,2844.0771484375,2968.801739876672,2816.220152658341,2961.826581603834,4642963,-5.417819951280512,1
2022-05-20,2871.1494140625,2889.371929206205,2851.139472106869,2885.971624824438,3065125,0.9518822525568016,0
2022-05-23,2896.216552734375,2911.169463412706,2848.480312420623,2881.4379784431057,2293690,0.8730698078302623,0
2022-05-24,2866.789794921875,2898.9192000018056,2855.9783857074317,2890.4616510569685,1711510,-1.0160413517669276,0
2022-05-25,2780.46142578125,2890.358139211959,2768.5239108215023,2890.358139211959,3548046,-3.01132539586767,1
2022-05-26,2832.513671875,2845.285240339254,2791.7853185534345,2800.957952158741,2813186,1.872072225534449,0
2022-05-27,2862.6640625,2878.1126466259984,2834.4876314487365,2855.554057865002,3103153,1.0644393679145603,0
2022-05-30,2962.685791015625,2972.648541346063,2884.6523186812783,2894.0004601077003,2094624,3.4940085993979686,0
2022-05-31,2953.1181640625,2969.83946910257,2918.5779156420817,2944.1647611228614,4840965,-0.32293761903942064,0
2022-06-01,2945.086669921875,2973.8774984812158,2931.7885726124696,2973.8774984812158,1493835,-0.2719665687056838,0
2022-06-02,3004.599609375,3012.4995207055213,2937.274852340207,2944.911390433282,2657939,2.020753414863119,0
2022-06-03,3019.6533203125,3052.262528156964,3011.797340038392,3036.5503533099322,1913622,0.5010221957870487,0
2022-06-06,3011.577392578125,3030.9322154409138,2964.3534420465703,3000.2103424202264,1084210,-0.2674455269434439,0
2022-06-07,2951.669921875,3000.9567154912565,2945.7889201087964,2985.3324048192408,2308256,-1.9892389566598445,0
2022-06-08,2988.052978515625,2996.655145262253,2937.449753818976,2966.986552670218,2185707,1.2326261947851247,0
2022-06-09,3008.197998046875,3016.8878132150094,2943.2431833311603,2971.243889360723,1279197,0.6741854872083675,0
2022-06-10,2949.212646484375,2978.2668532896387,2942.2783649357116,2968.6114051946824,1527582,-1.9608201189149521,0
2022-06-13,2826.06201171875,2890.4900988680024,2802.230481322181,2887.856794799796,3030921,-4.175712284172772,1
2022-06-14,2818.117431640625,2843.002020001427,2786.6493705312914,2800.0792606285445,2611493,-0.2811183917826754,0
2022-06-15,2814.38720703125,2838.70133453844,2809.734994390088,2825.095932347547,1404536,-0.13236583286039272,0
2022-06-16,2757.9462890625,2848.224788477131,2750.0903105068783,2843.9675291414705,2032028,-2.0054425285810806,1
2022-06-17,2711.33642578125,2737.537876021547,2654.237811220982,2714.057591233226,5240434,-1.6900207036698256,0
2022-06-20,2731.964599609375,2755.0938684218168,2693.869560234665,2715.813756717515,1502769,0.7608120346843883,0
2022-06-21,2819.34716796875,2841.993627503554,2743.376297077034,2747.4141160022004,2964461,3.1985249139710348,0
2022-06-22,2829.002197265625,2853.228678625004,2793.935410204661,2808.769602974753,3336315,0.3424562042790624,0
2022-06-23,2904.358154296875,2912.4335752382617,2829.0017025634374,2829.0017025634374,3692578,2.6636938318423953,0
2022-06-24,2890.57763671875,2936.1337062623097,2876.884371382577,2930.8670987174446,2132118,-0.47447721135003285,0
2022-06-27,2909.537109375,2951.845477755388,2902.3394557167258,2940.5223579770245,2037686,0.6559060173789932,0
2022-06-28,2912.5654296875,2922.9670648721058,2872.5832738577947,2902.778403463079,1400046,0.10408254642095827,0
2022-06-29,2888.294677734375,2925.5998057707557,2871.1782072235646,2871.1782072235646,2133994,-0.8333118187057842,0
2022-06-30,2867.75537109375,2906.20143071572,2857.134294601676,2872.0563477532055,2719603,-0.7111222687546714,0
2022-07-01,2909.887939453125,2925.599896381452,2854.54464022768,2861.5228509461544,1502879,1.4691827895803256,0
2022-07-04,2839.622802734375,2912.3896686210524,2830.8451246154136,2907.166993000027,2622535,-2.41470249648017,1
2022-07-05,2823.16455078125,2872.0561732174024,2814.957336327149,2857.134120972691,2170627,-0.5795928930165228,0
2022-07-06,2862.181640625,2868.9843417565935,2810.832219180068,2825.0959473592156,2182144,1.3820338539229926,0
2022-07-07,2885.96875,2913.6621507610735,2865.9556026660175,2871.1782778598463,1989921,0.8310831513057115,0
2022-07-08,2866.306884765625,2901.022644904037,2852.745414807298,2896.6338058043334,2136916,-0.6812916887743548,0
2022-07-11,2733.193603515625,2830.801346623151,2726.3469713524055,2814.255336753604,6974600,-4.644069410623652,1
2022-07-12,2707.650634765625,2752.8556822249266,2703.744610417738,2734.159182843163,3734815,-0.9345466313525952,0
2022-07-13,2667.3173828125,2729.8583498303165,2664.025752969457,2724.591742081448,3863530,-1.4896032536567017,0
2022-07-14,2639.15478515625,2690.4197342968428,2611.212087556013,2689.5396493330554,4764908,-1.0558397676152964,0
2022-07-15,2635.502197265625,2665.688935952516,2598.8905812888142,2656.580186606266,4574806,-0.13839991163718812,0
2022-07-18,2696.14013671875,2707.977235850919,2652.8400018798093,2660.496697666323,3202795,2.300811568893324,0
2022-07-19,2705.600830078125,2709.7371858696033,2666.701122969062,2666.701122969062,1865074,0.35089768630827134,0
2022-07-20,2785.29248046875,2791.5850009840688,2726.54681875147,2735.1276457438817,3402251,2.9454326560183652,0
2022-07-21,2796.29296875,2802.18949286323,2767.0301544793647,2787.228053988018,2420640,0.3949491250340387,0
2022-07-22,2790.74951171875,2813.63172152786,2766.547174420653,2803.070701615963,2075886,-0.19824307013610598,0
2022-07-25,2787.00830078125,2804.3459268777215,2771.474891342548,2785.4681525136675,1797504,-0.13405756847004735,0
2022-07-26,2742.255859375,2788.9003489613156,2725.1823019627623,2785.2040361556637,2639367,-1.6057519955611554,0
2022-07-27,2806.45849609375,2811.078941286618,2737.063723775086,2741.4641477682935,1389808,2.34123437093805,0
2022-07-28,2869.516845703125,2872.597142884527,2817.723762864332,2830.353067253872,2106333,2.2469011993993426,0
2022-07-29,2905.9521484375,2919.5055843641176,2882.277951362933,2895.4792244226105,2430257,1.2697364989835869,0
2022-08-01,2903.223876953125,2928.0422261586746,2878.7574757334005,2928.0422261586746,1306913,-0.09388563007969308,0
2022-08-02,2897.06298828125,2915.632647364898,2879.32915186275,2895.4787927773596,1269114,-0.21220852862166018,0
2022-08-03,2939.043212890625,2947.4040185568806,2884.0819596679717,2886.678166875655,2895824,1.4490615074365554,0
2022-08-04,2952.640869140625,2981.6396243775794,2910.748955728847,2948.284491745122,2150567,0.4626558803341396,0
2022-08-05,2961.529296875,2972.0462668986875,2952.6844019677515,2958.1408845663077,1106933,0.30103314721652286,0
2022-08-08,2969.80224609375,2973.718580659818,2935.96302696034,2961.4854873266017,1068836,0.27934720171363114,0
2022-08-10,2952.0244140625,2979.0870214210518,2935.0827818136504,2979.0870214210518,1878359,-0.5986200614749193,0
2022-08-11,3012.09033203125,3017.5468150068145,2970.3303498018386,2992.2884233473337,1449248,2.034736490749034,0
2022-08-12,2993.652587890625,3009.0100251572753,2975.7868229198702,3009.0100251572753,1472354,-0.6121245417029408,0
2022-08-16,2985.86328125,3005.3572860290433,2981.2868838403115,3001.96887403079,839942,-0.2601940743602982,0
2022-08-17,2993.256591796875,3008.0858922168222,2966.854046980335,2979.1752345613872,1622326,0.2476104848236682,0
2022-08-18,2975.786865234375,2985.247777264325,2958.8452320644637,2983.4876075843345,1430659,-0.5836361176110416,0
2022-08-19,2979.74755859375,3011.2105949135394,2966.98632707943,2980.8476647587777,1398410,0.1330973466429075,0
2022-08-22,2952.28857421875,2978.295123607797,2945.995838840667,2961.4854176096087,1536532,-0.9215204924258424,0
2022-08-23,2890.72705078125,2941.155745444211,2877.877724840754,2921.837924178498,1849256,-2.0852136195321225,1
2022-08-24,2864.984130859375,2911.3205094918117,2860.4515652345717,2897.239152734898,1691923,-0.8905344389024128,0
2022-08-25,2832.2890625,2885.0501070521514,2829.252812696223,2883.158010542912,1946930,-1.1411954435352478,0
2022-08-26,2835.809326171875,2866.4363215518924,2831.05695398552,2846.4584386730107,1457962,0.12429040942478764,0
2022-08-29,2756.909912109375,2765.8426876252506,2711.5414939297048,2750.2652283447997,2539173,-2.7822538467002,1
2022-08-30,2826.083984375,2839.59337087647,2765.314305884084,2776.667312913455,3431525,2.5091161652321947,0
2022-09-01,2756.161376953125,2807.470361006476,2746.7445130724805,2807.470361006476,3546935,-2.474187172372322,1
2022-09-02,2755.017333984375,2783.708184014529,2746.1286065456165,2783.708184014529,2052900,-0.041508562536152205,0
2022-09-05,2757.657958984375,2770.463237341752,2739.0442491650956,2749.077131149413,2147912,0.09584785429213039,0
2022-09-06,2752.069580078125,2764.214794894149,2733.85186528633,2759.506254646854,1936453,-0.20264945795918088,0
2022-09-07,2771.915283203125,2782.7401547857316,2730.023159097114,2730.023159097114,1291534,0.7211192358165919,0
2022-09-08,2789.560546875,2801.7498066300514,2781.1559093890387,2789.868662483827,1346113,0.6365729782147111,0
2022-09-09,2831.8046875,2845.7541171155735,2788.5486067978027,2811.8708533119707,1561185,1.5143654319431654,0
2022-09-12,2854.071044921875,2877.7014084575,2838.2735652602178,2851.386743228349,1785928,0.7862956622736617,0
2022-09-13,2842.101806640625,2872.1125680484006,2838.2733519875155,2872.1125680484006,1972678,-0.4193742234464115,0
2022-09-14,2746.216552734375,2764.698333727928,2740.408121912217,2759.065876894723,5090269,-3.3737445183072756,1
2022-09-15,2732.09130859375,2761.4860546857367,2728.2628538047275,2754.6653975512245,2138023,-0.5143528876687009,0
2022-09-16,2647.9111328125,2723.2905259336594,2640.2544379154365,2707.140883675961,5322221,-3.0811626066984843,1
2022-09-19,2665.601318359375,2677.2183966341995,2629.517835695995,2671.937886976144,2072220,0.6680807874426264,0
2022-09-20,2675.721923828125,2710.61720102937,2666.6570072003938,2684.258703617558,1544295,0.3796743871277375,0
2022-09-21,2641.310791015625,2676.690161452811,2638.626489065098,2664.8971095952425,2253818,-1.2860504115191573,0
2022-09-22,2646.766845703125,2666.612800197156,2622.0365926375753,2631.4534566835873,2017983,0.20656617562986312,0
2022-09-23,2624.456787109375,2660.0561724828663,2621.7724856332366,2643.774604512334,2652374,-0.8429174118592675,0
2022-09-26,2635.32568359375,2663.00452081125,2575.2160671939755,2604.9189274404216,2925489,0.4141389005816398,0
2022-09-27,2655.61181640625,2662.256499568145,2619.1323446991073,2648.527090847732,2227447,0.7697770692552952,0
2022-09-28,2671.629638671875,2684.2148957050317,2622.6529999705645,2622.6529999705645,2739767,0.6031688128011581,0
2022-09-29,2637.87841796875,2689.407429965768,2631.453755459116,2687.779187014094,2493902,-1.263319593950285,0
2022-09-30,2644.259033203125,2657.5922330079447,2596.3384551119543,2632.2019134840502,2817353,0.2418843564173212,0
2022-10-03,2627.009033203125,2658.4720642332236,2617.372147790572,2635.8539282558045,1763331,-0.6523566633751532,0
2022-10-04,2720.47412109375,2726.502788091317,2660.496426210475,2666.612972771875,2145875,3.557851789213773,0
2022-10-06,2729.9794921875,2749.385408482111,2721.6186850874424,2737.9443040294004,1790816,0.3494012686997561,0
2022-10-07,2697.371826171875,2732.663312710145,2691.387421404363,2725.9745822630443,1939879,-1.1944289731457558,0
2022-10-10,2744.588623046875,2752.0252969781927,2644.6549464085288,2649.055370612203,3064063,1.7504741621777287,0
2022-10-11,2701.464111328125,2767.866460874468,2687.2067817521515,2728.262648238744,4730645,-1.5712559381987012,0
2022-10-12,2728.9228515625,2736.9755412651284,2694.8636139240957,2714.973422007187,1665247,1.0164392012180112,0
2022-10-13,2731.167724609375,2737.0642509230306,2686.3274384554156,2728.923464967713,2054781,0.08226223931504517,0
2022-10-14,2727.514892578125,2772.267293403134,2702.7405898542934,2767.866869127891,2245977,-0.1337461627982761,0
2022-10-17,2745.691162109375,2760.3824097080633,2710.1319147726804,2711.1907065546616,1517005,0.666404043501645,0
2022-10-18,2774.765380859375,2784.1626709744187,2760.515312292103,2779.4419453117853,1793722,1.0589034612204395,0
2022-10-19,2754.603271484375,2787.3829499859935,2745.911915275851,2787.3829499859935,1194289,-0.7266239341920722,0
2022-10-20,2785.88330078125,2788.2656365638254,2739.735696686924,2739.735696686924,1587601,1.135554786443671,0
2022-10-21,2768.323486328125,2788.6178199060605,2759.147004269776,2786.3238071017186,1021913,-0.6303140712391131,0
2022-10-24,2789.765380859375,2804.147932217598,2783.853595389088,2797.17735486645,260949,0.774544399783661,0
2022-10-25,2790.11865234375,2809.66289628552,2780.4566102689723,2806.354036786087,2069643,0.01266312525056712,0
2022-10-27,2785.971435546875,2800.618740078452,2765.6331510594896,2788.8832750526153,2438421,-0.14863944203201696,0
2022-10-28,2791.13330078125,2804.589329497575,2775.0301844485994,2779.4419971424763,1355739,0.18528062307148208,0
2022-10-31,2817.51611328125,2822.678020775369,2803.971976319488,2822.678020775369,1919414,0.9452365636788196,0
2022-11-01,2876.237548828125,2878.796529820367,2826.6046487007934,2836.3547992765884,2991060,2.0841561569097333,0
2022-11-02,2860.3544921875,2885.325394187665,2843.0161551154115,2885.325394187665,1405955,-0.5522164414791253,0
2022-11-03,2829.516357421875,2848.3107244829384,2819.1485965425713,2848.3107244829384,1422652,-1.0781228288260558,0
2022-11-04,2838.913330078125,2841.251720209756,2793.692247035101,2838.5604712079626,1464013,0.3321052600244512,0
2022-11-07,2853.295654296875,2861.325239443402,2819.2365900807545,2849.148593513063,1474498,0.5066137125910197,0
2022-11-09,2837.72216796875,2867.501904513535,2825.0160177906464,2867.501904513535,1162267,-0.5458069620185468,0
2022-11-10,2828.545166015625,2845.6189659797133,2797.0890301257955,2797.0890301257955,1573092,-0.3233932502875736,0
2022-11-11,2925.8701171875,2948.502846331555,2872.1343229110385,2884.972741372326,3265394,3.4408130490972466,0
2022-11-14,2943.120361328125,2955.0322560599284,2919.7377531508814,2932.973191741774,1342074,0.5895765515800511,0
2022-11-15,2940.56103515625,2947.0462695764713,2904.7370353683755,2930.3255450967117,1400708,-0.08695961624620718,0
2022-11-16,2960.63525390625,2971.7087315184385,2930.723034354456,2946.120217692935,1748235,0.6826662840866193,0
2022-11-17,2955.0322265625,2964.7382147656017,2927.4583964400517,2947.090963487235,1417986,-0.18925084866018294,0
2022-11-18,2950.135009765625,2967.164649978448,2930.3260137026023,2955.9145275229503,1164540,-0.16572464939145215,0
2022-11-21,2897.238037109375,2941.5326032723688,2887.97322840231,2931.650183735617,1304194,-1.7930356570512451,0
2022-11-22,2924.98779296875,2928.517243290538,2872.310790000173,2894.1492638662367,1149739,0.9578003430833482,0
2022-11-23,2919.119873046875,2938.267096023946,2903.8549588633055,2938.267096023946,1150011,-0.20061348413079605,0
2022-11-24,2982.517822265625,2993.8121065011505,2919.120199429745,2926.1349389357706,1296591,2.1718172591719487,0
2022-11-25,2990.89990234375,3002.9884406892334,2954.1495911194506,2985.0322780039132,1588981,0.2810404020237467,0
2022-11-28,2995.841552734375,3015.032938868525,2969.635427166336,2970.032447243622,2195437,0.16522286107778505,0
2022-11-29,2997.6943359375,3025.6210229911208,2985.0323478503824,2985.0323478503824,1576028,0.061845166725649214,0
2022-11-30,2991.9150390625,3013.179847701842,2977.973667402108,2985.032567947061,3410702,-0.19279139990077132,0
2022-12-01,3066.783447265625,3070.6218106972183,3017.6800553403696,3022.0918682867737,2180856,2.5023574274550375,0
2022-12-02,3034.5771484375,3060.827434912216,3011.503453385087,3051.298091486406,2411749,-1.0501654056089493,0
2022-12-05,3022.8857421875,3034.577045852439,3006.2091763355406,3029.150602395043,1475065,-0.3852729944934796,0
2022-12-06,2987.10595703125,3007.047220155349,2971.7968815829117,3000.07664261676,1166999,-1.1836300875321282,0
2022-12-07,2982.9150390625,2994.473859666086,2959.4441081486752,2972.061936190009,1167505,-0.14030027823034308,0
2022-12-08,2956.399658203125,2982.914693880783,2946.6053484812223,2964.737940576892,1285619,-0.8889083501254724,0
2022-12-09,2905.3994140625,2977.1796968244453,2890.928753775441,2977.1796968244453,1797896,-1.7250794898150734,0
2022-12-12,2899.84033203125,2908.2669373884346,2855.413507309817,2872.5312544502576,1527610,-0.19133624121844273,0
2022-12-13,2940.1201171875,2943.9582647380803,2883.384166419189,2891.6782875951694,1378016,1.3890345861916842,0
2022-12-14,2969.458984375,2979.73842222779,2947.88504703309,2954.8558406430157,1213311,0.9978798830697189,0
2022-12-15,2916.296630859375,2968.9294722548675,2910.869971774407,2963.6794580212227,1415694,-1.7903043549468145,0
2022-12-16,2859.0751953125,2904.737456359463,2845.7955961171497,2889.7372933102192,2703680,-1.9621267240573226,0
2022-12-19,2825.369384765625,2863.7079990716397,2818.7075036309825,2847.384289941205,2120965,-1.1789060533327733,0
2022-12-20,2862.340087890625,2866.7960620653575,2791.4863286526675,2822.589610027799,1529971,1.308526358512485,0
2022-12-21,2884.04541015625,2896.839663823028,2858.853922783428,2866.7951836800485,1432566,0.7583068957267347,0
2022-12-22,2876.237548828125,2906.5026314565507,2863.3551831140862,2906.5026314565507,1384101,-0.2707260191059935,0
2022-12-23,2848.575439453125,2882.5464001920377,2838.5605375865457,2838.5605375865457,1360281,-0.9617463406758731,0
2022-12-26,2870.236572265625,2887.089780317712,2845.6629086139424,2848.574747625626,870157,0.7604198404750129,0
2022-12-27,2876.060791015625,2888.678618824853,2851.3546391063023,2884.619664842959,835883,0.20291772484115622,0
2022-12-28,2873.9423828125,2881.883643648765,2846.500828643434,2867.5010948278764,910795,-0.07365658645820394,0
2022-12-29,2884.221923828125,2886.6484202841184,2848.265658162046,2851.001067607909,1037927,0.35768083163745246,0
2022-12-30,2873.58984375,2910.9138197149614,2864.325037715745,2899.487268690152,1163131,-0.3686290569490325,0
2023-01-02,2877.78125,2882.546136946802,2854.6192334296225,2877.3842299429016,709547,0.14585958601978088,0
2023-01-03,2921.81103515625,2929.4433843116235,2863.5309512487165,2869.442736681144,1245178,1.52999068835582,0
2023-01-04,2924.72265625,2935.9288318835124,2899.6194872236865,2917.707917742617,1231668,0.09965124570741057,0
2023-01-05,2921.590576171875,2944.70843071638,2895.869579901462,2938.443570763314,1826057,-0.10708981487294045,0
2023-01-06,2833.751953125,2913.1645955885083,2823.560620924734,2911.796890328632,2488376,-3.00653430919704,1
2023-01-09,2929.399658203125,2935.6203575905165,2842.2221906134705,2849.148823161941,2885060,3.3753026609349757,0
2023-01-10,2899.796142578125,2910.0316341301827,2850.119304301601,2898.5609212000154,3864655,-1.010565954771725,0
2023-01-11,2937.120361328125,2955.473546603415,2886.340350306403,2903.061294014139,2720512,1.287132505694566,0
2023-01-12,2942.105224609375,2955.914110329725,2925.516768010586,2937.3844994888523,2250391,0.16971940771932648,0
2023-01-13,2977.576416015625,2981.502886054615,2916.208061086269,2949.6495136518442,1742837,1.2056397952578068,0
2023-01-16,3008.709716796875,3025.8105105428135,2976.2226370534986,2993.323430799437,1843607,1.0455919993788143,0
2023-01-17,3048.732421875,3051.8007788267178,2996.933656676586,3005.0554281038935,1688475,1.3302281989747478,0
2023-01-18,3059.2001953125,3076.3009900989787,3043.182259186601,3050.1760059457965,2421189,0.3433483818518379,0
2023-01-19,3043.949462890625,3056.4929982286035,3033.030105416692,3050.1760655484736,1585044,-0.49852024869909695,0
2023-01-20,3034.92529296875,3063.3964349074176,3028.157150767711,3036.6398008661617,1529349,-0.29646254091568736,0
2023-01-23,3081.67041015625,3085.370416009231,3028.1571422247093,3057.3954283238595,1067916,1.5402394680290143,0
2023-01-24,3100.982666015625,3115.1054362054274,3083.8367038420397,3090.78528655422,1387863,0.6266814191332015,0
2023-01-25,3095.071533203125,3099.80923290407,3072.736663184384,3091.055812758132,874110,-0.19062127877338408,0
2023-01-27,3078.196044921875,3109.735541536543,3052.25150144562,3091.6871634661047,1785879,-0.5452374234396262,0
2023-01-30,3098.591064453125,3120.971100823279,3055.1848405969054,3086.27313262084,1953798,0.6625640223564044,0
2023-01-31,3030.954345703125,3112.4428172521584,3024.005764167,3112.4428172521584,2820375,-2.1828217193912702,1
2023-02-01,3075.759765625,3085.3704394695874,3027.615625744506,3034.834977460141,2205161,1.4782611287231795,0
2023-02-02,3122.730712890625,3130.49160464965,3086.3634023563964,3092.5900055158118,1813847,1.5271331587914272,0
2023-02-03,3142.49365234375,3162.0761001103447,3115.9624021902155,3162.0761001103447,1804469,0.6328736375360133,0
2023-02-06,3122.32470703125,3134.236594271582,3101.4789594399563,3134.236594271582,1138714,-0.6418133986510255,0
2023-02-07,3133.6953125,3152.1497379876287,3123.6332079139006,3130.401350781037,1455647,0.3641711396365821,0
2023-02-08,3176.605224609375,3194.4729446376878,3138.658461421749,3138.658461421749,1986946,1.3693070905206328,0
2023-02-09,3195.330078125,3201.42140575325,3163.249041886129,3172.0024612292277,1655427,0.5894611445754094,0
2023-02-10,3192.35205078125,3196.6837056013396,3165.820802706398,3176.514554888765,1187821,-0.09319936504016413,0
2023-02-13,3142.583740234375,3202.6849319015614,3134.461969485681,3202.6849319015614,1087939,-1.5589856555668913,0
2023-02-14,3158.55712890625,3180.892001269694,3153.954703443889,3162.9788942978053,1579818,0.5082884019085521,0
2023-02-15,3177.101318359375,3181.929348066534,3122.504969647513,3146.7350075745903,1429449,0.5871095153990868,0
2023-02-16,3210.852294921875,3226.1482544705477,3182.8321380468874,3183.012577801887,1618931,1.062319806027734,0
2023-02-17,3159.503662109375,3193.569973627424,3149.441780079229,3182.064133313381,1061369,-1.5992212688733853,0
2023-02-20,3147.005615234375,3178.319508405955,3135.9509832133717,3160.271129596154,1296082,-0.3955699442568794,0
2023-02-21,3114.24755859375,3166.4975236812143,3108.607440587024,3153.0515704800237,1139541,-1.0409278102983421,0
2023-02-22,3069.623291015625,3110.6381891326687,3063.712402699568,3081.715617084995,1218430,-1.4329068816313129,0
2023-02-23,3080.677734375,3115.510972284333,3075.443660607491,3087.1751064959585,1441570,0.36012377778504856,0
2023-02-24,3068.630859375,3098.861897992003,3052.2520415048884,3088.529243781861,977592,-0.3910462579573948,0
2023-02-27,3006.724609375,3059.200182190444,2992.421181163278,3059.200182190444,1128022,-2.0173899317628807,1
2023-02-28,2989.57861328125,3061.004982816527,2977.8921119899733,3003.701381280899,4116217,-0.5702549558509129,0
2023-03-01,3055.3203125,3058.298339602881,2991.5193259910147,2998.7386788139193,1669307,2.1990289509929983,0
2023-03-02,2997.338623046875,3041.0607661070044,2994.2253225163527,3033.0293276001994,1556538,-1.8977286674627503,0
2023-03-03,3016.019287109375,3030.322715031711,3006.047734357381,3026.7130393735433,1043190,0.6232416957784537,0
2023-03-06,3042.821533203125,3072.6914693231265,3031.22536115521,3033.8422880766893,1334132,0.8886629541231539,0
2023-03-08,3059.5615234375,3064.6151583508063,3005.8226441318043,3035.7377481425538,1844590,0.5501469623410138,0
2023-03-09,3011.237060546875,3054.6884491786423,3005.82254630904,3054.6884491786423,1648500,-1.579457138561846,0
2023-03-10,3005.957763671875,3011.5978825619827,2968.9585837527675,2989.623891239265,1024404,-0.17531986917168618,0
2023-03-13,2961.693359375,3040.9709396915605,2952.71433630936,3007.761883532731,1901233,-1.472555763484995,0
2023-03-14,2901.23193359375,2981.9532694589166,2896.2234640568317,2959.9343338825,2670334,-2.0414478625838894,1
2023-03-15,2886.748046875,2942.2018705999863,2880.521443910695,2932.8617458363906,1780522,-0.499232293393681,0
2023-03-16,2874.204345703125,2905.608569116776,2862.4728993941326,2894.959981480573,1901060,-0.43452705148459003,0
2023-03-17,2869.060546875,2907.0522516200167,2837.205114597425,2843.0708376396906,6739966,-0.17896427008798899,0
2023-03-20,2836.573486328125,2860.3520931076205,2793.031772654829,2860.3520931076205,2289468,-1.1323239790899553,0
2023-03-21,2803.003662109375,2848.7110949967246,2795.197605797223,2836.5736038648693,1815297,-1.183463935644602,0
2023-03-22,2825.29345703125,2836.7541342993322,2803.003751733395,2824.616642779389,1123939,0.7952110524572342,0
2023-03-23,2819.743408203125,2839.326076534462,2798.4012872223343,2810.944823053039,1372218,-0.19644149935337252,0
2023-03-24,2815.997802734375,2860.66753234032,2802.912730425563,2841.6264079572147,1329577,-0.1328349756170466,0
2023-03-27,2817.62255859375,2845.1011698701245,2802.913086548761,2829.083234491425,1524217,0.05769734116261027,0
2023-03-28,2811.847412109375,2842.2139451414596,2806.6585026044622,2821.8643516283278,1303530,-0.20496522739572587,0
2023-03-29,2832.602783203125,2842.6197217781473,2801.1987796733742,2823.6689236329594,1740616,0.7381400215518807,0
2023-03-31,2893.064697265625,2899.47195965751,2844.4244061128143,2878.6711597054764,2382581,2.134500270247175,0
2023-04-03,2887.740966796875,2910.256278083939,2864.052466678619,2910.256278083939,1521830,-0.18401698633915275,0
2023-04-05,2923.65673828125,2945.811165900153,2874.6553489199614,2874.6553489199614,2655065,1.243732450290147,0
2023-04-06,2906.420654296875,2939.4944408464216,2901.276910369909,2910.301099826736,1703464,-0.5895385651363383,0
2023-04-10,2944.9541015625,2952.7149931554736,2901.2771097172517,2905.7892047556925,2203187,1.325804205549419,0
2023-04-11,2900.194091796875,2953.572085045166,2880.656589162442,2945.4954794330633,2348779,-1.5198881959442634,0
2023-04-12,2925.32666015625,2942.7433920921726,2886.838575342086,2912.9635630873936,2417727,0.8665822894564856,0
2023-04-13,2877.67919921875,2914.813656593064,2869.692702156639,2896.7652748184937,4174070,-1.6287911222521378,0
2023-04-17,2833.14453125,2854.7122578378658,2770.6520137188445,2828.2715566379666,5505048,-1.547589737620525,0
2023-04-18,2825.248291015625,2848.801515098883,2807.064636248936,2847.086786804494,2617302,-0.27870940388950993,0
2023-04-19,2788.114013671875,2833.59584613262,2771.7801405720834,2825.248469834299,3298034,-1.3143721725923374,0
2023-04-20,2801.830078125,2809.229868601423,2777.645208980141,2788.474235136009,2419999,0.491947760596112,0
2023-04-21,2852.4111328125,2855.6597089636048,2798.2208287767953,2806.523039363576,1929184,1.8052863049192958,0
2023-04-24,2865.0,2870.5497889454005,2821.097181701511,2843.612712906917,1640676,0.4413412583720744,0
2023-04-25,2866.082763671875,2879.7994885025946,2840.3638219953486,2872.3996967152325,2024090,0.0377927983202353,0
2023-04-26,2886.071044921875,2895.3208390571563,2870.5946482272543,2870.5946482272543,2000029,0.6974076779413085,0
2023-04-27,2876.866943359375,2887.0191582964057,2861.255048770553,2874.2048510615423,2434446,-0.3189145873139454,0
2023-04-28,2905.111572265625,2912.330922293776,2884.3559409346913,2888.100890634963,2931312,0.9817843321341835,0
2023-05-02,2905.24755859375,2919.325382723846,2896.7649083596743,2919.325382723846,2321159,0.004680933063738735,0
2023-05-03,2869.601806640625,2902.179217450923,2863.5104789920574,2902.179217450923,2468285,-1.2269437021875995,0
2023-05-04,2906.420654296875,2909.804725343185,2867.8874093796485,2869.827521986016,1953253,1.2830646945874769,0
2023-05-05,2915.445068359375,2927.44728532503,2896.8102038222487,2905.78922896011,1710027,0.31049924067798607,0
2023-05-08,2933.4033203125,2937.2386011027506,2915.9865893662864,2928.349685732607,928235,0.6159694843172137,0
2023-05-09,2962.866943359375,2976.177622538405,2929.2518383140277,2935.2078913616624,1107375,1.004417730178897,0
2023-05-10,2966.07080078125,2983.8484109430083,2947.3456066100516,2968.9584975056696,1559987,0.10813369223534597,0
2023-05-11,2961.87353515625,2986.735215135588,2952.714073208791,2986.103566090431,1719623,-0.14150928642345795,0
2023-05-12,2954.79052734375,2968.9584613481547,2941.8858917917887,2959.1671272317485,1027479,-0.23913944091222827,0
2023-05-15,2937.4189453125,2970.7632825646147,2931.372782209103,2963.5439307236315,1150390,-0.5879124719838091,0
2023-05-16,2940.2158203125,2964.445854004029,2933.267239390887,2938.4561476589306,986306,0.09521539324388595,0
2023-05-17,2895.591552734375,2959.9340659758723,2886.161319057114,2938.2308468250335,1588815,-1.5177208172896028,0
2023-05-18,2887.605224609375,2913.8654825847825,2883.228404788249,2911.1582258666713,1369364,-0.2758098985838786,0
2023-05-19,2908.36083984375,2918.873931901369,2890.492901561237,2896.7646688524947,1152449,0.7187829921308841,0
2023-05-22,2976.809326171875,2985.6079108748772,2903.126907529479,2914.813188789529,1333243,2.3535073568038634,0
2023-05-23,2975.32080078125,3003.205461561012,2969.049032388337,2983.397407291097,1687418,-0.050004055602015374,0
2023-05-24,2981.005859375,2993.5042301988665,2956.324611866416,2956.324611866416,1016555,0.19107380260499074,0
2023-05-25,2972.116943359375,2983.3971807335947,2948.293170151878,2972.5681528543437,1374917,-0.2981851239127975,0
2023-05-26,3004.0625,3012.861085188572,2969.860908265637,2972.1169557498865,1791115,1.0748418467180887,0
2023-05-29,2996.346923828125,3042.9567756365113,2988.8116372799896,3032.84972720672,1210372,-0.2568380708415696,0
2023-05-30,2992.601806640625,3002.3028107703726,2979.201016847023,2991.518947917476,1344224,-0.12498943822950581,0
2023-05-31,2968.50732421875,3002.9796862307608,2946.5333332663195,2986.1044948593535,5815424,-0.8051349286901099,0
2023-06-01,2999.64111328125,3014.0798190010155,2975.727006932889,2990.616922206397,1177314,1.0488028379951553,0
2023-06-02,2983.03564453125,3010.3787576528985,2975.6807991921905,3001.6705044440296,2030661,-0.5535818493911604,0
2023-06-05,2967.965576171875,3002.347826057909,2964.491395428479,2991.518798732182,1861468,-0.5051923662730218,0
2023-06-06,2916.888916015625,2967.920753448757,2906.330658002561,2959.9342573409676,2022849,-1.720931690256644,0
2023-06-07,2955.331787109375,2958.8965182829807,2924.739872252775,2935.568899857537,1567196,1.317940867842915,0
2023-06-08,2920.6337890625,2950.9099891306146,2917.520487724549,2942.7882185183284,1759366,-1.174081306140362,0
2023-06-09,2896.133544921875,2932.86195674756,2892.569033684028,2928.3498614294867,1775689,-0.8388673798261248,0
2023-06-12,2930.063720703125,2936.8318621815274,2897.6669716200145,2901.2766470751626,2324605,1.1715680666985806,0
2023-06-13,2927.176025390625,2946.3975912591977,2922.9347007928154,2941.88549693874,1371928,-0.0985540106891225,0
2023-06-14,2933.80908203125,2938.140736922636,2911.068169247874,2927.1762148240855,1658544,0.22660258840223602,0
2023-06-15,2924.0361328125,2952.3554558246337,2918.3085669348598,2950.4009142583286,2273810,-0.3331146964745124,0
2023-06-16,2886.397705078125,2908.6713974620043,2869.2152311642453,2906.4895735209416,4156189,-1.2872080242788297,0
2023-06-19,2918.671875,2922.7629614182097,2886.488750625675,2900.1257053530403,1468186,1.1181470199028487,0
2023-06-20,2934.39990234375,2938.76377229002,2910.171667991738,2921.9448612962487,1528452,0.5388761744158144,0
2023-06-21,2962.12890625,2965.0380794151984,2930.991187092349,2954.674080653028,1645987,0.9449633597691465,0
2023-06-22,2944.218994140625,2970.7200582622286,2936.5823870603735,2963.7652990268452,1529603,-0.6046297334186157,0
2023-06-23,2924.081787109375,2954.1283706652703,2917.5358703597485,2943.128025485959,1119505,-0.6839575137354115,0
2023-06-26,2899.8076171875,2921.8540288219324,2884.670685198081,2913.762857251765,1978803,-0.830146749960492,0
2023-06-27,2906.80810546875,2917.9902315635795,2893.1256488765357,2911.035472947951,863542,0.24141216264683685,0
2023-06-28,2923.263427734375,2937.354949548723,2903.2170571492807,2916.490450350226,1575872,0.5660959261351461,0
2023-06-30,3002.17578125,3009.2215416572035,2922.036027465169,2927.3998078961313,2672406,2.6994609095761346,0
2023-07-03,2974.947265625,3017.221826572155,2971.719808516399,3013.130740028882,1687264,-0.9069594057434904,0
2023-07-04,3008.176025390625,3013.7670882199945,2979.4929186666623,2991.0388296361334,1656681,1.1169529002943213,0
2023-07-05,3018.267822265625,3026.4954978539936,3004.676365397251,3018.313323182715,1453008,0.33547893440475374,0
2023-07-06,3020.949462890625,3025.9951812448,3001.9487253976645,3006.085313308048,1848238,0.08884700705542592,0
2023-07-07,3026.722412109375,3051.859779118901,3001.948608480936,3001.948608480936,1789326,0.19109717953460503,0
2023-07-10,2974.629150390625,3022.6312796193856,2968.4925202267236,3022.6312796193856,1407431,-1.7211113087323149,0
2023-07-11,2975.038818359375,2995.585258229973,2964.4930368149035,2995.585258229973,1110172,0.013772068652539993,0
2023-07-12,2963.674072265625,2990.266136197233,2954.764772000077,2982.811311383607,1515240,-0.3820032876081014,0
2023-07-13,3036.9951171875,3061.450632260369,2975.356041518413,2985.5837568853312,4585146,2.4739915096609666,0
2023-07-14,3195.274658203125,3204.547964647963,3047.4047065554155,3059.223400226424,6306101,5.211715360352787,0
2023-07-17,3174.410400390625,3227.3217423976093,3161.0917295383088,3191.0475301955958,2743228,-0.6529722807689153,0
2023-07-18,3179.0927734375,3203.775575367843,3150.1368810015824,3160.1373155444444,2600090,0.14750370797358414,0
2023-07-19,3154.72802734375,3197.275374973218,3132.545112140107,3181.9564387643286,2405370,-0.7664056329946267,0
2023-07-20,3156.779052734375,3170.9982338938335,3131.940826772371,3147.4818530276434,1715404,0.06501433318015781,0
2023-07-21,3070.18701171875,3130.892412746542,3061.755687476042,3102.772940548675,3770223,-2.7430504184516757,1
2023-07-24,3094.2958984375,3111.3408007755556,3073.650637395516,3081.7628492870426,1680132,0.7852579216421463,0
2023-07-25,3098.306396484375,3105.279462829651,3081.0336204622276,3096.802519593953,1272980,0.12960939026225304,0
2023-07-26,3088.41650390625,3118.085690977951,3085.4085278953876,3099.4000558754824,1066803,-0.3192031811103946,0
2023-07-27,3096.255126953125,3109.6996688694317,3085.454052221402,3094.4777574436316,1701769,0.25380718685321657,0
2023-07-28,3058.428466796875,3093.3387496319633,3036.1880906607657,3085.408792220562,2599831,-1.2216906748725664,0
2023-07-31,3118.63232421875,3123.37205037006,3063.4412963787145,3066.6315266292045,2743678,1.9684572673666967,0
2023-08-01,3146.5244140625,3153.770750326194,3112.753500683223,3112.753500683223,1956167,0.89436929217801,0
2023-08-02,3136.1337890625,3141.374882983397,3111.478038295698,3130.938314377922,1914899,-0.3302254688875794,0
2023-08-03,3099.035400390625,3129.3882090010948,3069.913198256954,3117.3109079687597,2026351,-1.1829338659357758,0
2023-08-04,3138.77685546875,3163.7973343932103,3100.220594527487,3100.220594527487,2248493,1.2823814491798258,0
2023-08-07,3175.692138671875,3179.2924970791487,3136.6801334786755,3148.2560679609046,1853889,1.1761040973271797,0
2023-08-08,3163.43310546875,3181.070391665635,3150.6721816427894,3175.692662780692,1634225,-0.3860271294512829,0
2023-08-09,3156.0498046875,3160.1515300654332,3121.9143791043803,3158.2373025425936,1794589,-0.23339519234613082,0
2023-08-10,3137.455078125,3158.236973179639,3126.471525696296,3144.6557951355153,1096701,-0.5891772219463132,0
2023-08-11,3143.5625,3159.832544464097,3111.8424446342406,3133.809552661935,1679974,0.19466165165462623,0
2023-08-14,3144.51904296875,3149.213150112812,3109.107396536846,3136.1787356940604,1190425,0.03042862894406806,0
2023-08-16,3152.3125,3159.2399472355787,3131.1658720380547,3144.6560351883286,1328445,0.2478425770286341,0
2023-08-17,3131.6669921875,3154.499972197025,3111.112748256115,3149.2132599891765,1843241,-0.6549321430695754,0
2023-08-18,3069.09326171875,3108.1962872876197,3059.431330874163,3108.1962872876197,2526749,-1.9980965608684231,0
2023-08-21,3100.584716796875,3107.967910164372,3073.558997895524,3076.293480989737,1375579,1.0260833540290948,0
2023-08-22,3082.810791015625,3109.1074942796968,3067.224369814653,3099.081055570498,1222012,-0.573244320174926,0
2023-08-23,3097.486083984375,3100.9041882483175,3077.2053320183186,3088.143265662933,1330046,0.4760361229926513,0
2023-08-24,3087.9150390625,3110.975891033685,3079.1192074418814,3106.372799977861,1152881,-0.3089939603397207,0
2023-08-25,3082.035888671875,3086.1376132448922,3053.7339446114943,3076.2934297630904,1158046,-0.190392232825487,0
2023-08-28,3076.794921875,3093.6119488049294,3062.7123781054756,3093.6119488049294,1037485,-0.17004885686563442,0
2023-08-29,3077.341796875,3089.555955621917,3067.1787231057706,3081.8082530524075,944517,0.01777417780144397,0
2023-08-30,3090.831787109375,3106.4640490627457,3083.631070604938,3097.25786691958,1188200,0.4383650281575502,0
2023-08-31,3059.70458984375,3114.941019553153,3047.7183044022304,3099.9925997056025,3417652,-1.0070815692864277,0
2023-09-01,3080.1220703125,3089.054760630272,3059.704683185733,3068.090387808054,1277950,0.6673023446944093,0
2023-09-04,3115.943359375,3129.0233919911693,3071.7815037026157,3079.02783910158,1828332,1.1629827729154218,0
2023-09-05,3125.83349609375,3141.9212836855104,3103.775152977507,3117.310934204945,1501842,0.3174042521983944,0
2023-09-06,3126.334716796875,3139.095639063221,3097.349371389577,3130.071933045149,1314818,0.01603478572198558,0
2023-09-07,3149.44140625,3153.771005173287,3119.4077066466084,3127.155409983017,1885092,0.7390983866500056,0
2023-09-08,3137.273193359375,3158.3288077575708,3131.0295888320106,3149.4417353547897,1518917,-0.386360986633294,0
2023-09-11,3172.593017578125,3177.1961089834826,3140.098329969077,3155.5937353709564,1783604,1.1258128330523087,0
2023-09-12,3263.879150390625,3272.1736158051285,3174.7349547012377,3182.9384041965895,4476016,2.8773351106403666,0
2023-09-13,3252.07568359375,3271.2170677568156,3231.247945622234,3255.0380406666054,1754929,-0.36163921067550175,0
2023-09-14,3244.965576171875,3279.2832501865755,3231.7945270329637,3254.0805198711637,2604721,-0.21863290137263958,0
2023-09-15,3279.830810546875,3288.079880546778,3247.153642645778,3252.075846625595,2952897,1.0744408085872736,0
2023-09-18,3286.9853515625,3298.9716361140518,3258.820264386671,3263.1954818934582,1395753,0.21813750247781094,0
2023-09-20,3286.89453125,3304.167306178493,3263.1500568604156,3263.1500568604156,1649396,-0.002763027600860557,0
2023-09-21,3267.9814453125,3285.93784338978,3215.752763239707,3270.9438025915615,2004073,-0.5754089690948261,0
2023-09-22,3284.70703125,3312.143104423616,3249.523477440977,3266.7962535271386,1989083,0.5118017411479103,0
2023-09-25,3260.552490234375,3299.6101189147753,3243.6898418366063,3283.658965024994,1238778,-0.7353636347419701,0
2023-09-26,3268.345703125,3276.7770270409974,3223.0444721045315,3251.847786603666,1726062,0.23901510293014017,0
2023-09-27,3271.627197265625,3294.141066523065,3241.0008935775677,3272.2651988981193,1541134,0.10040229641214982,0
2023-09-28,3223.728515625,3283.932778257544,3215.160555427181,3281.380548879621,1755753,-1.464062949490641,0
2023-09-29,3216.299560546875,3252.6224826131343,3195.289567953573,3224.138279675587,2243791,-0.2304460515864748,0
2023-10-03,3202.85498046875,3221.403759691803,3172.0920416447743,3221.403759691803,1948148,-0.41801392640923307,0
2023-10-04,3224.638916015625,3233.981732463695,3169.539130835759,3177.742579424308,1788138,0.680141176535165,0
2023-10-05,3271.67236328125,3303.255553776505,3236.898719999821,3239.450948709078,2990768,1.458564772385107,0
2023-10-06,3300.885986328125,3313.2367809094894,3258.638351141779,3273.176643439127,2075691,0.8929263019960887,0
2023-10-09,3316.336181640625,3353.3883449301275,3309.636607893801,3322.443150428711,4233074,0.46806207110736686,0
2023-10-10,3307.7216796875,3325.1313103750044,3282.610188963508,3317.8849749699734,1848148,-0.2597596106454825,0
2023-10-11,3290.40380859375,3326.954825968897,3285.937574689828,3326.954825968897,2426417,-0.5235588955412429,0
2023-10-12,3229.0146484375,3271.0344082830998,3224.9585427168286,3258.592598284596,4241281,-1.8657029266716751,0
2023-10-13,3254.81005859375,3260.4156604701616,3213.0179488837907,3217.575421151711,2890357,0.7988632126129325,0
2023-10-16,3212.152099609375,3258.2735858136334,3207.6402465342494,3250.3892477395666,1671104,-1.310612853482629,0
2023-10-17,3196.656982421875,3221.3583510243216,3193.2844971184086,3217.575737682961,1672065,-0.4823905190972866,0
2023-10-18,3178.609130859375,3210.9215657245095,3175.6467737942685,3200.2571247966926,1408245,-0.5645851795092027,0
2023-10-19,3157.9560546875,3177.3299169246034,3154.529105910934,3170.613008079076,1514545,-0.6497519928249651,0
2023-10-20,3193.504638671875,3198.028165823499,3147.355068054905,3153.1578999999892,1481211,1.1256833017549095,0
2023-10-23,3116.37548828125,3179.2486146541296,3108.288023694424,3173.811234327899,1106272,-2.415188299920612,1
2023-10-25,3098.052978515625,3129.9463572629693,3086.2641415822154,3098.418430452583,1518537,-0.5879429431570271,0
2023-10-26,3049.298583984375,3083.065403130757,3043.1300770713924,3077.9022236248165,1984471,-1.5737108070569494,0
2023-10-27,3062.275146484375,3072.3732650438515,3049.5269439177077,3061.4070309033023,1108851,0.42555893241009723,0
2023-10-30,3087.497802734375,3091.427414880595,3046.5571476248833,3061.407257455826,910972,0.8236574129844909,0
2023-10-31,3078.542236328125,3106.1862890625,3061.4532301686027,3106.1862890625,999811,-0.2900590373965173,0
2023-11-01,3043.72412109375,3081.14657643751,3025.767000563393,3065.9765288100825,1563475,-1.130993585974105,0
2023-11-02,3070.6376953125,3085.122132161333,3055.1934450392946,3055.1934450392946,1245384,0.8842317223243912,0
2023-11-03,3062.230224609375,3096.0427888794384,3056.198928091265,3090.6511449014615,1402598,-0.27380210683791706,0
2023-11-06,3089.051513671875,3100.063486624272,3069.6321379850096,3084.2537855610026,1099852,0.8758743495819843,0
2023-11-07,3080.095458984375,3110.892257060667,3076.028858205322,3086.9950929939328,1191144,-0.28992895223214354,0
2023-11-08,3090.2392578125,3108.8817673622384,3079.273023228274,3081.009254460664,992899,0.32933391069216444,0
2023-11-09,3059.0771484375,3099.3324172908847,3054.14243153224,3098.0531123476367,2112352,-1.0084044235804224,0
2023-11-10,3046.282958984375,3059.076899811592,3036.139325479398,3050.441034374945,1338557,-0.41823690061756347,0
2023-11-13,3044.547119140625,3066.890781193562,3040.389043215429,3066.890781193562,1030990,-0.05698222611364434,0
2023-11-15,3111.029541015625,3118.9800168000415,3066.936137613749,3091.6559037281313,2059802,2.183655541313012,0
2023-11-16,3196.5205078125,3225.3068746335257,3120.0765776114918,3134.5612355569488,3951984,2.7479959823514033,0
2023-11-17,3200.724365234375,3220.8748683172735,3191.6773098626118,3196.5207753389523,2021292,0.13151354454321584,0
2023-11-20,3216.39697265625,3229.4648915192706,3190.489151953326,3190.489151953326,1475621,0.48965814089172444,0
2023-11-21,3207.806640625,3234.171387970376,3199.39923794906,3216.396992381275,1807236,-0.26707934699228275,0
2023-11-22,3226.037841796875,3228.3224741290987,3181.2135339255397,3198.485265113703,1798051,0.5683385320357948,0
2023-11-23,3206.024658203125,3238.694901638103,3198.485371256592,3225.9009601530765,2729804,-0.6203641920890401,0
2023-11-24,3159.281005859375,3202.6432821116277,3155.5341196594813,3193.230552452981,1989733,-1.4579941618399261,0
2023-11-28,3171.206787109375,3181.350644295862,3137.2572385975423,3159.28118436596,1689195,0.37748402968529327,0
2023-11-29,3211.05078125,3214.934656261117,3176.37010665481,3181.122097340804,1441634,1.2564300222422276,0
2023-11-30,3187.1533203125,3213.7005673797357,3181.121802199618,3197.9823428265554,3266235,-0.7442255686843202,0
2023-12-01,3209.1318359375,3213.975301516175,3189.3927447706055,3198.4855376057844,1172141,0.6895970609548607,0
2023-12-04,3209.863037109375,3242.1678310288294,3196.6579054208332,3239.2890601133026,1625213,0.022785015052573243,0
2023-12-05,3227.36328125,3233.21185109275,3201.0442707403495,3233.21185109275,1377656,0.5452022076426255,0
2023-12-06,3293.617431640625,3301.613644771774,3221.468564387526,3228.276947197519,1896572,2.052887903123324,0
2023-12-07,3303.48681640625,3317.788748405097,3282.2854733793333,3294.4397617823906,1967653,0.2996518257042613,0
2023-12-08,3314.269775390625,3330.993325597647,3291.7433939959296,3320.0270924269553,1641155,0.32641144292822055,0
2023-12-11,3329.074462890625,3338.304465932567,3303.5780575817766,3310.797405863893,1102503,0.4466953055520362,0
2023-12-12,3355.760009765625,3379.7941674649996,3318.2005586492637,3325.4656460686388,2236866,0.8015905673623536,0
2023-12-13,3283.976318359375,3335.5632728478577,3256.058066070388,3329.6689659326335,3850968,-2.139118745004165,1
2023-12-14,3351.326904296875,3361.150822552023,3315.0927276038888,3317.285885226711,3290396,2.050885250328105,0
2023-12-15,3528.386474609375,3560.3255927142964,3350.824789993706,3350.824789993706,8531230,5.283267653939827,0
2023-12-18,3526.7412109375,3590.5281905815186,3500.1937384877283,3525.736106571666,2521612,-0.04662934980945721,0
2023-12-19,3487.446044921875,3522.995063248904,3463.5031390834524,3513.7650579883575,2004435,-1.1142061088508237,0
2023-12-20,3454.409912109375,3562.929950670811,3442.0728971992326,3497.543727025331,2586083,-0.9472872809202171,0
2023-12-21,3461.218017578125,3478.763949441548,3420.871499435154,3432.660113142662,1517562,0.1970844700533103,0
2023-12-22,3494.57373046875,3514.632758384625,3437.9148467634514,3472.6412593570217,2413058,0.9636986956968574,0
2023-12-26,3468.574462890625,3503.71206271633,3463.6395233033168,3490.78113326196,1285231,-0.7439896703692495,0
2023-12-27,3482.876220703125,3489.2731911736523,3443.3978189924524,3471.727259647645,1293976,0.4123237936942248,0
2023-12-28,3472.5498046875,3507.3676920200533,3465.4219300223085,3494.5737504650037,1682889,-0.29649104249649394,0
2023-12-29,3466.609619140625,3493.2943032121766,3441.0217370731516,3465.3303142807017,1574996,-0.1710612051944227,0
2024-01-01,3482.784912109375,3501.884348671573,3447.9670270192705,3463.5025264784085,825907,0.46660266790465865,0
2024-01-02,3457.288818359375,3482.7854523506976,3442.71290681581,3482.7854523506976,1344068,-0.7320605318276163,0
2024-01-03,3373.716796875,3446.9165110740164,3369.421732416939,3442.4842348014154,1803075,-2.417270464665233,1
2024-01-04,3350.91650390625,3398.619589854675,3336.4775806828225,3382.8556242926975,3598144,-0.6758211889589916,0
2024-01-05,3415.890869140625,3424.8924099852666,3358.2726188503784,3358.409607550091,1963127,1.9390028118764668,0
2024-01-08,3361.425048828125,3417.581262942363,3356.033183042012,3415.8905458931986,1067805,-1.5944836178622634,0
2024-01-09,3372.02587890625,3429.09617357813,3365.4919196193155,3390.3486750012953,1370944,0.31536714114213105,0
2024-01-10,3393.181640625,3407.9860133570014,3370.2895802803837,3372.1172861265227,1292227,0.6273902537667464,0
2024-01-11,3413.743408203125,3447.9671563203865,3387.6528620407294,3403.188362082459,1777909,0.6059730882646663,0
2024-01-12,3548.30810546875,3568.824058571868,3492.3803522837784,3516.505979741258,6813450,3.9418515446201896,0
2024-01-15,3567.4990234375,3623.4267767315314,3550.3185441619166,3618.85751219593,2801505,0.5408470008332333,0
2024-01-16,3528.66064453125,3563.1128581170137,3523.4059897648553,3563.1128581170137,1432672,-1.088672446750294,0
2024-01-17,3549.952880859375,3573.11891681027,3484.1097382002936,3490.0040444785163,3458696,0.6034084451029376,0
2024-01-18,3566.402587890625,3572.0684315207345,3529.300069127091,3562.1987751054894,2239110,0.4633781794666447,0
2024-01-19,3628.471435546875,3647.3359347309056,3602.705290319906,3630.2658185854475,2941975,1.7403769239905387,0
2024-01-23,3550.437255859375,3620.0517784235876,3536.1738521230127,3588.8564239879643,2618854,-2.150607523681358,1
2024-01-24,3535.299072265625,3573.8101208438484,3501.98717363284,3570.451409769425,2657709,-0.42637518995067847,0
2024-01-25,3506.3125,3552.9675849710666,3477.233473153438,3533.550863134138,2205154,-0.8199185322968705,0
2024-01-29,3497.754150390625,3515.2383200453005,3479.211818227295,3497.570151432114,1646747,-0.24408405153205637,0
2024-01-30,3497.34033203125,3540.8207042314343,3484.871312637016,3503.6897568365657,1411621,-0.011830973292636937,0
2024-01-31,3511.511474609375,3528.12148113154,3493.5671947757637,3507.140432085803,2459358,0.4051976997587303,0
2024-02-01,3546.66357421875,3593.364709605868,3501.4809356666156,3515.2381710106256,2363107,1.001053246260164,0
2024-02-02,3649.866455078125,3666.522292350957,3563.089715877142,3565.896430136547,2826510,2.909858200523252,0
2024-02-05,3656.30810546875,3701.1227492201515,3646.0016922235036,3665.2341894937504,1691523,0.1764900297013039,0
2024-02-06,3806.027587890625,3818.818548187844,3671.675550213635,3678.1170862666413,4474396,4.09482675155135,0
2024-02-07,3757.62451171875,3823.512322961572,3748.928481692986,3821.6718838169454,2124267,-1.2717479065542214,0
2024-02-08,3804.279296875,3826.272451742055,3760.062707616723,3763.697529491343,2345173,1.2416031727158883,0
2024-02-09,3803.911376953125,3850.888400846203,3772.8998012950433,3806.533642964029,2100596,-0.009671212157769116,0
2024-02-12,3791.948486328125,3827.7449332471438,3778.006802130109,3800.5063475256047,1013716,-0.31448920438788,0
2024-02-13,3818.450927734375,3837.3154280400877,3755.8759998910355,3796.3198278378054,1257415,0.6989135401444635,0
2024-02-14,3772.9921875,3786.611256823303,3726.4289893837145,3779.3416123963243,1391283,-1.1905021458884502,0
2024-02-15,3775.8447265625,3815.505826442883,3757.2561134518432,3798.665989794075,1091582,0.07560416032534878,0
2024-02-16,3798.942626953125,3817.025302658225,3772.9927022439347,3785.0935008577417,1307556,0.6117280254702928,0
2024-02-19,3776.396484375,3798.941861408623,3731.489953932272,3794.110709187132,772291,-0.5934846822419071,0
2024-02-20,3709.08251953125,3771.059390745061,3690.0800773274027,3756.427991026826,1193648,-1.7824919899768088,0
2024-02-21,3673.05615234375,3739.174013609637,3663.0258496095253,3692.840871691211,1885939,-0.9713013123270442,0
2024-02-22,3761.029296875,3768.2528853223134,3654.1917205441428,3654.1917205441428,2982052,2.395093918591873,0
2024-02-23,3728.821533203125,3800.5065425299695,3723.5761023123614,3800.5065425299695,2538072,-0.856355032879863,0
2024-02-26,3681.844482421875,3726.889184546952,3665.0044196924378,3714.0061108225923,1379284,-1.2598363950364733,0
2024-02-27,3776.94873046875,3794.985122078048,3679.957687485479,3679.957687485479,2960475,2.583059890251427,0
2024-02-28,3790.338134765625,3823.4197548467,3762.7773821335977,3768.850920451233,1939225,0.3545032048982266,0
2024-02-29,3768.39111328125,3807.9605533454464,3740.2783615123485,3771.97987960793,3772719,-0.5790254247522997,0
2024-03-01,3767.70068359375,3809.708612609149,3760.752981650241,3779.5255936695676,2043265,-0.01832160374931613,0
2024-03-04,3755.13916015625,3789.3712759875775,3750.722062221868,3777.5005359104257,1749271,-0.33340024838487414,0
2024-03-05,3692.012451171875,3739.7717495452293,3662.473317714078,3737.9313106921068,2070859,-1.6810750891519066,0
2024-03-06,3740.048095703125,3747.1337408010263,3642.642773405773,3675.4026769184316,1744204,1.3010694077156604,0
2024-03-07,3780.81396484375,3794.985255418292,3715.5702668526733,3740.6923043829674,2688905,1.0899824841145822,0
2024-03-11,3793.467041015625,3821.671679534189,3762.77763005425,3762.77763005425,2304068,0.3346653998194782,0
2024-03-12,3857.7900390625,3892.482492505704,3792.270233646347,3793.4667885423355,4039801,1.69562559398575,0
2024-03-13,3817.990234375,3902.650417928266,3802.2543930015554,3869.5225200161185,2837260,-1.0316736858279607,0
2024-03-14,3871.915283203125,3887.9270110877537,3760.0165129714937,3822.0854919676153,2919608,1.4123935766680251,0
2024-03-15,3882.635986328125,3900.8103208022567,3843.7567138454883,3858.1122273965675,3373143,0.276883721384813,0
2024-03-18,3821.211181640625,3915.3036183228055,3789.3256682682727,3878.9549508514497,1526904,-1.5820387206988862,0
2024-03-19,3659.98876953125,3734.2504323086932,3650.1424666014186,3728.0389511805306,8931209,-4.219144256773443,1
2024-03-20,3654.099365234375,3697.441791681991,3644.2530619412323,3667.994768950826,1817913,-0.16091317945845507,0
2024-03-21,3655.986083984375,3688.6078209191865,3633.0266519750294,3671.7219275853204,3829582,0.05163293499761412,0
2024-03-22,3598.886962890625,3623.825005434156,3547.446773983919,3586.095999537051,5852485,-1.5617980972050693,0
2024-03-26,3568.151123046875,3631.8302677248153,3562.5837501208753,3565.850574289269,3440925,-0.854037377685879,0
2024-03-27,3534.47119140625,3584.255159090906,3523.8886665462896,3578.2737319961457,1968575,-0.9439042932650632,0
2024-03-28,3567.047119140625,3602.6595711179307,3534.103214017475,3542.9374116432614,4311783,0.9216634107410693,0
2024-04-01,3604.27001953125,3619.499698426505,3577.8597626675746,3586.7397916990376,1569676,1.043521409932846,0
2024-04-02,3573.9482421875,3597.920003104046,3564.0098274803727,3579.653557681035,2142666,-0.8412737441822804,0
2024-04-03,3632.382080078125,3663.3934289044114,3543.7649069859053,3543.7649069859053,3973090,1.6349939599253904,0
2024-04-04,3683.914794921875,3707.2422246114506,3621.293812578453,3658.7006456486115,3394637,1.4187030358502772,0
2024-04-05,3661.782958984375,3682.717949828603,3644.5288456512203,3660.632684762165,1636819,-0.6007694848970901,0
2024-04-08,3655.6181640625,3710.923223399392,3644.069363948704,3665.2344132847697,2302538,-0.16835500604287512,0
2024-04-09,3631.69189453125,3695.4631434716894,3611.907177559117,3666.1540659059356,1876992,-0.6545068017897337,0
2024-04-10,3666.752197265625,3671.8594599447097,3605.419663202159,3640.7559988262524,2101965,0.9653986007780668,0
2024-04-12,3682.166015625,3693.162817777665,3630.725838259486,3654.1914342233986,4354821,0.42036705864305635,0
2024-04-15,3626.7685546875,3739.9555377772367,3606.3857854027738,3682.1657161126545,4200329,-1.5044802624983533,0
2024-04-16,3563.825439453125,3615.265609749519,3554.6693021208157,3590.695798755203,3051420,-1.7355150814082898,0
2024-04-18,3553.88720703125,3621.9834404129983,3542.844574590966,3567.5064986401862,3476284,-0.27886417532840824,0
2024-04-19,3520.943603515625,3545.191475811575,3497.6620065717075,3531.8022379238537,2957749,-0.9269738063281019,0
2024-04-22,3556.280029296875,3568.6108795518617,3507.8763983629956,3530.8818836618084,1728883,1.0036066963971413,0
2024-04-23,3565.57421875,3584.254718312047,3552.599259445536,3567.7368242988855,1807586,0.2613458270034563,0
2024-04-24,3525.40673828125,3587.015384991863,3519.3332000987416,3579.6536294557072,1317312,-1.1265360922099066,0
2024-04-25,3544.869384765625,3564.6080473941747,3506.9563876693583,3507.1403866301107,2856271,0.5520681138160954,0
2024-04-26,3516.480712890625,3567.5068368634634,3499.1805421614235,3547.583950815871,2039178,-0.8008383044239342,0
2024-04-29,3561.433349609375,3568.42710744999,3514.502156616341,3531.8023275934233,1110693,1.2783416258751013,0
2024-04-30,3515.83642578125,3572.0619252249066,3506.036178297648,3563.089785398555,2203078,-1.2802969858505486,0
2024-05-02,3555.08349609375,3562.261252029638,3476.6347957050957,3476.6347957050957,2491044,1.1162939784315817,0
2024-05-03,3536.771484375,3582.966682325397,3494.625611625741,3579.7917453667596,2962234,-0.5150937168949987,0
2024-05-06,3608.2265625,3625.6186204477826,3545.605583246127,3545.605583246127,2053831,2.020347609131079,0
2024-05-07,3661.507080078125,3669.8351109068294,3601.278762922236,3617.198604098228,2062112,1.4766400239903277,0
2024-05-08,3659.667236328125,3666.4309401480496,3624.376950015178,3644.9897788691637,1247685,-0.05024826416450967,0
2024-05-09,3644.253173828125,3654.191589237616,3598.1042563399305,3645.9096138402,1726486,-0.42118754259924396,0
2024-05-10,3583.24267578125,3656.5843507790987,3575.098867879944,3646.4619361248674,1672489,-1.67415640837012,0
2024-05-13,3632.8427734375,3639.4683092448704,3561.2496477313903,3574.5928311660427,931326,1.3842237923624712,0
2024-05-14,3589.960205078125,3631.0020839186186,3582.322338430397,3621.983888045264,1058317,-1.180413550317183,0
2024-05-15,3570.8193359375,3613.655594732349,3566.3103506592815,3592.996713752849,1115021,-0.5331777525987458,0
2024-05-16,3615.82080078125,3623.745907431527,3562.569994938758,3606.6908950730917,2599399,1.2602559975758432,0
2024-05-17,3553.857421875,3633.4787144096645,3550.0570092318917,3632.551806574356,2765804,-1.7136739434891801,0
2024-05-21,3540.973388671875,3563.7290220685823,3531.565364339062,3550.6133662673315,1908117,-0.36253658134454136,0
2024-05-22,3551.910888671875,3560.4847863024115,3538.517115470372,3554.691612227725,1311168,0.30888399316952864,0
2024-05-23,3608.86865234375,3619.5744812799394,3545.88532090561,3560.205999266363,2095742,1.6035808739889967,0
2024-05-24,3568.131591796875,3599.924574735908,3563.3117164748414,3594.7801911641072,1309452,-1.1288041896570178,0
2024-05-27,3565.860595703125,3622.6800874842297,3560.5772666527496,3573.2294672441094,1841538,-0.06364664630000849,0
2024-05-28,3559.2333984375,3587.1334155210093,3550.057101148699,3576.0105212093163,1801993,-0.1858512717409888,0
2024-05-29,3525.632568359375,3567.5751439944142,3522.2494455944416,3567.5751439944142,1568095,-0.9440468302212457,0
2024-05-30,3463.020263671875,3517.058806463482,3443.8794821472993,3500.9307015339277,2919230,-1.775916902101804,0
2024-05-31,3402.6318359375,3475.718599887057,3386.689068476094,3466.6348590080306,10956800,-1.7438080962987046,0
2024-06-03,3432.20068359375,3477.3410487975398,3425.8512745605985,3459.961527315394,2156773,0.8689993241100424,0
2024-06-04,3443.46240234375,3471.269635740873,3328.989291525593,3429.5587856451884,3395997,0.3281194716798552,0
2024-06-05,3472.61376953125,3507.2338672517226,3429.5589463958036,3444.389471569407,2799670,0.8465713802380481,0
2024-06-06,3550.427734375,3559.2333589407076,3468.025717115301,3504.638577151665,4328036,2.2407895034711522,0
2024-06-07,3609.33251953125,3628.8439736397468,3556.8232840964106,3556.8232840964106,4552445,1.6590898213738603,0
2024-06-10,3576.658935546875,3620.4089366489284,3561.08683988795,3610.3057325626605,1734661,-0.9052528080349398,0
2024-06-11,3570.541259765625,3596.355503563825,3560.252493725204,3563.9601245439753,1419898,-0.1710444269776179,0
2024-06-12,3551.586181640625,3608.9155195936296,3547.693214139478,3591.211490093849,2177001,-0.5308740817139945,0
2024-06-13,3594.6875,3605.6714482720763,3570.4489508339425,3574.898153664247,1932323,1.2135794024140667,0
2024-06-14,3551.95703125,3604.7443844726295,3548.2030094526167,3604.7443844726295,1860730,-1.1887116404416198,0
2024-06-18,3536.245849609375,3561.1795775806077,3517.6613039518497,3546.3954442186373,1774045,-0.44232465377250785,0
2024-06-19,3523.8251953125,3553.6254156533255,3515.7147523909116,3547.8784064893566,1509050,-0.35123842699588126,0
2024-06-20,3510.431396484375,3531.4721572718627,3503.757705904956,3518.5418393437685,2846526,-0.3800926006755856,0
2024-06-21,3532.213623046875,3594.3628314432963,3520.4419401652044,3547.275873620781,4642195,0.6204999928018706,0
2024-06-24,3537.821533203125,3575.0831793648726,3514.185385660008,3530.359880582307,1702154,0.15876475079705799,0
2024-06-25,3557.88916015625,3566.41666656242,3515.668465075754,3538.007033326123,1338808,0.5672311835061894,0
2024-06-26,3574.017333984375,3584.3058742192884,3560.252663395376,3563.496840516408,1639845,0.4533073713689495,0
2024-06-27,3646.593994140625,3653.870310416638,3539.0265319698215,3550.983551295317,4526556,2.0306745427935757,0
2024-06-28,3618.787353515625,3670.5552497661556,3612.9480148367857,3631.439782010145,2731571,-0.7625373340075625,0
2024-07-01,3687.42431640625,3709.2066482395257,3600.109652784797,3600.109652784797,2658723,1.8966840597567813,0
2024-07-02,3723.759521484375,3729.320968607394,3691.456918555691,3701.699295599757,2307449,0.9853817179775293,0
2024-07-03,3675.42138671875,3731.8238204391223,3665.9205811670527,3726.1695919826934,1821198,-1.298100333459673,0
2024-07-04,3727.0498046875,3751.5203059355035,3691.039573096493,3707.4921862442698,2518001,1.404693844229965,0
2024-07-05,3718.56884765625,3732.4260743437953,3696.508396221036,3716.900368316538,1668616,-0.22755148108253298,0
2024-07-08,3701.328369140625,3736.597257975855,3687.2858057778326,3728.023360391662,1758882,-0.46363209132167515,0
2024-07-09,3694.190673828125,3714.072798924903,3684.5509241738773,3693.727219973674,1305801,-0.19284145043735323,0
2024-07-10,3623.421875,3710.6903883157474,3616.7945741280314,3692.5229032169505,2669716,-1.9156780219682146,0
2024-07-11,3636.908203125,3689.0931591530957,3610.8622289094983,3643.674675535382,4872189,0.37219867269802087,0
2024-07-12,3878.13623046875,3892.966755879167,3681.0291429084155,3689.0931958411575,13509164,6.632777454665351,0
2024-07-15,3864.464599609375,3930.089497924817,3853.202306545461,3926.103974989564,4848030,-0.3525309593810366,0
2024-07-16,3873.038330078125,3887.961184556231,3841.9402998086507,3867.0595933422346,2029521,0.22186075839889519,0
2024-07-18,4000.1162109375,4008.8756694484405,3855.9359040243958,3855.9359040243958,5613364,3.2810901940340864,0
2024-07-19,3997.190185546875,4049.5428404415234,3981.2568871814256,4011.1260943754664,3903354,-0.07314850960140618,0
2024-07-22,3983.207763671875,4013.4952277518023,3962.4431700475134,3994.914017106796,1896386,-0.3498062695529991,0
2024-07-23,3997.144287109375,4052.2841289170647,3963.651377579033,3979.1668723137213,2365208,0.3498819108710638,0
2024-07-24,4000.766845703125,4031.2865743722073,3965.323277758002,3983.3469610338807,1809793,0.09062866720705998,0
2024-07-25,4015.8642578125,4034.909999231854,3970.990814364529,3990.315092493855,2810342,0.37736295794366104,0
2024-07-26,4076.57861328125,4108.724200524135,4029.3820629762513,4041.4135791114427,3552210,1.5118627416411234,0
2024-07-29,4070.3076171875,4116.66765190009,4060.924014095079,4101.8026818187545,1746803,-0.15382988257161,0
2024-07-30,4055.675048828125,4086.008788693186,4020.3240184773604,4079.598360858332,1797906,-0.3594953928687583,0
2024-07-31,4074.25634765625,4100.87384543508,4036.7686584538783,4041.4139618583135,2330091,0.4581555130629633,0
2024-08-01,4085.173095703125,4105.797972072188,4055.396426617259,4087.309753961088,2202244,0.26794455516170324,0
2024-08-02,3979.212890625,4086.0085899107653,3967.0888310411474,4055.3495895771916,2811282,-2.5937751619283023,1
2024-08-05,3860.29345703125,3938.2882837877764,3818.90398455052,3938.2882837877764,2787771,-2.9885164946545917,1
2024-08-06,3875.297607421875,3956.172148090316,3865.6350146384816,3875.0653422807904,2203067,0.38867900996739646,0
2024-08-07,3902.472412109375,3943.8156049253885,3883.7514798638163,3928.0678477776632,1237666,0.7012314263414421,0
2024-08-08,3876.552001953125,3931.7848414500368,3864.892471746728,3884.4027462435265,2441283,-0.6642048275810719,0
2024-08-09,3928.765380859375,3951.898901241262,3907.2109914599246,3917.8489177851575,1302536,1.3469025794041523,0
2024-08-12,3898.01318359375,3938.288053067427,3889.3731010986708,3929.926507307199,936912,-0.7827445592818338,0
2024-08-13,3899.22119140625,3933.642706280625,3886.2606141643496,3914.1324330562766,1495593,0.030990347020476428,0
2024-08-14,3990.54833984375,4000.7217369045175,3891.045838965046,3910.416847075803,3226545,2.342189477190515,0
2024-08-16,4102.77783203125,4112.951226936545,4018.280043659057,4041.413561593398,3457058,2.812382726126672,0
2024-08-19,4171.48193359375,4175.430440991918,4078.901139092339,4107.376754658791,2055210,1.6745752359806687,0
2024-08-20,4202.419921875,4241.161933038117,4180.772989851375,4185.418293173432,2212298,0.7416546151644665,0
2024-08-21,4228.619140625,4236.516155388334,4173.8508391327405,4197.495611851862,1896990,0.6234317187966854,0
2024-08-22,4182.63037109375,4237.398669027107,4178.171062150779,4236.5158800949575,1829872,-1.0875599812106174,0
2024-08-23,4147.2333984375,4186.346939264392,4138.964850071652,4180.772575829952,1809253,-0.8462849813571705,0
2024-08-26,4183.04833984375,4229.222371308714,4166.836053784951,4170.552295527457,1844164,0.8635863469787619,0
2024-08-27,4178.125,4190.06352004845,4168.509131570201,4185.4182168111465,930697,-0.11769741690180746,0
2024-08-28,4186.3935546875,4238.83920976465,4141.101848062617,4179.611593409034,1848058,0.19790108451758215,0
2024-08-29,4191.73583984375,4232.800503800473,4143.610677557092,4143.610677557092,2133641,0.12761067698157103,0
2024-08-30,4230.70947265625,4266.47830377286,4169.437748026632,4180.772468175268,3637222,0.9297731131347353,0
2024-09-02,4200.32958984375,4262.530383589784,4191.921772178967,4251.381655472286,1216500,-0.7180801000127746,0
2024-09-03,4192.24658203125,4232.706988670382,4176.9633540945715,4200.329136859027,1717263,-0.1924374656704142,0
2024-09-04,4161.49462890625,4168.694848446134,4121.9632824379705,4159.357971016076,1265505,-0.7335435195250373,0
2024-09-05,4158.4296875,4179.844356547023,4138.175890759279,4163.121262877798,1688793,-0.0736500147077046,0
2024-09-06,4140.5908203125,4198.378570967705,4125.029055295338,4156.570844055927,1649179,-0.42898085402580666,0
2024-09-09,4133.9013671875,4171.714314661398,4116.202944403391,4138.964928860649,1184938,-0.16155793738863444,0
2024-09-10,4188.06591796875,4217.88885396822,4125.447324234446,4127.305445435125,1385591,1.3102526153907945,0
2024-09-11,4161.5869140625,4226.6211439470535,4154.061433875873,4200.700448764482,1325919,-0.6322489766133477,0
2024-09-12,4197.21728515625,4211.0601974701785,4116.94608580757,4190.295602177849,2742216,0.8561727011720199,0
2024-09-13,4201.76953125,4224.43851900476,4185.417974074432,4208.644488913913,1458786,0.10845867117361685,0
2024-09-16,4193.08349609375,4223.556507717359,4175.617335175356,4205.8580816078,1155120,-0.20672326484469927,0
2024-09-17,4186.02197265625,4214.033060161901,4149.184809090063,4193.0829242332575,1699364,-0.16840884385150856,0
2024-09-18,4037.8369140625,4178.032077529696,4014.4711290917844,4178.032077529696,2961779,-3.5399971515132522,1
2024-09-19,3991.383544921875,4108.4919039466795,3978.0514347871863,4078.622243199174,2927551,-1.150451841649247,0
2024-09-20,3980.932373046875,4023.4836281822863,3927.60437597395,4010.662317465838,5447908,-0.26184333721315234,0
2024-09-23,3965.6953125,4003.6938016662916,3951.2948726865407,3994.9607224434812,1702319,-0.382751052241892,0
2024-09-24,3968.296142578125,3986.598816855598,3939.216728843565,3950.0401935138225,3012026,0.06558320478950996,0
2024-09-25,3971.50244140625,3985.299084273533,3939.217580340956,3950.6915713330377,2713073,0.08079787175465647,0
2024-09-26,3987.99267578125,4010.5686671887433,3957.798205900553,3957.798205900553,3964251,0.41521400573938383,0
2024-09-27,4003.0439453125,4067.4276691713644,3995.007207492202,4027.478059812212,3012477,0.3774146733682704,0
2024-09-30,3965.6953125,3993.799396652073,3957.844568692927,3982.789937420948,2503416,-0.9330058156427401,0
2024-10-01,3983.71875,3991.011966244493,3941.9577493270317,3953.66354966123,1823365,0.45448366754725633,0
2024-10-03,3932.481689453125,3975.4507469540895,3911.345558466164,3960.2142421580074,3350119,-1.2861615932820314,0
2024-10-04,3950.59814453125,3993.102669221074,3924.398452773479,3925.281241847147,2965463,0.46068758887582995,0
2024-10-07,3969.73681640625,3992.405805122665,3929.3689504456147,3970.712148613736,1472619,0.48444997883405616,0
2024-10-08,3951.527099609375,3975.8219442019727,3905.724592296589,3969.5045134149964,1541867,-0.45871345227767035,0
2024-10-09,3951.24853515625,3990.315352669941,3945.4419062961365,3957.798231053306,1082504,-0.007049539231362978,0
2024-10-10,3927.5107421875,3989.247001339516,3900.753978007147,3951.5270497469596,2378875,-0.6007668907066388,0
2024-10-11,3854.8583984375,3941.028768538948,3820.7154216048507,3849.098041297021,5759183,-1.8498318278191372,0
2024-10-14,3843.19873046875,3869.909224735711,3829.7740759707513,3846.311174442351,2137590,-0.3024668292219479,0
2024-10-15,3824.75634765625,3874.1362795372975,3804.5030088222256,3837.995460690613,2759474,-0.4798706521806806,0
2024-10-16,3804.45654296875,3823.0842527968452,3778.67511210238,3795.2124356440127,2359151,-0.5307476566432601,0
2024-10-17,3817.509765625,3836.9737654296287,3802.5982985672913,3821.040014226119,2522659,0.34310347637889205,0
2024-10-18,3839.908203125,3861.4219511234783,3799.814751434331,3809.128022883925,2361000,0.5867290164307759,0
2024-10-21,3799.675048828125,3855.647899798256,3790.501385728475,3848.8025545031073,1595450,-1.0477634403898595,0
2024-10-22,3739.743896484375,3808.941544128123,3731.222344636917,3786.7759141091938,1928049,-1.577270465858227,0
2024-10-23,3787.00927734375,3831.0608725895195,3720.7918215935465,3724.9364095884875,1966476,1.2638667825304317,0
2024-10-24,3769.91943359375,3798.883801628907,3729.0342588188632,3729.0342588188632,2676744,-0.4512754656356921,0
2024-10-25,3778.906982421875,3810.9911611654225,3755.7634089805097,3778.4413187902564,1759676,0.23840161537769244,0
2024-10-28,3809.919677734375,3850.106352412569,3772.8062006829505,3789.5234771784344,1532534,0.8206789809000359,0
2024-10-29,3795.390869140625,3821.7008604425628,3781.281354135695,3814.5762988806255,1445885,-0.3813415983191959,0
2024-10-30,3804.1455078125,3824.960761415852,3781.234995410785,3795.158291397516,1935002,0.23066500852537697,0
2024-10-31,3695.925048828125,3798.23142349314,3688.055380171151,3790.501362953683,3740372,-2.8448033536604966,1
2024-11-01,3710.593505859375,3724.3305810268316,3703.003280699814,3715.855640568731,154895,0.3968818857920553,0
2024-11-04,3691.92041015625,3717.7647384247807,3644.51594943524,3693.9228999424704,2269192,-0.503237438259907,0
2024-11-05,3698.626220703125,3712.2700726947464,3670.453574014962,3670.453574014962,967590,0.1816347537836327,0
2024-11-06,3855.3681640625,3864.8210432401042,3702.258078759821,3728.6612931693503,3792017,4.237842215090826,0
2024-11-07,3865.845703125,3916.975471746434,3804.5179478782275,3883.3549260647524,3724349,0.2717649421958068,0
2024-11-08,3862.213623046875,3883.401315336317,3834.879080725745,3869.6642401156896,1648039,-0.0939530534079247,0
2024-11-11,3910.363525390625,3943.518408459811,3834.879186284666,3844.704960664376,1406487,1.246691846779946,0
2024-11-12,3909.15234375,3928.3377732797053,3878.3721644817633,3926.4751190486577,1587640,-0.030973632828779074,0
2024-11-13,3865.33349609375,3908.5469823117096,3847.358610327207,3891.1778229560005,1098813,-1.1209296492705967,0
2024-11-14,3861.189208984375,3874.3210129831064,3833.761896778277,3851.0378338185446,1825432,-0.10721680583481996,0
2024-11-18,3743.469482421875,3923.6812860911455,3716.181551430071,3923.6812860911455,3313944,-3.048794560198831,1
2024-11-19,3762.142333984375,3848.3830847662466,3738.4401053836123,3743.8416205226595,1776233,0.49881137405238807,0
2024-11-21,3793.156005859375,3811.4098822098795,3747.660582048356,3767.1252292109634,2384347,0.8243620023316467,0
2024-11-22,3953.111083984375,3962.7504103811857,3775.6000484761144,3791.4326091135326,3096553,4.216939083916227,0
2024-11-25,4018.770263671875,4030.877517790061,3960.189871234577,3986.0805866028463,4052167,1.6609495228583793,0
2024-11-26,4053.78759765625,4066.7329532289605,4014.0197491006056,4024.310731522724,2060669,0.871344508068006,0
2024-11-27,4035.021728515625,4076.7918469740944,4027.1054468250427,4059.609131919025,1558993,-0.4629218647635769,0
2024-11-28,3953.390380859375,4041.9132960200004,3942.307679137016,4022.401811054281,2558544,-2.023070832044316,1
2024-11-29,3977.55810546875,4003.495653998375,3907.5221314685823,3930.200035419068,2017425,0.6113164216310363,0
2024-12-02,3982.96044921875,3993.71755141835,3939.5605099829345,3976.767214179378,1670944,0.13582061171080184,0
2024-12-03,4007.267822265625,4027.9898509787527,3972.529502098055,4018.071307960362,2010905,0.6102840677627785,0
2024-12-04,4055.370849609375,4085.6858211811555,3994.5085294279797,4017.3260445950987,3302642,1.200394619907219,0
2024-12-05,4157.490234375,4180.727025606259,4060.585839082934,4098.583799897478,3746747,2.5181269124983086,0
2024-12-06,4140.21484375,4158.375723168091,4109.713879599103,4147.199797372343,1842087,-0.4155245027916976,0
2024-12-09,4146.408203125,4162.473596939852,4112.321537472264,4126.198676219265,2066639,0.14959028960415122,0
2024-12-10,4128.154296875,4185.198089234919,4109.108928030726,4122.193893602826,2087828,-0.44023418235191736,0
2024-12-11,4123.40478515625,4143.148648906342,4104.358962055129,4127.502533877997,1635256,-0.11505170052256153,0
2024-12-12,4149.01513671875,4177.001329389335,4122.0530398834335,4125.824732093792,1914642,0.621097197507603,0
2024-12-13,4166.6640625,4186.221930852545,4092.6235608796533,4130.389146191078,1967048,0.42537626881755664,0
2024-12-16,4111.99560546875,4167.6887843067,4095.045270300907,4152.787550664486,1646224,-1.3120437887773728,0
2024-12-17,4031.249755859375,4128.5270630912055,4021.470820330549,4107.1529221069295,3225027,-1.9636657564027327,0
2024-12-18,4049.270751953125,4062.448939888911,3995.020946646264,4015.6033671632454,1575404,0.4470324883135035,0
2024-12-19,3978.536376953125,4064.311698759071,3969.3163290813845,3987.942872155441,3015763,-1.74684231638208,0
2024-12-20,3883.912841796875,4081.074951403702,3867.3354029447446,4031.7146199513063,4116989,-2.378350382929395,1
2024-12-23,3872.7373046875,3927.4063874513017,3832.31779942793,3911.6202111793405,2195338,-0.287739132276843,0
2024-12-24,3892.4814453125,3928.337537104468,3872.737129750613,3872.737129750613,1181886,0.509823906752005,0
2024-12-26,3882.796142578125,3911.5276763317006,3858.628020945553,3892.4818540644487,1208464,-0.2488207810479981,0
2024-12-27,3878.838134765625,3893.832593461187,3862.446685286308,3877.1150885157394,858100,-0.10193704915633095,0
2024-12-30,3873.203369140625,3910.922120659606,3829.6174381740902,3865.939198896072,1527169,-0.14526941906898294,0
2024-12-31,3813.5986328125,3855.6481919731173,3755.157851490963,3851.0379404710184,1555429,-1.5389002499331728,0
2025-01-01,3830.0361328125,3850.106048966684,3804.89007492924,3813.225406604323,763161,0.431023334720404,0
2025-01-02,3888.989013671875,3895.7411349313184,3815.6006224345697,3837.0675295044302,1720835,1.539225187833515,0
2025-01-03,3818.34814453125,3892.9011567771527,3811.270194517517,3892.9011567771527,1791953,-1.8164327256334434,0
2025-01-06,3813.7841796875,3864.681110818162,3787.148135736603,3823.563113481571,2085593,-0.1195272057705532,0
2025-01-07,3751.665283203125,3856.0205380436832,3736.0655531105435,3832.3649188830605,2669054,-1.6287994694410002,0
2025-01-08,3826.264404296875,3842.655853224678,3741.839688389106,3757.8118581960475,2181277,1.9884268841291242,0
2025-01-09,3761.490478515625,3853.5986360350184,3748.870951071417,3819.3723657494074,2392472,-1.6928763654835088,0
2025-01-10,3972.715576171875,4001.9127733457603,3883.6342250062416,3911.5740395746316,7894300,5.6154627763302045,0
2025-01-13,3996.41845703125,4026.081320920444,3937.0927292528613,3953.48417981758,4003771,0.5966417782723665,0
2025-01-14,3942.354248046875,4017.6521397931906,3929.3156678223904,4006.5694375522967,3441709,-1.3528165172307038,0
2025-01-15,3957.767822265625,3964.1475039910265,3918.512475086078,3928.3377943076216,1653474,0.3909738508756755,0
2025-01-16,3917.44091796875,3999.1184848526354,3903.9835145012657,3967.4533641062476,2637705,-1.0189305211388056,0
2025-01-17,3911.75048828125,3946.1800146177866,3888.7502327632087,3945.5159044693314,1761466,-0.14525885154766938,0
2025-01-20,3867.647216796875,3932.1425484323627,3858.447160711793,3932.1425484323627,1287799,-1.1274561508076486,0
2025-01-21,3827.85888671875,3899.135870393051,3822.3102791739225,3884.245030505511,1971591,-1.0287476558184405,0
2025-01-22,3942.38623046875,3948.598485486215,3835.77871966863,3841.2798581228535,2409223,2.9919426796888304,0
2025-01-23,3931.810791015625,3975.3452017162494,3926.6887142484056,3953.1984717808796,1822998,-0.26824970550558547,0
2025-01-24,3938.35498046875,3962.682991900412,3892.4966488174464,3892.4966488174464,1910099,0.16644212554883797,0
2025-01-27,3855.648681640625,3942.148791419916,3832.7908361324735,3890.599675788401,1551782,-2.1000214363175895,1
2025-01-28,3832.07958984375,3890.599779117484,3820.69802052405,3861.007745197988,2468272,-0.6112873278393716,0
2025-01-29,3888.51318359375,3896.148597963248,3845.0737102492853,3845.0737102492853,1217089,1.472662360655752,0
2025-01-30,3888.75,3917.061745659292,3849.3415023779007,3888.6078230102007,1531251,0.006090153101423468,0
2025-01-31,3900.4638671875,3915.6869946237944,3874.713158208757,3898.187645857167,1492943,0.30122448569591675,0
2025-02-01,3863.236572265625,3922.7526963272944,3846.970505085766,3901.032960408717,437172,-0.954432503145286,0
2025-02-03,3858.968505859375,3866.8882740010763,3792.6234860032378,3823.1639848038094,1265713,-0.11047903296657058,0
2025-02-04,3895.389404296875,3906.5815588564824,3856.5026066809596,3873.242905885086,2547132,0.9437987996584907,0
2025-02-05,3880.26123046875,3936.125668416328,3865.9393311963745,3936.125668416328,1693912,-0.38836101498447295,0
2025-02-06,3872.341796875,3926.1671344471406,3842.749763323274,3893.8244160755,2284536,-0.20409537202198402,0
2025-02-07,3821.7412109375,3879.218228908592,3801.444171507491,3879.218228908592,1548940,-1.3067179652977656,0
2025-02-10,3828.902099609375,3843.176530616503,3807.4669498989556,3831.7949614241543,1339511,0.1873724115955655,0
2025-02-11,3759.284912109375,3831.7949459001434,3751.1754977809574,3811.308028813468,1810908,-1.8182023381350554,0
2025-02-12,3746.57568359375,3814.4858114252734,3737.0910418049134,3766.446193388272,1678002,-0.33807569292463313,0
2025-02-13,3708.63671875,3779.10764599597,3701.143945163747,3763.5054582381317,2277310,-1.012630413683746,0
2025-02-14,3732.064208984375,3744.536419785488,3699.010141125482,3722.721744594235,1681975,0.6317008650626565,0
2025-02-17,3703.278076171875,3731.257767104663,3657.467213858333,3657.7517993998813,1799806,-0.7713193343030333,0
2025-02-18,3673.59130859375,3722.152626882654,3665.3397167799785,3697.4925589213967,2149879,-0.8016348480320623,0
2025-02-19,3589.0830078125,3675.2508303067148,3573.9548205315027,3672.6425540939376,4366672,-2.3004273933128316,1
2025-02-20,3584.625244140625,3592.782128290818,3557.9735409942346,3567.6478288188787,2888572,-0.12420341525040124,0
2025-02-21,3590.885009765625,3620.2873962692524,3580.451904877241,3581.495307989525,1833931,0.17462817445790257,0
2025-02-24,3486.175048828125,3569.2603724469545,3480.863556771993,3550.2436192378755,2508516,-2.9159931507897086,1
2025-02-25,3442.498046875,3469.4818051991183,3434.625748244206,3438.1824887498096,4101954,-1.2528631334162932,0
2025-02-27,3426.374267578125,3450.512634279707,3415.134874592875,3425.567980413952,3823856,-0.4683743920061656,0
2025-02-28,3303.737548828125,3414.470731581497,3278.8403664103434,3400.1963006835795,7085018,-3.5791979851834355,1
2025-03-03,3313.032470703125,3341.6760393458467,3297.0032889623258,3305.3972886171223,4990439,0.28134564981703303,0
2025-03-04,3350.02294921875,3367.9962990962294,3285.764501101665,3294.964557324782,2797737,1.1165142159857755,0
2025-03-05,3364.249267578125,3414.8024449405757,3339.399557163217,3339.399557163217,2501894,0.42466331052128936,0
2025-03-06,3415.988525390625,3423.4338299242468,3353.8641244726305,3373.6869322947687,2786513,1.537913920681211,0
2025-03-07,3425.09375,3438.1826018027277,3390.190222378938,3414.470997652364,2051315,0.2665472832152904,0
2025-03-10,3404.654296875,3435.4321442725973,3397.9678097594306,3420.636010676855,1004626,-0.5967560194520272,0
2025-03-11,3391.043701171875,3403.8004968476407,3355.3338893126197,3374.6352261327497,1995450,-0.3997643965091391,0
2025-03-12,3325.5048828125,3385.305592458114,3307.15224085139,3381.2746199098347,3174167,-1.9327034427992218,0
2025-03-13,3330.104736328125,3342.6718849425615,3304.5436765901054,3321.805675922365,1693004,0.1383204559223028,0
2025-03-17,3317.442626953125,3348.504824268339,3298.1415226710474,3309.1910361154605,2690906,-0.38023156559818805,0
2025-03-18,3317.442626953125,3317.442626953125,3317.442626953125,3317.442626953125,0,0.0,0
2025-03-19,3316.8740234375,3364.2022912119846,3284.294187734508,3364.2022912119846,3051244,-0.017139814597100234,0
2025-03-20,3379.519775390625,3394.505554527131,3331.0059291540974,3331.0059291540974,2845192,1.8886985610686802,0
2025-03-21,3393.69970703125,3429.8835221492395,3286.4283178007922,3295.912959410607,4161925,0.41958421855916583,0
2025-03-24,3441.928955078125,3461.6570558488297,3382.7923538442037,3414.4709640539177,1834751,1.4211407080877203,0
2025-03-25,3469.24462890625,3518.8018790902024,3450.5124625687754,3457.1517113972473,3135390,0.7936152716872424,0
2025-03-26,3448.42578125,3490.8220797184467,3438.988609875757,3459.7598808023267,1734499,-0.6000974241707979,0
2025-03-27,3463.0322265625,3474.2241497420814,3424.4297823215356,3428.5556939598323,2528474,0.4235684987601962,0
2025-03-28,3420.3037109375,3472.279589767322,3406.7880975546004,3462.8424183134416,2051919,-1.2338468957135196,0
2025-04-01,3367.80615234375,3399.2951120927096,3343.335733852344,3388.577422151902,2618493,-1.5348800291001163,0
2025-04-02,3361.309326171875,3380.4210168658315,3348.1257677061367,3361.3567956889556,1764313,-0.19290974236606528,0
2025-04-03,3227.765625,3321.52139726939,3221.1263760619972,3311.0882917953854,4537821,-3.9729667285326897,1
2025-04-04,3129.3623046875,3224.445829064787,3125.663387385046,3189.305420015634,5317367,-3.048651350343945,1
2025-04-07,3105.319091796875,3121.7748058386424,2898.5539074179674,2940.238860434007,6623955,-0.7683102993415125,0
2025-04-08,3123.244873046875,3176.4063332063806,3087.535291604866,3131.875989149625,5557558,0.5772605236400219,0
2025-04-09,3079.28369140625,3101.4776590955953,3046.5142098890965,3092.5147195117684,2990265,-1.4075483488343532,0
2025-04-11,3064.9619140625,3128.9357749466626,3040.7760781322527,3120.0203045213184,7108961,-0.46510093836822364,0
2025-04-15,3080.801025390625,3143.5893021337306,3071.69590901875,3143.5893021337306,3512160,0.516780037476261,0
2025-04-16,3105.081787109375,3109.1602290119804,3062.5905495252055,3080.801013758816,2384391,0.7881314475890688,0
2025-04-17,3128.88818359375,3133.3461501914685,3052.1575291360596,3078.240292358944,2932346,0.7666914470081387,0
2025-04-21,3150.41845703125,3181.148601343861,3114.851053170071,3120.5418377878595,2432946,0.6881125874166338,0
2025-04-22,3143.589599609375,3162.084651201983,3125.189487058646,3151.367191167024,2710498,-0.21676032930273426,0
2025-04-23,3237.108154296875,3244.6009284823726,3165.3094642241085,3191.581874951358,3543923,2.974897063507287,0
2025-04-24,3226.295654296875,3236.633820616935,3213.1118640484187,3225.8214222352462,2252175,-0.33401726122890274,0
2025-04-25,3270.30419921875,3298.568475558524,3229.5202431380058,3243.747204561521,2742991,1.3640580293149185,0
2025-04-28,3266.0361328125,3279.5992157727555,3229.520264912607,3257.9741879514845,1593296,-0.1305097674788036,0
2025-04-29,3293.541748046875,3314.8821913387555,3253.6113148639492,3276.9436254865236,1578332,0.8421711859840642,0
2025-04-30,3275.71044921875,3329.014085869881,3192.53019311335,3293.06738873724,2809332,-0.541401937251873,0
2025-05-02,3254.180419921875,3311.562499608635,3243.7473145242825,3293.0674491310842,1721761,-0.6572628939780056,0
2025-05-05,3276.279541015625,3323.892391856476,3268.7865357954893,3272.201099131072,1284443,0.6790994426264962,0
2025-05-06,3281.68603515625,3294.0160693923863,3259.871359200009,3281.68603515625,1324763,0.1650193175808612,0
2025-05-07,3267.553955078125,3281.2117462953,3244.316583265945,3244.316583265945,1477128,-0.4306347385682252,0
2025-05-08,3271.15771484375,3297.809648457028,3251.9987864937443,3270.304189784248,2543591,0.11028921986198092,0
2025-05-09,3263.00146484375,3268.5973110539226,3222.9763215318844,3223.8298466966075,2531757,-0.24933832945408518,0
2025-05-12,3433.8193359375,3443.3989159735165,3321.7109255991563,3324.3666713915923,2228678,5.234992167002583,0
2025-05-13,3333.8515625,3436.285693012091,3329.5834737286627,3433.8195935429753,3062887,-2.9112706190236093,1
2025-05-14,3365.814208984375,3377.480362698845,3327.7809408585326,3339.5418020394927,2119499,0.9587303419233972,0
2025-05-15,3395.406494140625,3414.4707149223877,3332.9977424314357,3380.326007773164,3548330,0.8792013854258318,0
2025-05-16,3377.765380859375,3408.6851728219754,3363.3487722739774,3408.6851728219754,1666727,-0.5195582122992648,0
2025-05-19,3337.45556640625,3367.0476004136544,3323.133665679634,3367.0476004136544,2537377,-1.19338704462858,0
2025-05-20,3318.012451171875,3374.6357192042983,3313.934008684603,3349.786002772028,2038374,-0.5825730065167956,0
2025-05-21,3344.0947265625,3354.7174780325026,3318.0119641520128,3327.212019490534,1440153,0.7860812994060051,0
2025-05-22,3297.8095703125,3317.5376692737764,3273.4340900331863,3314.881923566922,2034383,-1.384086278488228,0
2025-05-23,3333.4716796875,3352.820252737569,3286.9969435109397,3297.809340528579,1274331,1.0813877701137509,0
2025-05-26,3355.002197265625,3362.3053247198645,3329.204019365113,3339.542185709067,967470,0.6458887204388475,0
2025-05-27,3318.391357421875,3357.5629717372003,3303.5954561426133,3349.9752588067204,2467680,-1.091231471430576,0
2025-05-28,3317.442626953125,3347.1295977218288,3312.9848922760975,3338.593421360396,1222933,-0.02859007171134298,0
2025-05-29,3317.82275390625,3350.449830188234,3306.8204764193288,3324.0824787726883,3188072,0.011458433373845445,0
2025-05-30,3284.910400390625,3325.97894134562,3275.1414056184462,3310.139637529337,3404365,-0.9919864910467369,0
2025-06-02,3272.011474609375,3281.6857620470387,3242.41944121709,3272.201121116267,1877585,-0.39267207348231414,0
2025-06-03,3229.7099609375,3294.490106360913,3225.252225904789,3268.407343175387,2848125,-1.292829013593999,0
2025-06-04,3235.1640625,3248.465034332547,3224.7340073768614,3242.9150002967904,2544807,0.1688727975101667,0
2025-06-05,3225.786865234375,3262.0530702216233,3218.7057063727016,3262.0530702216233,3584683,-0.2898522944885462,0
2025-06-06,3238.322021484375,3244.7331673196672,3213.9212139850256,3225.7868448606714,2070390,0.38859220319533705,0
2025-06-09,3274.39697265625,3285.975488762853,3244.7332451805223,3253.4410779830223,1718678,1.1140013541747429,0
2025-06-10,3313.629638671875,3335.5426613582063,3275.6409764041855,3291.7168496023487,2419874,1.1981646191114859,0
2025-06-11,3322.241943359375,3338.6049328657214,3300.4249355066772,3320.4239372439247,2847013,0.25990547003169606,0
2025-06-12,3286.166748046875,3324.9209717927824,3275.640909498604,3322.2416207116808,4060134,-1.0858689983313408,0
2025-06-13,3297.1708984375,3301.76403815699,3246.933943792306,3246.933943792306,2178493,0.334862812337966,0
2025-06-16,3345.58984375,3357.742355566309,3278.511454741814,3291.7166438153617,1934088,1.4684997169981395,0
2025-06-17,3363.770751953125,3368.268108670322,3337.743272382211,3358.6991651797816,2111940,0.5434290828294275,0
2025-06-18,3302.625244140625,3385.4923927635227,3294.683207501011,3367.4071820205213,2696327,-1.8177667957008259,0
2025-06-19,3276.406494140625,3302.2426434811027,3265.88065552043,3301.2857490610854,2672768,-0.7938760247326315,0
2025-06-20,3287.602294921875,3297.745469784743,3263.8712652626323,3277.3635707817734,2351248,0.3417097604119679,0
2025-06-23,3247.317138671875,3277.3635313225304,3224.73433592903,3267.7945867055305,3123421,-1.225365863511707,0
2025-06-24,3244.254638671875,3293.726265410323,3236.2168192617623,3286.549557502439,3403048,-0.09430862060034739,0
2025-06-25,3296.3095703125,3301.2853740079395,3253.440658442607,3260.4260336385005,1757699,1.6045266922060986,0
2025-06-26,3293.439208984375,3302.625255099875,3268.081507258558,3296.3098921986184,2879106,-0.08707802671132914,0
2025-06-27,3292.76904296875,3316.9782816726447,3283.1043171689653,3306.0697801861775,1778433,-0.020348516341117673,0
2025-06-30,3312.768310546875,3315.5432107745055,3282.1476906920225,3291.6208515129015,1468351,0.607369278474934,0
2025-07-01,3281.860595703125,3334.776901436363,3266.35895353028,3306.0700701470973,2375183,-0.932987518183781,0
2025-07-02,3275.73681640625,3339.4658465866687,3272.5790179988544,3336.882278295821,3090585,-0.18659474155887645,0
2025-07-03,3254.20654296875,3287.2193999790024,3251.144527592608,3282.147812903343,2531870,-0.6572650565108695,0
2025-07-04,3272.387451171875,3279.2770439923584,3243.967734776887,3261.096050751665,1109320,0.5586894366741424,0
2025-07-07,3264.63671875,3278.416138875185,3261.4789203702617,3270.952315509477,1639174,-0.23685252854455108,0
2025-07-08,3259.37353515625,3277.363195918518,3247.125240576613,3258.2253086430815,2325242,-0.16121804804564155,0
2025-07-09,3237.939453125,3266.837618492581,3221.863579808002,3263.010040732191,2034938,-0.6576135505813485,0
2025-07-10,3236.217041015625,3252.484246721499,3211.3377852301705,3234.3032521090518,3035012,-0.05319469787221642,0
2025-07-11,3125.217041015625,3191.242753149758,3120.5283520064395,3157.6556670087216,7635550,-3.429930644119117,1
2025-07-14,3083.783447265625,3130.9583865491522,3062.0619917351123,3125.217020314649,3924009,-1.3257829202331206,0
2025-07-15,3112.107666015625,3118.9014760029677,3067.8034091107847,3067.8034091107847,2590889,0.9184892270926115,0
2025-07-16,3104.234619140625,3115.5641051149655,3092.23284636304,3098.377660261314,2540733,-0.2529811857402642,0
2025-07-17,3081.287109375,3112.779808234124,3076.390526695053,3095.5933632665156,2947640,-0.7392324544070017,0
2025-07-18,3062.75634765625,3100.1060057073505,3059.972030096825,3096.4574198500977,3432645,-0.6013967884514582,0
2025-07-21,3032.31982421875,3070.1495522628406,3026.3669918654064,3062.8523807267275,3844346,-0.993762480021998,0
2025-07-22,3033.663818359375,3053.346723269556,3028.8631098446967,3033.663818359375,3198036,0.044322308283262224,0
2025-07-23,3052.38671875,3055.171036049811,3031.743671209123,3033.6639547012974,1922875,0.617171232926883,0
2025-07-24,3022.5263671875,3047.2019644087272,3014.8452328363246,3038.944885626984,2934778,-0.9782623996846707,0
2025-07-25,3010.812744140625,3031.0715957495104,3001.019344529776,3014.845292873372,2568917,-0.387544114553906,0
2025-07-28,2956.564697265625,2993.72213811463,2947.539223682625,2986.041003699968,3374473,-1.8017741880684168,0
2025-07-29,2934.193115234375,2951.475666305782,2919.9829708048537,2938.033682139132,4785312,-0.7566748683680236,0
2025-07-30,2931.88916015625,2946.6752504448114,2925.7441118523307,2938.033974050545,2880121,-0.0785209080534921,0
2025-07-31,2915.758544921875,2937.841805411508,2894.827407662822,2920.4631457840833,2968371,-0.5501782077435458,0
2025-08-01,2883.3056640625,2915.758501968501,2880.4252388236764,2909.133383273443,2053847,-1.1130167453644368,0
2025-08-04,2951.85986328125,2956.6605722928375,2872.360309577052,2889.1627911176092,2519252,2.3776251013969407,0
2025-08-05,2941.7783203125,2954.836342347973,2920.751308991888,2951.859809051624,1927996,-0.3415318963530867,0
2025-08-06,2911.437744140625,2944.5626330221426,2905.3888045064286,2940.9140476547227,1487081,-1.0313685420270557,0
2025-08-07,2925.552001953125,2929.9687479023937,2890.890789951502,2895.7876067904904,2543076,0.48478652311578774,0
2025-08-08,2915.37451171875,2937.841970823321,2904.4289887975438,2926.6083584758467,2762140,-0.3478827321332978,0
2025-08-11,2919.599365234375,2928.3365153663553,2900.876599282036,2915.3746004762743,1884215,0.1449163220245797,0
2025-08-12,2914.414306640625,2972.9829560524563,2906.253101394714,2919.791194448837,3358232,-0.17759486645639866,0
2025-08-13,2915.182373046875,2923.0554886191444,2907.8854362960733,2915.0864995163706,2148166,0.026354056954080995,0
2025-08-14,2901.83642578125,2934.0970475783347,2898.7640190971856,2913.0700372499637,3342174,-0.45780831377887354,0
2025-08-18,2891.178955078125,2927.4723621732833,2883.6898021204543,2925.072007661826,2945609,-0.3672664182046592,0
2025-08-19,2895.979736328125,2904.429031301108,2891.083153648401,2891.1790271854784,2650784,0.1660492596477825,0
2025-08-20,2975.095458984375,2979.7039520714934,2890.890836056874,2890.890836056874,4952358,2.7319156161141667,0
2025-08-21,2978.93603515625,3005.2438266480435,2960.2132701020532,3005.2438266480435,3230726,0.12909085522876396,0
2025-08-22,2932.273193359375,2972.3110613965996,2928.432625981039,2962.997732386061,1593791,-1.566426443742941,0
2025-08-25,3015.42138671875,3026.366909314735,2954.4523833109183,2964.245782645686,3448370,2.835622326994569,0
2025-08-26,3031.359375,3035.968102112831,2995.642150092357,3004.2834255253156,5522097,0.5285492883829734,0
2025-08-28,2970.390380859375,3021.0859103623443,2963.477407383879,3019.6456977878825,3116051,-2.0112756885060867,1
2025-08-29,2961.74951171875,2990.8418565958136,2954.548447858567,2969.7187359392783,2271789,-0.29090011859400633,0
2025-09-01,2988.53759765625,3006.3002217717835,2966.8382982161247,2966.8382982161247,1246862,0.9044683161593348,0
2025-09-02,2987.4814453125,3029.2476168924754,2979.4163473229805,2996.6989010802117,2185229,-0.0353401056281899,0
2025-09-03,2974.039306640625,3016.669509959856,2964.9179592917676,3005.1478080455095,1799774,-0.4499488588612488,0
2025-09-04,2972.310791015625,2993.7219990840686,2967.6061901689773,2991.8017155695825,1481391,-0.05812013382406889,0
2025-09-05,2926.80029296875,2979.703965451406,2907.885546409113,2973.655259644998,2802055,-1.5311487003458413,0
2025-09-08,2898.66796875,2942.7383816988513,2895.7875434746607,2928.4323632618416,2626187,-0.9611972598996266,0
2025-09-09,2927.8564453125,2938.034042622692,2909.997947659983,2911.246178939102,2489301,1.0069617105917361,0
2025-09-10,2986.041015625,2998.2347696750494,2931.696895660388,2934.5773210773896,2079428,1.9872753804461185,0
2025-09-11,2999.675048828125,3013.885194748687,2986.137189714118,3013.885194748687,2263446,0.45659229500809584,0
2025-09-12,3008.50830078125,3023.198517586115,2996.6026359147436,3018.685897890405,1447167,0.29447362828769474,0
2025-09-15,2987.865234375,3009.0844623500607,2972.5990732086116,3009.0844623500607,1732539,-0.6861562057478565,0
2025-09-16,3020.31787109375,3024.4465275211764,2985.176823514983,3003.323408916267,2573429,1.0861479408571295,0
2025-09-17,3046.338134765625,3055.55535595913,3017.149681628776,3026.367137231914,2418271,0.8615074565794689,0
2025-09-18,3050.08251953125,3075.334296666793,3035.392302577828,3058.0517436415034,2633138,0.12291428593869114,0
2025-09-19,3042.88134765625,3053.730996885227,3018.685821162444,3043.6495079786732,4901694,-0.2360976081429711,0
2025-09-22,2951.283935546875,2983.0644887376598,2942.8346407567424,2971.6388949892716,3634901,-3.010219645269019,1
2025-09-23,2940.338134765625,2957.9087764692863,2930.352753876681,2947.6353061603577,3177741,-0.37088267412744846,0
2025-09-24,2914.414306640625,2935.153463147022,2912.1100600997443,2928.432470591566,1625714,-0.8816614599009842,0
2025-09-25,2839.523681640625,2908.846117286358,2833.3788669840533,2901.5489447732325,4974361,-2.569662962103858,1
2025-09-26,2783.547119140625,2837.0269692313786,2776.057966398974,2823.7769658283983,3934636,-1.9713363498929382,0
2025-09-29,2780.666748046875,2812.5434087793974,2778.6503565122343,2799.773476015783,3110035,-0.10347843849826122,0
2025-09-30,2773.273193359375,2799.101145742985,2770.1049132760872,2794.9724895498107,2253458,-0.26589143386899217,0
2025-10-01,2798.04541015625,2808.223007812976,2752.342797471782,2775.7701654990638,1952902,0.8932483412089409,0
2025-10-03,2786.2353515625,2807.454578770542,2775.8660078142957,2807.454578770542,2899519,-0.422082449086858,0
2025-10-06,2869.28759765625,2874.2805224330996,2780.18662812204,2786.331441741774,2112774,2.980805122839847,0
2025-10-07,2855.173583984375,2884.745997894136,2837.699050349848,2875.624650921264,3062943,-0.49189958104596254,0
2025-10-08,2906.541015625,2921.711301932003,2849.70067174965,2856.421663900003,4121889,1.7991001292797737,0
2025-10-09,2939.666015625,2943.794672125363,2899.628150625765,2913.070135429991,3211304,1.1396708259723942,0
2025-10-10,2907.59765625,2947.635525132908,2887.0504796961263,2928.432687835625,8817365,-1.0908844475715718,0
2025-10-13,2887.33837890625,2914.5104387736105,2878.6971026918,2906.349233459963,2866865,-0.6967703148405668,0
2025-10-14,2842.307861328125,2906.5412549765147,2837.699133735008,2900.5884226064827,3611416,-1.559585738446878,0
2025-10-15,2862.06396484375,2871.6047262713414,2843.9459294866183,2863.220385125294,4282226,0.6950726128025275,0
2025-10-16,2862.931396484375,2867.0754517571395,2836.332787245134,2862.160371154854,3251495,0.030307905458437645,0
2025-10-17,2854.739501953125,2880.3746213869317,2848.1861401528254,2862.256586509825,4374683,-0.2861365990575071,0
2025-10-20,2905.81689453125,2913.333979311689,2870.4483153754104,2877.1943748710046,3133039,1.7892137809134345,0
2025-10-21,2897.62548828125,2921.815026282457,2887.3137006926995,2921.1404673344027,310644,-0.28189684853908714,0
2025-10-23,2961.712646484375,2985.6130172427693,2925.958674375256,2944.172939856895,5564758,2.21171295125302,0
2025-10-24,2952.07568359375,2977.9035021252716,2947.3535359078196,2968.2662739630537,2684318,-0.3253848040276397,0
2025-10-27,2972.98828125,2981.9509500743798,2949.184375870237,2955.2558763824863,1946312,0.7084031677260905,0
2025-10-28,2946.968017578125,2978.096312781555,2929.9101701396817,2964.4114953280427,3470737,-0.8752225441310713,0
2025-10-29,2946.678955078125,2964.4113606511696,2935.596142774,2946.96788369373,2895420,-0.009808810217004638,0
2025-10-30,2925.18798828125,2952.654089267939,2922.7786811771543,2938.4874105526364,2241536,-0.7293284108823239,0
2025-10-31,2947.064208984375,2956.1231088421955,2915.357824198127,2924.898585437403,1868085,0.7478569169149019,0
2025-11-03,2907.359130859375,2947.06446508497,2900.80576844531,2936.367047373489,2194877,-1.3472756380385476,0
2025-11-04,2881.723876953125,2919.4055326440953,2868.039060214524,2910.0574685167057,2670720,-0.8817367498274109,0
2025-11-06,2901.6728515625,2914.2977142131544,2881.531139384038,2881.627605776501,2542721,0.6922583655192938,0
2025-11-07,2883.26611328125,2895.0234851722394,2853.101540563387,2892.1323165785257,1830520,-0.634349191754624,0
2025-11-10,2915.4541015625,2937.3305615709287,2883.4585523829414,2884.422275161144,1556656,1.1163724407185827,0
2025-11-11,2936.46337890625,2944.847720230334,2908.5154176367123,2934.5359333014544,2806868,0.7206176675012665,0
2025-11-12,3018.18701171875,3022.619995280987,2946.1969680097523,2948.991669923252,4460315,2.783063238573047,0
2025-11-13,2993.03369140625,3018.2831803470704,2989.4679642954256,3018.186949242595,1740435,-0.8333917088250931,0
2025-11-14,2993.322998046875,3000.1655239975616,2965.6642009169345,2977.9034333434784,2210794,0.009666000134100905,0
2025-11-17,2989.660888671875,3010.188231818854,2974.626953832486,2993.323082448971,2232853,-0.12234260644071737,0
2025-11-18,2975.10888671875,2992.3594315179676,2966.338914722159,2989.4682629851,2548350,-0.48674423270759215,0
2025-11-19,3033.51025390625,3040.5454775036865,2971.639296317787,2984.6495543039355,3151053,1.9629993190572126,0
2025-11-20,3030.715576171875,3049.7008686990343,3024.2586803244717,3033.79944214396,2700767,-0.09212685965956924,0
2025-11-21,3036.30517578125,3055.0013041600305,3021.463703354114,3030.715536432949,4177037,0.18443167855544118,0
2025-11-24,3027.24609375,3063.578397230728,3017.4161679823073,3043.4366842823783,6703764,-0.2983587454748915,0
2025-11-25,3006.044189453125,3035.534202019235,3001.996600643867,3031.1974493056246,2737920,-0.7003693667537614,0
2025-11-26,3048.15869140625,3062.71099952004,3003.923909850209,3005.658657913636,2508527,1.400994107168696,0
2025-11-27,3022.81298828125,3064.6384631299097,3011.6337098367826,3064.6384631299097,2836233,-0.8315086480391476,0
2025-11-28,3023.680419921875,3033.124950840084,3011.6338843843378,3026.0897270293826,1616690,0.028696172869047132,0
2025-12-01,3019.72900390625,3039.581788202742,3008.935355329588,3024.0657566161144,1747647,-0.13068232970623317,0
2025-12-02,3021.94580078125,3029.9447477765,3007.2007935969305,3017.416350282513,2512003,0.07341045743285424,0
2025-12-03,3064.638427734375,3095.3810901757683,3025.125793917674,3026.089516693691,3952112,1.4127529005347528,0
2025-12-04,3112.053466796875,3132.0989471151875,3071.769808666434,3078.13047294951,5025905,1.5471658461697624,0
2025-12-05,3120.72705078125,3152.915532717371,3105.5001838412545,3112.824571063191,5244013,0.27870934985261275,0
2025-12-08,3119.0888671875,3141.6398867746047,3092.2010949656524,3125.353065437683,2544725,-0.05249365186679178,0
2025-12-09,3091.91162109375,3116.3900838422614,3065.794641509269,3112.8243568679477,2734893,-0.8713200312966962,0
2025-12-10,3073.5048828125,3108.0062080861744,3062.807700289892,3108.0062080861744,1386849,-0.5953190303265798,0
2025-12-11,3076.106689453125,3092.0081155406747,3038.7144333046613,3088.7315521574005,1914362,0.08465275767657321,0
2025-12-12,3103.669189453125,3106.078496384854,3070.131589906683,3081.696263178982,1146554,0.8960189870690138,0
2025-12-15,3113.01708984375,3120.7268716204835,3081.310706400481,3094.6101270221197,1562190,0.30118868410302646,0
2025-12-16,3088.828125,3103.187500999765,3075.3360054304358,3103.187500999765,1734623,-0.7770264070398714,0
2025-12-17,3101.0673828125,3119.4743477745933,3084.3949307247763,3084.3949307247763,1376350,0.3962427599463858,0
2025-12-18,3161.78173828125,3168.5277977297296,3104.1510690788923,3110.897128527372,2307422,1.9578534734606468,0
2025-12-19,3162.938232421875,3197.5357868591873,3159.854366515901,3179.3215200364916,3902511,0.03657729205728266,0
2025-12-22,3204.28173828125,3207.8477007511456,3171.6116305486757,3189.9223631467994,2632816,1.3071234030301637,0
2025-12-23,3189.92236328125,3199.4631245744913,3174.0209376032617,3199.4631245744913,2365420,-0.4481308503072601,0
2025-12-24,3198.595947265625,3206.4021959958864,3176.5267894381177,3184.236571775606,1367708,0.27190580197862246,0
2025-12-26,3161.010986328125,3199.559900795541,3153.108505919085,3192.9103071634727,1176664,-1.1750455999179898,0
2025-12-29,3133.54443359375,3168.7203129805475,3125.2563240630398,3161.0105311971397,2079473,-0.8689167121902486,0
2025-12-30,3129.015380859375,3148.9643966982817,3121.9801570326194,3132.0992469072426,2807593,-0.14453449856400846,0
2025-12-31,3089.88818359375,3128.2444004402787,3082.467564635931,3122.462063286045,3362634,-1.250463564512072,0
2026-01-01,3110.31884765625,3116.775978595714,3082.1781891606697,3098.368779137981,1255735,0.6612104661579687,0
2026-01-02,3132.773681640625,3136.243177859361,3102.7055771191704,3116.6795578205924,1184324,0.7219463689806416,0
2026-01-05,3099.42919921875,3129.2081416238766,3075.23966120166,3122.9439430034404,2341703,-1.0643757197427828,0
2026-01-06,3137.688720703125,3144.8201752673103,3088.7315556964636,3093.550169667909,2912325,1.2344054025824835,0
2026-01-07,3176.044921875,3180.8635358265738,3106.271250685878,3125.2565425983025,1989442,1.2224348743963276,0
2026-01-08,3087.671630859375,3167.6606296336045,3066.566193971062,3167.6606296336045,4159336,-2.782494995802931,1
2026-01-09,3091.43017578125,3112.5356118812538,3075.239584998998,3075.239584998998,1938673,0.12172748177980974,0
2026-01-12,3122.076416015625,3134.026484388671,3059.145271347969,3086.804068110982,2228342,0.9913288831319145,0
2026-01-13,3149.446044921875,3161.0107182814413,3094.0319850739534,3127.2804209827063,5645341,0.8766482705499845,0
2026-01-14,3076.684814453125,3141.736098705462,3067.529448521315,3141.736098705462,3539511,-2.310286616469248,1
2026-01-15,3076.684814453125,3076.684814453125,3076.684814453125,3076.684814453125,0,0.0,0
2026-01-16,3146.54931640625,3161.464149941515,3111.519017760894,3159.0110444402844,4293470,2.2707721514055423,0
2026-01-19,3104.258056640625,3159.600023336744,3092.973770842994,3128.2002715520307,3387562,-1.3440520237555598,0
2026-01-20,3044.10791015625,3100.7255406282875,3033.118044759914,3092.4832014713097,4499273,-1.9376657928196983,0
2026-01-21,3064.027099609375,3079.6287553253787,3024.188569033875,3041.8509292683366,2015150,0.6543522779421718,0
2026-01-22,3091.305419921875,3100.7254411371077,3063.7326570458863,3090.9130188550284,2269827,0.8902767314289628,0
2026-01-23,3103.178466796875,3134.578217290946,3092.875423666008,3130.457047950816,2068857,0.38407873898465006,0
2026-01-27,3098.762939453125,3115.4440572399217,3071.2881572160486,3115.4440572399217,4279874,-0.14229047381563165,0
2026-01-28,3140.073486328125,3145.0776781720924,3111.1268393421374,3116.425451779539,2751234,1.333130274311678,0
2026-01-29,3085.41796875,3140.07335254898,3066.9708064954257,3140.07335254898,2457641,-1.7405808436043002,0
2026-01-30,3065.302490234375,3082.081828102924,3034.000959087629,3082.081828102924,3022068,-0.6519531136254586,0
2026-02-02,3110.1455078125,3138.0126916764966,3075.2131881532646,3138.0126916764966,2636272,1.4629230792389425,0
2026-02-03,3164.800537109375,3287.1613923698505,3126.53209104895,3287.1613923698505,4366060,1.7573142208165082,0
2026-02-04,2942.84375,3061.475843095512,2929.9893806035893,3061.475843095512,10852595,-7.013294661283864,1
2026-02-05,2935.38623046875,2972.869637012123,2916.5464269268496,2933.9143670738968,3521545,-0.25341201112869527,0
2026-02-06,2886.422119140625,2929.0079343210614,2861.302223276454,2920.765595757455,4687389,-1.6680636714816899,0
2026-02-09,2892.8984375,2921.15826303242,2882.3991930324937,2903.5941220720847,2380318,0.22437183793835302,0
2026-02-10,2928.61572265625,2955.109263473934,2888.2865702537815,2894.468444356794,3547763,1.2346539613439234,0
2026-02-11,2855.21875,2941.76426862986,2849.723697569715,2924.1019081110685,3363513,-2.506200184900975,1
2026-02-12,2698.51416015625,2825.977420921291,2688.603518515395,2815.9687988010764,10612156,-5.488356709752972,1
2026-02-13,2641.7001953125,2662.110080925881,2536.5110796879476,2536.5110796879476,11168735,-2.105379533767593,1
2026-02-16,2655.830322265625,2668.7826718221954,2620.898002964758,2649.3540277067937,2918730,0.5348876067843733,0
2026-02-17,2666.427490234375,2708.228504276998,2644.6439610469733,2665.0538469624375,4209118,0.39901524882470785,0
2026-02-18,2644.349609375,2678.7913077273606,2607.4550449905755,2678.7913077273606,2950820,-0.827994796042042,0
2026-02-19,2627.66845703125,2697.140454434555,2616.5806115438327,2657.2039438116426,3238849,-0.6308225011023683,0
2026-02-20,2635.812744140625,2651.905259923164,2597.838718993336,2616.972941852777,2293482,0.309943481932895,0
2026-02-23,2626.0986328125,2653.2789947204583,2610.3005370564806,2635.616634548502,4699596,-0.3685433022402429,0
2026-02-24,2525.423095703125,2597.8388206557183,2513.255787797201,2591.460746119642,7798833,-3.8336540696323196,1
2026-02-25,2579.980224609375,2604.4130601353972,2546.3235684513456,2547.3048106742554,3621285,2.1603163841764195,0
2026-02-26,2598.034912109375,2620.897903167908,2585.5731841435563,2600.2918170703697,3464267,0.6997994530261842,0
2026-02-27,2587.92822265625,2638.168017666852,2576.8403768444346,2631.299321894741,5083717,-0.3890128422069261,0
2026-03-02,2564.4765625,2574.5834053591284,2531.8993684474203,2543.37985460111,3374385,-0.9061943817042617,0
2026-03-04,2539.2587890625,2585.5733762002424,2531.997452542583,2575.7609535201655,3446434,-0.9833497332849994,0
2026-03-05,2530.427490234375,2560.551578540278,2498.6350985020495,2551.229777430436,2960636,-0.34779042081746203,0
2026-03-06,2509.625244140625,2570.069622274581,2505.7002751879877,2523.7550365456814,3998643,-0.822084259439626,0
2026-03-09,2479.991455078125,2511.9800468111703,2458.0117254929614,2482.542780637602,3653428,-1.1808053466025537,0
2026-03-10,2465.9599609375,2497.45769299971,2443.39138949283,2493.3365235176843,4323710,-0.5657880034987017,0
2026-03-11,2418.663818359375,2473.711601954393,2413.9540474182472,2461.0536733182116,2720664,-1.9179606857908649,0
2026-03-12,2396.5859375,2426.513825649523,2390.3060830242093,2413.6596961153996,2752075,-0.9128131281324947,0
2026-03-13,2365.284423828125,2400.0203033629555,2352.0376535639975,2391.287343235487,2466488,-1.306087680065715,0
2026-03-16,2364.0087890625,2379.5124645789865,2321.7173916761253,2364.793830777467,3807907,-0.05393155904525049,0
2026-03-17,2346.8369140625,2374.6061161428333,2315.731584337639,2374.6061161428333,2993367,-0.7263879508167981,0
2026-03-18,2395.01611328125,2436.326267951688,2364.793804301608,2364.793804301608,3082388,2.052941937722852,0
2026-03-19,2311.806640625,2378.5311107279285,2306.115387909886,2371.6624152761565,2757060,-3.474276110078034,1
2026-03-20,2345.7578125,2362.6351312433567,2319.8528734315287,2341.2440023374425,4206320,1.4685991154442357,0
2026-03-23,2339.085205078125,2361.6537756859007,2303.956686393805,2320.6378037995523,3860515,-0.284454234206033,0
2026-03-24,2353.803955078125,2389.7172776589064,2334.47353068287,2359.0045869106293,3420182,0.6292524089351659,0
2026-03-25,2332.80517578125,2376.1762738846405,2325.3478785890734,2355.864368126978,5843778,-0.8921209963800081,0
2026-03-27,2344.97265625,2376.6668272056972,2340.262645780238,2358.8080275261386,4979411,0.521581510323732,0
2026-03-30,2314.652099609375,2353.0187649541185,2302.1903717438945,2330.5484146912077,6804756,-1.293002566994217,0
2026-04-01,2363.027587890625,2425.630892660341,2352.9207445923203,2383.4374750291136,4132661,2.089968003805587,0
2026-04-02,2404.730224609375,2423.570027038862,2331.1370592120925,2341.24390183887,5378361,1.7647968619772358,0
2026-04-06,2427.4951171875,2435.4432752720936,2402.2772391631793,2427.593337237373,2572417,0.9466713706658192,0
2026-04-07,2492.1591796875,2496.182129281132,2402.0810908677395,2414.837240451596,4516550,2.663818437456622,0
2026-04-08,2511.195068359375,2531.899375247164,2492.453485493659,2523.755016821873,4769337,0.76383117206269,0
2026-04-09,2540.43603515625,2556.135910228672,2483.6222080623565,2506.092558435327,5628261,1.1644243478057925,0
2026-04-10,2476.94970703125,2517.671257898199,2454.1849361455575,2517.671257898199,10480239,-2.4990327347917396,1
2026-04-13,2426.2197265625,2457.9136601554055,2423.6684008424363,2443.195026142192,3739587,-2.04808278200983,1
2026-04-15,2506.9755859375,2510.9987747578325,2446.629190999006,2454.9697496490417,5261384,3.3284643798282776,0
2026-04-16,2528.56298828125,2545.3423261167095,2510.0176060935014,2523.754997213638,3905403,0.8610934412301985,0
2026-04-17,2533.076904296875,2540.4362212762385,2507.957006516208,2521.792618261851,2718206,0.17851704847950955,0
2026-04-20,2531.212646484375,2545.3424392975157,2513.15764504414,2538.571963483115,2288558,-0.0735965737691413,0
2026-04-21,2561.532958984375,2564.9673069470045,2511.9802240950007,2511.9802240950007,2719959,1.1978571828847429,0
2026-04-22,2490.88330078125,2531.6048516902206,2456.6380441545243,2531.6048516902206,5232045,-2.758100689484666,1
2026-04-23,2474.49658203125,2511.489364373728,2469.0997500312283,2481.5614778281533,2509050,-0.6578677830816226,0
2026-04-24,2351.939453125,2458.0118361710306,2343.991534636913,2441.3307179215667,5107719,-4.9528105957473585,1
2026-04-27,2401.6884765625,2412.874541687738,2351.9393059532576,2351.9393059532576,5853425,2.115234019795831,0
2026-04-28,2398.8427734375,2440.349366669426,2381.867235359066,2398.155951805419,4508363,-0.1184876037325644,0
2026-04-29,2428.280029296875,2441.2323784506298,2401.688509360205,2405.024637022461,2835961,1.2271440290016145,0
2026-04-30,2427.4951171875,2444.2744555611544,2392.26861608113,2432.4995485090735,3970446,-0.032323788850752155,0
2026-05-01,2427.4951171875,2427.4951171875,2427.4951171875,2427.4951171875,0,0.0,0
2026-05-04,2385.6943359375,2451.4375668418284,2379.512461835769,2447.2181772447047,2632358,-1.7219717952895564,0
2026-05-05,2381.769287109375,2414.24826083551,2366.952433771704,2384.4185931895904,3385720,-0.16452438055449825,0
2026-05-06,2389.717041015625,2424.6493574491965,2361.359238648924,2396.0951150032492,3147628,0.3336911744250326,0
2026-05-07,2356.35498046875,2393.9366055534624,2353.018852732181,2392.4647422177254,5829594,-1.3960673993727801,0
2026-05-08,2349.486328125,2361.8500761970836,2330.548544505656,2353.0188960201936,3792199,-0.2914948045045218,0
2026-05-11,2348.014404296875,2369.699953108347,2326.5252955775945,2326.5252955775945,1975188,-0.06264875051644747,0
2026-05-12,2257.151611328125,2330.450360002076,2240.176072372522,2330.450360002076,6347884,-3.8697715313190106,1
2026-05-13,2230.16748046875,2265.8846032931383,2226.4387119283556,2262.7446759395275,3171843,-1.1954948318025238,0
2026-05-14,2203.8701171875,2222.513720137884,2165.012827845418,2222.513720137884,5633313,-1.1791653995296691,0
2026-05-15,2221.5322265625,2261.6649346543286,2209.7573207679993,2209.7573207679993,3410637,0.8014133517786348,0
2026-05-18,2240.3720703125,2249.8900714309348,2209.953563101145,2221.5322685970373,3773336,0.8480562885712306,0
2026-05-19,2283.448974609375,2333.0017090765828,2254.0117066090534,2256.857213357978,10394707,1.9227567093740072,0
2026-05-20,2283.742919921875,2298.06915136111,2274.3231388707036,2280.3085723429836,2537422,0.012872865379010001,0
2026-05-21,2283.546875,2292.0836345084317,2270.594525446405,2287.275643394801,3299087,-0.008584369114617019,0
2026-05-22,2273.832763671875,2296.106915322829,2264.805382686245,2287.373954930871,2617262,-0.42539574880086084,0
2026-05-25,2295.61328125,2313.415817804508,2280.496215777924,2312.3217190072714,3298364,0.9578768467982224,0
2026-05-26,2263.78759765625,2315.205623652634,2260.008270887014,2295.613098349941,3587597,-1.3863695533430809,0
2026-05-27,2271.744140625,2283.0821217701528,2248.571147658945,2262.5943570616037,2653950,0.35147038427931765,0
2026-05-28,2271.744140625,2271.744140625,2271.744140625,2271.744140625,0,0.0,0
2026-05-29,2246.58203125,2321.2726050840133,2222.81245602518,2278.507085795833,16331582,-1.107611941196751,0
2026-06-01,2284.8720703125,2322.267132829976,2267.5670504720965,2271.5452382799426,7505095,1.7043686155183702,0
2026-06-02,2433.556884765625,2443.9996279549005,2303.569644295269,2307.34897134468,11306127,6.507358393714768,0
2026-06-03,2229.475830078125,2379.9508308808004,2212.6680838914085,2379.9508308808004,15660062,-8.386122221554515,1
2026-06-04,2228.77978515625,2240.8139007540485,2204.5129359355733,2229.4759194813155,4867263,-0.03122011517167067,0
2026-06-05,2186.9091796875,2259.4117976453776,2180.0469028924485,2250.560184151513,5019717,-1.8786335800248022,0
2026-06-08,2139.668212890625,2165.128711955583,2131.6125282744956,2158.1668832997775,6536734,-2.160170492476765,1
2026-06-09,2139.2705078125,2162.145087858845,2121.169801728995,2162.145087858845,4148655,-0.01858723122253325,0
2026-06-10,2142.154541015625,2168.907999188303,2133.1043096144995,2139.568864676436,2848650,0.13481386260374428,0
2026-06-11,2123.95458984375,2142.8509821277357,2098.494090484758,2115.4013888441136,3079815,-0.8496096254216212,0
2026-06-12,2149.61376953125,2156.177876796519,2126.3414670622496,2138.276030955957,2124656,1.2080851356331301,0
2026-06-15,2150.21044921875,2180.046856932239,2147.525221086398,2180.046856932239,3337083,0.027757530025041,0
2026-06-16,2187.0087890625,2196.954258771743,2148.818282502735,2155.183285992923,3079898,1.711383174475789,0
2026-06-17,2210.8779296875,2218.8343055028395,2188.6994835403766,2196.9542720106556,2865010,1.091405793354494,0
2026-06-18,2191.285400390625,2201.927004470057,2170.101501243751,2196.9542695909468,3735188,-0.8861877462246093,0
2026-06-19,2113.412353515625,2126.341464384191,2048.6672473500757,2093.521413717831,13286502,-3.553761041857817,1
2026-06-22,2116.197021484375,2145.237743488044,2109.434053749718,2120.5729308842238,4566101,0.13176169639199653,0
2026-06-23,2048.368896484375,2102.4721508294924,2043.7938836114508,2099.4885101234904,6392736,-3.205189512667539,1
2026-06-24,2097.49951171875,2109.1356624395376,2049.7612582514666,2049.7612582514666,4747277,2.398523787326501,0
2026-06-25,2083.27734375,2136.78401555451,2076.61392807904,2121.965363861958,4738903,-0.6780534579050257,0
2026-06-26,2083.27734375,2083.27734375,2083.27734375,2083.27734375,0,0.0,0
2026-06-29,2086.4599609375,2093.521341445675,2059.706744956766,2078.6031371123327,3412470,0.15276973068651944,0
2026-06-30,2020.422119140625,2092.8251853118586,2007.791421498655,2078.60311543387,6848411,-3.165066334040867,1
2026-07-01,1971.788818359375,2040.8104030555382,1966.0205187179013,2028.776408877907,4658295,-2.407086139105219,1
2026-07-02,2056.82275390625,2065.5745732846704,1991.580373389582,1997.0503819057583,6040621,4.312527526027221,0
2026-07-03,2082.083984375,2105.0581154318793,2073.6303355251375,2088.5485393778363,4028819,1.2281675910466694,0
2026-07-06,2046.3798828125,2081.5867473982344,2039.4180542258837,2078.6031065753987,2567386,-1.7148252342576664,0
2026-07-07,2084.669921875,2111.124724588052,2037.8266642409067,2038.8212111731864,4769048,1.8711109987005425,0
2026-07-08,2046.2803955078125,2098.1956989000228,2037.6278854106638,2082.5813599967723,3666985,-1.8415158181329327,0
2026-07-09,2038.323974609375,2053.7394523387943,2005.006651774823,2046.280350211656,3791498,-0.3888235901543191,0
2026-07-10,2057.717529296875,2121.666943317309,2053.341620075063,2093.7200783959847,6714551,0.9514461356034731,0
2026-07-13,2169.604248046875,2192.8765503750355,2053.8390761022306,2063.684994131224,12382622,5.437418749512801,0
2026-07-14,2188.60009765625,2215.850586742918,2167.1177865856457,2170.996422535663,9546290,0.8755444513198984,0
2026-07-15,2189.199951171875,2202.89990234375,2145.39990234375,2174.10009765625,5426489,0.027408091421876613,0
2026-07-16,2201.0,2231.39990234375,2187.800048828125,2206.0,5197595,0.5390119263344761,0
2026-07-17,2269.0,2275.0,2215.10009765625,2224.800048828125,5615138,3.0895047705588263,0
2026-07-20,2251.10009765625,2283.39990234375,2245.10009765625,2280.10009765625,2202693,-0.7888894818752767,0
2026-07-21,2221.10009765625,2259.89990234375,2218.5,2245.10009765625,2382160,-1.3326817421950632,0
2026-07-22,2208.300048828125,2226.800048828125,2201.0,2216.0,1599665,-0.5762932000062393,0
2026-07-23,2242.89990234375,2250.0,2193.60009765625,2204.0,2503539,1.5668094348857187,0
2026-07-24,2254.300048828125,2264.300048828125,2205.10009765625,2205.10009765625,3211699,0.508277095757248,0
