Date,Close,High,Low,Open,Volume,Daily_Change_%,Crash_Signal
2020-01-01,1129.0003662109375,1172.2636406901183,1126.5071806202825,1167.815052863116,3137636,,0
2020-01-02,1129.8311767578125,1134.0353385181425,1114.5790660395546,1131.1999819366356,3286436,0.07358815565874366,0
2020-01-03,1114.2857666015625,1130.222340421202,1106.7575167446373,1130.222340421202,2695237,-1.3759055756329408,0
2020-01-06,1132.7642822265625,1145.2789019648576,1124.4538242584822,1136.0884892834465,4494752,1.6583282474617933,0
2020-01-07,1134.084228515625,1147.6742963009158,1126.3604860853509,1144.8389395279999,2363578,0.11652435637077296,0
2020-01-08,1117.8056640625,1130.5157777791112,1112.623800731034,1119.4677081169013,2370166,-1.4353928962076878,0
2020-01-09,1137.506103515625,1141.9546905030354,1122.889522296863,1129.2445783655871,1764131,1.762420793389663,0
2020-01-10,1128.3157958984375,1144.5944207585085,1125.0893351190366,1140.9769750892165,1517311,-0.8079347960229466,0
2020-01-13,1133.1065673828125,1136.5285210071513,1122.8896393008808,1129.2446960317957,1135936,0.4245949141002958,0
2020-01-14,1141.0748291015625,1142.590313411948,1131.3467517555612,1136.088577801862,1324743,0.7032226224894744,0
2020-01-15,1158.4290771484375,1164.930813067525,1144.4968370425102,1147.3321939863538,2665214,1.5208685358995222,0
2020-01-16,1166.299560546875,1168.8415593072498,1147.91873379044,1158.4290196645954,1644541,0.6794100349942322,0
2020-01-17,1162.2421875,1170.1615425735617,1157.5981072555205,1168.1573269191224,1034774,-0.3478842986936015,0
2020-01-20,1161.3619384765625,1168.3525234699025,1152.807055982536,1163.4640191876017,1139858,-0.07573714264588194,0
2020-01-21,1149.9720458984375,1157.5004163690057,1135.1110361447284,1157.0603792421493,925998,-0.980735824101997,0
2020-01-22,1151.3895263671875,1159.5043724933232,1145.8654922320825,1155.4470091043845,902471,0.12326216744187324,0
2020-01-23,1177.249755859375,1179.7429411606029,1148.7986804929892,1149.7763814976643,2101116,2.246001800431574,0
2020-01-24,1200.4700927734375,1202.5721736946698,1179.156283580326,1181.9427074302102,2841654,1.9724223172262967,0
2020-01-27,1186.7335205078125,1212.6914104262903,1181.8938289530593,1200.6168269564387,2332864,-1.1442660961165196,0
2020-01-28,1168.352783203125,1196.2172638067143,1161.8022337479074,1187.906804679328,1703068,-1.5488512784927688,0
2020-01-29,1159.748779296875,1180.9649607917545,1155.2513789510767,1171.7745483079234,1380266,-0.7364217409284168,0
2020-01-30,1152.9539794921875,1164.9308175238002,1149.971943508272,1164.4419669918977,1859283,-0.5858854888217246,0
2020-01-31,1161.2642822265625,1168.1571215379115,1153.6871000019732,1159.0644551291011,1809101,0.7207835596382717,0
2020-02-03,1159.944580078125,1165.7130402944001,1136.6264332923756,1143.9102585670175,3595537,-0.11364356663989827,0
2020-02-04,1247.35107421875,1259.0834870716683,1158.5757692256907,1168.352779936456,7875930,7.535402608177888,0
2020-02-05,1251.3104248046875,1268.762361327925,1227.0145822450236,1256.101182899836,5459816,0.31742070598828054,0
2020-02-06,1231.2188720703125,1265.3405402454407,1224.1305400792066,1256.2968063257538,2463971,-1.605640961355459,0
2020-02-07,1246.5687255859375,1250.9683799115348,1230.3389134989416,1235.862947799622,2277867,1.2467201294448893,0
2020-02-10,1229.1656494140625,1246.568774952709,1225.4015244338586,1242.5602247225142,1021943,-1.3960783561046575,0
2020-02-11,1242.364501953125,1250.3817210457316,1230.4855313431462,1234.8362526650947,1351413,1.0738058410072249,0
2020-02-12,1240.7025146484375,1260.2076010046699,1237.6227327637005,1248.4751895186325,1195516,-0.1337761423539252,0
2020-02-13,1269.153564453125,1278.8328276143534,1241.6801919497161,1241.6801919497161,4458645,2.293140335316335,0
2020-02-14,1264.6072998046875,1281.4726419092403,1261.234279123083,1277.8062631908592,1416212,-0.35821233740114256,0
2020-02-17,1286.7034912109375,1292.1296603308742,1259.6211010090917,1264.2163674695541,2347399,1.74727691431662,0
2020-02-18,1281.7659912109375,1289.4898528613428,1272.2334066081103,1284.6990941656536,1761012,-0.38373254084771435,0
2020-02-19,1299.951171875,1303.1776327806383,1282.7925916448185,1287.6321636550142,1445826,1.4187598039547167,0
2020-02-20,1293.3515625,1311.1457898121118,1290.5651389106383,1300.3421475387493,1513648,-0.5076813281748915,0
2020-02-24,1251.359619140625,1288.4145134382586,1245.4444799477724,1280.7883973786786,1341317,-3.2467539822046643,1
2020-02-25,1232.0009765625,1258.056731454704,1228.7746349491536,1256.345754745906,1358874,-1.547008732103694,0
2020-02-26,1227.1124267578125,1238.7470918213667,1217.3354173511718,1227.992381474062,1506693,-0.3967975592298112,0
2020-02-27,1249.404052734375,1257.3234064637563,1222.1261726902762,1222.1261726902762,4569014,1.8165919837891176,0
2020-02-28,1226.5260009765625,1242.3647106831033,1208.0963595465698,1227.0148515150147,2728105,-1.8311171400271053,0
2020-03-02,1216.4066162109375,1265.1449829117264,1200.6167225777435,1246.5686655428526,2773593,-0.8250444554430914,0
2020-03-03,1219.193115234375,1243.635639597534,1197.683693794795,1220.3663086645013,2660100,0.2290762797819479,0
2020-03-04,1223.0550537109375,1237.4273304370654,1190.1555095846127,1224.0327547393163,3007393,0.3167618343891343,0
2020-03-05,1231.072265625,1236.9384717565426,1214.50016169443,1225.5482309814768,1555538,0.6555070345964475,0
2020-03-06,1214.89111328125,1219.1440883224363,1192.5017388235133,1201.5944049239154,1678642,-1.3143950030857887,0
2020-03-09,1176.6141357421875,1214.1578753006415,1148.7985920401775,1197.6836385099723,2285787,-3.1506508789649224,1
2020-03-11,1161.1666259765625,1186.293494141897,1151.2918696657925,1171.2368747496178,2314388,-1.312878138752005,0
2020-03-12,1052.7393798828125,1128.2178370211113,1040.909223583823,1124.3559664408956,3608906,-9.337785264243248,1
2020-03-13,1060.1700439453125,1109.3972648900492,924.9540090513386,1032.0611405011475,4337046,0.7058408001539007,0
2020-03-16,988.7977905273438,1026.53702174814,961.0799936246067,1026.53702174814,3443930,-6.7321514907518365,1
2020-03-17,978.6786499023438,1014.8535850136192,955.995975951799,982.5894536981573,2985146,-1.023378159006938,0
2020-03-18,909.9951782226562,1005.0765975964445,900.4625937610168,1005.0765975964445,5508541,-7.01797997601572,1
2020-03-19,883.3528442382812,903.7868187936898,821.0244061417783,860.3279978645173,4838552,-2.92774452238429,1
2020-03-20,884.7215576171875,913.1726295946507,846.6889691958968,885.8947509437468,4407646,0.15494526200190428,0
2020-03-23,783.089599609375,822.2953844240966,754.0518690230299,820.9266388779987,4960906,-11.487451292758921,1
2020-03-24,797.9017333984375,838.7207486734562,704.8246493010531,787.2937018014085,5404961,1.8914992353941562,0
2020-03-25,861.1589965820312,877.6821667322637,767.2997041006298,781.1830697149967,3564854,7.927951593007232,0
2020-03-26,907.5997314453125,926.6648989514126,852.8484811713842,875.0423034851055,3635282,5.3928177081823625,0
2020-03-27,916.1547241210938,943.4814794236844,876.0201093923536,938.5929743489502,2999631,0.9425953291279487,0
2020-03-30,922.6075439453125,937.6152299608519,841.8005349283561,841.8005349283561,2901412,0.7043373410980491,0
2020-03-31,912.87939453125,950.0320308584045,903.1512580844453,945.436824430483,3811918,-1.0544190189972213,0
2020-04-01,915.177001953125,928.8159427312153,881.8862950984801,908.9686245213643,2935916,0.2516879486643253,0
2020-04-03,843.5603637695312,909.310752348713,836.8631361630881,909.2618792362682,4951957,-7.825441202166694,1
2020-04-07,926.3228149414062,933.6555723666522,872.402581471444,880.0286372588733,4186574,9.811088183665117,0
2020-04-08,893.0809936523438,944.8502737265787,873.4781004654492,914.1504383446038,5505995,-3.5885784904439832,1
2020-04-09,991.2421264648438,1020.7198352312618,896.8939807753641,910.8751526945622,8532854,10.99129121660738,0
2020-04-13,945.2902221679688,991.8777003725174,922.1676284861908,991.8777003725174,4399110,-4.635790093058034,1
2020-04-15,930.8201293945312,967.9238904638024,916.3012949072252,967.9238904638024,5502739,-1.5307566326298372,0
2020-04-16,963.2799072265625,976.7232959343679,894.5964121921388,908.2842261491769,6251879,3.487223450264798,0
2020-04-17,953.747314453125,995.0063081100651,934.9754435357254,978.7764358935693,5761623,-0.9895973851342332,0
2020-04-20,953.747314453125,960.2979230120785,935.659846162625,953.747314453125,2557331,0.0,0
2020-04-21,915.8125610351562,940.7439371449656,911.6573316835214,936.6375809096995,3717567,-3.9774427506220955,1
2020-04-22,930.1847534179688,933.9488783908223,901.9780438196389,915.8125368117524,2779272,1.5693377656414098,0
2020-04-23,892.2499389648438,914.6393164931764,884.8194349827094,901.684777804203,7009187,-4.078202132827191,1
2020-04-24,885.8458862304688,906.2309857474844,873.1846476732267,889.7078167103556,4692972,-0.7177420198879236,0
2020-04-27,907.0620727539062,917.0835076725024,891.7121556266937,893.8142365768323,3816089,2.3950200427885315,0
2020-04-28,912.0484008789062,919.0389872580234,896.5518631017102,909.60414825322,2548149,0.5497229213719868,0
2020-04-29,904.7644653320312,912.7815652261746,897.5294545736595,911.2172676063733,2514908,-0.7986347588412768,0
2020-04-30,948.4188232421875,957.1203858295099,908.2842099679872,914.3459679757968,4336412,4.824941692878704,0
2020-05-04,871.9625854492188,908.2842003220626,866.243058649459,907.7953498374974,4201101,-8.06144246817051,1
2020-05-05,867.1719970703125,888.5836152197917,857.4438592522916,884.8194898783626,5214901,-0.5494029742615925,0
2020-05-06,856.906005859375,872.0603705188884,842.0449395487681,867.2207389024758,3713850,-1.1838471774481274,0
2020-05-07,830.1658935546875,858.9103267663212,827.5261485993224,858.9103267663212,4744629,-3.1205420573368836,1
2020-05-08,814.2782592773438,843.2671179855737,811.7851336459522,837.8897624505933,4751910,-1.9137902918794358,0
2020-05-11,811.1007080078125,832.4146370814102,805.6256063970967,829.5304072596039,3704305,-0.39022916715856226,0
2020-05-12,827.5750122070312,832.0235397621198,803.9146363917778,808.5587160790517,5287477,2.031104650331539,0
2020-05-13,841.2627563476562,864.2387276344266,836.9119753819317,855.4394194820464,3599358,1.6539581232789535,0
2020-05-14,827.1349487304688,836.9119575807107,822.4908695266038,835.9342566956865,2161536,-1.6793573126336225,0
2020-05-15,826.743896484375,840.6272618593939,823.2241969466542,827.135000732624,2130736,-0.04727792565094591,0
2020-05-18,799.0750122070312,826.1573417348218,791.9378068700659,822.7353882483462,4634758,-3.3467297908097327,1
2020-05-19,808.3630981445312,825.3262446890622,799.9060211016609,808.8519485981352,3072505,1.1623546970698673,0
2020-05-20,829.7747802734375,834.9565831992159,800.345946864398,805.6255556863629,3403474,2.648770358030128,0
2020-05-21,830.8991088867188,840.8227971647684,825.081836110754,834.9565916031538,2217516,0.13549804597710047,0
2020-05-22,830.70361328125,836.8631171626934,819.2156274334465,826.0595338959677,1955658,-0.023528200160272128,0
2020-05-26,872.842529296875,876.9488852507959,836.0809971860596,836.9120191297956,5625204,5.072677588240859,0
2020-05-27,866.0963745117188,870.8871331017739,849.1332866672923,865.1676063358435,3925259,-0.772894830249693,0
2020-05-28,879.3931884765625,883.9394623845942,855.4883867630427,866.0964188892508,3441157,1.5352580100961744,0
2020-05-29,870.1538696289062,877.9754774457953,855.4883549722392,875.4823518889882,4140081,-1.0506470790002553,0
2020-06-01,937.5175170898438,957.1692834107481,878.4643525480666,878.4643525480666,9822341,7.741578795675075,0
2020-06-02,954.3828125,962.0577411384132,925.2472762587395,937.5174710013845,4518557,1.7989312309073302,0
2020-06-03,962.39990234375,982.589450748686,957.8536287492416,966.9462356123885,4194237,0.8400287325742273,0
2020-06-04,949.592041015625,955.6537987978609,921.3364598894979,948.4676610613728,5293647,-1.3308252938236786,0
2020-06-05,968.8527221679688,972.8123988919497,945.4367735964978,955.2137826305877,3136137,2.0283111399863607,0
2020-06-08,1002.1434936523438,1026.5860178877667,983.6160483470668,986.500278141673,7033675,3.436102384052897,0
2020-06-09,974.8656616210938,1023.6529663111149,967.1907324959603,1013.8759561266726,17283990,-2.721948723314571,1
2020-06-10,955.458251953125,986.4513839564229,949.2009420128667,974.8655919118378,5971985,-1.990777850939618,0
2020-06-11,930.0380859375,954.2361859395533,927.9360048959509,954.2361859395533,4955842,-2.660520850980319,1
2020-06-12,955.8982543945312,962.839907441585,880.9085777397914,889.7567596213304,6968318,2.780549404163768,0
2020-06-15,927.2516479492188,964.5509051209467,923.9274406950542,958.0981024206662,3823415,-2.9968258979045204,1
2020-06-16,936.6864013671875,948.3699398809596,912.8305335292999,943.4814350362124,2976379,1.0174965381658074,0
2020-06-17,941.5260620117188,951.1563929819569,924.6607197794216,933.7044540199288,2372940,0.5166788625806218,0
2020-06-18,954.2361450195312,958.635799376691,932.3845522486239,936.7352738180656,2118941,1.349944894850319,0
2020-06-19,954.0894775390625,972.7636020630237,951.3030536154942,958.1469604760373,2817395,-0.015370145140092273,0
2020-06-22,957.6580810546875,965.968539134284,946.9522437114399,957.1692305794171,1840153,0.3740323732350337,0
2020-06-23,976.9676513671875,985.5225344789842,959.6134599118284,959.6134599118284,2929867,2.0163324149297557,0
2020-06-24,966.1641235351562,1003.1212087653697,963.1821474712162,987.4779930341359,3451720,-1.1058224719019738,0
2020-06-25,955.8004150390625,971.8347343241225,951.8407381670346,963.0354258644472,2214883,-1.0726654243973899,0
2020-06-26,944.6546630859375,967.8261873704647,940.4505609657544,965.9685317090646,2514103,-1.1661170865540416,0
2020-06-29,936.0997924804688,949.9342252066925,914.1503940782034,943.3836765392335,3422997,-0.9056082545045863,0
2020-06-30,928.669189453125,950.2764154607218,925.2961690385469,943.4813821724263,1947529,-0.7937832148914636,0
2020-07-01,927.0560913085938,946.9034094848065,923.9274362035542,928.815941157012,3043306,-0.17369997442051588,0
2020-07-02,964.404296875,971.8348006562393,931.8468056127023,935.6109902929637,3845200,4.028688869697961,0
2020-07-03,981.1229858398438,985.5226404848655,964.3065161507114,969.8794239692327,3073808,1.7335767809224745,0
2020-07-06,991.5843505859375,997.0594522304299,973.4480092551574,984.5448915614955,2509450,1.0662643620706458,0
2020-07-07,993.588623046875,1006.0543105684962,984.5448889625615,992.3664968192651,3538454,0.20212828689289974,0
2020-07-08,969.04833984375,1006.0542976717412,965.0397300640971,1003.1211947630771,4272654,-2.469863546532103,1
2020-07-09,969.4882202148438,980.1451842423423,956.5336828670023,972.8124272529981,3585878,0.0453930266435032,0
2020-07-10,940.4016723632812,964.9908761053242,936.0509507017072,963.0843472420221,3691688,-3.0001961081194795,1
2020-07-13,944.80126953125,952.2318324013319,937.6151915677184,952.2318324013319,2760626,0.4678423377228125,0
2020-07-14,952.0850830078125,956.0936923276547,933.7043188233916,938.5928231104251,3642970,0.7709360382396779,0
2020-07-15,946.3656616210938,963.8175999880236,941.9171341622814,957.1692453565328,2366530,-0.600725868811014,0
2020-07-16,939.912841796875,951.254209313772,920.798798992241,946.9034278858198,2914310,-0.681852700906882,0
2020-07-17,975.598876953125,977.7009578822241,935.1220931012793,938.5929195669352,3843594,3.79673875803499,0
2020-07-20,979.363037109375,989.9221952572937,964.0131205172262,977.7009335874504,3349775,0.3858307184614329,0
2020-07-21,992.5131225585938,994.7129496502059,976.9676539082159,981.6117333238417,2491480,1.3427181699680713,0
2020-07-22,1034.1141357421875,1042.1801677112924,992.9529540482835,997.499286845974,7642553,4.191482433637828,0
2020-07-23,1046.3355712890625,1058.8501919339603,1027.661505901155,1044.1357440205018,6785686,1.1818265628971147,0
2020-07-24,1034.0164794921875,1042.2291911722018,1009.6717024703897,1041.055997795739,4407065,-1.1773557293572767,0
2020-07-27,1018.8621215820312,1048.5842539074274,1016.1734440079096,1033.4298893987418,2783336,-1.4655818558712563,0
2020-07-28,1029.225830078125,1031.4256574031838,1005.6144456011123,1021.697579860566,3129955,1.0171845901977061,0
2020-07-29,1017.2489013671875,1042.962483982267,1013.0936723473378,1033.2344073103936,2332468,-1.1636832618190707,0
2020-07-30,1018.6177978515625,1034.1143353624154,1016.7601420183145,1018.7644768762373,2297977,0.13456848982931202,0
2020-07-31,1019.986572265625,1027.6615012761874,1009.6717789357097,1022.1863995242855,1786573,0.13437566248590826,0
2020-08-03,1057.3804931640625,1074.3598727307594,1023.6672199025319,1027.5930769299625,7646498,3.666118938740248,0
2020-08-04,1055.2701416015625,1069.0106388609975,1045.5046218295151,1068.7652728385076,3357481,-0.1995829860814924,0
2020-08-05,1084.95947265625,1093.7926498105435,1058.0183302587081,1062.9256508999822,5465772,2.8134341989084044,0
2020-08-06,1099.386962890625,1104.147039499387,1071.0226283144052,1084.9593696899267,4499103,1.3297722724198158,0
2020-08-07,1070.826416015625,1110.4284670759005,1065.9190956907426,1094.2833113224624,4553672,-2.5978611570857235,1
2020-08-10,1087.0206298828125,1093.9398800178412,1063.9071020219221,1072.7402790682295,5185798,1.512309896821895,0
2020-08-11,1046.4862060546875,1067.5385652780533,1029.163338916732,1054.0925536250732,11189277,-3.7289470607834607,1
2020-08-12,1036.7694091796875,1056.938541072109,1029.114062331351,1048.2034880435574,6260227,-0.9285164791261735,0
2020-08-13,1077.30419921875,1082.7022522993445,1042.3149766530037,1044.3270261788273,5476727,3.9097208771943226,0
2020-08-14,1083.68359375,1098.2583114552397,1069.8449741087384,1077.3040771955236,4149195,0.5921627833509024,0
2020-08-17,1103.0181884765625,1105.3246046976542,1085.4990816893007,1092.3693290417646,3033448,1.7841549727311667,0
2020-08-18,1124.316162109375,1130.4503122675212,1104.245150907348,1108.023763443242,4134374,1.9308814537526642,0
2020-08-19,1127.113525390625,1137.5170220796958,1123.776523107206,1137.369778486319,2570066,0.2488057519338449,0
2020-08-20,1104.8341064453125,1117.2987725916646,1098.0620998972258,1109.1035711921036,2727302,-1.9766792291478485,0
2020-08-21,1117.0042724609375,1122.5986897366129,1108.1710955276255,1116.611662857931,2181243,1.1015378638862927,0
2020-08-24,1105.7666015625,1125.4940068911515,1103.1656976199297,1118.869123920569,2122417,-1.0060544239172131,0
2020-08-25,1115.43408203125,1117.8877425724538,1102.08619264863,1110.0360288406016,1465877,0.8742785733525826,0
2020-08-26,1113.176513671875,1128.6836940876078,1106.2572637796534,1118.574566121859,2009966,-0.20239370445485072,0
2020-08-27,1116.5625,1127.2113600230223,1106.1098848462743,1118.8689163484942,1459135,0.3041733531509827,0
2020-08-28,1113.0784912109375,1126.966233177659,1110.6248307859917,1126.966233177659,1628956,-0.3120298943464883,0
2020-08-31,1080.101318359375,1131.6281872497586,1065.8700879039357,1110.0359755242646,3373546,-2.96269967589492,1
2020-09-01,1099.288818359375,1108.7108489455845,1075.3410724223622,1084.5177370047247,2043953,1.776453715392634,0
2020-09-02,1100.5157470703125,1103.803627855191,1082.1622964520739,1096.2462823744,1919880,0.11161113352982088,0
2020-09-03,1163.3294677734375,1169.5126198364308,1100.5157641790524,1100.5157641790524,5945052,5.707662145711367,0
2020-09-04,1137.7620849609375,1175.8429341748895,1133.590863170052,1140.0685012837873,3490945,-2.197776599043333,1
2020-09-07,1146.0556640625,1154.6434755550697,1127.9968191699495,1142.4242945544115,2166322,0.7289379046101052,0
2020-09-08,1141.0010986328125,1152.336936718301,1133.1983874181933,1146.055542730074,1994062,-0.4410401334059344,0
2020-09-09,1139.577880859375,1150.079618045459,1127.0152129440112,1135.4557797855696,1918422,-0.12473412822676666,0
2020-09-10,1133.836181640625,1144.239675121554,1117.6420271311506,1143.4054547598598,1841208,-0.5038443896805078,0
2020-09-11,1146.1044921875,1171.867920078677,1133.5908272117856,1134.5722911314494,5572098,1.0820179092470905,0
2020-09-14,1165.979248046875,1169.5124945339783,1146.3008466530027,1146.8406997834793,2019325,1.7341137736438972,0
2020-09-15,1152.7786865234375,1197.3861811693598,1148.4602205970389,1172.653334202683,5204233,-1.1321437791924405,0
2020-09-16,1159.7960205078125,1166.960755999234,1143.1111316499598,1158.1275795450765,2463561,0.6087321067270945,0
2020-09-17,1160.4832763671875,1169.4636976219426,1146.3992892732172,1153.1712963039652,2019300,0.05925661471697374,0
2020-09-18,1142.03173828125,1179.229256045633,1135.8975869285366,1163.0350964744696,2575064,-1.589987418319272,0
2020-09-21,1099.1416015625,1150.0796091631803,1094.3815249334675,1142.0315321564283,2666086,-3.755599365679574,1
2020-09-22,1083.9779052734375,1106.6006991978252,1072.8874335651628,1099.2397189370856,2000953,-1.3795944278249817,0
2020-09-23,1096.491455078125,1101.1534087473476,1082.5547151900187,1086.9713028766507,2068183,1.1544100432131055,0
2020-09-24,1075.83203125,1093.253021196057,1056.0555032088628,1092.3696794344464,2356296,-1.8841390630493393,0
2020-09-25,1088.7872314453125,1094.3325278574175,1061.2081127765316,1077.2060263534656,2275740,1.2042028698717955,0
2020-09-28,1117.6422119140625,1122.7457771650654,1087.8056801657647,1098.2582964933795,2509616,2.6501946050971226,0
2020-09-29,1145.6629638671875,1152.385968239612,1118.2309734521298,1123.776268959172,3586518,2.507130784290701,0
2020-09-30,1179.081787109375,1182.664154776238,1141.6880315713352,1151.2573058527196,3635996,2.9169855617381835,0
2020-10-01,1176.4320068359375,1188.5530649154562,1160.0906050619894,1181.290206370631,2990243,-0.22473252512310582,0
2020-10-05,1172.211669921875,1193.4603924831217,1166.6663735775112,1178.738430404794,2151235,-0.35874040229603166,0
2020-10-06,1177.7076416015625,1193.4110651045364,1169.9050509715676,1181.6826185987982,2087249,0.46885488523193963,0
2020-10-07,1230.7559814453125,1244.4964788458185,1178.1985309653257,1182.6642405435418,9411156,4.504372559866354,0
2020-10-08,1230.9031982421875,1239.1475204646524,1210.7340635021949,1233.7003469049096,3144780,0.011961493512480104,0
2020-10-09,1231.9337158203125,1245.4779686028764,1224.376490017406,1230.9032503786245,1873176,0.08372044037230353,0
2020-10-12,1233.455078125,1237.9697892813363,1213.0896968868112,1236.841081540343,2009418,0.12349384428320676,0
2020-10-13,1206.072021484375,1258.1387349979377,1200.9684565691437,1234.2401103802142,4735253,-2.2200286922690826,1
2020-10-14,1200.7720947265625,1225.7994269735404,1195.9630169251986,1201.6554362968031,4096708,-0.43943700404306396,0
2020-10-15,1191.104736328125,1214.6108719972542,1187.5714897416576,1200.2323998334857,2727327,-0.8050951917431881,0
2020-10-16,1200.477783203125,1217.0645496992393,1193.4602912461971,1193.5094123720116,2772602,0.7869204604034064,0
2020-10-19,1206.0230712890625,1211.7154908884754,1190.614013835766,1202.3915824233247,1606979,0.46192342445035006,0
2020-10-20,1210.635986328125,1222.4626768415737,1194.539950874275,1207.2008619242754,2841242,0.38248978389210375,0
2020-10-21,1221.62841796875,1233.2588643578179,1206.2194782526144,1217.997048422697,2687516,0.9079881785081678,0
2020-10-22,1206.660888671875,1229.7744142124025,1197.386101627399,1217.1626255461294,1973416,-1.2252112898422984,0
2020-10-23,1218.683837890625,1224.670864318556,1208.378465577632,1212.1080768139539,1527141,0.9963817781467377,0
2020-10-26,1192.9696044921875,1226.8301156850962,1188.062284029447,1226.8301156850962,1425518,-2.1100003625998176,1
2020-10-27,1208.967529296875,1214.0710947064615,1191.0558094275193,1196.4047408627134,1778338,1.3410169667732008,0
2020-10-28,1194.44189453125,1217.9970346041753,1163.3785295985524,1208.9676121659425,4810354,-1.201490893148549,0
2020-10-29,1156.3609619140625,1178.738391456777,1134.1308957564231,1178.738391456777,5274120,-3.1881779089917184,1
2020-10-30,1144.1417236328125,1165.7830539972977,1137.6149636968864,1154.5943397939423,2275592,-1.056697578325727,0
2020-11-02,1146.8409423828125,1160.0907093679798,1132.6097111765218,1145.8594781616891,2502801,0.23591646858480697,0
2020-11-03,1177.7076416015625,1182.9585696814602,1153.023918628916,1156.1645554064653,2079628,2.6914542442666667,0
2020-11-04,1193.11669921875,1195.3249931514847,1170.5920292202895,1177.7076430035452,2043263,1.3083941271055055,0
2020-11-05,1219.07666015625,1230.6088645185268,1187.8170493145008,1201.459425670552,2215527,2.1758107110979585,0
2020-11-06,1230.26513671875,1242.3861932825366,1216.0339085716246,1219.0764230415552,2546487,0.9177828538744937,0
2020-11-09,1261.2305908203125,1263.8313750478776,1229.234762747089,1241.9447957464301,1840061,2.516974038958031,0
2020-11-10,1281.203369140625,1287.6810087903903,1250.7288583189857,1262.1629400186293,2898878,1.5835945041042798,0
2020-11-11,1251.072265625,1294.256686897546,1240.2761603068634,1285.6198745276158,2872916,-2.351781476802983,1
2020-11-12,1254.4093017578125,1271.9775339427777,1243.5150736925148,1263.0952354933484,3650248,0.2667340827946063,0
2020-11-13,1264.5672607421875,1279.8290740808463,1254.7526206035307,1272.9588259837865,3107920,0.8097802663086684,0
2020-11-14,1262.947998046875,1273.8422251316467,1255.3906529139686,1270.9959554012696,288198,-0.12804875988661202,0
2020-11-17,1277.8170166015625,1280.6142848689444,1253.6240246635396,1272.9588176876368,2185705,1.1773262697816644,0
2020-11-18,1256.3721923828125,1278.847744626727,1243.515036409872,1277.8171593806828,2934467,-1.6782390545857617,0
2020-11-19,1268.493408203125,1320.6582564852135,1246.5087050881787,1254.8511511225108,6942825,0.96477905940624,0
2020-11-20,1339.8455810546875,1345.8816085148173,1271.5847130782922,1271.9282015109989,10421957,5.62495416926414,0
2020-11-23,1322.6209716796875,1349.5131114623537,1307.310155976622,1349.5131114623537,2995116,-1.2855667562407636,0
2020-11-24,1302.550048828125,1339.1585863151543,1298.7223150395423,1322.6209408956731,2876893,-1.517511311352715,0
2020-11-25,1282.724365234375,1320.0691194741455,1276.246726602197,1306.3286230632623,3417818,-1.5220669341332926,0
2020-11-26,1302.79541015625,1308.291584900986,1283.9022271034787,1292.5390389001714,2819881,1.564720018256427,0
2020-11-27,1335.9688720703125,1343.0354854065147,1289.2022040039233,1308.291632641165,5497388,2.5463293511361007,0
2020-12-01,1316.241455078125,1360.7018258708322,1310.2545481455024,1357.36482403388,2881906,-1.4766374729687004,0
2020-12-02,1363.253662109375,1366.2471755971749,1318.5970446680672,1322.9645120771863,2969071,3.5717008342105228,0
2020-12-03,1392.2066650390625,1397.6047169655446,1360.3582065958644,1372.9699948625769,3939085,2.123816259175726,0
2020-12-04,1410.5111083984375,1413.8481101890586,1387.4957041337727,1392.2067795802527,2229459,1.3147791789131613,0
2020-12-07,1398.880859375,1409.3824775450757,1391.7161233697195,1409.3824775450757,1430365,-0.8245414696976816,0
2020-12-08,1401.3834228515625,1409.0388903811127,1386.1707300437727,1398.880761403242,1666175,0.17889754225963728,0
2020-12-09,1399.7149658203125,1408.4008986203141,1391.2743990305235,1403.493578416062,1579066,-0.11905785412067438,0
2020-12-10,1397.80126953125,1418.2157728700136,1389.311700024197,1401.530881424484,2588422,-0.13672042778659632,0
2020-12-11,1415.663818359375,1422.9756778602452,1396.623391173142,1401.039979550007,1398271,1.2779033198413892,0
2020-12-14,1436.3236083984375,1442.2615142057668,1418.2156434347282,1424.10442811335,2453825,1.4593711989478786,0
2020-12-15,1441.525390625,1448.641005319149,1422.4359618858175,1433.4283118351063,2035503,0.3621594880253154,0
2020-12-16,1476.5635986328125,1482.0107722419184,1441.9669895457082,1449.6224573518632,2638988,2.4306341210279303,0
2020-12-17,1474.10986328125,1491.8253370821492,1464.638831164951,1467.4359797104555,1951230,-0.16617877847148188,0
2020-12-18,1491.187255859375,1496.7325512402467,1469.3496825707878,1474.1588799756398,3299825,1.158488454864015,0
2020-12-21,1444.37158203125,1500.2169100081094,1424.1043255931586,1486.1328051528717,2298069,-3.1394899362350737,1
2020-12-22,1471.018310546875,1482.010659568975,1424.3005276839037,1438.826242998753,3305444,1.8448665736105818,0
2020-12-23,1463.215576171875,1491.6290307735944,1450.652908893077,1476.808828570715,2847742,-0.5304308123873169,0
2020-12-24,1468.172119140625,1491.825379151168,1458.4556009333128,1491.825379151168,1947894,0.3387431797109208,0
2020-12-28,1514.9390869140625,1518.963066101032,1468.4176606991748,1475.435153566009,2497242,3.1853872692264362,0
2020-12-29,1511.5528564453125,1527.9923803377965,1500.1187755675214,1525.1952315773178,2081338,-0.22352254938828864,0
2020-12-30,1523.821044921875,1526.8635594851082,1504.878860829732,1519.3063342982755,1151230,0.811628149439203,0
2020-12-31,1538.1014404296875,1541.8800531356176,1515.5767681508012,1520.2878436073022,2031709,0.9371438697084455,0
2021-01-01,1529.7099609375,1543.8430682960147,1527.1090570452777,1533.1450853742679,1003018,-0.5455738660411935,0
2021-01-04,1522.1527099609375,1537.9542581475773,1509.491798998707,1536.9727940389955,1383979,-0.49403162491868935,0
2021-01-05,1541.8309326171875,1547.621594590863,1512.9268636829795,1516.3619879274754,1351709,1.2927889907153212,0
2021-01-06,1543.4505615234375,1591.2969407949572,1532.8998214789485,1548.7504921119646,3312171,0.10504581741013208,0
2021-01-07,1513.760986328125,1540.8984900669423,1506.54724984252,1540.8984900669423,2820445,-1.92358446298454,0
2021-01-08,1519.895263671875,1526.4711449501906,1493.2976108318603,1519.2082867328938,3478504,0.4052342079861493,0
2021-01-11,1534.9117431640625,1542.8615784809688,1517.0490245057224,1531.0840091795874,1425529,0.9879943606054598,0
2021-01-12,1498.7938232421875,1531.8692357401935,1495.7513084529237,1531.0840165266147,2550741,-2.353094246801557,1
2021-01-13,1477.888671875,1507.5288394143934,1467.2888117998164,1501.6400548854308,3527208,-1.3947983400388941,0
2021-01-14,1462.3323974609375,1489.7152699920218,1452.6159986533273,1480.0478725051553,2814477,-1.0526012351340541,0
2021-01-15,1449.8677978515625,1481.0292820836066,1444.0281345563242,1462.3323436213298,1725346,-0.8523779977122392,0
2021-01-18,1475.6802978515625,1481.0292289196418,1432.937491201244,1439.8077394467293,2302268,1.7803347338460451,0
2021-01-19,1491.727294921875,1495.7512737308853,1473.1775996522695,1489.8624891886377,2279346,1.0874304613048835,0
2021-01-20,1502.916015625,1512.4361694172944,1491.7273009877072,1491.7273009877072,1838240,0.7500513492790128,0
2021-01-21,1489.1754150390625,1521.1219972107917,1484.0227289009495,1504.682474770145,1558030,-0.9142627028446038,0
2021-01-22,1463.5592041015625,1506.2528920462182,1459.4371028437506,1493.7883460176115,1364197,-1.7201607465986868,0
2021-01-25,1472.0487060546875,1484.758736304232,1451.339840325013,1477.152390564574,1604484,0.5800586631093285,0
2021-01-27,1413.9952392578125,1477.1034269502316,1405.4565497626124,1477.1034269502316,2021747,-3.943719155357772,1
2021-01-28,1423.220947265625,1427.4902917785773,1389.4095597988546,1393.678904311807,1850239,0.6524567941724513,0
2021-01-29,1393.973388671875,1442.0160042914981,1389.0169474722086,1429.0116060904686,2435997,-2.055025865797022,1
2021-02-01,1473.7174072265625,1480.5876556466117,1397.2613329904923,1411.1490734011163,2215933,5.720627036550852,0
2021-02-02,1457.915771484375,1507.5288287117075,1454.5297683273116,1486.9180830066646,1974202,-1.0722297005316017,0
2021-02-03,1496.8800048828125,1500.6586177285167,1464.344445814877,1464.344445814877,1853072,2.672598387406566,0
2021-02-04,1485.5439453125,1511.454619900897,1460.5166123206345,1501.63997951193,2728965,-0.7573125122477653,0
2021-02-05,1481.470947265625,1510.424138400188,1476.6127478627081,1490.402366478662,1344007,-0.2741755341352903,0
2021-02-08,1513.123046875,1535.843963127226,1482.0598061767896,1485.9365411715933,2683198,2.136531915647466,0
2021-02-09,1530.98583984375,1555.277075783929,1514.448194084386,1519.306393349371,2364475,1.1805248096406595,0
2021-02-10,1534.175537109375,1558.5648945263006,1497.7141240850974,1546.1984715917094,2125469,0.20834270197760407,0
2021-02-11,1496.4383544921875,1546.6893912903001,1483.2377094838555,1523.232373941402,5970196,-2.4597695442524325,1
2021-02-12,1466.503662109375,1508.2158878330922,1463.3630248014663,1508.2158878330922,3284441,-2.0003959597099996,1
2021-02-15,1457.2288818359375,1490.353296560277,1449.377168716094,1478.0849948105215,3156535,-0.6324416715125625,0
2021-02-16,1444.56787109375,1477.1034290574373,1433.9190098690472,1464.4916396878077,3090249,-0.868841600657555,0
2021-02-17,1433.330078125,1455.511141005502,1422.6320963502865,1442.163254301028,2096959,-0.7779345777807811,0
2021-02-18,1406.43798828125,1444.616963913494,1402.5121320683227,1437.9429604284678,2686046,-1.8761965756644572,0
2021-02-19,1399.1260986328125,1418.1174036890245,1386.612432225777,1407.4194217795248,2543997,-0.5198870984260751,0
2021-02-22,1379.202392578125,1406.5361431288222,1370.123849876579,1398.5863080760207,1931189,-1.424010750293081,0
2021-02-23,1397.6541748046875,1410.3149674363453,1374.1971559114702,1388.7718756627269,1871135,1.3378589194636525,0
2021-02-24,1424.938720703125,1446.6781758691998,1397.6540888637155,1397.6540888637155,1143204,1.9521671662627416,0
2021-02-25,1407.861083984375,1435.8328099137289,1403.9843488400234,1432.9375388370738,1967386,-1.1984821852776384,0
2021-02-26,1380.822021484375,1405.4076280687261,1377.092409562038,1393.6791786782585,2715597,-1.9205774495504202,0
2021-03-01,1425.2330322265625,1438.8262852436358,1390.3419376183763,1395.1511353846033,1962042,3.2162733539291333,0
2021-03-02,1443.880859375,1446.6780079525968,1423.1228707810483,1441.770687708524,1293306,1.3084054836495884,0
2021-03-03,1447.26708984375,1454.1864603982508,1438.9737652511044,1444.71530687737,1227772,0.23452284492613273,0
2021-03-04,1443.242919921875,1460.0750527420607,1423.6627595807695,1425.0858345641363,1822476,-0.27805302491259454,0
2021-03-05,1446.8741455078125,1465.325716179807,1435.0965777957176,1437.8447248515854,1954113,0.251601829173298,0
2021-03-08,1429.7476806640625,1453.7935486415943,1424.1042626693356,1447.659398647326,1060584,-1.1836872541349575,0
2021-03-09,1429.8951416015625,1451.487352863887,1418.2156942754143,1442.7522979826015,941590,0.01031377350662055,0
2021-03-10,1443.97900390625,1453.5482785285683,1435.8819253796728,1442.7521738264657,1257628,0.9849577003886223,0
2021-03-12,1455.0205078125,1479.8515971167694,1451.0946514676434,1452.5668475969646,2631081,0.7646582032273752,0
2021-03-15,1464.5406494140625,1469.1536024656968,1443.733658881446,1469.1536024656968,1482287,0.6542960425949707,0
2021-03-16,1473.1285400390625,1502.6215851094303,1469.1536821916416,1477.1035176941166,3191850,0.586388000117033,0
2021-03-17,1445.2550048828125,1471.7545355187253,1442.8013446387465,1466.5527278782538,1195023,-1.8921319082930044,0
2021-03-18,1440.9854736328125,1465.227707608675,1435.8819084840118,1458.0629721039898,1242978,-0.29541715721967954,0
2021-03-19,1438.286376953125,1443.5863065370384,1405.5055750607332,1423.122806012112,2360672,-0.18730908319866124,0
2021-03-22,1433.23193359375,1441.427134069226,1421.1598784162006,1437.844766491529,1331121,-0.35142120792955867,0
2021-03-23,1467.63232421875,1486.72187292956,1427.0488074725793,1433.2320792519429,2534795,2.400197052457731,0
2021-03-24,1460.565673828125,1480.8329293655952,1449.082473157183,1458.4555022691059,1871092,-0.48150005106945004,0
2021-03-25,1423.9571533203125,1470.723941246052,1420.9146385979125,1456.5908343656454,1609996,-2.5064617883194584,1
2021-03-26,1477.9376220703125,1484.3662595484363,1429.9931269836882,1432.8393967024215,1922278,3.790877318473451,0
2021-03-30,1523.4285888671875,1534.0284494930725,1482.0108501180673,1482.0108501180673,3466042,3.078003165867771,0
2021-03-31,1529.1700439453125,1538.3467084487343,1508.2648126743147,1521.1710883271787,1431746,0.376877204490067,0
2021-04-01,1530.4459228515625,1563.766698807899,1522.7905752439483,1531.083898437436,1343989,0.08343603847733583,0
2021-04-05,1506.5474853515625,1530.102625187678,1472.1962397572272,1512.5343927650479,1376233,-1.5615342654820452,0
2021-04-06,1497.2236328125,1519.3065772492625,1481.029473558874,1501.1494896012578,1400544,-0.6188887260255682,0
2021-04-07,1486.0347900390625,1532.5070918439505,1480.047882909245,1493.8865029457427,2592185,-0.747306048891272,0
2021-04-08,1542.1746826171875,1549.7319087265548,1497.2235761636223,1500.9040667638278,2085919,3.7778316466365647,0
2021-04-09,1562.49072265625,1588.008787222244,1532.3598251109897,1540.800391736679,3569146,1.3173630891530896,0
2021-04-12,1482.45263671875,1543.4997852922202,1474.4046777471337,1541.880345309201,1889829,-5.122467914653239,1
2021-04-13,1502.2288818359375,1524.5081881133017,1488.5375059801595,1500.2659536956037,1880575,1.3340220542195524,0
2021-04-15,1510.03173828125,1525.6860437826617,1487.4580624967527,1516.3621342195,1313429,0.5194186145440316,0
2021-04-16,1520.3369140625,1530.887652457645,1501.4437313549151,1501.4437313549151,1501276,0.6824476280862468,0
2021-04-19,1490.5494384765625,1504.0445694688551,1472.2942306957866,1496.7327100542634,1439975,-1.9592680615997282,0
2021-04-20,1494.671630859375,1531.083923278381,1482.010720609202,1495.9474622441994,1789104,0.2765552269789584,0
2021-04-22,1453.4010009765625,1501.6399825473702,1445.8437757848305,1501.6399825473702,2200432,-2.761183729638572,1
2021-04-23,1434.360595703125,1469.1535683482782,1424.693198719891,1450.6038737414801,1726070,-1.3100586321768026,0
2021-04-26,1452.4197998046875,1462.1363195294934,1437.9923237156065,1442.752401213865,1020499,1.2590421234145666,0
2021-04-27,1467.386962890625,1475.680406482046,1454.5298070462763,1457.4741993682326,1145908,1.0304984198060474,0
2021-04-28,1480.882080078125,1486.8199857931638,1464.0499468384867,1477.1034672629316,1037771,0.9196699663267971,0
2021-04-29,1478.8701171875,1499.186375631435,1469.2517213225915,1495.7512513664858,1927546,-0.1358624645197204,0
2021-04-30,1464.0008544921875,1488.4393329706652,1443.7335981702179,1472.1960552381556,3691399,-1.005447504990542,0
2021-05-03,1397.5556640625,1449.6223790179818,1394.6603930836507,1449.6223790179818,3945733,-4.538603254622764,1
2021-05-04,1376.89599609375,1407.419505337237,1374.0988473982247,1407.419505337237,3194977,-1.4782715637025268,0
2021-05-05,1401.92333984375,1405.358464182582,1377.3867374235206,1379.9385201136986,1819256,1.817664066204161,0
2021-05-06,1417.626708984375,1421.6015665337125,1404.475066648919,1409.1861420491978,1464006,1.120130373346595,0
2021-05-07,1419.687744140625,1432.2014107412424,1413.2101053912418,1422.141404258393,1190019,0.14538630961085097,0
2021-05-10,1428.177490234375,1442.5068419437998,1418.2156057892776,1427.4413921690864,1322561,0.5980009427276611,0
2021-05-11,1408.6463623046875,1430.9255496537596,1405.456603950749,1412.4249751624425,1582827,-1.36755606801241,0
2021-05-12,1427.9813232421875,1432.9377654910877,1399.4207383161886,1404.4753030258537,1358169,1.372591549937785,0
2021-05-14,1428.8643798828125,1450.407587162091,1406.437950825246,1441.7706558006184,1876873,0.061839509120464875,0
2021-05-17,1441.083740234375,1443.537400406532,1411.3453310247803,1434.9004686774888,2218758,0.8551798563670943,0
2021-05-18,1510.718505859375,1518.4229745215287,1448.8862720642537,1452.5667621711061,3075596,4.832110978760662,0
2021-05-19,1492.9539794921875,1525.0969253184567,1488.6846350767864,1494.033565924829,1504440,-1.1758991697187193,0
2021-05-20,1502.965087890625,1537.2182103623816,1494.2791542070077,1494.7698862773548,3032029,0.6705570657872917,0
2021-05-21,1509.835205078125,1524.0664338759116,1505.1242494986045,1523.428458278624,1158893,0.4571042429962313,0
2021-05-24,1492.5615234375,1506.5473868003041,1477.5450748512271,1503.750238089269,1126532,-1.1440772862182147,0
2021-05-25,1540.0643310546875,1545.7077493166673,1506.5473099372305,1507.5287739827922,2530758,3.182636485749968,0
2021-05-26,1553.6085205078125,1584.0830281736085,1547.4253686764694,1550.713249389282,3839248,0.8794560837500631,0
2021-05-27,1564.69921875,1577.1637655129266,1538.2978091937575,1561.2149730997621,2810155,0.7138669810180076,0
2021-05-28,1547.7689208984375,1582.365531210213,1541.4385252325271,1565.4352751001952,1028675,-1.0820161248043414,0
2021-05-31,1566.662109375,1578.4396788738254,1539.9172119714174,1541.5366517390323,1525715,1.22067242864623,0
2021-06-01,1561.902099609375,1582.1202374917243,1559.8410488198276,1578.1943808230103,1111933,-0.30383129438956713,0
2021-06-02,1556.307373046875,1567.1525978644893,1535.205897641153,1551.6945402998324,1859258,-0.3581995673031746,0
2021-06-03,1659.8519287109375,1670.7462753497484,1559.1047413253184,1571.3239206427459,7221910,6.653220145153416,0
2021-06-04,1648.3687744140625,1682.0330372596468,1634.6282785273122,1682.0330372596468,2952017,-0.6918179928129486,0
2021-06-07,1653.8651123046875,1682.0822048616,1644.9338130568945,1654.6012103713895,1471576,0.3334410343085237,0
2021-06-08,1680.7572021484375,1694.0069669536952,1643.1670807408416,1654.7484045677463,1743285,1.6260146999700353,0
2021-06-09,1698.6690673828125,1707.649488262758,1664.7104319588445,1683.1618859831453,2551140,1.0657021258917654,0
2021-06-10,1706.422607421875,1713.489101126473,1690.277450846345,1709.1216337379915,1850763,0.45644794433141733,0
2021-06-11,1696.41162109375,1710.6919720537405,1692.584006847481,1704.3615763624812,761647,-0.5866651253085498,0
2021-06-14,1702.6439208984375,1707.7474861523942,1681.2479561948571,1696.411528191953,887780,0.3673813434895701,0
2021-06-15,1691.4552001953125,1716.531535269524,1687.7255888106815,1715.599192327179,868275,-0.6571380290261164,0
2021-06-16,1683.1617431640625,1696.9513611415011,1674.868419773263,1692.0440408374482,1116772,-0.49031490933323374,0
2021-06-17,1679.677734375,1690.0812301811388,1669.8630930847494,1674.3778041167382,546515,-0.2069919188225522,0
2021-06-18,1679.5797119140625,1693.0257233591342,1654.7486200484059,1668.5872411299874,2018319,-0.005835789742958397,0
2021-06-21,1710.544677734375,1715.1576308754982,1659.4104222350427,1667.5075010364262,925811,1.8436139470287216,0
2021-06-22,1724.432373046875,1737.9766251520807,1715.599196406339,1717.6602469942723,2083172,0.8118873183069475,0
2021-06-23,1749.5089111328125,1752.894914416219,1722.518647892921,1724.4324549996063,1608518,1.4541908675508086,0
2021-06-24,1747.84033203125,1759.7160237715027,1734.8359326057487,1751.913432039254,1271298,-0.09537414133444777,0
2021-06-25,1721.3408203125,1758.7837003957322,1709.710494469512,1751.9134515660614,1378327,-1.5161288610358148,0
2021-06-28,1696.0191650390625,1735.7193418128302,1687.8729647060304,1735.7193418128302,1339433,-1.4710425137562488,0
2021-06-29,1699.503173828125,1713.6362805155518,1689.3450445804087,1703.625394841089,1236704,0.20542272521915095,0
2021-06-30,1700.386474609375,1722.8129042956564,1696.1171299333525,1705.7845269097222,803926,0.05197405893984097,0
2021-07-01,1708.0421142578125,1714.0290216326307,1693.761762901344,1696.9515214002165,567971,0.4502293897742371,0
2021-07-02,1722.2239990234375,1735.0811537980337,1707.943649527065,1722.469365029852,1259675,0.8303006493365794,0
2021-07-05,1717.4639892578125,1730.2230220876038,1710.6918632558597,1727.3767523409715,632904,-0.27638737866410024,0
2021-07-06,1730.1248779296875,1741.1172273835807,1713.6853550668493,1717.562090147275,960973,0.7371851026318321,0
2021-07-07,1695.23388671875,1750.3431205452396,1686.1553436866768,1730.1249838083108,2188364,-2.0166747300165433,1
2021-07-08,1694.3505859375,1713.6363801568052,1689.3451428092217,1697.9329539927107,1167637,-0.05210495071920063,0
2021-07-09,1688.7071533203125,1707.6984602203481,1686.1553705510867,1692.0441553143617,831213,-0.3330734892781906,0
2021-07-12,1687.970947265625,1706.9622529510143,1680.168355876377,1697.9328314812162,792602,-0.04359583917435961,0
2021-07-13,1692.28955078125,1702.8402903323001,1685.6155466770665,1697.9329696108814,797913,0.2558458439477773,0
2021-07-14,1678.647216796875,1696.5589378737545,1673.3964074564133,1694.0071549969323,891780,-0.8061465591439165,0
2021-07-15,1670.0103759765625,1684.9285831658547,1663.0910057810052,1673.887111454414,943422,-0.5145119673681586,0
2021-07-16,1663.9251708984375,1678.3036442094779,1657.3494092213712,1675.2611294008,907734,-0.3643812736532581,0
2021-07-19,1649.203369140625,1677.5677089057972,1643.8544370937911,1662.9438681458503,831260,-0.8847634506222057,0
2021-07-20,1640.4190673828125,1660.0973500636296,1631.684013215203,1649.2031228692517,819793,-0.532639086372344,0
2021-07-22,1674.2132568359375,1686.9045404484132,1654.9795556930924,1667.5724814672626,1146821,2.060094894351705,0
2021-07-23,1673.426025390625,1698.021487829683,1669.5399903632665,1686.9044108642477,1053239,-0.04702097788905624,0
2021-07-26,1694.9716796875,1708.7451386954758,1672.4914509684886,1673.3769116380079,1435514,1.2875175818928497,0
2021-07-27,1701.071533203125,1714.205486990979,1685.625509717807,1704.9575684862407,1075244,0.35987937667192327,0
2021-07-28,1695.6605224609375,1720.8953723794805,1687.8390928734323,1702.006104117464,1714957,-0.3180942503927864,0
2021-07-29,1711.008056640625,1727.8805688058308,1699.841740108067,1710.8604598389975,1346162,0.9051065337897679,0
2021-07-30,1686.80615234375,1719.6164771501462,1683.5102641068465,1713.8119236537807,1199644,-1.4144821938707142,0
2021-08-02,1742.8837890625,1747.2617335437812,1697.0869878170174,1700.0384434480034,1718511,3.324486138542504,0
2021-08-03,1810.4228515625,1824.9341752061841,1748.3931639087239,1751.1970227632416,5956344,3.8751328644997862,0
2021-08-04,1770.4798583984375,1828.5743924648764,1765.9543170367385,1827.1477834943692,2040687,-2.2062797721311034,1
2021-08-05,1770.184814453125,1791.7303452233605,1734.66886773096,1790.59904993532,2301814,-0.016664631563745314,0
2021-08-06,1758.821533203125,1767.2823483313969,1749.2293027745245,1766.9380358734793,877876,-0.6419262642647028,0
2021-08-09,1770.0372314453125,1801.9620964945777,1748.9834897046449,1758.8216755558874,1770502,0.63768256360619,0
2021-08-10,1770.086181640625,1792.517291281946,1764.330867485098,1780.7114693854676,862746,0.0027654895864870355,0
2021-08-11,1760.4449462890625,1785.630677277383,1744.851446211736,1775.7924917276455,748179,-0.5446760418538754,0
2021-08-12,1794.0914306640625,1799.9943417893633,1752.1807856934342,1768.9057005484528,889082,1.9112488831829255,0
2021-08-13,1808.16015625,1811.2099697683532,1789.3200067985836,1800.3879656035233,1194666,0.7841699338996477,0
2021-08-16,1807.47119140625,1817.1618991241844,1787.5981069400284,1798.4201097888672,461655,-0.038103087349239395,0
2021-08-17,1844.1185302734375,1847.95544642369,1799.0597152506919,1810.2260311521075,1917077,2.027547605816893,0
2021-08-18,1849.8741455078125,1860.0566439101262,1829.9025800637235,1857.2527849435533,1029077,0.3121065777437648,0
2021-08-20,1846.4307861328125,1861.6799743470438,1827.8857095510837,1829.312318570086,1070166,-0.18614019679996652,0
2021-08-23,1840.0849609375,1864.3361116863584,1817.9490440441264,1858.4332005147921,1092285,-0.343680642836508,0
2021-08-24,1839.34716796875,1856.760828653386,1822.6222523377103,1852.5303607792835,1003905,-0.040095592562972016,0
2021-08-25,1793.156982421875,1839.44557516218,1790.5498391316034,1829.9025828487815,1280400,-2.5112271544628695,1
2021-08-26,1785.9749755859375,1804.9134826189588,1776.0384322785285,1793.156899018293,1059290,-0.4005230387713943,0
2021-08-27,1793.05859375,1800.3879941032783,1767.9219810948584,1794.485082647202,1020589,0.39662471540165,0
2021-08-30,1848.0538330078125,1856.4162903470494,1802.158795569086,1805.3069667646678,1670309,3.0671189134313437,0
2021-08-31,1890.5057373046875,1893.8507444567622,1845.2009642800317,1848.0539420527916,1816071,2.2971140525588574,0
2021-09-01,1908.017578125,1922.3320649069237,1884.012383269557,1894.0472836959577,1247432,0.9263045583389307,0
2021-09-02,1935.2694091796875,1947.46878298857,1915.3470839179959,1926.808593828297,1167157,1.428279873682703,0
2021-09-03,1986.624755859375,1991.642206217573,1938.2208133399126,1938.2208133399126,1548784,2.653653617221985,0
2021-09-06,1987.9530029296875,1999.9555413577646,1973.6876337691674,1992.2325896588356,679133,0.06685948447964218,0
2021-09-07,2000.9886474609375,2006.8915589809983,1980.1316213663642,1981.4106335670608,773091,0.6557320274694245,0
2021-09-08,2022.681884765625,2033.5531287750837,1982.4437984677402,2001.0378746867418,796813,1.084125956047477,0
2021-09-09,2001.3822021484375,2026.666291828868,1988.346605853907,2018.7957431227364,653397,-1.0530416462228631,0
2021-09-13,1997.7911376953125,2010.3839429214545,1988.4448615867143,2004.0383613909996,786459,-0.17942921893030483,0
2021-09-14,2022.435791015625,2028.141986772915,1999.1685778570325,2005.9077110582011,888765,1.2335950868589407,0
2021-09-15,2085.547607421875,2098.484723777961,2026.6659779571494,2026.6659779571494,2795995,3.1205844302506502,0
2021-09-16,2074.578125,2098.4357247990097,2061.1490978901957,2098.4357247990097,725123,-0.5259761217072056,0
2021-09-17,2061.690185546875,2115.20981693182,2046.3425205665983,2079.7431112657173,1727410,-0.621231820475554,0
2021-09-20,2043.7354736328125,2062.083592730654,2037.0454597405205,2054.2130446667966,411738,-0.8708734241415605,0
2021-09-21,2052.09814453125,2063.559535266108,2028.7324525347922,2041.4236165326215,539788,0.4091855822990986,0
2021-09-22,2047.375732421875,2076.79181229696,2039.8493760661488,2062.870875272381,1057480,-0.23012603573372425,0
2021-09-23,2070.98681640625,2079.545987809496,2042.9972330530395,2056.1803025532095,711634,1.1532364875911139,0
2021-09-24,2059.033935546875,2080.776423566565,2051.261864367039,2070.938237166723,540771,-0.5771587131644162,0
2021-09-27,2056.4267578125,2073.2501513690218,2043.587877486742,2065.035170265967,507550,-0.1266214067366711,0
2021-09-28,2094.844970703125,2103.4041443939327,2049.343360937821,2049.490837650215,923489,1.86820234392846,0
2021-09-29,2112.750244140625,2132.8200456108007,2075.906289085243,2094.54960175804,912912,0.8547302396076706,0
2021-09-30,2126.8681640625,2149.643466730089,2101.731552832288,2115.111340593546,1374265,0.6682247445493728,0
2021-10-01,2128.7373046875,2139.8052629441077,2088.3022677806675,2122.0965297335356,626710,0.08788229832872307,0
2021-10-04,2120.42431640625,2139.1168701570023,2103.4042062688623,2125.0482158749965,870878,-0.3905126415995386,0
2021-10-05,2157.16943359375,2170.942891927445,2095.5333036264847,2120.423958510387,1329784,1.7329134033784666,0
2021-10-06,2112.897705078125,2169.0245985312863,2100.550975057343,2158.497788621147,895210,-2.0523065006474828,1
2021-10-07,2336.913330078125,2345.6692185023303,2213.591587136518,2218.510679552377,8361061,10.602293923723916,0
2021-10-08,2320.04052734375,2380.840553143862,2314.9247196477304,2380.840553143862,1845797,-0.722012344968348,0
2021-10-11,2324.1728515625,2367.165914444244,2319.4014756985375,2338.5366985001638,1056932,0.17811431179959314,0
2021-10-12,2452.265869140625,2467.21986096083,2304.7421061504956,2326.730543728556,3517011,5.51133782894031,0
2021-10-13,2496.144287109375,2566.7332655292175,2449.7081012600493,2498.8005490606797,4023645,1.789301010176625,0
2021-10-14,2522.559814453125,2542.1869450348677,2491.372816764509,2533.6277723214075,1546459,1.0582532219858276,0
2021-10-18,2546.909423828125,2634.5675095436964,2533.8245895192495,2577.604513508225,2572741,0.9652738157282847,0
2021-10-19,2444.6904296875,2595.3131341157286,2428.8018574102366,2595.3131341157286,3546129,-4.013452272165418,1
2021-10-20,2372.379638671875,2465.0062869023955,2364.1156600311792,2446.8548851161945,2868983,-2.9578710718341727,1
2021-10-21,2356.93408203125,2396.532779169994,2341.537417604888,2394.5159030789487,2303014,-0.651057545295397,0
2021-10-22,2372.97021484375,2454.57791113463,2359.196755885287,2378.2827386517038,3063724,0.6803810481912143,0
2021-10-25,2340.651611328125,2372.9701440677563,2302.135214394092,2366.083414793928,1446182,-1.3619472892437035,0
2021-10-26,2415.028564453125,2428.5068304320193,2332.6337616125306,2351.326313898755,2567357,3.177617410683231,0
2021-10-27,2420.2919921875,2442.181953851042,2412.519681909777,2428.0640622751594,2082690,0.21794474035825573,0
2021-10-28,2336.716552734375,2430.0318390677235,2321.811797651752,2430.0318390677235,3330380,-3.453113910342198,1
2021-10-29,2344.980712890625,2365.099753856926,2308.579427161546,2361.1644797240524,1450019,0.35366549471220754,0
2021-11-01,2367.362548828125,2401.9436736733346,2351.670691497896,2401.9436736733346,1276469,0.954457143910159,0
2021-11-02,2414.241455078125,2424.915982299373,2381.8739212299415,2383.595603672719,1546219,1.9802166032070412,0
2021-11-03,2378.82421875,2431.6552313734983,2367.1168730779555,2422.1614776286124,1554405,-1.4670130136995252,0
2021-11-04,2392.400634765625,2405.2395142146347,2382.8084044010875,2399.5333188828454,181506,0.5707195978843282,0
2021-11-08,2495.701904296875,2507.458488862127,2408.683194698131,2437.804081969582,3449086,4.317891745642766,0
2021-11-09,2471.45068359375,2502.637683692478,2450.839492751949,2488.0278821012853,1097405,-0.9717194453941591,0
2021-11-10,2444.3955078125,2485.9618388701615,2432.1960144649724,2464.4653088625423,911235,-1.0947083007098013,0
2021-11-11,2487.191650390625,2501.653734328572,2436.229803961134,2443.805158386719,1726010,1.7507863372087318,0
2021-11-12,2498.4072265625,2520.297189465046,2482.1742203651065,2506.6222075929695,1673817,0.4509333315795505,0
2021-11-15,2498.308349609375,2531.069550376895,2490.7329959651834,2509.7207391287043,846885,-0.0039575995487761695,0
2021-11-16,2490.78271484375,2510.0656552807745,2479.370323125497,2508.8358820434664,1133767,-0.301229220436372,0
2021-11-17,2458.906982421875,2497.915291748695,2450.7904794061496,2482.0757170601582,892518,-1.2797476163582067,0
2021-11-18,2438.098876953125,2479.222536912946,2416.750064256608,2451.6756198361354,739912,-0.8462339412390163,0
2021-11-22,2352.605224609375,2452.0691307405446,2314.924928061061,2452.0691307405446,1361329,-3.506570350854299,1
2021-11-23,2349.0634765625,2371.937257584807,2326.7800827393785,2341.488121853342,1247942,-0.1505457868505311,0
2021-11-24,2337.405517578125,2366.329688350654,2326.730989688929,2361.164640699125,614145,-0.49628113930044737,0
2021-11-25,2359.000244140625,2364.312768407804,2317.04023750102,2321.8118537001233,662071,0.9238759128486596,0
2021-11-26,2255.207275390625,2346.505683459317,2248.074591013228,2339.3237601171654,1289322,-4.399871047398363,1
2021-11-29,2286.591064453125,2296.6259657944265,2195.292653434652,2252.9445175134297,1094276,1.3916143941609116,0
2021-11-30,2337.06103515625,2351.326404556278,2298.593632629108,2298.593632629108,2675375,2.207214551290826,0
2021-12-01,2322.008544921875,2402.435713159512,2309.4156191659167,2370.8060421549326,2177426,-0.6440777544078458,0
2021-12-02,2347.883056640625,2383.300525753997,2321.861103066178,2330.6662313771803,1682636,1.114315956129297,0
2021-12-03,2330.912109375,2366.526292996529,2316.9419339443543,2366.083622685185,1062389,-0.7228191036868448,0
2021-12-06,2287.673583984375,2341.340940062594,2280.885091098959,2323.140294806065,547641,-1.8550045373533552,0
2021-12-07,2342.029541015625,2347.2438279113803,2287.7227994410077,2298.6922813392594,904175,2.3760363983650112,0
2021-12-08,2366.62451171875,2378.873003338126,2338.634924957352,2346.406994607705,926476,1.0501562970234524,0
2021-12-09,2334.748779296875,2384.7760461428525,2317.7289113836323,2384.7760461428525,1250492,-1.3468859239831543,0
2021-12-10,2301.495849609375,2346.8004983106475,2259.1424161482287,2346.8004983106475,2288164,-1.4242615729095465,0
2021-12-13,2312.465576171875,2347.3911358205037,2302.2339589987328,2314.5316912693766,992852,0.4766346445665759,0
2021-12-14,2316.7451171875,2332.8796446952383,2281.229172856967,2304.7915781623174,765269,0.1850639879668714,0
2021-12-15,2285.55810546875,2329.9284208115873,2279.950387435354,2316.9913021790107,567271,-1.3461563590823733,0
2021-12-16,2319.1064453125,2326.5343239421445,2287.6242494274647,2306.1693265170306,998086,1.4678401640053407,0
2021-12-17,2243.49951171875,2301.446562910098,2220.5767338385094,2298.1999139662275,1591893,-3.260175217337291,1
2021-12-20,2203.1142578125,2226.5289481260256,2169.319993135913,2223.1348220251225,1063366,-1.8001008556186693,0
2021-12-21,2250.632568359375,2272.6210105767063,2214.8709056619746,2214.8709056619746,883858,2.15687000246898,0
2021-12-22,2262.537109375,2270.7520917922934,2245.4187596621027,2268.9811700519654,643034,0.5289420042607462,0
2021-12-23,2292.19873046875,2299.7250864472812,2272.6208375116703,2282.4590229554437,613686,1.3109893743110224,0
2021-12-24,2281.917724609375,2304.0044014397304,2272.6206880145996,2302.233720328389,534065,-0.44852157549500893,0
2021-12-27,2293.576171875,2306.070619085444,2249.3043383174722,2268.832991894918,537545,0.510905679897844,0
2021-12-28,2341.340576171875,2346.3579064568476,2289.8375811177543,2302.2337904148694,871453,2.0825296705898166,0
2021-12-29,2363.279541015625,2377.348193766254,2331.9943045060563,2340.504238553395,764644,0.9370257820253025,0
2021-12-30,2397.86083984375,2408.387649587842,2352.014802398938,2355.064735776319,1152684,1.4632758515424449,0
2021-12-31,2481.583740234375,2493.9799496697074,2405.042851485324,2407.6991134528757,2225749,3.491566274383162,0
2022-01-03,2483.010498046875,2504.801982454494,2461.809160644409,2469.384515302742,921729,0.057493841105094035,0
2022-01-04,2541.203125,2552.959707757091,2483.551266196528,2484.141653358498,1037293,2.3436319338520306,0
2022-01-05,2534.464111328125,2565.7988288376228,2518.674015442289,2534.316634618756,1244568,-0.2651898860652868,0
2022-01-06,2553.89453125,2559.256534611636,2497.3742024091375,2498.8991692315276,1130508,0.7666480592496194,0
2022-01-07,2531.070068359375,2643.766537213392,2520.8876899466222,2587.442922270433,4625230,-0.8937120390579922,0
2022-01-10,2614.497802734375,2620.4499530137987,2529.3974979605186,2543.1709576927033,1894316,3.2961447973298252,0
2022-01-11,2610.415283203125,2635.4041805704796,2591.6734900825604,2607.119394684749,1123968,-0.1561492814023513,0
2022-01-12,2570.668701171875,2628.7632361464357,2565.798847256701,2598.2648602779705,1293999,-1.5226152822120587,0
2022-01-13,2576.86669921875,2586.360452010703,2546.122369983058,2568.7501963005275,1023670,0.24110450498928682,0
2022-01-14,2550.795654296875,2596.2972641748925,2546.9588578642765,2583.5076224794498,1166457,-1.0117343256358269,0
2022-01-17,2555.517822265625,2562.1585972174203,2509.1306353401546,2550.7954453730017,1172956,0.18512529456429228,0
2022-01-18,2558.518310546875,2592.3615685344557,2545.1382837945494,2555.9602865474444,1221314,0.11741214461928884,0
2022-01-19,2547.0078125,2575.4403134288536,2529.4960340187254,2555.960657607684,629040,-0.44988921906189416,0
2022-01-20,2522.805908203125,2567.766367051803,2508.737255165555,2554.976726143116,1215237,-0.9502092682283414,0
2022-01-21,2487.240966796875,2520.44484547178,2464.4656616484967,2506.769862626894,1457884,-1.4097375184752625,0
2022-01-24,2364.1650390625,2481.7313470575173,2337.552701223106,2479.2225619032943,1411443,-4.94829127444274,1
2022-01-25,2338.044677734375,2368.7890060235395,2292.6905485661737,2347.390953534281,2849686,-1.1048450889233563,0
2022-01-27,2272.669921875,2322.2050381006516,2223.4297590405376,2289.3455970297923,2460051,-2.79612945304043,1
2022-01-28,2278.130126953125,2339.323587258764,2270.653010565017,2275.5721028756,1317407,0.24025508612444124,0
2022-01-31,2322.10693359375,2341.488110673495,2298.544527744945,2314.925010258292,900510,1.930390460155218,0
2022-02-01,2392.449951171875,2402.5833300768513,2320.778675129031,2340.307569040904,1246431,3.029275549737953,0
2022-02-02,2424.12890625,2437.8038880136105,2402.2389435210785,2411.339265105012,1144427,1.3241219555129247,0
2022-02-03,2434.9013671875,2465.99012554806,2377.8891373967376,2440.3616074938386,3883564,0.4443848225119451,0
2022-02-04,2431.1630859375,2479.2227176311003,2390.6790491442753,2469.3845322436755,2718069,-0.15352906283502277,0
2022-02-07,2370.215576171875,2457.726187179797,2349.35867118264,2439.869976772591,1119632,-2.506928067399583,1
2022-02-08,2404.1083984375,2425.113023131742,2362.050150267568,2379.2669770037974,1524580,1.42994682029578,0
2022-02-09,2444.592529296875,2454.627431077289,2416.307744269431,2425.1128727877826,826261,1.683956134660436,0
2022-02-10,2451.5283203125,2463.432380509816,2425.653844721696,2459.4971063573003,788689,0.2837197173968242,0
2022-02-11,2402.730712890625,2439.8698609760468,2382.0705245517147,2439.8698609760468,1030760,-1.9904973977887708,0
2022-02-14,2359.19677734375,2383.7922399932886,2313.2032621891126,2341.4880442360823,816491,-1.8118524607570796,0
2022-02-15,2455.5126953125,2459.349731884747,2360.180771081009,2382.7593594316168,1293933,4.082572462530809,0
2022-02-16,2447.789794921875,2479.1242716708553,2420.4395911541233,2469.384564087735,1008929,-0.31451274535732043,0
2022-02-17,2452.856201171875,2496.439408138171,2446.756574596899,2468.892490531129,960885,0.2069788124989591,0
2022-02-18,2448.675048828125,2459.054382216161,2420.9806536621495,2439.1812962190606,654373,-0.17046055703356933,0
2022-02-21,2414.635498046875,2447.740900891653,2372.0361007288657,2447.740900891653,788568,-1.3901211921745427,0
2022-02-22,2410.4541015625,2417.242353977486,2338.5368642264893,2338.5368642264893,874150,-0.173168848373062,0
2022-02-23,2455.31591796875,2484.141849648228,2412.3230951831506,2412.3230951831506,2096198,1.861135475559128,0
2022-02-24,2367.657470703125,2426.096187912595,2356.245081123546,2363.131809961903,1875086,-3.5701494306339066,1
2022-02-25,2428.507080078125,2433.967321582103,2384.2844801350957,2384.2844801350957,1284338,2.5700343114635427,0
2022-02-28,2505.34326171875,2522.1664153816687,2390.6791577798126,2390.6791577798126,2355891,3.163926606223977,0
2022-03-02,2550.697021484375,2562.650560764892,2483.5024078858005,2508.737257161217,3536974,1.8102812679852365,0
2022-03-03,2532.594970703125,2597.0843264344853,2518.575555987181,2577.60467058063,2153478,-0.709690356352688,0
2022-03-04,2401.501220703125,2523.494728022743,2390.679216021546,2523.494728022743,2652474,-5.176261957260553,1
2022-03-07,2351.03125,2380.7917625185796,2292.2973278773825,2375.7251928269884,1545686,-2.1016008764862537,1
2022-03-08,2332.879638671875,2380.348881714961,2287.968419827344,2361.1644207959935,1467595,-0.7720701852910294,0
2022-03-09,2394.27001953125,2420.6856447935093,2336.56915520609,2354.2778898560728,1581979,2.6315279983464945,0
2022-03-10,2427.8671875,2464.219230718624,2405.2886024029694,2457.5784562671415,1051744,1.4032322041658274,0
2022-03-11,2453.25,2457.7754211562687,2409.2241204681595,2437.902334746391,812330,1.0454778016970812,0
2022-03-14,2497.9150390625,2503.8179497495325,2434.9506584008222,2449.707935118403,1004492,1.8206476740038724,0
2022-03-15,2515.5751953125,2537.2684458440713,2502.0476880886317,2517.592071700263,1571483,0.7069958735117066,0
2022-03-16,2545.43408203125,2551.5337097211145,2524.4786964119453,2536.0878047062643,757197,1.1869606114096154,0
2022-03-17,2659.261474609375,2677.609594035184,2558.026644404491,2558.026644404491,3336088,4.471826372627619,0
2022-03-21,2663.442626953125,2723.20960066719,2656.3099428473315,2695.662682741366,1889261,0.15722983180375127,0
2022-03-22,2668.853759765625,2674.805910004942,2603.6265421497055,2672.297124675469,1279904,0.20316310769157297,0
2022-03-23,2646.4716796875,2698.5648195451963,2634.5183813738554,2685.8244184189125,1281815,-0.8386401838701985,0
2022-03-24,2576.12890625,2650.4072077286614,2570.2752338403598,2650.4072077286614,1835380,-2.6579832301778517,1
2022-03-25,2483.059814453125,2591.378344757646,2477.255380447894,2588.426888784118,2863040,-3.612749795675141,1
2022-03-28,2494.865234375,2504.359226999962,2442.8213318781877,2495.45562155015,1316800,0.4754384027786829,0
2022-03-29,2497.718505859375,2517.591591919357,2484.4369558433878,2508.7372252420323,908172,0.11436575591585729,0
2022-03-30,2482.321533203125,2524.2322970584305,2469.384416103151,2514.935260342588,866666,-0.6164414692900855,0
2022-03-31,2495.111083984375,2504.2114047128644,2479.1732730168146,2484.3875588776355,910316,0.5152253892245273,0
2022-04-01,2480.05908203125,2508.7372966205094,2451.528344148115,2496.9314740481777,1208002,-0.6032597927098649,0
2022-04-04,2476.271728515625,2520.543571099337,2468.1552240419446,2499.243991798998,1424995,-0.15271222944104323,0
2022-04-05,2507.949951171875,2536.0872549904825,2479.2717393564126,2491.0283218262316,1586304,1.2792708607645142,0
2022-04-06,2498.948486328125,2523.396234456945,2482.469524755967,2505.785977569301,1349078,-0.35891724392442814,0
2022-04-07,2418.5703125,2503.276941479339,2412.322968931025,2461.80908766122,2785215,-3.2164798221283153,1
2022-04-08,2469.3349609375,2491.6675907232507,2425.11237161084,2428.4082593480716,1217812,2.0989527645787653,0
2022-04-11,2449.560791015625,2469.3354003880445,2437.3120575249245,2462.4979092852172,660112,-0.8007892908286407,0
2022-04-12,2447.9375,2467.9090664952064,2400.763444096044,2439.870235163688,1182427,-0.06626865606188526,0
2022-04-13,2421.52197265625,2455.561951616803,2401.599646290333,2451.872631919411,1165453,-1.0790932098450279,0
2022-04-18,2453.102294921875,2459.5463544084396,2371.002685649736,2395.5981491938205,1109814,1.3041517947071757,0
2022-04-19,2412.91357421875,2479.8132384582123,2401.501182478337,2468.7942780784674,929834,-1.638281484890336,0
2022-04-20,2442.5263671875,2464.465569798977,2403.1736235579756,2413.3562420481494,639190,1.227262894334613,0
2022-04-21,2480.206298828125,2484.092333646272,2426.09628437531,2442.5260043620638,880723,1.542662226570446,0
2022-04-22,2472.040771484375,2485.56827626745,2436.4265887480387,2474.303602140649,878780,-0.32922774801468213,0
2022-04-25,2414.1923828125,2448.7245119823815,2407.453369470917,2431.0157770624605,682383,-2.340106576686396,1
2022-04-26,2506.966552734375,2510.8525882349527,2419.2099801033337,2420.1937987206998,1232557,3.842865654881833,0
2022-04-27,2452.020751953125,2496.735265998922,2447.986999011428,2487.73318034322,801135,-2.191724525455674,1
2022-04-28,2472.532958984375,2490.044978821296,2436.9187722403594,2488.9626822408304,933881,0.8365429621634002,0
2022-04-29,2418.422607421875,2491.028461323097,2410.3553436973093,2480.2064577391498,1496781,-2.1884582515222184,1
2022-05-02,2347.932373046875,2397.565974333906,2333.9621966960785,2395.598337096045,1287401,-2.9147194604728366,1
2022-05-04,2252.895263671875,2368.0512741700504,2238.1872242363374,2317.8765276047525,2357806,-4.04769364169002,1
2022-05-05,2225.3974609375,2271.6369307270943,2215.7067525757825,2271.6369307270943,2118580,-1.2205539768217144,0
2022-05-06,2173.00927734375,2203.7536078098474,2159.924442259363,2203.7536078098474,1465638,-2.3541045819150064,1
2022-05-09,2147.87255859375,2177.5348312759247,2135.870020610828,2159.4816652421778,968069,-1.1567699692808797,0
2022-05-10,2102.764404296875,2150.627074541275,2090.61415068628,2144.7241639981603,1092429,-2.1001317846533696,1
2022-05-11,2080.48095703125,2103.403976373994,2061.83764428709,2092.778688417908,1472911,-1.0597215370438118,0
2022-05-12,2015.401611328125,2069.855825920529,2002.6119697168529,2067.986666684146,1362031,-3.128091390751786,1
2022-05-13,2057.853271484375,2119.1452169294025,2022.8784729998217,2022.8784729998217,2580348,2.1063623209209847,0
2022-05-16,2075.46337890625,2117.177182712678,2062.771977516673,2083.7273573352472,1370151,0.8557513631267,0
2022-05-17,2141.133544921875,2149.6434790948956,2076.8409081781806,2110.2907380588335,1256142,3.164120681822502,0
2022-05-18,2131.688720703125,2158.7929682359436,2126.0317643657336,2151.6110451956774,1188772,-0.44111327110587517,0
2022-05-19,2077.775634765625,2121.2113698717844,2021.8456917244948,2090.6145154751484,981115,-2.529125637054419,1
2022-05-20,2102.469482421875,2120.670125615109,2094.7464107206074,2105.2732211781386,1017542,1.1884751771591207,0
2022-05-23,2116.489013671875,2164.4009317131436,2103.404178183046,2125.0481875001774,1346294,0.6668125919169432,0
2022-05-24,2105.61767578125,2129.96718517295,2087.0236010490744,2116.83311130382,1150314,-0.5136496254126266,0
2022-05-25,2079.2021484375,2145.708382362081,2071.921986820056,2125.048191610314,1125068,-1.2545262916236255,0
2022-05-26,2107.2900390625,2116.0461680385574,2041.9153461925425,2097.501092788485,1382368,1.3508975376015142,0
2022-05-27,2114.4228515625,2124.998901334837,2089.0402840708757,2120.129047384661,865917,0.338482713237398,0
2022-05-30,2219.39599609375,2223.429747907126,2128.9831745446995,2128.9831745446995,1691435,4.9646240085647,0
2022-05-31,2180.141845703125,2262.7826015871788,2141.379491995442,2218.412290149594,7005071,-1.7686861857782121,0
2022-06-01,2162.039794921875,2267.60333579045,2144.7244919384493,2218.5108850097263,2126105,-0.83031527590407,0
2022-06-02,2185.01171875,2189.340664401163,2141.3795110069327,2141.3795110069327,966727,1.0625116097344955,0
2022-06-03,2168.729248046875,2208.6231333667674,2162.18695157235,2195.5383002276717,1228695,-0.7451891705386293,0
2022-06-06,2162.974365234375,2173.205982286924,2130.901783774521,2168.729559755154,1285097,-0.2653573661941744,0
2022-06-07,2066.80615234375,2144.1833887618345,2054.213226290161,2138.3789551275668,3255286,-4.44610969211392,1
2022-06-08,2094.40234375,2098.4850949050265,2062.6249546123886,2071.971231406387,1775344,1.3352094667879788,0
2022-06-09,2105.076904296875,2119.1455602791852,2068.9708046736896,2071.9222608857776,1035771,0.5096709607267824,0
2022-06-10,2107.585205078125,2130.9508947131376,2073.8894210781596,2073.8894210781596,927889,0.11915482879176764,0
2022-06-13,2068.380126953125,2090.073375104248,2042.6041276912167,2073.8896071848694,928411,-1.860189473267193,0
2022-06-14,2067.986572265625,2082.645372444,2039.111402024041,2066.018935184497,893733,-0.01902719342404824,0
2022-06-15,2070.98681640625,2093.073489799978,2056.1803025532095,2069.9537591253365,783714,0.14508044592078662,0
2022-06-16,2027.600830078125,2110.2908287727128,2009.0067552153205,2091.991707328302,1265289,-2.0949426613643074,1
2022-06-17,1905.1153564453125,2018.4512037810382,1879.6345524329745,2007.9736324462137,6066708,-6.040906662486078,1
2022-06-20,1929.9566650390625,1941.51653218422,1874.616875514372,1906.6402150906713,1967950,1.3039267417433775,0
2022-06-21,2044.4732666015625,2059.8699296414266,1934.6790288429208,1947.8622204116316,3289922,5.93363590162177,0
2022-06-22,1998.3321533203125,2037.4389399508725,1974.5237928939355,2036.5043603838797,1507811,-2.2568704631657166,1
2022-06-23,2008.3670654296875,2014.6635277092146,1964.8330977690514,2006.9896955411925,1632845,0.5021643720590552,0
2022-06-24,2012.499267578125,2042.8008078505834,2001.0377570773476,2020.3206973630524,854618,0.2057493482922279,0
2022-06-27,2007.284912109375,2049.9332995139844,1992.2324411824288,2048.3100950823787,1067849,-0.25909850268045487,0
2022-06-28,1936.2041015625,1989.2810630962174,1928.2843143761554,1987.3134260407317,3397585,-3.541142072959591,1
2022-06-29,1904.8203125,1922.6766432286788,1891.8830745288062,1918.4461754192264,2375427,-1.6208926030666704,0
2022-06-30,1909.8377685546875,1933.9413231352876,1894.8345356014568,1918.4461809049017,2489709,0.2634083657005126,0
2022-07-01,1914.7076416015625,1922.7257869187733,1795.5181186251664,1864.3361791527084,4064801,0.25498883345260737,0
2022-07-04,1930.743896484375,1934.7775285038826,1896.8021566480893,1922.381438843551,1023678,0.8375302074524082,0
2022-07-05,1922.62744140625,1956.9134945692851,1909.1491750283697,1935.1711281801681,1555345,-0.4203796833388451,0
2022-07-06,1980.9678955078125,1992.7244791786022,1909.9361239214413,1926.3167268485327,1952701,3.0344128480185972,0
2022-07-07,2093.07373046875,2136.4602197356844,2068.5275084361624,2095.533276568008,5915740,5.659144462419441,0
2022-07-08,2117.114501953125,2126.6418399641684,2083.6943376250592,2112.8196553033054,2039331,1.1485869386450576,0
2022-07-11,2136.1201171875,2146.239931484463,2099.5900558228536,2125.654651840093,1219508,0.8977131476281208,0
2022-07-12,2102.94677734375,2114.794364821743,2087.5942303622273,2104.921375256749,1096542,-1.552971650649837,0
2022-07-13,2084.5830078125,2114.5970419734344,2080.683224978637,2102.946865589907,1169721,-0.8732398617546266,0
2022-07-14,2100.42919921875,2112.8198498169904,2086.1627769454676,2104.9214578550577,767221,0.7601612095494703,0
2022-07-15,2161.888671875,2165.2948053742525,2105.118976754769,2107.8834622903237,1742573,2.9260435285850095,0
2022-07-18,2209.031982421875,2218.7569734730664,2166.183304505698,2168.108489245842,2016386,2.1806539420916593,0
2022-07-19,2212.734619140625,2224.3847963307007,2188.5457920167446,2204.145165471944,867223,0.16761354060119693,0
2022-07-20,2242.353515625,2268.813177918344,2232.381940015211,2251.0417953236833,1620332,1.3385652408637316,0
2022-07-21,2259.53271484375,2268.8132295495698,2235.2450616624137,2255.9783418280103,1117118,0.7661235884102613,0
2022-07-22,2295.47021484375,2300.3572967706186,2254.1024824416254,2269.8004403981854,1185176,1.5904837209885336,0
2022-07-25,2299.271484375,2318.9680521748464,2283.622698048112,2309.5887112187474,1248393,0.1655987303459172,0
2022-07-26,2264.07421875,2305.293955644076,2257.508776235493,2305.293955644076,1142159,-1.5308007716438699,0
2022-07-27,2274.29296875,2281.648299091681,2237.762900785313,2256.077347932331,1456382,0.4513434195475119,0
2022-07-28,2304.99755859375,2311.760653290704,2275.7736522514097,2291.521023398558,1126799,1.3500718801688016,0
2022-07-29,2322.1767578125,2362.112955816781,2309.3418702782815,2325.0892417757655,1239445,0.7453022739525528,0
2022-08-01,2346.0693359375,2350.8084195215783,2309.292446820752,2334.764810175346,581266,1.0288871441253677,0
2022-08-02,2354.658447265625,2367.3453344598865,2327.112904559659,2339.898377019385,777687,0.36610645715178247,0
2022-08-03,2385.709228515625,2395.088569099489,2325.089165789516,2364.5811261426284,1207016,1.3186957660911824,0
2022-08-04,2392.8671875,2399.5808690835006,2340.836577047523,2399.0872195705933,1015590,0.3000348449349266,0
2022-08-05,2401.90087890625,2440.99777180937,2386.647158685116,2394.3973106417257,2443597,0.3775258172890039,0
2022-08-08,2415.87109375,2443.2686393432214,2402.2463201659557,2428.7553931288226,1576547,0.5816316137954747,0
2022-08-10,2402.691162109375,2438.5299262485405,2386.4007271225482,2438.5299262485405,1065998,-0.545556080153542,0
2022-08-11,2440.94873046875,2454.425265134526,2415.1307175088873,2415.1307175088873,1127878,1.5922798969214114,0
2022-08-12,2440.5537109375,2461.3364030622097,2430.6313077954155,2440.60312409538,761420,-0.016183032700323174,0
2022-08-16,2462.17578125,2467.7539243510155,2404.0731369452783,2429.841738032358,1035928,0.8859493735212443,0
2022-08-17,2460.546630859375,2491.103488083215,2449.14327868575,2463.311116392346,863500,-0.06616710321949437,0
2022-08-18,2447.218017578125,2472.0979045207723,2435.962905235436,2460.54655426595,827663,-0.5416931796409341,0
2022-08-19,2409.602294921875,2467.211053142702,2400.025300760219,2467.211053142702,751505,-1.537080978730132,0
2022-08-22,2386.89404296875,2426.7808242169394,2377.4158766128517,2409.009443079468,947292,-0.9424066370197881,0
2022-08-23,2448.698974609375,2470.1727282366137,2369.517641626322,2376.428734747732,1417877,2.5893454224618084,0
2022-08-24,2429.44677734375,2463.3111837085066,2410.046447002211,2463.3111837085066,672569,-0.7862214778235899,0
2022-08-25,2435.12353515625,2469.8272391286832,2425.497370045341,2441.5903917207675,732577,0.23366462955434208,0
2022-08-26,2500.729736328125,2523.5364414283204,2450.0320733356816,2451.513021951543,2398253,2.694163159474594,0
2022-08-29,2499.545166015625,2508.6282698283794,2426.040793795046,2426.040793795046,1149676,-0.04736898575210535,0
2022-08-30,2571.568359375,2589.784219574569,2510.7014697085274,2512.6760677971693,1794736,2.881451967286619,0
2022-09-01,2588.6982421875,2613.5287181556364,2533.0638414438586,2560.017155102516,1438313,0.6661258974528295,0
2022-09-02,2579.417724609375,2611.406119027661,2573.9381663974023,2597.5839316301613,800453,-0.3585013280761107,0
2022-09-05,2593.97998046875,2606.4692157114546,2577.6895478705533,2591.659731531276,733481,0.5645559352578378,0
2022-09-06,2598.2255859375,2613.281897246333,2577.837955892615,2598.274999100575,680071,0.16367148168903167,0
2022-09-07,2604.248046875,2607.851591960772,2567.3723312568104,2573.8886013470287,438635,0.2317913028836216,0
2022-09-08,2593.33837890625,2626.1166593160187,2582.774327228377,2615.355196035157,754150,-0.41891815880753525,0
2022-09-09,2570.38330078125,2618.4647095230252,2560.0660753726816,2618.3167111023336,777186,-0.8851555320243731,0
2022-09-12,2627.350830078125,2635.792285355033,2576.850578941236,2583.5642608414596,808360,2.216304832028748,0
2022-09-13,2671.186767578125,2688.415086339179,2638.0628390371967,2645.961230770841,1536444,1.6684462919136056,0
2022-09-14,2666.2998046875,2677.554916993456,2611.4058832771725,2611.4058832771725,915281,-0.18295099953103966,0
2022-09-15,2622.4140625,2682.4913012346974,2614.3676723111807,2679.67740275455,753648,-1.6459417695769418,0
2022-09-16,2578.627685546875,2643.6411828246564,2571.1735295734234,2614.3678626515984,1425731,-1.6696973059770137,0
2022-09-19,2586.526123046875,2598.5711233590423,2520.1302613273097,2578.578317413746,808421,0.30630391290182857,0
2022-09-20,2649.910400390625,2659.3391536372296,2601.631577812835,2608.6412557831422,844553,2.45055624139936,0
2022-09-21,2632.78076171875,2665.7072795318477,2622.907771794558,2653.859691622817,1052572,-0.6464233156468158,0
2022-09-22,2702.829833984375,2710.0863369975264,2616.342345323061,2626.2153353054123,1352472,2.6606496554576475,0
2022-09-23,2638.507080078125,2720.6997192032036,2633.1263489079242,2702.8297524977797,1226889,-2.379829950723489,1
2022-09-26,2621.7724609375,2643.9372749957993,2530.990367257602,2632.139100304792,1371409,-0.6342457546155034,0
2022-09-27,2567.322998046875,2645.5170290240926,2552.710924940677,2636.038862403913,1246270,-2.0768187820217943,1
2022-09-28,2544.22021484375,2601.0393228466723,2531.928389994417,2554.6362679315866,1419969,-0.8998783254269394,0
2022-09-29,2499.34716796875,2572.9503492488234,2485.3769849350206,2561.892649765192,1177076,-1.7637249564010693,0
2022-09-30,2573.839111328125,2603.9023180379327,2490.5605842832456,2505.764892653324,1453944,2.9804560292404414,0
2022-10-03,2541.505126953125,2591.6599661245627,2523.141509531324,2591.6599661245627,1049142,-1.2562550717599152,0
2022-10-04,2552.266845703125,2595.6091771599,2538.9874807781657,2595.6091771599,1291070,0.4234387975798226,0
2022-10-06,2559.918212890625,2586.723283322885,2548.8110995557463,2565.0521192907895,1409852,0.2997871167108368,0
2022-10-07,2695.820068359375,2710.135904649875,2641.0249708336673,2655.834456651426,5284814,5.308835836411019,0
2022-10-10,2646.060302734375,2693.253004892275,2624.240897128631,2675.5804481635028,1290447,-1.845811825834609,0
2022-10-11,2591.166259765625,2659.783541173021,2583.1690413439514,2658.796242159965,1067626,-2.0745575190415644,1
2022-10-12,2588.05615234375,2611.3068493652854,2572.901017318537,2596.596191691386,1131702,-0.1200273201363844,0
2022-10-13,2565.64453125,2594.6218542343295,2558.0917900765403,2576.850471671081,1038687,-0.8659634789397463,0
2022-10-14,2584.55126953125,2629.7696101743077,2574.6288667605686,2606.4692582678176,1326916,0.7369196336812323,0
2022-10-17,2591.659912109375,2601.434075933411,2569.495097449961,2580.700796636536,1111199,0.2750435892654668,0
2022-10-18,2607.555419921875,2630.855531113662,2589.8332104844885,2604.642695113086,771852,0.6133330896630929,0
2022-10-19,2610.96142578125,2642.9992277565975,2606.4691674551427,2620.6370034744555,1001916,0.13062065079625373,0
2022-10-20,2598.077392578125,2610.418630430007,2548.564442732297,2606.4694343174046,1022636,-0.4934593470399484,0
2022-10-21,2631.79345703125,2645.615642895208,2606.5187475038874,2616.342324249242,986521,1.2977313358501608,0
2022-10-24,2649.8115234375,2665.6083064464256,2645.1218534817253,2662.7452359419694,184595,0.6846307166739063,0
2022-10-25,2636.385009765625,2663.091500399587,2628.190378484247,2663.091500399587,505759,-0.5066969312012559,0
2022-10-27,2669.459228515625,2729.8818823695133,2645.9614628391664,2665.7074439051303,2117791,1.254529161237361,0
2022-10-28,2701.64501953125,2704.1132671521636,2659.0431620102045,2674.5437088615804,1003160,1.2057045364023855,0
2022-10-31,2726.42626953125,2755.551590896874,2703.4715670990204,2715.072330693803,1144647,0.917265215113261,0
2022-11-01,2719.959228515625,2748.640311584041,2706.1864561967873,2734.966124537581,890107,-0.237198456011678,0
2022-11-02,2693.7958984375,2712.4559940927675,2668.6691871878447,2710.1357450353808,1704942,-0.9619015536642128,0
2022-11-03,2728.548828125,2743.7039644308124,2670.6438372743246,2670.6438372743246,1227960,1.2901099785495251,0
2022-11-04,2734.52197265625,2746.122735823797,2711.7155105422253,2739.6558792118017,1172058,0.21891286934947463,0
2022-11-07,2706.729736328125,2736.792943943789,2671.9274451037313,2736.792943943789,1825529,-1.0163471570545979,0
2022-11-09,2683.577392578125,2733.830813094869,2675.5801746071124,2733.830813094869,1184702,-0.8553622269435679,0
2022-11-10,2607.456787109375,2676.6665468257015,2594.6218994787723,2675.5804214564205,1198585,-2.8365347568985344,1
2022-11-11,2618.11962890625,2660.1784231683123,2607.9998137987163,2637.0757221680105,833729,0.4089364721052924,0
2022-11-14,2596.399169921875,2631.152049345036,2589.8828995751137,2624.2409557820283,565428,-0.8296205698380965,0
2022-11-15,2622.90771484375,2635.2489519810265,2587.760016100659,2609.3817671492525,1033296,1.0209734015079297,0
2022-11-16,2610.715087890625,2644.184431343562,2596.596662392844,2625.2283366169477,835064,-0.46485154182602795,0
2022-11-17,2549.2060546875,2611.4058925826635,2543.282260602246,2604.494799483201,1265647,-2.356022435708305,1
2022-11-18,2533.2119140625,2550.5882324673184,2512.6760459115294,2547.231512161786,1038751,-0.6274165478145632,0
2022-11-21,2540.665771484375,2546.194500810957,2507.393605057899,2519.5868431323847,629040,0.29424531680499744,0
2022-11-22,2573.0986328125,2575.8631182497043,2528.472765748368,2547.231446946814,912070,1.2765497017412253,0
2022-11-23,2568.705322265625,2599.064768276836,2557.894445796424,2581.737621613695,992873,-0.17074007544254366,0
2022-11-24,2577.0478515625,2585.0450700334886,2559.5727071316055,2577.837738985775,752066,0.32477564571387063,0
2022-11-25,2562.43603515625,2586.7236898817564,2553.15551986039,2586.7236898817564,633047,-0.5669982572264143,0
2022-11-28,2559.325927734375,2575.3695370798023,2546.244215498873,2551.5755338808162,665149,-0.1213730754330955,0
2022-11-29,2580.552978515625,2606.469579447633,2562.0905338691673,2564.1637173198387,866621,0.8294000600400642,0
2022-11-30,2619.304443359375,2631.152032247544,2571.124200339525,2580.552954704322,1569918,1.5016729036906096,0
2022-12-01,2605.18603515625,2631.1520491778633,2596.596581365021,2628.1901519367625,539844,-0.5390136392475875,0
2022-12-02,2584.650146484375,2617.7246654259543,2571.91408486011,2614.3679449940773,731396,-0.7882695667314699,0
2022-12-05,2582.4287109375,2596.5471358186232,2556.364111956819,2595.609249911935,747114,-0.08594724318479185,0
2022-12-06,2583.76171875,2590.6728123805883,2558.388180342803,2586.5262044101987,706596,0.051618377957707295,0
2022-12-07,2563.867431640625,2590.4256775692984,2553.8462024517867,2583.0703484364685,712914,-0.7699737543522267,0
2022-12-08,2550.68701171875,2580.7008054349185,2545.9973413856114,2563.8675500183335,648288,-0.5140835192652959,0
2022-12-09,2582.231201171875,2596.4976239549633,2535.3344972220607,2564.015582266697,935047,1.2366938518211024,0
2022-12-12,2551.822265625,2580.305938209792,2538.3457306819882,2580.305938209792,726330,-1.17762249689628,0
2022-12-13,2543.18359375,2566.977597900309,2532.4221302362666,2564.4105238864836,832740,-0.33852952814815707,0
2022-12-14,2558.190673828125,2563.0283427741406,2538.4938648798134,2542.1470642094505,767737,0.5900903149503423,0
2022-12-15,2490.659423828125,2555.7717521139093,2482.613032474167,2552.1682067678644,1225728,-2.6398051830493485,1
2022-12-16,2451.3154296875,2487.99349128799,2448.5015311088155,2468.2475111984027,1177053,-1.5796617459706175,0
2022-12-19,2489.770751953125,2493.176885412196,2437.3450768359316,2451.660912827804,572224,1.568762705929183,0
2022-12-20,2476.293701171875,2485.6238688406097,2450.5747570194003,2484.8339814930214,597902,-0.5412968551694042,0
2022-12-21,2457.979736328125,2495.8919222758896,2449.4888683411714,2483.0570350173502,519326,-0.7395715958524285,0
2022-12-22,2451.46337890625,2477.330564096336,2433.6919971824027,2460.1516581792002,557608,-0.26511029873702574,0
2022-12-23,2451.5126953125,2473.1838589625186,2423.8189116778376,2436.308146924949,1310439,0.002011712949667732,0
2022-12-26,2449.587646484375,2480.4899123672794,2438.875355913347,2456.1530884215886,1076808,-0.07852493816596917,0
2022-12-27,2471.75244140625,2487.8946353131773,2454.03047269507,2466.2728837887526,791283,0.9048377980549471,0
2022-12-28,2547.37939453125,2563.0281799503305,2465.779229362847,2471.0119622217057,2443430,3.0596491727130193,0
2022-12-29,2520.821044921875,2555.968983969422,2509.9113433128073,2522.548818084947,1583143,-1.0425753488620848,0
2022-12-30,2564.50927734375,2576.850515444538,2520.623882865309,2531.434759233638,1057182,1.7330953543839955,0
2023-01-02,2533.162353515625,2582.774127174072,2524.326075867999,2573.888436369574,697408,-1.2223361445817593,0
2023-01-03,2580.40478515625,2585.736103386489,2522.598379997821,2535.383853950555,852511,1.864958697773944,0
2023-01-04,2564.55859375,2592.8940271524257,2552.7604187787224,2585.538697729815,832054,-0.614097117529977,0
2023-01-05,2529.558837890625,2586.723352977532,2511.342978699083,2558.0916822766358,1544601,-1.3647477559947996,0
2023-01-06,2505.863525390625,2551.57527328672,2485.031421429161,2527.4852756689124,879019,-0.9367369576490758,0
2023-01-09,2453.09228515625,2497.8169766279343,2436.456442164365,2497.8169766279343,2324487,-2.1059103857680728,1
2023-01-10,2436.851318359375,2466.9639375475704,2424.806318892055,2463.3109794933544,948787,-0.6620609789183107,0
2023-01-11,2406.4423828125,2456.992282272905,2400.1237658998416,2441.5903221185968,1000412,-1.247878166294858,0
2023-01-12,2415.526123046875,2443.565321634754,2401.1114594810997,2418.8828436384433,874520,0.37747590797325703,0
2023-01-13,2386.499267578125,2425.6949925112795,2369.5177717551755,2425.6949925112795,1416869,-1.2016783917921936,0
2023-01-16,2375.29345703125,2403.8757156129127,2361.619269111486,2397.1620340312243,737012,-0.46955013559450975,0
2023-01-17,2377.36669921875,2387.1902765582026,2355.695533279401,2374.454215229237,926137,0.08728362305561177,0
2023-01-18,2393.3115234375,2398.9884925003994,2382.1549968972363,2387.2889033200745,601233,0.6706926711806727,0
2023-01-19,2354.757568359375,2381.167817060262,2337.1341844925832,2362.1128978269894,1116874,-1.610904167742866,0
2023-01-20,2341.18212890625,2366.506251429275,2323.114509291562,2359.5951585414546,1229902,-0.5765111294485981,0
2023-01-23,2334.665771484375,2354.016927259179,2325.6814956916164,2353.6712762118573,932554,-0.27833620210142573,0
2023-01-24,2340.638916015625,2360.236896005472,2333.974648301566,2342.3666891266776,714000,0.25584580903210696,0
2023-01-25,2326.669189453125,2339.8989011703957,2303.911896657828,2339.8989011703957,650664,-0.5968339015007151,0
2023-01-27,2301.640625,2338.318683744947,2273.3546071397714,2338.318683744947,1238620,-1.0757250994933187,0
2023-01-30,2305.886474609375,2313.093806289211,2258.0024679811854,2302.3815145760486,1401847,0.18447057126369515,0
2023-01-31,2346.957763671875,2356.1396927450796,2305.9848544344927,2317.190794702082,1252600,1.7811496582657016,0
2023-02-01,2316.1044921875,2379.193039220575,2270.8369803096134,2377.958915542774,1521514,-1.3146070185815484,0
2023-02-02,2278.784912109375,2354.708108586671,2240.7739007129026,2311.3163658628127,1788381,-1.6113081341540658,0
2023-02-03,2431.816162109375,2438.6284285099464,2290.632410985115,2290.632410985115,3693638,6.715475830421647,0
2023-02-06,2426.78125,2448.4524175924826,2416.513435512757,2443.4173366773216,1049075,-0.20704328673462058,0
2023-02-07,2415.822021484375,2428.508911073303,2401.210187937983,2425.102777456608,563195,-0.4515952361023423,0
2023-02-08,2435.419677734375,2448.501388783318,2415.9205235293466,2415.9205235293466,539085,0.8112210285242227,0
2023-02-09,2431.2734375,2444.206911036035,2420.4625606048194,2435.6668702700263,464715,-0.17024746380599476,0
2023-02-10,2437.147705078125,2440.603251753342,2411.0336934119455,2420.857270752101,597337,0.24161278972245626,0
2023-02-13,2487.0556640625,2491.893332882556,2444.700391148129,2448.501588820888,1856317,2.047801980995456,0
2023-02-14,2475.06005859375,2496.8300523192715,2448.5018087773765,2496.8300523192715,843477,-0.48232155162766244,0
2023-02-15,2492.239013671875,2496.138796670024,2451.7597530514972,2471.6537322819318,707224,0.6940823524050455,0
2023-02-16,2490.363037109375,2513.317740112255,2486.1178440095064,2497.866606334842,704946,-0.07527273877862006,0
2023-02-17,2468.5439453125,2513.51546674892,2464.298511047844,2483.0571936239294,607239,-0.8761410072244291,0
2023-02-20,2442.725830078125,2475.4055248073882,2434.97567721682,2468.2476067478196,460090,-1.0458843677221497,0
2023-02-21,2432.31005859375,2454.376047942374,2419.376344502664,2454.376047942374,750272,-0.4263995310534674,0
2023-02-22,2400.6669921875,2431.5200867154185,2383.7346692866977,2420.807795879405,1098118,-1.300947068588143,0
2023-02-23,2364.08740234375,2401.6047635001764,2349.77156716564,2401.6047635001764,1602078,-1.5237261129007473,0
2023-02-24,2368.629150390625,2383.0929844656107,2347.7476317133246,2369.517623083362,1145691,0.19211421888938318,0
2023-02-27,2370.5048828125,2381.365171738338,2343.4529868131476,2368.629111141227,862629,0.07919063317978203,0
2023-02-28,2342.6630859375,2394.2000448812114,2333.5799834597233,2370.603695493969,1430349,-1.1745091552803233,0
2023-03-01,2352.14111328125,2365.6178896682136,2336.2951566773804,2339.898701721917,479935,0.4045834589124109,0
2023-03-02,2328.989013671875,2363.8901310239976,2321.8805088178656,2352.0919557471607,529609,-0.9842989214655429,0
2023-03-03,2365.667236328125,2371.4922040270108,2328.3472858253194,2339.8986359467176,710845,1.5748559757447378,0
2023-03-06,2372.923828125,2395.5822928721,2362.211778171,2381.9083457997913,682556,0.30674609198790836,0
2023-03-08,2366.65478515625,2370.7025668699466,2342.1203059381037,2365.963482949683,858496,-0.2641906535071348,0
2023-03-09,2338.1708984375,2377.3666212283656,2334.962176630291,2370.3075296684265,601071,-1.2035505514958134,0
2023-03-10,2345.328857421875,2349.722289919251,2308.3051436128576,2324.9412287669643,543004,0.3061349788058054,0
2023-03-13,2302.381103515625,2346.7601421871836,2291.5208152914947,2342.6135348913804,631722,-1.831203917111257,0
2023-03-14,2325.681640625,2361.4712296798393,2299.2713921500495,2307.268369494287,1470817,1.0120191254956001,0
2023-03-15,2368.629150390625,2383.1918107824913,2349.7222297325607,2349.7716428910007,1656307,1.846663318633901,0
2023-03-16,2419.228515625,2450.476436622079,2382.3527967643336,2382.84644632852,2317115,2.1362299465929713,0
2023-03-17,2424.4609375,2442.577972393462,2416.3157199283564,2435.814877145321,1625905,0.2162847304917781,0
2023-03-20,2428.706298828125,2443.515784876842,2410.5400923576235,2430.730310129412,918922,0.17510537136153914,0
2023-03-21,2482.119140625,2489.5238832487057,2436.7033858662703,2443.5650658229447,1652107,2.1992301754496735,0
2023-03-22,2476.293701171875,2491.9424855417624,2463.31081673007,2485.969278840333,754732,-0.23469620606761943,0
2023-03-23,2487.0556640625,2495.8919421529054,2462.373188368741,2478.120559653399,610778,0.43459961496215005,0
2023-03-24,2461.681884765625,2487.6970669603015,2443.5154398206505,2484.8339964777774,838919,-1.0202336708229565,0
2023-03-27,2462.718505859375,2478.120466529419,2435.4691983413336,2448.501496809944,728727,0.04211027834932768,0
2023-03-28,2468.5439453125,2475.306799406831,2462.225086557719,2471.1107783042858,599191,0.2365450797265245,0
2023-03-29,2483.1064453125,2492.9300223410924,2462.323752759875,2468.543784785953,710603,0.5899226557279924,0
2023-03-31,2482.9580078125,2504.5305860676067,2468.247350022279,2494.8550082475635,848456,-0.005977895159514635,0
2023-04-03,2505.172607421875,2512.3305258040077,2481.3788440444678,2493.8186679191813,701713,0.8946828556696484,0
2023-04-05,2540.024169921875,2548.7124496063166,2517.7113564357032,2527.4855204308233,1438377,1.391184080360297,0
2023-04-06,2516.082275390625,2551.180805657851,2512.676141795368,2550.193506584454,1192271,-0.9425853035086029,0
2023-04-10,2550.884521484375,2568.9521424079653,2528.5222942932496,2535.383974521005,1497452,1.383191894563418,0
2023-04-11,2547.281005859375,2570.4331207710907,2543.282396430317,2550.8845510377714,820568,-0.1412653373623951,0
2023-04-12,2555.03125,2560.510808224815,2531.582896324287,2547.28109667213,553807,0.3042555620207388,0
2023-04-13,2552.8095703125,2566.9279942612657,2544.5657682625497,2555.129819385124,481459,-0.08695313168870511,0
2023-04-17,2572.506591796875,2579.0720342949353,2549.502474912839,2566.977620506013,1044487,0.7715820918817506,0
2023-04-18,2544.960693359375,2574.530251470979,2527.5843748372035,2569.98882049987,674756,-1.070780480226463,0
2023-04-19,2536.66748046875,2562.9789035599892,2529.460149243818,2547.280945185523,687292,-0.3258680148681581,0
2023-04-20,2546.4912109375,2585.7363502744256,2537.852343787862,2544.9114359570667,995472,0.3872691452225574,0
2023-04-21,2535.679931640625,2561.5965289774267,2526.7448279698856,2560.658643186527,409932,-0.42455592426312583,0
2023-04-24,2596.152099609375,2602.914953046803,2537.3583967224963,2538.44452202417,1026391,2.3848502018795292,0
2023-04-25,2599.755859375,2603.5076440438525,2581.737651372042,2601.385047462168,630987,0.1388115806530532,0
2023-04-26,2607.456787109375,2614.02222936603,2592.3016502988557,2599.5583947213117,631279,0.2962173431249271,0
2023-04-27,2629.62158203125,2640.037635119732,2598.077425885406,2607.4567667730785,620037,0.8500541612598278,0
2023-04-28,2608.2958984375,2645.2701969130057,2586.2296698887294,2638.5071025055886,1567472,-0.8109791819276513,0
2023-05-02,2630.0166015625,2640.0375902404244,2599.9531534491257,2623.253506832015,726439,0.8327545635451683,0
2023-05-03,2620.341064453125,2645.467776804852,2609.5301881766623,2641.0249311263215,808211,-0.36788882258868005,0
2023-05-04,2636.483154296875,2660.030331872732,2622.809207764981,2645.66508320871,1936641,0.6160301062609452,0
2023-05-05,2698.189208984375,2730.868900705184,2632.4352434177295,2636.680677118467,2190777,2.340468384443617,0
2023-05-08,2716.306396484375,2734.8182528893117,2698.189363266825,2698.2387764251976,848638,0.6714572662166907,0
2023-05-09,2713.49267578125,2754.56441363343,2703.669098212993,2718.3305858627737,893686,-0.1035862782919783,0
2023-05-10,2710.580078125,2732.547481578317,2701.44756208261,2724.9453272428823,522149,-0.10733759048793257,0
2023-05-11,2722.82275390625,2729.881845626396,2709.1979789461575,2722.9707523463294,621067,0.4516625751089576,0
2023-05-12,2737.977783203125,2749.1343111078086,2721.835587734857,2725.7353709253052,705516,0.5565925756692458,0
2023-05-15,2744.2470703125,2766.5107116734735,2729.141346927551,2738.767512481514,772914,0.22897509058823484,0
2023-05-16,2754.81103515625,2765.227087815745,2739.310489061923,2749.6277154054856,548885,0.3849494806073439,0
2023-05-17,2727.314697265625,2754.564246442046,2715.1216990781923,2749.627751376738,539547,-0.9981206529131481,0
2023-05-18,2687.27978515625,2746.665721503982,2681.6028161056934,2746.665721503982,612441,-1.467924187462255,0
2023-05-19,2667.336181640625,2685.4038011063085,2648.972565314023,2685.4038011063085,846419,-0.7421483846150934,0
2023-05-22,2678.09814453125,2699.275661406377,2666.79361837085,2667.2872679065863,559506,0.40347230936617073,0
2023-05-23,2649.367431640625,2691.771875135324,2643.295639256278,2685.4038448454444,713749,-1.072802837688902,0
2023-05-24,2672.865478515625,2687.428140186363,2636.0885871776595,2641.0250826592655,814553,0.8869304647731946,0
2023-05-25,2673.55615234375,2685.453152938807,2647.9357927139267,2679.973595540111,651488,0.0258402015992365,0
2023-05-26,2707.322021484375,2724.6491681986736,2664.8681618962005,2673.5564418338354,811400,1.2629571707713838,0
2023-05-29,2776.53173828125,2785.9604923654974,2710.1358775293916,2710.1358775293916,1107678,2.5563902722930854,0
2023-05-30,2766.905517578125,2805.805002747424,2762.1664340501384,2793.5625912532755,1263691,-0.3466994657544964,0
2023-05-31,2787.39208984375,2796.129782999289,2754.6632222011176,2766.90563421132,1394580,0.7404145944078788,0
2023-06-01,2791.34130859375,2801.6091225534105,2778.9506569998643,2787.392112295448,538550,0.14168149376578842,0
2023-06-02,2825.30419921875,2834.535541651545,2790.5513212455426,2794.0562810427978,1116501,1.2167229611240282,0
2023-06-05,2819.4296875,2838.484606282306,2803.9291415101734,2838.484606282306,724102,-0.20792492788473949,0
2023-06-06,2844.85302734375,2856.2563804928463,2821.997148920963,2824.6133951971533,1148132,0.9017192362152038,0
2023-06-07,2870.02880859375,2873.040118781876,2833.548158386249,2858.230633633516,862821,0.8849589419213988,0
2023-06-08,2840.459228515625,2884.739685167527,2834.5848476621773,2869.9793722570294,560514,-1.0302886155562074,0
2023-06-09,2839.71875,2882.8636681110324,2826.8838629943502,2853.2941112559756,727880,-0.026068971812420738,0
2023-06-12,2816.369384765625,2848.802014145206,2797.265051607934,2848.308364616995,1112274,-0.8222421757216325,0
2023-06-13,2875.508544921875,2880.938689813573,2818.8376746498975,2823.576517359893,776313,2.0998367783766847,0
2023-06-14,2870.1279296875,2891.0092094753836,2860.2055254110574,2882.9134049707586,617700,-0.18711873570597115,0
2023-06-15,2871.0654296875,2887.5038612648086,2863.167037858924,2874.076739780103,564711,0.0326640492328778,0
2023-06-16,2916.777587890625,2922.4051441832876,2874.81737889475,2874.81737889475,1022389,1.5921670655935083,0
2023-06-19,2930.89599609375,2985.9870891212436,2925.7126761876298,2929.3162212302495,1382633,0.4840413016659051,0
2023-06-20,2936.227294921875,2948.4205342740042,2910.853758234243,2934.9437579837877,672298,0.1818999662639209,0
2023-06-21,2933.3642578125,2947.087617976099,2920.57854248391,2936.2273285966226,509602,-0.09750733924197563,0
2023-06-22,2932.52490234375,2946.8407380760905,2918.2584797701707,2937.214572669862,496441,-0.028614089317902103,0
2023-06-23,2901.819580078125,2943.1381370902213,2894.760489080352,2934.7460961089173,869340,-1.0470609214975335,0
2023-06-26,2934.844970703125,2943.13818551106,2902.6589283470366,2902.6589283470366,839713,1.1380924869254239,0
2023-06-27,2937.905517578125,2951.2340537672944,2903.3500533839815,2935.239858548249,913730,0.10428308498580119,0
2023-06-28,2989.64013671875,3005.732917255346,2947.136867436509,2956.9604440761495,1525117,1.7609354293759871,0
2023-06-30,3008.941650390625,3028.9838679619197,2990.6766191974366,3007.312703483906,946112,0.645613277491619,0
2023-07-03,2999.710693359375,3015.2112399343123,2987.8631049902815,3011.360870130278,429100,-0.3067841820745043,0
2023-07-04,3035.5986328125,3050.7537681738727,3000.4015215146924,3002.8697688999464,1291238,1.1963800219991994,0
2023-07-05,3060.47900390625,3074.350362488263,3024.0969381237405,3035.9445265199156,643663,0.819619920262582,0
2023-07-06,3066.94580078125,3072.3267736606585,3042.263323498888,3060.627183012892,976956,0.21130015486940934,0
2023-07-07,3104.068115234375,3169.2298504778446,3086.6915560868633,3100.118919159013,3630808,1.210400080877494,0
2023-07-10,3006.86865234375,3114.9284845260836,2991.762928759165,3114.9284845260836,1777220,-3.1313572796158096,1
2023-07-11,3048.384521484375,3058.6523347784932,3006.1280756235687,3023.9488709725065,1141925,1.3807011193609942,0
2023-07-12,3057.171630859375,3084.3223558226023,3048.433937500737,3074.4493649268834,1300168,0.2882546251324447,0
2023-07-13,3055.43798828125,3085.0044433692838,3050.0398238125495,3084.360474727965,932018,-0.05670740107049932,0
2023-07-14,3026.515625,3067.9184817303626,3013.688726753088,3064.2534463848842,721349,-0.9465864924170675,0
2023-07-17,3004.62548828125,3043.750151188993,2991.3033413008648,3040.828231057502,866575,-0.7232784968275174,0
2023-07-18,2967.976806640625,3011.063456907677,2935.2408090505924,3004.6252218103014,1359863,-1.219742087110809,0
2023-07-19,2967.1845703125,2988.7278969722024,2956.6854389638975,2981.497456653359,568891,-0.02669280724675316,0
2023-07-20,2960.89501953125,2987.935656900471,2937.816373225043,2973.72191723361,1021556,-0.21197032514184144,0
2023-07-21,2948.0185546875,2976.445792259406,2941.7783703861683,2962.331199068159,599594,-0.4348842076065451,0
2023-07-24,2950.890869140625,2964.4606400466887,2923.206505198027,2949.702320196434,523141,0.09743203442724724,0
2023-07-25,3000.2177734375,3004.080618048391,2944.50227335303,2951.683382252806,874788,1.6715936469463566,0
2023-07-26,2979.763916015625,3015.96641426544,2966.5406747105753,3015.96641426544,588487,-0.6817457586900444,0
2023-07-27,2973.573486328125,2995.3644375193567,2955.2986088043353,2985.310739945499,595544,-0.20774899830915405,0
2023-07-28,2958.61669921875,2981.3981468525067,2923.652081225403,2979.565629336281,837051,-0.5029903305952654,0
2023-07-31,2975.505126953125,2989.2729503967157,2921.9686695752293,2921.9686695752293,656048,0.5708217539242,0
2023-08-01,2973.375,2998.7318382840554,2959.309980782434,2996.10711606224,602288,-0.07158875089239292,0
2023-08-02,2948.8603515625,2977.139111378441,2931.8734114642402,2977.0895381255846,1152335,-0.8244721381426845,0
2023-08-03,2874.523681640625,2958.567272525508,2855.6050774619202,2910.0328816841507,3319847,-2.520860978801065,1
2023-08-04,2876.8017578125,2907.9035343030323,2870.4626685233593,2892.204047203407,709334,0.07925056197743974,0
2023-08-07,2877.0,2892.203996102626,2855.0603286879427,2892.203996102626,580359,0.0068910618175710425,0
2023-08-08,2893.49169921875,2904.139550572315,2877.0000075715293,2890.272581367672,474417,0.573225555048662,0
2023-08-09,2927.8125,2933.8546336172544,2890.4212061380654,2896.2157152926575,600081,1.18613786901538,0
2023-08-10,2960.152099609375,2967.0360106088497,2889.2819372211698,2929.8923449777926,970990,1.10456525509659,0
2023-08-11,2988.579345703125,3038.3022845472947,2951.6833043981483,2960.102535299955,1823274,0.9603305890093061,0
2023-08-14,2982.042236328125,2991.6502588683707,2959.95432787081,2991.6502588683707,542561,-0.21873634991149693,0
2023-08-16,2982.488037109375,2987.242233116367,2949.752036292767,2976.445903771089,544441,0.014949512646711405,0
2023-08-17,3042.561767578125,3050.1885526510528,2983.3795211020797,2989.3225081959085,1699758,2.0142153035079158,0
2023-08-18,3021.464111328125,3050.2381221696373,3006.1609679444223,3041.4227880528997,860782,-0.6934175166078416,0
2023-08-21,3049.04931640625,3053.2093586524306,3021.0181813105964,3022.0086790749606,706621,0.9129747718896297,0
2023-08-22,3046.375244140625,3061.628814101796,3011.212570927874,3055.6362538239214,714220,-0.08770183713449065,0
2023-08-23,3040.828125,3055.6855914087946,3027.258354044116,3046.3750091875804,602197,-0.18208916157962385,0
2023-08-24,3032.111572265625,3070.4437856675745,3027.2086569155035,3046.4737892064104,618626,-0.2866506220036702,0
2023-08-25,3038.0546875,3045.532993967883,3008.6865255825055,3025.970663166723,648003,0.1960058227650885,0
2023-08-28,3019.58203125,3050.6835645630713,3011.80652701136,3044.790151183712,471698,-0.6080422556580478,0
2023-08-29,3050.138671875,3060.638044743841,3015.075148284871,3022.949557026132,482639,1.0119493462593665,0
2023-08-30,3052.912109375,3081.4384928708355,3037.856591975202,3050.7330626943663,582766,0.09092824288854384,0
2023-08-31,3074.950927734375,3089.3131462121823,3052.9123511046364,3061.480302392473,1420498,0.7218949504539385,0
2023-09-01,3087.18359375,3095.2064808436453,3070.543182333205,3082.3795826880487,423739,0.39781662547173635,0
2023-09-04,3070.84033203125,3095.2560057098126,3056.9733630374944,3087.3320234276666,539813,-0.5293906637699464,0
2023-09-05,3106.349365234375,3127.496588539173,3085.400434932549,3090.352923592152,721199,1.1563295177785093,0
2023-09-06,3145.87060546875,3150.3278455962577,3091.1951749354735,3106.349597912397,1163154,1.2722728704211095,0
2023-09-07,3142.6513671875,3152.7048228060435,3122.0489652455885,3142.8494183769835,805295,-0.10233218987626413,0
2023-09-08,3168.70166015625,3174.5455005428316,3142.651519229142,3151.764050772945,700158,0.828927231341714,0
2023-09-11,3182.7666015625,3190.938208341788,3156.3203588954993,3179.448337232913,544452,0.44387079992744827,0
2023-09-12,3155.52783203125,3190.5417829751623,3147.405798712283,3185.4903894598174,591509,-0.8558205153302079,0
2023-09-13,3232.1923828125,3238.9278162379405,3147.851591604208,3147.851591604208,1370306,2.4295317570341313,0
2023-09-14,3230.360107421875,3271.069422043807,3209.212882593766,3246.4061234706933,1264935,-0.05668831472929181,0
2023-09-15,3217.731201171875,3232.9847703330142,3208.222325707302,3230.6076723772453,1397407,-0.39094422386484196,0
2023-09-18,3307.76708984375,3320.148311171208,3215.9480008434653,3226.0510290825255,1423507,2.798117152827584,0
2023-09-20,3275.229248046875,3317.176923972009,3268.6921080696798,3282.5095031481746,1201025,-0.9836799542742858,0
2023-09-21,3273.099853515625,3290.928813226105,3254.577593736108,3268.6426135880047,1091384,-0.0650151293232315,0
2023-09-22,3243.385009765625,3267.454154400138,3230.7065897035063,3267.454154400138,1019051,-0.9078502056111493,0
2023-09-25,3252.7451171875,3283.400974934535,3230.360012583251,3243.3849615855524,623515,0.2885906974871011,0
2023-09-26,3231.59814453125,3276.566646886582,3224.0702646964405,3262.6996780061672,1054827,-0.6501269510638674,0
2023-09-27,3184.004638671875,3235.9066248267573,3155.725879118513,3215.948191591389,1464192,-1.472754461748782,0
2023-09-28,3127.249267578125,3194.256348916703,3111.8965512435107,3186.926761717513,1214383,-1.7825153394696036,0
2023-09-29,3118.87939453125,3146.2665608623793,3113.1840324122013,3130.0224943293892,697564,-0.2676432970550202,0
2023-10-03,3165.878662109375,3181.9742517094614,3084.8063186877116,3118.879588841273,1007308,1.5069280223061865,0
2023-10-04,3136.559814453125,3174.545502451005,3121.0586203504267,3155.726043934135,486969,-0.9260887982584731,0
2023-10-05,3185.93603515625,3200.2982526316937,3134.9254006745005,3143.7407339828555,1109881,1.5742158168194909,0
2023-10-06,3278.300048828125,3288.2545999464774,3190.4925167842775,3199.30785035572,1102120,2.8991170146749345,0
2023-10-09,3236.451416015625,3264.6806020466715,3218.1767807912533,3263.3929066004057,822467,-1.276534551114672,0
2023-10-10,3238.13525390625,3267.850186938219,3228.329422733998,3263.690144677892,633934,0.052027287735345595,0
2023-10-11,3249.327880859375,3264.680596041,3232.9846679240973,3258.4404118288367,546575,0.3456503844187164,0
2023-10-12,3253.78515625,3263.7397071469686,3231.598103054401,3260.718640601218,429096,0.1371753037568535,0
2023-10-13,3252.546875,3275.5759468976016,3235.510362648501,3253.7849971450323,920545,-0.03805663836229378,0
2023-10-16,3270.029052734375,3297.3668863394983,3243.880009841351,3252.794489257709,778014,0.5374919534211209,0
2023-10-17,3277.012451171875,3296.8224074930285,3272.7039307644777,3286.422180424423,584625,0.21355768786397444,0
2023-10-18,3251.556640625,3292.563152661264,3246.356527194711,3277.7552589715438,324535,-0.7767993233523396,0
2023-10-19,3253.438232421875,3269.583393588039,3208.2221083273384,3238.92753758271,698767,0.05786741566689013,0
2023-10-20,3235.16357421875,3260.2232146627894,3213.174573406073,3241.5522360884106,657550,-0.5617029400162066,0
2023-10-23,3189.1552734375,3243.8307033228257,3179.200722239885,3215.353891734557,566920,-1.4221321341490567,0
2023-10-25,3157.55859375,3205.5481650921397,3148.7925912549126,3185.4410108448565,762466,-0.9907538824048157,0
2023-10-26,3071.335693359375,3159.5889041651,3062.6688374210016,3130.3198869955418,1124281,-2.7306825140566704,1
2023-10-27,3091.04638671875,3108.9249200873046,3057.91428420216,3065.689788536253,1050608,0.6417629112308365,0
2023-10-30,3086.836669921875,3092.284407556226,3045.7805864780507,3075.495519029056,802316,-0.13619067041383826,0
2023-10-31,3159.34130859375,3175.337993650136,3058.5088228969125,3089.957129017953,1235478,2.3488330101284483,0
2023-11-01,3143.24560546875,3182.3702683655747,3138.243785061326,3163.5014788301623,756820,-0.5094638898689996,0
2023-11-02,3171.07861328125,3197.8220530933986,3149.7829112086133,3169.5928666250197,774180,0.8854862554830367,0
2023-11-03,3243.385009765625,3256.756729915827,3174.5949866904034,3174.693891376844,1355614,2.2801830324085337,0
2023-11-06,3236.005859375,3278.5476911727437,3214.462532401282,3278.5476911727437,1137606,-0.22751385877429753,0
2023-11-07,3239.125732421875,3255.2213210518585,3219.315777184972,3242.889672281035,433992,0.09641122984485051,0
2023-11-08,3280.380126953125,3292.2165269067405,3241.1067453921146,3257.7471562448354,632305,1.2736274519484114,0
2023-11-09,3252.546875,3289.3933416720165,3243.5332490558717,3289.3933416720165,1317398,-0.8484764227302266,0
2023-11-10,3225.407470703125,3243.8305839078325,3192.3742737484827,3232.0437573169834,1170763,-0.8344047092903151,0
2023-11-13,3233.727783203125,3247.198650389063,3219.712335668522,3243.880385937739,275538,0.2579615932428503,0
2023-11-15,3264.630859375,3269.533774646015,3229.765388555779,3244.127605264836,747863,0.9556486582573243,0
2023-11-16,3304.2509765625,3326.0915006830696,3228.2798462183723,3264.0862437574046,1055389,1.2136170640464128,0
2023-11-17,3307.12353515625,3334.0154525505764,3295.0888423072724,3307.2720130916146,633405,0.08693524233254202,0
2023-11-20,3314.05712890625,3322.080015916447,3280.7763064188216,3306.2816245229155,497379,0.20965632750917784,0
2023-11-21,3362.1953125,3369.4259950270675,3323.21936796085,3333.025199754856,1038863,1.4525453762964213,0
2023-11-22,3397.259033203125,3402.360000230627,3363.780158635831,3367.692576647491,980779,1.0428817318483885,0
2023-11-23,3376.012451171875,3409.243699213893,3364.027573429678,3401.2701439225657,517362,-0.6254036511080363,0
2023-11-24,3364.67138671875,3386.6110576467527,3350.4083154094874,3373.6354399953943,589530,-0.33593076498246166,0
2023-11-28,3409.689453125,3413.20576859988,3365.0677216975364,3385.471830825103,733524,1.337963243125273,0
2023-11-29,3396.714111328125,3440.84083612917,3391.4644246897765,3440.84083612917,819200,-0.3805432129598496,0
2023-11-30,3457.431396484375,3466.7419782118523,3389.730781410146,3398.4967828547733,1480088,1.7875300412759643,0
2023-12-01,3456.342041015625,3466.7422678190824,3437.027334094919,3465.751770028277,655263,-0.03150765246875409,0
2023-12-04,3455.25244140625,3516.2672028373054,3445.0009342312746,3516.2672028373054,808838,-0.03152464647436792,0
2023-12-05,3511.61181640625,3516.2671075929984,3445.941765441138,3455.2523478146354,713651,1.6311217763603558,0
2023-12-06,3513.1962890625,3539.9893009259395,3488.632138904209,3516.2669287426534,474140,0.045120951263677433,0
2023-12-07,3551.33056640625,3560.8394416156343,3485.6111852257613,3513.196402706055,820214,1.085458204042622,0
2023-12-08,3600.112548828125,3612.295719512261,3541.0294547932276,3541.0294547932276,1562141,1.3736255048552026,0
2023-12-11,3596.002197265625,3609.9683127190156,3564.1082170519057,3600.0137616465563,620604,-0.11417286284113315,0
2023-12-12,3537.463623046875,3609.869106434624,3529.3911629861914,3602.4403731932302,1075941,-1.6278792672391074,0
2023-12-13,3568.119873046875,3575.4494600929866,3518.991085073858,3550.9346393609962,717618,0.8666166854768953,0
2023-12-14,3557.2734375,3612.345207810488,3550.290621986183,3612.345207810488,992762,-0.3039818148714013,0
2023-12-15,3566.3369140625,3580.649558956141,3550.7365736604092,3580.649558956141,906271,0.25478717680105234,0
2023-12-18,3585.205810546875,3632.3533591160945,3559.7498245040447,3566.4852576770027,699850,0.5290833967473096,0
2023-12-19,3576.142578125,3593.476288871184,3565.8910714332733,3576.3406293122366,577926,-0.25279531778100717,0
2023-12-20,3520.328125,3616.80250843649,3507.352507838864,3576.1425277236317,849001,-1.560744626526156,0
2023-12-21,3545.982177734375,3564.752062964656,3485.3637598199384,3490.6134466036406,816722,0.7287403850848362,0
2023-12-22,3592.88232421875,3603.8767048062414,3526.717022213136,3545.9821562341117,777099,1.3226278118053214,0
2023-12-26,3621.953125,3630.1743048047706,3589.019074349316,3600.45937188686,526101,0.8091219850227427,0
2023-12-27,3654.19384765625,3659.889209755328,3610.3643219372584,3633.1457703335705,666625,0.8901474299519041,0
2023-12-28,3679.79833984375,3701.4901441475185,3645.7250716689723,3664.742580374032,1033648,0.7006878467578304,0
2023-12-29,3640.525146484375,3679.798529949203,3625.469628057603,3679.798529949203,709614,-1.067264826285086,0
2024-01-01,3642.208984375,3662.8609607766925,3632.650777081806,3653.946480342136,286683,0.04625260979864709,0
2024-01-02,3663.1083984375,3672.6172738111036,3607.888147450441,3653.946294013638,453685,0.5738115015408995,0
2024-01-03,3657.957763671875,3674.69707891707,3630.174253422732,3672.7656566688925,356757,-0.14060830872004715,0
2024-01-04,3684.354736328125,3691.585418863918,3651.6187346252414,3660.8799860802364,545228,0.7216314228229992,0
2024-01-05,3677.272705078125,3714.3667998215246,3652.213062037845,3684.3546677148156,963628,-0.19221903852445488,0
2024-01-08,3670.834228515625,3740.9615174606406,3660.6816265953726,3734.1765111563714,1202148,-0.17508836245972992,0
2024-01-09,3658.898681640625,3718.278973277656,3650.132679841263,3701.4405115592235,572612,-0.3251453520369485,0
2024-01-10,3679.154541015625,3694.5568303211953,3654.936917931692,3672.7658785069684,556311,0.5536053642763772,0
2024-01-11,3663.455078125,3707.135883846268,3657.5120916197334,3691.4859710182504,392818,-0.426713874494955,0
2024-01-12,3690.594482421875,3698.8156618123503,3613.2860874788166,3664.8415418574714,990582,0.7408144420530283,0
2024-01-15,3723.1328125,3739.129255500528,3700.4998406754894,3704.461831939596,661292,0.881655522791891,0
2024-01-16,3783.998779296875,3821.3404978505487,3720.3097226352156,3723.132738082768,1170685,1.6348051456162027,0
2024-01-17,3793.656005859375,3818.368876684142,3763.8914997145885,3782.661383960859,723356,0.25521220078972284,0
2024-01-18,3699.2119140625,3788.307138684208,3683.5126697516557,3755.323756927582,1293580,-2.489527032788541,1
2024-01-19,3774.390869140625,3824.8071085052757,3705.154930474563,3706.640677117774,2566367,2.032296522195254,0
2024-01-23,3704.11474609375,3821.340249383618,3670.5369697131523,3750.024412692166,1053510,-1.8619195913558317,0
2024-01-24,3732.047119140625,3744.0815703169174,3676.4800975195285,3728.2336059981158,636988,0.7540903822251144,0
2024-01-25,3734.374755859375,3760.8705719998925,3694.6559391860405,3734.5728070551536,646135,0.0623688995460947,0
2024-01-29,3829.908203125,3838.178956443314,3724.8165321455444,3724.8661053994556,699215,2.558218001975554,0
2024-01-30,3700.251953125,3850.015163895564,3679.699124903801,3845.112248418992,852445,-3.385361818703836,1
2024-01-31,3662.4150390625,3739.129042172865,3618.5359399517934,3713.3761004254493,1386754,-1.022549668017747,0
2024-02-01,3592.981201171875,3702.480781476151,3566.782582690107,3702.480781476151,1408462,-1.8958484265179987,0
2024-02-02,3578.07421875,3678.164071559695,3568.2188138312895,3600.4595661509325,2320153,-0.414891745523549,0
2024-02-05,3518.2978515625,3590.207848644902,3501.3106687524305,3578.6190724436838,1771614,-1.6706296050053138,0
2024-02-06,3525.330078125,3543.95148475931,3498.04205773357,3518.2976889771217,1069901,0.1998758166360748,0
2024-02-07,3542.515380859375,3585.6020351491507,3522.012124768391,3544.0011275590223,900220,0.4874806714131985,0
2024-02-08,3515.375732421875,3575.6969498897784,3469.7136884941533,3570.546409849654,1011857,-0.766112367052485,0
2024-02-09,3557.471923828125,3563.71186638632,3499.2801792457344,3515.3757681727784,838509,1.1974876829808467,0
2024-02-12,3551.18212890625,3584.2153262548736,3536.12661117058,3564.8014732399674,487283,-0.17680518796917566,0
2024-02-13,3526.12255859375,3574.4588991023247,3517.4061296789664,3572.7255279700967,796060,-0.705668405698423,0
2024-02-14,3551.479248046875,3559.700427717898,3470.0108082889847,3512.3050137565924,1046318,0.7191097028470095,0
2024-02-15,3587.632568359375,3597.4879730049715,3537.0676078195906,3560.889128031419,759063,1.0179792077451122,0
2024-02-16,3620.66552734375,3654.936847629771,3590.0592423398657,3613.335940420977,915502,0.920745320345917,0
2024-02-19,3659.93896484375,3674.251609770118,3615.3169903385715,3637.058368806731,528874,1.08470216879748,0
2024-02-20,3651.66796875,3684.6020185964876,3630.669465031575,3664.8416370527425,744107,-0.22598726845444173,0
2024-02-21,3621.606689453125,3672.2705546589605,3605.4119538661134,3617.347500594023,660426,-0.8232204996218573,0
2024-02-22,3617.347412109375,3641.069785224039,3521.5663265695075,3641.069785224039,1017437,-0.11760739663293496,0
2024-02-23,3656.8681640625,3701.49013660488,3620.269320120641,3637.1077820746905,897831,1.092534043615112,0
2024-02-26,3588.078125,3654.9367236024846,3576.5389228583863,3654.9367236024846,546842,-1.8811189240708015,0
2024-02-27,3619.13037109375,3640.0793021861973,3586.641995896484,3595.506902567591,673959,0.8654283717345113,0
2024-02-28,3560.542236328125,3634.136267987857,3548.1114411219905,3620.2692993991873,538608,-1.6188456551212593,0
2024-02-29,3589.9599609375,3619.2787911684195,3551.2316438693847,3561.037474900412,1692242,0.8262147351947302,0
2024-03-01,3730.115478515625,3738.138607230826,3591.5449363590287,3595.5069274636717,1533727,3.904096956600145,0
2024-03-04,3696.933837890625,3728.3328111477326,3679.699273151137,3725.85656668397,787542,-0.8895606802555189,0
2024-03-05,3715.109619140625,3723.4297039228973,3672.7658382386026,3712.3857501937114,733660,0.49164475338219216,0
2024-03-06,3774.539306640625,3778.748922084625,3667.5159762237263,3712.4351459838804,765602,1.5996752072620524,0
2024-03-07,3750.916015625,3787.9112051195198,3732.294850473705,3775.8271803445036,838514,-0.6258589220163646,0
2024-03-11,3714.51513671875,3771.8155297698386,3706.4922498282313,3766.763894385598,597848,-0.9704530507912423,0
2024-03-12,3713.17822265625,3730.214736551442,3678.2136017482158,3726.252745328339,564569,-0.03599161702921849,0
2024-03-13,3591.247802734375,3726.252700397896,3555.8870798587045,3723.2812070163986,1027729,-3.2837211846688863,1
2024-03-14,3605.560302734375,3613.3358068320877,3546.130437490426,3595.4572740070516,1293906,0.3985383573114287,0
2024-03-15,3598.676513671875,3621.2103383405747,3575.6970133628893,3600.162260353328,1207241,-0.19092147917424418,0
2024-03-18,3545.684814453125,3585.6019228981563,3531.223692121728,3584.6114251294002,785257,-1.4725329997688608,0
2024-03-19,3549.349609375,3572.3786825085886,3513.3451605575133,3544.9915159188763,554444,0.10335929767182339,0
2024-03-20,3556.382080078125,3562.7211687870968,3516.2669222329328,3549.349449505366,526882,0.19813406615538653,0
2024-03-21,3593.080078125,3602.4402332814775,3555.9364133606186,3572.6757282194726,767905,1.0318913215890735,0
2024-03-22,3671.47802734375,3691.4860338880912,3586.8400414539155,3593.0802257548708,1281102,2.181914889569092,0
2024-03-26,3663.058837890625,3694.5071423735058,3630.1743599923607,3630.1743599923607,1158224,-0.22931335528695307,0
2024-03-27,3723.67724609375,3748.934939407035,3657.7102392385605,3663.8512770917587,1315714,1.6548576172484397,0
2024-03-28,3765.674560546875,3801.8277300178283,3697.0825883314365,3724.271704405031,1590738,1.1278451830695424,0
2024-04-01,3702.876953125,3796.1324679595064,3695.0521170762213,3786.6235921603197,964052,-1.6676323567577533,0
2024-04-02,3720.260009765625,3745.517702621576,3698.617778822677,3718.3285874996122,677963,0.46944732057474514,0
2024-04-03,3677.22314453125,3716.347808291246,3669.7944109059345,3709.513470084258,801601,-1.1568241230829002,0
2024-04-04,3746.805419921875,3756.2647219401783,3644.0412768204556,3704.461640475266,1177617,1.892250555806152,0
2024-04-05,3718.7744140625,3765.7734862731727,3705.4522670266215,3742.4967879905944,623873,-0.7481308132611719,0
2024-04-08,3713.277099609375,3772.112813925454,3684.9985809222967,3762.554365078659,849267,-0.14782597278116816,0
2024-04-09,3644.38818359375,3725.262232378261,3629.530716567514,3719.3192455677668,745285,-1.8552053662483692,0
2024-04-10,3675.935302734375,3684.9985024890752,3646.467993859838,3654.9367982198623,567546,0.8656355347282485,0
2024-04-12,3584.90869140625,3659.6912743780067,3575.1521914690525,3654.4911609925534,1910561,-2.4762843693253878,1
2024-04-15,3566.38623046875,3604.6192978304503,3555.8868577815465,3572.72531922508,854076,-0.5166787366691405,0
2024-04-16,3611.255859375,3618.486541733378,3548.953644016053,3554.896630860624,1116890,1.2581259013091373,0
2024-04-18,3491.603759765625,3625.2218112157443,3467.732666958011,3611.2556960344027,1677946,-3.313309947251508,1
2024-04-19,3529.193359375,3537.265820001978,3445.1990946025126,3491.604014900752,1507940,1.0765711746139939,0
2024-04-22,3562.572998046875,3580.6495830790163,3518.2482210502535,3533.105688199959,668659,0.9458149574945951,0
2024-04-23,3598.478271484375,3613.335737510322,3570.8928128345724,3585.5522276776537,769991,1.007846673097923,0
2024-04-24,3575.449462890625,3610.216032684225,3546.0317263533693,3607.393017202758,652811,-0.6399596400578078,0
2024-04-25,3537.166748046875,3568.2682818669787,3507.3526678947874,3560.839548455736,1889163,-1.070710556563137,0
2024-04-26,3550.736572265625,3559.106230336134,3522.507384882454,3553.906116870813,798783,0.38363541176684723,0
2024-04-29,3570.595947265625,3579.1140829101373,3539.196974813502,3550.9344699991184,703524,0.5593029670271532,0
2024-04-30,3555.144287109375,3585.1068460520673,3545.982182308717,3568.416861119323,963220,-0.43274737283234277,0
2024-05-02,3534.541748046875,3563.811005755122,3512.602318989327,3550.9345346392756,1435891,-0.579513443018409,0
2024-05-03,3500.320068359375,3564.8015716773375,3458.8183073901814,3560.839580489033,1681592,-0.9682069735464371,0
2024-05-06,3248.981201171875,3455.648708368761,3226.051274259063,3442.970288401751,6891728,-7.180453852190272,1
2024-05-07,3239.819091796875,3300.3386028817386,3196.336335984205,3298.3576073217855,3111444,-0.28199945791299585,0
2024-05-08,3228.874267578125,3249.823198784693,3207.6774701071367,3244.2763145180847,2054981,-0.3378220792161546,0
2024-05-09,3214.858642578125,3290.9289215441077,3202.2793689547325,3228.8743314598455,1860654,-0.4340715629819969,0
2024-05-10,3258.589111328125,3274.783604407242,3211.936570692766,3227.140807845126,1307103,1.3602610133716775,0
2024-05-13,3222.73291015625,3276.566559640428,3199.802983953568,3276.071310765029,1294603,-1.1003596939308746,0
2024-05-14,3257.64794921875,3276.5665529486537,3219.117683519687,3219.117683519687,620163,1.0833984706727362,0
2024-05-15,3237.491455078125,3275.031222911932,3229.022650988226,3272.60455179911,657036,-0.6187437824722308,0
2024-05-16,3302.220458984375,3316.186574440155,3220.4054872761194,3245.1679318283905,1404971,1.99935674902616,0
2024-05-17,3329.21142578125,3335.996432117624,3276.566566937381,3316.1369038057446,1194228,0.8173581119770734,0
2024-05-21,3344.9111328125,3348.1798239774453,3319.158189533517,3323.120180807207,827674,0.4715743466958022,0
2024-05-22,3351.696044921875,3370.76312738792,3328.072575891488,3352.5873962049745,626567,0.20284282122826625,0
2024-05-23,3419.247802734375,3427.5183138459233,3345.653771620931,3350.8538848030817,977789,2.015449996274188,0
2024-05-24,3379.974609375,3422.2194858047233,3371.8525757469906,3419.297565647304,878625,-1.1485916091828252,0
2024-05-27,3371.06005859375,3403.6475807532775,3358.084682726359,3391.4148364025336,804488,-0.2637460872198183,0
2024-05-28,3377.0029296875,3390.473795806086,3359.916843512316,3371.6543385696514,548576,0.1762908696509191,0
2024-05-29,3348.278564453125,3385.5213773275655,3339.0671286501693,3372.991677267334,519533,-0.8505875130239593,0
2024-05-30,3240.76025390625,3333.0250252621013,3223.0797718284925,3333.0250252621013,2365535,-3.211151894240194,1
2024-05-31,3211.0947265625,3297.1691306215976,3186.1838035783594,3266.6617499654712,2524214,-0.9153879034400236,0
2024-06-03,3230.21142578125,3301.2796440045827,3219.1178986178566,3278.5477675154166,1378542,0.5953327711143208,0
2024-06-04,3208.172607421875,3263.8881053109944,3026.614323269717,3230.21118214246,2934800,-0.6822716984862587,0
2024-06-05,3286.124755859375,3302.3194907622246,3170.632863572432,3234.9656439200435,1396386,2.4297990780534517,0
2024-06-06,3290.0869140625,3328.0726013448407,3259.480628832004,3297.3671696062424,1825503,0.12057236098721447,0
2024-06-07,3411.32373046875,3423.754525253655,3263.0956011638414,3263.0956011638414,2084099,3.684912270495322,0
2024-06-10,3389.681396484375,3419.198278188622,3357.7874168770077,3410.2837983208074,1655552,-0.6344262724488181,0
2024-06-11,3378.290771484375,3405.62860727733,3369.5743425488854,3385.719504925857,1086157,-0.33603821916164955,0
2024-06-12,3350.16064453125,3386.412717698484,3338.8194934671656,3378.9346530168114,2054168,-0.8326733503985828,0
2024-06-13,3439.206298828125,3444.059882979739,3357.7874307303177,3392.405279329008,1753028,2.6579517744091286,0
2024-06-14,3496.506591796875,3501.409507240603,3445.941633858574,3456.8371089871866,2346892,1.6660906031799927,0
2024-06-18,3554.896484375,3590.5544039730776,3504.3810982777236,3521.021509120975,1585048,1.669949449405106,0
2024-06-19,3429.449951171875,3560.839379821413,3423.1601937865935,3560.839379821413,1862394,-3.528837865026613,1
2024-06-20,3403.30078125,3456.8372343466526,3385.620541060761,3440.9892699485017,2377432,-0.7624887458392404,0
2024-06-21,3367.44482421875,3440.6425133599314,3351.250088803496,3398.1006821152287,2707405,-1.053564152448505,0
2024-06-24,3379.925048828125,3396.4167394172105,3340.255566105955,3348.229121251178,645002,0.37061407865146556,0
2024-06-25,3370.119384765625,3390.8702665030364,3352.7360990132875,3380.123509848385,1299560,-0.2901148374843343,0
2024-06-26,3340.701416015625,3369.17822743374,3337.9775470973705,3369.17822743374,1485709,-0.8729058348194374,0
2024-06-27,3359.43359375,3371.258988810378,3340.0059510547903,3348.8998650820854,1462935,0.5607258896162204,0
2024-06-28,3382.885498046875,3398.4871483321635,3345.272630883438,3359.433408463666,1005498,0.6980910216682235,0
2024-07-01,3409.96484375,3413.4926648955093,3360.327640857108,3360.824510240644,1001832,0.8004807055621344,0
2024-07-02,3378.364013671875,3428.398859286263,3364.1040074620505,3424.4239040870907,878947,-0.9267201137291736,0
2024-07-03,3339.210693359375,3405.4930206265944,3320.975489931672,3399.381624251513,980605,-1.1589432090222007,0
2024-07-04,3315.112548828125,3348.800196209364,3309.150116186348,3343.9309732633815,741143,-0.7216718783026654,0
2024-07-05,3248.8798828125,3311.1375185214115,3236.607112192148,3311.1375185214115,2001382,-1.9979009774204415,0
2024-07-08,3136.4384765625,3183.9392416108085,3106.5270830621457,3183.9392416108085,5323920,-3.460928390884721,1
2024-07-09,3195.01904296875,3201.8759859065526,3145.1831417330095,3150.151835479823,2044328,1.867741607048945,0
2024-07-10,3204.8076171875,3232.3341333150493,3170.523628724564,3197.6030109163034,1437517,0.30636982400125135,0
2024-07-11,3228.260009765625,3238.3463616877943,3209.776370771485,3226.6201951545236,1105185,0.7317878443732218,0
2024-07-12,3209.62744140625,3248.532219365468,3199.888752397526,3245.5510028900635,1496692,-0.5771706214186767,0
2024-07-15,3204.012451171875,3232.0358355914072,3185.33011402152,3221.4526148762225,1243810,-0.17494211826388772,0
2024-07-16,3213.801025390625,3230.64484958445,3203.913372820021,3207.739121645585,501336,0.3055098682643864,0
2024-07-18,3241.67529296875,3248.6314642606994,3185.9264517127563,3212.7076626643607,1086374,0.8673302223101143,0
2024-07-19,3238.594970703125,3258.469748062457,3214.7452378719267,3241.6259227728287,1111191,-0.09502254196483984,0
2024-07-22,3234.072998046875,3252.904298671793,3203.0186623817735,3229.650909170564,696255,-0.1396276069455027,0
2024-07-23,3445.1435546875,3468.148511522851,3211.9128575450445,3234.719357749115,7159507,6.526462351594886,0
2024-07-24,3456.620849609375,3530.2569897047388,3440.472594554427,3448.2735409642346,3862140,0.333144170618338,0
2024-07-25,3384.4755859375,3432.771145085304,3363.259165936619,3393.6179341924253,1476422,-2.0871616185509034,1
2024-07-26,3472.2724609375,3479.7752376807207,3371.755874600109,3384.4757802386,1830745,2.5941057268900503,0
2024-07-29,3390.338623046875,3477.638673867616,3366.7870619564183,3473.117113795065,2213293,-2.3596603899137314,1
2024-07-30,3446.53466796875,3457.217360300809,3389.2457219490725,3403.505728471634,1316880,1.6575348709968019,0
2024-07-31,3437.292724609375,3477.9862793653515,3424.9704607102985,3457.2669712486936,1361595,-0.2681517596578198,0
2024-08-01,3446.63427734375,3470.136104373519,3420.946030729049,3453.242543727944,879399,0.2717706486704996,0
2024-08-02,3440.671630859375,3456.124075108124,3388.6493076400952,3393.618001639568,1168195,-0.1729991059269076,0
2024-08-05,3354.8125,3437.342557010321,3295.7347760406847,3299.262597352156,1932064,-2.4954177576640757,1
2024-08-06,3314.21826171875,3394.959536606987,3300.305918968777,3359.78103865771,976535,-1.2100300175121537,0
2024-08-07,3305.423583984375,3347.756952634659,3296.281235822024,3338.9622674746333,1277139,-0.26536205644507316,0
2024-08-08,3275.860107421875,3338.9127887086374,3263.3389009114157,3316.106530704322,1280733,-0.8943929820596219,0
2024-08-09,3310.839599609375,3329.025068656079,3264.5315158633402,3329.025068656079,1019809,1.0677956640532171,0
2024-08-12,3300.0576171875,3324.0563123529555,3274.717277586603,3310.7898022229747,874598,-0.3256570455164032,0
2024-08-13,3362.364990234375,3383.4322044284368,3284.704156870388,3309.1502285767515,1314371,1.8880692483174588,0
2024-08-14,3380.848388671875,3394.810467447006,3335.8322147580275,3368.7745591991966,997803,0.5497142187473214,0
2024-08-16,3423.181884765625,3428.49848462878,3349.0986053819747,3388.649459917492,1161982,1.2521560042620061,0
2024-08-19,3443.156005859375,3482.2594823860104,3414.6852434436632,3414.6852434436632,1135205,0.5834957582196321,0
2024-08-20,3453.142822265625,3461.29167442837,3432.7711770827814,3458.2109871364046,526591,0.29004832744305986,0
2024-08-21,3538.107421875,3559.57227636522,3432.920318571946,3453.1427569868856,1990034,2.4605005927217816,0
2024-08-22,3581.83203125,3602.303147560944,3531.4495226465156,3552.5664721322178,1531544,1.2358191587023226,0
2024-08-23,3547.6474609375,3600.1666527471625,3521.8102525385157,3588.8378850357876,1173387,-0.9543878667188643,0
2024-08-26,3607.470703125,3617.2093923190328,3551.672364076756,3569.5099278049356,1156681,1.686279227183718,0
2024-08-27,3529.014892578125,3635.8915484069057,3508.394812600372,3607.470521850596,1169007,-2.1748149050500154,1
2024-08-28,3505.413818359375,3557.53537289096,3497.861306000736,3537.362425569775,727481,-0.668772304372689,0
2024-08-29,3511.077880859375,3531.4992617288835,3488.023189213755,3514.8541368230913,927472,0.1615804236959173,0
2024-08-30,3542.827880859375,3575.4722983603065,3520.3197934800965,3527.7728346801246,2116894,0.9042807102936923,0
2024-09-02,3565.087890625,3579.397633143757,3529.760425680037,3542.827994625568,718800,0.6283119167568962,0
2024-09-03,3598.477294921875,3612.141203939602,3537.85922582505,3565.087815543951,1112614,0.9365660909701035,0
2024-09-04,3585.111328125,3594.8500166371855,3545.858646533523,3563.6467161636992,529856,-0.3714339622411078,0
2024-09-05,3699.54052734375,3730.445657944615,3577.8570192097677,3593.955781592709,3437885,3.191789284786206,0
2024-09-06,3672.36181640625,3718.5706716255413,3642.052782337683,3691.6899879701955,1408795,-0.7346509853485506,0
2024-09-09,3661.48046875,3701.130551175434,3630.873264145304,3666.9957678002197,923357,-0.2963038012114616,0
2024-09-10,3704.06201171875,3726.520606284096,3643.0465447033325,3680.808620180345,1109078,1.1629597189490637,0
2024-09-11,3687.864013671875,3720.061052489411,3676.9328872988594,3708.533585814884,831810,-0.4373036411277287,0
2024-09-12,3740.681396484375,3750.370350091527,3687.8642746348096,3712.608274494421,1337327,1.432194425192801,0
2024-09-13,3743.4140625,3776.058479150094,3716.583114879214,3753.3514505076982,1003355,0.07305262667367529,0
2024-09-16,3717.22900390625,3765.276372690188,3712.011875123821,3744.407857560472,386602,-0.699496720281656,0
2024-09-17,3743.811279296875,3753.3512683661165,3703.962500886982,3736.3582386527805,392339,0.7151099747336298,0
2024-09-18,3702.02490234375,3762.295062977119,3684.7834372739453,3745.4015035289917,420638,-1.1161453886364914,0
2024-09-19,3757.276611328125,3771.238689782396,3717.676266305652,3726.5204444490078,945257,1.4924726451568393,0
2024-09-20,3773.4248046875,3795.0883583715927,3716.582995629682,3769.251150380584,1951755,0.4297845229358055,0
2024-09-23,3796.181884765625,3805.026063501741,3757.326598615848,3773.4251194924323,530107,0.6030882091476952,0
2024-09-24,3761.201904296875,3815.857538547131,3757.87302486884,3794.0947557722884,1281513,-0.9214516461692024,0
2024-09-25,3713.850341796875,3779.7352729632357,3686.8206948756024,3776.2074516899124,942343,-1.2589476370812425,0
2024-09-26,3734.023193359375,3753.500327838692,3678.2246154140003,3714.595551729347,1863893,0.5431789034541445,0
2024-09-27,3792.802978515625,3842.788090642717,3727.713084557234,3750.370378610193,2164755,1.574167650077385,0
2024-09-30,3800.00732421875,3839.359476588687,3762.2949863878966,3762.2949863878966,1068609,0.18994779702330433,0
2024-10-01,3752.307861328125,3813.919665088962,3733.4765601526574,3800.0073223042573,774221,-1.2552466040425703,0
2024-10-03,3651.9404296875,3758.3202189389935,3627.196430103121,3666.001979564067,1597560,-2.674818680925084,1
2024-10-04,3647.120849609375,3730.2967382520783,3602.303132897351,3602.303132897351,1542987,-0.1319731296530846,0
2024-10-07,3566.777099609375,3724.533139050202,3530.0584983217723,3716.5334929372552,2523321,-2.2029363246519607,1
2024-10-08,3471.4775390625,3572.490991184283,3458.2110290184437,3566.776993075991,1360120,-2.6718675679876958,1
2024-10-09,3471.57666015625,3536.517585869603,3464.7696951438115,3495.9729955005782,1063802,0.0028552998725839274,0
2024-10-10,3425.666015625,3509.4382434547297,3393.7174108343274,3488.0231241841325,1488328,-1.3224724390554998,0
2024-10-11,3452.64599609375,3469.142157249222,3422.734603725351,3442.3112095993424,858463,0.7875835048043234,0
2024-10-14,3475.899658203125,3502.9293053132096,3430.9329770498134,3452.6460244814966,593206,0.6735026450926052,0
2024-10-15,3486.532470703125,3507.3512493892836,3455.2296994826183,3501.8856861603062,578719,0.30590101975200845,0
2024-10-16,3449.267333984375,3488.0231467257727,3418.4614315489052,3486.0356691492907,591644,-1.0688309095608362,0
2024-10-17,3382.041259765625,3465.1674186926057,3358.9368311781277,3465.1674186926057,560796,-1.9489957637204847,0
2024-10-18,3360.278076171875,3400.922139377966,3275.4626136589245,3373.7432856724404,1249585,-0.6434925514556933,0
2024-10-21,3342.19189453125,3398.4376055596886,3314.61564385906,3396.5493563428595,714746,-0.5382346707814567,0
2024-10-22,3308.951416015625,3400.0772130092096,3298.4674234344056,3353.768889126404,882086,-0.9945712144780128,0
2024-10-23,3268.009521484375,3314.1189048549436,3261.947617747032,3309.150210844666,877837,-1.2373072125836493,0
2024-10-24,3310.04443359375,3321.969299055836,3258.6681867503307,3280.381476324016,764369,1.2862542729153992,0
2024-10-25,3246.09765625,3321.4231088426777,3212.111836445183,3311.137814804105,805013,-1.9319008740412036,0
2024-10-28,3262.494140625,3294.2440460304033,3233.675716089591,3249.525801061665,736462,0.5051137122578764,0
2024-10-29,3262.842041015625,3277.3507252614095,3206.795266955297,3265.2271598213556,702769,0.010663632657381683,0
2024-10-30,3287.735107421875,3301.001617539828,3214.844511497293,3240.5822495532016,895278,0.7629258815882389,0
2024-10-31,3246.594482421875,3279.2386573130584,3233.2287437246314,3270.394478799884,1170306,-1.2513363654853893,0
2024-11-01,3273.077392578125,3296.82789514272,3261.7986029185363,3283.312950601494,176636,0.8157135207257138,0
2024-11-04,3201.826416015625,3297.225340887599,3170.1262453165136,3297.225340887599,1122152,-2.176880287770322,1
2024-11-05,3210.02490234375,3238.495423192958,3165.058219631559,3185.9267353653936,872402,0.2560565521952052,0
2024-11-06,3157.157958984375,3188.8581302210678,3094.502678012175,3125.3085813578323,4522923,-1.6469324995197043,0
2024-11-07,3101.309814453125,3166.101535344512,3088.6396448208275,3160.089367114235,1608603,-1.7689372928687996,0
2024-11-08,3166.30029296875,3172.9085590304935,3086.5527532243036,3101.4588354195275,1719882,2.0955816220858736,0
2024-11-11,3186.523193359375,3209.826321600075,3138.4758214106737,3171.6171101420364,1054929,0.6386918017704524,0
2024-11-12,3178.423828125,3218.7199851368437,3165.0580897378345,3181.6037437743908,992983,-0.25417562474530087,0
2024-11-13,3167.890380859375,3201.429065891212,3142.4008346679693,3155.120740032077,911537,-0.3314047413191856,0
2024-11-14,3163.76611328125,3175.144373818324,3116.364821879025,3125.358206382933,1161637,-0.13018971878080432,0
2024-11-18,3152.437744140625,3187.1191323201265,3137.730360909918,3163.7662697765372,943251,-0.35806594846152784,0
2024-11-19,3204.509521484375,3262.4445431613026,3152.4377044074477,3172.0143106216506,1174506,1.651793994680295,0
2024-11-21,3158.549072265625,3213.7015762231313,3128.637679650474,3204.80766239563,1582159,-1.434242866517077,0
2024-11-22,3287.983642578125,3296.2317234504353,3132.413779070443,3154.9718447676346,2207527,4.097912280326121,0
2024-11-25,3288.38134765625,3348.7509831990396,3277.4004847676256,3338.962558416016,1892510,0.01209571340243798,0
2024-11-26,3306.666015625,3322.8142718996523,3275.06507174666,3289.2755857907587,721345,0.5560385501450993,0
2024-11-27,3271.040283203125,3309.050792991372,3259.612286796201,3304.1815698280107,732835,-1.0773913135929902,0
2024-11-28,3192.237060546875,3284.306867051949,3180.312194463782,3271.3882621285984,1701387,-2.409118073565364,1
2024-11-29,3228.6572265625,3239.5883529066637,3192.2367981060647,3192.2367981060647,1139585,1.1408979134333475,0
2024-12-02,3286.145263671875,3289.175972936881,3201.876164503094,3228.657376769841,915980,1.7805556017657986,0
2024-12-03,3311.883056640625,3317.7957541048727,3256.084718870228,3269.400722030652,1162310,0.7832214008698823,0
2024-12-04,3343.384521484375,3361.8184251015564,3317.100178240909,3321.075133517411,1630076,0.9511647695587211,0
2024-12-05,3419.5048828125,3443.7022765763036,3332.602474887402,3353.8186523065224,2383630,2.276745640203237,0
2024-12-06,3448.373046875,3477.737833814034,3408.5240246441244,3432.32401996727,1278516,0.8442205831493466,0
2024-12-09,3446.485107421875,3466.409620328308,3425.3184209254155,3445.7895387338663,926422,-0.054748701125473254,0
2024-12-10,3453.98779296875,3494.9297848895053,3414.5364093165567,3448.2737946059306,1063355,0.21769093186325694,0
2024-12-11,3451.354248046875,3468.8936404395163,3438.6343431619084,3462.931207769564,554702,-0.076246503454247,0
2024-12-12,3424.17529296875,3451.354144787603,3390.6366102036927,3448.7703269964586,926472,-0.787486682756644,0
2024-12-13,3486.880615234375,3495.97322854807,3359.0857037520223,3398.5868225225695,1242351,1.8312532770849987,0
2024-12-16,3416.672607421875,3489.0168387587555,3407.5302592149737,3483.0544061092105,1295227,-2.0134904391551967,1
2024-12-17,3384.77392578125,3427.8026230290257,3376.3271457265655,3400.6240115967535,1005604,-0.9336183271213327,0
2024-12-18,3380.599853515625,3402.561577565156,3368.774459096343,3379.90428489308,646145,-0.12331908591683982,0
2024-12-19,3335.832275390625,3378.6622732277083,3311.137768517588,3328.6276689015035,732634,-1.3242495434188761,0
2024-12-20,3335.23583984375,3397.5929494006054,3312.280376571641,3329.0249723580077,1235769,-0.017879662334197022,0
2024-12-23,3375.680908203125,3384.97246286296,3315.7584111046335,3356.9490777229116,691202,1.2126599227618495,0
2024-12-24,3332.403564453125,3397.592926182805,3317.298783353421,3364.153712912882,485245,-1.2820330157638171,0
2024-12-26,3302.24365234375,3350.7381526097242,3291.9086236180815,3343.930945023048,637094,-0.9050498094256065,0
2024-12-27,3288.48046875,3324.0563671812492,3280.431329840628,3299.06393279568,568989,-0.4167828011110486,0
2024-12-30,3236.955322265625,3297.175750676762,3227.1171621375915,3289.2258399205443,941859,-1.566837540134769,0
2024-12-31,3232.78125,3255.140372791297,3210.571333594517,3229.651069854022,616440,-0.12895056774226976,0
2025-01-01,3233.47705078125,3249.426364231164,3223.738362141259,3227.6635818295185,357376,0.021523286836999667,0
2025-01-02,3367.731201171875,3379.6560672797646,3230.644976395669,3243.5635813458825,1152493,4.152005667032266,0
2025-01-03,3430.03857421875,3460.148909629827,3356.8000701439546,3373.7433659089947,1630862,1.8501290431134798,0
2025-01-06,3448.6708984375,3506.407217484814,3419.653775144524,3468.148275193992,2145936,0.543210340513256,0
2025-01-07,3483.154052734375,3554.3056070408834,3463.179805306024,3468.148499431283,2389563,0.9998969258707247,0
2025-01-08,3462.23583984375,3492.4951388754093,3370.066562811258,3465.8131540858853,1317377,-0.6005537674741546,0
2025-01-09,3465.217041015625,3484.4954773025356,3439.876700811562,3464.1238312561322,826237,0.08610624202911588,0
2025-01-10,3418.7099609375,3466.160989390306,3407.281964556196,3440.323780180401,570060,-1.342111605929719,0
2025-01-13,3361.570068359375,3445.292565812417,3331.5094683836537,3358.8372865434003,1282557,-1.6713875476718099,0
2025-01-14,3301.697265625,3407.5304511145596,3289.2755302389014,3378.712025018811,1133561,-1.781096378086089,0
2025-01-15,3302.69091796875,3319.5844776514546,3262.4444963717183,3301.2003097614524,1169593,0.030095198433088832,0
2025-01-16,3296.132080078125,3317.9448405061344,3261.4506935142604,3306.16893885495,1170734,-0.1985907265781628,0
2025-01-17,3336.37841796875,3346.912145876464,3264.481564202768,3299.113214444294,559153,1.2210171471548348,0
2025-01-20,3361.0732421875,3386.3638475238195,3326.5408169776497,3352.974367564388,722342,0.7401685637861366,0
2025-01-21,3332.354248046875,3391.332502844065,3314.268007004736,3379.65607143241,1016047,-0.8544590394565121,0
2025-01-22,3335.4345703125,3363.8058617754314,3313.7710157969796,3333.7949983257163,598329,0.09243681902757483,0
2025-01-23,3377.271240234375,3411.505495328064,3304.678568224141,3335.434737319098,713603,1.2543094172569935,0
2025-01-24,3380.848388671875,3426.063504436938,3359.2843050601705,3385.6681189355936,564244,0.10591830454376172,0
2025-01-27,3298.567138671875,3380.6498218628203,3286.5428015789576,3366.7872134702575,618309,-2.4337456324778683,1
2025-01-28,3305.07568359375,3349.744435469127,3278.8908125279136,3298.5668887290312,579957,0.19731430794813765,0
2025-01-29,3349.64501953125,3353.868409380099,3288.3313848362436,3318.292512248569,570137,1.3485118104477944,0
2025-01-30,3347.3095703125,3368.774424753964,3324.254879408856,3349.545482541319,688608,-0.06972229012723874,0
2025-01-31,3468.39697265625,3505.3640088363204,3371.159530500228,3378.712042699305,1212261,3.617454549698107,0
2025-02-01,3529.76025390625,3612.3895389313498,3386.661865234375,3504.916783650716,2186692,1.7692115906503325,0
2025-02-03,3557.883056640625,3619.7432966359775,3529.511765517945,3542.6788045531002,1543897,0.7967340757280228,0
2025-02-04,3575.174072265625,3591.372063409382,3497.9606151635376,3567.5223319423576,1279779,0.48599167959517686,0
2025-02-05,3469.042724609375,3629.134144398599,3450.4598573321464,3573.484770880986,2165947,-2.9685644813650547,1
2025-02-06,3389.394775390625,3482.309357666964,3376.575641297843,3469.0428470030197,1059617,-2.2959633403684454,1
2025-02-07,3403.356689453125,3432.274342954793,3366.9857523423125,3393.5185297697026,740155,0.4119294147696628,0
2025-02-10,3306.615966796875,3403.555230722781,3290.2690128242707,3393.617843187824,904436,-2.8425090721770574,1
2025-02-11,3261.251953125,3327.037411362515,3251.1158661647555,3313.820637161762,903965,-1.3719166098329572,0
2025-02-12,3235.06689453125,3296.6289640331374,3192.485332958168,3262.196012013508,774619,-0.8029143092933677,0
2025-02-13,3211.26708984375,3257.4262108473367,3195.0690980861746,3229.8996932584396,727243,-0.735681995563453,0
2025-02-14,3193.13134765625,3232.6324667939875,3166.499098054817,3216.0370765843113,587411,-0.564753465847101,0
2025-02-17,3212.956298828125,3218.223163087556,3156.114486943362,3175.2439591957736,712614,0.6208623765642018,0
2025-02-18,3201.677490234375,3223.6887078873824,3172.3124598013455,3214.5463593343957,592636,-0.3510414566753939,0
2025-02-19,3190.19970703125,3233.278138293735,3171.8155392953954,3199.8389248352146,521953,-0.35849279754547325,0
2025-02-20,3171.4677734375,3198.4974213719756,3168.1883867420183,3189.9016774479605,653151,-0.587171190332203,0
2025-02-21,3159.989990234375,3185.876935128873,3142.450597030911,3171.4677221770353,407794,-0.36190760944370126,0
2025-02-24,3153.133056640625,3167.9894024443447,3111.3960291023627,3111.3960291023627,431232,-0.21699225677741518,0
2025-02-25,3178.771728515625,3191.3921627792406,3116.9114880880966,3120.339838432762,642281,0.8131173475538489,0
2025-02-27,3202.919677734375,3207.788900892286,3157.0584857681015,3178.7717759617603,604023,0.7596628912396319,0
2025-02-28,3057.982666015625,3197.801664079753,3040.8406720311355,3181.951579033888,1322618,-4.525152869936255,1
2025-03-03,3062.703125,3082.6773728600265,3038.6049579716905,3070.653035772226,516171,0.15436513217799153,0
2025-03-04,3029.412841796875,3050.7782267726443,2998.1100684602825,3030.9034500509983,1186136,-1.0869575614882665,0
2025-03-05,3067.224609375,3087.9936537086965,3016.692893234648,3029.412798677857,579883,1.2481549908429423,0
2025-03-06,3101.55810546875,3112.04185517745,3027.92196714869,3071.8451713167965,1399483,1.119366869606142,0
2025-03-07,3060.069580078125,3105.0362594446333,3055.3988137670276,3101.5581737477764,1020056,-1.33766719757632,0
2025-03-10,3007.8486328125,3063.6967045613756,3002.184370204185,3060.715488176788,855408,-1.7065281000666621,0
2025-03-11,3027.32568359375,3036.7662018829,2991.1536895095983,2996.122383345993,576260,0.6475409223980044,0
2025-03-12,3000.0478515625,3034.6797475168505,2977.2913289508247,3018.3822848157347,489535,-0.9010537643531102,0
2025-03-13,2991.302734375,3030.406452972341,2981.5145528191442,3000.4948182215303,785215,-0.29149925668503496,0
2025-03-17,2998.457763671875,3017.388293081119,2966.3599529965736,2966.3599529965736,632348,0.2391944223716358,0
2025-03-18,2998.457763671875,2998.457763671875,2998.457763671875,2998.457763671875,0,0.0,0
2025-03-19,3057.038818359375,3075.6216860011787,3039.052048449746,3068.715249639024,730983,1.9537061817993528,0
2025-03-20,3173.107421875,3184.9328164106287,3060.715467876673,3080.590243642106,1542807,3.7967657727655535,0
2025-03-21,3142.897705078125,3170.026823279377,3135.1962292535436,3166.995871367945,1181974,-0.9520546511792571,0
2025-03-24,3059.821044921875,3156.064496120581,3055.7466190516743,3148.363020901833,1481216,-2.6433141626601264,1
2025-03-25,3034.580322265625,3080.540744752754,3026.928581530714,3065.6843972495903,1174346,-0.8249084598636824,0
2025-03-26,3038.3564453125,3058.479656438445,3015.550187892165,3049.73470629094,1010449,0.12443641775332637,0
2025-03-27,3068.3173828125,3078.304505864904,3028.4686041356067,3028.4686041356067,1635143,0.9860902774005753,0
2025-03-28,3044.169921875,3092.3165193489804,3031.9468858241025,3074.627919769082,778417,-0.7869935839351028,0
2025-04-01,2968.248046875,3056.442364980934,2963.329088359381,3034.5801114786177,1068622,-2.494009104236772,1
2025-04-02,3079.050048828125,3085.5590867283295,2952.547046444041,2992.14763611562,1674921,3.7329091168704087,0
2025-04-03,3107.9677734375,3131.270899332537,3048.79058049896,3051.771796842342,1115568,0.939176828917776,0
2025-04-04,3056.939208984375,3095.396851530666,3030.9033012793934,3079.5965018573243,901801,-1.6418627274466857,0
2025-04-07,3003.27734375,3028.915853234823,2906.6859812046773,2906.6859812046773,1378989,-1.7554115919826696,0
2025-04-08,3102.750732421875,3207.0435719228044,3081.58404726396,3129.979078748573,2830156,3.3121612587290628,0
2025-04-09,3154.27587890625,3168.2876928708306,3071.3484255169224,3118.2033549683465,1215988,1.6606279694326709,0
2025-04-11,3214.645751953125,3222.247999824843,3181.2065362467592,3201.8266176609322,814920,1.9139059284760007,0
2025-04-15,3252.904541015625,3264.4320083181146,3224.781926631751,3249.5259260883518,1121769,1.1901401278587187,0
2025-04-16,3251.613037109375,3265.425910287631,3224.7820877552163,3229.6513111487525,889943,-0.03970309887565415,0
2025-04-17,3306.666015625,3313.9203577354024,3191.094139118467,3229.6512549305035,1083612,1.6930974838434754,0
2025-04-21,3315.212158203125,3332.503116541597,3269.4007017807826,3293.250433343925,672129,0.25845194336959754,0
2025-04-22,3316.50390625,3337.7700629847413,3299.312418414466,3315.212239848132,609213,0.038964264886609534,0
2025-04-23,3336.279296875,3352.576516028624,3294.740966822458,3335.981126714822,628656,0.5962721945761418,0
2025-04-24,3361.421142578125,3373.7434073155578,3323.0627257918186,3335.7826316378287,901747,0.7535893570623564,0
2025-04-25,3344.129638671875,3398.0897020565867,3295.237740026215,3361.420838725342,704325,-0.5144105178379377,0
2025-04-28,3348.00537109375,3376.127984061102,3330.0186023976808,3334.987296223998,384147,0.11589659614434922,0
2025-04-29,3357.446044921875,3376.7244808163978,3332.999973118952,3354.762756041738,575435,0.2819790526513044,0
2025-04-30,3358.5390625,3387.6556586310544,3333.298193358469,3352.8747997128708,708818,0.032555030326641976,0
2025-05-02,3321.0751953125,3360.32787939833,3303.1878962354126,3341.0494429933888,514587,-1.1154810615664812,0
2025-05-05,3301.001708984375,3387.1588174136396,3286.2943257112825,3336.676836098332,565178,-0.6044273359560592,0
2025-05-06,3278.642333984375,3304.479541701773,3225.179140262128,3301.001456047508,650789,-0.6773512094569445,0
2025-05-07,3317.994384765625,3359.8308853218314,3239.7871896693264,3259.463266446497,1047443,1.2002544581746877,0
2025-05-08,3348.2041015625,3391.1335681000023,3304.1814253282073,3328.9254237693217,1597339,0.9104812514325156,0
2025-05-09,3488.3212890625,3507.8978945123063,3333.19856841051,3345.9184733209445,2863992,4.1848460622401,0
2025-05-12,3540.592041015625,3562.5537665796564,3508.196300169869,3515.0530011695228,956930,1.4984500457861483,0
2025-05-13,3540.89013671875,3565.932306614644,3517.9349154025217,3540.5919665485094,996541,0.008419374490808984,0
2025-05-14,3565.137451171875,3587.3971034671426,3527.772774877661,3532.7414689267844,588159,0.6847801969816159,0
2025-05-15,3614.029296875,3642.052682361491,3531.6482052320043,3574.478444325862,1227751,1.3713873973373536,0
2025-05-16,3610.94873046875,3633.0096839260373,3590.7757837396916,3631.121677197808,525064,-0.08523910995723583,0
2025-05-19,3595.048828125,3626.6497706622154,3588.788225127965,3594.3532594835547,376760,-0.4403247880422234,0
2025-05-20,3558.18115234375,3597.334363006812,3552.7155890850377,3595.0487153034946,811416,-1.025512518573446,0
2025-05-21,3558.081787109375,3600.415157197291,3544.964483421236,3547.6475296691715,415016,-0.002792585034905315,0
2025-05-22,3518.8291015625,3552.6162208658393,3494.085102411624,3542.6788328354455,709846,-1.103197955962787,0
2025-05-23,3557.28662109375,3583.720169380776,3500.9416814419365,3508.891591589974,416717,1.0929067147413596,0
2025-05-26,3587.6953125,3617.2093069491325,3548.044987991232,3553.6100224313454,525514,0.8548282622472536,0
2025-05-27,3566.926025390625,3616.215567934066,3539.8963779944224,3592.3658362411784,1019733,-0.5789033153682843,0
2025-05-28,3552.318115234375,3579.0498350889543,3522.8041207703527,3572.4910618249414,449324,-0.4095377939510314,0
2025-05-29,3565.8330078125,3577.4597033259065,3537.809621992183,3557.584927196318,513095,0.38045276745248824,0
2025-05-30,3532.741455078125,3582.4283953745826,3519.922321526444,3557.584925226354,962944,-0.9280174551605125,0
2025-06-02,3503.426025390625,3519.8227150570397,3454.136485469813,3503.028626928362,726392,-0.8298209778516474,0
2025-06-03,3497.76171875,3557.584743285075,3481.5637285193466,3503.4259811317133,676943,-0.1616790707031801,0
2025-06-04,3477.88720703125,3497.761983638535,3464.1735626498194,3484.147810184949,410354,-0.5682065651359647,0
2025-06-05,3482.060791015625,3512.866694132487,3452.447325948626,3476.7939267990487,608651,0.12000343127682722,0
2025-06-06,3537.61083984375,3548.5419672085,3464.3723350223286,3501.9357121254207,602422,1.5953210515868843,0
2025-06-09,3511.7734375,3557.5848930842412,3499.153003301126,3542.48011189299,540262,-0.7303630476463319,0
2025-06-10,3502.13427734375,3522.804093182995,3484.147750390053,3522.804093182995,561695,-0.2744812650303574,0
2025-06-11,3519.42529296875,3526.7788627552786,3483.054357271697,3502.929132491507,505077,0.49372794575182066,0
2025-06-12,3431.08203125,3537.511557652593,3423.9271601517125,3525.785390862945,811822,-2.510161585053272,1
2025-06-13,3400.474853515625,3419.2566632359676,3361.8185095256867,3388.3512881402426,821750,-0.8920561343508382,0
2025-06-16,3416.573486328125,3432.0756661362175,3374.9356847849504,3389.643067637766,534665,0.4734230807752038,0
2025-06-17,3384.376220703125,3416.07663434688,3374.1406624255987,3406.5366447147753,1000345,-0.9423846948950931,0
2025-06-18,3446.08740234375,3458.210966981456,3368.7744764560734,3384.674296993919,972739,1.8234137582908483,0
2025-06-19,3483.451904296875,3499.550667001118,3446.0874708572796,3457.0185976943762,1022566,1.0842586850151381,0
2025-06-20,3496.966796875,3522.8040053770605,3467.154633218777,3478.0857598927255,2941214,0.38797414029039246,0
2025-06-23,3483.750244140625,3506.40753848347,3451.25503221003,3458.409903420396,643325,-0.37794332923566376,0
2025-06-24,3503.923095703125,3544.6663875136264,3484.147790137469,3501.0413501564576,968797,0.5790556196279883,0
2025-06-25,3629.332763671875,3642.0526687180395,3527.7727077623576,3527.7727077623576,2697912,3.5791215886712857,0
2025-06-26,3671.566650390625,3677.3303838816832,3621.1841423766664,3632.11526904136,1620497,1.1636818519782377,0
2025-06-27,3643.2451171875,3685.876657007326,3636.587115791661,3676.833536939239,601285,-0.7713746174296432,0
2025-06-30,3667.094970703125,3675.3430514892466,3629.134196035887,3643.2452388562297,921775,0.6546321410851652,0
2025-07-01,3677.33056640625,3703.1677761688666,3644.040315365956,3675.8399581507147,947173,0.27912000602379194,0
2025-07-02,3684.783447265625,3698.596319454098,3665.902410184167,3681.8022308843424,583514,0.20267095178931882,0
2025-07-03,3655.6669921875,3689.6528117142107,3649.2076897805046,3678.821155491903,528710,-0.7901809019396078,0
2025-07-04,3663.815673828125,3666.9958322419175,3622.277583933235,3643.04662888068,629926,0.2229054686337495,0
2025-07-07,3643.145751953125,3672.858443725258,3625.0595124966953,3652.486799218665,829472,-0.5641638039449504,0
2025-07-08,3430.045166015625,3570.0856562336476,3423.765721700407,3570.0856562336476,3952270,-5.849356584848541,1
2025-07-09,3420.875244140625,3450.1789926462607,3409.4128554607373,3430.045106416105,1868271,-0.2673411407480675,0
2025-07-10,3408.615478515625,3433.733012405282,3402.8343989409673,3420.8752996231224,496586,-0.35838096247441387,0
2025-07-11,3350.605712890625,3411.0073696883373,3346.0206602254875,3396.853860604248,856956,-1.7018571320418285,0
2025-07-14,3393.564697265625,3398.8474119996263,3333.063268541569,3360.971693038927,755781,1.2821259215826553,0
2025-07-15,3403.8310546875,3410.808160802526,3376.6202921704703,3406.821243022511,686088,0.30252428751829097,0
2025-07-16,3406.12353515625,3411.007412034061,3377.4176788587424,3405.824467658351,669532,0.06735000744508834,0
2025-07-17,3422.0712890625,3436.7231633934557,3405.326185537628,3407.219874166674,559482,0.468208323674868,0
2025-07-18,3391.7705078125,3432.736185058154,3380.906254273304,3432.736185058154,293360,-0.8854514909390154,0
2025-07-21,3421.772216796875,3427.8523638052948,3354.193911123252,3379.909579714012,561799,0.8845441905715568,0
2025-07-22,3461.043212890625,3478.5857483855316,3419.081049438312,3438.716570753606,1752275,1.1476800209252902,0
2025-07-23,3460.04638671875,3470.5120455545466,3432.736098141243,3461.0431161316833,584590,-0.028801321178606454,0
2025-07-24,3473.00390625,3478.386391142719,3446.6903468038554,3456.059506048824,630718,0.374489763518393,0
2025-07-25,3451.474609375,3468.61830635869,3435.726236212185,3465.0299831876705,624410,-0.6199041940683103,0
2025-07-28,3381.903076171875,3451.2755443020064,3370.9390520522493,3441.7068440971075,603916,-2.015704621269776,1
2025-07-29,3368.14794921875,3385.88978125673,3344.6252813183346,3378.9126754372433,511042,-0.40672741481092567,0
2025-07-30,3365.45703125,3382.4014321181326,3334.3591206780934,3368.9455843699097,443735,-0.079893104736517,0
2025-07-31,3336.3525390625,3353.496236946449,3304.656493861183,3329.076365403816,553157,-0.8648005877730625,0
2025-08-01,3305.15478515625,3336.352464939091,3296.1842202990706,3329.076291442061,422977,-0.935085652399803,0
2025-08-04,3345.322998046875,3353.994495324754,3297.280688713921,3304.1580243689627,450434,1.2153201741420538,0
2025-08-05,3407.0205078125,3431.739446481727,3337.0501501077033,3345.323053090916,837335,1.844291561731004,0
2025-08-06,3406.522216796875,3451.0759748599594,3388.8801540749737,3425.759143986966,635456,-0.014625418734126594,0
2025-08-07,3404.528564453125,3425.758949351166,3366.652847235975,3368.945373525441,509599,-0.05852456601984635,0
2025-08-08,3448.883056640625,3478.3863445205566,3391.969953321262,3438.816235602496,2184271,1.3028086370197478,0
2025-08-11,3456.557861328125,3475.894558098457,3391.6709220342127,3461.6412787114637,563586,0.2225301513985034,0
2025-08-12,3475.396240234375,3522.4418208655648,3448.783613006621,3456.5579079205527,929276,0.5450040086703911,0
2025-08-13,3455.461669921875,3483.4696211697365,3451.8733466024055,3475.3962587141527,360474,-0.5735912953383271,0
2025-08-14,3477.987548828125,3494.334057359091,3452.770489117713,3465.1298366173446,597987,0.65189202074869,0
2025-08-18,3543.173828125,3563.108416734523,3482.0742653683837,3484.566088944574,1253006,1.874252808030863,0
2025-08-19,3556.430419921875,3565.600282121353,3533.405872471029,3543.373166892668,537433,0.37414455061861585,0
2025-08-20,3583.242431640625,3591.116497088175,3540.383064586231,3548.356900317281,517031,0.7539023276979862,0
2025-08-21,3604.47265625,3613.1441535500912,3576.4644621642437,3583.2422709000216,673486,0.5924864145922415,0
2025-08-22,3609.1572265625,3629.4904093752903,3595.900676620036,3604.472646961157,691835,0.12996548342174563,0
2025-08-25,3639.457763671875,3657.5984340728096,3603.6752742720814,3617.828783588623,700503,0.8395460548620726,0
2025-08-26,3582.24560546875,3660.7879339677133,3577.361728552188,3650.820639572976,960778,-1.5719967621056652,0
2025-08-28,3625.802490234375,3638.9592696478444,3540.4825995873557,3540.4825995873557,989246,1.2159100620886987,0
2025-08-29,3616.931884765625,3630.0886648660667,3591.8143512389356,3625.802679553231,660956,-0.24465219748295297,0
2025-09-01,3606.76513671875,3641.4511254779923,3598.5917608912955,3619.1244840534064,297533,-0.2810876281551522,0
2025-09-02,3608.7587890625,3643.843617472107,3594.3062118570588,3602.180277273507,536300,0.0552753580612686,0
2025-09-03,3678.52978515625,3685.805715427277,3578.258705704116,3593.2096473714037,791874,1.9333793188176962,0
2025-09-04,3679.028076171875,3727.7680476939026,3664.7747967328514,3727.7680476939026,635811,0.01354592852926828,0
2025-09-05,3653.3125,3687.89896322997,3648.0297852491053,3682.915315982362,454120,-0.6989774375038893,0
2025-09-08,3646.036376953125,3671.5527485518783,3628.0952466127324,3641.0527296363493,548987,-0.19916508776282038,0
2025-09-09,3618.2275390625,3655.8041892599585,3607.3630424567327,3655.8041892599585,428367,-0.7627142193755043,0
2025-09-10,3608.7587890625,3636.7667409518913,3596.3991977228993,3620.121407597503,408800,-0.26169581370367734,0
2025-09-11,3572.4775390625,3632.0820070563877,3568.2913241662645,3608.1605009725913,495417,-1.0053664464901857,0
2025-09-12,3560.2177734375,3586.431806260404,3552.2439379532498,3578.158903277064,275049,-0.3431726439410254,0
2025-09-15,3522.54150390625,3564.802733537658,3503.503874845482,3544.3697806402656,362285,-1.05825744178768,0
2025-09-16,3545.167236328125,3558.623083447279,3490.546415650095,3513.471192223468,724742,0.6423127278070373,0
2025-09-17,3511.477783203125,3561.0151872242204,3501.709786117043,3550.250460707766,659866,-0.9502923523543982,0
2025-09-18,3499.816162109375,3534.402625313015,3491.941853458858,3518.4549541328097,829442,-0.33210009613423574,0
2025-09-19,3455.8603515625,3499.8162182954693,3448.6839480846274,3492.5400445342584,2337255,-1.2559462700572954,0
2025-09-22,3446.19189453125,3465.628117797587,3428.7491300614606,3446.889556441614,817833,-0.27976989946595365,0
2025-09-23,3427.951904296875,3453.966640495214,3393.863805491645,3453.8668702125237,1144975,-0.5292795872255396,0
2025-09-24,3407.120361328125,3426.1577480062724,3399.844187602673,3418.7820473401257,690454,-0.6076964773816695,0
2025-09-25,3367.450439453125,3408.71494125593,3358.978239146672,3396.853958163756,1139904,-1.164324052806176,0
2025-09-26,3316.41796875,3390.873610470201,3292.2971645749917,3376.620330576102,7524068,-1.5154631559005982,0
2025-09-29,3390.076171875,3406.8212753785265,3316.1188950217547,3316.1188950217547,1452636,2.221016886866134,0
2025-09-30,3355.988037109375,3463.1364523125994,3344.0272837843636,3440.7100398282037,1733728,-1.0055271043296732,0
2025-10-01,3397.153076171875,3403.7313446199823,3340.0404292943817,3358.978289084472,798754,1.226614594787323,0
2025-10-03,3442.005859375,3447.6871685732563,3366.952083099294,3368.8457717179963,1655328,1.320305037701397,0
2025-10-06,3414.197021484375,3447.9862964462977,3389.8769198082055,3442.0059196398147,1184781,-0.8079253501234507,0
2025-10-07,3407.0205078125,3434.6298645078646,3399.844104545214,3413.7983166424383,996165,-0.2101962372621058,0
2025-10-08,3553.9384765625,3568.291282709167,3448.6837536798093,3462.637965399901,4531362,4.312212633094181,0
2025-10-09,3538.987548828125,3550.0510992999293,3514.8665023755325,3548.15741075332,597739,-0.4206861720587818,0
2025-10-10,3520.3486328125,3560.018513429724,3511.7769055826234,3537.2930333936433,825274,-0.5266736816239126,0
2025-10-13,3522.043212890625,3533.4058310612695,3498.0219362791327,3506.4941364382357,606122,0.0481367118679632,0
2025-10-14,3525.83056640625,3537.791319491826,3495.031724547749,3521.4450542783966,925998,0.1075328520037333,0
2025-10-15,3537.392822265625,3550.2505348490877,3499.5171031204873,3521.3453807646406,1005045,0.327929991008058,0
2025-10-16,3628.394287109375,3640.0559730753866,3528.422274010643,3537.39283911406,1528118,2.5725575138546564,0
2025-10-17,3662.78125,3702.8497232357654,3621.1179123864163,3623.1113711876196,1123500,0.9477184718538423,0
2025-10-20,3724.977294921875,3737.635710414741,3664.1767977691916,3667.964418391396,707974,1.6980551301521318,0
2025-10-21,3716.803955078125,3733.7483549805997,3706.836661017846,3724.977087539126,156306,-0.21941985673019637,0
2025-10-23,3759.96240234375,3787.571758334762,3726.0736024007547,3752.6862289816786,1622402,1.1611709357621347,0
2025-10-24,3702.75,3768.6339115536503,3693.9789758369843,3762.6535350740623,563296,-1.5216216605806188,0
2025-10-27,3727.56884765625,3741.622586903039,3697.8662613628567,3701.853179164865,856124,0.6702814842009408,0
2025-10-28,3704.84326171875,3757.6699210868137,3676.037878758682,3737.7353326460347,1482961,-0.6096624064177658,0
2025-10-29,3736.041015625,3741.2239600542875,3702.0524443204167,3721.9870331577913,789557,0.8420802636540436,0
2025-10-30,3738.43310546875,3761.5571800775697,3707.933330254909,3732.751796263028,544151,0.06402739781885547,0
2025-10-31,3734.446044921875,3770.6273713006426,3727.2696418130463,3746.606095098244,900994,-0.10665057884926554,0
2025-11-03,3712.31884765625,3749.6962021433246,3655.3059716137295,3717.800859647688,1119367,-0.5925161857864736,0
2025-11-04,3801.027587890625,3814.4834348649333,3702.8497414484523,3712.318670800743,2524600,2.389577616437255,0
2025-11-06,3762.055419921875,3825.148440782567,3749.2974780385443,3767.6372020024396,927231,-1.025306106509416,0
2025-11-07,3756.972412109375,3779.598122242342,3723.7812723358097,3753.6831562143093,728998,-0.13511251816182845,0
2025-11-10,3790.56201171875,3802.5227648453933,3756.972278689855,3775.6110703104455,599567,0.8940603210475961,0
2025-11-11,3799.93115234375,3807.5063932902954,3739.828562851129,3798.037463778186,668789,0.2471702242579088,0
2025-11-12,3838.5048828125,3864.320078234545,3791.758125595138,3825.4476296786647,805025,1.0151165619134428,0
2025-11-13,3826.6435546875,3855.2496404784156,3804.516210150443,3847.3755753682763,668623,-0.3090090669966572,0
2025-11-14,3816.67626953125,3842.092869895319,3787.5718189592553,3826.6435637916693,575050,-0.26047069746123475,0
2025-11-17,3855.947509765625,3861.628818759101,3809.001457011978,3835.4147864927622,504928,1.0289382033231265,0
2025-11-18,3866.5126953125,3887.2447157985207,3829.0358153398306,3852.3591862977646,849966,0.2739971309287048,0
2025-11-19,3920.236572265625,3927.612272623836,3849.7676077214614,3870.2005607956366,1578123,1.3894659396374465,0
2025-11-20,3889.636962890625,3943.061759496704,3882.2612621940502,3937.0813827128363,762391,-0.7805551734168859,0
2025-11-21,3891.430908203125,3912.16292856945,3869.403334279394,3888.2414227641843,383311,0.04612115036994879,0
2025-11-24,3861.62890625,3924.3230904973966,3852.3592738179204,3902.6941103839763,1258036,-0.7658365947164181,0
2025-11-25,3842.49169921875,3895.6171828362085,3832.424634701013,3861.728382425328,680366,-0.4955734353520258,0
2025-11-26,3884.9521484375,3901.6972510894,3830.929463421154,3832.4245575268214,364592,1.1050238371987264,0
2025-11-27,3890.533935546875,3914.156373779023,3862.4262149918322,3887.842814821566,542241,0.1436771135423065,0
2025-11-28,3894.919677734375,3922.030670486257,3883.7563564062066,3893.4245835384017,574817,0.1127285421527402,0
2025-12-01,3882.161376953125,3897.90975068607,3848.671413960456,3894.919562382681,603073,-0.32756261583990476,0
2025-12-02,3873.09130859375,3886.8462235411876,3854.851111164027,3862.3265819678354,661018,-0.2336345009566143,0
2025-12-03,3805.313720703125,3867.310243463413,3773.5179054281234,3857.3429490214967,770638,-1.7499610128023035,0
2025-12-04,3787.970458984375,3817.4737476871715,3765.6438169091734,3792.555511736211,776693,-0.4557643072735984,0
2025-12-05,3800.828369140625,3815.480243035577,3764.6470423054793,3764.6470423054793,508448,0.3394406132643857,0
2025-12-08,3754.6796875,3812.489993280462,3745.8088930877857,3783.8839078816613,545864,-1.214174310403271,0
2025-12-09,3836.41162109375,3861.329857136188,3738.732135807393,3762.6536424081337,1121068,2.1768017619678837,0
2025-12-10,3833.122314453125,3845.581432309177,3813.088198945881,3818.470440522837,616248,-0.08573914807628036,0
2025-12-11,3832.225341796875,3843.1893654715554,3764.647038115413,3817.8722920720056,669180,-0.023400574849075095,0
2025-12-12,3867.509521484375,3882.0618686341904,3819.3674409004825,3832.225396672013,547866,0.9207229883552603,0
2025-12-15,3853.55517578125,3863.721767040758,3837.408208093544,3848.6712990350775,332337,-0.360809601776213,0
2025-12-16,3916.648193359375,3924.62202859207,3815.480158844557,3837.4082057344685,1560827,1.637267787798935,0
2025-12-17,3895.118896484375,3922.8280236932565,3877.2775367754043,3917.14671453145,601010,-0.5496867681785367,0
2025-12-18,3906.481689453125,3911.1662690886506,3877.377238871455,3887.2447628556924,516547,0.29171877087001974,0
2025-12-19,3917.246337890625,3948.942138344164,3900.2021677023226,3906.1825441414267,730780,0.2755586559272105,0
2025-12-22,3920.934326171875,3937.8787266796685,3904.2889931650016,3927.1140000415817,569521,0.09414746899056858,0
2025-12-23,3912.96044921875,3943.360696866818,3903.591046561271,3920.9342846674235,445656,-0.20336675623205958,0
2025-12-24,3896.514404296875,3922.1303019461116,3887.2447719415086,3912.9604398704737,399227,-0.42029673275022494,0
2025-12-26,3978.94384765625,3993.7950186886505,3887.2447409467372,3896.1155354546045,1113050,2.11546615273579,0
2025-12-29,3970.6708984375,4018.513910075195,3964.989589473952,3996.8849305657486,1242846,-0.20791821989705195,0
2025-12-30,3961.1025390625,3980.438992735801,3941.1679503922314,3968.976604250397,1169570,-0.240975885933159,0
2025-12-31,4038.249267578125,4048.61515626689,3962.0992368036736,3970.970031354128,1358731,1.9476074591566528,0
2026-01-01,4036.056640625,4054.6954328104425,4022.50102266714,4050.4094474750787,444679,-0.0542964737399676,0
2026-01-02,4038.448486328125,4046.7213890678004,3973.162710223706,4025.7900715381393,659997,0.05926194590655243,0
2026-01-05,4066.35693359375,4080.6102128542193,4032.7672010767396,4038.448510056887,629273,0.691068546747764,0
2026-01-06,4098.35205078125,4107.0237918666335,4055.1938592912024,4066.357180715941,820331,0.7868251043870789,0
2026-01-07,4259.224609375,4297.997288817103,4188.257275712523,4211.182053756641,3496340,3.9252986712813964,0
2026-01-08,4235.103515625,4289.126447542047,4225.13622093066,4259.224563459027,1055725,-0.5663259386909703,0
2026-01-09,4188.0576171875,4265.005325563845,4169.419068443689,4217.162311862731,883117,-1.1108559274626617,0
2026-01-12,4217.76025390625,4228.126142397053,4131.443389966003,4191.247154356343,514767,0.7092222560848294,0
2026-01-13,4225.33544921875,4253.642466721742,4196.230756188577,4217.760208474048,770707,0.17960232105378449,0
2026-01-14,4207.693359375,4268.992220348958,4197.227700184324,4228.026542751453,998692,-0.4175311062465381,0
2026-01-15,4207.693359375,4207.693359375,4207.693359375,4207.693359375,0,0.0,0
2026-01-16,4183.173828125,4222.544642310648,4167.425697124466,4207.693470499,686949,-0.582730944387122,0
2026-01-19,4130.54638671875,4193.639162802954,4115.595445780856,4152.075839006173,365905,-1.2580744565864443,0
2026-01-20,4062.1708984375,4141.410890199439,4051.00757719733,4141.410890199439,586156,-1.655361830606783,0
2026-01-21,4065.858642578125,4096.458187413636,4040.242744893094,4062.1707923552003,552760,0.09078259464769811,0
2026-01-22,4005.45703125,4114.499134821442,3967.7806096900367,4085.5939810157674,818966,-1.4855807010994537,0
2026-01-23,4008.646484375,4050.010755865831,3966.983145385686,4011.935740174026,1015415,0.07962769541942638,0
2026-01-27,3983.927490234375,4026.786855278177,3942.0648546101957,4008.6464285094617,1760501,-0.6166419073613816,0
2026-01-28,3962.19873046875,4012.6333363144477,3951.932368803463,3988.911127517355,809022,-0.5454105231304518,0
2026-01-29,3926.81494140625,3955.620568339823,3830.5310231322255,3947.8460300090883,1145612,-0.8930341830257982,0
2026-01-30,3964.3916015625,3981.934137150637,3897.0128370117495,3932.097664845873,1427639,0.9569246505615414,0
2026-02-02,3940.270751953125,3986.9177381580034,3880.566756161068,3986.9177381580034,1273196,-0.6084376124666391,0
2026-02-03,4055.29345703125,4129.450029300954,4030.873585991454,4129.450029300954,1043274,2.919157396001526,0
2026-02-04,4130.44677734375,4146.394448298745,4052.9011786566566,4073.6331995665796,917279,1.8532153371587867,0
2026-02-05,4084.19873046875,4138.719539891277,4049.811564116971,4138.719539891277,693637,-1.1196863043649197,0
2026-02-06,4127.45654296875,4140.414025475052,4052.004174273563,4084.198583323033,888701,1.059150529999675,0
2026-02-09,4243.87451171875,4255.436670823227,4141.4109176242955,4186.46328401321,1092387,2.820574063906789,0
2026-02-10,4255.1376953125,4315.43982566258,4225.734177207915,4285.93653727841,1713633,0.2653986012698617,0
2026-02-11,4235.203125,4364.080045827646,4194.237448025817,4335.773027308057,3342226,-0.46848237918269975,0
2026-02-12,4261.8154296875,4272.3808588027905,4168.621229566406,4218.55747049756,998509,0.6283595828122213,0
2026-02-13,4165.53173828125,4257.828492152158,4151.178445452788,4253.343209814334,524758,-2.259217767516275,1
2026-02-16,4167.42529296875,4182.276463340135,4115.296054572897,4141.41055890807,500349,0.04545769439465719,0
2026-02-17,4222.54443359375,4231.016633695938,4141.4107558343585,4153.471279199037,464123,1.3226185654244826,0
2026-02-18,4234.70458984375,4243.973978510509,4200.516479706513,4237.096643046371,387328,0.28798172384536525,0
2026-02-19,4184.4697265625,4247.0641406741215,4177.293079926131,4211.18188086087,406232,-1.186266059779706,0
2026-02-20,4222.54443359375,4238.193280220919,4186.46312046324,4186.76194461666,532169,0.9099051855855578,0
2026-02-23,4258.72607421875,4266.002004459178,4226.2325971283,4256.034710056237,516387,0.8568682033786468,0
2026-02-24,4280.45458984375,4285.936601776254,4221.149188028474,4226.5314296798915,491126,0.5102116277573954,0
2026-02-25,4310.85498046875,4334.776487874819,4275.769908266122,4289.923661488439,586295,0.7102140669154933,0
2026-02-26,4328.3974609375,4337.966161113804,4292.913794737703,4315.838572373869,520985,0.4069373836102175,0
2026-02-27,4313.3466796875,4337.766551126517,4297.69783270388,4327.400662219876,1146258,-0.3477217927842502,0
2026-03-02,4256.33349609375,4315.838437820091,4179.286505722781,4274.772990574043,770589,-1.321785328831504,0
2026-03-04,4190.64892578125,4224.437954570289,4070.144440562929,4191.247060748651,1024050,-1.543219542659946,0
2026-03-05,4261.2177734375,4288.428291689557,4159.551373495063,4224.139244667133,691367,1.683959904684551,0
2026-03-06,4230.7177734375,4287.929944537757,4213.175238391702,4236.100014943159,580562,-0.715757833127495,0
2026-03-09,4145.59716796875,4185.964709183034,4099.249250278276,4146.394356825195,576017,-2.0119660546297435,1
2026-03-10,4206.2978515625,4229.023087280567,4161.445028420832,4161.445028420832,788850,1.4642205003119413,0
2026-03-11,4126.7587890625,4221.049493326745,4112.705293022249,4178.289896824444,454575,-1.8909517420515942,0
2026-03-12,4116.09375,4165.332084095139,4020.60702661123,4086.590462979199,1071366,-0.258436211265034,0
2026-03-13,4059.878173828125,4133.6363933228595,4032.7671826134374,4077.620005949474,868825,-1.3657506263523467,0
2026-03-16,4077.4208984375,4111.508997090401,3989.110571490407,4043.7313942292744,1013667,0.4320997788175962,0
2026-03-17,4077.121826171875,4096.55805049906,4023.2984357273617,4077.121826171875,1126905,-0.007334839180805908,0
2026-03-18,4131.94189453125,4161.145872456678,4064.4633600951647,4070.3439664557445,751307,1.344577638261235,0
2026-03-19,4024.693603515625,4124.566085473674,4004.759015235318,4090.9761095476442,567278,-2.595590493602329,1
2026-03-20,4093.169189453125,4136.327379255284,4027.6838709903755,4033.6642475921135,1019586,1.7013863087039782,0
2026-03-23,3840.498291015625,4045.72478475568,3812.4900964992553,4043.3327314437556,1533645,-6.172989357209014,1
2026-03-24,3886.746337890625,3971.966702524462,3830.431126173528,3937.3802406338946,1300547,1.2042199571652423,0
2026-03-25,4026.08935546875,4083.6005966283537,3927.612436176233,3937.081366043934,1306823,3.5850813370482904,0
2026-03-27,3968.478271484375,4019.6105405037147,3959.009341789762,3986.917766152832,1040658,-1.4309439979547478,0
2026-03-30,3938.4765625,3994.2934104401893,3901.29874952784,3929.107403218326,1488223,-0.75600033393034,0
2026-04-01,4052.20361328125,4086.5907795973744,3986.917833753536,3986.917833753536,781974,2.88758988346145,0
2026-04-02,4083.800048828125,4095.6610318057337,3931.798566161915,3982.930835009521,1614868,0.7797346471760891,0
2026-04-06,4232.212890625,4243.974103115695,4091.5742720255826,4091.5742720255826,1678285,3.6341848284042078,0
2026-04-07,4216.763671875,4229.621384331442,4155.165500389534,4221.448008238725,1274146,-0.3650387905632657,0
2026-04-08,4477.80712890625,4490.266247239322,4295.007042060272,4337.068733542139,3834533,6.190611505509769,0
2026-04-09,4425.279296875,4482.691011562465,4399.663641560751,4460.364368818537,1385274,-1.1730704454008145,0
2026-04-10,4490.26611328125,4509.104202301997,4410.62752860897,4415.611175793522,1565192,1.468535928390824,0
2026-04-13,4424.78076171875,4481.2955150452835,4376.738695227283,4376.738695227283,850456,-1.458384646041544,0
2026-04-15,4507.41015625,4519.171369197922,4432.754730388897,4475.415043264428,918513,1.867423472053642,0
2026-04-16,4446.80859375,4539.105836555689,4425.478681226891,4539.105836555689,1283713,-1.3444874195877143,0
2026-04-17,4511.09765625,4516.978262584491,4315.838457109326,4446.80860763948,2124034,1.445734871304305,0
2026-04-20,4498.23974609375,4534.122004205732,4453.088099309882,4517.277374817795,1646815,-0.2850284151671101,0
2026-04-21,4465.048828125,4529.636697707301,4450.39671146729,4498.73808672063,656106,-0.7378645835312114,0
2026-04-22,4440.03125,4477.308835307954,4430.662090201536,4447.108126662484,596352,-0.5602979740650604,0
2026-04-23,4441.9248046875,4459.367570104762,4379.130849185354,4396.5736146026165,680187,0.04264732793266557,0
2026-04-24,4395.57666015625,4471.9262296400375,4347.13551391155,4460.862435947686,958536,-1.0434247892341486,0
2026-04-27,4427.2724609375,4449.400048324654,4374.047208233913,4424.282272732981,649222,0.721084017679785,0
2026-04-28,4402.5537109375,4460.364015495882,4381.024258799593,4397.868888135784,620778,-0.5583290890293635,0
2026-04-29,4425.279296875,4457.772774865154,4395.776493972833,4405.444477800803,702730,0.5161909979892298,0
2026-04-30,4370.85791015625,4423.485027207771,4343.746676108938,4423.485027207771,869299,-1.2297842253071067,0
2026-05-01,4370.85791015625,4370.85791015625,4370.85791015625,4370.85791015625,0,0.0,0
2026-05-04,4348.73046875,4432.854334640852,4338.464350375783,4392.686333602758,709160,-0.5062493876736185,0
2026-05-05,4359.2958984375,4382.619269581015,4316.1372224440165,4340.756633847013,850790,0.2429543464103734,0
2026-05-06,4345.341796875,4426.57524685031,4283.046206403137,4383.117745600278,1459870,-0.32009989428571917,0
2026-05-07,4293.412109375,4344.743676091845,4247.064189912217,4335.673340752591,1377631,-1.1950656571445228,0
2026-05-08,4494.2529296875,4589.938953473262,4199.619617443652,4299.890693872671,4777990,4.677883585271214,0
2026-05-11,4191.84521484375,4365.176358217959,4136.5267337657515,4336.1714356672355,5925166,-6.728764926560937,1
2026-05-12,4042.036865234375,4199.8191810747485,4033.763962380683,4146.394386830651,1978748,-3.573804420995519,1
2026-05-13,4077.321044921875,4096.557971656722,3972.0665627502894,4016.819616977272,2841521,0.87293067490255,0
2026-05-14,4121.67578125,4133.436993986225,4045.8245734134175,4101.541651857563,1127140,1.0878401734728982,0
2026-05-15,4155.46484375,4180.283309696747,4128.851972784219,4141.410861180254,901617,0.8197894325825184,0
2026-05-18,4156.06298828125,4169.020471149777,4052.3033550510295,4116.592404667953,851825,0.014394166567188726,0
2026-05-19,4088.584228515625,4154.268602329223,4081.6071223236186,4122.7718541827335,711398,-1.623622162510363,0
2026-05-20,4092.9697265625,4103.236331934217,4039.744471133866,4039.744471133866,913576,0.10726202034163634,0
2026-05-21,4069.74609375,4122.871578488693,4056.6888406851363,4106.525312929425,863060,-0.567402994988786,0
2026-05-22,4066.456787109375,4100.345344469957,4040.8408893642713,4043.9306045995263,768112,-0.08082338713160109,0
2026-05-25,4145.59716796875,4156.361650952179,4096.9564806185,4106.624950595387,606086,1.9461753807454407,0
2026-05-26,4092.47119140625,4146.394349879764,4077.6200205187774,4138.320744313574,766717,-1.281503590676436,0
2026-05-27,4124.36669921875,4151.477934967971,4077.7199555713896,4084.8961156102055,474044,0.7793703686779008,0
2026-05-28,4124.36669921875,4124.36669921875,4124.36669921875,4124.36669921875,0,0.0,0
2026-05-29,4061.57275390625,4149.6835402843,4045.724852927872,4102.737972358301,2001419,-1.5225112094032434,0
2026-06-01,4011.437255859375,4091.5742025878203,3993.894721015687,4086.590555568834,450200,-1.2343863100484076,0
2026-06-02,4064.762451171875,4074.6299753506637,3972.963571856102,4004.2607791244304,522015,1.3293289140845932,0
2026-06-03,4075.42724609375,4090.37794384958,3988.9110849384024,4043.7312022976257,959352,0.2623719110276701,0
2026-06-04,4217.162109375,4259.821933203119,4039.046613504238,4061.672322312249,1761933,3.477791522768592,0
2026-06-05,4246.26708984375,4274.972703953861,4209.388099392295,4255.038114520642,1390200,0.6901556002328668,0
2026-06-08,4178.6884765625,4224.239207403382,4167.027033930725,4183.073988834731,666737,-1.591482868397165,0
2026-06-09,4091.474609375,4203.208077712957,4073.8325468327307,4177.193341811167,1284964,-2.08711100807506,1
2026-06-10,4028.880126953125,4105.6282930748075,4021.8032506621894,4091.4745404929363,613629,-1.5298758613446872,0
2026-06-11,4012.03515625,4056.3896148157537,3949.8393386542043,4006.951982284827,767665,-0.4181055323644989,0
2026-06-12,4170.31591796875,4186.263588783162,4039.445295679552,4054.4960073475113,1122271,3.9451489220421854,0
2026-06-15,4269.49072265625,4282.946570620732,4206.49722491917,4207.195130228091,1076822,2.3781125132554815,0
2026-06-16,4323.8125,4329.792876901798,4269.490743142001,4284.0430909399065,779706,1.2723245200063182,0
2026-06-17,4366.17333984375,4380.625916816181,4313.346679185898,4323.812338372832,623868,0.9797103792948958,0
2026-06-18,4373.548828125,4395.576645157543,4318.9282517885895,4365.674763217696,562833,0.16892339600778072,0
2026-06-19,4405.4443359375,4427.173329648428,4345.740340070183,4345.740340070183,941346,0.729282078832405,0
2026-06-22,4358.19921875,4400.061852755146,4338.762995819039,4390.891747775549,390835,-1.0724256984045222,0
2026-06-23,4291.21923828125,4402.952710396701,4277.065971666899,4360.691477754865,586588,-1.5368728483219907,0
2026-06-24,4309.65869140625,4326.603092410774,4249.755639555354,4287.93018361535,652078,0.42970195883969,0
2026-06-25,4277.2646484375,4320.821917574416,4211.181684371836,4320.821917574416,754050,-0.7516614490457374,0
2026-06-26,4277.2646484375,4277.2646484375,4277.2646484375,4277.2646484375,0,0.0,0
2026-06-29,4263.21142578125,4302.183158180815,4252.64599620607,4270.9857208678,569087,-0.3285563043517459,0
2026-06-30,4389.59619140625,4413.916290951847,4261.018101330999,4263.50992478207,1243464,2.9645436972866035,0
2026-07-01,4384.21435546875,4489.767909279109,4375.742154951739,4454.384013002184,1168751,-0.12260435135323933,0
2026-07-02,4466.4443359375,4482.292236501547,4368.7648520199655,4389.596399722663,820705,1.87559215406925,0
2026-07-03,4446.509765625,4492.957454484628,4436.442701026769,4480.298796026808,542120,-0.4463185660258717,0
2026-07-06,4469.7333984375,4475.81354535161,4435.44600307642,4435.44600307642,589165,0.5222890319962259,0
2026-07-07,4589.14208984375,4640.672712211398,4490.266330250847,4535.1191570791025,3385946,2.671494712592759,0
2026-07-08,4571.39990234375,4614.857404177837,4546.78097666898,4575.386820187532,1045703,-0.38661229381555806,0
2026-07-09,4555.7998046875,4679.7998046875,4546.10009765625,4614.7998046875,1777107,-0.3412542763596704,0
2026-07-10,4584.39990234375,4602.7998046875,4560.7001953125,4578.60009765625,652646,0.627773363237405,0
2026-07-13,4601.5,4635.0,4524.39990234375,4578.0,770367,0.37300623899558794,0
2026-07-14,4573.7001953125,4600.0,4554.0,4579.7998046875,631158,-0.6041465758448328,0
2026-07-15,4579.39990234375,4607.0,4565.10009765625,4573.7001953125,619451,0.12461916583625943,0
2026-07-16,4625.7998046875,4668.7998046875,4580.0,4585.2998046875,1136159,1.0132310637470665,0
2026-07-17,4638.10009765625,4647.5,4610.10009765625,4626.0,667212,0.265906297031826,0
2026-07-20,4643.39990234375,4660.0,4625.2998046875,4638.10009765625,274158,0.11426671645526909,0
2026-07-21,4688.7001953125,4691.7001953125,4629.2001953125,4644.2001953125,530094,0.9755845699588539,0
2026-07-22,4711.60009765625,4733.0,4675.0,4685.7001953125,996475,0.4884061976631493,0
2026-07-23,4697.2998046875,4709.7998046875,4671.60009765625,4700.0,421185,-0.303512451658694,0
2026-07-24,4677.0,4697.0,4604.10009765625,4605.0,513858,-0.4321590175539236,0
