Date,Close,High,Low,Open,Volume,Daily_Change_%,Crash_Signal
2020-01-01,3942.765625,3949.5065914393354,3923.3670241389914,3937.915974784748,163949,,0
2020-01-02,4117.15869140625,4128.3128864518885,3945.8206509249326,3947.5180284318776,1458328,4.4231152189334155,0
2020-01-03,4092.3291015625,4129.962198478357,4059.981839318283,4109.59366720357,635983,-0.6030758516929802,0
2020-01-06,4032.095947265625,4073.4633655023094,4006.780680490515,4064.9764783189903,462841,-1.4718550928339846,0
2020-01-07,4114.5400390625,4126.082111037969,4038.8367204025017,4073.2692344932043,524372,2.0446956837122165,0
2020-01-08,4189.07861328125,4201.736008076688,4057.992218360961,4097.80812189487,1032268,1.8115894732120275,0
2020-01-09,4256.052734375,4267.691894086144,4201.348778452348,4206.586305602638,698429,1.598779284814844,0
2020-01-10,4310.951171875,4329.8160270873295,4235.587417953928,4256.150124343327,735887,1.2898909136298986,0
2020-01-13,4334.32666015625,4356.925841175241,4316.237085609929,4323.511561079389,403937,0.5422350509036944,0
2020-01-14,4348.48681640625,4367.5463190700475,4289.709439490471,4330.737287511662,438651,0.32669794780741945,0
2020-01-15,4370.9892578125,4389.175444117612,4277.391018962194,4317.206453406743,416924,0.5174775124383801,0
2020-01-16,4337.86669921875,4417.934234398649,4299.942340021527,4384.083770799595,467980,-0.7577817432186107,0
2020-01-17,4351.83349609375,4386.411406419042,4278.652087000809,4306.489267879033,360682,0.32197386050418775,0
2020-01-20,4333.3076171875,4373.85097485461,4318.128307591456,4364.684947026404,204026,-0.4257028427875009,0
2020-01-21,4348.72900390625,4384.083138121017,4306.488746295867,4321.037694763083,283173,0.3558802670178052,0
2020-01-22,4342.32861328125,4403.482514712404,4328.797899374771,4369.534962286207,359444,-0.1471784197003556,0
2020-01-23,4390.291015625,4403.482158219568,4312.357046144714,4335.58705886376,401079,1.104531844896628,0
2020-01-24,4503.14208984375,4538.981189459208,4318.758319225201,4417.060810327594,2127667,2.570469105968476,0
2020-01-27,4536.31396484375,4611.143964046873,4483.016125876635,4485.8288279472745,1058884,0.7366384257519787,0
2020-01-28,4470.45556640625,4573.9955913433905,4446.643974935097,4529.572987882408,711517,-1.4518042390341601,0
2020-01-29,4430.83349609375,4513.568318487797,4422.394917405202,4485.925319223393,595287,-0.8863094537891025,0
2020-01-30,4351.10546875,4450.523282068519,4329.912406020435,4431.609649290849,422335,-1.7993911848422806,0
2020-01-31,4283.30810546875,4371.765440154313,4272.5417874027835,4366.915789998351,451630,-1.5581640980246614,0
2020-02-03,4239.224609375,4254.937665368939,4108.769019771454,4136.751595978635,537373,-1.029192740943996,0
2020-02-04,4339.70947265625,4363.569846311521,4247.371943596322,4262.794210079923,387466,2.3703595006272726,0
2020-02-05,4337.3330078125,4392.425318807401,4265.364482267303,4342.37683351157,521783,-0.05476092025800128,0
2020-02-06,4330.64013671875,4383.161748763434,4308.428835595353,4345.286173675638,385744,-0.15430844442182456,0
2020-02-07,4337.3330078125,4410.271937006278,4315.849151926405,4341.794780761884,547874,0.15454692337519838,0
2020-02-10,4281.02880859375,4357.507888656472,4258.720417181084,4352.076185592785,271700,-1.2981294984114378,0
2020-02-11,4332.14404296875,4383.5986400890315,4299.699694991631,4313.9578554476375,296451,1.1939941696349043,0
2020-02-12,4319.82568359375,4357.604646061767,4306.44083920023,4357.604646061767,323821,-0.28434787146547347,0
2020-02-13,4316.67333984375,4338.642158987067,4282.2408258420755,4306.440768079883,186493,-0.07297386470875855,0
2020-02-14,4301.0087890625,4402.46355231949,4260.950399639586,4334.6167657081405,665316,-0.3628847852966577,0
2020-02-17,4316.04296875,4330.73731306565,4268.758882745084,4310.271695993029,354909,0.34955008057020454,0
2020-02-18,4341.11572265625,4353.239847187655,4238.691023895216,4300.281576514754,510062,0.5809199326278103,0
2020-02-19,4338.59423828125,4393.783163875986,4321.038409507179,4358.865681778959,384898,-0.058083786199025766,0
2020-02-20,4294.94677734375,4372.444083301897,4287.090250264948,4316.188147891181,414088,-1.006027725579406,0
2020-02-24,4262.84228515625,4321.038084271011,4190.097536262799,4282.24088486117,383261,-0.747494529079018,0
2020-02-25,4213.37548828125,4267.691562715815,4200.523917098071,4265.266737964272,402233,-1.1604181803124503,0
2020-02-26,4210.951171875,4290.87331061433,4157.168362953689,4190.340158998726,642946,-0.05753857953065822,0
2020-02-27,4191.69775390625,4233.792619822017,4146.790185801384,4202.269895843827,369157,-0.4572225414852582,0
2020-02-28,4092.717041015625,4174.724439453993,4073.7063168174095,4141.6014220976995,524557,-2.361351383180832,1
2020-03-02,4017.159423828125,4186.508829415549,3955.9081999097575,4127.052307584752,378937,-1.8461480828088295,0
2020-03-03,4170.60205078125,4198.827109438299,4032.5324159763873,4054.2104469160167,606056,3.819679797694042,0
2020-03-04,4047.32373046875,4194.947266488445,3993.2018256954743,4180.446623491996,750952,-2.955887874495411,1
2020-03-05,4079.0888671875,4102.803844807933,4026.7614285506033,4056.2955124941227,450539,0.7848429933987822,0
2020-03-06,4042.5224609375,4067.206892931818,3889.4189302717964,3969.535235375666,585749,-0.8964356365006587,0
2020-03-09,3974.142578125,4039.321586651311,3874.8701529535156,3947.61489925427,588288,-1.6915152228156538,0
2020-03-11,3873.318603515625,3988.207008462171,3843.5417980593884,3947.615340766741,775964,-2.536999431382847,1
2020-03-12,3553.338623046875,3773.0277722539495,3503.8721920995868,3773.0277722539495,992092,-8.261132460890764,1
2020-03-13,3674.9677734375,3890.874291512767,3020.362094919795,3365.948209851889,1378933,3.422954108616083,0
2020-03-16,3412.26220703125,3549.943720071426,3302.61157564022,3540.24442028981,975878,-7.148513472827545,1
2020-03-17,3366.09326171875,3467.499482763339,3350.8168653960865,3414.1533368746723,563672,-1.3530304094850898,0
2020-03-18,3204.212158203125,3431.515101645516,3172.1559257504487,3431.515101645516,790520,-4.809168698818745,1
2020-03-19,3070.846923828125,3287.820217466019,2866.725202690098,3044.610269968533,790106,-4.162184892581811,1
2020-03-20,3466.384033203125,3546.839670244459,3045.9194257538593,3089.2267006364727,825459,12.880391604864583,0
2020-03-23,2962.99072265625,3191.4575422059306,2946.4533689781333,3123.174565676092,883620,-14.52214485541905,1
2020-03-24,2927.345703125,3139.8572150004197,2878.218608636375,3006.7828720242405,1105225,-1.2030081383209712,0
2020-03-25,3131.515869140625,3191.069472168983,2822.4960984838117,2878.945973093628,874543,6.97458335029133,0
2020-03-26,3132.04931640625,3283.2129992912764,3058.771295477471,3132.8738516132416,931742,0.017034793624448596,0
2020-03-27,3049.072021484375,3288.062677100191,3009.1107163232336,3288.062677100191,471310,-2.6492972025448203,1
2020-03-30,2993.10693359375,3055.2795421716373,2977.6851411006114,3022.3019217164515,507697,-1.8354793686827908,0
2020-03-31,3147.277587890625,3180.4491479290814,3006.78312674847,3045.580328383934,637365,5.150856876061094,0
2020-04-01,3046.210693359375,3161.923394793345,3011.8752645734617,3147.4229880173525,390613,-3.2112481885967714,1
2020-04-03,2950.138916015625,3095.0463501956997,2934.0379847514855,3093.1064903710703,406172,-3.1538126221269835,1
2020-04-07,3180.88525390625,3245.14311274793,2987.6267124088204,3089.1783302674335,646709,7.821541441250646,0
2020-04-08,3158.528564453125,3283.0677210291137,3101.1087546620033,3143.543193012605,647497,-0.7028448896630346,0
2020-04-09,3264.83251953125,3287.8683541784094,3160.516513590256,3201.738533485173,501495,3.3656163909516756,0
2020-04-13,3361.874267578125,3522.058102822215,3191.6515627119497,3246.4526044494933,1107263,2.9723346440082565,0
2020-04-15,3491.89306640625,3563.5224848900198,3425.307472887617,3452.9504752880976,1239945,3.8674497759188853,0
2020-04-16,3432.67919921875,3458.4791939478678,3370.6519891433495,3443.251341010864,617278,-1.6957525921159178,0
2020-04-17,3427.78125,3554.211486597602,3405.27892079438,3544.1243090638377,775287,-0.14268590026894623,0
2020-04-20,3410.80712890625,3462.6498360952105,3385.103985865207,3462.6498360952105,391192,-0.4951926583340205,0
2020-04-21,3300.9140625,3365.656885881143,3274.532015538256,3364.6869559428487,533462,-3.221907960579684,1
2020-04-22,3337.67431640625,3353.6781604071157,3274.483475571038,3318.1303228461256,944451,1.113638622824653,0
2020-04-23,3338.692626953125,3365.656725311153,3303.581212221841,3331.709179090435,977203,0.03050958393002734,0
2020-04-24,3208.479736328125,3336.5590338084526,3193.785392279766,3307.4611352577977,624104,-3.900116158456657,1
2020-04-27,3259.59521484375,3268.6641552166757,3216.627504557361,3235.6865346595937,444246,1.5931370217760144,0
2020-04-28,3291.942138671875,3327.829545604951,3264.2991360342357,3309.400877179858,767800,0.9923601458494469,0
2020-04-29,3331.0791015625,3349.9441922005394,3259.0618009792524,3259.0618009792524,393804,1.1888715306039632,0
2020-04-30,3428.0234375,3458.721625409919,3342.523971129653,3365.6568949399552,854097,2.9102982241408393,0
2020-05-04,3246.937744140625,3357.606614427784,3226.035705400364,3327.829810958031,519181,-5.282510363798377,1
2020-05-05,3185.589599609375,3292.9122563369815,3175.550729675192,3292.9122563369815,387071,-1.8894154851585299,0
2020-05-06,3224.43505859375,3287.5775935976462,3149.507969316447,3200.768862331386,374625,1.2194119100947143,0
2020-05-07,3155.036865234375,3276.4235088609944,3133.8438002160665,3223.998745499374,473677,-2.152258987955591,1
2020-05-08,3206.39453125,3225.017139250623,3172.689464907456,3194.949310283174,421623,1.6277992368818106,0
2020-05-11,3259.69189453125,3346.25813765761,3229.963637970037,3254.114797635154,483864,1.662221001246289,0
2020-05-12,3248.63525390625,3303.096730592412,3177.054370041402,3243.4460335049257,557262,-0.3391928127793209,0
2020-05-13,3440.050537109375,3472.3492520934574,3346.2583574643654,3346.2583574643654,1225497,5.892175274923894,0
2020-05-14,3500.96240234375,3524.531749156988,3386.0256951328524,3406.394225524657,974733,1.7706677438976914,0
2020-05-15,3475.404296875,3519.8756784106818,3441.1659601507845,3519.8756784106818,645207,-0.7300308467077521,0
2020-05-18,3208.33447265625,3480.933344077286,3182.4373892478034,3476.6169661764498,817697,-7.684568510745438,1
2020-05-19,3334.7646484375,3387.9654022797677,3234.958948741367,3268.664015368685,1012170,3.9406794041824345,0
2020-05-20,3422.39794921875,3491.602548310519,3331.70949569687,3346.2099016006664,1042217,2.6278706301600785,0
2020-05-21,3464.104736328125,3482.0484399882316,3391.214596990709,3480.1085801330846,710536,1.2186422423171361,0
2020-05-22,3529.52685546875,3557.7033703610546,3423.853025456522,3443.251626167324,1021137,1.8885722032172536,0
2020-05-26,3672.155029296875,3731.320760091146,3547.421934902668,3554.7934977213545,1409106,4.040999818633839,0
2020-05-27,3615.31689453125,3693.4933452454015,3580.0115381567166,3686.7038354195824,826874,-1.5478141394402956,0
2020-05-28,3694.656982421875,3705.1322728568266,3604.3081056189194,3616.868650650028,603406,2.194554176167518,0
2020-05-29,3787.43115234375,3821.524096197975,3680.738855241776,3694.4632696492604,1947052,2.511036081651641,0
2020-06-01,3700.961669921875,3836.0729595747216,3686.7037469895113,3787.5764619821207,742238,-2.283064138825752,1
2020-06-02,3718.9541015625,3738.1102190576707,3656.6360990782096,3721.6214090618273,734563,0.486155579152614,0
2020-06-03,3739.952880859375,3802.1254867268517,3728.4593527813804,3772.979043735321,493621,0.5646420666512775,0
2020-06-04,3689.516357421875,3754.25918009872,3619.342069229248,3715.80155318343,807841,-1.34858713583339,0
2020-06-05,3753.19287109375,3810.3702001624383,3690.5838390271297,3697.3733493748796,697747,1.7258769850357902,0
2020-06-08,3664.58935546875,3792.4261725318597,3648.585511006659,3792.4261725318597,547499,-2.36075039754563,1
2020-06-09,3677.34423828125,3719.584500778995,3641.893249054459,3690.583688198555,478720,0.3480576287071768,0
2020-06-10,3678.4111328125,3748.6342097876063,3666.3355511744494,3709.9824029741453,475926,0.029012636895497934,0
2020-06-11,3593.4931640625,3705.083645556314,3577.1014435986967,3675.9372049263525,475582,-2.308550232259443,1
2020-06-12,3674.628173828125,3690.583474208271,3491.74783367931,3491.74783367931,592647,2.257831198262261,0
2020-06-15,3632.19384765625,3655.326535670945,3577.1017772626246,3614.395537748681,440266,-1.1547923807395222,0
2020-06-16,3666.287109375,3715.123182967893,3622.106747463546,3671.1853035731874,622734,0.9386410293258374,0
2020-06-17,3694.656982421875,3729.3805207158375,3600.379842105901,3646.936477995201,430610,0.7738039111648165,0
2020-06-18,3728.6533203125,3765.26817700543,3663.42552925026,3685.442892405087,348706,0.9201486918100965,0
2020-06-19,3720.990966796875,3787.0430562364286,3698.440094802455,3743.2022685791817,556284,-0.2054992206940498,0
2020-06-22,3710.224609375,3731.7570073005772,3676.664937768962,3720.990926737443,329145,-0.2893411329924045,0
2020-06-23,3824.23974609375,3835.1029138667454,3718.371752964967,3731.32041215108,563658,3.072998233871238,0
2020-06-24,3706.684326171875,3895.238610401888,3691.98974560933,3863.036983990497,501886,-3.0739552885498678,1
2020-06-25,3688.013427734375,3758.478747467162,3668.0327750281135,3700.089008866374,395771,-0.5037088889838781,0
2020-06-26,3744.51171875,3757.5086855652726,3666.3352688272407,3719.6814169186423,373568,1.531943744855968,0
2020-06-29,3692.5234375,3724.5311268715527,3644.0269384521935,3724.4825830126424,692124,-1.3883861276138498,0
2020-06-30,3776.470947265625,3786.9462384823746,3707.072409353886,3707.072409353886,494113,2.273445549812436,0
2020-07-01,3781.369140625,3815.6560235730503,3745.966696112728,3771.087788046916,331198,0.12970292709180153,0
2020-07-02,3797.227294921875,3828.313597871241,3765.2681497178005,3793.3961188939506,294326,0.4193759907358263,0
2020-07-03,3772.6396484375,3840.922622563349,3758.4785763719638,3807.9450040867946,257664,-0.6475157944128562,0
2020-07-06,3812.69775390625,3826.082835306928,3787.0916965478964,3802.125611593739,254346,1.061805770008828,0
2020-07-07,3745.86962890625,3829.1382134347796,3711.4371141920674,3821.5241682782557,452245,-1.752777936082972,0
2020-07-08,3672.78515625,3768.1293178454844,3663.23148830699,3768.1293178454844,635619,-1.9510682403965474,0
2020-07-09,3727.87744140625,3742.717417886597,3653.7748835243483,3687.6738899397064,524030,1.5000138263600693,0
2020-07-10,3684.279052734375,3729.0897707388217,3669.245137947648,3719.7300410913263,336838,-1.169523122933691,0
2020-07-13,3673.997802734375,3722.3974524786254,3664.395590322237,3705.1326508816687,302963,-0.27905730952625385,0
2020-07-14,3657.5087890625,3705.908436114566,3631.417767875213,3670.9909575773045,351717,-0.44880303574496017,0
2020-07-15,3705.76318359375,3714.7835804984097,3658.576180963568,3668.4694202012174,274206,1.3193240895428948,0
2020-07-16,3701.495361328125,3718.7116188226746,3622.688548853075,3709.9337049655906,412522,-0.11516716136961147,0
2020-07-17,3746.694091796875,3752.6590664124924,3697.5669965733778,3705.132497724405,237461,1.2210938028173635,0
2020-07-20,3748.87646484375,3773.027626654539,3711.8734939834762,3746.9366048814595,277775,0.05824796456304071,0
2020-07-21,3747.130615234375,3836.073148847797,3734.2304988783862,3781.7570688641113,614199,-0.0465699423746635,0
2020-07-22,3746.5,3787.576630002856,3722.4942326267424,3763.3283801308785,433235,-0.016829283500585657,0
2020-07-23,3722.493896484375,3773.027339374116,3711.000369162516,3746.4996616899043,264268,-0.6407608038335733,0
2020-07-24,3668.760009765625,3723.609595407639,3623.0279076683073,3723.5610515506237,594650,-1.4434916003354004,0
2020-07-27,3744.026611328125,3783.696650679876,3667.305059272138,3676.131516340278,499750,2.051554240728559,0
2020-07-28,4011.969970703125,4086.315009009892,3746.0149805348574,3760.4185354691076,2492211,7.156555954070853,0
2020-07-29,4068.01416015625,4171.539983032326,4042.764932813521,4057.262358252188,1777725,1.396924450142456,0
2020-07-30,4043.30029296875,4105.766315689227,4017.0296156718464,4086.5013423748924,595214,-0.6075167443996943,0
2020-07-31,4006.083251953125,4095.3064404671127,3981.95333989348,4047.5815697043727,413669,-0.9204619572863559,0
2020-08-03,3936.271240234375,4042.7647182146325,3918.806154965703,4027.196911838836,490180,-1.742650048141503,0
2020-08-04,3896.1357421875,3963.952955602598,3876.529892233508,3941.136435412002,600934,-1.0196324286962821,0
2020-08-05,3931.892822265625,3998.980290827634,3906.546439823102,3925.811647857432,569833,0.9177575537460347,0
2020-08-06,3919.53662109375,3973.4400656249695,3892.9739990411786,3958.9910976406936,378473,-0.31425579817191407,0
2020-08-07,3896.087158203125,3962.0070945128614,3874.8759725160526,3917.2496469815273,348651,-0.5982713049401567,0
2020-08-10,3861.156982421875,3938.655380752564,3854.0054256820417,3938.655380752564,590885,-0.8965450299977307,0
2020-08-11,3861.546142578125,3967.1640379680875,3854.0054855437993,3886.114089689961,823622,0.010078848335393076,0
2020-08-12,3891.611083984375,3905.7194089866975,3819.950617870241,3866.118847696251,466155,0.778572631173513,0
2020-08-13,3937.97412109375,3964.9258394132225,3898.860053573623,3916.179048798648,545546,1.1913584402146071,0
2020-08-14,3901.779052734375,3980.3962886430186,3858.2378422015227,3935.736236991922,661653,-0.9191291574390026,0
2020-08-17,3926.59033203125,3940.552566820877,3877.4544397304394,3930.8713840648456,315955,0.6358965733717525,0
2020-08-18,4056.338623046875,4067.0899507027984,3929.898638968565,3929.898638968565,1154453,3.3043500860581387,0
2020-08-19,4086.404052734375,4102.11771509237,4059.403633713072,4072.928072907178,618695,0.7411962481800094,0
2020-08-20,4032.305419921875,4083.9711764707504,4019.8024294107277,4066.068292729003,350925,-1.3238689105229406,0
2020-08-21,4074.678466796875,4088.981578715097,4028.2672298281927,4074.7758606035327,490700,1.0508392212964068,0
2020-08-24,4076.429931640625,4109.900618171787,4057.3592750417497,4103.041243966496,379052,0.0429841239749873,0
2020-08-25,4059.646240234375,4085.576273266165,4030.164421223625,4077.792369911526,373776,-0.41172525194110854,0
2020-08-26,3969.4501953125,4068.840819389484,3960.0609566130865,4057.359751615865,574774,-2.2217710505895605,1
2020-08-27,3937.828125,4005.353394366279,3917.0549745936437,3985.3586818366466,458012,-0.7966360265671657,0
2020-08-28,3952.8125,3978.353435343044,3936.709500874538,3952.277309083632,346506,0.3805238452351256,0
2020-08-31,3798.399169921875,3975.920776988602,3777.9664226152486,3952.8123127727745,680870,-3.906416762194642,1
2020-09-01,3806.96142578125,3861.1083508302263,3747.4633042464056,3818.9779226709443,528801,0.22541748448072774,0
2020-09-02,3835.2265625,3936.660556485706,3790.9069137817205,3791.928598640394,759445,0.7424592360546267,0
2020-09-03,3842.32958984375,3872.4922176698215,3822.529189139567,3860.5244178296525,284007,0.18520489540831964,0
2020-09-04,3810.318359375,3825.7400764756776,3775.1933979479,3807.5452485875308,438236,-0.8331203693031419,0
2020-09-07,3744.690185546875,3882.2221348928288,3717.78716226203,3818.9779146502137,704096,-1.7223803272671923,0
2020-09-08,3720.462890625,3758.1661758846844,3709.662628732253,3750.6742157422627,456797,-0.6469772857413791,0
2020-09-09,3731.992919921875,3756.706720448553,3676.9217033346495,3708.0573197693434,332412,0.3099084612812275,0
2020-09-10,3809.734375,3832.5995921657513,3721.678964212744,3733.354819786745,433018,2.083108321645799,0
2020-09-11,3798.642578125,3837.6592547292894,3773.247496090661,3809.7345464009754,348215,-0.2911435754625269,0
2020-09-14,3808.372314453125,3862.470303143641,3784.923209320469,3794.6043921281903,472618,0.25613718922004036,0
2020-09-15,3825.25341796875,3848.1186347306902,3780.204028498813,3811.2911834522874,312720,0.44326295124978987,0
2020-09-16,3867.52978515625,3876.2382175204584,3814.161537553825,3826.7616842503526,418071,1.1051912793257346,0
2020-09-17,3861.74072265625,3914.7198723996194,3836.9782252604277,3847.9730373050315,447295,-0.1496837211756863,0
2020-09-18,3894.481689453125,3910.8276970845563,3843.302427926183,3876.2866246310427,440400,0.8478292342307903,0
2020-09-21,3774.122802734375,3895.454588158888,3746.0035464559546,3894.4816002247435,389056,-3.09049820531192,1
2020-09-22,3778.258056640625,3837.950962290626,3691.5162760630333,3774.8525988213787,508999,0.10956861030737564,0
2020-09-23,3764.63623046875,3812.4100338161734,3733.403459811697,3794.6530037345947,307971,-0.36053191623408587,0
2020-09-24,3675.75390625,3764.6362125011165,3652.499351836211,3764.490359327716,456036,-2.3609804182244454,1
2020-09-25,3754.27392578125,3775.0957724531186,3658.4833116361137,3687.6242526139526,321826,2.13616094912501,0
2020-09-28,3816.05908203125,3843.3027470737984,3765.609557282311,3784.923464839766,248628,1.6457285076006523,0
2020-09-29,3952.37451171875,3967.84492535984,3836.734796940949,3853.0323453714973,772188,3.5721519703238114,0
2020-09-30,3940.163330078125,3991.87778122477,3914.427846769322,3977.2827246894853,548775,-0.30895811124221906,0
2020-10-01,3987.061767578125,4008.7107516129277,3952.374838738479,3977.5751341246723,406483,1.190266330890144,0
2020-10-05,3937.828125,4002.969858920735,3922.1631613806658,4002.969858920735,312598,-1.2348352106927862,0
2020-10-06,4024.37548828125,4035.953949675902,3945.660621903967,3945.660621903967,351025,2.197845120049524,0
2020-10-07,4099.5390625,4170.178085933792,4002.9700040257326,4011.3862551615543,1037715,1.8677077831733557,0
2020-10-08,4228.60546875,4242.227299528302,4100.171064268868,4110.873931308963,801790,3.1483150735315046,0
2020-10-09,4182.24267578125,4256.773644666651,4160.009807031018,4222.767527193221,405756,-1.0964085751526742,0
2020-10-12,4189.97802734375,4243.200660891304,4131.696141259749,4183.848392990738,488896,0.1849570233524389,0
2020-10-13,4264.36279296875,4402.770324153464,4222.232606201951,4327.850254549085,2369441,1.775302045489635,0
2020-10-14,4322.83984375,4338.553504978648,4198.443232559512,4263.48757557245,817554,1.3712963371144138,0
2020-10-15,4264.8984375,4352.175657831271,4248.357640231247,4338.553824786415,545465,-1.3403551448655238,0
2020-10-16,4361.02978515625,4374.554223881649,4261.6876113437775,4265.531104135026,669844,2.2540125882247297,0
2020-10-19,4392.65087890625,4426.121564680392,4344.244735172935,4378.445161807378,636376,0.7250831869488605,0
2020-10-20,4421.59814453125,4460.663517993078,4363.851211298715,4421.743997713937,871380,0.6589930869308702,0
2020-10-21,4504.05859375,4532.177850357954,4320.066478228707,4422.570853310438,2032618,1.8649467121009122,0
2020-10-22,4489.90185546875,4607.633410551296,4406.273816892896,4548.719173643826,1812783,-0.3143107041479132,0
2020-10-23,4382.87255859375,4516.60993864927,4367.1588986553625,4495.204204342875,886850,-2.3837780940498043,1
2020-10-26,4364.24072265625,4421.647020476467,4338.894572723214,4388.176324901354,727534,-0.42510558288918476,0
2020-10-27,4443.58740234375,4502.988125238289,4363.850851705646,4373.580730973663,1088244,1.8181096032486188,0
2020-10-28,4348.57421875,4469.808594603107,4332.71470752178,4469.808594603107,509919,-2.1382089512549163,1
2020-10-29,4453.17138671875,4490.680360002274,4320.06681541564,4328.921101429561,927412,2.405320978948744,0
2020-10-30,4450.49560546875,4544.826982828358,4417.414013215236,4427.095433926146,934842,-0.0600870933910258,0
2020-11-02,4427.873046875,4465.576327162054,4397.905210257726,4428.06783448737,489146,-0.5083154911096122,0
2020-11-03,4426.65771484375,4463.0963083572615,4393.089626193581,4441.787964493347,582702,-0.027447309766659433,0
2020-11-04,4409.19189453125,4486.447035827081,4379.466830264649,4427.094776190244,495599,-0.39455999170509015,0
2020-11-05,4493.1611328125,4508.972187610623,4422.2304035365105,4446.55510322593,584030,1.9044133321890033,0
2020-11-06,4432.93359375,4493.113000176056,4417.365784816725,4463.680111411583,426088,-1.340426868350486,0
2020-11-09,4500.3125,4524.296557865274,4456.284795416464,4470.879614615426,447725,1.519962003152897,0
2020-11-10,4592.06494140625,4655.747190718295,4505.420557287579,4516.609918352001,1235506,2.038801558919512,0
2020-11-11,4693.4990234375,4724.780965705282,4596.735658096604,4603.595033020094,811311,2.2088991189263885,0
2020-11-12,4715.19677734375,4735.045635570161,4655.017380453415,4720.937310959914,668501,0.4622937769433788,0
2020-11-13,4767.3974609375,4789.046441703021,4685.277377231807,4694.6666154443465,428529,1.1070732794137284,0
2020-11-14,4775.619140625,4805.586976275553,4751.099656844204,4791.965146417716,47328,0.17245635076299504,0
2020-11-17,4776.4462890625,4844.506985961634,4763.7489863964975,4777.370817648448,708971,0.01732023457363674,0
2020-11-18,4794.3974609375,4806.559808631405,4728.72078339041,4772.018741180714,437973,0.3758269388709712,0
2020-11-19,4648.9365234375,4781.262887436558,4632.395727937617,4762.7761159955135,540260,-3.0339774431541677,1
2020-11-20,4731.20166015625,4740.348125594659,4640.227300408167,4678.027971642689,445562,1.7695474288369484,0
2020-11-23,4757.42431640625,4782.235507748587,4731.980777950006,4742.343004021692,438597,0.554249388074779,0
2020-11-24,4741.56494140625,4780.435523916082,4711.207528139896,4767.640827733476,372131,-0.3333605317757393,0
2020-11-25,4689.65673828125,4795.858293233761,4671.364277143209,4766.668650548224,481744,-1.0947483323850649,0
2020-11-26,4703.56982421875,4742.246097046377,4662.120440585122,4691.748115089797,486664,0.296675998137097,0
2020-11-27,4672.28857421875,4741.808759804817,4641.152956897842,4703.61897918464,920840,-0.665053377945668,0
2020-12-01,4777.857421875,4803.836390684559,4675.20719114334,4684.9370708335455,752883,2.2594676244692913,0
2020-12-02,4799.84716796875,4862.2642527622265,4741.175706878542,4777.857544287141,696234,0.460242827529167,0
2020-12-03,4761.31640625,4826.0201031981205,4710.429327859837,4826.0201031981205,740259,-0.8027497620316071,0
2020-12-04,4953.87109375,5058.564699376735,4826.117957180035,4855.210203864187,2996248,4.044148110956058,0
2020-12-07,4919.9140625,5036.186134183724,4900.940795572531,4981.698803520222,910850,-0.68546457118841,0
2020-12-08,5076.80810546875,5095.538124352421,4928.038336211095,4928.038336211095,1652861,3.188959013829318,0
2020-12-09,5005.828125,5116.943536926223,4978.146903375927,5076.8077847113145,1625022,-1.3981221861092297,0
2020-12-10,4830.2041015625,4980.725534052413,4816.290563305224,4961.265774200675,1333296,-3.508391000490052,1
2020-12-11,4879.53466796875,4902.545738433437,4822.128377757353,4869.804788271903,974421,1.0212936217393498,0
2020-12-14,4936.69775390625,4942.778928769401,4860.756232251931,4879.534710192627,919851,1.1714864188329566,0
2020-12-15,5017.55322265625,5088.727199268191,4931.103144529865,4933.049120514289,1629308,1.637845231380064,0
2020-12-16,4974.8876953125,5083.8623524364975,4956.644170124331,5020.618131784177,630475,-0.8503253568113323,0
2020-12-17,5032.09912109375,5078.024344481594,4988.120348787154,5014.488418462622,834935,1.1500043676394345,0
2020-12-18,5013.3203125,5073.159070232897,4976.833265101892,5001.157963367297,549221,-0.3731804191819732,0
2020-12-21,4872.578125,5049.80779687984,4734.024726708979,5015.753216361382,597997,-2.8073647548328307,1
2020-12-22,4885.66455078125,4953.579399576619,4759.079189556542,4903.811157412809,576026,0.26857292885889006,0
2020-12-23,4897.97265625,4937.9136197285425,4845.723015695187,4864.550426682355,449498,0.2519228518622185,0
2020-12-24,4908.48193359375,4985.931884782213,4876.275931047362,4961.266540342838,431767,0.2145638222446955,0
2020-12-28,5003.25048828125,5020.618420276736,4918.843773560512,4918.843773560512,410405,1.93071006412191,0
2020-12-29,5007.72607421875,5033.023762649253,4944.335999958372,5020.618165438141,401258,0.0894535651969175,0
2020-12-30,5210.10693359375,5254.1346358665205,4981.746484475964,5017.747036610605,1002535,4.041372398880139,0
2020-12-31,5145.306640625,5233.702699625702,5119.0848978394315,5228.837759395524,728164,-1.2437420919507503,0
2021-01-01,5147.884765625,5204.51285775961,5136.69540352662,5173.27984766664,355623,0.050106343121414376,0
2021-01-04,5183.30126953125,5241.339902060554,5149.10036517789,5163.598264789592,453783,0.687981676333238,0
2021-01-05,5196.92333984375,5227.766772277062,5103.370169975172,5191.863612553431,530958,0.2628068407401596,0
2021-01-06,5301.17919921875,5320.78481215778,5156.836336186566,5215.21561546415,701452,2.0061073169136856,0
2021-01-07,5252.14013671875,5368.6554357888,5239.539753588466,5327.108663119192,742403,-0.9250595133103001,0
2021-01-08,5440.705078125,5461.67277728821,5271.2103962727915,5272.621418761456,802681,3.590249622015129,0
2021-01-11,5471.79248046875,5542.869059608219,5356.250162334994,5400.083079093451,714576,0.5713855446556115,0
2021-01-12,5486.6796875,5542.091547727035,5401.056737952207,5472.863066968057,591436,0.2720718500270003,0
2021-01-13,5498.1123046875,5520.734277183891,5448.733160421183,5497.382563639229,423240,0.20837041414221158,0
2021-01-14,5431.5595703125,5520.7338240739045,5409.813193840485,5492.517172523298,464204,-1.210465168531738,0
2021-01-15,5304.9736328125,5503.949671679052,5279.189451736883,5436.083761112098,589866,-2.3305633651131474,1
2021-01-18,5240.513671875,5314.265976514863,5182.572423151953,5293.055026921649,461596,-1.2150854160480673,0
2021-01-19,5341.8017578125,5385.488825989607,5248.054264712095,5254.232833812669,483417,1.9327892698972837,0
2021-01-20,5397.26123046875,5404.217998877863,5316.308447821594,5365.05523622677,321063,1.03821660126453,0
2021-01-21,5393.7109375,5494.463662687508,5362.526384623201,5447.760235060627,481346,-0.06577952811895882,0
2021-01-22,5385.29443359375,5443.868508204921,5320.347476860475,5427.327710235398,680688,-0.1560429174602973,0
2021-01-25,5223.38818359375,5674.270684564679,5182.7659384868175,5589.815524295231,3236487,-3.0064512162978563,1
2021-01-27,5258.85400390625,5370.796077247351,5186.366401805887,5234.675158388647,1212604,0.678981133814549,0
2021-01-28,5296.65478515625,5322.195719285957,5195.755742957608,5205.485622626068,576548,0.7188026368847966,0
2021-01-29,5183.35009765625,5360.871940575288,5145.160320316533,5340.7308998141925,745559,-2.1391744807974566,1
2021-02-01,5588.98876953125,5636.762574019134,5117.916737468717,5238.567246108664,1455212,7.825801156252532,0
2021-02-02,5958.14013671875,6031.552267158279,5628.7352581885225,5628.7352581885225,2251712,6.604976005676622,0
2021-02-03,5910.60986328125,6069.498599387541,5876.846992674054,5988.740602633907,952770,-0.7977367491674325,0
2021-02-04,6015.7900390625,6042.25550279908,5878.355483543922,5928.4159063695315,683257,1.77951477451872,0
2021-02-05,6180.51708984375,6226.150131434909,5954.686482947592,6013.065762192176,1174059,2.738244681274171,0
2021-02-08,6196.13330078125,6309.827041096779,6147.338048673778,6207.51745016736,769441,0.25266835623125594,0
2021-02-09,6246.97216796875,6304.96234878769,6199.7337897904035,6251.253220224257,947676,0.820493438723946,0
2021-02-10,6219.4853515625,6411.0181406133,6150.354741949722,6267.113305749023,1045511,-0.4400022229519185,0
2021-02-11,6253.53955078125,6293.28620446572,6197.252101568654,6226.636528367097,390465,0.547540468283203,0
2021-02-12,6224.44775390625,6304.962514410488,6194.966406259854,6265.945598893998,408867,-0.4652052911597204,0
2021-02-15,6234.66357421875,6289.345687375291,6214.571467948414,6261.1774960161765,277851,0.16412412339856797,0
2021-02-16,6283.361328125,6373.071006218709,6236.804235275122,6273.826236350876,595723,0.7810807002902598,0
2021-02-17,6245.80419921875,6367.719394642933,6218.3172906850705,6283.361152575436,555520,-0.5977235263892933,0
2021-02-18,6154.9755859375,6316.929136408665,6130.796741668166,6316.929136408665,573974,-1.4542340807387366,0
2021-02-19,6040.7958984375,6147.970429852723,6008.2008009747215,6144.419118729615,499669,-1.855079454106534,0
2021-02-22,6008.2978515625,6115.18067051348,5943.642613684892,6047.11997488654,528408,-0.5379762438821323,0
2021-02-23,6099.12646484375,6176.4300719045095,5965.437541325226,6018.903418860542,453805,1.511719550614976,0
2021-02-24,6241.27978515625,6275.772398686519,6042.255286177253,6148.310974775211,378560,2.33071606453632,0
2021-02-25,6210.8740234375,6293.286295920799,6167.235892321686,6232.961040765095,803072,-0.48717190649046893,0
2021-02-26,5949.8212890625,6313.718780822005,5896.306952039043,6197.933215262163,1307673,-4.203156164331867,1
2021-03-01,6193.1171875,6217.198640920482,6003.919952651545,6050.8176900153385,609302,4.089129515280554,0
2021-03-02,6249.5986328125,6298.977768400153,6141.596976650343,6202.797820123883,438046,0.9120034968254753,0
2021-03-03,6324.90869140625,6358.476778453941,6257.286023295684,6275.772795872673,467421,1.20503832355483,0
2021-03-04,6592.5283203125,6645.50770427273,6221.7229923188115,6255.339535983804,1303144,4.231201460186584,0
2021-03-05,6626.33984375,6756.623314219453,6509.776073895425,6509.776073895425,1828811,0.5128764230458049,0
2021-03-08,6488.02978515625,6662.924376753827,6462.391456543475,6655.237866633822,658514,-2.08727686558674,1
2021-03-09,6516.48974609375,6639.670122099476,6480.100089856758,6562.804069982557,483037,0.4386533644252566,0
2021-03-10,6581.33935546875,6605.615596341931,6503.451855346806,6569.712433810576,302774,0.9951616882981185,0
2021-03-12,6458.84033203125,6668.519250408989,6433.445249682684,6585.182921487428,673811,-1.8613084179546213,0
2021-03-15,6384.21240234375,6498.441100309386,6314.740677985321,6484.965121280562,349036,-1.1554385284522128,0
2021-03-16,6460.59130859375,6521.938006715094,6387.7630679983995,6411.990372109872,614224,1.1963716342200614,0
2021-03-17,6344.12451171875,6489.82945334367,6313.134751319739,6459.666827698445,443282,-1.802726582009273,0
2021-03-18,6334.2001953125,6457.380568329522,6292.021546545154,6416.8557140694875,345807,-0.15643319086688923,0
2021-03-19,6491.77587890625,6519.019542666648,6196.52248286622,6324.421944378091,654457,2.487696611015866,0
2021-03-22,6546.26318359375,6601.723498912544,6452.175055112694,6485.840534517548,467719,0.8393281854437662,0
2021-03-23,6751.6611328125,6770.780252013947,6546.311730144697,6552.198592605874,890457,3.137636594469928,0
2021-03-24,6673.38427734375,6756.428900976505,6655.238145547133,6704.374041212357,716392,-1.1593718039006884,0
2021-03-25,6486.4248046875,6727.14195210215,6456.74866930267,6672.070733713905,547365,-2.8015691122565856,1
2021-03-26,6553.3173828125,6601.723535486109,6505.835758769376,6548.014408211538,303751,1.03127038606321,0
2021-03-30,6602.306640625,6689.291661908414,6563.77622563406,6600.749765001699,422141,0.7475489885624187,0
2021-03-31,6555.9453125,6671.0496138868275,6532.54466380384,6671.0496138868275,647600,-0.7021989533132489,0
2021-04-01,6712.49853515625,6746.407262865394,6549.377187689398,6583.236980942179,531749,2.3879580318913796,0
2021-04-05,6612.23193359375,6805.078353199264,6553.074450785965,6708.75253721889,540954,-1.4937299581871177,0
2021-04-06,6554.67919921875,6663.994490767656,6526.02498905508,6626.339666946057,508328,-0.8703979980284826,0
2021-04-07,6577.447265625,6674.697605171467,6532.009011589476,6562.803986425882,301479,0.34735592260508596,0
2021-04-08,6782.94287109375,6862.33879014385,6600.556073033136,6614.372693232248,635298,3.12424557993356,0
2021-04-09,6641.4697265625,6865.354343247503,6608.388137094154,6849.834995798443,592763,-2.085719240451711,1
2021-04-12,6333.5673828125,6580.608917225626,6292.312790600072,6580.608917225626,585717,-4.636057325060861,1
2021-04-13,6426.05078125,6476.646157207588,6328.89783451308,6373.071394657692,551188,1.4602102235222736,0
2021-04-15,6362.65966796875,6519.019015588293,6220.944073491513,6469.3966320368,490675,-0.9864707802529904,0
2021-04-16,6533.80859375,6603.133982236504,6334.151284872167,6334.151284872167,636917,2.6898959666640243,0
2021-04-19,6333.90869140625,6391.996265578607,6241.718077556142,6324.4220583187725,559506,-3.05946982491907,1
2021-04-20,6033.3525390625,6507.927420664624,6013.065644902362,6464.532062254254,1272134,-4.745192376257967,1
2021-04-22,5927.734375,6056.850067684377,5808.932924830167,6030.627852053433,1795988,-1.750571732360784,0
2021-04-23,5903.99365234375,5988.741000183551,5833.84112416321,5929.388733569222,968454,-0.4005024711696836,0
2021-04-26,6106.375,6123.013189016796,5946.172628536293,5966.167340936307,697792,3.4278720400708673,0
2021-04-27,6155.89990234375,6174.484066996748,6066.579799581486,6109.391268896898,512910,0.8110360458332577,0
2021-04-28,6188.98193359375,6231.9881936003585,6110.364692554294,6188.203733223776,414435,0.5374036578698282,0
2021-04-29,6210.04736328125,6273.145254120228,6149.673173675444,6246.582872130594,406869,0.34036986880114917,0
2021-04-30,6109.3427734375,6250.474483116875,6065.168741195112,6207.66301405443,475175,-1.6216396422223056,0
2021-05-03,6178.6201171875,6207.663906187008,5983.8766493808935,6083.12143283404,402055,1.1339573882023446,0
2021-05-04,6126.3701171875,6251.447527089684,6115.229215215356,6217.392949121102,330346,-0.8456580758971155,0
2021-05-05,6208.00390625,6227.123024894014,6124.375399964905,6173.560227036912,215973,1.3324984860688893,0
2021-05-06,6232.42578125,6256.215051293359,6143.445844229638,6227.122806948002,246632,0.3933933574914894,0
2021-05-07,6306.810546875,6347.773434905236,6241.669288173643,6285.453746262351,745582,1.1935122572784396,0
2021-05-10,6230.1396484375,6426.585833476506,6159.0141295846,6411.99101326422,872011,-1.2156841856537204,0
2021-05-11,6315.27587890625,6441.131969155541,6139.943254848551,6217.393193085944,1139377,1.3665220247527143,0
2021-05-12,6216.2744140625,6315.178548213841,6198.906483425065,6290.269960654959,392657,-1.5676506734159656,0
2021-05-14,6196.08447265625,6306.9077018025555,6087.888025840706,6244.636474879482,405281,-0.3247916687940333,0
2021-05-17,6355.89794921875,6377.206290369154,6159.986729881697,6207.565745760707,357292,2.5792656195661623,0
2021-05-18,6473.2890625,6489.829858240643,6385.331043697525,6402.260939613708,451024,1.8469634695075454,0
2021-05-19,6383.96923828125,6572.534128039349,6343.930400862307,6450.910624559716,475946,-1.3798213451672203,0
2021-05-20,6396.27685546875,6453.2940436916015,6344.562641548211,6421.72039504592,256088,0.19278941874747435,0
2021-05-21,6458.3046875,6494.451093567989,6412.038827030263,6429.40675635255,307027,0.9697490185750279,0
2021-05-24,6385.13671875,6492.165404827429,6363.390340696812,6470.370567408208,288501,-1.1329284121824768,0
2021-05-25,6379.4931640625,6458.061944425083,6350.887412112934,6447.991423688424,176134,-0.08838580810537344,0
2021-05-26,6403.13671875,6439.234669045117,6348.89263703358,6416.758550929908,248015,0.3706180738728637,0
2021-05-27,6492.9921875,6543.29585726455,6402.504303270052,6421.720816318885,1707144,1.4033039226990285,0
2021-05-28,6420.26123046875,6553.074090658033,6407.709780458231,6542.371222803952,285093,-1.1201454573019243,0
2021-05-31,6526.80322265625,6539.45206611101,6410.190520864587,6454.753654398731,328449,1.6594650647840048,0
2021-06-01,6423.0341796875,6541.398070278149,6382.801032429668,6541.398070278149,397989,-1.5898907846423227,0
2021-06-02,6416.0771484375,6489.829442924587,6375.357508863467,6423.033917064862,567704,-0.10831378216857868,0
2021-06-03,6462.294921875,6475.235472903579,6397.396428901732,6450.910771653002,349479,0.7203431687032635,0
2021-06-04,6484.28369140625,6504.424732897114,6436.9479205674,6450.910393284647,205504,0.34026255064307787,0
2021-06-07,6664.62744140625,6721.352929263462,6483.019318534115,6509.241536281256,617042,2.7812439828783786,0
2021-06-08,6610.86962890625,6708.752317564493,6543.344356145209,6708.752317564493,218632,-0.8066139176214349,0
2021-06-09,6543.10107421875,6604.253465235422,6501.50583708386,6591.993721377305,345102,-1.0251080189386808,0
2021-06-10,6528.408203125,6581.095403173376,6500.532194659292,6565.722384307874,198704,-0.22455516011579135,0
2021-06-11,6482.873046875,6572.485334703641,6470.370056334253,6543.441548530159,193014,-0.697492479532813,0
2021-06-14,6498.099609375,6505.29962472715,6402.260302416336,6475.234394009228,160001,0.2348736800783069,0
2021-06-15,6488.17578125,6563.825599309706,6480.440811596726,6498.100449025744,193128,-0.15271892894166417,0
2021-06-16,6409.46044921875,6513.278449024115,6387.665615101036,6490.36429873896,224100,-1.2132120750909303,0
2021-06-17,6523.73828125,6567.668591700577,6373.119463158606,6377.935943495893,637296,1.7829555691412313,0
2021-06-18,6513.08349609375,6546.214018570531,6405.519875646655,6528.74869603104,367329,-0.16332330784748494,0
2021-06-21,6592.47998046875,6606.588306011779,6346.022318088263,6451.883219022697,361652,1.2190306545681207,0
2021-06-22,6673.67626953125,6752.536757330501,6569.080058953004,6606.588556523646,542280,1.2316501423296877,0
2021-06-23,6716.876953125,6765.866995025045,6598.804761699642,6689.000941327866,438444,0.6473296253667993,0
2021-06-24,6773.89404296875,6789.99680444217,6702.962837210158,6713.6172459197505,278305,0.8488630987534052,0
2021-06-25,6735.99560546875,6810.915677925935,6703.887002987099,6810.915677925935,183496,-0.5594778610294115,0
2021-06-28,6683.89208984375,6791.407255530767,6673.480929012013,6762.266077147219,127275,-0.7735087532227403,0
2021-06-29,6640.35107421875,6694.157117993822,6615.831587761481,6689.292178227838,235008,-0.6514320554510622,0
2021-06-30,6592.96630859375,6680.583682914904,6567.668622049559,6617.291007193934,283145,-0.7135882590450948,0
2021-07-01,6526.07373046875,6615.831873021323,6509.289687552416,6594.231349492278,274106,-1.0146051867094719,0
2021-07-02,6538.3818359375,6565.577040032492,6504.424650432285,6565.577040032492,256489,0.18859893370934966,0
2021-07-05,6538.33349609375,6606.5885091634345,6513.668155315849,6538.479349275151,134014,-0.0007393242695608038,0
2021-07-06,6745.7744140625,6809.943164132736,6545.776916231315,6545.87431005185,681761,3.172687934818308,0
2021-07-07,6738.0390625,6773.942223449078,6627.069499854531,6749.131030300851,382398,-0.11466958554638973,0
2021-07-08,6715.46533203125,6805.953209965676,6658.156437691134,6731.1305327995415,365610,-0.33501928764976263,0
2021-07-09,6713.17919921875,6733.709341140646,6650.373013538729,6703.887353808609,170542,-0.03404280566523532,0
2021-07-12,6902.1337890625,6922.761325189532,6718.579693517811,6718.579693517811,610763,2.8146811553271256,0
2021-07-13,6936.28564453125,6966.594125912636,6889.679614042457,6917.944725592017,372867,0.49480141232365327,0
2021-07-14,6925.7763671875,7043.4109849760625,6874.15954886366,6918.235710923707,379753,-0.1515115997570815,0
2021-07-15,6995.44287109375,7024.973151033695,6909.9173234561695,6941.636826330994,292170,1.0059017244089974,0
2021-07-16,7136.42919921875,7161.191934736323,6988.632411779715,7012.324765440853,436381,2.015402465905014,0
2021-07-19,7114.8291015625,7185.516586778322,7049.298262858353,7107.482756896015,365109,-0.3026737469575824,0
2021-07-20,7224.1435546875,7340.220822784169,7132.001409200419,7136.185067193671,953888,1.5364311856906454,0
2021-07-22,7257.51708984375,7342.653535126137,7093.082126955482,7311.031426878393,1163215,0.4619722033983642,0
2021-07-23,7287.97119140625,7432.606225078508,7268.219726763795,7394.513368123871,813619,0.419621492936173,0
2021-07-26,7410.9580078125,7433.628438537286,7219.327828120029,7312.004936597867,369346,1.6875315938579938,0
2021-07-27,7391.0595703125,7467.682369873088,7354.815769885429,7419.032973326683,297511,-0.2685002057631891,0
2021-07-28,7447.88232421875,7477.412604343395,7307.139708343383,7433.579686009821,289531,0.7688038956483068,0
2021-07-29,7492.44580078125,7510.397144724241,7429.736532753956,7462.818125487539,227836,0.5983375491525944,0
2021-07-30,7413.3896484375,7521.196518458391,7386.9241873397295,7511.27185177379,245105,-1.0551448011209774,0
2021-08-02,7471.9072265625,7546.948464750573,7451.619204511653,7452.352506513491,202451,0.7893498237656171,0
2021-08-03,7668.6279296875,7692.093593833421,7439.006533177564,7478.702710506446,385216,2.6328044120470517,0
2021-08-04,7577.4541015625,7734.869599672379,7561.614587186136,7734.869599672379,258018,-1.1889196993381201,0
2021-08-05,7488.47998046875,7655.526270579725,7474.791676548321,7577.453955951536,173662,-1.174195447457782,0
2021-08-06,7360.0546875,7548.024443270831,7339.033362407294,7518.790230833242,250068,-1.714971440181523,0
2021-08-09,7328.7666015625,7447.121828364293,7307.598713081696,7428.837974577833,236944,-0.42510670458248967,0
2021-08-10,7307.74560546875,7377.21403639316,7260.667711413407,7337.908857279508,164588,-0.2868285652495528,0
2021-08-11,7286.529296875,7379.951786515262,7202.68842966598,7298.7996934732955,129339,-0.2903263159280356,0
2021-08-12,7302.4169921875,7411.238817099852,7267.365061402958,7290.977290120527,206051,0.21804201513762056,0
2021-08-13,7294.59521484375,7361.814565292331,7266.534000492424,7346.121615941512,207505,-0.10711217056104116,0
2021-08-16,7183.08447265625,7309.506030656098,7168.809430811611,7294.595555859543,191968,-1.5286762171612622,0
2021-08-17,7244.0947265625,7261.841016907103,7135.566030461724,7212.758478697465,203995,0.8493601062119938,0
2021-08-18,7432.21142578125,7553.010516278182,7241.112735735433,7259.689719529515,724989,2.596828262460016,0
2021-08-20,7326.51806640625,7455.139044755659,7270.004639813306,7427.469307239512,358744,-1.4220983946765187,0
2021-08-23,7187.33740234375,7393.9820033332435,7125.740033775166,7393.9820033332435,310220,-1.8996836259870142,0
2021-08-24,7289.3642578125,7308.283545088491,7206.599000046022,7254.8011943761285,174447,1.4195361892358038,0
2021-08-25,7217.9892578125,7321.238272072708,7205.914123060485,7298.799040521916,146150,-0.9791663233662984,0
2021-08-26,7144.4150390625,7253.725736233574,7138.450753798495,7201.0258597077,183243,-1.0193173766553598,0
2021-08-27,7397.15966796875,7425.709273073437,7155.267874078728,7167.391705145659,497367,3.5376532231729874,0
2021-08-30,7532.28271484375,7571.1968956862775,7402.439559681068,7402.439559681068,319952,1.826688255224651,0
2021-08-31,7658.06884765625,7685.005284630037,7495.95992556235,7561.810543426043,475968,1.669960323775621,0
2021-09-01,7594.02685546875,7753.446520129802,7520.256482922871,7657.6283916338725,352822,-0.8362681697109631,0
2021-09-02,7775.6904296875,7815.973346212308,7588.258236539139,7631.034189045986,393057,2.3921903053045757,0
2021-09-03,7753.2998046875,7850.731100218203,7696.737682410822,7816.999208698491,198454,-0.2879567441948616,0
2021-09-06,7775.54345703125,7866.52160142822,7753.348658730319,7792.360229888859,212634,0.2868927154126233,0
2021-09-07,7847.5537109375,7880.552301530136,7735.35850292254,7775.543548726271,240683,0.9261121657179183,0
2021-09-08,7814.94580078125,7893.555677907357,7768.356776925249,7850.242165058723,198064,-0.4155168777093321,0
2021-09-09,7762.8818359375,7805.266788652163,7724.1146975262545,7759.31319488207,159693,-0.6662101845740898,0
2021-09-13,7767.57568359375,7787.66796931132,7729.00380381745,7787.66796931132,187063,0.06046527250382905,0
2021-09-14,7681.5341796875,7795.5378152335725,7675.227591530397,7792.555911400925,168408,-1.1077008761946394,0
2021-09-15,7646.72705078125,7752.4691086732855,7616.56379828035,7713.359666833592,235010,-0.45312730623905395,0
2021-09-16,7592.560546875,7694.4403561201825,7557.899613182943,7683.734432894315,216078,-0.7083619376830774,0
2021-09-17,7540.15380859375,7663.152812000608,7490.1914012488005,7636.1185058581905,503207,-0.6902380028147359,0
2021-09-20,7407.32763671875,7558.045539547202,7377.6532548356645,7512.923120452333,291081,-1.7615843820535049,0
2021-09-21,7423.65625,7516.834298980376,7347.197104537986,7367.240692353946,214916,0.22043865321019762,0
2021-09-22,7455.82373046875,7499.2351133482125,7408.207796346923,7430.695724326976,206063,0.4333104791692133,0
2021-09-23,7450.0556640625,7525.830208882523,7411.23935142933,7472.00555221264,201988,-0.0773632346306452,0
2021-09-24,7354.04150390625,7472.445431884867,7333.020179391993,7463.059070573211,341258,-1.2887710439453803,0
2021-09-27,7453.18408203125,7500.066716856814,7358.4902495735005,7375.649803793733,261520,1.3481373211225112,0
2021-09-28,7419.35400390625,7614.608076861749,7381.906905534952,7460.027917569773,403030,-0.45390101401843186,0
2021-09-29,7298.359375,7490.778114344369,7274.356146153845,7381.907110680313,490626,-1.6307973557070699,0
2021-09-30,7231.43310546875,7331.944172252241,7206.891837132019,7323.242417598538,422904,-0.9170043031931363,0
2021-10-01,7316.9365234375,7334.975944764265,7192.422217740253,7231.433791172651,366658,1.1823855205697509,0
2021-10-04,7348.2734375,7440.4737596223395,7328.1319786077775,7329.109714695651,339796,0.4282791570231925,0
2021-10-05,7297.822265625,7396.427046997755,7284.2318292886885,7333.020765298433,229310,-0.6865717818492656,0
2021-10-06,7199.0703125,7371.151851954027,7182.448800166372,7331.8958462481105,279814,-1.353170158584871,0
2021-10-07,7190.857421875,7291.906534935516,7149.157076140562,7256.75673408324,583113,-0.11408265607212309,0
2021-10-08,7172.42724609375,7240.3312058941665,7164.849791687966,7211.781122201206,234324,-0.2563001141586363,0
2021-10-11,7167.04931640625,7243.997330596147,7146.957032563567,7235.246402429147,346054,-0.07498060981279142,0
2021-10-12,7088.73291015625,7194.181838373897,7032.855390516912,7151.161452278701,407411,-1.0927287199032465,0
2021-10-13,7186.75048828125,7225.371059686704,7098.363250723962,7101.296458678807,347921,1.382723532784924,0
2021-10-14,7230.84716796875,7291.906977030272,7176.582815616338,7274.356423458522,599817,0.6135830061083203,0
2021-10-18,7234.56201171875,7473.814209088355,7138.84174991798,7362.352301731464,1413642,0.051374944922866206,0
2021-10-19,7010.46533203125,7322.265262202349,6993.745950131312,7322.265262202349,868388,-3.097584612924764,1
2021-10-20,6970.86669921875,7147.054440431059,6934.348164041705,6941.92561806142,703897,-0.5648502765083441,0
2021-10-21,6970.2802734375,7044.979211885977,6927.2598874042205,7040.530703839789,318247,-0.008412523242129488,0
2021-10-22,6990.421875,7071.96496744621,6941.926070630179,6999.3680645244785,330818,0.2889640125269599,0
2021-10-25,6990.61669921875,7015.207141678374,6850.9961886361825,6990.4214384638,245401,0.0027870166097843097,0
2021-10-26,7107.26123046875,7132.584498731353,6990.812771203451,6990.959336129202,372893,1.6685871400020424,0
2021-10-27,7190.466796875,7207.870307956722,7072.942730298281,7109.1189648878635,364657,1.1707120887797018,0
2021-10-28,7280.85791015625,7333.0202228233,7190.270762485673,7211.780955139288,556897,1.257096595182583,0
2021-10-29,7466.04052734375,7518.789573639123,7179.515193658268,7298.7989814325165,659277,2.543417540523407,0
2021-11-01,7601.9951171875,7637.0957434041275,7477.382475513307,7499.234970158706,469658,1.820973102755441,0
2021-11-02,7541.6201171875,7641.788884553785,7517.225412874301,7613.6302785457,177655,-0.7941994051469115,0
2021-11-03,7712.23486328125,7726.314165944002,7557.947838831939,7587.13335338492,388455,2.262308939493196,0
2021-11-04,7705.341796875,7756.281938744,7686.667420914627,7721.181311283765,32611,-0.08937832584778871,0
2021-11-08,8031.1728515625,8084.89964008647,7670.339542445079,7763.224469982655,825196,4.2286385636993495,0
2021-11-09,7984.19189453125,8071.259091297785,7961.703967324022,8017.4349173593255,253056,-0.5849825162474231,0
2021-11-10,7926.310546875,8005.55634145032,7870.775329304356,7963.660255550805,209152,-0.7249493551864106,0
2021-11-11,7871.41064453125,7960.580363358193,7826.777089279295,7919.662014136451,125814,-0.692628708137033,0
2021-11-12,7900.84033203125,7933.154316480806,7826.776828624837,7904.995710110157,180509,0.3738807289954682,0
2021-11-15,7871.5576171875,7990.596987578325,7852.198633336483,7900.107702323345,119066,-0.37062785239480034,0
2021-11-16,7706.90625,7957.793406307503,7681.38724458989,7939.216422068672,277983,-2.0917253635796884,1
2021-11-17,7682.75634765625,7771.974757534224,7627.31852556801,7670.338909509171,183623,-0.3133540432485482,0
2021-11-18,7594.76025390625,7753.446618578411,7543.282070658049,7723.136802036679,196805,-1.1453713975563606,0
2021-11-22,7483.39599609375,7634.74982323292,7382.493922077818,7625.363461661392,383629,-1.4663301287913821,0
2021-11-23,7487.4541015625,7542.9406233374475,7372.814547763159,7450.348826874032,475377,0.054228126787192465,0
2021-11-24,7408.59912109375,7595.102271130707,7381.907118107578,7557.899605691599,292766,-1.0531614538016876,0
2021-11-25,7439.39794921875,7464.4772611090075,7350.179533661542,7391.977750265057,173989,0.4157172985282731,0
2021-11-26,7230.11376953125,7429.816360886841,7206.012671001462,7381.907293682807,265808,-2.813187049759558,1
2021-11-29,7223.7578125,7269.418273466256,7041.067750210455,7190.759223365648,382413,-0.08790950231011285,0
2021-11-30,7268.24560546875,7351.597606526925,7183.964564167842,7222.829573458897,547664,0.6158538827501614,0
2021-12-01,7159.56982421875,7507.790409763891,7128.6732707261635,7442.526530896661,509749,-1.4952133864082784,0
2021-12-02,7160.15625,7224.491085893678,7100.318617642427,7196.136742749692,239691,0.008190796313845006,0
2021-12-03,7169.201171875,7289.0225385363565,7133.709065422325,7214.177031938403,401430,0.1263229678123201,0
2021-12-06,7053.974609375,7225.078418308451,7040.677303598707,7181.324730024039,173852,-1.6072440950888334,0
2021-12-07,7136.88623046875,7173.600504576774,7073.920126072542,7122.806927220245,162646,1.1753887089919202,0
2021-12-08,7258.6630859375,7292.688106450499,7137.472522485489,7165.826865383034,209590,1.7063023219966889,0
2021-12-09,7268.34326171875,7347.882185206915,7225.469440261683,7310.336738798925,198582,0.13336031258983638,0
2021-12-10,7274.79638671875,7285.942482210593,7225.762541866038,7284.133575035427,144726,0.08878398787228736,0
2021-12-13,7249.375,7372.031696849164,7227.522504544678,7346.708429498615,220084,-0.3494446492710135,0
2021-12-14,7221.94970703125,7292.835573039348,7173.747509109822,7244.046637986159,210516,-0.37831251616519124,0
2021-12-15,7207.234375,7250.890192014387,7166.804895828675,7250.890192014387,113049,-0.2037584395931602,0
2021-12-16,7248.6904296875,7274.356000252908,7207.674212619857,7249.71686154605,140591,0.5752005905524715,0
2021-12-17,7173.99169921875,7245.806125617805,7139.428634382371,7245.806125617805,279606,-1.030513458856186,0
2021-12-20,7001.4208984375,7108.1406868578815,6878.568466092338,7108.1406868578815,285814,-2.405506000237534,1
2021-12-21,7164.2138671875,7210.802891403829,7020.242243355742,7076.85306142114,241099,2.3251418692215697,0
2021-12-22,7213.0029296875,7259.68982384082,7149.645827643498,7157.027543503677,158971,0.6810106929311166,0
2021-12-23,7177.1689453125,7269.271389658717,7137.42407257046,7269.271389658717,210152,-0.49679703064465786,0
2021-12-24,7063.947265625,7284.133616375346,7041.5572054271715,7198.092843457086,270337,-1.577525630930654,0
2021-12-27,7083.74658203125,7132.584690098884,7012.616282345891,7058.276748159539,142927,0.2802868659934399,0
2021-12-28,7241.2109375,7251.868164789465,7113.029647949757,7113.029647949757,185895,2.2228965088640695,0
2021-12-29,7255.73046875,7293.910870209749,7209.5324407852,7220.580667091018,219901,0.20051247471342126,0
2021-12-30,7232.5087890625,7328.0333079527845,7215.789408306653,7255.730018609469,243710,-0.32004606272951763,0
2021-12-31,7422.04296875,7488.969191591403,7256.219318444456,7284.133491397082,258372,2.6205869251638703,0
2022-01-03,7551.93505859375,7577.45406389095,7401.51027824338,7430.793662654351,250533,1.750085392804257,0
2022-01-04,7480.02294921875,7599.795613159975,7442.233547057288,7576.476513310608,315188,-0.952234213046721,0
2022-01-05,7489.01806640625,7596.031469408784,7425.905394537226,7480.169746004878,400874,0.12025520842071646,0
2022-01-06,7292.4931640625,7528.519032969141,7259.7390057618395,7469.463392492933,403448,-2.624174499261911,1
2022-01-07,7389.68017578125,7411.239064152878,7273.426980564491,7298.897290443465,543512,1.3326993873328474,0
2022-01-10,7416.2744140625,7448.002139463558,7354.823608584635,7421.016529329416,213126,0.3598834814043661,0
2022-01-11,7436.95361328125,7508.426214855649,7392.858098837778,7440.278297818346,234296,0.2788354106684432,0
2022-01-12,7488.18701171875,7556.921662633731,7440.473207723612,7493.1730834689,297378,0.6889030253732553,0
2022-01-13,7437.4423828125,7547.731295530101,7385.671545490208,7509.990588575728,274893,-0.6776624145048205,0
2022-01-14,7489.99560546875,7528.567483083161,7398.430721107832,7464.036904656735,250253,0.7066034256305365,0
2022-01-17,7694.8798828125,7769.0899467767795,7333.117577211266,7465.014062879526,1216949,2.735439219672653,0
2022-01-18,7387.67529296875,7718.247927636742,7352.574666307107,7633.184896257923,565178,-3.9923246954111757,1
2022-01-19,7268.88037109375,7430.695677940071,7189.292756743209,7430.695677940071,439305,-1.608014932492552,0
2022-01-20,7299.2880859375,7391.243965495496,7230.3576981458455,7303.687897924201,249483,0.41832735292595125,0
2022-01-21,7193.83984375,7288.68024443575,7148.228550654821,7264.579145310536,207851,-1.4446373529310663,0
2022-01-24,6996.67919921875,7201.026034411137,6930.82858052998,7196.137354143376,319304,-2.740687154754262,1
2022-01-25,6940.3125,6994.625544375271,6844.152067963086,6961.480389128168,467078,-0.8056207468400745,0
2022-01-27,6942.61083984375,6991.106167941986,6795.265820230922,6981.035677186876,418032,0.0331157976495966,0
2022-01-28,6951.55615234375,7104.6205268349,6936.0589418028585,6962.359943802434,511605,0.12884652051448064,0
2022-01-31,7055.734375,7117.478311419041,7008.021046458569,7028.846633475381,250406,1.4986316786224307,0
2022-02-01,7348.90869140625,7367.730110639188,7074.11616156943,7101.492771362794,731348,4.1551212223213785,0
2022-02-02,7275.33349609375,7406.350118654771,7259.689720265568,7404.101516843531,324627,-1.0011717168093015,0
2022-02-03,7211.1455078125,7318.354167774212,7187.33754005454,7294.888503108003,167162,-0.8822686728479634,0
2022-02-04,7274.01416015625,7362.254841716721,7215.838863171784,7224.491922995211,462491,0.8718261512770553,0
2022-02-07,7303.052734375,7351.548537099176,7198.581543755408,7274.013783227632,391483,0.39920975653044977,0
2022-02-08,7256.12158203125,7332.042691374555,7192.030697049388,7309.506066224989,270604,-0.642623763660477,0
2022-02-09,7336.9794921875,7379.853310406744,7256.218882140841,7270.444749690499,253643,1.1143406190503136,0
2022-02-10,7308.087890625,7380.880528369056,7294.203848159578,7347.393069642197,284223,-0.3937805958605156,0
2022-02-11,7160.5478515625,7294.008822765867,7131.704638005728,7294.008822765867,265177,-2.0188596698702543,1
2022-02-14,6931.2685546875,7081.2531655352,6893.038980603819,7081.2531655352,266661,-3.2019798153428924,1
2022-02-15,7127.98876953125,7155.512420630468,6874.510704429895,6941.925794482635,255775,2.8381560069651535,0
2022-02-16,7019.0693359375,7157.027990080795,7007.385676416199,7122.80722783314,322839,-1.5280528226886192,0
2022-02-17,6889.07958984375,7064.143040598593,6873.484508707004,6985.924155719993,499955,-1.8519513039742308,0
2022-02-18,6762.60986328125,6907.559245647764,6746.379347918705,6892.062032388254,510600,-1.8358000501104477,0
2022-02-21,6661.755859375,6758.649119689703,6639.805494159144,6746.378723265806,424346,-1.4913473635948415,0
2022-02-22,6599.2783203125,6619.273213968698,6527.512588038955,6563.54225780973,359236,-0.9378539289244037,0
2022-02-23,6629.24658203125,6713.136149533518,6585.052718774868,6629.050843844633,506540,0.454114226801261,0
2022-02-24,6275.55029296875,6501.113718716774,6253.79566532974,6477.403618930438,610393,-5.335391958736357,1
2022-02-25,6423.9697265625,6508.446018489627,6374.838494301967,6404.170573263479,376464,2.365042532764683,0
2022-02-28,6421.67236328125,6455.013257320483,6296.766585695262,6392.43815152398,557289,-0.03576236157761814,0
2022-03-02,6256.875,6393.415737636322,6200.801744622962,6393.415737636322,686927,-2.5662686284580905,1
2022-03-03,5847.5458984375,6293.83321012812,5832.048687322942,6273.154189166748,2406110,-6.542069348716417,1
2022-03-04,5915.59619140625,6032.631386745265,5720.537850781342,5817.28502322328,1336552,1.1637410659219194,0
2022-03-07,5571.2373046875,5797.289569577534,5558.086565213626,5797.289569577534,1280108,-5.821203401594744,1
2022-03-08,5703.57421875,5744.198958290958,5503.871642200054,5505.631376023215,955847,2.3753594906315456,0
2022-03-09,5883.3798828125,5923.858058196461,5691.597059686695,5758.865106297034,813790,3.1525085352866133,0
2022-03-10,5917.7958984375,6121.800898923698,5870.864569941036,6063.918736147327,967482,0.5849701414919917,0
2022-03-11,5886.94873046875,5983.695903143481,5846.861552599755,5908.458923471625,533023,-0.521261099540371,0
2022-03-14,5901.51708984375,5932.804644298003,5823.444768637583,5915.303264007194,466938,0.2474687659431929,0
2022-03-15,5887.193359375,6034.587073126427,5839.088553375631,5960.132566272338,819263,-0.24271268303874827,0
2022-03-16,6165.505859375,6176.554563539426,5944.635374098986,5993.5221781623,888929,4.727422440725593,0
2022-03-17,6231.69873046875,6325.463524389126,6198.8467029333115,6238.298448961621,979987,1.0736000030411086,0
2022-03-21,6053.408203125,6228.178518700788,6038.546424486794,6228.178518700788,531422,-2.8610261030757367,1
2022-03-22,6073.3056640625,6087.2384035100295,5924.2009085714,6022.8543857388795,1073804,0.32869848306658067,0
2022-03-23,6095.20654296875,6171.95882298528,6057.123532811763,6171.95882298528,664235,0.3606088696612719,0
2022-03-24,6210.4326171875,6237.515618421564,6061.963307473239,6063.918779507908,642226,1.890437566084957,0
2022-03-25,6172.154296875,6248.368532353873,6144.141778280413,6242.8444193833575,321023,-0.616355134529023,0
2022-03-28,6218.35205078125,6252.572809606964,6106.00980630815,6203.734707118781,325668,0.7484866982285343,0
2022-03-29,6381.2919921875,6402.215447496001,6234.044852357132,6235.022588375381,671879,2.6203074395856785,0
2022-03-30,6494.80712890625,6520.325656620332,6396.83779058015,6396.83779058015,705385,1.7788738841244767,0
2022-03-31,6455.30615234375,6549.853413782928,6434.48056666748,6511.7217100752805,399272,-0.60819321926735,0
2022-04-01,6522.03662109375,6539.929476167714,6418.885474086067,6455.990745893176,216837,1.0337305028634836,0
2022-04-04,6593.75390625,6607.980251908902,6474.567979873594,6484.345340157305,268314,1.099614879872024,0
2022-04-05,6576.3994140625,6664.249095999283,6531.325685463447,6619.273236489898,412049,-0.26319593412562625,0
2022-04-06,6586.17626953125,6640.782920684695,6541.053848554271,6550.831208567058,297453,0.14866577975547468,0
2022-04-07,6586.6650390625,6645.182633346233,6546.920166686732,6546.920166686732,234000,0.007421142575725348,0
2022-04-08,6684.78125,6697.49181841451,6573.172777442324,6647.627280788358,309692,1.4896189552014105,0
2022-04-11,6706.046875,6764.466601740477,6648.604884271916,6682.483341619298,359038,0.31811998335771197,0
2022-04-12,6624.69873046875,6706.046553767186,6572.145422320037,6697.491364068558,385829,-1.2130566046967828,0
2022-04-13,6580.21240234375,6687.714673475757,6545.160946399954,6599.718427772129,386535,-0.671522282521253,0
2022-04-18,6491.7763671875,6540.956299493923,6423.7745385254275,6497.544914395244,240392,-1.343969309026416,0
2022-04-19,6439.07666015625,6613.6512453851765,6361.199599853563,6550.831702565795,353426,-0.8117917816396036,0
2022-04-20,6655.59521484375,6675.736671011631,6439.0758739169005,6440.346739695157,328054,3.3625714697151254,0
2022-04-21,6694.0693359375,6733.667642825029,6656.426500995034,6677.936692390729,181457,0.5780718305695931,0
2022-04-22,6593.94970703125,6658.333720592868,6560.706681750979,6648.605056054131,237385,-1.4956467267040696,0
2022-04-25,6448.2177734375,6563.59062425734,6410.672805601891,6544.96494396617,227496,-2.2100856098182464,1
2022-04-26,6511.91748046875,6545.160504378416,6467.723622424778,6531.276462252082,279555,0.9878653182845643,0
2022-04-27,6402.65625,6482.243874238735,6390.531940251958,6428.614952876046,327597,-1.677865710007198,0
2022-04-28,6469.630859375,6487.278804419934,6405.1976706327905,6451.102569941631,243308,1.046044122312506,0
2022-04-29,6482.63427734375,6645.671759451826,6375.034618796611,6470.070273945142,1139560,0.20099165240481387,0
2022-05-02,6530.29833984375,6580.162872757664,6397.2283829973385,6460.488089246296,329548,0.7352576199860961,0
2022-05-04,6376.74560546875,6559.23993751488,6356.261844953573,6530.298855936765,228457,-2.351389268666615,1
2022-05-05,6214.197265625,6449.049180719798,6198.846618523573,6413.94855165846,344367,-2.5490798896595,1
2022-05-06,6062.1591796875,6159.737045411052,6022.853999957473,6159.737045411052,499910,-2.446624711747203,1
2022-05-09,6086.01611328125,6135.196047256171,5978.856143180634,6037.520308117811,355285,0.3935385542776171,0
2022-05-10,6224.70751953125,6280.438471274895,6062.500735949254,6072.571703149023,359456,2.2788537471555514,0
2022-05-11,6199.04248046875,6293.198273934075,6071.692356149646,6228.130128825705,217452,-0.4123091564056769,0
2022-05-12,6047.7373046875,6159.736772014592,5942.288382084553,6159.736772014592,323730,-2.440783012182368,1
2022-05-13,6058.58935546875,6152.69643825581,6006.036049496755,6128.839777166361,319217,0.17943985055102196,0
2022-05-16,5878.93115234375,6056.7817224284445,5691.40156822027,6056.7817224284445,685657,-2.9653470896295775,1
2022-05-17,5971.76708984375,5989.464207032002,5847.252314014356,5878.930865122466,637179,1.5791295236207814,0
2022-05-18,6094.9619140625,6139.204468963054,5993.570497834623,6026.764826674354,371945,2.0629542707428783,0
2022-05-19,5937.400390625,6038.889207768784,5915.303459080937,5992.544611687117,259111,-2.5851108777885656,1
2022-05-20,5992.20166015625,6027.7424593523865,5929.186861200032,6027.7424593523865,374540,0.9229842342749928,0
2022-05-23,5784.5791015625,6085.428649102527,5768.642196289349,6036.5418508288885,528566,-3.464879361024975,1
2022-05-24,5737.40380859375,5824.960357880222,5703.769784123708,5815.525300526863,458962,-0.8155354458893482,0
2022-05-25,5663.24267578125,5845.883570443348,5649.60306755549,5762.776010067419,571568,-1.2925904343950467,0
2022-05-26,5743.4658203125,5785.264035202632,5579.695036824847,5691.401377203739,512954,1.4165584829045619,0
2022-05-27,5815.57373046875,5843.439206480579,5755.002794278975,5773.531082450902,290626,1.2554773095581284,0
2022-05-30,5966.78125,6019.676869687197,5832.733532179204,5866.4167325493445,330562,2.6000447512005476,0
2022-05-31,5947.17724609375,6003.299198493398,5910.462971878361,5973.967117718999,431470,-0.3285524151945385,0
2022-06-01,5842.60791015625,5963.896344853896,5817.529077765224,5944.634755094548,268629,-1.7583019911872277,0
2022-06-02,5874.09130859375,5889.832953636955,5774.508801757336,5833.172961612643,320094,0.5388586556146047,0
2022-06-03,5552.416015625,5978.85546398906,5485.098798524714,5978.85546398906,2216480,-5.476171139834706,1
2022-06-06,5457.08740234375,5607.31645656551,5450.878682711895,5553.54097180333,999722,-1.7168852804434476,0
2022-06-07,5431.51953125,5452.14938011103,5289.552064902589,5436.212473356451,1203977,-0.46852595915485296,0
2022-06-08,5408.689453125,5488.3257707408175,5377.548463359687,5457.674126427825,605175,-0.42032580373959627,0
2022-06-09,5359.8515625,5411.7694461647625,5323.773195007611,5401.992084925079,375314,-0.9029523888967717,0
2022-06-10,5388.35205078125,5412.453626267612,5288.574278150342,5334.430003271977,493489,0.5317402534176896,0
2022-06-13,5236.90087890625,5328.6615032096115,5218.17732892288,5310.084518152551,441354,-2.810714119042046,1
2022-06-14,5307.7373046875,5375.59208197541,5205.466032091139,5230.887165981892,610906,1.3526401858506176,0
2022-06-15,5332.71923828125,5351.6872230821145,5280.752660204713,5319.764234995245,286759,0.47067012098898076,0
2022-06-16,5187.13330078125,5363.859061888872,5159.560957876768,5357.992646582395,732233,-2.7300506738645147,1
2022-06-17,5062.0322265625,5184.885132636829,5042.233073248048,5182.000620572643,819352,-2.4117574576290157,1
2022-06-20,5214.56005859375,5228.395407152586,5046.878307557961,5063.695560433516,506142,3.0131738638659034,0
2022-06-21,5298.25341796875,5312.039590798518,5144.895433692915,5235.776184194011,292408,1.6049936798996356,0
2022-06-22,5289.5029296875,5307.150873074769,5201.555387759353,5279.774265770772,214821,-0.1651579792611102,0
2022-06-23,5289.8447265625,5376.472228970734,5238.758022139314,5307.150844192402,296712,0.006461795740420051,0
2022-06-24,5346.5537109375,5387.325494116569,5314.191030459961,5328.661332656135,265862,1.072034951994727,0
2022-06-27,5436.45703125,5457.722790960388,5365.864295408219,5387.3257932984125,226613,1.681519071408255,0
2022-06-28,5448.6787109375,5460.65597785401,5357.993689998206,5436.212575983581,278114,0.22480964380380275,0
2022-06-29,5493.21435546875,5522.253307629105,5398.178696181586,5418.613284504338,490615,0.817365950424831,0
2022-06-30,5482.45947265625,5523.231259214107,5411.769343202351,5503.676537106781,572821,-0.19578487414737555,0
2022-07-01,5564.98046875,5572.851052991257,5362.882236178262,5475.321881968691,329610,1.5051820538815264,0
2022-07-04,5581.94384765625,5617.093649884615,5506.7073444838015,5553.442937064459,165959,0.30482369168243206,0
2022-07-05,5602.37890625,5634.692891943698,5573.437823504119,5583.361748992624,307970,0.3660921562715247,0
2022-07-06,5698.29443359375,5714.769381629179,5600.716566111024,5621.982325341663,371948,1.7120499871357664,0
2022-07-07,5708.85400390625,5741.217161355766,5642.758954073707,5724.6443450035185,261593,0.18531106869885683,0
2022-07-08,5709.0986328125,5826.280393225614,5676.3444753223785,5720.733596259792,410980,0.004285079038335304,0
2022-07-11,5723.9111328125,5738.332739202556,5651.900969946899,5690.423673906777,189671,0.25945426682361106,0
2022-07-12,5650.18994140625,5706.605023780904,5602.42744095205,5693.454760649204,171919,-1.2879513622012895,0
2022-07-13,5669.8427734375,5753.976771287233,5641.879426356682,5653.269956088832,263686,0.3478260418685819,0
2022-07-14,5607.36474609375,5721.662468261645,5555.740475426853,5670.868891279994,285686,-1.1019358003444446,0
2022-07-15,5677.76171875,5702.1564232187475,5574.073005619012,5592.649989851035,255753,1.2554377295554087,0
2022-07-18,5849.2080078125,5857.616633263834,5682.015144469466,5702.156602436101,512929,3.019610500671832,0
2022-07-19,5950.35498046875,5960.230209964664,5849.4524300757375,5861.429696577719,555572,1.7292421900734656,0
2022-07-20,5953.43505859375,6008.1882796943,5941.702225500775,5974.945252597538,371187,0.05176293070094928,0
2022-07-21,5994.20654296875,6012.245486495483,5901.614748837856,5988.633256565916,328612,0.6848396593517325,0
2022-07-22,6314.90380859375,6350.395435072815,5963.260667893649,5994.499524623778,1441549,5.35012037583491,0
2022-07-25,6240.791015625,6303.268250510002,6120.676052606347,6207.64586072452,919050,-1.173617132028082,0
2022-07-26,6257.16845703125,6318.17909146051,6166.777045075127,6247.244531542138,549442,0.26242573041215245,0
2022-07-27,6389.84765625,6405.149130588401,6224.17008470613,6248.026749838707,424070,2.120435147780886,0
2022-07-28,6327.17431640625,6413.9483895113,6301.508745487855,6413.9483895113,462464,-0.9808268242897489,0
2022-07-29,6399.08642578125,6430.814150163201,6345.506683577357,6394.1003540751335,360851,1.1365596359267816,0
2022-08-01,6509.423828125,6515.632547057481,6413.996701341529,6441.275917012577,414339,1.7242680439384594,0
2022-08-02,6540.54736328125,6582.536547059425,6485.185020594101,6517.488123133201,274658,0.478130414888267,0
2022-08-03,6492.7568359375,6583.519731436816,6405.582587113113,6554.019269608122,266360,-0.7306808542056675,0
2022-08-04,6478.35009765625,6574.030212583066,6440.933872336022,6537.302043250364,275815,-0.22188938605414155,0
2022-08-05,6662.384765625,6685.78827424524,6478.350659556308,6478.350659556308,741250,2.8407644723512204,0
2022-08-08,6566.6552734375,6662.384366303546,6536.318869730029,6642.520530318391,313912,-1.436865260040554,0
2022-08-10,6485.82373046875,6629.83533905217,6470.97506912963,6612.3808996989055,271291,-1.230939338261261,0
2022-08-11,6487.25,6544.136820036858,6464.141304854665,6519.700508076428,303393,0.02199056882397077,0
2022-08-12,6450.0791015625,6500.082480272313,6406.516945093612,6485.184843114715,269932,-0.5729839059308683,0
2022-08-16,6545.1689453125,6567.785965405978,6450.816445514416,6482.333059430767,270299,1.4742430635767745,0
2022-08-17,6499.78759765625,6611.790920226405,6484.250399874105,6598.2698753997665,341063,-0.6933563982141511,0
2022-08-18,6592.32080078125,6598.5157056168055,6499.050079263564,6499.050079263564,300992,1.423634260885187,0
2022-08-19,6536.85986328125,6669.956214095568,6496.00191432728,6613.020416871172,641293,-0.8412960955029303,0
2022-08-22,6359.80810546875,6555.838776810104,6337.731733745859,6544.185997973642,345960,-2.7085138968181433,1
2022-08-23,6387.2431640625,6470.4345615989205,6298.446966926386,6337.68248472721,379309,0.43138186150866176,0
2022-08-24,6399.97802734375,6424.90601455351,6344.664659341663,6344.664659341663,223101,0.19937965338319152,0
2022-08-25,6367.23193359375,6496.001640461562,6347.12274037214,6421.2671377859515,470687,-0.5116594714871359,0
2022-08-26,6408.630859375,6460.600933999034,6363.249413075761,6399.09266511235,415698,0.6501871804422299,0
2022-08-29,6397.96142578125,6470.434416703402,6295.398348895924,6295.398348895924,366457,-0.16648538241428312,0
2022-08-30,6566.6552734375,6578.602864223543,6416.350327213546,6429.969802865442,467147,2.6366812243737714,0
2022-09-01,6522.060546875,6647.437511779118,6495.018456405484,6518.618826269789,386222,-0.6791086893641052,0
2022-09-02,6467.97607421875,6555.64151479318,6436.017241468905,6529.435367968454,268505,-0.8292543785439754,0
2022-09-05,6413.3515625,6509.621308950403,6388.226713884744,6465.518021548925,385312,-0.8445379372456596,0
2022-09-06,6387.341796875,6446.834396168501,6348.54849668034,6431.1008161900545,341220,-0.40555652331744074,0
2022-09-07,6658.05712890625,6684.804405377584,6323.91543556682,6352.432547622711,918604,4.238309779565852,0
2022-09-08,6804.4287109375,6823.456604242772,6667.104161516932,6730.038478085824,879685,2.1984128282073634,0
2022-09-09,6670.693359375,6911.958060637382,6651.518059590901,6814.606538656574,567059,-1.9654163081690101,0
2022-09-12,6755.21240234375,6785.106107133437,6627.770313344836,6670.693388557641,488043,1.2670203592849427,0
2022-09-13,6781.4677734375,6853.547524699652,6740.855662237349,6784.123007115313,412295,0.3886683279513248,0
2022-09-14,6761.259765625,6848.433531096895,6647.535585482433,6676.937615328328,543948,-0.29798870226374063,0
2022-09-15,6676.98681640625,6809.6899188711195,6645.6180881169785,6793.956339275172,437578,-1.246408985011982,0
2022-09-16,6373.47607421875,6705.2088493048805,6343.582370209464,6676.986549970522,831639,-4.545624404135918,1
2022-09-19,6352.28515625,6403.517719231771,6140.619349890359,6288.514897421142,808807,-0.33248603622235695,0
2022-09-20,6376.67236328125,6454.062101816352,6350.417239797661,6384.58860879384,373825,0.3839123469961958,0
2022-09-21,6208.61767578125,6424.167896672462,6191.703886568171,6391.766365880519,616165,-2.6354605964657662,1
2022-09-22,6135.505859375,6258.867147390928,6126.262477509707,6195.096887369367,492098,-1.1775860622155299,0
2022-09-23,6037.71240234375,6179.314623580212,6025.1252501433855,6155.76322875176,570526,-1.5938939554889786,0
2022-09-26,6074.24365234375,6136.096192614148,5905.009236642301,6018.045367379045,497458,0.6050511777576428,0
2022-09-27,6089.7314453125,6169.481125528737,6025.961182396187,6104.629082949662,467962,0.25497483892951145,0
2022-09-28,6070.16259765625,6173.11891926877,6010.276277232792,6047.594552752756,378895,-0.3213417181362366,0
2022-09-29,6073.0634765625,6158.565842822019,6042.6780960802225,6114.462555154894,407574,0.047789146659260595,0
2022-09-30,6150.94482421875,6219.680805389665,6069.228447567591,6069.425309376679,442887,1.2824062840247619,0
2022-10-03,6138.60302734375,6249.475589515908,6125.475706763673,6181.7229624093625,337932,-0.20064879831802607,0
2022-10-04,6202.52099609375,6275.584093718775,6175.57733732918,6243.182561494758,307268,1.041246167332921,0
2022-10-06,6182.55908203125,6260.833734175704,6153.304458357874,6234.430725687403,495617,-0.32183549358513197,0
2022-10-07,6100.20361328125,6202.177064743051,6031.270773914114,6195.096762097505,454883,-1.3320611684788375,0
2022-10-10,6047.49658203125,6070.4578721349235,6018.094549461909,6053.691967452042,282642,-0.8640208522752824,0
2022-10-11,5975.564453125,6101.67892897365,5959.683467011247,6077.734291135198,276525,-1.1894529898533568,0
2022-10-12,6074.83349609375,6086.928493123183,5956.929602065978,5983.6768789425805,223353,1.6612496400542742,0
2022-10-13,6078.81591796875,6112.495611452056,5999.410509245335,6069.228267999049,314360,0.06555606631128974,0
2022-10-14,6088.8955078125,6155.7632233375725,6066.278486384902,6155.7632233375725,249291,0.1658150202238362,0
2022-10-17,6167.0712890625,6177.199588475915,5980.923574717699,6067.261397355597,453912,1.2839074204787249,0
2022-10-18,6241.068359375,6336.699020413991,6185.50915784592,6200.013551165458,558284,1.1998737625059652,0
2022-10-19,6291.8583984375,6338.665893870103,6146.027974292255,6242.3961495326,919146,0.8138036012088623,0
2022-10-20,6197.3583984375,6306.215292966435,6172.4798680727135,6234.430836957305,476962,-1.5019409849316934,0
2022-10-21,6256.94970703125,6314.082365817043,6210.43750290667,6210.43750290667,307899,0.9615598253729152,0
2022-10-24,6288.1220703125,6336.6994029768,6264.275862906822,6332.766007940812,56532,0.4982038331907912,0
2022-10-25,6308.87060546875,6366.1996440616485,6280.845166813242,6313.098812924897,313500,0.3299639371539653,0
2022-10-27,6329.61865234375,6366.199415652461,6265.8978493261475,6366.199415652461,248556,0.32887101626422055,0
2022-10-28,6338.51806640625,6362.265840553754,6299.823200542137,6334.7320780289465,151834,0.14059952978691115,0
2022-10-31,6603.13720703125,6618.821329902751,6347.269696331893,6370.230983331376,538107,4.17477930728738,0
2022-11-01,6707.3232421875,6735.9387861999,6606.333615921345,6631.654845665089,429855,1.5778262951330113,0
2022-11-02,6667.005859375,6760.522418237791,6613.069086306257,6711.403957844261,255634,-0.6010949727144999,0
2022-11-03,6616.21630859375,6671.038002080779,6558.985218579273,6617.986144305223,217701,-0.7618045019389119,0
2022-11-04,6778.27197265625,6844.107364146092,6623.640380269472,6646.454263543597,646411,2.4493707053079072,0
2022-11-07,6857.38232421875,6901.141342420189,6753.639033876013,6809.6899111227995,353341,1.1671168091459627,0
2022-11-09,6788.54833984375,6942.442424755106,6743.805970109139,6883.4414976325415,312745,-1.0037938840290916,0
2022-11-10,6688.04931640625,6780.189281589815,6676.93766816459,6780.189281589815,330402,-1.4804199426208031,0
2022-11-11,6699.751953125,6812.443336722646,6674.430722594938,6726.0565324135105,293195,0.17497832574353556,0
2022-11-14,6740.265625,6782.648052463451,6705.848418499642,6731.022242712913,484476,0.6047040570823281,0
2022-11-15,6848.58154296875,6883.441449225493,6752.705037068823,6765.439595810199,625270,1.6069977652957812,0
2022-11-16,6796.90673828125,6917.85863770379,6754.425879106685,6870.608921087243,307352,-0.754532954937992,0
2022-11-17,6757.4248046875,6843.71365240459,6736.036970637965,6817.556481169036,196795,-0.5808809082428867,0
2022-11-18,6700.98046875,6823.554783198968,6649.403639468461,6785.105754559653,296995,-0.8352935854845978,0
2022-11-21,6642.37353515625,6761.358736327891,6628.311359654596,6696.408261978036,249498,-0.8746023640430423,0
2022-11-22,6729.1044921875,6801.82332453249,6628.311245004534,6642.619257451205,393509,1.3057223682499508,0
2022-11-23,6710.42041015625,6789.531004023139,6688.098683069435,6762.6857769495555,258946,-0.27766075044520777,0
2022-11-24,6745.96923828125,6775.272838760144,6717.25526292751,6730.923714424031,297230,0.5297556032584305,0
2022-11-25,6759.5390625,6827.390123790733,6735.938693355397,6789.039523930754,377893,0.2011545522879965,0
2022-11-28,6777.5341796875,6809.591443937108,6748.722254299019,6759.5390902012905,239438,0.2662181107485839,0
2022-11-29,6813.52490234375,6888.357836541033,6780.189476509696,6785.106220147484,336266,0.5310297477232329,0
2022-11-30,6959.1591796875,6976.859457380643,6790.072168219641,6832.307189553307,489956,2.1374292958649566,0
2022-12-01,7152.87890625,7177.462625339394,6917.9075271332695,6981.77622138782,1086727,2.7836656923717396,0
2022-12-02,7116.5439453125,7177.462593001859,7039.793766721511,7153.862222782371,442739,-0.5079767379502442,0
2022-12-05,7078.734375,7163.69561057641,7038.318645532006,7139.1118919402525,235887,-0.5312911801437559,0
2022-12-06,7121.46044921875,7152.583820517905,7021.109903788624,7065.409571835564,312838,0.6035835215069785,0
2022-12-07,7042.9404296875,7173.430517394033,7027.009988283487,7134.194999299845,324940,-1.1025831020358146,0
2022-12-08,7059.50927734375,7099.3843551325945,7034.876584522537,7079.127275926439,262827,0.23525468973737418,0
2022-12-09,6959.5517578125,7102.82585061386,6922.774613707324,7081.290610842841,211582,-1.4159273060529332,0
2022-12-12,7027.84619140625,7044.661551256258,6854.088273207442,6970.959369529394,260579,0.9813050605893547,0
2022-12-13,7104.98974609375,7122.395211555208,7036.057380755577,7060.395263053794,285708,1.0976841636322732,0
2022-12-14,7077.70166015625,7157.746633167582,7055.527337726557,7125.246668629479,226179,-0.3840693218804758,0
2022-12-15,6995.4443359375,7097.368334338458,6969.975700218824,7077.701360015042,241610,-1.1622038928514877,0
2022-12-16,6897.306640625,7045.4970108186335,6876.705292021552,6989.69196863136,285180,-1.4028800830897858,0
2022-12-19,6958.17529296875,6995.935786431256,6893.274279778256,6925.527924576271,251219,0.8824988581083826,0
2022-12-20,6979.8095703125,7006.408962483942,6888.948239983556,6971.942780151539,488123,0.31091883191864955,0
2022-12-21,6834.9619140625,7034.187974023472,6810.673009421685,7011.767816009432,388167,-2.075237938669361,1
2022-12-22,6895.63427734375,6973.908929320585,6745.772032591542,6864.757224420052,338708,0.8876766841439121,0
2022-12-23,6794.349609375,6868.690869287488,6760.620940044238,6854.875011710923,289661,-1.4688230827660131,0
2022-12-26,6956.20849609375,6986.593873986323,6750.0495433246215,6795.922662779743,328414,2.3822572582284263,0
2022-12-27,6988.85595703125,7046.627692200099,6923.758082108359,6981.77565444814,295144,0.4693283842172491,0
2022-12-28,6936.3447265625,7038.318176733479,6909.302637863909,6988.068963157952,260015,-0.7513565995865168,0
2022-12-29,6865.9375,6918.251362862325,6790.0227881360715,6912.990351275838,449116,-1.0150479732196405,0
2022-12-30,6843.17236328125,6935.607138171803,6834.519087053911,6883.44068333907,232317,-0.3315663260661794,0
2023-01-02,6901.09228515625,6922.7259568193585,6834.371979019653,6863.67557857575,212580,0.8463899314561152,0
2023-01-03,6877.1474609375,6921.791395216036,6844.155824458161,6912.8922816751465,188315,-0.346971511600469,0
2023-01-04,6888.70166015625,6944.408265947964,6867.559663877875,6883.440648773117,319221,0.16800860072259116,0
2023-01-05,6890.32421875,6924.938284436663,6829.3566004308195,6898.1420328367,236570,0.023553910066032024,0
2023-01-06,6865.9375,6912.842945000667,6835.256828433574,6890.324355752274,160184,-0.3539270138208983,0
2023-01-09,6917.7109375,6946.375457066322,6886.292753387992,6922.775087450016,298470,0.7540621728642227,0
2023-01-10,6805.06787109375,6932.559415191207,6774.436654873381,6932.559415191207,263888,-1.6283286107782624,0
2023-01-11,6905.02587890625,6915.8916904261005,6806.739980254439,6832.307047501855,295408,1.4688759863380252,0
2023-01-12,7034.2373046875,7047.610942629858,6907.975431487618,6907.975431487618,566492,1.8712663507311378,0
2023-01-13,7128.19677734375,7137.145347148918,7019.143495170704,7055.527399530653,462134,1.335744993897725,0
2023-01-16,7163.54833984375,7212.617347139856,7129.524376577354,7148.945514667406,440500,0.49593976715627264,0
2023-01-17,7254.802734375,7265.963838602218,7141.9144911028425,7158.778825960772,385734,1.2738714140266394,0
2023-01-18,7162.17138671875,7260.063559187386,7148.945154448367,7250.23007204234,447736,-1.276827931066138,0
2023-01-19,7092.25537109375,7139.111842459355,7066.39301117731,7139.111842459355,412001,-0.9761846212539615,0
2023-01-20,7057.64111328125,7144.028393672601,7030.943291776889,7092.255180008755,353292,-0.48805712712459703,0
2023-01-23,6735.69287109375,7065.311552936976,6716.271733942161,7006.3596053203355,998103,-4.561697556165745,1
2023-01-24,6696.3095703125,6782.794796975627,6669.6607255635245,6767.405486457809,444188,-0.5846956138731207,0
2023-01-25,6593.45166015625,6717.1077628525345,6560.902721189743,6692.622475525725,509299,-1.53603875502204,0
2023-01-27,6603.7763671875,6685.787549526308,6494.13299143045,6621.869886528924,635582,0.15659031965975512,0
2023-01-30,6773.01123046875,6788.990647309515,6531.94290551655,6634.653872285642,699269,2.562698278550668,0
2023-01-31,6967.56640625,6980.792638737263,6777.780101238549,6809.689959607767,593220,2.8725063219448677,0
2023-02-01,7022.48681640625,7118.461752475302,6865.347874878277,6967.026041758188,648015,0.7882294470417328,0
2023-02-02,7048.29931640625,7188.279101924629,6888.406719422211,6981.775871910379,647192,0.3675692197768976,0
2023-02-03,7069.49072265625,7104.694414337587,7012.259635798107,7065.311490647816,364197,0.300659851386742,0
2023-02-06,7008.57177734375,7087.73134492959,6994.362197064639,7037.137864020962,314446,-0.8617161787519922,0
2023-02-07,6954.04541015625,7085.027654058407,6934.722703493513,7035.811241804256,295067,-0.7779954164665148,0
2023-02-08,7129.62255859375,7172.299797433678,6995.54286326556,6995.54286326556,559696,2.5248202748442417,0
2023-02-09,7060.1982421875,7129.27849240703,7040.777104225425,7129.27849240703,334529,-0.9737446244271197,0
2023-02-10,7086.06005859375,7106.562976034541,7028.042482419759,7055.527272006554,407822,0.3663043942833788,0
2023-02-13,7059.70654296875,7129.278467322274,7035.8603356815,7094.861260928305,323236,-0.3719064671635075,0
2023-02-14,7020.3232421875,7109.512681327918,7006.900148290715,7095.008287980011,328419,-0.5578603096537238,0
2023-02-15,7032.7626953125,7057.493819787807,6930.2975658101095,7019.1432194016115,404971,0.17719202800017264,0
2023-02-16,7052.33154296875,7074.014191292235,6989.64305886595,7067.966692385413,264069,0.27825263703684655,0
2023-02-17,7176.33154296875,7270.191890080493,7056.510405562104,7056.510405562104,1063293,1.7582837568609344,0
2023-02-20,7303.18359375,7367.248667324253,7179.429060348954,7179.429060348954,713498,1.7676447920739857,0
2023-02-21,7218.3203125,7360.3652283049405,7199.096036929923,7320.834417383205,399493,-1.1620039419880546,0
2023-02-22,7085.765625,7209.766004874656,7072.244578982063,7204.996667158172,402548,-1.8363647186791399,0
2023-02-23,7057.44482421875,7145.011836123049,7023.1750251210415,7121.214604916841,286748,-0.39968582479398274,0
2023-02-24,7096.53271484375,7121.214382952282,7046.578313078447,7092.746726340213,206602,0.5538532939125984,0
2023-02-27,7066.98291015625,7114.527916311297,7017.61909300843,7099.777685662414,295092,-0.41639778008337736,0
2023-02-28,7140.3896484375,7162.662880379722,7042.940177409096,7062.459264779002,429256,1.0387281137436144,0
2023-03-01,7153.02587890625,7221.71288190825,7099.777642616771,7106.661083544515,317216,0.17696836014424733,0
2023-03-02,7167.82568359375,7207.946119319021,7132.0808615830765,7153.025997263775,180178,0.20690271415266803,0
2023-03-03,7095.79541015625,7227.613114420867,7068.556458467455,7207.946139959858,408754,-1.004911065323033,0
2023-03-06,7080.701171875,7134.686922727591,7071.260927756062,7123.378411996234,154817,-0.212720877770034,0
2023-03-08,7146.2412109375,7162.171652764522,7067.6222862321865,7094.812263318828,237790,0.9256150975955446,0
2023-03-09,7122.34521484375,7179.674248420575,7087.092070115664,7145.994557544574,158808,-0.3343855236397131,0
2023-03-10,7106.0712890625,7122.345998915281,7017.569901835342,7080.110978172685,154319,-0.22849111199122474,0
2023-03-13,6957.78271484375,7137.145436054762,6937.328772155611,7104.694926356525,176576,-2.086787033040216,1
2023-03-14,6946.32666015625,6996.526422257045,6874.591176106676,6962.109215682344,210976,-0.16465094063744523,0
2023-03-15,6982.51318359375,7068.310356465426,6964.272257524875,7007.34273792051,265536,0.5209447411257617,0
2023-03-16,6986.2998046875,7030.746881238441,6958.224909063586,7016.783616720321,459814,0.05423006006843867,0
2023-03-17,7168.5634765625,7187.197647452052,7039.941170815833,7039.941170815833,383505,2.6088727505325426,0
2023-03-20,7122.59130859375,7163.104985877901,6979.808889048281,7153.861604371125,520041,-0.6413023769553772,0
2023-03-21,7230.3173828125,7237.446661113189,7116.593198087522,7122.394859571036,350524,1.5124562052124757,0
2023-03-22,7273.486328125,7325.063161360283,7230.5632518522325,7237.446693000466,381601,0.5970546385020148,0
2023-03-23,7284.5986328125,7340.698487464837,7235.922869231856,7248.263704099573,232908,0.1527782439699088,0
2023-03-24,7282.33642578125,7307.461273921428,7205.536793943512,7280.713996407014,228994,-0.031054655792017716,0
2023-03-27,7326.14501953125,7358.841365335847,7269.356629449581,7283.664161643622,251626,0.6015733301596216,0
2023-03-28,7279.8291015625,7386.817251656423,7245.65773308953,7359.381918034893,249783,-0.6322003979620017,0
2023-03-29,7444.6875,7473.450450747944,7276.7807020440505,7296.250815105434,445346,2.264591601499477,0
2023-03-31,7495.2314453125,7517.012523706986,7421.38185947241,7448.965079509182,378456,0.6789263526843836,0
2023-04-03,7513.27587890625,7608.169030180964,7453.881712376889,7543.169583899432,360584,0.24074551567097036,0
2023-04-05,7563.86962890625,7571.441126210098,7448.866800240257,7448.866800240257,233489,0.6733913517277257,0
2023-04-06,7573.6044921875,7601.285662833777,7541.1539841831645,7561.951713737612,227682,0.12870215589182443,0
2023-04-10,7568.09716796875,7642.5858293913425,7540.317568164284,7573.604016526504,226983,-0.07271734646866479,0
2023-04-11,7612.54541015625,7664.171219784942,7586.535643530634,7586.535643530634,354799,0.5873106700535313,0
2023-04-12,7554.92041015625,7664.219518576944,7547.20102708212,7620.9521771839,264416,-0.7569741380211603,0
2023-04-13,7527.7802734375,7619.969215749608,7501.426719855509,7576.750847533396,292568,-0.3592378906105309,0
2023-04-17,7613.52880859375,7693.720708013313,7517.750255127473,7527.780604552519,488286,1.1390945543246156,0
2023-04-18,7468.828125,7649.469471701184,7443.949595163642,7649.469471701184,437232,-1.900573140675843,0
2023-04-19,7390.75048828125,7506.884067195308,7353.97334248364,7478.366954548115,341302,-1.0453800169454297,0
2023-04-20,7351.31787109375,7473.449969230142,7321.6210290432955,7446.506311423852,263429,-0.5335400951503422,0
2023-04-21,7235.9716796875,7392.275153460966,7217.042216504245,7375.164501320176,388408,-1.5690546025741159,0
2023-04-24,7316.6552734375,7333.814901006323,7186.8532397913705,7227.613237114036,513771,1.1150346811954925,0
2023-04-25,7315.328125,7382.4416763796025,7301.659193418938,7331.749760836866,285446,-0.01813873126315091,0
2023-04-26,7332.73291015625,7355.448361420195,7178.445593364629,7339.7147820374785,230254,0.23792213908724325,0
2023-04-27,7376.00048828125,7382.9823603847535,7313.066168746804,7334.798271991193,205177,0.5900607407242742,0
2023-04-28,7430.37939453125,7452.799552093305,7365.28152067276,7386.915191360985,457487,0.7372410879906477,0
2023-05-02,7332.4384765625,7455.750315317472,7316.114791079133,7419.858085495645,544731,-1.3181146314121484,0
2023-05-03,7382.19580078125,7416.416144630943,7310.657180452173,7398.715867436119,384431,0.678591772406878,0
2023-05-04,7377.328125,7403.632703938818,7360.414334519224,7389.571008940237,232203,-0.0659380476027871,0
2023-05-05,7501.7705078125,7541.202887434419,7380.523802943487,7394.782359354476,319654,1.6868218507293253,0
2023-05-08,7606.64501953125,7624.885946158242,7493.117218174595,7502.950705337554,295156,1.3979968010155996,0
2023-05-09,7587.7646484375,7692.737125511299,7559.493372410599,7629.753831327319,289797,-0.2482089153006628,0
2023-05-10,7614.26611328125,7645.536410979038,7593.418928048892,7630.786179961072,234884,0.34926577288092453,0
2023-05-11,7704.97998046875,7724.990742956722,7621.051070529934,7660.286588734768,320219,1.1913671762702416,0
2023-05-12,7574.68603515625,7788.1216777104855,7563.721313067676,7709.404806601495,246799,-1.6910354815039108,0
2023-05-15,7631.72021484375,7645.536071890862,7588.010173472134,7600.203601209377,183594,0.7529576727377085,0
2023-05-16,7570.5068359375,7675.380878861917,7557.0347666744165,7640.61940625377,250490,-0.8020914968448367,0
2023-05-17,7572.22802734375,7630.737277608263,7525.56793738343,7588.502256995679,205629,0.022735484473512813,0
2023-05-18,7477.53076171875,7638.505132538466,7460.174753563776,7615.838657396079,157714,-1.250586555014488,0
2023-05-19,7553.396484375,7561.115868014021,7458.7986236790375,7509.834327254031,138709,1.0145825550413656,0
2023-05-22,7587.17431640625,7609.152255925663,7522.617570151372,7527.5343136612755,139603,0.44718732958244356,0
2023-05-23,7526.79736328125,7623.312949546037,7498.329224176229,7547.201850368566,149291,-0.7957765382356263,0
2023-05-24,7526.3544921875,7556.002841205292,7463.666009195941,7522.61795898713,160565,-0.005883924760752279,0
2023-05-25,7494.83837890625,7540.416689764008,7467.845263501442,7517.012701287424,257361,-0.41874340776751895,0
2023-05-26,7593.27099609375,7620.952165024308,7506.785288818768,7542.2842717079275,252078,1.3133387567706878,0
2023-05-29,7709.99462890625,7726.859443606278,7606.20236337709,7620.952594204583,210769,1.5371983019247804,0
2023-05-30,7770.373046875,7837.289738972418,7710.044503481488,7734.038117568139,414785,0.783118807143901,0
2023-05-31,7739.00341796875,7795.448018735448,7650.305651329605,7763.538160644383,1137662,-0.4037081452462066,0
2023-06-01,7712.20703125,7767.274558728117,7679.75652398611,7739.9376567903455,184642,-0.34625112913806433,0
2023-06-02,7719.92626953125,7815.114710473532,7696.129519408724,7730.1040244665255,248325,0.10009117040001847,0
2023-06-05,7750.75439453125,7793.038388310093,7734.037466758218,7765.504624919218,186015,0.3993318578918492,0
2023-06-06,7974.51513671875,7984.791322537724,7756.654427608075,7756.654427608075,635244,2.886954363376293,0
2023-06-07,8021.765625,8035.827319654456,7947.9650153751345,7999.640278770494,298650,0.5925186355679957,0
2023-06-08,7965.27197265625,8077.1773441607675,7951.357684413031,8033.958976212523,349085,-0.7042545866422056,0
2023-06-09,8017.48828125,8080.865300922185,7973.188611651419,8022.159187862203,325814,0.6555496004782002,0
2023-06-12,8062.08203125,8068.375846865997,7967.43520180159,8024.616830999387,195134,0.556205989153602,0
2023-06-13,8138.4892578125,8179.789906277957,8075.014286576493,8075.751798156233,249199,0.9477356626530486,0
2023-06-14,8219.1240234375,8227.630374616501,8138.93212143875,8170.596144629678,289643,0.9907829705322113,0
2023-06-15,8194.44140625,8287.66266898561,8170.644176151095,8240.46193238009,406197,-0.3003071509459554,0
2023-06-16,8194.4912109375,8291.744789281465,8167.547070277756,8225.663559285778,356982,0.000607786242290409,0
2023-06-19,8130.9169921875,8275.469256696279,8115.479185239668,8218.828753499154,187488,-0.7758165469156308,0
2023-06-20,8106.18603515625,8153.337797393647,8035.23704231245,8130.327053687154,343189,-0.30415950691677907,0
2023-06-21,8104.3173828125,8213.568000862739,8090.0098511176275,8114.98729251528,373929,-0.023052176888682663,0
2023-06-22,8026.82958984375,8141.143876060936,8010.063686592189,8139.177178663652,226654,-0.9561297924126855,0
2023-06-23,7945.65478515625,8029.091542718299,7925.790948287584,8027.2727316460605,198255,-1.0112934849172528,0
2023-06-26,8031.107421875,8132.2939090664895,7925.790678001923,7925.790678001923,241856,1.0754637475364426,0
2023-06-27,8071.81787109375,8092.074470361665,8032.631329042639,8048.660201076411,236562,0.5069095341429852,0
2023-06-28,8123.10009765625,8180.281250315346,8045.759335663501,8064.540912348472,282115,0.6353243765093941,0
2023-06-30,8156.6318359375,8180.478042516539,8099.54863451684,8161.7944167432715,225746,0.4127948428325423,0
2023-07-03,8322.8671875,8357.481256513984,8224.040635402147,8243.412798371188,373703,2.0380391674671428,0
2023-07-04,8271.634765625,8356.497569593877,8244.395813541429,8356.497569593877,206677,-0.6155621701130265,0
2023-07-05,8237.708984375,8311.263275634328,8203.832429341965,8289.580628694654,195350,-0.41014602568029135,0
2023-07-06,8270.1591796875,8338.747749446482,8240.461857781745,8274.879061245036,275687,0.3939225745173802,0
2023-07-07,8197.63671875,8306.739439181012,8186.966810141751,8277.779630532019,354695,-0.8769173526384288,0
2023-07-10,8212.2900390625,8294.00690472559,8197.19601832694,8210.96290223488,173234,0.17875054500748888,0
2023-07-11,8187.26318359375,8302.707742792618,8166.759787373123,8255.507006010443,300378,-0.3047488014878641,0
2023-07-12,8083.61865234375,8233.923129364273,8016.7509352511925,8224.729202384664,508967,-1.2659240203452882,0
2023-07-13,8096.89306640625,8210.96151378336,8069.8509775884,8130.326921671955,272841,0.16421375912694103,0
2023-07-14,8046.2998046875,8160.810954165871,8012.325298776181,8160.810954165871,249245,-0.6248478435347038,0
2023-07-17,8113.60986328125,8122.4600012971905,8053.576619133401,8070.342521869981,202735,0.8365343105229295,0
2023-07-18,8039.85888671875,8113.610038443787,8021.175261615073,8088.04297251244,280527,-0.9089785903592107,0
2023-07-19,8190.50830078125,8217.697316542703,8027.813063988221,8030.025598594741,150429,1.8737818186257194,0
2023-07-20,8087.2080078125,8210.913088523297,8029.042545119473,8210.913088523297,307197,-1.2612195626356515,0
2023-07-21,7984.00537109375,8175.069841350695,7937.591117986746,8106.727103156929,656733,-1.2761219523357514,0
2023-07-24,8082.97900390625,8106.875147261262,7953.71809616514,8063.459914940087,482809,1.2396488756237112,0
2023-07-25,8253.541015625,8274.879875933404,8107.415772940656,8107.415772940656,583167,2.110138002787365,0
2023-07-26,8213.2724609375,8317.75326451822,8201.128488124248,8275.765041579218,191345,-0.48789428211801766,0
2023-07-27,8187.48974609375,8288.792852822291,8154.643966338359,8250.464737354087,216816,-0.31391525078917626,0
2023-07-28,8205.765625,8240.24173487326,8125.009452026966,8194.158468639962,204996,0.22321712115693781,0
2023-07-31,8217.02734375,8307.760345235252,8200.628569723933,8227.745055346542,240038,0.1372415355818779,0
2023-08-01,8181.11767578125,8266.269932314635,8170.053641633573,8245.525230046638,217562,-0.43701531547248873,0
2023-08-02,8186.947265625,8213.91518870031,8113.550717911215,8167.486564061836,134414,0.07125664334357573,0
2023-08-03,8037.23876953125,8184.377695734788,7981.771481263542,8184.377695734788,390602,-1.8286241652287094,0
2023-08-04,8058.9716796875,8131.775423045473,8049.686051489084,8078.580460693693,248048,0.2704026940028026,0
2023-08-07,8076.0615234375,8149.705028667549,8060.799155627539,8088.754920545361,195297,0.21205985613617084,0
2023-08-08,8057.6875,8129.898921821125,8038.07871942372,8076.061476791188,166007,-0.22751217761500797,0
2023-08-09,8012.64208984375,8074.580043180456,7987.699052362652,8060.799439435968,222338,-0.5590364500515865,0
2023-08-10,8003.7021484375,8105.252220985981,7977.82046760302,8035.115364472878,296178,-0.11157295316587268,0
2023-08-11,8034.078125,8055.859870768278,7946.950177236432,8026.224580011313,293096,0.37952407522348075,0
2023-08-14,7956.38427734375,8043.561428617278,7921.562808988035,8030.966429424785,544313,-0.9670536737063418,0
2023-08-16,8151.58251953125,8164.5228777201655,7890.544509002395,7907.634483319954,282782,2.4533536262613342,0
2023-08-17,8107.5732421875,8133.010200636041,8050.970028558549,8125.1074562636795,248724,-0.5398863010747101,0
2023-08-18,8114.98193359375,8146.149152959802,8066.5284258836255,8100.3128504663455,265260,0.09137988871563696,0
2023-08-21,8119.3779296875,8178.303151622056,8105.745888969168,8114.53807771072,216794,0.05417136020415825,0
2023-08-22,8103.7705078125,8167.437185693428,8092.459511886112,8122.094803558492,193112,-0.19222435524196557,0
2023-08-23,8062.67578125,8134.788803454015,8047.957016843756,8110.092728159907,208545,-0.5071062479235056,0
2023-08-24,8111.57470703125,8222.80544721908,8064.750561160086,8111.179183939916,273837,0.6064850814783584,0
2023-08-25,7973.32568359375,8090.434279896408,7963.002531165439,8079.5680067488065,191154,-1.7043426021542185,0
2023-08-28,8018.9638671875,8051.315726384404,7950.6054189938495,8035.905278664314,327780,0.5723857948968236,0
2023-08-29,8100.0166015625,8118.093935884898,8026.372615036818,8060.700159971352,230713,1.01076318234401,0
2023-08-30,8165.46142578125,8213.717172742106,8100.362183119771,8129.948275310057,223225,0.8079591368507222,0
2023-08-31,8196.578125,8258.367511950972,8125.996549438839,8188.032897140767,482614,0.3810770463075652,0
2023-09-01,8161.955078125,8243.550530937282,8148.717594931292,8199.097592184475,215635,-0.42240855082437134,0
2023-09-04,8478.2119140625,8489.522909573852,8181.859008212819,8184.230217335797,620108,3.874768151874619,0
2023-09-05,8352.064453125,8495.450258184386,8345.495875634995,8477.669083225395,210587,-1.487901720506224,0
2023-09-06,8433.611328125,8452.774903769894,8341.444803226275,8381.699406020645,327847,0.9763678843437207,0
2023-09-07,8391.875,8441.11858856972,8327.516641502953,8433.611367509313,203477,-0.49488085828445216,0
2023-09-08,8328.0595703125,8446.057609028177,8297.881159746981,8431.239964100057,125962,-0.7604430438668319,0
2023-09-11,8358.8310546875,8395.332045377998,8323.713430031576,8348.211742756823,131688,0.3694916458654163,0
2023-09-12,8467.4453125,8505.180145467479,8292.94245087082,8416.373633592872,335823,1.2993952994371227,0
2023-09-13,8531.357421875,8579.416369220666,8421.855412296003,8485.571285158954,321018,0.754798017775804,0
2023-09-14,8582.3310546875,8594.234370273753,8498.413596260356,8560.647707217511,311971,0.5974856085832148,0
2023-09-15,8622.2392578125,8644.565088930742,8555.955376892378,8614.978997474778,357249,0.46500423801763,0
2023-09-18,8523.109375,8631.376581555447,8502.364672070584,8621.893674663885,129308,-1.1496999775630123,0
2023-09-20,8355.3251953125,8518.66466002305,8338.432500108527,8485.571917388299,317399,-1.968579450354646,0
2023-09-21,8212.482421875,8335.419682782074,8185.91002255859,8273.283968860493,393954,-1.70960160255208,0
2023-09-22,8087.8662109375,8209.61835099922,8079.617624878734,8174.401359868725,524827,-1.5174000324867487,0
2023-09-25,8106.43798828125,8179.291414642606,8056.946954039944,8117.106500491661,467415,0.2296251799842386,0
2023-09-26,8128.86181640625,8226.756673851234,8106.437586905189,8136.862958995272,515796,0.2766175249525826,0
2023-09-27,8162.2509765625,8189.169699722455,8105.25223953892,8136.863217194647,541638,0.41074828076006487,0
2023-09-28,8055.21826171875,8222.756543429585,8035.115558706832,8164.325239764165,370431,-1.3113136946056758,0
2023-09-29,8154.49560546875,8185.218102347048,8033.139475776905,8100.312801447445,320974,1.2324600094550053,0
2023-10-03,8203.9384765625,8275.161577584206,8121.25581686496,8188.231385531274,454402,0.6063265404250284,0
2023-10-04,8022.125,8191.737355320485,7947.246210474328,8191.737355320485,884369,-2.2161730866451013,1
2023-10-05,8078.03759765625,8109.006092377044,8026.225035106904,8077.592875331588,310506,0.6969798857067167,0
2023-10-06,8095.818359375,8139.481214272656,8052.155504477343,8098.337166165344,158491,0.22011239120636183,0
2023-10-09,8011.505859375,8100.164289030955,7988.884350442072,8070.726759655561,152525,-1.0414327033704485,0
2023-10-10,8059.11962890625,8086.828915408706,8006.467788148069,8048.747277052387,187020,0.5943173526551604,0
2023-10-11,8241.57421875,8288.002840142934,8079.76572691867,8096.312097308705,439622,2.263951873717396,0
2023-10-12,8250.2177734375,8283.063553180284,8201.072584198297,8263.257493972722,177704,0.10487747192564623,0
2023-10-13,8267.2587890625,8314.675257203855,8206.012517713249,8215.397027032892,285076,0.20655231283548403,0
2023-10-16,8191.392578125,8352.21323855614,8173.41364113702,8267.307932920949,363990,-0.9176706919816091,0
2023-10-17,8200.48046875,8230.7080794209,8179.34024215135,8228.73239337207,205234,0.1109443911804231,0
2023-10-18,8177.6611328125,8248.341111873173,8147.7296805855,8223.69519891042,322136,-0.27826827982163627,0
2023-10-19,8414.990234375,8434.203974666958,8093.743481052541,8149.30965270574,837498,2.9021635612929364,0
2023-10-20,8358.1884765625,8543.211269872872,8308.648730975454,8432.227499288732,539291,-0.6750068179576352,0
2023-10-23,8224.0400390625,8419.978314697755,8201.615809742714,8312.698949426256,217546,-1.6049941668122236,0
2023-10-25,8155.9775390625,8296.399813791517,8086.730127481193,8253.428641332157,255678,-0.8276041906011833,0
2023-10-26,8105.5478515625,8135.874824138887,8056.40266306069,8135.874824138887,637430,-0.6183156740987905,0
2023-10-27,8110.33984375,8169.461863256635,8080.555990500517,8111.179124449846,227682,0.0591199049744251,0
2023-10-30,8299.4619140625,8313.983400064908,8097.794331034708,8141.802546669057,244073,2.3318636944448246,0
2023-10-31,8319.861328125,8349.348058001067,8249.57590754951,8302.5248751183,218908,0.24579200764733855,0
2023-11-01,8279.5576171875,8342.334852297176,8268.345019359153,8337.395636872488,209234,-0.48442767671205145,0
2023-11-02,8356.1650390625,8370.192604450627,8273.137016900338,8283.558568986711,200590,0.9252598437864634,0
2023-11-03,8418.9912109375,8426.301635747419,8333.444384427341,8371.970265294181,243686,0.7518541290329583,0
2023-11-06,8535.90234375,8544.842130150391,8417.60814200601,8435.191554838635,194715,1.3886596372807203,0
2023-11-07,8580.158203125,8589.295751797124,8478.212602298974,8535.90302519703,206360,0.5184672644176214,0
2023-11-08,8593.0986328125,8613.152619654207,8547.65784985157,8583.368764076427,132370,0.15081807795556124,0
2023-11-09,8522.1708984375,8613.003256698843,8512.984151326582,8579.416594154083,128138,-0.8254034709221703,0
2023-11-10,8604.9521484375,8623.820529292383,8484.188336947249,8486.60874533034,149939,0.9713634118177383,0
2023-11-13,8571.9091796875,8617.744515782417,8554.720325720391,8605.198716823934,64412,-0.38399944799227814,0
2023-11-15,8660.3212890625,8708.577034329675,8589.541951366033,8603.124792783046,192348,1.0314167768425087,0
2023-11-16,8668.3720703125,8704.576904419548,8594.234641429986,8682.744993929897,233428,0.0929616925432919,0
2023-11-17,8684.0791015625,8761.772379062182,8665.013923529717,8678.201242444262,151817,0.1811993200406592,0
2023-11-20,8556.2021484375,8708.033810545458,8545.9281953566,8693.018404000462,174311,-1.4725447756687493,0
2023-11-21,8602.482421875,8631.673955019482,8559.462051069379,8559.462051069379,183507,0.5408973822100593,0
2023-11-22,8653.40625,8668.3222933694,8507.550845706053,8627.820730517189,325320,0.5919666629658815,0
2023-11-23,8500.63671875,8660.420337965921,8485.572111683274,8643.627005498096,344271,-1.7654265480717468,0
2023-11-24,8452.1826171875,8549.781314354346,8441.167781668913,8532.987983060986,197278,-0.5700055556500105,0
2023-11-28,8620.412109375,8629.3026965502,8483.842811933748,8532.98800215221,343335,1.9903674566307261,0
2023-11-29,8626.5859375,8683.139949113967,8586.331335346826,8653.40626076166,207727,0.07161871203682502,0
2023-11-30,8894.193359375,8909.504926471593,8656.913268591654,8669.853626519684,1025481,3.1021243376444296,0
2023-12-01,8924.025390625,9052.001227199757,8862.927684959195,8993.125203665957,353015,0.33541019454625953,0
2023-12-04,9204.474609375,9227.244198814205,8975.690544119616,9038.763937193127,473570,3.142631340388413,0
2023-12-05,9216.328125,9285.724094965031,9130.78130804383,9207.684498847771,448461,0.12877992637327917,0
2023-12-06,9100.998046875,9234.307659809381,9018.562351167804,9216.328723307504,308912,-1.2513668845205106,0
2023-12-07,9240.826171875,9266.954811114536,9123.866144182895,9153.352870673414,346830,1.5364042963179392,0
2023-12-08,9299.109375,9316.98991229748,9227.590119881399,9264.287908893184,311761,0.6307142028316504,0
2023-12-11,9553.33203125,9611.713171420142,9285.72495491771,9299.554758042057,588082,2.7338387580799983,0
2023-12-12,9743.58984375,9840.05310266742,9517.91690789056,9584.4979147906,1060266,1.9915335495264364,0
2023-12-13,9620.751953125,9920.858476494815,9559.159360611578,9779.596921419006,1501931,-1.2607046539812483,0
2023-12-14,9842.1767578125,9868.552360964592,9658.14178510018,9710.49746829649,710415,2.3015332456999493,0
2023-12-15,9907.5224609375,9937.206951023241,9780.288471730179,9878.430290793023,439516,0.663935476195654,0
2023-12-18,9849.140625,9906.09016304006,9820.888699481802,9906.09016304006,266562,-0.5892677626286758,0
2023-12-19,9895.322265625,9927.822687962283,9832.00191177001,9849.140602872538,675166,0.4688900522729522,0
2023-12-20,9767.248046875,10004.873477456083,9738.304441147056,9905.10133870973,501448,-1.294290527504216,0
2023-12-21,9833.4345703125,9863.612982945657,9705.409530547804,9760.877304405212,216730,0.6776373766679944,0
2023-12-22,9847.8076171875,9877.44290944506,9781.622131145614,9865.588792542037,226940,0.14616507357858577,0
2023-12-26,9896.853515625,9932.563460747651,9848.89296691177,9853.733783418387,226114,0.4980387548584986,0
2023-12-27,10309.2275390625,10342.71580131541,9915.720681437799,9978.152549508935,658122,4.166718470536623,0
2023-12-28,10299.546875,10371.314052018335,10202.540503257214,10364.448350498864,421406,-0.09390290422651715,0
2023-12-29,10375.3642578125,10398.035447665266,10235.584472913713,10293.373288578583,243089,0.7361234793399563,0
2024-01-01,10336.7900390625,10392.109251809778,10287.99020479852,10375.365118584776,97677,-0.3717866456684038,0
2024-01-02,10080.6416015625,10362.374616606054,9981.264017475418,10362.374616606054,337528,-2.478026897441288,1
2024-01-03,9988.6240234375,10120.451869077238,9966.940675933645,10080.691187014734,179575,-0.9128146973376938,0
2024-01-04,9893.05078125,10040.98028392451,9879.418739550987,10036.485790804722,313755,-0.9568208990872518,0
2024-01-05,9894.28515625,9977.21477296936,9873.491253052352,9977.21477296936,163191,0.012477192600068854,0
2024-01-08,9813.7265625,9957.457723086214,9804.391252946516,9955.482037030046,176843,-0.8141931678521841,0
2024-01-09,9778.7568359375,9895.174719212879,9750.208750357007,9868.156632744698,242925,-0.3563348371262487,0
2024-01-10,9657.3515625,9786.314281664387,9611.713019970673,9778.609298697473,374333,-1.2415205273468732,0
2024-01-11,9799.84765625,9824.049810673554,9600.995045699876,9720.277092501676,375210,1.4755193784527831,0
2024-01-12,9689.208984375,9858.624060939741,9674.983659125457,9858.624060939741,376816,-1.1289835899075285,0
2024-01-15,9833.5322265625,9875.268592819528,9700.618145420509,9758.9008817321,273931,1.4895255373295946,0
2024-01-16,9848.3994140625,9924.661088359448,9760.234424279106,9832.940249570214,146779,0.1511886792808781,0
2024-01-17,9734.84765625,9923.969431712714,9705.55772467036,9837.928690075534,252817,-1.152997081438023,0
2024-01-18,9771.990234375,9812.294037146934,9651.22642369974,9734.205238396851,278338,0.3815424692460656,0
2024-01-19,9970.9912109375,10005.56571638446,9725.314460723443,9877.442284690065,567616,2.036442646682901,0
2024-01-23,9711.484375,9962.396492917811,9695.678887257145,9878.429839283897,580285,-2.60261823972765,1
2024-01-24,9869.0458984375,9910.633704576148,9616.25647843788,9745.071596825577,272419,1.62242472266243,0
2024-01-25,9848.15234375,9926.044344044203,9761.074561074643,9863.216949679854,296269,-0.2117079493044849,0
2024-01-29,10149.1494140625,10174.78413596452,9868.05884720559,9878.529598401336,334463,3.056381134310171,0
2024-01-30,9842.47265625,10194.540306188757,9821.135632183006,10164.658053837768,368827,-3.021699112908649,1
2024-01-31,10043.74609375,10062.318315665632,9782.758720123607,9838.917214129251,341574,2.044947896016658,0
2024-02-01,9801.6748046875,10108.844790971056,9779.695297043389,10046.314519465452,401503,-2.4101693412295178,1
2024-02-02,9975.7822265625,10042.314034707073,9870.823902637587,9878.430487050711,334386,1.7763027782939256,0
2024-02-05,9795.796875,10005.17039879498,9758.358202861335,9927.82248224454,162473,-1.804222941868694,0
2024-02-06,9926.587890625,9952.518770797053,9799.69925737833,9858.673680650578,250870,1.335174843802589,0
2024-02-07,10102.1767578125,10162.533581138128,9957.75391372375,9991.044416810797,250184,1.7688743516121264,0
2024-02-08,9876.109375,10169.844117670616,9829.532189692227,10164.904902460481,320905,-2.237808625132909,1
2024-02-09,9824.83984375,9952.320794198373,9732.229559422367,9952.320794198373,400823,-0.5191268069568156,0
2024-02-12,9842.7197265625,9895.668693602904,9786.462835824654,9830.026329067325,191687,0.18198650661847005,0
2024-02-13,9732.625,9883.073299686148,9711.089250314555,9876.25679694124,276453,-1.1185396884296872,0
2024-02-14,9668.8095703125,9705.408960705543,9585.97932022875,9682.886333132166,417802,-0.6556856930940991,0
2024-02-15,9694.9873046875,9719.535781906734,9588.004101357603,9716.325292175701,415090,0.27074413023271404,0
2024-02-16,9795.6494140625,9827.062630014076,9731.340252898604,9754.999286808637,250550,1.0382902649736403,0
2024-02-19,9781.8193359375,9828.000997076966,9764.828243072163,9828.000997076966,109778,-0.14118592387704076,0
2024-02-20,9857.63671875,9878.430622271784,9735.193378248843,9781.819763724065,320905,0.7750846770800068,0
2024-02-21,9847.21484375,9992.032246036842,9799.402855233364,9849.041967478875,322960,-0.10572386969969205,0
2024-02-22,9840.1025390625,9899.07696302333,9683.1338900454,9878.430657073848,363840,-0.07222656152378049,0
2024-02-23,9879.3203125,9906.090474275656,9773.76869986276,9840.102749016549,304238,0.3985504549552932,0
2024-02-26,9809.330078125,9927.772838359853,9780.584233026708,9877.491244353101,162530,-0.708451919373887,0
2024-02-27,9830.1240234375,10027.594223647944,9761.321337777605,9809.3301213694,214186,0.21198129889492545,0
2024-02-28,9685.7509765625,9868.501923275182,9661.993546427928,9838.915833828754,300668,-1.4686798104558862,0
2024-02-29,9772.1396484375,9814.221379396946,9587.659946112148,9666.044911665738,328848,0.8919150624876027,0
2024-03-01,10012.283203125,10060.045028572484,9772.138944269338,9779.64616555054,352952,2.4574306480147134,0
2024-03-04,9857.0927734375,10042.411730532805,9845.040896148395,10033.521143716476,221282,-1.5500003998994205,0
2024-03-05,9718.7451171875,9908.955064931262,9710.497013738688,9857.09330570224,310715,-1.4035340787581285,0
2024-03-06,9523.84375,9793.72265585947,9416.119661664017,9779.547494406143,534825,-2.0054170043292796,1
2024-03-07,9555.5537109375,9596.894553787637,9452.767877083103,9523.843372455052,585012,0.33295339329248996,0
2024-03-11,9580.00390625,9705.162854233957,9555.307828953952,9576.200131532098,319303,0.2558741863855962,0
2024-03-12,9498.6044921875,9610.675474958533,9458.992373239516,9610.675474958533,235430,-0.8496803848837109,0
2024-03-13,9476.921875,9535.649339588213,9384.509346947896,9507.693573103305,415925,-0.22827160774336885,0
2024-03-14,9579.064453125,9589.979925429598,9339.067801299076,9340.055644307462,347822,1.0778033149608568,0
2024-03-15,9515.8427734375,9632.359052555828,9427.776180838397,9562.320595376728,379648,-0.6599984789420144,0
2024-03-18,9494.5048828125,9556.195874028632,9453.65795869995,9507.989326278685,226448,-0.22423542646755612,0
2024-03-19,9338.3271484375,9490.652737010856,9320.447575422646,9474.747885370849,316008,-1.644927632379456,0
2024-03-20,9369.2470703125,9419.08394758787,9330.178068690868,9419.08394758787,171219,0.33110771751205803,0
2024-03-21,9484.0341796875,9522.510859493688,9389.349809047479,9409.205068512714,215837,1.2251476400778838,0
2024-03-22,9564.048828125,9633.247036344781,9463.53580431611,9493.171093891213,224511,0.843677352079486,0
2024-03-26,9483.984375,9572.000799421177,9453.657402307388,9514.014223043654,397803,-0.8371397361497612,0
2024-03-27,9506.4580078125,9589.97994137246,9454.694648210745,9512.928186590108,267937,0.23696404300013185,0
2024-03-28,9630.6298828125,9734.155635344423,9524.337398153086,9562.320154099967,506387,1.3061844369159914,0
2024-04-01,9833.384765625,9875.515690848782,9630.629989451303,9630.629989451303,387442,2.1053127913715164,0
2024-04-02,9916.1171875,9961.607167423912,9725.314914798679,9769.866250878546,307109,0.8413422625768829,0
2024-04-03,9880.3076171875,10152.754532738361,9860.797717286641,10075.998936139675,481855,-0.3611249205247469,0
2024-04-04,9883.4677734375,9956.371359770155,9779.645858332791,9955.481915179582,346378,0.03198439130076558,0
2024-04-05,9704.1748046875,9898.03900733705,9683.035541786128,9879.418551328185,280079,-1.8140694426288517,0
2024-04-08,9743.8359375,9778.657401628438,9681.848792136612,9733.167426534896,215228,0.40870175579836854,0
2024-04-09,9650.3876953125,9872.30606636229,9640.459100519205,9779.646577585492,275924,-0.959049831985126,0
2024-04-10,9698.4951171875,9738.157404034702,9587.066607024055,9690.740934629786,186223,0.49850247880058873,0
2024-04-12,9535.2041015625,9730.253901904765,9493.171573330435,9670.93412054749,440963,-1.6836737416676018,0
2024-04-15,9390.68359375,9500.97666320199,9371.272090701694,9500.97666320199,220692,-1.5156519595508011,0
2024-04-16,9348.7490234375,9379.520720847131,9237.320518431097,9334.030740555227,547648,-0.4465550339744162,0
2024-04-18,9268.68359375,9410.982180133515,9227.24338836804,9354.872892575471,584270,-0.8564293413672153,0
2024-04-19,9250.11328125,9285.724830881398,9137.548370814142,9211.636600847769,415558,-0.2003554475904501,0
2024-04-22,9448.96484375,9473.413956933953,9341.141399125218,9389.447305595122,277781,2.1497202948105754,0
2024-04-23,9417.6513671875,9507.98981137236,9406.241972351958,9424.023148103097,317450,-0.33139584155836843,0
2024-04-24,9541.4267578125,9569.037161973047,9426.787773206146,9461.560038953914,317929,1.3142914915734938,0
2024-04-25,9566.025390625,9588.004899073834,9443.82900914214,9503.198956845206,398260,0.2578087474429225,0
2024-04-26,9582.9677734375,9658.142249501245,9529.624244597051,9608.750093167495,265782,0.17710995027364618,0
2024-04-29,9843.3134765625,9889.297380423786,9624.604625994863,9646.287975211095,808505,2.716754446849312,0
2024-04-30,9850.6220703125,10056.24198157822,9790.857567376794,10036.781281072635,777837,0.07424932435000642,0
2024-05-02,9862.08203125,9922.883578907396,9825.581037093321,9850.622472892119,318855,0.11633743387675644,0
2024-05-03,9696.9638671875,9908.066127060072,9660.462872315711,9860.649659054201,517348,-1.6742728719887912,0
2024-05-06,9658.04296875,9808.293508714838,9627.666795379773,9754.949984747609,238521,-0.40137200644008164,0
2024-05-07,9564.69140625,9827.062119999056,9512.9280474056,9679.873513658096,214305,-0.9665681008259375,0
2024-05-08,9403.6728515625,9557.331634194044,9385.891677918957,9557.331634194044,392065,-1.6834683718314536,0
2024-05-09,9331.263671875,9443.7793790137,9293.67643747298,9408.217029887708,328724,-0.7700095572281462,0
2024-05-10,9376.3095703125,9403.228291988644,9301.578861691365,9347.760521814658,205200,0.4827416738128587,0
2024-05-13,9435.3818359375,9461.559673832317,9312.493788396627,9400.264212378943,215387,0.6300161612841304,0
2024-05-14,9543.20703125,9581.58435061854,9414.095742417685,9419.133356457767,171935,1.142775111673977,0
2024-05-15,9497.2216796875,9575.311446175006,9443.77975544138,9573.187197696905,161067,-0.48186475900520165,0
2024-05-16,9591.06640625,9607.465179412804,9409.698811259332,9513.520728156056,368451,0.9881282097817357,0
2024-05-17,9770.11328125,9779.646352712429,9567.507054303842,9621.59146216354,283850,1.866808834555922,0
2024-05-21,9670.390625,9730.994407016677,9643.372540205803,9706.545292830077,346947,-1.0206908904667467,0
2024-05-22,9774.55859375,9829.038524816513,9702.841572902411,9750.011079390852,280237,1.0771847052455596,0
2024-05-23,10046.90625,10075.849856441311,9735.192589894825,9784.733301329916,521622,2.786291100900895,0
2024-05-24,10106.720703125,10242.944646406875,9999.490532347458,10041.424663007607,519418,0.595351958469803,0
2024-05-27,10101.189453125,10228.078090173796,10053.921547442647,10153.002015807017,389326,-0.05472843430104346,0
2024-05-28,10055.15625,10239.832740898568,10023.100549316385,10139.221309706027,403774,-0.45572061922627416,0
2024-05-29,9901.546875,10054.21783255914,9839.905079929173,10054.21783255914,317883,-1.527667707799174,0
2024-05-30,9748.875,9903.127086074772,9710.497681407982,9899.175713671351,323424,-1.5418992297605016,0
2024-05-31,9794.9580078125,9957.458193611013,9631.5683773705,9811.25741854609,791072,0.4727007763716262,0
2024-06-03,10342.765625,10391.910815275349,10092.149657733145,10174.783112283354,732632,5.592751053660128,0
2024-06-04,9797.7236328125,10370.870369382117,9419.034381492655,10347.656057463226,972018,-5.269789647655287,1
2024-06-05,9916.06640625,9947.578983742993,9621.590794603451,9868.502344739805,361720,1.2078598853428657,0
2024-06-06,9932.7119140625,10052.784034731416,9810.36698279884,9873.490534775266,483566,0.16786402118089683,0
2024-06-07,10335.9501953125,10377.291040282182,9843.855803561346,9843.855803561346,545284,4.059699755100166,0
2024-06-10,10694.6357421875,10775.342711722913,10335.950319220527,10367.412734257736,705256,3.4702716257056787,0
2024-06-11,10800.630859375,10855.40694777712,10694.635496257353,10771.391091856494,650137,0.9911054452222068,0
2024-06-12,10910.529296875,10965.00922981075,10739.336280286034,10739.336280286034,439143,1.0175186887773968,0
2024-06-13,11037.9599609375,11161.638097929106,10862.470230158247,11113.23379075161,602322,1.1679604224059004,0
2024-06-14,11106.12109375,11133.978459303858,11011.782087196587,11034.20631624737,305318,0.6175156736726528,0
2024-06-18,10983.875,11132.34760298411,10917.294963743336,11113.233227708604,322724,-1.1007091739598795,0
2024-06-19,10861.876953125,11041.81294223661,10834.909032045369,11014.449498079079,659266,-1.110701340601561,0
2024-06-20,10770.650390625,11038.05969359628,10743.188547142989,10875.065592541696,445369,-0.839878438079289,0
2024-06-21,10532.77734375,10828.191593081217,10482.54494955574,10750.20119710966,586745,-2.208530016739285,1
2024-06-24,10654.875,10713.157739198961,10465.85162069447,10587.20775194697,276148,1.1592161522568478,0
2024-06-25,10714.34375,10874.127367336465,10669.100730115782,10670.631693943502,562075,0.5581365337463007,0
2024-06-26,11007.6328125,11124.0998866486,10770.452096983367,10775.09515196454,793197,2.737349756022156,0
2024-06-27,11574.2607421875,11730.586903301015,11132.003220146591,11132.991063186802,2339734,5.147591124624462,0
2024-06-28,11526.0537109375,11635.802682221942,11330.410633283633,11557.664686897353,684790,-0.4165020326031499,0
2024-07-01,11759.92578125,11885.331680751538,11526.053946516955,11527.140187961604,520339,2.0290732298997582,0
2024-07-02,11709.841796875,11931.16782948722,11656.547473749726,11798.796866649724,422173,-0.42588690869846957,0
2024-07-03,11727.7705078125,11754.343870419008,11618.960180052538,11711.12573911967,206171,0.15310805430595043,0
2024-07-04,11617.0830078125,11791.733459207786,11579.051051891487,11740.514184966964,227230,-0.9438068380197673,0
2024-07-05,11548.0341796875,11680.799710964873,11478.98356244665,11653.140104695773,425987,-0.5943732009021985,0
2024-07-08,11442.0869140625,11572.382825165954,11389.829634201144,11551.835883985097,149210,-0.9174484936263605,0
2024-07-09,11537.80859375,11618.713322134588,11344.83384764793,11442.136384120196,530901,0.8365753590794389,0
2024-07-10,11492.8125,11597.07913641275,11330.5592861594,11546.896904613533,202406,-0.3899882146976674,0
2024-07-11,11414.4775390625,11498.49339970212,11359.207526045933,11457.991833603512,366819,-0.6815995731027535,0
2024-07-12,11461.2509765625,11538.006572814606,11330.608736044114,11413.538351224312,366274,0.40977291636812296,0
2024-07-15,11689.7890625,11753.35637562968,11520.127022029803,11610.020737795672,394470,1.994006469318621,0
2024-07-16,11516.9658203125,11762.296252928807,11490.491819831634,11762.296252928807,556056,-1.4784119821452113,0
2024-07-18,11505.6552734375,11541.809944163313,11335.499303500425,11508.371841898033,731274,-0.09820769681413433,0
2024-07-19,11121.43359375,11503.432707067936,11092.144625139268,11503.432707067936,514154,-3.339415883374608,1
2024-07-22,11375.7041015625,11429.343784814158,11094.761159731162,11152.64933973732,573833,2.2863105342407763,0
2024-07-23,11405.4375,11592.733111343927,11191.371729270882,11508.321734177674,525157,0.2613763347924625,0
2024-07-24,11314.162109375,11420.206676178148,11217.6004500885,11399.708932646743,268139,-0.800279608958443,0
2024-07-25,11302.40625,11337.27691670662,11153.735871061486,11279.191938338505,254683,-0.10390393262316167,0
2024-07-26,11531.140625,11599.697315592157,11257.063389649096,11302.405769566534,333210,2.023767062876547,0
2024-07-29,11729.4501953125,11794.845595825434,11531.140710106307,11538.00641199674,496437,1.7197741035483993,0
2024-07-30,11732.083984375,11783.30908827727,11571.153877419858,11783.30908827727,438108,0.02245449717286352,0
2024-07-31,11812.3251953125,11839.949894816124,11676.336602733714,11744.50508785793,322531,0.6839467825525913,0
2024-08-01,11909.0126953125,11956.511421238229,11729.152768085534,11812.325757244591,250126,0.8185306313643448,0
2024-08-02,11690.3984375,11873.736319409027,11626.304706426112,11758.516464582297,273420,-1.8357042972886317,0
2024-08-05,11345.3349609375,11626.303973633647,11279.701191134423,11626.303973633647,400844,-2.9516827711844162,1
2024-08-06,11253.9638671875,11502.886014711015,11201.098769918606,11377.829108401153,368949,-0.8053626804725877,0
2024-08-07,11470.4921875,11516.94771982139,11358.203948947761,11426.57039922296,230210,1.9240182647450865,0
2024-08-08,11187.087890625,11451.611338969507,11158.02213109393,11427.56357631795,290349,-2.4707248149633987,1
2024-08-09,11229.1708984375,11376.884969076766,11160.307599781794,11376.884969076766,189230,0.37617482068561525,0
2024-08-12,11231.6552734375,11308.12077522183,11140.58314027307,11218.88660112157,200411,0.022124295929493165,0
2024-08-13,11200.205078125,11292.420354732561,11163.885493611217,11292.420354732561,189972,-0.28001389418422784,0
2024-08-14,10933.296875,11129.45388793948,10894.045676020214,11129.45388793948,404673,-2.383065321243949,1
2024-08-16,11224.55078125,11253.666032178138,10881.227018414012,10970.461191633258,435631,2.6639165622217575,0
2024-08-19,11244.0771484375,11395.865015690035,11200.7521617267,11248.698247454588,244264,0.17396123522481766,0
2024-08-20,11278.2109375,11452.406567388507,11206.416024311817,11293.414372092875,421084,0.3035712812344382,0
2024-08-21,11130.3486328125,11241.29479426618,11091.245906681983,11202.98780545858,456794,-1.3110439723720613,0
2024-08-22,11238.1650390625,11305.736722464013,11134.422242852108,11189.075810309214,305457,0.96867052243228,0
2024-08-23,11270.3603515625,11308.319932412624,11133.8758765709,11243.729352833816,258730,0.28648193355491625,0
2024-08-26,11265.689453125,11289.389808921887,11200.404060806635,11268.571574761028,234215,-0.041444091331577226,0
2024-08-27,11229.1708984375,11377.878670270677,11215.359034088942,11317.361879397022,184428,-0.32415729937744775,0
2024-08-28,11164.0341796875,11246.31244593814,11140.384284930116,11208.949668540872,201101,-0.580067035573073,0
2024-08-29,11151.3154296875,11185.79705715154,11045.387264581272,11159.26503968906,406261,-0.11392611125412566,0
2024-08-30,11230.7119140625,11289.340284515962,11151.314800487266,11154.345395047087,462185,0.711992095243108,0
2024-09-02,11352.9375,11392.78453090999,11253.666359577466,11253.666359577466,248673,1.0883155660368793,0
2024-09-03,11388.6103515625,11431.587927831097,11289.439167341734,11362.476204468714,181723,0.31421692898865317,0
2024-09-04,11507.5078125,11564.148783641002,11310.158162382948,11320.244618215589,198185,1.0440032389130494,0
2024-09-05,11469.9453125,11748.280624829415,11441.674319849182,11557.192082014195,406821,-0.32641733216289825,0
2024-09-06,11360.8369140625,11452.406872141833,11248.69811649853,11427.56434096582,245248,-0.9512547397989124,0
2024-09-09,11421.94921875,11445.89800037534,11236.773384748994,11328.19389689941,154665,0.53792079887931,0
2024-09-10,11468.35546875,11566.13605864859,11388.31302818108,11467.213294574114,237496,0.4062901096060001,0
2024-09-11,11415.09375,11537.865346770666,11388.015390625313,11497.12359505095,141341,-0.46442333336398356,0
2024-09-12,11636.4892578125,11661.083362048606,11370.177341235676,11435.363750561599,455934,1.939497937215795,0
2024-09-13,11644.1416015625,11688.509779537733,11551.975811851518,11621.335964096215,279660,0.06576161916587164,0
2024-09-16,11569.3154296875,11723.637028835175,11530.908490921965,11601.461274690964,257856,-0.6426078833063897,0
2024-09-17,11572.296875,11644.786601881542,11502.091496406,11529.467770636991,202725,0.025770282871273587,0
2024-09-18,11557.6396484375,11689.205104765548,11463.18757326751,11609.411092672888,185067,-0.1266578858183709,0
2024-09-19,11554.2607421875,11666.20157091169,11467.311886892603,11557.63971444349,227247,-0.029235262153692876,0
2024-09-20,11723.9853515625,11769.298711148558,11506.662692478272,11586.556661740937,608787,1.4689352539474232,0
2024-09-23,11886.703125,11922.426876860487,11725.723532230255,11760.453582900805,279318,1.387904953462038,0
2024-09-24,11687.56640625,11894.454225055562,11666.399793819246,11872.841223402447,242038,-1.6752897473411021,0
2024-09-25,11741.87109375,11780.923356156809,11606.429816599173,11736.604671562744,196686,0.4646363974536216,0
2024-09-26,11989.0048828125,12003.910400694156,11693.676694435011,11760.453608627098,277079,2.104722382738866,0
2024-09-27,11877.0146484375,12061.545155200665,11849.63837448337,11989.004967663208,404276,-0.9341078385542212,0
2024-09-30,11727.662109375,11848.893661429207,11699.887965457356,11848.893661429207,405493,-1.2574922527535004,0
2024-10-01,11762.5908203125,11812.822223054218,11576.86767356431,11727.661834158578,324906,0.29783183222493737,0
2024-10-03,11650.9482421875,11854.855933124523,11539.951618287118,11553.863435811321,304610,-0.9491325493717562,0
2024-10-04,11378.126953125,11754.640718948445,11308.319445126745,11626.303823197091,357277,-2.3416230455357123,1
2024-10-07,11159.6123046875,11457.32577769716,11121.603232352123,11419.565130671166,374655,-1.9204799642131398,0
2024-10-08,11318.0576171875,11402.721152638373,11160.258062333905,11160.258062333905,447220,1.4198101885084968,0
2024-10-09,11278.658203125,11438.49465496138,11261.615839169257,11332.218116221991,286382,-0.34811109286693176,0
2024-10-10,11358.0546875,11386.82253253934,11282.03654248392,11367.892717960745,180542,0.7039532801251358,0
2024-10-11,11349.359375,11396.063331620251,11288.644619558208,11319.001997279105,120279,-0.07655635352389334,0
2024-10-14,11229.1220703125,11357.9558258725,11169.202078864922,11328.144788295458,144163,-1.0594193091845727,0
2024-10-15,11344.98828125,11360.936992359502,11218.887203438297,11328.19434182432,182286,1.0318367741662282,0
2024-10-16,11250.9833984375,11340.118594087391,11162.246071449672,11269.565805778575,276811,-0.828602731726602,0
2024-10-17,10947.904296875,11292.371214206427,10865.178670008872,11279.502589278314,353330,-2.6938009845840716,1
2024-10-18,10999.5771484375,11069.782530526605,10832.337420686772,10947.904682987017,330703,0.4719885209194752,0
2024-10-21,10800.8369140625,11096.314566047664,10703.554142929872,10980.398925873773,566667,-1.806798858656411,0
2024-10-22,10756.96484375,11011.003971167316,10672.350799110218,10683.281512219175,793887,-0.4061913966627806,0
2024-10-23,10685.318359375,10775.348269202635,10604.779072216339,10753.784759353217,351717,-0.6660473973439496,0
2024-10-24,10974.0380859375,11015.17770341383,10650.887234918773,10685.318398943817,341400,2.70202268993871,0
2024-10-25,10925.943359375,11044.98856612238,10881.02787215835,10994.01188989946,519646,-0.4382591547967163,0
2024-10-28,11022.7294921875,11128.807094798933,10830.94516147081,10930.713149655836,229113,0.8858377682276153,0
2024-10-29,11042.107421875,11066.801480519587,10848.286184513338,11004.247791900545,266761,0.17579973908672386,0
2024-10-30,11134.521484375,11159.265033656027,10942.042328645404,11044.989389945391,239933,0.8369241392899518,0
2024-10-31,10995.9501953125,11180.033344677802,10972.99511508816,11086.525478461903,423687,-1.2445194816585126,0
2024-11-01,11075.5947265625,11100.934107358535,11008.768320345507,11010.159890200805,19032,0.7243078573050621,0
2024-11-04,10932.5517578125,11086.476470287222,10861.204201827182,11076.787883056595,276984,-1.2915150136989184,0
2024-11-05,11105.9521484375,11117.57864669584,10904.131820519962,10914.466701285452,274422,1.5860925652703806,0
2024-11-06,11203.3857421875,11235.681032757795,11042.008271296301,11154.296512356099,282486,0.8773096844623796,0
2024-11-07,10981.193359375,11174.120841361142,10931.806214157352,11170.7418690143,326254,-1.9832610241724669,0
2024-11-08,10973.7900390625,11069.185356698345,10891.661215032203,10959.62979660093,155894,-0.06741817642414993,0
2024-11-11,10901.349609375,11039.97092786543,10827.417851348902,10945.618804100966,107472,-0.6601222497390591,0
2024-11-12,10823.3935546875,11004.992450401707,10771.7210918851,10901.39909949497,166347,-0.7151046198945799,0
2024-11-13,10714.28515625,10805.009880741489,10682.28778387557,10735.251863177546,216900,-1.0080793781193198,0
2024-11-14,10660.923828125,10764.26875780995,10476.095396188452,10658.439575007573,297442,-0.49803908843953915,0
2024-11-18,10563.9384765625,10699.031378390291,10513.756565956239,10565.130141673586,424186,-0.9097274600784466,0
2024-11-19,10701.71484375,10801.532325978038,10590.768684120507,10616.75338893205,220357,1.3042140248466616,0
2024-11-21,10885.84765625,10936.526419561696,10488.51660303843,10488.51660303843,256924,1.720591654593906,0
2024-11-22,11303.6494140625,11338.032058887164,10862.794445365302,10929.719835079897,328426,3.8380268675965112,0
2024-11-25,11385.2822265625,11616.367250975905,11365.209267854934,11377.878958398129,465057,0.7221810364929082,0
2024-11-26,11051.0009765625,11424.881067961702,11036.045966988804,11385.28246172822,243711,-2.9360822450242186,1
2024-11-27,11069.732421875,11118.473271810499,10890.965187251835,10951.183092002217,330284,0.16949998784929754,0
2024-11-28,10928.52734375,11119.516916869114,10888.580359671467,11103.617696970106,326140,-1.2755961277434613,0
2024-11-29,11131.5908203125,11162.246115640115,10846.249118865117,10846.249118865117,367574,1.858104666578253,0
2024-12-02,11575.177734375,11705.799949111826,11136.111254329418,11136.111254329418,633694,3.984937294434676,0
2024-12-03,11777.6943359375,11859.82413041784,11551.727259427964,11601.2133863926,501811,1.7495766044359096,0
2024-12-04,11692.68359375,11845.26622555256,11674.051695441041,11791.457885483109,306770,-0.7217944341457838,0
2024-12-05,11857.6376953125,11926.35252267418,11649.009930594804,11671.020800729215,436371,1.410746303360777,0
2024-12-06,11773.869140625,11881.039431180663,11743.5612528089,11863.799102833429,193324,-0.706452303907168,0
2024-12-09,11740.380859375,11815.107384433668,11644.190776349345,11783.706814368757,268177,-0.28442885554461617,0
2024-12-10,11671.8154296875,11732.729119524343,11621.335602512168,11671.02066280508,232758,-0.5840136747586766,0
2024-12-11,11823.5537109375,11989.00496049594,11740.877577135943,11776.352904006415,527029,1.3000401022796426,0
2024-12-12,11782.265625,11868.767120286535,11716.631854891464,11868.767120286535,247809,-0.349201999220472,0
2024-12-13,12007.7861328125,12042.167805635307,11656.114895416276,11725.673978338624,408880,1.9140674212435371,0
2024-12-16,11867.2763671875,12068.848263811251,11796.2267326676,11974.099244262874,214946,-1.1701554647200352,0
2024-12-17,11700.7822265625,11898.727701165708,11609.610140780389,11855.50169864231,244639,-1.4029684274089127,0
2024-12-18,11689.8515625,11780.327863735583,11626.304175934738,11700.831766806115,222900,-0.0934182335065259,0
2024-12-19,11597.2880859375,11685.926429467774,11499.160089771689,11564.694879774317,162249,-0.7918276469774499,0
2024-12-20,11350.849609375,11674.001426184113,11325.858607022827,11591.37478516062,299802,-2.1249664122884315,1
2024-12-23,11400.3359375,11509.494595978358,11303.351089067346,11447.437762290621,149350,0.43597025621877616,0
2024-12-24,11318.6044921875,11514.065719509774,11288.446047821115,11398.746885084156,108000,-0.7169213763574711,0
2024-12-26,11388.4619140625,11724.680323024453,11263.106120969629,11318.603944182416,144283,0.6171911203648683,0
2024-12-27,11334.7021484375,11482.21728461418,11313.288081811548,11419.216240816198,118410,-0.47205466401584184,0
2024-12-30,11217.2470703125,11435.166529854292,11168.904086949211,11347.521885888937,164726,-1.0362431812219408,0
2024-12-31,11354.3779296875,11392.784871299564,11123.541322583305,11199.013126868389,241737,1.2225001242767375,0
2025-01-01,11374.8974609375,11448.332366649267,11233.791892714113,11339.124218289317,107951,0.18071911448664935,0
2025-01-02,11723.388671875,11754.640768245554,11382.896572451866,11427.563634828524,267609,3.0636866146200648,0
2025-01-03,11711.7626953125,11786.936581517122,11639.222505531588,11724.680811300881,237651,-0.09916907890626936,0
2025-01-06,11431.140625,11780.079186151483,11378.077563682778,11727.611957383935,139820,-2.3960703235971104,1
2025-01-07,11545.3671875,11561.863210101614,11412.808026172694,11442.420128630969,197212,0.9992577840411299,0
2025-01-08,11331.7216796875,11556.696030540992,11298.38319687837,11545.367448142104,159583,-1.8504869039055794,0
2025-01-09,11188.876953125,11360.439859226393,11112.56089248645,11331.721505418207,196555,-1.260573905715967,0
2025-01-10,10796.7626953125,11216.154101352107,10769.28646840049,11132.683198828146,228618,-3.5045005808468033,1
2025-01-13,10548.2880859375,10761.78440878189,10526.675084008506,10632.603247826984,225902,-2.30138066740021,1
2025-01-14,10417.71484375,10665.394865193155,10396.10184288184,10503.421571330631,344404,-1.237861927202899,0
2025-01-15,10455.376953125,10576.360078089616,10400.822367337809,10473.610982562926,371459,0.3615198720628765,0
2025-01-16,10569.205078125,10739.524884468565,10483.547839139053,10523.295887818254,375910,1.088704171167909,0
2025-01-17,10513.359375,10656.402866060658,10433.962255827646,10569.205580129064,297759,-0.5283812993711612,0
2025-01-20,10557.529296875,10585.70033876699,10418.212189426713,10520.712860142645,332061,0.4201313804608642,0
2025-01-21,10600.60546875,10898.964254091437,10575.017662846447,10610.244564473604,593842,0.4080137564737907,0
2025-01-22,10626.392578125,10729.786997508902,10539.940570709745,10632.603210841613,249552,0.2432607217674354,0
2025-01-23,11348.962890625,11498.564418363723,10622.61677448987,10622.666265469643,1510866,6.799770544779693,0
2025-01-24,11214.7626953125,11536.573422527046,11151.713128278296,11180.132595435898,545939,-1.1824886256642686,0
2025-01-27,11168.705078125,11288.446077450064,11079.768817215512,11189.075953528849,414994,-0.4106873987333781,0
2025-01-28,11225.1962890625,11339.720353654197,10996.297603225323,11144.359083695283,436707,0.5057991104818749,0
2025-01-29,11472.130859375,11502.041847608094,11189.919719836485,11225.1961122788,377755,2.1998240739282693,0
2025-01-30,11407.09375,11539.354989312547,11377.878547050908,11472.130716108024,274820,-0.5669139427733394,0
2025-01-31,11415.09375,11525.940931633188,11320.39421386548,11416.286385596026,361656,0.07013179846970807,0
2025-02-01,11188.2314453125,11712.756244530274,10730.234166242388,11472.18156806422,513602,-1.9873888875200918,0
2025-02-03,11104.263671875,11211.731876045065,10882.419875596068,11050.205937607108,450593,-0.7505008619810072,0
2025-02-04,11446.59375,11475.112198569002,11042.157355103933,11129.552600718614,314752,3.0828705823336744,0
2025-02-05,11512.724609375,11559.577040427426,11360.986236484783,11446.543524779727,236897,0.5777339601573672,0
2025-02-06,11405.056640625,11546.361152297473,11256.349830977499,11504.278292572117,308664,-0.9352084098522062,0
2025-02-07,11567.2783203125,11659.096703482743,11402.771273342905,11428.656996683774,310549,1.4223662783897417,0
2025-02-10,11459.66015625,11540.54782210563,11417.626789566499,11447.437825570589,262455,-0.930367205512117,0
2025-02-11,11229.0224609375,11443.065116534337,11169.449880092348,11424.582662433819,301338,-2.012605017668978,1
2025-02-12,11406.19921875,11525.940213292786,11004.842916097241,11228.823554634751,347198,1.5778466774721167,0
2025-02-13,11473.7216796875,11576.520265282821,11350.254302737316,11427.56406379971,336128,0.5919803752550967,0
2025-02-14,11192.9013671875,11516.003714784456,11111.56730854429,11516.003714784456,279199,-2.4475084923591073,1
2025-02-17,11417.7255859375,11437.401645709446,10973.840043380607,11148.333583123786,166053,2.0086321801162432,0
2025-02-18,11237.66796875,11388.411665532802,11180.132280696362,11377.878820902439,268795,-1.577000741805057,0
2025-02-19,11220.4267578125,11387.815921526633,11160.25834333906,11218.886715011839,157580,-0.15342338806809686,0
2025-02-20,11216.501953125,11258.635274709473,11174.369601951914,11219.979907534664,142187,-0.03497910348879696,0
2025-02-21,11086.97265625,11218.886489866454,10920.77613141119,11194.043959995182,320240,-1.1548100951287443,0
2025-02-24,10973.0947265625,11099.642183706392,10905.919944528914,10939.308886433044,175294,-1.0271327730145052,0
2025-02-25,10895.08984375,10984.621937350865,10772.71514782285,10973.09539112608,296499,-0.7108740492659193,0
2025-02-27,10381.8427734375,10731.97300454629,10199.747027781657,10731.97300454629,1722295,-4.71081081177982,1
2025-02-28,10064.6533203125,10423.925802482623,9984.560419697713,10423.925802482623,1230856,-3.0552326792748774,1
2025-03-03,10275.6650390625,10554.89507257187,10218.37874788646,10254.2509725678,835344,2.096562216645226,0
2025-03-04,10304.7802734375,10388.94695791404,10175.500137395467,10185.437149248393,352922,0.28334160625438365,0
2025-03-05,10398.2880859375,10440.619368057665,10230.402077428054,10322.468879955872,310832,0.9074217015673236,0
2025-03-06,10427.4033203125,10473.610425129247,10252.213996562667,10473.411490811215,365920,0.2800002667205925,0
2025-03-07,10515.744140625,10542.77203738208,10380.898691476878,10434.85647344528,302339,0.8471986514649643,0
2025-03-10,10453.8359375,10578.545442055174,10411.007802586231,10522.30234051595,165649,-0.5887191842737338,0
2025-03-11,10373.4951171875,10442.358415369632,10291.017918660156,10345.42305865259,180753,-0.7685295693641181,0
2025-03-12,10454.134765625,10483.34899942105,10296.732103270338,10413.98884793217,299765,0.777362379087565,0
2025-03-13,10386.263671875,10453.736369879332,10314.71718721423,10453.736369879332,219474,-0.6492272700862056,0
2025-03-17,10480.666015625,10510.72547829385,10382.190610385149,10480.070183042399,212061,0.9089153398409433,0
2025-03-18,10480.666015625,10480.666015625,10480.666015625,10480.666015625,0,0.0,0
2025-03-19,10864.3837890625,10876.158760274215,10632.602981086937,10642.539993218794,269175,3.661196462757599,0
2025-03-20,10879.1904296875,11169.201743373818,10747.8724249405,10862.29750890126,549251,0.1362860601436644,0
2025-03-21,10907.609375,10994.30980253718,10817.083586102777,10949.593249652675,656565,0.2612229788252485,0
2025-03-24,10981.5908203125,11008.17232723045,10785.483307588787,10949.54395683198,294688,0.6782553607215247,0
2025-03-25,11349.2607421875,11406.547036153188,11134.124424754587,11169.201884276848,754457,3.3480570155184353,0
2025-03-26,11330.2802734375,11414.645895038862,11228.823767209815,11309.313565895123,401569,-0.16723969235674652,0
2025-03-27,11526.5361328125,11556.695546692432,11278.508699704244,11328.690610658874,406112,1.7321359634421274,0
2025-03-28,11437.0537109375,11625.310601615727,11386.474900960851,11512.525512865972,280960,-0.7763166734911064,0
2025-04-01,11306.978515625,11492.800639500425,11265.739915941416,11278.50858816084,263144,-1.1373138449818243,0
2025-04-02,11180.0830078125,11288.445932474628,11107.691291218789,11288.445932474628,376468,-1.1222760142079014,0
2025-04-03,11533.4921875,11576.668699574844,11084.73710488325,11118.522946350398,361884,3.161060427194884,0
2025-04-04,11426.22265625,11540.348850552944,11349.061370143812,11525.940183197452,222191,-0.9300698305952704,0
2025-04-07,11121.1064453125,11228.873539220589,10945.668684906554,11129.453923919988,484513,-2.670315642506804,1
2025-04-08,11199.4599609375,11470.04460548321,11169.996331989567,11246.461833939711,602120,0.7045478434209773,0
2025-04-09,11325.2626953125,11351.049436964524,11109.580031976135,11217.744025428809,230611,1.1232928624575367,0
2025-04-11,11430.197265625,11767.756780122269,11381.902806033031,11767.756780122269,351037,0.9265530799204447,0
2025-04-15,11645.1845703125,11674.99560684372,11508.053802268885,11674.99560684372,345260,1.8808713418625667,0
2025-04-16,11654.1279296875,11752.50435064922,11593.51215515553,11593.51215515553,268150,0.0767987773916401,0
2025-04-17,11826.0380859375,11846.905811322315,11526.934022088479,11593.512003078129,290473,1.4751009881406763,0
2025-04-21,11858.830078125,12033.721488695639,11706.793795072115,11741.573336946958,230595,0.277286373925123,0
2025-04-22,11883.6728515625,11941.30752213618,11775.359418932656,11858.83032114281,334667,0.20948755715224365,0
2025-04-23,11873.736328125,11964.163142574693,11751.511073429261,11964.163142574693,267716,-0.08361491907102891,0
2025-04-24,12082.4130859375,12111.230421202916,11795.233434499392,11802.189343011734,339743,1.757464980237211,0
2025-04-25,12159.921875,12226.499856991093,11785.296513647136,12072.476167310208,412558,0.64150090309949,0
2025-04-28,12037.6962890625,12261.279058175845,11925.408053907797,12154.9530301975,516745,-1.005151079044253,0
2025-04-29,11794.240234375,12145.016778543368,11725.674847554554,12124.149052119754,516495,-2.0224472261250237,1
2025-04-30,11567.67578125,11849.88692478363,11427.56391069281,11794.239657044605,630392,-1.9209753966572984,0
2025-05-02,11539.8525390625,11675.98960940191,11408.683974939857,11567.676173876394,189474,-0.2405257781567416,0
2025-05-05,11596.4931640625,11654.127834458011,11578.606542215617,11628.291602901403,145699,0.49082624590106594,0
2025-05-06,11619.3486328125,11655.121877555615,11471.287147625715,11625.310840269685,273048,0.19708948581824703,0
2025-05-07,11584.568359375,11626.303808945575,11480.229735448565,11577.612451113238,217460,-0.29933066419302046,0
2025-05-08,11557.7392578125,11666.052694241145,11466.318742661719,11527.928220263333,388912,-0.2315934502711836,0
2025-05-09,11292.4208984375,11485.198939118323,11241.742135165738,11407.690242349745,200270,-2.2955904563745633,1
2025-05-12,11662.0771484375,11692.881885281531,11492.154245201064,11516.996774913992,182795,3.2734898329121576,0
2025-05-13,11587.5498046875,11674.001809919282,11493.148189779231,11626.304151860368,307678,-0.6390572005432582,0
2025-05-14,11598.48046875,11667.045851918587,11550.782810893592,11602.455273571368,179337,0.09433110749674789,0
2025-05-15,11819.08203125,11856.842676717253,11569.663030926833,11598.480365625526,371371,1.901986756751195,0
2025-05-16,11830.0126953125,11914.477296665005,11782.315038078144,11874.729248969708,209706,0.09248318975703107,0
2025-05-19,11853.8623046875,11915.471782673134,11805.170943053692,11829.01977324168,128237,0.20160256788608333,0
2025-05-20,11623.3232421875,11904.540689185797,11595.499607855514,11893.60997569823,158934,-1.9448434322443142,0
2025-05-21,11592.5185546875,11834.98165492269,11560.720115312391,11623.323292832134,173017,-0.26502478558104725,0
2025-05-22,11606.4306640625,11626.304689172195,11444.457359418477,11592.518846485713,175370,0.12000937768070763,0
2025-05-23,11672.0146484375,11800.202107116918,11587.550043881294,11653.134325066114,181463,0.5650659214126108,0
2025-05-26,11615.3740234375,11809.145769059052,11571.651168015202,11725.674863252845,198003,-0.4852686250490845,0
2025-05-27,11349.0615234375,11648.165587753645,11303.35126776128,11602.455332077423,478345,-2.2927587132591243,1
2025-05-28,11167.2138671875,11397.75254107854,11129.453222326038,11382.847023370066,201200,-1.6023144810208056,0
2025-05-29,11198.01953125,11265.591217124966,11080.762782231675,11178.145505992656,350206,0.27585810058690097,0
2025-05-30,11139.390625,11238.760746543265,11099.642576382694,11194.044191848796,394181,-0.523564957949807,0
2025-06-02,11124.4853515625,11148.334181257676,10949.593933797873,11109.579833003014,314936,-0.1338069014659382,0
2025-06-03,10965.4931640625,11220.874382292139,10930.713620723835,11208.949967433167,349615,-1.4292093744154077,0
2025-06-04,10963.505859375,10985.36728681144,10851.217618451463,10970.461768104777,345047,-0.01812325864205544,0
2025-06-05,11088.7119140625,11109.579639682655,10933.694523741347,10968.474066441606,191183,1.1420257013903479,0
2025-06-06,11182.1201171875,11239.754789434623,11049.957851517374,11109.579926255778,143723,0.8423719891806458,0
2025-06-09,11189.076171875,11246.710844874,11095.668253566275,11189.076171875,209231,0.062206939422937424,0
2025-06-10,11319.2509765625,11411.665193121215,11263.603706376607,11338.131300375571,279918,1.1634097640224272,0
2025-06-11,11391.791015625,11445.450882586249,11268.572061862134,11308.32011146306,237747,0.6408554701428537,0
2025-06-12,11251.6787109375,11432.532329712614,11208.949559248875,11402.721293650782,262530,-1.229940967977039,0
2025-06-13,11153.302734375,11179.138966653487,10948.600278630056,11041.014494087725,181355,-0.8743226596656273,0
2025-06-16,11422.595703125,11445.450831543605,11126.472734918714,11199.012925116898,401104,2.414468388094826,0
2025-06-17,11311.30078125,11436.507132689647,11288.445653606255,11427.563821872529,121415,-0.9743400253985346,0
2025-06-18,11334.15625,11406.69643992197,11271.553072396107,11311.30112166842,156816,0.20205871271574694,0
2025-06-19,11348.068359375,11412.658941105243,11281.49037512998,11328.194334227233,157757,0.1227449936999081,0
2025-06-20,11385.828125,11452.406104086664,11298.382421124978,11348.067480144877,629895,0.3327417885512274,0
2025-06-23,11376.8857421875,11417.6274939064,11249.691980723617,11329.188081638544,304907,-0.0785395907467179,0
2025-06-24,11506.06640625,11749.52320472407,11441.475827063003,11486.19238188477,735700,1.1354659525451227,0
2025-06-25,11659.0966796875,11696.857326907148,11560.720256667892,11561.713957910515,253134,1.329996438699288,0
2025-06-26,11875.7236328125,11910.503176545111,11607.42429544664,11616.367606692169,506580,1.8580080350685035,0
2025-06-27,12136.0732421875,12168.865383102278,11841.937675194336,11904.540853304368,501287,2.19228417084123,0
2025-06-30,12016.8291015625,12193.707922374384,11942.301508523784,12138.060652905477,333104,-0.9825595004690824,0
2025-07-01,12133.091796875,12147.997315052979,11984.036615095209,12028.753169629146,207437,0.9674989494307118,0
2025-07-02,12357.66796875,12448.094776819817,12093.34345285361,12133.091500356826,445829,1.8509393618273196,0
2025-07-03,12319.908203125,12495.793325882954,12298.046775437571,12357.668850948741,275755,-0.3055573731264416,0
2025-07-04,12427.2275390625,12463.000783217805,12263.266836684017,12321.895209049657,191516,0.8711049966287687,0
2025-07-07,12267.2412109375,12421.264895643479,12228.486864463091,12397.416067043843,149939,-1.2873855220089547,0
2025-07-08,12366.611328125,12416.29638769963,12227.49316131604,12267.241208975744,219226,0.8100445363290021,0
2025-07-09,12482.875,12500.761622353128,12298.046569017672,12331.832411240248,379924,0.9401417153831471,0
2025-07-10,12437.1640625,12587.212941809485,12403.378222125679,12439.15146487496,269323,-0.366189179175469,0
2025-07-11,12416.296875,12557.40244972989,12373.567722088836,12437.164600840335,240034,-0.16778091368045978,0
2025-07-14,12437.1640625,12499.767237311242,12351.705760376717,12416.296337562919,278918,0.16806289113475703,0
2025-07-15,12423.2529296875,12465.982083101078,12346.737934039927,12465.982083101078,154124,-0.11185132513000795,0
2025-07-16,12374.5615234375,12436.171000226477,12319.907955318247,12425.240286602626,156311,-0.39193765534342173,0
2025-07-17,12416.296875,12468.963040216086,12353.693697478991,12386.485838085233,166142,0.33726731636876117,0
2025-07-18,12419.2783203125,12478.900395782075,12362.637348616403,12441.139747984676,98339,0.0240123552337268,0
2025-07-21,12497.7802734375,12633.917340898814,12296.058925301393,12480.88735265763,512521,0.6320975430319953,0
2025-07-22,12373.5673828125,12619.01158001413,12217.556293902962,12569.326519851857,533617,-0.9938796162787367,0
2025-07-23,12294.0712890625,12436.170561155608,12280.159472214224,12381.516994965952,189617,-0.6424670532802379,0
2025-07-24,12226.5,12320.901617360209,12152.966108582574,12294.071684005201,180080,-0.5496249978850787,0
2025-07-25,12250.0,12345.0,12193.0,12245.0,290381,0.19220545536335898,0
2025-07-28,12240.0,12368.0,12210.0,12274.0,214107,-0.08163265306122547,0
2025-07-29,12221.0,12262.0,12122.0,12200.0,208446,-0.1552287581699341,0
2025-07-30,12268.0,12381.0,12201.0,12205.0,185681,0.3845839129367423,0
2025-07-31,12249.0,12329.0,12155.0,12201.0,150379,-0.15487447016628852,0
2025-08-01,12113.0,12289.0,12075.0,12181.0,212570,-1.1102947179361555,0
2025-08-04,12257.0,12290.0,12132.0,12158.0,207875,1.1888054156691252,0
2025-08-05,12298.0,12378.0,12262.0,12330.0,267535,0.33450273313209156,0
2025-08-06,12226.0,12390.0,12208.0,12298.0,192086,-0.5854610505773294,0
2025-08-07,12273.0,12309.0,12125.0,12204.0,202031,0.3844266317683642,0
2025-08-08,12157.0,12315.0,12135.0,12285.0,201770,-0.9451641815367062,0
2025-08-11,12405.0,12425.0,12161.0,12161.0,218605,2.0399769680019775,0
2025-08-12,12449.0,12530.0,12397.0,12447.0,334100,0.35469568722288347,0
2025-08-13,12401.0,12517.0,12388.0,12485.0,207359,-0.3855731384046934,0
2025-08-14,12317.0,12428.0,12225.0,12413.0,235741,-0.6773647286509199,0
2025-08-18,12765.0,12904.0,12556.0,12628.0,808480,3.637249330194048,0
2025-08-19,12863.0,12880.0,12629.0,12787.0,351252,0.7677242459851241,0
2025-08-20,12874.0,12930.0,12765.0,12850.0,290957,0.08551659799425071,0
2025-08-21,12870.0,12906.0,12790.0,12890.0,155457,-0.0310703743980123,0
2025-08-22,12589.0,12864.0,12563.0,12864.0,226948,-2.1833721833721786,1
2025-08-25,12606.0,12731.0,12556.0,12648.0,199190,0.1350385256970288,0
2025-08-26,12610.0,12770.0,12480.0,12581.0,290322,0.03173092178327952,0
2025-08-28,12521.0,12648.0,12472.0,12570.0,283677,-0.7057890563045177,0
2025-08-29,12640.0,12729.0,12521.0,12521.0,177858,0.9504033224183361,0
2025-09-01,12826.0,12852.0,12636.0,12639.0,214241,1.471518987341769,0
2025-09-02,12730.0,12848.0,12687.0,12788.0,214101,-0.7484796507094993,0
2025-09-03,12733.0,12770.0,12657.0,12700.0,140022,0.023566378633144147,0
2025-09-04,12651.0,13097.0,12634.0,13000.0,305040,-0.6439959161234632,0
2025-09-05,12601.0,12738.0,12530.0,12680.0,153774,-0.39522567385977814,0
2025-09-08,12664.0,12743.0,12601.0,12601.0,126448,0.4999603206094827,0
2025-09-09,12572.0,12708.0,12533.0,12699.0,240234,-0.726468730259,0
2025-09-10,12478.0,12626.0,12420.0,12625.0,175576,-0.7476932866687824,0
2025-09-11,12392.0,12517.0,12360.0,12478.0,132660,-0.6892130149062314,0
2025-09-12,12370.0,12479.0,12343.0,12396.0,153086,-0.17753389283409193,0
2025-09-15,12435.0,12481.0,12324.0,12370.0,179530,0.5254648342764678,0
2025-09-16,12578.0,12599.0,12446.0,12497.0,189043,1.1499798954563767,0
2025-09-17,12721.0,12800.0,12614.0,12678.0,264319,1.1369057083797207,0
2025-09-18,12626.0,12749.0,12562.0,12730.0,190079,-0.7467966354846367,0
2025-09-19,12508.0,12644.0,12484.0,12602.0,571670,-0.9345794392523366,0
2025-09-22,12650.0,12706.0,12542.0,12547.0,499548,1.1352734250079877,0
2025-09-23,12401.0,12698.0,12361.0,12650.0,403638,-1.9683794466403115,0
2025-09-24,12214.0,12448.0,12200.0,12427.0,166517,-1.5079429078300177,0
2025-09-25,12141.0,12275.0,12120.0,12210.0,272540,-0.597674799410508,0
2025-09-26,12070.0,12199.0,11990.0,12140.0,181541,-0.5847953216374324,0
2025-09-29,12041.0,12146.0,11962.0,12100.0,214806,-0.24026512013255452,0
2025-09-30,12222.0,12261.0,12041.0,12041.0,279155,1.5031974088530964,0
2025-10-01,12095.0,12274.0,12071.0,12274.0,129528,-1.0391098019963962,0
2025-10-03,12019.0,12139.0,11982.0,12095.0,258411,-0.6283588259611395,0
2025-10-06,12055.0,12100.0,11991.0,12019.0,106362,0.2995257508944249,0
2025-10-07,12184.0,12210.0,12025.0,12059.0,225472,1.0700953961012116,0
2025-10-08,11991.0,12182.0,11940.0,12150.0,173973,-1.5840446487196291,0
2025-10-09,12192.0,12211.0,11973.0,11991.0,171737,1.6762571928946812,0
2025-10-10,12281.0,12324.0,12111.0,12180.0,198464,0.7299868766404094,0
2025-10-13,12172.0,12249.0,12150.0,12225.0,87745,-0.8875498737887844,0
2025-10-14,12070.0,12251.0,12026.0,12172.0,129196,-0.8379888268156388,0
2025-10-15,12311.0,12325.0,12085.0,12085.0,142328,1.9966859983429952,0
2025-10-16,12358.0,12405.0,12268.0,12306.0,129372,0.3817723986678567,0
2025-10-17,12370.0,12390.0,12259.0,12300.0,182242,0.09710309111505833,0
2025-10-20,12346.0,12448.0,12175.0,12420.0,393365,-0.1940177849636182,0
2025-10-21,12342.0,12417.0,12271.0,12371.0,14465,-0.03239915762189849,0
2025-10-23,12145.0,12415.0,12112.0,12390.0,370812,-1.596175660346788,0
2025-10-24,11918.0,12174.0,11876.0,12149.0,318840,-1.8690819267188186,0
2025-10-27,12015.0,12049.0,11920.0,11922.0,408073,0.8138949488169178,0
2025-10-28,11931.0,12048.0,11866.0,12025.0,513095,-0.6991260923845166,0
2025-10-29,11999.0,12060.0,11899.0,11940.0,394272,0.5699438437683391,0
2025-10-30,12053.0,12084.0,11950.0,12040.0,159943,0.4500375031252668,0
2025-10-31,11947.0,12102.0,11917.0,12053.0,175191,-0.8794490998091709,0
2025-11-03,11950.0,11984.0,11885.0,11927.0,98394,0.025110906503722497,0
2025-11-04,11819.0,11960.0,11785.0,11960.0,199364,-1.096234309623434,0
2025-11-06,11910.0,11985.0,11798.0,11800.0,189652,0.7699466959979695,0
2025-11-07,11849.0,11951.0,11834.0,11871.0,148161,-0.5121746431570151,0
2025-11-10,11728.0,11890.0,11701.0,11851.0,197085,-1.0211832222128403,0
2025-11-11,11825.0,11849.0,11720.0,11750.0,125847,0.8270804911323371,0
2025-11-12,11921.0,11949.0,11831.0,11861.0,184542,0.8118393234672228,0
2025-11-13,11934.0,12016.0,11907.0,11921.0,174415,0.10905125408942062,0
2025-11-14,11874.0,11941.0,11786.0,11941.0,161315,-0.5027652086475598,0
2025-11-17,11778.0,11855.0,11745.0,11810.0,194379,-0.8084891359272373,0
2025-11-18,11707.0,11888.0,11688.0,11888.0,318116,-0.6028188147393476,0
2025-11-19,11666.0,11754.0,11638.0,11707.0,271396,-0.3502178183992455,0
2025-11-20,11753.0,11773.0,11661.0,11720.0,185397,0.7457569003943121,0
2025-11-21,11729.0,11788.0,11691.0,11758.0,192051,-0.20420318216625155,0
2025-11-24,11584.0,11738.0,11561.0,11738.0,407297,-1.2362520248955566,0
2025-11-25,11580.0,11647.0,11538.0,11600.0,200149,-0.034530386740327934,0
2025-11-26,11759.0,11773.0,11585.0,11589.0,187481,1.5457685664939547,0
2025-11-27,11617.0,11787.0,11599.0,11776.0,275290,-1.207585679054346,0
2025-11-28,11600.0,11640.0,11557.0,11620.0,159990,-0.14633726435396843,0
2025-12-01,11662.0,12021.0,11556.0,11620.0,228729,0.5344827586206913,0
2025-12-02,11666.0,11713.0,11590.0,11702.0,190930,0.03429943405934832,0
2025-12-03,11591.0,11702.0,11520.0,11700.0,206293,-0.6428938796502637,0
2025-12-04,11608.0,11631.0,11524.0,11580.0,159687,0.14666551634889835,0
2025-12-05,11597.0,11665.0,11561.0,11630.0,226572,-0.09476223294280217,0
2025-12-08,11540.0,11632.0,11490.0,11610.0,148186,-0.4915064240751943,0
2025-12-09,11414.0,11525.0,11379.0,11500.0,274482,-1.0918544194107427,0
2025-12-10,11317.0,11499.0,11297.0,11425.0,272923,-0.849833537760647,0
2025-12-11,11472.0,11484.0,11266.0,11340.0,196507,1.3696209242732182,0
2025-12-12,11723.0,11738.0,11481.0,11491.0,389481,2.187935843793576,0
2025-12-15,11728.0,11804.0,11658.0,11658.0,178073,0.042651198498688814,0
2025-12-16,11528.0,11700.0,11510.0,11700.0,179690,-1.7053206002728527,0
2025-12-17,11540.0,11591.0,11495.0,11505.0,205337,0.1040943789035298,0
2025-12-18,11461.0,11565.0,11412.0,11545.0,103462,-0.6845753899480056,0
2025-12-19,11496.0,11529.0,11442.0,11503.0,152956,0.30538347439141855,0
2025-12-22,11532.0,11548.0,11431.0,11496.0,170807,0.31315240083507057,0
2025-12-23,11678.0,11750.0,11530.0,11550.0,161830,1.2660423170308688,0
2025-12-24,11764.0,11790.0,11671.0,11715.0,182050,0.7364274704572793,0
2025-12-26,11794.0,11855.0,11743.0,11766.0,193121,0.2550153009180489,0
2025-12-29,11799.0,11820.0,11731.0,11778.0,197600,0.0423944378497465,0
2025-12-30,11705.0,11811.0,11651.0,11810.0,236323,-0.7966776845495405,0
2025-12-31,11784.0,11794.0,11680.0,11681.0,172267,0.6749252456215382,0
2026-01-01,11901.0,11915.0,11784.0,11792.0,71887,0.9928716904276991,0
2026-01-02,11899.0,11970.0,11821.0,11903.0,206244,-0.016805310478107405,0
2026-01-05,12087.0,12114.0,11860.0,11931.0,302803,1.5799647029162145,0
2026-01-06,12204.0,12225.0,12066.0,12100.0,225766,0.967982129560685,0
2026-01-07,12184.0,12250.0,12078.0,12230.0,246825,-0.16388069485414603,0
2026-01-08,12064.0,12188.0,12034.0,12165.0,229175,-0.9848982271831952,0
2026-01-09,11937.0,12065.0,11852.0,12058.0,263833,-1.0527188328912418,0
2026-01-12,12098.0,12124.0,11786.0,11870.0,275484,1.348747591522148,0
2026-01-13,12044.0,12199.0,11936.0,12050.0,290750,-0.4463547693833725,0
2026-01-14,12255.0,12323.0,11942.0,12074.0,408660,1.751909664563267,0
2026-01-15,12255.0,12255.0,12255.0,12255.0,0,0.0,0
2026-01-16,12378.0,12405.0,11800.0,11800.0,454481,1.0036719706242314,0
2026-01-19,12297.0,12395.0,12233.0,12350.0,257602,-0.6543868153174981,0
2026-01-20,12059.0,12399.0,11995.0,12225.0,298026,-1.9354314060339939,0
2026-01-21,12231.0,12280.0,11984.0,12059.0,209393,1.4263205904303744,0
2026-01-22,12364.0,12400.0,12165.0,12293.0,286236,1.087400866650312,0
2026-01-23,12369.0,12554.0,12283.0,12375.0,356421,0.04043998705920426,0
2026-01-27,12589.0,12825.0,12500.0,12544.0,926373,1.778640148758992,0
2026-01-28,12767.0,12790.0,12561.0,12640.0,456847,1.4139327984748595,0
2026-01-29,12717.0,12758.0,12554.0,12758.0,285262,-0.391634683167541,0
2026-01-30,12694.0,12725.0,12536.0,12649.0,296876,-0.1808602657859537,0
2026-02-02,12535.0,12600.0,12191.0,12380.0,259656,-1.252560264691982,0
2026-02-03,12590.0,12952.0,12575.0,12800.0,296810,0.43877143996808865,0
2026-02-04,12806.0,12839.0,12585.0,12600.0,159977,1.7156473391580551,0
2026-02-05,12773.0,12834.0,12732.0,12762.0,172331,-0.2576917070123419,0
2026-02-06,12722.0,12775.0,12622.0,12725.0,124704,-0.3992797306819118,0
2026-02-09,13048.0,13071.0,12722.0,12809.0,235298,2.5624901745008755,0
2026-02-10,13023.0,13110.0,12968.0,13060.0,167157,-0.19160024524831343,0
2026-02-11,12969.0,13087.0,12907.0,13087.0,92473,-0.4146510020732519,0
2026-02-12,13029.0,13071.0,12900.0,12969.0,179716,0.4626416840157299,0
2026-02-13,12963.0,13025.0,12873.0,13012.0,178236,-0.5065622841353923,0
2026-02-16,12981.0,12997.0,12861.0,12897.0,81768,0.13885674612357235,0
2026-02-17,12984.0,13008.0,12838.0,12955.0,136174,0.023110700254225236,0
2026-02-18,13052.0,13095.0,12986.0,12986.0,161603,0.5237215033887965,0
2026-02-19,12688.0,13059.0,12637.0,13039.0,195303,-2.7888446215139417,1
2026-02-20,12766.0,12838.0,12578.0,12650.0,120589,0.6147540983606481,0
2026-02-23,12976.0,12996.0,12759.0,12830.0,134369,1.644994516684939,0
2026-02-24,12960.0,13010.0,12900.0,12972.0,332450,-0.12330456226880004,0
2026-02-25,13041.0,13061.0,12866.0,12961.0,201537,0.6250000000000089,0
2026-02-26,12937.0,13089.0,12830.0,13089.0,209041,-0.7974848554558656,0
2026-02-27,12677.0,12897.0,12640.0,12895.0,272915,-2.0097395068408463,1
2026-03-02,12521.0,12622.0,12325.0,12375.0,237506,-1.2305750571901863,0
2026-03-04,12107.0,12500.0,11888.0,12175.0,394665,-3.30644517211085,1
2026-03-05,12288.0,12330.0,12030.0,12107.0,284992,1.495002890889574,0
2026-03-06,11987.0,12208.0,11948.0,12160.0,296585,-2.449544270833337,1
2026-03-09,11378.0,11808.0,11329.0,11766.0,590742,-5.080503879202469,1
2026-03-10,11654.0,11759.0,11531.0,11606.0,460885,2.425733872385294,0
2026-03-11,11462.0,11663.0,11430.0,11650.0,231139,-1.6475030032606863,0
2026-03-12,11089.0,11405.0,11059.0,11401.0,535730,-3.254231373233296,1
2026-03-13,10616.0,11000.0,10573.0,11000.0,723904,-4.265488321760302,1
2026-03-16,11099.0,11151.0,10652.0,10670.0,728077,4.549736247174074,0
2026-03-17,11116.0,11160.0,10991.0,11090.0,332933,0.15316695197764574,0
2026-03-18,11247.0,11287.0,11116.0,11124.0,211865,1.1784814681540023,0
2026-03-19,10814.0,11132.0,10778.0,11080.0,283817,-3.849915533031034,1
2026-03-20,10934.0,10974.0,10853.0,10920.0,365914,1.1096726465692708,0
2026-03-23,10362.0,10877.0,10325.0,10877.0,644386,-5.231388329979881,1
2026-03-24,10764.0,10867.0,10472.0,10650.0,369647,3.8795599305153416,0
2026-03-25,11204.0,11236.0,10801.0,10801.0,456437,4.0876997398736625,0
2026-03-27,11049.0,11174.0,10970.0,11174.0,418469,-1.3834344876829663,0
2026-03-30,10745.0,10990.0,10687.0,10985.0,632265,-2.751380215404109,1
2026-04-01,10714.0,11112.0,10643.0,10802.0,431636,-0.28850628199162953,0
2026-04-02,10620.0,10663.0,10365.0,10639.0,333524,-0.8773567295127904,0
2026-04-06,10955.0,10976.0,10540.0,10611.0,374420,3.1544256120527248,0
2026-04-07,10936.0,10954.0,10765.0,10922.0,263658,-0.17343678685531883,0
2026-04-08,11603.0,11776.0,11349.0,11400.0,612764,6.099122165325532,0
2026-04-09,11448.0,11562.0,11390.0,11425.0,330553,-1.3358614151512516,0
2026-04-10,11589.0,11643.0,11476.0,11500.0,420339,1.2316561844863738,0
2026-04-13,11502.0,11522.0,11282.0,11366.0,220442,-0.7507118819570335,0
2026-04-15,11785.0,11950.0,11711.0,11840.0,274811,2.4604416623196013,0
2026-04-16,11826.0,11859.0,11710.0,11840.0,308549,0.34789987271954814,0
2026-04-17,11886.0,11930.0,11737.0,11820.0,165109,0.5073566717402445,0
2026-04-20,11917.0,12062.0,11816.0,11970.0,335624,0.2608110381961959,0
2026-04-21,12039.0,12065.0,11800.0,11800.0,320111,1.0237475874800728,0
2026-04-22,12193.0,12222.0,12001.0,12013.0,312307,1.2791760112966122,0
2026-04-23,12167.0,12213.0,11936.0,12105.0,227223,-0.2132371032559699,0
2026-04-24,11998.0,12246.0,11954.0,12203.0,349586,-1.3890030410125709,0
2026-04-27,12010.0,12240.0,11869.0,12148.0,567601,0.10001666944490228,0
2026-04-28,11817.0,12282.0,11790.0,12282.0,509322,-1.6069941715237346,0
2026-04-29,11833.0,12060.0,11817.0,11870.0,361932,0.13539815520013931,0
2026-04-30,11586.0,11777.0,11484.0,11777.0,719688,-2.0873827431758696,1
2026-05-01,11586.0,11586.0,11586.0,11586.0,0,0.0,0
2026-05-04,11758.0,11798.0,11590.0,11670.0,461238,1.4845503193509302,0
2026-05-05,11963.0,11987.0,11624.0,11671.0,350047,1.743493791461126,0
2026-05-06,12093.0,12141.0,11942.0,12022.0,355092,1.0866839421549868,0
2026-05-07,12146.0,12275.0,12120.0,12270.0,227651,0.4382700735962919,0
2026-05-08,11950.0,12110.0,11877.0,12090.0,258727,-1.6136999835336785,0
2026-05-11,11866.0,11937.0,11773.0,11801.0,198930,-0.7029288702928849,0
2026-05-12,11516.0,11866.0,11503.0,11866.0,343980,-2.9496039103320437,1
2026-05-13,11573.0,11652.0,11431.0,11500.0,453482,0.494963529003134,0
2026-05-14,11692.0,11769.0,11550.0,11600.0,220410,1.0282554221031637,0
2026-05-15,11487.0,11730.0,11463.0,11685.0,284388,-1.7533356140951084,0
2026-05-18,11561.0,11599.0,11253.0,11447.0,233668,0.6442064942979053,0
2026-05-19,11368.0,11556.0,11347.0,11540.0,347784,-1.6694057607473445,0
2026-05-20,11409.0,11430.0,11211.0,11300.0,168245,0.36066150598170754,0
2026-05-21,11474.0,11517.0,11373.0,11484.0,244967,0.5697256551844943,0
2026-05-22,11569.0,11650.0,11511.0,11531.0,340427,0.8279588635175195,0
2026-05-25,11726.0,11796.0,11614.0,11690.0,229618,1.3570749416544237,0
2026-05-26,11623.0,11749.0,11580.0,11690.0,210716,-0.8783899027801412,0
2026-05-27,11689.0,11750.0,11601.0,11640.0,243628,0.5678396283231413,0
2026-05-28,11689.0,11689.0,11689.0,11689.0,0,0.0,0
2026-05-29,11482.0,11779.0,11338.0,11600.0,1776975,-1.770895713919074,0
2026-06-01,11232.0,11570.0,11211.0,11507.0,497866,-2.177321024211809,1
2026-06-02,11165.0,11201.0,11074.0,11142.0,413041,-0.5965099715099731,0
2026-06-03,11101.0,11239.0,11020.0,11180.0,412934,-0.5732198835647129,0
2026-06-04,10997.0,11150.0,10961.0,11060.0,541327,-0.9368525358075863,0
2026-06-05,10912.0,11121.0,10846.0,11100.0,424664,-0.7729380740201908,0
2026-06-08,10795.0,10895.0,10750.0,10758.0,285585,-1.0722140762463361,0
2026-06-09,10911.0,10983.0,10772.0,10811.0,257371,1.0745715609078221,0
2026-06-10,10866.0,10957.0,10814.0,10924.0,470400,-0.4124278251306013,0
2026-06-11,10830.0,10938.0,10706.0,10798.0,236130,-0.331308669243513,0
2026-06-12,11117.0,11154.0,10843.0,10950.0,192524,2.650046168051712,0
2026-06-15,11466.0,11565.0,11242.0,11242.0,404414,3.1393361518395224,0
2026-06-16,11391.0,11511.0,11368.0,11485.0,234423,-0.6541077969649423,0
2026-06-17,11373.0,11420.0,11314.0,11380.0,177587,-0.1580194890703157,0
2026-06-18,11430.0,11460.0,11235.0,11390.0,321556,0.5011870218939674,0
2026-06-19,11367.0,11476.0,11300.0,11311.0,403613,-0.5511811023622082,0
2026-06-22,11402.0,11418.0,11315.0,11371.0,226862,0.30790885897773457,0
2026-06-23,11307.0,11423.0,11266.0,11358.0,324599,-0.8331871601473417,0
2026-06-24,11430.0,11479.0,11275.0,11307.0,233046,1.0878217033695847,0
2026-06-25,11489.0,11674.0,11451.0,11487.0,402451,0.5161854768154006,0
2026-06-26,11489.0,11489.0,11489.0,11489.0,0,0.0,0
2026-06-29,11336.0,11539.0,11313.0,11457.0,230886,-1.3317085908260085,0
2026-06-30,11253.0,11377.0,11219.0,11317.0,331714,-0.7321806633733274,0
2026-07-01,11456.0,11485.0,11298.0,11300.0,119013,1.8039633875410965,0
2026-07-02,11536.0,11568.0,11443.0,11531.0,137631,0.6983240223463749,0
2026-07-03,11723.0,11744.0,11577.0,11577.0,157877,1.6210124826629757,0
2026-07-06,11661.0,11751.0,11628.0,11723.0,158010,-0.5288748613836103,0
2026-07-07,11649.0,11750.0,11608.0,11655.0,152287,-0.10290712631849663,0
2026-07-08,11353.0,11600.0,11288.0,11556.0,213785,-2.5409906429736506,1
2026-07-09,11524.0,11610.0,11358.0,11358.0,161622,1.5062098123843848,0
2026-07-10,11711.0,11725.0,11584.0,11584.0,135130,1.6227004512322063,0
2026-07-13,11571.0,11639.0,11535.0,11600.0,121301,-1.1954572624028659,0
2026-07-14,11496.0,11543.0,11355.0,11462.0,404659,-0.6481721545242403,0
2026-07-15,11812.0,11855.0,11504.0,11504.0,379635,2.7487821851078564,0
2026-07-16,11771.0,11876.0,11706.0,11860.0,260149,-0.3471046393498156,0
2026-07-17,11727.0,11802.0,11663.0,11770.0,247044,-0.3738000169909106,0
2026-07-20,11903.0,12001.0,11652.0,11768.0,456048,1.500810096358829,0
2026-07-21,12094.0,12126.0,11926.0,12070.0,830840,1.6046374863479818,0
2026-07-22,11893.0,12172.0,11856.0,12081.0,283753,-1.661981147676539,0
2026-07-23,11908.0,11968.0,11760.0,11793.0,415137,0.12612461111578543,0
2026-07-24,11846.0,11899.0,11690.0,11750.0,229015,-0.5206583809203913,0
