Date,Close,High,Low,Open,Volume,Daily_Change_%,Crash_Signal
2020-01-01,112.42518615722656,112.8563673646177,111.74437153747073,111.88053584654278,2827732,,0
2020-01-02,112.69752502441406,113.42372319616688,111.81246732336261,111.92593643697447,2887932,0.2422400856038065,0
2020-01-03,113.9683837890625,114.69458198188775,112.26634703549588,113.24217867063197,6762808,1.1276722930456007,0
2020-01-06,114.44493865966797,115.48885583018962,113.53718580279777,113.92298353720948,9133390,0.41814655500203024,0
2020-01-07,115.82926940917969,116.35123148544182,113.55988714440107,114.94421171103704,8805574,1.209604169240186,0
2020-01-08,115.6477279663086,116.26045705617533,114.62650589092526,115.284625398829,5588820,-0.1567319243202525,0
2020-01-09,115.1257553100586,116.4193059238994,114.67187887370811,115.3980839421108,4990046,-0.45134709123041405,0
2020-01-10,114.26339721679688,115.829269596911,113.92298987652836,115.26192402979682,4113154,-0.7490574901673375,0
2020-01-13,115.6477279663086,117.05474089258458,114.76267021943079,115.284625398829,13927198,1.2115259857758076,0
2020-01-14,116.73703002929688,117.25898518347994,115.53425326547598,116.5781704994472,14593554,0.9419139330654414,0
2020-01-15,112.67483520507812,116.19237789526687,111.9259417896672,115.28462494296011,20280902,-3.479782570448542,1
2020-01-16,113.67337036132812,114.64920901162027,112.10749778947087,112.56137429873998,17623672,0.886209555516615,0
2020-01-17,113.9683837890625,115.23923235790802,113.31025737053253,114.37686983967637,8281636,0.25952729895897253,0
2020-01-20,112.56135559082031,113.83221099067633,112.1982530586322,113.83221099067633,3817166,-1.2345776534362196,0
2020-01-21,112.15287780761719,112.65213776613955,111.65361092348955,112.51597344086788,3015884,-0.3628934469197542,0
2020-01-22,111.58553314208984,114.35417545924352,111.3812831896986,112.83369343707696,6800848,-0.5058672382001195,0
2020-01-23,112.87907409667969,113.06062883584946,111.35859211266187,111.85785206276714,3393088,1.1592371503416077,0
2020-01-24,112.83351135253906,113.6765685328094,112.21830163827377,113.31200007078422,3421554,-0.04036420789702566,0
2020-01-27,111.80816650390625,112.97021848127154,111.53473841889968,112.97021848127154,3306994,-0.9087236906323071,0
2020-01-28,111.21573638916016,112.14994083968384,110.19039156741664,112.0587935148994,4272362,-0.5298630084640488,0
2020-01-29,112.44615173339844,112.742359686022,110.85117085774739,111.46638054835299,4009378,1.1063320571226276,0
2020-01-30,109.68912506103516,112.83352047753291,109.46127062303817,112.83352047753291,4294930,-2.4518639632061245,1
2020-01-31,107.91184997558594,108.98276153053514,107.09157270880554,108.45869916891795,11107276,-1.620283765104591,0
2020-02-03,108.1852798461914,109.43847920266128,107.20550858528655,108.32199389397391,8463660,0.25338261800471606,0
2020-02-04,109.48405456542969,109.93976342938569,108.41313595370691,108.91441848548469,6329512,1.2005096451982888,0
2020-02-05,110.39545440673828,110.7372359993288,108.1396972863537,110.09924647458556,7751206,0.8324498438847305,0
2020-02-06,111.03345489501953,112.08158660650341,110.12203722478398,110.62331972483953,6112396,0.5779227883157434,0
2020-02-07,111.170166015625,112.56007931693165,110.71445719247953,112.56007931693165,5519024,0.12312606208166876,0
2020-02-10,109.78025817871094,111.94487519639732,109.11948174297233,111.83094798494014,4517992,-1.2502525513173324,0
2020-02-11,109.93975067138672,110.6916674282315,109.27897428604363,109.62075589434846,5460620,0.14528340097008652,0
2020-02-12,111.39802551269531,112.62843800064542,110.14482619183472,110.14482619183472,6838800,1.3264309154815468,0
2020-02-13,111.07903289794922,112.01323743713733,110.50939683180589,112.01323743713733,4829910,-0.2863539216947264,0
2020-02-14,110.69166564941406,111.8081577814528,110.28153050746499,111.10180774492764,3619586,-0.348731203746655,0
2020-02-17,111.10181427001953,111.64866347592331,110.25875015214271,110.691672150418,2035556,0.3705325222085776,0
2020-02-18,111.21573638916016,111.58030482760411,109.93975033138864,111.0790223555481,2505274,0.1025384867827217,0
2020-02-19,112.83351135253906,113.1752929818942,111.42081116977842,111.42081116977842,3570768,1.4546277495462334,0
2020-02-20,111.96765899658203,113.26643195344063,111.69423786862994,113.01579070431082,4241614,-0.767371630624647,0
2020-02-24,111.28410339355469,112.92465808826245,110.4638260462008,111.64867187610812,7043950,-0.6104937882538075,0
2020-02-25,111.23854064941406,112.40059273327749,110.48661682351725,111.26132053061477,5059572,-0.040942724747927706,0
2020-02-26,109.32453918457031,110.94230682780211,108.64097597928063,110.76002608781734,7988388,-1.7206279888874354,0
2020-02-27,105.54216766357422,108.89162338730657,105.04088516984099,108.89162338730657,9733628,-3.459764430939327,1
2020-02-28,100.91670989990234,104.5851670408498,100.11921951941656,104.12945825200077,11274618,-4.382568471036108,1
2020-03-02,100.62052154541016,103.44591519527276,99.52681606724146,102.89906593297123,11532350,-0.2934978308210545,0
2020-03-03,101.94206237792969,102.89905368825212,100.52936919788802,102.07877641562787,10346226,1.313390958645666,0
2020-03-04,104.28897857666016,104.6991137817566,101.37243761147079,102.48892296184714,9036356,2.3022059236252668,0
2020-03-05,104.67632293701172,106.59029874340986,104.19782724702085,104.38011496174207,5941556,0.3714144731668201,0
2020-03-06,101.87371063232422,102.9901958783455,101.41800180100411,102.5344870470254,5868566,-2.6774080575737824,1
2020-03-09,97.7039794921875,100.71166083240966,97.06598985205095,100.34709234366068,17462228,-4.093039425240763,1
2020-03-11,97.11155700683594,97.70397293855464,92.82788972010817,92.82788972010817,12270332,-0.6063442742359704,0
2020-03-12,90.73162841796875,94.30893846605524,90.00249152796191,92.96459884407204,10764010,-6.5696903494381065,1
2020-03-13,89.95692443847656,93.16967322990041,77.12872305961766,90.6860613817661,13043196,-0.8538411499939169,0
2020-03-16,81.9136734008789,88.38473828161207,81.36682412076563,88.38473828161207,11201148,-8.941225022759202,1
2020-03-17,78.8832015991211,84.55677516669986,77.81228306251555,81.36681334276072,12175374,-3.6995921144043042,1
2020-03-18,77.44772338867188,81.34403573474685,76.78694689806635,80.52375835343122,12733198,-1.819751457026575,0
2020-03-19,73.98433685302734,78.08571662909392,72.63999014135317,75.19196256122078,11980172,-4.471902315660725,1
2020-03-20,81.66301727294922,84.67069819712154,74.05268154489451,74.32610961202458,20319490,10.378791980221248,0
2020-03-23,77.53885650634766,80.66046484828647,75.19195875687721,75.19195875687721,10720786,-5.050218451783417,1
2020-03-24,80.36425018310547,82.825074937654,76.58186572783946,76.78693329845775,12061562,3.6438423315238166,0
2020-03-25,79.58954620361328,85.67326200508097,77.56164325431241,80.84274551485782,13456292,-0.9639908015405707,0
2020-03-26,83.21243286132812,85.12640850421644,78.60977102290875,80.63767387017808,10247690,4.551962953082356,0
2020-03-27,83.62256622314453,86.35681906967787,82.71114860763342,83.46306535900426,13535120,0.4928751001666898,0
2020-03-30,83.91878509521484,85.39983891329295,81.73138809598264,82.5288786134093,7334804,0.3542331758629169,0
2020-03-31,89.63793182373047,91.05063207828715,84.6023475046005,85.21755725013189,10615252,6.81509714663604,0
2020-04-01,86.35682678222656,89.18222025193467,85.21755466108901,89.18222025193467,9875668,-3.6603979752188764,1
2020-04-03,82.02759552001953,86.40240339584675,81.00225057601929,85.6732664320204,13147474,-5.013189371958315,1
2020-04-07,87.45052337646484,87.81509183818521,83.41750432558493,85.78718889641978,9562862,6.611101815268738,0
2020-04-08,87.90623474121094,91.14177037080046,86.03783262074867,87.26824513004144,10275308,0.5211076471026921,0
2020-04-09,89.63793182373047,92.48611221310654,88.88601498236135,90.41263549892767,6930346,1.969936589386978,0
2020-04-13,86.22010803222656,90.2303470705181,83.3491410529062,90.2303470705181,12384376,-3.812921295668581,1
2020-04-15,85.01248931884766,88.22523817615601,84.67070767346519,86.60747033063255,22652006,-1.400623057590622,0
2020-04-16,85.60491943359375,86.47076356001469,82.02760179606136,82.02760179606136,43380846,0.6968742116515658,0
2020-04-17,85.2175521850586,88.29358682275456,84.55677576471098,87.72395077873678,13212894,-0.45250582688258767,0
2020-04-20,82.52887725830078,86.12897446785924,82.09594827881111,86.12897446785924,16203026,-3.1550717637595094,1
2020-04-21,81.13895416259766,81.98201128014153,79.20219174035384,81.57187613685689,18086618,-1.6841657634005025,0
2020-04-22,81.3667984008789,81.79972032105756,79.77181778180535,80.66044845029074,10621898,0.28080746249781185,0
2020-04-23,82.43772888183594,83.21243949625004,80.7060408000204,81.75416560104604,11104460,1.3161762561687107,0
2020-04-24,81.00224304199219,82.39215633862962,80.72881496759751,82.0048010588313,9282278,-1.741297169772027,0
2020-04-27,82.96178436279297,83.3491326516612,79.97689047844035,82.02757997788754,18283250,2.4191198258361135,0
2020-04-28,81.890869140625,83.37192272563807,81.1161655791772,82.98457442169637,13329834,-1.2908536507421853,0
2020-04-29,82.32379913330078,83.14407643570219,81.75416308351717,82.07316483424803,10060582,0.5286669896400031,0
2020-04-30,87.01760864257812,87.7695324615095,83.64536573536151,84.30614221607165,17667854,5.701643459963512,0
2020-05-04,86.60746765136719,87.17710370938255,83.41750572648122,84.07828216306599,17140740,-0.4713310301315832,0
2020-05-05,83.94156646728516,88.40751446499263,83.03014879238832,87.24545553878616,13864778,-3.07814240085329,1
2020-05-06,85.2403564453125,85.6732785365659,82.48331603786399,84.62514661056485,10885580,1.5472548734642988,0
2020-05-07,83.89601135253906,84.48842736025904,82.57445136912176,83.85043768106861,11402138,-1.5771227958624623,0
2020-05-08,83.85043334960938,84.76185110340948,83.18965686881742,84.39728261117631,8227344,-0.05432678168472149,0
2020-05-11,84.16942596435547,86.56189750530896,83.89600481752862,84.30614001455162,8787666,0.3804304903423317,0
2020-05-12,85.2403564453125,85.6732785365659,83.21245310470813,83.94158321798587,7030818,1.27235093822613,0
2020-05-13,86.44796752929688,87.26824485072166,84.3744908692847,87.26824485072166,10560968,1.4167128509829041,0
2020-05-14,84.76185607910156,85.37706588045694,83.44030303993983,84.19221994953772,10324394,-1.9504350401574166,0
2020-05-15,83.75927734375,84.7618352952389,83.23520806091504,84.7618352952389,6849030,-1.1828182884715654,0
2020-05-18,83.0301513671875,84.30613754232493,81.84531252521829,82.96179782087658,14454486,-0.8705017517882219,0
2020-05-19,84.03271484375,84.76185183450535,81.11618078785996,83.05294353139033,11486668,1.2074691663860992,0
2020-05-20,84.2833480834961,84.71627008829809,83.03014878068953,84.3061349160783,15415706,0.29825674466441576,0
2020-05-21,86.17454528808594,87.35938411180786,83.57699931123086,83.57699931123086,14258230,2.2438562866728073,0
2020-05-22,86.12897491455078,86.97203909064318,84.96691592578424,86.15176174836294,9177652,-0.052881478379507296,0
2020-05-26,86.03783416748047,88.04295037025864,84.62513391991037,86.12897454877668,11822268,-0.10581891536586285,0
2020-05-27,91.7114028930664,93.64816543863427,85.5365467982488,86.4023977554652,36165936,6.594271904313431,0
2020-05-28,90.8455581665039,92.73674703217137,89.34171763472868,92.73674703217137,24695246,-0.9440971343247839,0
2020-05-29,96.97484588623047,97.93183031108653,89.38728926648619,90.84556316761689,61260422,6.746931653491139,0
2020-06-01,98.00019836425781,100.71166487399844,97.24827452224456,98.2052659744193,26749248,1.0573386001873963,0
2020-06-02,98.36476135253906,99.59517389808728,96.13178374051815,98.02297970357759,12812554,0.3720022962873992,0
2020-06-03,96.3140640258789,99.0938837174313,95.94949557107526,98.47868096891725,16844202,-2.0847885954914935,1
2020-06-04,98.54704284667969,100.23316426999071,95.76721596645697,96.31407217169557,14794936,2.3184348447811365,0
2020-06-05,99.68630981445312,100.36987308175223,97.97740164620537,100.25594587053571,14491168,1.156064083572672,0
2020-06-08,103.19526672363281,103.58262202392483,98.36475713109067,99.80023721369724,24427392,3.519998799946489,0
2020-06-09,99.5040283203125,103.1269122194284,98.95717214767492,102.12435415886802,15690504,-3.5769454554595237,1
2020-06-10,98.8888168334961,100.73443899921213,98.25082724825437,100.25594333349835,14787292,-0.6182779704515973,0
2020-06-11,97.02040100097656,99.185017806831,96.76976672315025,98.88880986745566,12497490,-1.8894106455591198,0
2020-06-12,94.74186706542969,95.47100400633133,94.01273707809325,94.78744073182298,12418688,-2.3485101195612867,1
2020-06-15,97.43055725097656,99.29895943537178,94.85579797775921,96.5874930647726,28511450,2.83791133616782,0
2020-06-16,96.79256439208984,99.2989632595773,95.51658507694881,99.09389565204148,15921712,-0.6548180333642906,0
2020-06-17,99.25337982177734,99.68630179887668,96.17734536626915,96.61026734336849,27938908,2.54235998926442,0
2020-06-18,99.41287994384766,99.93694927818729,97.817899015411,98.79767718644682,12408426,0.1606999402506082,0
2020-06-19,101.19014739990234,102.12435189495596,97.97739874792035,99.34452524207737,22447354,1.7877637757386822,0
2020-06-22,99.36732482910156,101.05344633094532,98.79768871675125,100.78001821559084,12961806,-1.801383452478833,0
2020-06-23,100.52937316894531,101.30407680841718,97.06598319375162,97.97740087632206,14850298,1.169447141545077,0
2020-06-24,99.43567657470703,102.07878947870816,99.13946858309242,102.07878947870816,16492172,-1.0879373458344999,0
2020-06-25,99.43567657470703,101.1673717155054,98.11412359948932,98.86604047270531,10193692,0.0,0
2020-06-26,102.73955535888672,104.81303194680831,99.48123997327062,99.93694880782196,38389012,3.3226291588587475,0
2020-06-29,100.11923217773438,102.94462563510679,99.66352333126898,101.19015074835411,13374148,-2.5504521330651175,1
2020-06-30,100.09645080566406,101.14458260043047,99.34453394939986,100.07367092495011,11001386,-0.022754241692413135,0
2020-07-01,99.82303619384766,101.34965684065578,99.50404135373596,100.71166716043238,7905234,-0.2731511553264121,0
2020-07-02,102.16991424560547,102.73955026052695,100.05087105152337,100.71164743811939,14359882,2.3510385390406174,0
2020-07-03,102.44334411621094,104.12946535932512,101.46356598117252,102.16991604281306,10838912,0.2676226877788901,0
2020-07-06,101.46356964111328,103.5598330699396,100.98508092575435,102.94462335938525,15175628,-0.956406180948377,0
2020-07-07,102.48890686035156,104.08388766847172,101.16735411504924,101.7142032871204,18235138,1.0105471578271796,0
2020-07-08,101.66864013671875,103.76489652860657,101.39521206433287,103.28640087871362,14152368,-0.8003468363171118,0
2020-07-09,100.9850845336914,102.35221109170944,100.09644670812747,102.1927102118479,13417996,-0.6723367226198151,0
2020-07-10,101.21292877197266,101.82813148901555,100.02808309286371,100.7116463030655,9097518,0.22562167406536826,0
2020-07-13,103.7193374633789,104.35732707454831,101.41800637080355,102.05599598197294,24694620,2.476372062163179,0
2020-07-14,102.53448486328125,105.58773257738599,102.12434970525403,104.08389207534492,27877134,-1.1423642197058936,0
2020-07-15,119.73749542236328,122.44896853141147,107.09157535396906,107.54728418526255,260735176,16.777780258047237,0
2020-07-16,119.35014343261719,122.33504470435612,116.22854202412931,119.62357152037552,104555854,-0.32350099555678025,0
2020-07-17,119.0995101928711,120.23878231274335,117.11717392286731,117.84631086101163,37713024,-0.20999827276084737,0
2020-07-20,123.40596008300781,124.65915951257249,118.02860082081921,119.09951947841896,42789980,3.6158418142633986,0
2020-07-21,123.65658569335938,128.32760089456565,122.76794797027833,126.91490083277505,65998100,0.20309036142418524,0
2020-07-22,121.21855926513672,124.3401678020749,120.14764064057866,124.15788703573398,25167708,-1.971610662345491,0
2020-07-23,121.49199676513672,122.33506102019354,119.64636735696389,122.2666935587881,20736656,0.22557395637901045,0
2020-07-24,123.29203796386719,123.86167409178587,121.01349345219245,121.67427692343094,44244246,1.4816129841130454,0
2020-07-27,122.5173110961914,124.49964711611156,121.74260058956052,123.29200769569367,27980494,-0.628367314280931,0
2020-07-28,125.5250015258789,126.11741743607817,122.72238112381787,122.72238112381787,28087614,2.4549105777599722,0
2020-07-29,126.23133087158203,126.68703964729171,124.11228784595764,124.77305722645978,21567278,0.5627001291511613,0
2020-07-30,129.46688842773438,130.69729399139348,127.64405300856777,127.64405300856777,51694590,2.5631968971664865,0
2020-07-31,128.03138732910156,132.5201076872842,126.9604689144647,131.97326549545332,33401320,-1.1087785580280451,0
2020-08-03,128.30479431152344,129.78584776416673,127.37059692732252,128.96557756863066,17817526,0.2135468404470986,0
2020-08-04,128.07696533203125,129.12510401987188,126.80098612880731,128.30481975454484,16239042,-0.17756856297904688,0
2020-08-05,126.77820587158203,129.6263861445136,126.41363045236864,128.16811228192054,14690906,-1.014046091022125,0
2020-08-06,127.43896484375,129.53522813322448,126.5731208935905,127.91746743442987,20305210,0.5211928719335734,0
2020-08-07,126.41363525390625,128.44154524811123,125.95792639292813,128.07696981505026,14642400,-0.804565221555964,0
2020-08-10,126.41363525390625,128.1453372699016,126.04907372797605,127.59848107387553,12621492,0.0,0
2020-08-11,127.43896484375,129.71750887423767,126.82375517409251,127.14275690121242,20157816,0.8110909774759145,0
2020-08-12,125.8667984008789,127.91748836384458,125.11486762208641,127.78076735536806,17807334,-1.2336622828023502,0
2020-08-13,126.23133087158203,128.44152121519963,125.22876600216946,126.64146598829511,19307912,0.2896176555966079,0
2020-08-14,126.00349426269531,127.94025683273675,125.73006617726344,126.91491194271481,13163422,-0.18049133072873813,0
2020-08-17,128.48712158203125,130.51501771118885,126.52756509488165,126.96049408464742,29094008,1.9710781307048508,0
2020-08-18,128.82887268066406,130.97069551945683,128.37316391830888,129.7630700806411,24108414,0.2659808192641444,0
2020-08-19,127.48455047607422,130.30995090202435,127.25669605163083,130.10487635717314,18745042,-1.0434945029148102,0
2020-08-20,124.95536804199219,127.14276488577723,124.49965920727614,127.14276488577723,19783530,-1.9839128934738604,0
2020-08-21,124.56800842285156,127.11998059001729,124.27180047200409,127.11998059001729,15939272,-0.30999838199063934,0
2020-08-24,124.27180480957031,125.06929527044952,123.90722939746185,124.63636631454882,12309628,-0.23778465838176777,0
2020-08-25,123.01862335205078,125.1832406311717,122.74519523010385,125.02373973444165,15592276,-1.008419777470737,0
2020-08-26,123.9755859375,125.18322550457874,122.12997067485524,123.01860848702069,19265334,0.7779005807198924,0
2020-08-27,124.1123046875,125.41107765593651,123.72494939415857,124.40851265047989,12380336,0.11027876897384825,0
2020-08-28,123.9755859375,125.31993259546714,123.63380430314874,125.18322550457874,15199568,-0.11015728887174836,0
2020-08-31,123.63378143310547,128.50987074404625,122.12994808299432,124.86420065201658,41141934,-0.2757030763838042,0
2020-09-01,123.7705078125,127.32503074465006,122.5856621994072,123.49707976222807,24586106,0.11058982246572313,0
2020-09-02,124.72754669189453,126.00352620452998,123.58827430306515,124.36297118318893,16863810,0.7732366104891142,0
2020-09-03,128.89723205566406,131.17577597071158,125.09206093610902,125.54776971911852,49790330,3.343034858265592,0
2020-09-04,125.77565002441406,127.37063109356424,125.36551481663027,127.0060695548967,21415428,-2.421760329113931,1
2020-09-07,127.02883911132812,127.37062074122407,123.72495002233394,126.00349422164027,16651534,0.9963686028820362,0
2020-09-08,128.76052856445312,130.76565860772996,126.91491330544862,128.60104159444134,44589722,1.3632254417497602,0
2020-09-09,128.89723205566406,131.90491280495246,126.91489606814704,127.50731192320804,45588720,0.10616878692177867,0
2020-09-10,129.6719207763672,130.72005925798408,128.09973391463316,130.62891194405998,19035804,0.601012689216307,0
2020-09-11,133.65939331054688,136.00630489379583,128.7377435449545,128.7377435449545,83871852,3.075047018896626,0
2020-09-14,139.9937744140625,140.60897028037928,133.5910562639259,133.6366299336501,76179084,4.739196360706344,0
2020-09-15,140.0621337890625,141.83939572515612,137.9658700587663,139.99378023519967,56312624,0.048830296408608476,0
2020-09-16,142.24949645996094,142.86470610980209,138.55825246804272,139.9025989655797,29986974,1.5617088014614033,0
2020-09-17,142.04444885253906,144.32299301823824,139.9937591034098,140.01653898221483,53623304,-0.14414645571668716,0
2020-09-18,144.23182678222656,145.37109871573546,142.29506449526144,143.09255484871767,36975462,1.5399249652890523,0
2020-09-21,142.13558959960938,147.8775239744983,141.2469656734709,143.95842502610552,45477692,-1.4533804565772135,0
2020-09-22,142.29507446289062,144.3457640868554,138.5126969415405,143.73055441824016,47020668,0.11220614325413436,0
2020-09-23,143.4799346923828,146.64710286638672,141.79380637879046,143.54828823868942,44278872,0.8326783157917239,0
2020-09-24,138.8544921875,142.81915083906827,137.8291472747811,142.81915083906827,35838302,-3.2237556525235633,1
2020-09-25,143.0469970703125,143.66220676413042,138.6266298218478,139.58360722653165,44013790,3.0193512768396547,0
2020-09-28,141.97607421875,144.45969279655827,141.08745038336414,143.54827517639072,24921524,-0.7486510541959146,0
2020-09-29,141.95330810546875,145.16604996522827,141.49759925119758,143.54828909541783,29660738,-0.016035175931239376,0
2020-09-30,142.88751220703125,143.93565096390998,141.0874704948882,142.18116901356635,24786634,0.6581066084549558,0
2020-10-01,142.65966796875,144.84707906962313,142.20395906112628,144.18629559071587,18514618,-0.15945706854432196,0
2020-10-05,152.18397521972656,153.11817279445967,143.6394343271786,143.6394343271786,77811262,6.676243809191318,0
2020-10-06,150.4066925048828,152.79916384212143,147.19395084344282,152.6624567571311,55159848,-1.1678514194925382,0
2020-10-07,152.7991485595703,153.36878453527274,148.33320807291454,149.01677124375746,35479916,1.5906579786067798,0
2020-10-08,163.8045654296875,167.5869436389721,157.88034988296653,159.95381976146624,214540492,7.202538086019916,0
2020-10-09,170.4351043701172,171.39209570549303,162.80198138027905,164.96659834754658,110861504,4.04783524991299,0
2020-10-12,172.03009033203125,173.07821512087094,168.2021387855393,171.80223590775043,105931918,0.9358318333589244,0
2020-10-13,171.32374572753906,173.94407158455982,169.9566191934413,171.93894154217884,72176286,-0.4105936369206642,0
2020-10-14,159.7031707763672,166.3337289283293,158.72338563094812,166.3337289283293,148263902,-6.782816300113115,1
2020-10-15,155.67015075683594,161.43486510623217,154.46252504840604,159.95381129791812,77922358,-2.525322446589806,1
2020-10-16,154.78147888183594,158.63222349975715,154.30299024257775,156.2625323645552,50488458,-0.5708685131217917,0
2020-10-19,156.3992919921875,157.90312572192477,154.32580825964106,156.05751033478074,25693748,1.045223964804376,0
2020-10-20,158.01702880859375,159.2702280276958,155.7840584359832,157.10561119470134,33993548,1.0343632607282327,0
2020-10-21,156.51321411132812,159.5436752601607,154.5308777815372,159.31582082931416,19934922,-0.9516788846138824,0
2020-10-22,156.9689178466797,158.6778260222185,155.32836321673634,155.3967167623318,19082496,0.29115991128225716,0
2020-10-23,156.03469848632812,158.17653552102124,155.53341599872658,158.08538819341018,17346096,-0.5951620060629215,0
2020-10-26,154.849853515625,157.17397130970613,153.43716728069523,156.62712906277096,17390338,-0.7593471081734693,0
2020-10-27,152.22950744628906,154.8270529706792,150.86238115074224,154.16626969831376,19821156,-1.692185048836059,0
2020-10-28,152.9586639404297,154.87264656340903,152.38902791062984,153.00423760423962,17969178,0.4789849920508349,0
2020-10-29,153.77894592285156,154.94099784382848,150.9079720302912,152.04724407326052,14479922,0.5362769007588364,0
2020-10-30,155.260009765625,157.2195522452499,154.2346648596777,154.59922637449571,22991068,0.9631122348285892,0
2020-11-02,152.57130432128906,155.73848611978826,152.0700357550195,155.73848611978826,9662266,-1.731743704251154,0
2020-11-03,152.9586639404297,154.69036581529903,151.59153746891005,152.89031039827964,9515596,0.25388759758184776,0
2020-11-04,156.28536987304688,160.20445521349598,153.80175085199167,154.0296052976983,30763800,2.1749051978597223,0
2020-11-05,157.40184020996094,159.04239491602232,156.78663045679653,158.5639061675228,11204872,0.7143793035912394,0
2020-11-06,157.5613250732422,159.04237874348956,156.49040656102198,157.7436058204621,10915586,0.10132337910948586,0
2020-11-09,160.38673400878906,160.77407540241722,158.1309696568834,159.49809619570374,14214570,1.793212220215512,0
2020-11-10,155.98912048339844,159.83986550021103,155.46505813203672,159.83986550021103,18099240,-2.741881086717335,1
2020-11-11,158.01702880859375,158.47273761553993,155.6245575721262,156.9916839929648,15275758,1.3000318989625503,0
2020-11-12,157.47019958496094,159.81711146746323,156.90056347894222,158.58669191561023,10228848,-0.3460571482426622,0
2020-11-13,156.83218383789062,157.78917511822846,156.17141440910984,156.99168470246846,9455776,-0.4051660242711974,0
2020-11-14,157.4246063232422,158.38158365200982,156.35368789038526,158.1993029182983,1498484,0.3777429293236878,0
2020-11-17,158.90570068359375,159.72597114946856,156.62715615935025,158.1309899824981,13307668,0.9408277364914674,0
2020-11-18,157.35623168945312,160.56898684122694,155.7612510048801,159.38414126554713,14815616,-0.9750871035305808,0
2020-11-19,156.1258544921875,159.27024276973472,155.67014564306095,158.44997240415907,22113702,-0.7819056061877494,0
2020-11-20,157.8119659423828,158.81453095458951,155.87520336976587,156.67269384084344,12362786,1.0799693975604097,0
2020-11-23,162.1639862060547,162.8703293134521,157.67525155240006,158.58666919143127,20666694,2.757725143136991,0
2020-11-24,162.00448608398438,164.69316535008448,161.77663167317706,163.5994669596354,20184882,-0.09835730226046557,0
2020-11-25,159.4981231689453,163.50835613148288,159.2930485905893,163.09822088190356,13624676,-1.547094759919021,0
2020-11-26,161.70828247070312,162.4146256003082,158.22211267322825,159.95380067898063,14732740,1.385696118453228,0
2020-11-27,159.7259521484375,162.91591410289988,158.51832647567426,161.70828843013663,24804168,-1.2258681447716024,0
2020-12-01,160.79685974121094,161.2753484388318,157.78917875109983,160.72850619971217,21387134,0.6704656183725399,0
2020-12-02,163.55389404296875,164.19188361471683,161.41207091587663,161.52599812180057,18868154,1.7146070552590542,0
2020-12-03,164.19189453125,165.87802285388068,163.14376972991562,165.87802285388068,21394090,0.390085783046934,0
2020-12-04,164.4197235107422,165.14886034570932,163.59945326335944,164.55644449005825,14854786,0.13875775058360684,0
2020-12-07,163.34884643554688,165.30838897076288,162.91591745567948,164.96660732575097,16784766,-0.6513069431876017,0
2020-12-08,165.74130249023438,166.33371839014202,163.32603741316836,164.1918813850062,23626602,1.4646299051958689,0
2020-12-09,163.8273468017578,167.58694516368965,162.91592901704706,167.58694516368965,36275376,-1.1547849930703458,0
2020-12-10,162.186767578125,163.1437588893488,160.75128756485415,162.32348856951677,13794794,-1.0014074302369225,0
2020-12-11,161.09307861328125,164.0551861408239,160.70572330902266,162.87034034838075,11727232,-0.6743392085404976,0
2020-12-14,159.20188903808594,161.57156670650164,158.1765441287472,161.09307797832906,23003678,-1.1739732032406525,0
2020-12-15,160.72850036621094,161.2753425854834,158.35880902797666,159.17907931044985,14463562,0.9589153353323443,0
2020-12-16,163.32603454589844,163.57668273540483,160.95635708073934,161.27534490311675,13332544,1.6161005507854265,0
2020-12-17,162.64248657226562,163.71340515638485,162.00449696059795,163.32604985058038,8330742,-0.4185174614281806,0
2020-12-18,165.67294311523438,166.69828800459126,162.9159101978157,163.57669357825327,34796162,1.8632625501715072,0
2020-12-21,161.29815673828125,167.45022635508673,158.7461843380321,165.19446193273907,19330126,-2.6406160805088286,1
2020-12-22,165.96917724609375,166.65274055615652,159.2474713638098,161.32094117481444,16372078,2.8958920562195845,0
2020-12-23,175.6985626220703,176.63277422086674,169.38700541847712,170.43513033630208,89748866,5.862164009857174,0
2020-12-24,174.1719207763672,176.22261051592977,172.5541460819899,176.1086833081763,24480344,-0.8688983124961247,0
2020-12-28,174.4909210205078,176.08590204246332,174.0807858248597,174.74156923966504,9451758,0.18315250972642527,0
2020-12-29,175.44789123535156,177.95428968157088,174.58204728081074,174.99218242694806,22918252,0.5484355342082692,0
2020-12-30,175.17445373535156,176.17701862270061,174.44531689974576,175.44788178709481,14376870,-0.15585111800130447,0
2020-12-31,176.01751708984375,176.63272672711742,173.71619330304148,173.71619330304148,12789210,0.4812707198538657,0
2021-01-01,176.860595703125,178.06822129387766,175.47067545879273,175.47067545879273,10084672,0.47897426757299577,0
2021-01-04,180.6429901123047,181.34934719267116,176.7238911177451,177.72645617698038,19511442,2.1386303682527252,0
2021-01-05,185.1544952392578,186.74947617159202,179.32142767814477,179.59485576225666,50313494,2.4974703552838484,0
2021-01-06,185.20008850097656,190.21288624730144,183.7873881728587,184.56209884196153,44972600,0.024624442231258037,0
2021-01-07,185.3595733642578,188.20775365565697,184.03802049047468,187.86597202068907,24689510,0.08611489582543985,0
2021-01-08,196.04595947265625,197.16243784869155,185.5874354480884,185.70136266444698,81986460,5.76521941351158,0
2021-01-11,203.61070251464844,205.52468519013584,198.2333438086676,198.68905264500938,94668036,3.8586579709883218,0
2021-01-12,208.5779571533203,209.96786365590575,201.60560303815643,204.13479563265818,44268930,2.439584254326954,0
2021-01-13,209.1703643798828,213.02110976628626,206.34496391691016,210.08178208959907,58380386,0.28402197175947386,0
2021-01-14,207.05130004882812,212.36030488964337,195.95478777370525,205.98038156677856,143103614,-1.0130805754137162,0
2021-01-15,199.8511199951172,209.35265274549488,198.9624960401414,207.23360927485277,50615558,-3.477486039456379,1
2021-01-18,196.66114807128906,202.79043764845983,195.54466973637915,200.96760225386694,43021174,-1.5961741539932683,0
2021-01-19,196.0687255859375,200.30681217404245,194.90667362352707,197.3219248778871,31355580,-0.3012402252105306,0
2021-01-20,202.76763916015625,204.08919191852632,197.32191335573188,197.77762216255803,48839358,3.4166150436279574,0
2021-01-21,203.1549835205078,206.6411670699163,201.56000267306106,205.79810298341144,31822754,0.19102868779057314,0
2021-01-22,203.1321563720703,206.44347314260995,201.16820855248778,204.3653419861123,22797624,-0.01123632216247783,0
2021-01-25,199.70664978027344,205.98673310669713,198.7475069936497,203.31484032195783,14760338,-1.6863438329884572,0
2021-01-27,203.90863037109375,207.6995119853521,199.70667754941223,200.04922759666678,59180420,2.1040764518575283,0
2021-01-28,197.26315307617188,204.89060644714624,195.16217664419116,202.44707996446422,29624870,-3.259046604760063,1
2021-01-29,190.86888122558594,199.91221072636677,189.7955549695381,199.77518234609008,31264842,-3.2414932798508156,1
2021-02-01,192.51312255859375,193.56360377299723,186.43857408880586,190.0467650572662,30163704,0.8614507102729263,0
2021-02-02,195.64173889160156,198.93021074322073,193.49508650945327,195.48187942682097,26620996,1.6251444532336068,0
2021-02-03,197.993896484375,200.93983200742437,196.48668208649553,196.48668208649553,19795332,1.2022780037120206,0
2021-02-04,196.3496551513672,199.5467884511423,195.59604794695633,197.99389792178766,14386598,-0.830450514992298,0
2021-02-05,194.36288452148438,197.94824434655112,192.07921761868982,197.30882040144797,17358052,-1.0118533838784693,0
2021-02-08,198.81600952148438,199.91218064516698,194.7054096228591,196.5551879402774,25032680,2.2911395922958544,0
2021-02-09,200.66580200195312,206.32929280766646,198.77036136926301,201.0768592331492,58949660,0.9304041887375547,0
2021-02-10,200.50595092773438,202.85812501312532,198.6790174340876,201.87615104796947,21215470,-0.07966034701677449,0
2021-02-11,199.59246826171875,201.19103494116044,197.9482254608997,200.50593493568545,18474052,-0.4555888051147483,0
2021-02-12,201.87615966796875,205.16464567230804,200.78000231265466,200.96269288214083,38561668,1.1441771456303096,0
2021-02-15,200.82566833496094,203.2006734955755,199.5011304114378,203.06365905995406,15689754,-0.5203642345562698,0
2021-02-16,199.84365844726562,204.5251749739069,198.13090849849442,203.70306057385463,24907596,-0.48898624156817894,0
2021-02-17,196.48670959472656,200.50595784403177,195.71025725778497,199.09008154993666,14780384,-1.679787529222443,0
2021-02-18,197.74269104003906,199.43259591460335,196.09844834550523,196.5323366245553,16771472,0.6392195420764635,0
2021-02-19,196.37252807617188,199.0215761826475,194.6141017238265,197.8340665720768,16957332,-0.6929019508436607,0
2021-02-22,191.23426818847656,197.69704260637556,190.00108251028684,196.71506864550406,21332174,-2.6165879402959114,1
2021-02-23,189.77268981933594,194.56838956206283,189.2246042733808,191.69097529178447,17984706,-0.7642868524484925,0
2021-02-24,193.24391174316406,194.4770836074471,189.4301849191378,190.77755407620023,10120594,1.829147243016238,0
2021-02-25,192.42176818847656,195.9386208039053,192.0335559646407,193.24389663880368,18220784,-0.4254434446453348,0
2021-02-26,187.397705078125,191.75951733280533,186.3472238523553,190.89172667607423,23463882,-2.6109640076846796,1
2021-03-01,189.27032470703125,191.23428675787696,186.8953193080706,187.7174338810959,12843392,0.9992756464790142,0
2021-03-02,196.5780487060547,197.81123443715947,191.02874079287704,191.69100978521053,29750468,3.8609982892642947,0
2021-03-03,198.9073944091797,199.43263502809165,195.59607728066865,197.76556091658966,17564904,1.184947006269299,0
2021-03-04,200.41458129882812,202.92661463476256,195.2535002021755,195.8929240818252,25927594,0.7577329611728523,0
2021-03-05,192.2162322998047,200.9626731266134,190.4578061222677,200.9626731266134,87862344,-4.0906948715469404,1
2021-03-08,190.41213989257812,194.18019020946974,189.79554705304386,194.15735911624108,24709676,-0.9385744302867538,0
2021-03-09,191.46263122558594,193.1068601806439,187.28350980602465,191.7366600924982,23811258,0.5516934653433614,0
2021-03-10,194.88815307617188,196.7150867298003,193.19823387120653,194.61411024044807,34582736,1.789133382665109,0
2021-03-12,194.20301818847656,197.6741803582207,192.78714207271506,197.0804326024474,17920252,-0.3515528660315903,0
2021-03-15,194.72828674316406,195.75593688717683,190.82320783287727,194.02034161425033,15034204,0.2704739398940337,0
2021-03-16,196.07562255859375,198.65617714969432,194.40854861044966,195.13932476177735,21347294,0.6919055459090773,0
2021-03-17,191.66815185546875,198.90737840364812,190.7775301659527,195.93861156180262,24269624,-2.2478422588243507,1
2021-03-18,187.32919311523438,193.72346043850828,184.65730005318702,193.31240318397712,20165862,-2.263787018464214,1
2021-03-19,187.48902893066406,188.9277361092009,182.44213129120146,186.7810978559793,33750804,0.08532349537819783,0
2021-03-22,189.29315185546875,190.11526635081643,187.3520350218568,187.7402472378621,13245968,0.9622551970611015,0
2021-03-23,189.77268981933594,193.380880171423,188.49384212996654,190.7775086741222,23150388,0.2533308570155324,0
2021-03-24,187.71742248535156,189.74989163749817,186.8953079622343,187.8772819588457,10280694,-1.0830153358425743,0
2021-03-25,182.53346252441406,188.03710721176122,181.66567203274107,187.58037390683918,25474258,-2.761576358924289,1
2021-03-26,184.474609375,186.21020458185617,182.99022589015544,184.8856666292776,18066738,1.0634471201828477,0
2021-03-30,190.96022033691406,192.03354651909385,184.97701054159322,184.97701054159322,26339126,3.5157201220738843,0
2021-03-31,189.15609741210938,191.7366378240654,188.79071633973123,191.7366378240654,14890268,-0.9447637427426714,0
2021-04-01,190.18377685546875,193.12971273509805,189.24747900078788,191.30277921306973,15193886,0.5432970215706989,0
2021-04-05,194.31723022460938,195.43621868937848,190.0924462828875,190.20662963266378,42432790,2.1733995598803624,0
2021-04-06,195.09365844726562,195.89294185394047,192.90134382145897,195.4590535104977,16641040,0.3995673578502501,0
2021-04-07,200.04920959472656,200.50594294996566,193.38089982055652,194.11167597661824,27735300,2.5400882770366673,0
2021-04-08,201.9218292236328,203.68025551680503,200.96268634204827,201.85332200460462,25833228,0.9360794939904604,0
2021-04-09,205.57571411132812,206.1466308835,200.96270380449982,202.28722792825903,23398770,1.8095541733868403,0
2021-04-12,197.58285522460938,205.5756890610548,196.12130289058666,205.5300129371673,30172534,-3.8880365422883867,1
2021-04-13,191.3484344482422,199.84366324748586,188.44817501098012,197.30879883777527,40840640,-3.1553450167930763,1
2021-04-15,196.715087890625,198.42783820100868,189.5443676824596,191.3256252175791,53517782,2.8046497782214352,0
2021-04-16,214.29931640625,216.33177166895223,199.1357619826695,201.73914793257245,218723272,8.938932292474666,0
2021-04-19,215.92068481445312,218.2957037394361,210.59974423229954,211.4675347839065,87619710,0.7565905647265225,0
2021-04-20,214.71035766601562,218.11301287209858,213.6598625635179,217.40508173173396,35461382,-0.5605424739540621,0
2021-04-22,222.269287109375,225.85464677713614,215.39545560890753,215.39545560890753,85241858,3.5205238934571392,0
2021-04-23,217.26806640625,222.58900729878917,216.65147357837378,220.85341215593778,27192006,-2.250072769011935,1
2021-04-26,219.3690185546875,220.99043028158417,217.86180410166935,218.95796133462758,18629288,0.9669861674513669,0
2021-04-27,221.5384979248047,222.42913350083344,219.6887334987698,219.87142404456168,14418934,0.9889634299368177,0
2021-04-28,223.47962951660156,225.26090078761,219.80293151033266,221.9039077732275,19231068,0.876205088496973,0
2021-04-29,223.7308349609375,225.07818998446965,221.83539434039164,225.03252780004829,15282266,0.11240641703196275,0
2021-04-30,225.0553741455078,233.75613950362845,223.47963840109384,224.48445741758923,58231142,0.592023528988106,0
2021-05-03,222.58901977539062,226.53976080005083,220.71641009400113,222.86306259629586,17199462,-1.095887791829664,0
2021-05-04,220.12266540527344,223.02291131425068,218.22721066436148,222.56617791902312,16204858,-1.108030563504847,0
2021-05-05,224.07337951660156,226.5397367662975,220.7392177697055,221.42431778008745,23713182,1.7947784268622868,0
2021-05-06,233.9844970703125,235.12633048162263,222.5433318643435,225.48926764088208,48827088,4.42315708144021,0
2021-05-07,235.33189392089844,235.92564178968715,231.79220992694022,234.76097714767937,29333162,0.5758487709470073,0
2021-05-10,240.21888732910156,241.38355168144045,234.41836878050958,236.4051475064531,25088944,2.0766387958641053,0
2021-05-11,236.7705841064453,239.00856083616313,234.78377727165602,236.56504851984064,15298998,-1.435483804373816,0
2021-05-12,231.83786010742188,238.66601558782415,230.58184334692288,237.47851998316025,15742214,-2.083334810208448,1
2021-05-14,227.65875244140625,232.20324108171323,225.05536667317693,231.7921838389392,13599758,-1.802599309741404,0
2021-05-17,228.27532958984375,230.05660085889656,226.083015019558,227.65875069959822,11505300,0.2708339309714036,0
2021-05-18,232.0433807373047,235.12633095403626,228.77773996207569,229.28014945174078,18761492,1.6506606974267646,0
2021-05-19,233.68763732910156,236.4965449034239,230.7188702798314,232.15757767756753,14980792,0.7085987915588676,0
2021-05-20,232.13475036621094,236.1311676130468,230.01094284557186,235.67443421340843,12584608,-0.6645139557398538,0
2021-05-21,234.1671905517578,235.6287428248427,232.54577882092997,232.93400495019273,10395006,0.8755432705962907,0
2021-05-24,235.17201232910156,236.81624123323488,232.77414831071655,233.8017983449977,14873624,0.4291044253365017,0
2021-05-25,236.3823699951172,239.71651830182654,235.5374243401055,236.31387670991876,15909128,0.5146690943486298,0
2021-05-26,240.8126678466797,242.27422019702038,235.1035007569054,235.17202191269965,17646380,1.8742082379722413,0
2021-05-27,247.047119140625,248.9197150203349,239.8078776749653,240.81269677884694,58822252,2.588921650049847,0
2021-05-28,246.04226684570312,246.77302907169425,243.27903559038475,246.17928127847748,11757252,-0.40674519841289447,0
2021-05-31,246.20211791992188,246.88721797602597,242.54825095403328,246.0422723908813,10772410,0.06496894873717629,0
2021-06-01,247.91485595703125,249.833141595831,246.4761626355249,247.5038126695114,11930088,0.6956634051647148,0
2021-06-02,248.00619506835938,248.9196617168616,243.43886182584814,247.52663065325365,9427136,0.036842935844050295,0
2021-06-03,246.20211791992188,251.15769171848385,245.8595678918698,249.2394059860338,11275982,-0.7274322917378062,0
2021-06-04,247.18408203125,249.1480297610663,246.84153203616145,248.23456310749685,9543432,0.39884470516518,0
2021-06-07,250.40406799316406,251.75143699867272,247.86920338637557,248.78267011868078,8696866,1.3026672006763773,0
2021-06-08,251.47735595703125,253.71536038567658,250.81511494152468,251.20332711453125,10859468,0.4286224151504259,0
2021-06-09,248.55435180664062,252.68778399936832,247.64088489656606,252.573600635609,12413798,-1.1623329421715622,0
2021-06-10,253.1444549560547,253.71537163389874,249.17086930290188,249.17086930290188,11441488,1.846720090012699,0
2021-06-11,253.16726684570312,255.29108787691285,251.88841915968806,253.4869857364041,11224718,0.009011411943582459,0
2021-06-14,256.5014343261719,257.0495199132328,252.57353872635187,252.98460988584532,11904318,1.3169820577558333,0
2021-06-15,254.81155395507812,257.5976163141419,254.40048277832807,256.4557829084941,7674490,-0.6588190727015109,0
2021-06-16,253.60122680664062,256.93537513616855,252.80194333629103,255.7250483214305,10994538,-0.4749891163298159,0
2021-06-17,255.17691040039062,256.4557581157256,250.99778938901787,252.3451582527843,8798696,0.6213233325371048,0
2021-06-18,251.11199951171875,256.6613210695074,249.39924938607936,255.7706854288164,20014232,-1.592977547339114,0
2021-06-21,247.6179962158203,248.80549177204702,244.44369386613303,248.80549177204702,10781642,-1.3914123190816974,0
2021-06-22,254.19496154785156,255.74786621796338,247.6865107680371,249.03387983816444,11505842,2.656093431229789,0
2021-06-23,246.7045440673828,256.1589026441767,245.90526065980313,255.770690425498,22485404,-2.9467214593310143,1
2021-06-24,250.7694549560547,251.454555021253,246.27064234530314,247.50382803801867,17337360,1.6476838333231658,0
2021-06-25,250.06149291992188,251.66005954132777,246.8643596771101,251.13480507215002,10079644,-0.282315896988683,0
2021-06-28,250.015869140625,251.56874594243632,248.57714780965864,251.08918145771216,6519660,-0.01824502395956218,0
2021-06-29,247.823486328125,252.91607395670488,247.09272417260016,250.1985051487648,15855760,-0.8768974625634085,0
2021-06-30,249.21652221679688,250.2898342604472,247.54943461525986,248.85111329600915,8586644,0.5621080993217342,0
2021-07-01,246.33912658691406,249.33075239661034,245.7225477015767,248.91968122185745,8658748,-1.1545765923897,0
2021-07-02,245.99656677246094,247.68648571268312,243.71290006318523,246.68166678524364,8314614,-0.13906025372395492,0
2021-07-05,244.96890258789062,247.9605281054829,244.60352151089296,247.9605281054829,6878338,-0.4177554988077814,0
2021-07-06,243.2561492919922,245.8595347293917,242.91359931014458,245.06025143841399,8386882,-0.6991717225348304,0
2021-07-07,243.05067443847656,244.99179126450863,239.83068187268333,243.91845111698,10755374,-0.08446851358687724,0
2021-07-08,242.52542114257812,245.24299028817836,241.15522102312852,243.84995907542984,9131020,-0.21610855312865773,0
2021-07-09,240.15040588378906,242.5025939440054,238.98574133891032,240.88119601864142,11449216,-0.9792850776631834,0
2021-07-12,240.1732177734375,243.0506601418517,238.96289113800404,242.41122230958388,7731112,0.009499001079960046,0
2021-07-13,239.71652221679688,241.8403437517371,238.68887203088298,241.1552436277945,8344716,-0.19015257441046263,0
2021-07-14,256.547119140625,257.2778813239028,240.05902906631124,240.35591688396246,58696166,7.021041673801154,0
2021-07-15,263.0327453613281,264.74549541045087,255.31394065589845,256.2274073487639,62132402,2.5280448451062254,0
2021-07-16,263.877685546875,269.1301189242684,259.56154993531095,264.90533555549547,73815654,0.3212300371142618,0
2021-07-19,262.0736083984375,266.7322944592139,260.33802712628756,261.50269167228333,21715702,-0.6836793132767638,0
2021-07-20,259.4702453613281,264.06043854455675,256.47864702865365,262.94143608756673,21047054,-0.99337092850319,0
2021-07-22,266.8236999511719,267.1890811534579,260.7948125446572,263.58087557348654,24086770,2.8340261441552217,0
2021-07-23,273.6518249511719,274.86215172266895,266.5952884182615,267.8741363497728,28114910,2.5590399208351933,0
2021-07-26,269.6782531738281,274.2684184653749,268.6734340753652,274.0857139468196,12199806,-1.4520538198686483,0
2021-07-27,270.1349792480469,271.59653172636064,266.80083095104027,268.97031463511377,7966274,0.1693596234933814,0
2021-07-28,270.3633728027344,271.0027829102031,266.2756028271975,269.9066393502006,9147860,0.08454793796910387,0
2021-07-29,269.6782531738281,273.12658491639337,268.513588529226,271.11694671946753,11668940,-0.25340696922216965,0
2021-07-30,268.1709899902344,270.8428688611671,267.18900216489504,268.94741436175974,6356412,-0.5589116533702088,0
2021-08-02,270.50030517578125,271.9390262653804,265.9329720364688,268.65054082971756,9247796,0.8685932753694559,0
2021-08-03,273.7659912109375,275.8669535475029,271.3681410352349,275.8669535475029,10331214,1.2072762849691054,0
2021-08-04,272.5784606933594,275.86694642477465,271.43662730583964,275.6385797472707,9018712,-0.43377576313455846,0
2021-08-05,274.4510803222656,280.66264271245956,272.89817578632153,272.89817578632153,22588728,0.6870020559008427,0
2021-08-06,273.1265563964844,276.96312787116545,272.350104088895,275.7527732849121,10540400,-0.4826083847897289,0
2021-08-09,272.5784606933594,276.7804131347904,271.98471290720744,274.040013004743,9293502,-0.20067462877149111,0
2021-08-10,275.7984313964844,278.12778828483636,270.88854772109744,273.3092568578383,14055564,1.1813004941528815,0
2021-08-11,274.6109619140625,277.0088123091541,273.3321139453726,274.9078497803633,8565026,-0.4305570109333856,0
2021-08-12,276.7118835449219,278.10494253666025,274.33689247271866,274.9534713324655,7905016,0.7650538114778005,0
2021-08-13,281.119384765625,283.38022048653966,276.78041781960803,276.78041781960803,16729368,1.5928124098752772,0
2021-08-16,280.4571533203125,283.5857939995459,278.83575524111643,281.393451263781,7144852,-0.23556947019666152,0
2021-08-17,289.9800109863281,290.96197094893927,279.15542516824826,280.32008961900567,23645544,3.3954768324769624,0
2021-08-18,287.4679870605469,291.94396839957733,285.27564463778003,290.3682327370106,13847154,-0.8662748570968493,0
2021-08-20,283.197509765625,288.63264781345913,282.2612119679505,284.31651205509576,12341386,-1.4855488218319168,0
2021-08-23,287.2167663574219,290.91632335194913,284.77325399749475,285.9150874136836,14072750,1.4192415022022065,0
2021-08-24,289.3634338378906,290.4824362194407,285.04729772436565,290.4824362194407,8967436,0.7474032618963955,0
2021-08-25,288.49560546875,293.5881651325225,287.53644879481334,290.0256509015307,12815436,-0.29990947979515736,0
2021-08-26,287.2624206542969,291.62421818571045,285.91505181559086,288.74680391052794,8416702,-0.4274535871870322,0
2021-08-27,290.00286865234375,290.4824331316836,285.5953803322541,287.513666126407,8743108,0.9539876437039574,0
2021-08-30,288.8609924316406,292.08095674692515,287.99318797706377,290.4595590440163,8743710,-0.39374652602902627,0
2021-08-31,292.7432556152344,293.4740178478762,287.2396241471721,289.8429820239539,15591816,1.34399011473052,0
2021-09-01,293.2456970214844,295.6663786570327,290.13991523190555,294.04498053451994,9450444,0.1716321030843515,0
2021-09-02,297.5389404296875,300.0738048956856,292.6518881079308,294.59300480626666,9077556,1.4640431050855662,0
2021-09-03,299.2060241699219,299.9368142993148,296.6483284090293,298.24689522878543,7549940,0.5602909447169679,0
2021-09-06,313.5245666503906,314.55221653373076,299.91392043751006,299.91392043751006,24676832,4.78551276505621,0
2021-09-07,307.9525146484375,315.14606615857895,307.26741450461446,315.14606615857895,12812218,-1.777229791426993,0
2021-09-08,302.4488220214844,308.4777076588915,301.4440031024514,308.4777076588915,13432462,-1.7871887272088771,0
2021-09-09,302.5173645019531,303.5221835844245,298.70365165976744,301.85512335551977,11611460,0.022662505349058115,0
2021-09-13,306.3539123535156,306.8563079170569,300.4620406446764,302.51734083937015,11177578,1.2682074821981804,0
2021-09-14,307.58709716796875,308.61474726238316,306.01136144784147,306.4680948231367,7322676,0.40253600973441106,0
2021-09-15,307.86114501953125,310.8299121419507,306.0113803109212,307.83831392471774,8290832,0.08909601673339207,0
2021-09-16,305.0293884277344,310.9212604073239,303.72770939532927,310.46452700973697,9315692,-0.9198161695972429,0
2021-09-17,303.84185791015625,308.0209791696708,302.70002454709663,306.65077913399927,10815562,-0.389316755247493,0
2021-09-20,302.58587646484375,306.23974365234375,298.42961368978024,300.4163928222656,9092860,-0.4133668263981871,0
2021-09-21,304.9151611328125,305.5545989479938,300.1194611493238,301.67236562802674,7367102,0.7697929246341939,0
2021-09-22,305.16644287109375,308.06668891026465,302.8142546293632,305.55465512374656,9583304,0.08241037846321575,0
2021-09-23,307.97528076171875,309.2084663357571,306.6507708225438,307.3358708218106,6462586,0.9204281651018498,0
2021-09-24,308.9801330566406,319.3251553141324,308.2950329833443,310.8070665854308,24253176,0.3262769311993319,0
2021-09-27,298.657958984375,309.8250674743969,297.3334210731173,309.6880530400443,16798164,-3.340724198074385,1
2021-09-28,292.1266174316406,298.6579261444662,290.13983866000916,298.6579261444662,16224924,-2.186896868559951,1
2021-09-29,292.65191650390625,295.278133468241,286.53167799282625,287.71920152016673,17679132,0.17981896921410723,0
2021-09-30,289.6146240234375,295.39231240953256,288.9066928624455,291.7384453832067,12027918,-1.0378515598848725,0
2021-10-01,290.5965881347656,292.1951548278449,287.83335699780105,289.9343192151318,8417708,0.33905888372842696,0
2021-10-04,292.7889404296875,293.95360502407027,290.459611240922,292.2637137458807,10494244,0.7544315330726414,0
2021-10-05,295.4379577636719,296.648312297898,289.59177643000305,290.68794762616227,10912148,0.9047532089486499,0
2021-10-06,290.3681945800781,297.0821796447431,289.75161577769376,297.05934855517114,9673198,-1.7160161889723025,0
2021-10-07,293.65673828125,296.2144341110955,290.8935068508219,291.85263581781555,7448686,1.132542669119685,0
2021-10-08,301.9692687988281,304.892345544655,294.5930139651091,295.11826847405814,22091966,2.8306963314483236,0
2021-10-11,298.1555480957031,304.32144879202565,290.0256994196144,296.39713571450636,20422932,-1.2629499413285283,0
2021-10-12,301.032958984375,302.5402014366907,293.47402713637484,297.7901631438024,18680432,0.9650703825736962,0
2021-10-13,307.1988525390625,308.15800933910253,299.61708977177426,303.72769008876503,18925882,2.048245340141497,0
2021-10-14,323.48138427734375,337.91414650207986,317.42966759301646,318.3431342623489,118377606,5.300323098117965,0
2021-10-18,324.1664733886719,329.2133709918202,320.80949464237216,328.3912565923988,21198892,0.21178625560125397,0
2021-10-19,324.9886474609375,333.3925532302596,323.36724945498963,327.5235122732554,21865148,0.2536271143869451,0
2021-10-20,320.6039733886719,330.1040212793967,317.7722211070775,325.92490007028334,16108782,-1.3491776117480092,0
2021-10-21,318.0234680175781,323.82398790376624,311.35517137789424,323.8011568086102,15916912,-0.804888767852352,0
2021-10-22,311.67486572265625,322.22539551656365,309.77941106890046,320.5126453632155,10758302,-1.9962684937990027,0
2021-10-25,304.96087646484375,312.4969770634307,301.8094050638085,311.8347081021357,17621916,-2.154164482350962,1
2021-10-26,305.16644287109375,310.030637022547,303.7277214608243,306.49095305063514,12193966,0.06740746833919786,0
2021-10-27,306.51373291015625,308.0894685063906,303.01973958994,305.1663918604048,12631178,0.4414935097013961,0
2021-10-28,300.0281677246094,306.7421260924338,299.1603631540559,306.46809721583435,10357542,-2.1159134124172807,1
2021-10-29,295.392333984375,301.17002279246043,294.25050045525103,300.64476821834535,13522634,-1.5451328371573148,0
2021-11-01,299.36590576171875,300.0510058460571,295.734869739367,297.3790987910614,8802466,1.345184461541904,0
2021-11-02,298.6122741699219,301.9007600361431,297.3790884854898,300.0738265412194,8079378,-0.25174262576070916,0
2021-11-03,298.0185241699219,302.2889700322144,296.9680429934171,301.1699955762289,6871182,-0.19883643485536506,0
2021-11-04,298.5666198730469,300.37072232231696,295.6892051178634,299.16036769922863,1565810,0.18391330023916908,0
2021-11-08,300.6903991699219,301.90075373576707,295.7348533190759,298.22405572932075,9504460,0.7113250964819962,0
2021-11-09,300.7360534667969,304.2985677085144,299.9367701745043,302.8598466316722,8284130,0.015183157493892097,0
2021-11-10,298.0641784667969,300.9872831105447,297.5846140159548,299.5714208505745,8091390,-0.8884451894607959,0
2021-11-11,293.1314697265625,296.7625055740467,290.8478028887476,296.7625055740467,12067796,-1.654914980259481,0
2021-11-12,301.4668884277344,302.58589088258384,294.9584371898826,295.96325628968196,12126506,2.843576880007892,0
2021-11-15,300.941650390625,304.1844464012417,300.14236693536645,302.15197718251113,9435996,-0.17422743832621324,0
2021-11-16,302.1063232421875,305.44047159980573,299.00054159230746,300.71329190034373,11327094,0.3870095249530081,0
2021-11-17,302.2661437988281,305.09789631604224,300.530562538856,302.10629826734385,8854994,0.05290208921331363,0
2021-11-18,297.5389404296875,304.1615738710687,294.7071881414629,302.99690942742535,7842498,-1.5639208909505875,0
2021-11-22,294.15911865234375,301.6495570017787,291.39588736476054,300.53055468027026,11582434,-1.1359258631703173,0
2021-11-23,293.5882263183594,296.39714790178783,285.9379418065053,293.54256412870797,9134924,-0.19407602817137493,0
2021-11-24,290.7107849121094,295.780514079577,289.1578803305973,294.27329956034004,7985552,-0.9800942777350219,0
2021-11-25,290.8021240234375,293.1314529136905,289.1122050850231,290.9391384504893,6661362,0.031419237286200996,0
2021-11-26,283.83697509765625,289.7516781632617,283.0148605585407,288.65550685991144,8277074,-2.3951506369396025,1
2021-11-29,288.01605224609375,289.0437023295743,275.84412465005545,281.5989539668294,10376060,1.472351213931744,0
2021-11-30,291.0533447265625,294.821395089833,287.9703944293412,288.0160566163606,26850200,1.054556666818529,0
2021-12-01,289.9343566894531,295.02694524920156,289.22642549494674,293.4968716334161,9453644,-0.3844614938751656,0
2021-12-02,295.4151306152344,296.00887840575075,287.2852824116927,290.89348709349434,10210456,1.8903499358827958,0
2021-12-03,292.65191650390625,298.68080276260724,292.2637042772872,294.478850044313,13405010,-0.935366480915667,0
2021-12-06,285.22998046875,294.227633146165,284.6134015896303,291.0533307505379,9409906,-2.5360968497389558,1
2021-12-07,288.8381652832031,289.82012520384785,284.54486088636867,286.8285275066445,8557090,1.2650089617239457,0
2021-12-08,293.0858154296875,298.2468970467146,291.5100796938217,291.8526297287146,15360658,1.470598645549348,0
2021-12-09,293.7709045410156,295.7805146113472,291.3273643238547,293.10863558956856,6865604,0.23375034725707788,0
2021-12-10,291.5101013183594,295.0041230841741,290.07137991436616,293.2913727826562,8525212,-0.7695803729060535,0
2021-12-13,294.7757263183594,299.86828663616245,292.4007072337481,293.9079217700308,13123680,1.1202441991653656,0
2021-12-14,295.4607849121094,297.7444514275012,291.9667639928445,295.0497137886234,8609412,0.23239993411470206,0
2021-12-15,290.66510009765625,295.36944778463874,290.18550780346146,295.36944778463874,7123544,-1.6231205829496775,0
2021-12-16,294.2732849121094,296.83100833805935,292.0353082757927,294.13627048568844,12437240,1.2413546769945327,0
2021-12-17,306.376708984375,309.11710893571427,296.9223235768965,301.44399464732226,104600018,4.112987720200478,0
2021-12-20,304.16162109375,309.43688642347007,302.8142519538902,304.8923834017442,26298202,-0.7229948705852696,0
2021-12-21,315.5113830566406,318.3887974992061,306.46806857566753,308.75173525655924,27362096,3.7314904891936784,0
2021-12-22,313.1592712402344,317.8407886557051,311.1268020064515,317.8407886557051,12327754,-0.7454919038480501,0
2021-12-23,317.2241516113281,320.6268207401252,314.73494920828637,315.19168257116405,12944908,1.2980233205279967,0
2021-12-24,319.0054016113281,320.80950384978604,315.21452052751437,318.6856827032688,13182426,0.5615114709747626,0
2021-12-27,319.5306396484375,320.17007748743134,315.6712651527681,319.64482298562984,10188656,0.1646486343040987,0
2021-12-28,322.20257568359375,323.1388735581207,320.42130431114236,321.083573302274,10158044,0.8362065178150191,0
2021-12-29,321.4032287597656,324.2806429741788,319.736141064183,322.1111597993516,7898416,-0.24808830970149964,0
2021-12-30,326.1532897949219,328.8023656539596,321.54029388843276,322.0426894469163,18087350,1.4779132908794512,0
2021-12-31,326.7242126464844,328.29994838484066,323.8696290178655,326.92974824310363,8549558,0.1750473993138213,0
2022-01-03,328.2543029785156,331.9538323996157,327.0211172125507,327.934584020407,9280810,0.46831250112668865,0
2022-01-04,329.5330810546875,330.26384319529217,324.98857907393244,330.10399768853136,10228800,0.3895693261500188,0
2022-01-05,325.8792724609375,329.23625171328644,321.0835718851283,328.84803948405744,14711264,-1.1087835497594956,0
2022-01-06,322.339599609375,325.308366732947,319.69055144370043,322.3624307041974,12883220,-1.0861914674204387,0
2022-01-07,324.9658203125,329.53315439981554,323.18454886772895,323.3672533819396,13120326,0.8147372231980032,0
2022-01-10,316.74456787109375,323.82393456467986,315.14600119834853,323.82393456467986,27537820,-2.529882199149547,1
2022-01-11,317.0414733886719,319.0054212637539,314.68928543103226,317.4296855944375,15487458,0.09373657757532072,0
2022-01-12,315.7625732421875,320.5126109752224,312.0402133676942,319.7133276560822,23460682,-0.4033857567008359,0
2022-01-13,296.7624816894531,304.184398315007,295.9631983605473,302.90555056411574,61505934,-6.017208232643023,1
2022-01-14,292.2179870605469,296.5341227240721,290.7107726051165,296.5341227240721,26514548,-1.5313575365169751,0
2022-01-17,295.3466491699219,297.63031605323744,289.1350585212277,292.08099437606336,20457876,1.0706603453287,0
2022-01-18,289.24920654296875,296.8766585771551,288.26724662913347,296.37426307489426,14329980,-2.064503743005086,1
2022-01-19,283.6999206542969,288.4956206459053,282.71793283863235,288.198732829042,17382766,-1.9185137809003883,0
2022-01-20,280.9823913574219,284.27087739056816,278.83573881656287,283.4715939459671,16827124,-0.9578886347967774,0
2022-01-21,276.79638671875,279.51837979877007,274.852109936189,279.06090290875574,19646694,-1.4897747216291224,0
2022-01-24,262.0199279785156,277.0022983692557,260.05278264141884,277.0022983692557,26150716,-5.338385704885873,1
2022-01-25,257.42230224609375,261.67683257591676,251.93257848575985,257.3308012656524,34712370,-1.7546855187285049,0
2022-01-27,249.21060180664062,254.7689586605991,245.75665595713437,253.8997411706022,31351744,-3.189972418008602,1
2022-01-28,252.59591674804688,258.4516163006455,250.0797934469775,251.65806663445136,29899780,1.3584152988936227,0
2022-01-31,261.9512939453125,262.77477480419583,257.35365612004216,260.3043880719008,26252174,3.7036929645213545,0
2022-02-01,263.8041076660156,266.4346002609321,259.1378369566846,265.2909078283597,20920202,0.7073122994727177,0
2022-02-02,268.9964599609375,269.91141390638285,263.04925931554266,266.2515981246014,16368826,1.9682605933852848,0
2022-02-03,264.5360412597656,269.3624174051885,263.5753508520768,267.48677311506214,14082780,-1.6581700375609354,0
2022-02-04,261.5624694824219,264.3301996922468,259.86979903207435,263.9642236840532,13633558,-1.1240705664086859,0
2022-02-07,254.81463623046875,262.50024265442147,254.17415739423336,261.63105328772986,15091358,-2.5798170759381844,1
2022-02-08,256.3014831542969,258.8404748594752,253.64812220183867,256.8275928606563,13953814,0.5835013819548873,0
2022-02-09,260.281494140625,261.1049469961253,257.6967384241807,258.1999797796682,10207476,1.5528630335440274,0
2022-02-10,262.431640625,262.93485405719656,259.02343206061533,261.85979448742455,11603824,0.8260850397659558,0
2022-02-11,256.8504638671875,258.9319786054633,254.86042218996838,258.9319786054633,15442458,-2.1267164068023647,1
2022-02-14,247.81529235839844,254.88331747515434,247.03757588691113,251.61234581074282,16241546,-3.5176777073920196,1
2022-02-15,257.71966552734375,258.5888830257144,248.5243886841563,249.59944850176845,13676992,3.9966755379330143,0
2022-02-16,257.9713134765625,260.8991497730299,255.0663175254274,258.543159775347,14607822,0.09764406169929796,0
2022-02-17,258.4287414550781,261.8598185964245,256.71320288440495,261.67681664668174,14228840,0.1773173816697282,0
2022-02-18,257.3079528808594,258.7947531808209,254.05984931840393,255.72965159338705,13411838,-0.43369346919702734,0
2022-02-21,261.12786865234375,261.9970861299929,254.08273953451257,254.24284531725718,17534002,1.4845696484372173,0
2022-02-22,258.0856628417969,260.3044151411755,254.40295062376,254.4715833431966,21490124,-1.1650253288733259,0
2022-02-23,259.4351501464844,261.17358478011306,257.39940019035527,260.39586843172793,14408512,0.5228834836574103,0
2022-02-24,245.73379516601562,254.7689664104419,242.98893301581018,250.69740971876445,26953888,-5.281225374716025,1
2022-02-25,254.0141143798828,255.6152839437362,250.46866748849317,250.69740599761508,15922624,3.3696298094745503,0
2022-02-28,254.2657012939453,256.23284673429725,248.91321501415672,252.06981736233897,18316874,0.0990444624215936,0
2022-03-02,253.99124145507812,255.40940901675154,251.79535739221765,253.89974046867127,16354110,-0.10794213984445244,0
2022-03-03,260.5560302734375,263.4838943603864,256.3472361192664,257.55956138703,25911326,2.5846516520611873,0
2022-03-04,263.1865234375,265.3366710111647,253.4651367840737,256.6446076504541,26948372,1.0095690977875105,0
2022-03-07,261.6082458496094,265.1765892588685,257.2164772381604,257.5595850334981,21112334,-0.5996802447468141,0
2022-03-08,268.744873046875,270.25454158385526,261.6768477121713,261.6768477121713,22039998,2.727982512205762,0
2022-03-09,267.852783203125,272.83929366647027,266.32024642369566,268.9964757018574,23527232,-0.33194673953627074,0
2022-03-10,269.1108093261719,272.8849940723528,267.4410073302031,272.19877866395626,16161966,0.46967073031787265,0
2022-03-11,268.1730041503906,269.91141104386463,266.4345972569166,268.53898014025174,9927188,-0.34848290863136455,0
2022-03-14,273.6398620605469,274.85215928343797,268.0815056800499,268.2645076377814,15006442,2.038556389177204,0
2022-03-15,268.8592529296875,276.1788853229562,267.30381987724525,276.1788853229562,13853244,-1.7470441239301637,0
2022-03-16,273.68560791015625,274.2345858798695,271.0551152307022,272.3131769469628,11150296,1.7951232579415555,0
2022-03-17,275.0351867675781,279.51845592631355,274.0287317510013,276.77359383865746,16881290,0.493112834002174,0
2022-03-21,274.48614501953125,281.8057755533854,273.57119120279947,276.8192660833274,15592952,-0.19962600222162008,0
2022-03-22,279.0838317871094,279.51844051145673,272.7249183880288,276.0416265610371,15580500,1.6750159711161228,0
2022-03-23,279.6099548339844,281.3483618921337,278.00878529476086,280.86801661480285,11393836,0.18851792434766423,0
2022-03-24,279.31256103515625,280.7993612014222,277.1395454075368,277.68852336105533,7751490,-0.10636023277665885,0
2022-03-25,276.0187683105469,280.89091008596006,273.2281694606509,279.5184789291883,11986194,-1.179249766785384,0
2022-03-28,274.57769775390625,278.603489722105,273.15950231728385,278.1460127274874,11476810,-0.5220915104654389,0
2022-03-29,275.6299133300781,276.93371170973757,274.09737643313235,275.8586518473645,9402006,0.38321232379001646,0
2022-03-30,274.8521423339844,278.740696357464,274.2574278912993,276.8192876084858,15488764,-0.2821794582079096,0
2022-03-31,270.7806396484375,275.9958605445082,270.00292318646274,274.4861920725451,14476178,-1.4813428962105135,0
2022-04-01,275.3096008300781,276.041580644638,269.5911394140239,270.6890951747763,8567994,1.67255723582036,0
2022-04-04,277.04803466796875,277.45977509914684,274.0286979132547,276.7735596619684,8855948,0.6314468629677661,0
2022-04-05,276.37921142578125,281.1535049652248,275.8717804961494,279.28530436955697,12862488,-0.24141057091022766,0
2022-04-06,273.7959899902344,275.84871599941715,272.6197176515979,275.84871599941715,8235902,-0.9346656075254645,0
2022-04-07,267.9376525878906,273.0809968133731,266.3923575333158,273.0809968133731,15721530,-2.139672462899367,1
2022-04-08,269.2292785644531,270.774573642811,267.7762180573284,270.31328816812135,8636632,0.4820621379963752,0
2022-04-11,263.44012451171875,269.5060397928716,262.0562680814601,269.3907184236834,17164216,-2.150269125112436,1
2022-04-12,257.72021484375,262.01016436886295,256.5670010921265,262.01016436886295,16338532,-2.171237080369015,1
2022-04-13,257.9508361816406,260.8569289635713,255.82890616201468,258.3198589206011,11204576,0.08948515661855172,0
2022-04-18,248.44834899902344,253.6378106643314,247.2490180093382,253.6378106643314,18930062,-3.683836549351538,1
2022-04-19,244.68887329101562,251.65427234430632,242.65920604329443,250.93928552566462,13286008,-1.5131820046920819,0
2022-04-20,247.4796600341797,249.34786059736047,245.10402855019103,247.24901729416646,8660976,1.140545013603833,0
2022-04-21,248.72512817382812,250.2473645762692,247.87173317143495,249.55543637928415,13388782,0.5032608091818158,0
2022-04-22,248.03318786621094,249.48622011615464,244.78113113009425,246.78771154152417,9782424,-0.2781947737639179,0
2022-04-25,244.1814422607422,245.0117785963674,241.3906709127096,244.45823042416046,9473768,-1.5529154137011614,0
2022-04-26,244.13534545898438,248.05627212200065,243.14357039413335,247.71030800467568,8718740,-0.018878093818686104,0
2022-04-27,239.38409423828125,243.09743654702038,237.3313683177267,243.09743654702038,16275078,-1.9461545855929185,0
2022-04-28,241.0447235107422,242.93601088382127,238.02330922801826,241.71359309201856,13241338,0.6937091111859583,0
2022-04-29,234.70204162597656,243.78937102058387,233.87173341047497,243.78937102058387,24151260,-2.631329901101509,1
2022-05-02,228.33631896972656,239.4071707985618,227.22923660230626,237.7926715735233,43822854,-2.7122570439308213,1
2022-05-04,226.83712768554688,232.41868463419777,225.6839140216651,230.64273277635678,17267854,-0.6565715392733762,0
2022-05-05,231.17320251464844,232.34948886903257,228.93596524672404,231.10401251199406,10869532,1.9115366489353747,0
2022-05-06,223.76959228515625,226.44504247555378,221.87831897530893,226.02988835322532,18441782,-3.202624763146178,1
2022-05-09,222.87008666992188,225.73006240290653,218.92610127301015,222.33961116000336,16675250,-0.40197848422949267,0
2022-05-10,220.3330078125,223.14685207008725,219.64107958902684,222.80088795835067,14969534,-1.1383667029211342,0
2022-05-11,217.6806182861328,222.3165458723211,213.36759617145387,221.44009218602883,21029342,-1.2038094304164915,0
2022-05-12,218.55706787109375,219.57190161874564,213.18309452298902,215.92774892414994,14573000,0.4026309700245756,0
2022-05-13,216.1814422607422,221.18639264705106,215.42032401704452,221.18639264705106,16775318,-1.0869589501231403,0
2022-05-16,215.88160705566406,218.81077270190386,214.49775060017902,218.6493199666341,7314066,-0.13869608877735695,0
2022-05-17,224.48458862304688,225.56861237733787,216.01999677460987,217.2654732714236,11321450,3.9850461022205463,0
2022-05-18,221.99365234375,228.45164950284092,221.69381957682697,226.44505471294576,15390968,-1.1096246270516308,0
2022-05-19,208.1089324951172,218.55704535023966,207.57845703149968,215.02821439616716,22945978,-6.254557147036244,1
2022-05-20,212.00682067871094,213.2061658058462,209.88490454259724,213.1139030740218,12731912,1.8730037854983506,0
2022-05-23,214.95904541015625,215.78935368853928,211.03811861619417,213.94421166785125,14111568,1.3925140342155862,0
2022-05-24,212.1682586669922,216.6196606603084,211.2687463648619,216.08918518249726,13779460,-1.2982876518822684,0
2022-05-25,205.2028350830078,212.58340227707484,204.4417169065826,212.26049683140852,15481506,-3.2829715565121043,1
2022-05-26,209.12376403808594,209.74650221838965,204.81074221428167,205.7333131251568,11583082,1.9107576917697378,0
2022-05-27,215.39727783203125,215.85856334911253,210.4615171683348,212.1913378573896,11414472,2.99990478021559,0
2022-05-30,219.6872100830078,222.10895885557642,218.257222278028,218.257222278028,12291148,1.991637171163263,0
2022-05-31,220.5175018310547,221.76297816619004,216.98867098459073,219.52574093761004,31587004,0.37794268848567736,0
2022-06-01,217.15013122558594,220.93267764472188,216.1122389361381,220.93267764472188,10514566,-1.527030996409795,0
2022-06-02,218.71852111816406,219.77948623448407,215.92774942166594,217.63449735733744,10535040,0.7222606238947327,0
2022-06-03,219.34124755859375,225.10731610640116,218.87996207476917,221.25557950100267,23269778,0.2847159158017698,0
2022-06-06,218.28028869628906,219.34123963985647,214.1287194917492,217.72674050475763,13791156,-0.48370239255672853,0
2022-06-07,215.72015380859375,217.15014162466545,214.5669400984256,216.804177511615,4701342,-1.172865815317592,0
2022-06-08,216.9886932373047,217.72675284206304,214.17484891265377,217.28852599249262,5627652,0.5880486390884565,0
2022-06-09,219.13365173339844,219.64106855391512,214.15177440561547,215.44336806028068,7402238,0.9885116427462703,0
2022-06-10,212.62954711914062,215.51258136212,210.48455838051146,215.51258136212,17453098,-2.968099405458191,1
2022-06-13,205.7794647216797,208.96233186172617,205.27204785533806,207.60153400344402,14130822,-3.221604189197047,1
2022-06-14,205.68719482421875,209.28523005147733,202.04304231034016,202.96561327979379,13056384,-0.04483921541235114,0
2022-06-15,203.01173400878906,207.87828998679188,202.64269719395045,206.8634704199446,11391596,-1.3007425268822148,0
2022-06-16,194.8008575439453,206.07929344867142,193.6245851708558,205.7333293298432,17944686,-4.044532945316492,1
2022-06-17,186.9128875732422,193.16330037844207,185.45982700705,191.89476527147917,41550546,-4.0492480732142955,1
2022-06-20,191.2720184326172,192.77119621883753,186.4285209694438,188.66575832742032,20750838,2.3321724445923397,0
2022-06-21,196.11549377441406,196.85355326291884,192.19456769887847,193.73987667352293,12187804,2.5322445914916614,0
2022-06-22,189.7036590576172,194.9853835851022,189.265432208199,194.9853835851022,16202862,-3.2694177259509294,1
2022-06-23,193.30169677734375,194.1089464592778,189.72673390020714,190.28028217017456,19655010,1.896662266611182,0
2022-06-24,193.16329956054688,196.50761937383396,191.77944308608326,194.20119191639458,15362102,-0.07159648316811262,0
2022-06-27,196.00021362304688,198.69873671661165,195.58505947264848,196.968916025521,12447870,1.4686610080455687,0
2022-06-28,197.08421325683594,197.937594175342,191.75637181200668,194.66246458603808,12091828,0.5530604348594537,0
2022-06-29,194.08587646484375,195.95407713143973,192.54056720575068,193.7399123356729,16684176,-1.5213480280558134,0
2022-06-30,191.9178009033203,195.1237403292539,191.43345682420892,194.61632353184734,12123284,-1.1170702376770647,0
2022-07-01,194.6624755859375,195.21602380146842,189.77284660646737,191.43347717574423,8907248,1.4301303316829106,0
2022-07-04,193.87828063964844,194.54715021321644,191.8947587165336,194.1781274619955,6372716,-0.40284854280653315,0
2022-07-05,190.7876739501953,195.14681321227613,190.53395849431837,194.24731498866362,11513210,-1.594096398656164,0
2022-07-06,191.9178009033203,193.09408721694203,190.55701730722362,193.09408721694203,10522910,0.5923479906883466,0
2022-07-07,194.10894775390625,195.56200845293273,192.4483310875629,193.73992495634494,10706024,1.141711107709975,0
2022-07-08,193.3247528076172,195.90795438222156,192.1484663548329,195.58504890640248,9535432,-0.40399731973369546,0
2022-07-11,189.6805877685547,191.43346689473705,187.07431364415976,191.31814552913784,16689574,-1.884996611214551,0
2022-07-12,188.73495483398438,191.36428774977412,188.20447933758916,188.66576482616168,9777472,-0.4985396479918913,0
2022-07-13,187.6048126220703,190.049620064793,186.98207440105503,190.049620064793,11956780,-0.5987985706771504,0
2022-07-14,185.1830596923828,189.4038189759665,184.74483285991622,189.4038189759665,13161242,-1.2908799597620813,0
2022-07-15,181.6772918701172,186.40546811185948,180.36262541670615,184.95242164327504,22328354,-1.8931363528009726,0
2022-07-18,186.70529174804688,187.14351857022842,182.96887667030052,184.0529003272902,13632394,2.7675444884571743,0
2022-07-19,187.1204376220703,188.11219851162576,185.06772584179316,185.89803401041758,12897178,0.2223535659523046,0
2022-07-20,190.0957489013672,192.58668767499378,187.78932150406186,189.4960693316784,25237412,1.5900514754599637,0
2022-07-21,190.97218322753906,192.58668236110523,185.7135317222438,188.5965658893262,45382342,0.4610488825957937,0
2022-07-22,189.51914978027344,192.5405641630247,188.68882743699515,191.77944590634013,15468542,-0.7608613059287062,0
2022-07-25,191.34121704101562,191.73331252588855,188.45818270712064,189.3576950502223,12535662,0.9614159111913878,0
2022-07-26,186.9128875732422,191.61799115995132,186.49771936729238,191.34121704842346,15186298,-2.314362548882598,1
2022-07-27,187.5817413330078,187.92770544984378,185.41370798055854,186.7975644479025,14084158,0.35784250537755913,0
2022-07-28,191.894775390625,192.35606090839093,189.5422164345554,189.95737058508138,15898464,2.2992824498629716,0
2022-07-29,195.4466552734375,195.72341528792603,192.72505979423633,194.0166675302148,15919784,1.8509518435727124,0
2022-08-01,197.89146423339844,198.76790380032108,194.93924007661496,196.59987056396665,10365748,1.2508829872481364,0
2022-08-02,198.16824340820312,199.11387300356907,195.8848746698885,197.86841066411017,16912426,0.13986413000524056,0
2022-08-03,199.436767578125,199.73660030584634,197.19953032505614,197.8914585016353,12034938,0.6401248495243816,0
2022-08-04,200.8898162841797,203.10398084421598,197.01502126545873,201.60480311075196,17789134,0.7285761415509739,0
2022-08-05,202.96560668945312,203.88817762895064,201.18965481545735,201.18965481545735,12967586,1.0332979758102878,0
2022-08-08,201.05126953125,204.2571950155131,200.75143679924193,204.2571950155131,9557496,-0.9431830295918764,0
2022-08-10,198.42193603515625,201.1204587675694,196.6459842145209,200.6591733116805,11329742,-1.3077925358163767,0
2022-08-11,202.25062561035156,203.8881834437358,201.25885056025453,202.0430415121183,9154644,1.9295697097305498,0
2022-08-12,201.16661071777344,202.27369310975237,200.65919384889915,201.62789622087436,7092398,-0.5359760392863011,0
2022-08-16,201.6278839111328,202.87334624707776,201.3972411736635,202.27368076058377,4774208,0.22929908284159417,0
2022-08-17,204.37252807617188,205.22590903712228,201.42030379373315,201.69707789962462,10401476,1.3612423598358792,0
2022-08-18,200.68223571777344,203.77285396112632,200.2209502532321,203.77285396112632,16888260,-1.8056694767816461,0
2022-08-19,199.48291015625,204.11882356909646,198.8140405836849,202.4812657567,17253908,-0.5976241779616642,0
2022-08-22,193.7399139404297,198.7679231772299,193.30168707559017,198.7679231772299,12900580,-2.878941464871332,1
2022-08-23,192.19461059570312,193.04799162984085,189.12706467917505,191.43349229721375,17028776,-0.7976174414951465,0
2022-08-24,191.96392822265625,193.50923722333522,191.13362008242098,192.72504636409093,7429170,-0.12002541191549199,0
2022-08-25,191.52572631835938,193.78602222969897,191.410404954747,193.41698541975043,8753902,-0.2282730450215653,0
2022-08-26,192.4713592529297,194.89310793136679,192.03313243257216,193.047966081129,7904194,0.49373676985746684,0
2022-08-29,186.52078247070312,187.4433534100143,184.0529023925826,186.8206152105162,23519514,-3.091668706099182,1
2022-08-30,190.76458740234375,191.87168371625634,187.3972093332505,188.73493428902805,19750992,2.275245082840671,0
2022-09-01,189.33462524414062,189.88815935722485,186.75142381780168,189.08090979132615,11778706,-0.749595183086671,0
2022-09-02,188.0660858154297,190.39557173449572,187.7893117267003,190.30330901248095,9815080,-0.6699986476721875,0
2022-09-05,187.05125427246094,188.20446792395578,186.35932608156403,187.74318246335784,18018508,-0.5396143268301512,0
2022-09-06,186.56689453125,187.9046194393895,185.0907755501426,187.74316672625056,18226162,-0.2589449309467917,0
2022-09-07,187.95077514648438,188.59657200539056,184.97547815864226,185.482895003967,12248532,0.7417610818421849,0
2022-09-08,190.4186248779297,191.13362575961085,188.94251990952108,189.12703127090782,14064948,1.3130298236450066,0
2022-09-09,192.42523193359375,193.48619696615785,189.74978182547036,192.35604192821935,14671342,1.0537871791430176,0
2022-09-12,194.6624755859375,195.76955793968344,192.8403922806878,193.67071460398418,11678424,1.1626560767850957,0
2022-09-13,194.96229553222656,196.5076046282166,194.43182007228472,196.00018781019247,9408334,0.15402041168262048,0
2022-09-14,192.03314208984375,194.98538046054324,188.6657636747417,188.6657636747417,17583964,-1.5024204728337542,0
2022-09-15,191.45655822753906,194.1550814587887,190.62624988437804,193.60154725578718,10640314,-0.300252266889911,0
2022-09-16,185.27529907226562,190.39557040746914,184.60644361292265,190.39557040746914,20192486,-3.228543964488928,1
2022-09-19,185.4136962890625,187.37415949418025,183.13032763099932,186.82061131122097,13584188,0.07469814783183093,0
2022-09-20,186.7744903564453,188.85027504222842,186.5669203342565,187.281907206211,8989822,0.7339231645872246,0
2022-09-21,184.86016845703125,187.23578602223844,184.283561568519,187.23578602223844,19290112,-1.02493755745805,0
2022-09-22,183.56854248046875,184.6756246968916,182.20774483118362,183.59160112104072,16500324,-0.6987043165346485,0
2022-09-23,181.90792846679688,184.23741446650146,181.5850230058823,183.63774898459198,13966710,-0.904628860279022,0
2022-09-26,182.11550903320312,184.14517648685492,177.41040539860472,180.82391526934856,18994144,0.11411298460481945,0
2022-09-27,183.77613830566406,185.1599947900099,180.82391395452285,183.03807869854973,12454694,0.9118549437534096,0
2022-09-28,183.6146697998047,184.7448247958991,182.36920751723252,182.66904024763056,8921590,-0.08786151855624258,0
2022-09-29,181.19293212890625,185.3906328405366,180.61632527503713,184.975478721214,11883068,-1.3189238493519384,0
2022-09-30,181.86178588867188,182.9919408548602,178.7481091486629,181.03147772226197,13570530,0.3691389900847719,0
2022-10-03,181.97711181640625,183.5916109072996,180.1781013591595,181.7003377282187,8140834,0.06341405214451701,0
2022-10-04,187.05125427246094,187.2818970027599,184.0528987785744,184.49112559706845,12591696,2.7883410201464898,0
2022-10-06,189.1962432861328,190.51090976462066,187.9507808938676,188.82722052042078,11203878,1.1467386423121617,0
2022-10-07,188.2506103515625,189.93429956625556,187.39722938382835,189.03478723428682,7580186,-0.499815915023305,0
2022-10-10,189.72671508789062,190.74154878976617,184.3988733463338,184.65257473314475,18714926,0.7841168395531062,0
2022-10-11,186.54385375976562,192.7712080222918,185.57515139235383,191.3873515195082,22723292,-1.677603139152306,0
2022-10-12,188.18141174316406,188.94252994764264,185.25224621459225,186.47464988570215,12610118,0.8778407599037363,0
2022-10-13,174.8733367919922,180.98536969937547,174.41205128954815,178.51748944583667,84896212,-7.071939161204277,1
2022-10-14,174.0430145263672,178.7481322845251,173.5586703794905,178.51748953319023,27864794,-0.47481353124326775,0
2022-10-17,173.02818298339844,174.80413486216878,171.78270658080226,174.0430025731848,16909538,-0.5830923727277781,0
2022-10-18,174.96559143066406,177.2489603767895,174.55043727972767,176.9952589726942,22328480,1.1197068673208577,0
2022-10-19,174.38897705078125,175.8420376326908,173.9276915523506,175.8420376326908,10198278,-0.32955872932953767,0
2022-10-20,175.98040771484375,176.48782454993022,173.44333761672672,173.90462308911165,11868814,0.9125752619095095,0
2022-10-21,176.4647674560547,176.81073159097886,175.38075776181236,176.44170881131976,8931540,0.27523503752520107,0
2022-10-24,177.45651245117188,178.24068924417614,177.1336070157903,178.24068924417614,3472470,0.562007368051054,0
2022-10-25,177.43344116210938,178.263763398072,176.97215572345718,178.263763398072,5783256,-0.013001094602738128,0
2022-10-27,176.51089477539062,178.494430883196,175.79590787720224,178.05620402474742,11723118,-0.5199394097733179,0
2022-10-28,176.7876434326172,177.98698838226088,176.21103663733794,176.58005935539092,7609676,0.15678842803370507,0
2022-10-31,178.3098907470703,179.1632716722198,177.47958254154472,178.3098907470703,6638382,0.8610597917910079,0
2022-11-01,181.00840759277344,181.28518167797375,178.33295761623816,178.97875443016238,11540196,1.5133859565484853,0
2022-11-02,181.72341918945312,182.1385733030487,180.20116866984856,181.21600234958493,6716614,0.3950156825246909,0
2022-11-03,179.20941162109375,181.6311604267842,177.84861380411274,179.78601847959146,10312476,-1.3834251961429511,0
2022-11-04,180.155029296875,181.0084102063501,177.89473337684643,179.20939974254432,9023630,0.5276607222954199,0
2022-11-07,180.59324645996094,182.1385554711859,178.79423609229772,181.28517460731712,8252598,0.24324447937771332,0
2022-11-09,180.3395538330078,181.93098020257278,179.50923156959945,181.76952747824492,6862546,-0.14047736110074371,0
2022-11-10,179.39390563964844,180.40873924332107,178.51746611501179,179.34777427996977,5494908,-0.5243709287619969,0
2022-11-11,184.3758087158203,187.2127115520262,183.2456536789447,183.8222605187148,28417046,2.7770748724202043,0
2022-11-14,182.92276000976562,185.7366043846999,182.461474508213,185.7366043846999,17623428,-0.7880907566861328,0
2022-11-15,183.1995086669922,184.3065909014044,181.74646235449399,183.61466274523247,12462712,0.1512926314974683,0
2022-11-16,183.7069549560547,185.29839560166656,182.76132528840026,184.0529190896819,11039528,0.2769910753335658,0
2022-11-17,183.0150146484375,183.59162149988185,182.2077650564154,183.5454901363032,6057616,-0.37665438838867527,0
2022-11-18,181.6772918701172,184.00677794853704,181.19293366237844,183.5224338181142,9546202,-0.7309360824247157,0
2022-11-21,179.27859497070312,181.95405914116225,178.79425085847868,181.67728504389882,7904612,-1.320306393123094,0
2022-11-22,179.3477783203125,179.62455240730515,177.36425650527565,179.44004104174832,8410828,0.038589854868442686,0
2022-11-23,179.32470703125,180.800826006227,178.97874296623795,180.24727787128217,6717760,-0.012863994903411502,0
2022-11-24,183.7069549560547,184.39888322330913,179.5092539859144,179.8552181195416,13370266,2.4437502212347306,0
2022-11-25,185.80577087402344,186.54383039854275,182.62290413168063,184.0528918209403,13648550,1.1424803804901185,0
2022-11-28,187.1204376220703,188.87333075639847,185.436748566223,185.80577129065284,13679200,0.7075489323408624,0
2022-11-29,186.88983154296875,188.61965229785983,185.8519390900341,185.89807045896134,9102602,-0.12323938637174292,0
2022-11-30,187.6970672607422,188.20448412654662,185.736603884424,187.6970672607422,13892346,0.4319313207727049,0
2022-12-01,190.83380126953125,192.05620492842718,189.88815762599657,190.44170581134932,15852984,1.6711683643046094,0
2022-12-02,190.234130859375,190.92605908564138,188.6888216719169,190.87992772176048,11726622,-0.3142369989838856,0
2022-12-05,190.21107482910156,191.41041991990235,189.42688386430058,190.62622895510137,9947062,-0.012119817915579034,0
2022-12-06,189.74978637695312,190.32639323109646,188.11221446479658,189.35769090067248,8832518,-0.24251398219735654,0
2022-12-07,187.4202880859375,188.8964072780107,186.9590025980791,188.66576453408152,6568616,-1.227668465664511,0
2022-12-08,186.22093200683594,188.2044537066421,186.0364065746841,187.85848963732843,8940712,-0.6399286285119876,0
2022-12-09,181.76954650878906,187.28191389093905,180.4779527335712,187.28191389093905,15423336,-2.3903787023702994,1
2022-12-12,182.83050537109375,183.3609808650515,178.97876874374836,181.23906481190468,10365880,0.5836835062210888,0
2022-12-13,183.47630310058594,184.21436269784908,182.66905349549222,183.7530772092241,6813842,0.3532220885029025,0
2022-12-14,184.53724670410156,186.58997267721213,184.16822395890466,184.8832108067169,9995152,0.5782455748162718,0
2022-12-15,182.30003356933594,184.39887694427932,181.76954398731812,184.39887694427932,7766926,-1.2123368993105843,0
2022-12-16,179.7860107421875,182.1154967193385,179.00181981745325,180.54712894718529,18012634,-1.3790577971518836,0
2022-12-19,179.46311950683594,180.13198911784153,177.91782433195468,179.18635946658736,8838046,-0.17959753042998683,0
2022-12-20,179.41697692871094,179.85518964888072,176.67232293881406,179.34777285108703,8778558,-0.02571145439341782,0
2022-12-21,179.6707000732422,181.40052067728496,178.9095818229266,180.31649694995494,10215214,0.14141534924649868,0
2022-12-22,179.32470703125,180.800826006227,178.0561721262058,179.94744516373447,9093800,-0.1925706538969063,0
2022-12-23,174.2044677734375,177.98701453723572,173.90463501129508,177.13363353935628,12120710,-2.855289347786427,1
2022-12-26,175.51910400390625,176.02652078626602,173.58169959028314,174.36589044277676,7261148,0.7546512711594122,0
2022-12-27,178.3329620361328,178.67892613187908,175.4037965433515,176.44168883059027,7685840,1.6031633981927973,0
2022-12-28,178.88650512695312,179.693754724236,176.78766180494404,177.5949114022269,7676002,0.31039864111501725,0
2022-12-29,180.24728393554688,180.87002208898284,177.50262996318418,178.17149947563655,9485398,0.7606939425799819,0
2022-12-30,181.1698760986328,182.8074339563128,180.6163278800085,181.2851974710699,8256556,0.511848025080841,0
2023-01-02,181.30824279785156,181.70033825080205,180.13197051631502,181.28518415598415,5559512,0.07637400996147736,0
2023-01-03,183.15338134765625,183.476286791918,180.6855154647267,181.30823955716556,5994422,1.0176804547501472,0
2023-01-04,179.76295471191406,183.36097577544953,179.25553787543714,183.36097577544953,8926522,-1.851140618204905,0
2023-01-05,178.4713592529297,180.91618087833862,177.01831272614578,179.9013471353664,9568980,-0.7184992375399379,0
2023-01-06,176.2110595703125,179.3477953139361,175.93428545709486,178.51748705159932,8484754,-1.266477541314559,0
2023-01-09,180.73165893554688,181.28520718382876,177.64105443503703,178.0562085825901,7347432,2.5654458785151046,0
2023-01-10,181.30824279785156,181.70033825080205,178.67892414579495,180.8238987001165,7879496,0.3190275935608611,0
2023-01-11,181.6772918701172,182.6690528517024,180.59326816020578,181.28519639070464,7656600,0.20354787326304358,0
2023-01-12,181.97711181640625,183.54547954638252,180.13196999824245,182.55371863458245,9510500,0.16502885044291649,0
2023-01-13,181.70033264160156,182.94580896492158,178.2868231890211,182.6690348844822,13621860,-0.15209559710119835,0
2023-01-16,183.86839294433594,184.97547526763174,179.44004957383726,179.90133504832014,23867444,1.1932065677671577,0
2023-01-17,182.83050537109375,185.45982419748609,181.63116029085288,184.53725322458018,14310032,-0.5644730758898819,0
2023-01-18,185.9903106689453,186.2901434146794,183.59162054844143,183.8222632878239,16080426,1.7282702858792964,0
2023-01-19,186.0825653076172,186.3593394192476,183.9375905777846,185.48289979684802,9447456,0.04960185202125267,0
2023-01-20,185.9672393798828,187.00513171509186,185.11385842213667,186.15175075734572,9265614,-0.06197567598217324,0
2023-01-23,187.74319458007812,188.08915869785469,185.6674098734188,186.9128863283408,8815290,0.954982827145967,0
2023-01-24,188.02064514160156,189.68536589894555,187.3501281063416,188.85299846427915,9552640,0.1477819540377956,0
2023-01-25,185.68540954589844,187.69694656348867,184.96866162688983,187.28076989722595,6355554,-1.2420102026266422,0
2023-01-27,184.06692504882812,186.6333735746811,182.28661305448344,185.6854007614966,7410134,-0.8716271790165875,0
2023-01-30,186.0091094970703,187.18827906474843,182.67966795823148,184.06693291408286,7261256,1.055151243346386,0
2023-01-31,184.43687438964844,186.14782599465997,183.9050923247393,186.03222058437586,9566846,-0.8452462955566342,0
2023-02-01,186.07846069335938,186.77209313688232,184.20565874064266,185.66228404964323,7029896,0.8900532006646644,0
2023-02-02,189.33856201171875,189.59288829023905,186.07848070929035,186.07848070929035,10835460,1.7520035936516853,0
2023-02-03,188.62176513671875,190.9801180855969,187.81252734822047,190.77202272375965,8850236,-0.3785794438196044,0
2023-02-06,187.11891174316406,187.83567374446463,185.7085314014897,187.46572796934512,5958022,-0.7967550258398681,0
2023-02-07,185.19985961914062,187.51196772924226,184.52934262241595,187.51196772924226,6683580,-1.0255789252651804,0
2023-02-08,188.09002685546875,188.4830881236619,185.43110207509028,185.43110207509028,8300976,1.5605666452834788,0
2023-02-09,188.80674743652344,189.10733278808536,186.6102446759644,188.08999954892582,5277374,0.38105187873964663,0
2023-02-10,187.6507110595703,188.20562271729185,186.26344602725612,188.20562271729185,5160140,-0.6122855208560707,0
2023-02-13,185.24612426757812,187.5813480618691,184.5987367504272,187.5813480618691,4825356,-1.281416296487592,0
2023-02-14,187.32701110839844,187.95128315120127,185.66229036492047,186.35592283203724,4638822,1.1233092454957738,0
2023-02-15,188.39056396484375,188.59865933731257,185.13049720941783,186.21719083188907,5227672,0.5677520023152915,0
2023-02-16,189.54664611816406,191.09576158742928,188.92237402016286,189.03797944157085,11189362,0.6136624515525435,0
2023-02-17,187.8819122314453,188.66803468743854,186.81834807285583,188.1362526081438,5616244,-0.8782713494603023,0
2023-02-20,188.22872924804688,188.5755454897116,185.9859955082061,187.41949135082913,6497188,0.18459308428495635,0
2023-02-21,186.24032592773438,188.6680396735335,185.93975466731902,188.39058385161576,5761172,-1.0563761059514953,0
2023-02-22,182.72589111328125,185.13048906091183,182.40220446278414,184.7374278813201,6883372,-1.887042882333012,0
2023-02-23,182.1710205078125,184.36752341579404,181.9166801249579,183.02648929817178,6078322,-0.3036628263724084,0
2023-02-24,181.87042236328125,183.3501772316358,181.52360613900956,183.09585097863186,5106634,-0.1650087613789042,0
2023-02-27,180.5063018798828,181.87043734049644,178.24043851710925,181.61611106654848,5554710,-0.7500507590363692,0
2023-02-28,178.9803009033203,181.82420545029694,178.3560429412907,181.19993337627795,10061602,-0.8454003880584593,0
2023-03-01,180.78375244140625,181.1536841221952,179.09590210383539,179.46584789661338,4542612,1.0076257157820345,0
2023-03-02,179.44273376464844,180.50631213428227,179.09591749211376,179.74331915710403,4438972,-0.7417805298584268,0
2023-03-03,180.5525360107422,181.0149576533749,179.92826397079028,180.62189643473937,4393936,0.6184715439909283,0
2023-03-06,182.07852172851562,183.41954166932473,181.3155288408129,181.4773792380804,6727722,0.8451754550169444,0
2023-03-08,181.5467529296875,181.73171877780132,179.81267164363976,181.1074466924262,4908842,-0.2920546552003578,0
2023-03-09,180.3907012939453,182.12478260455364,180.1594904525309,181.6392313703894,4157054,-0.6367790208783974,0
2023-03-10,179.92825317382812,180.29818482094035,178.7721991366177,179.37334159117202,4567396,-0.2563591786051256,0
2023-03-13,178.2404327392578,181.54674475335088,177.45431028019166,179.88202397132133,5982520,-0.9380519205839821,0
2023-03-14,175.4658966064453,179.02653476042684,174.4948083419091,178.74907895456099,8094852,-1.5566255591801026,0
2023-03-15,173.75494384765625,177.43120179741246,173.3618826027154,177.43120179741246,7687926,-0.9750913379062975,0
2023-03-16,172.41392517089844,174.19425145056263,171.09602056844628,173.5699793639285,7686620,-0.7717873500817207,0
2023-03-17,174.10174560546875,174.95722845275387,172.87633109491958,174.4254463948161,9044282,0.9789351021950887,0
2023-03-20,169.7781219482422,173.84744131828697,168.85327856123067,173.40813506466043,8184754,-2.48338903334393,1
2023-03-21,169.43130493164062,171.21163126619217,168.99201279193966,170.63360415185662,7211152,-0.20427662446831363,0
2023-03-22,169.43130493164062,171.09602584332504,169.17697864612902,170.10182202906591,5374846,0.0,0
2023-03-23,167.16543579101562,168.73766666623723,166.63365368627754,168.73766666623723,9485192,-1.337337950350559,0
2023-03-24,167.28103637695312,169.6393896776439,166.93422013014535,168.02091385920755,7906696,0.06915340207171994,0
2023-03-27,167.0498046875,168.32146410034602,166.10184604271885,167.28101548983565,6227714,-0.138229469676443,0
2023-03-28,164.714599609375,168.34459832152984,164.34465381716288,167.8590612272384,7813096,-1.3979094932157876,0
2023-03-29,166.03250122070312,166.81862373410056,164.15969903147803,165.54696409371587,8823840,0.8001122028366447,0
2023-03-31,168.89952087402344,169.13073171710903,167.0729495688513,168.02092249269617,7914212,1.7267821855609267,0
2023-04-03,170.14805603027344,170.35613731079962,168.85326691060177,170.14805603027344,4053500,0.7392177016187329,0
2023-04-05,170.9804229736328,171.97462680273796,169.8012532875763,170.95730753351026,6443110,0.4892015593826571,0
2023-04-06,169.54690551757812,171.30411636222158,169.17697381975302,170.63359928392518,6429614,-0.8384102876361155,0
2023-04-10,172.6219940185547,173.1306606492291,169.98619911558689,170.1711649507443,5624940,1.8137095994699592,0
2023-04-11,171.21160888671875,173.33875121182783,170.44861601792644,172.71447918754748,6784354,-0.8170367512290166,0
2023-04-12,172.0902099609375,172.69136655823493,170.7954350178158,171.3734620659931,5578210,0.5131667647607197,0
2023-04-13,170.3098907470703,171.04976822118408,169.24632658002426,171.04976822118408,6724634,-1.034526725414131,0
2023-04-17,167.09605407714844,167.37350986966598,162.77240913704804,166.44866663593274,13603290,-1.8870522761915143,0
2023-04-18,170.1249237060547,170.58734536011409,166.1249792208387,168.06715581268375,8024898,1.8126517981734036,0
2023-04-19,166.8417205810547,170.12491701820719,166.6567547491,170.12491701820719,7475944,-1.9298777941983314,0
2023-04-20,167.78970336914062,168.18276460538644,166.00937714284322,166.70300963786903,4423266,0.5681928865180819,0
2023-04-21,170.1942901611328,170.49487553651124,168.1596376335889,168.36773303008326,5299988,1.4330955617115837,0
2023-04-24,174.7722625732422,175.07283381356046,171.3503311850392,173.4081131053514,17779044,2.689850762781254,0
2023-04-25,173.70867919921875,175.21154946827306,172.99193133108034,174.8878628005926,7528552,-0.6085538736890328,0
2023-04-26,173.20001220703125,174.63352205209782,172.66823016618068,174.63352205209782,7008146,-0.29282762066490386,0
2023-04-27,173.13067626953125,174.14800962266654,172.04398248595263,174.05551964074883,8491700,-0.040032293656611095,0
2023-04-28,178.0323486328125,179.41961368709417,175.72024020900975,175.72024020900975,27709406,2.8311980689374128,0
2023-05-02,179.58145141601562,181.33864804920577,179.16527475152205,179.88202266748382,9746608,0.8701243313922191,0
2023-05-03,178.0785675048828,179.58143775992846,176.6681731060319,179.58143775992846,4828488,-0.8368814815129522,0
2023-05-04,177.4311981201172,178.5641227297142,177.13061274892829,177.91673522251745,6253358,-0.36353020682732273,0
2023-05-05,175.44277954101562,177.7548879011028,175.25781369460657,176.99189496467193,7902194,-1.1206702091677512,0
2023-05-08,175.88209533691406,177.10751001198798,175.53527906404463,176.18266661766953,9613544,0.2504040331826385,0
2023-05-09,176.78379821777344,177.31559442612496,175.74334946367776,176.8762881962666,5716698,0.5126746296330476,0
2023-05-10,177.4542999267578,177.82423158474145,176.64506207692895,177.56990533387622,3670402,0.3792778047219114,0
2023-05-11,177.8704833984375,178.8878166649302,177.15373549158267,178.35603459416805,4049964,0.23452994480914757,0
2023-05-12,177.22308349609375,178.14792672373156,176.43696110780652,177.84735549714682,4580358,-0.3639726445750724,0
2023-05-15,178.379150390625,178.95717744957065,176.87628003736634,177.22309627273373,5089694,0.6523229771909111,0
2023-05-16,178.93406677246094,179.7895355528688,178.72597138090873,179.18839304036774,4059352,0.3110881404136956,0
2023-05-17,176.78379821777344,179.11903611082627,176.34450609990444,178.58725401446415,5376102,-1.2017099893123495,0
2023-05-18,176.92254638671875,178.19420606994373,176.76069596827384,178.12484563689318,4237016,0.07848466338209459,0
2023-05-19,178.58726501464844,179.51210840858863,177.33872078803307,177.9398633492981,7281582,0.9409307416879065,0
2023-05-22,183.00338745117188,183.39644871787442,178.21732004224285,178.72598673374083,12197390,2.472809265633358,0
2023-05-23,183.88197326660156,185.93975533185764,183.14209577617302,183.58140200511198,12725634,0.4800926516532966,0
2023-05-24,184.82994079589844,185.1767570364872,181.89356046984915,182.42534254968746,8256974,0.5155304309914399,0
2023-05-25,182.24037170410156,184.506234924638,181.56985467925418,184.506234924638,13605054,-1.4010549809440498,0
2023-05-26,185.75479125976562,186.147838391316,182.65656041302734,182.7259208414192,7926180,1.928452802637115,0
2023-05-29,184.87615966796875,187.74317938214648,184.6680784043193,186.81833613395858,7959308,-0.4730061528093632,0
2023-05-30,186.1247100830078,186.74898211934854,184.714329725932,184.96865598311336,7378972,0.6753441965050566,0
2023-05-31,186.65650939941406,187.18829151212097,185.19988392130736,185.77791102468223,11783582,0.28572203882497593,0
2023-06-01,188.2749786376953,188.66803987650255,186.84146864956912,187.28077487741064,7065484,0.867084273400831,0
2023-06-02,187.25765991210938,189.50039371005084,186.81835368315768,188.9917411653565,6320754,-0.5403366570252532,0
2023-06-05,186.91082763671875,189.4772620266963,186.67961682277524,189.08420082059473,7252860,-0.18521660238273174,0
2023-06-06,184.945556640625,186.51778753090568,182.91088995815497,186.51778753090568,13707400,-1.051448447873482,0
2023-06-07,186.263427734375,186.63337350718697,185.43107444152756,186.07846190396316,8215860,0.7125724552068169,0
2023-06-08,184.7605743408203,187.16517269222408,184.390642646138,186.86460142629602,10615052,-0.8068429813811173,0
2023-06-09,183.72012329101562,185.13051784744718,183.1420962052624,184.71434116810272,12018232,-0.5631347778154328,0
2023-06-12,182.9340057373047,184.87616818073485,182.47158409191817,184.87616818073485,11973622,-0.4278886491196787,0
2023-06-13,182.91087341308594,184.2750228910775,182.42533633759118,184.02069663476854,13016186,-0.012645174485470534,0
2023-06-14,183.32705688476562,183.65074355155693,181.59297580985105,183.2576823521787,18512564,0.22753347787027867,0
2023-06-15,179.85891723632812,183.78950149787337,179.53521641705206,183.62765108823533,28702320,-1.8917773008364391,0
2023-06-16,176.3213653564453,179.72016722646725,175.32716165470802,178.28665732275863,41110648,-1.9668482020463784,0
2023-06-19,175.7895965576172,176.64507947695847,174.37921609664147,176.64507947695847,10629440,-0.30159067663361183,0
2023-06-20,176.87628173828125,178.009220429505,175.99768342263266,176.55258093736336,11802658,0.6181737724779923,0
2023-06-21,178.26353454589844,179.0727723810614,177.15372548007252,177.68550752078204,8829264,0.7843068578690771,0
2023-06-22,176.78379821777344,178.49476403597097,176.4601115170262,178.49476403597097,9356174,-0.8300835792886208,0
2023-06-23,175.6970977783203,177.10747805537613,174.8416149705378,176.7837772809759,6470406,-0.6147059008849043,0
2023-06-26,176.1363983154297,176.59881995139142,175.2809154665028,175.7202216654618,4100400,0.25003289335128187,0
2023-06-27,176.92254638671875,177.68553937425565,176.41387969103067,177.68553937425565,5880750,0.44632913969389065,0
2023-06-28,176.50634765625,177.4543063843219,176.090156885888,177.4543063843219,7140112,-0.23524346612049385,0
2023-06-30,179.95138549804688,180.2288413154139,177.1074951220103,178.03233843857433,9070810,1.9517926055023116,0
2023-07-03,181.08433532714844,182.14789956172152,180.11324696271782,182.14789956172152,9036924,0.6295866108315451,0
2023-07-04,183.0958709716797,183.7432585052803,181.7317213624582,182.07853762460027,12617234,1.1108280795780523,0
2023-07-05,182.1479034423828,182.84153598718396,181.19994460928402,182.24039342648572,12366958,-0.5177438050711136,0
2023-07-06,183.2114715576172,183.5582878106071,181.80107699493107,182.42534907271084,9037242,0.5839035723904429,0
2023-07-07,183.0496368408203,183.78951439968296,181.8242221309491,182.6565755646754,9065220,-0.08833219635265843,0
2023-07-10,180.3213348388672,183.04961985399981,180.18259987146016,183.04961985399981,5630400,-1.4904711361572676,0
2023-07-11,181.29241943359375,181.63923570398987,179.35025678656967,180.3444606059738,9634838,0.5385300611235655,0
2023-07-12,181.19993591308594,182.17102425160084,180.5063034015738,182.14789470069002,6848220,-0.0510134515258609,0
2023-07-13,182.33287048339844,184.32129225861,180.92248994460087,181.1999457867223,13595726,0.6252400502260169,0
2023-07-14,187.3038787841797,187.5119741660274,181.43113245011864,182.54094155866662,31366784,2.7263368846232705,0
2023-07-17,192.0205841064453,196.50607961477473,187.65069400696987,188.2056056142643,45759860,2.5182101688884018,0
2023-07-18,192.9223175048828,194.35581332642857,190.63332469875596,193.29224917909033,17769026,0.4696024661281273,0
2023-07-19,193.26913452148438,194.67951491108028,191.5119237819345,194.21709326046013,10830990,0.179770293601611,0
2023-07-20,193.13038635253906,194.21707997958433,191.74312149554206,193.5234475510858,8255710,-0.07179013311610083,0
2023-07-21,187.1420440673828,191.6044100880243,185.4310783480542,187.2807649151171,23514212,-3.1006732799804815,1
2023-07-24,186.8414764404297,188.66804774352696,186.5871501581204,187.88192523313296,6808460,-0.16060935341974947,0
2023-07-25,185.15362548828125,187.5119787212296,184.968659651028,187.5119787212296,6458200,-0.9033598879136351,0
2023-07-26,186.24032592773438,186.63338716611878,185.61605385641673,186.58714217713427,5329662,0.5869182613018387,0
2023-07-27,184.945556640625,188.02065799155437,184.50625039963947,186.81835880063747,8948358,-0.6952142510810333,0
2023-07-28,184.39064025878906,186.2865719214654,183.37330694359997,185.45420445122267,6760060,-0.30004310020500524,0
2023-07-31,187.3038787841797,187.7431849849744,184.4831180826169,184.85304974813675,6762180,1.5799275501738874,0
2023-08-01,188.1824951171875,188.66803220232444,186.8414610496878,187.51197808343764,7181804,0.4690860321265422,0
2023-08-02,186.263427734375,187.6969376160463,184.50623117748003,187.6969376160463,5399618,-1.0197905929653195,0
2023-08-03,184.80682373046875,185.89351751345535,183.60452452614294,185.89351751345535,6821698,-0.7820128844527985,0
2023-08-04,189.0610809326172,189.59286296976896,185.1073676400793,185.3617079966217,12481540,2.3020022292862263,0
2023-08-07,190.12466430664062,190.98014720732797,188.69115432602797,189.56976677710585,8822866,0.5625607178256331,0
2023-08-08,192.52926635742188,193.06104845892278,189.56977047290454,190.7026951044518,15724284,1.2647501888040313,0
2023-08-09,193.1997833251953,193.52348416453196,190.77206936614203,192.13621904507295,9309388,0.3482675545694258,0
2023-08-10,193.59283447265625,194.5870382672041,192.1593244351271,192.8760865098866,9901644,0.2034428510716113,0
2023-08-11,191.00326538085938,195.21130540537192,190.6795786786596,193.59282955840476,7571468,-1.3376368494478763,0
2023-08-14,191.97433471679688,192.4598858900385,189.3616553590272,191.0957364520586,5792180,0.5084045730847642,0
2023-08-16,193.59283447265625,194.3095965474157,191.44257647235744,191.51193690230454,8131780,0.8430813203478493,0
2023-08-17,193.0841522216797,194.40205673230506,191.67377184924908,193.5928188535688,6340960,-0.2627588218139354,0
2023-08-18,190.3789825439453,192.52924020874974,188.6680169415917,191.92808364836094,10602392,-1.4010314397157608,0
2023-08-21,191.7200164794922,192.991676000855,190.35586698450757,190.42522740872963,7334260,0.7044023019911361,0
2023-08-22,192.87606811523438,193.33848975343346,190.86453116667067,191.90497985261862,6350240,0.6029895349324965,0
2023-08-23,192.0205841064453,193.26912816686357,191.72001286582267,192.9454273772771,6134234,-0.4435407757679699,0
2023-08-24,190.8414306640625,194.21710324228738,190.5177298471962,193.63907614930437,5776956,-0.6140765834402151,0
2023-08-25,189.45416259765625,190.19402597519823,188.25186344116653,189.59288345294803,6598510,-0.7269218542216072,0
2023-08-28,188.691162109375,190.7258288042318,188.50619625856706,190.26340712121703,3401974,-0.4027361963545917,0
2023-08-29,188.7142791748047,190.4714758092033,188.25185752238517,189.43102709125938,3998562,0.012251270897523092,0
2023-08-30,188.29811096191406,189.68537598144096,188.04377057447374,189.59288600201003,4018182,-0.22052820523725813,0
2023-08-31,188.8529815673828,189.59285896133676,187.95126790049093,188.66801574689123,22061952,0.294676671281624,0
2023-09-01,192.52926635742188,193.17665387716167,188.43683172936775,188.64492712699354,8476130,1.9466384695268069,0
2023-09-04,200.73724365234375,201.84705280412672,192.36740885799935,193.29225216981663,27634648,4.263236156358752,0
2023-09-05,199.69679260253906,202.3094721056196,198.9800305770287,201.52334965492793,17973426,-0.518314903041428,0
2023-09-06,198.51759338378906,201.40772847330376,196.94536271749064,200.57537521231862,13531912,-0.5904948213650063,0
2023-09-07,200.15921020507812,200.55227142247475,197.33843537151176,198.81819026806778,9322650,0.8269377002346312,0
2023-09-08,198.84132385253906,200.4366843049891,198.51762302937854,200.4366843049891,5748410,-0.658419041116709,0
2023-09-11,201.0840606689453,202.30947523942632,198.88755779491726,200.2285777798208,8253314,1.127902778433243,0
2023-09-12,201.15342712402344,204.15916798909504,197.40780876207475,202.12451545667523,14545328,0.03449624741382884,0
2023-09-13,201.47711181640625,202.51756049413433,199.5349353065185,201.1302955904969,7445670,0.16091433141889322,0
2023-09-14,201.8239288330078,204.96839031544314,201.292132661606,202.7256425567118,14895010,0.17213717899509096,0
2023-09-15,203.95108032226562,205.1996245275674,202.65630523764827,203.37305321092038,19835876,1.053963968275462,0
2023-09-18,201.66207885742188,203.95105749496022,201.24590220623205,203.95105749496022,6025196,-1.1223286786355202,0
2023-09-20,198.8875732421875,202.00891967402563,198.40202199670748,200.80662044825291,9102700,-1.3758192075347897,0
2023-09-21,198.35577392578125,199.41933808410087,195.62747488037283,198.79506602943982,8893070,-0.26738689991389064,0
2023-09-22,193.52345275878906,197.33843121819172,192.6448544814455,196.2517375619036,19818260,-2.4361888093059947,1
2023-09-25,191.4888153076172,194.10149490623235,190.51772698360386,193.52346782193743,9301132,-1.0513647943786286,0
2023-09-26,190.93389892578125,192.73734056164915,190.37900140581598,192.73734056164915,6480566,-0.28979049295619896,0
2023-09-27,192.20555114746094,192.62172779955588,189.73159256002356,190.63332039955304,7773994,0.6660169979423092,0
2023-09-28,187.442626953125,192.59862575662476,186.8183548755736,192.59862575662476,16876116,-2.478036750708512,1
2023-09-29,187.76629638671875,189.24605124097306,185.66228362431443,187.28075932216026,12780272,0.17267653513770576,0
2023-10-03,187.48887634277344,188.7142909759178,186.6333934099025,187.95129802411017,5728104,-0.1477475187421029,0
2023-10-04,187.2345428466797,187.4888832479761,185.269250628617,186.21722357746495,6905870,-0.13565257899821326,0
2023-10-05,188.11312866210938,189.77784948722322,187.28077530554714,188.64492486923513,8125304,0.46924344304839494,0
2023-10-06,188.5986785888672,189.5003923669712,188.1825019134354,188.66803901610763,6365004,0.25811591684807844,0
2023-10-09,187.5582275390625,190.05530167295166,186.54089424540922,186.91084003946,6030450,-0.5516746233799497,0
2023-10-10,188.5524444580078,189.01486614889194,187.8356964819334,187.9281723529162,5128014,0.5300844073812927,0
2023-10-11,194.74888610839844,196.04367526894666,189.1304655649904,189.1304655649904,19092228,3.28632262933648,0
2023-10-12,192.87606811523438,195.0956863337946,191.76625900595428,195.02632591046242,10234398,-0.9616578716253321,0
2023-10-13,190.0784149169922,191.62753027772348,189.1535716105244,190.47147614463876,10914054,-1.4504926534331442,0
2023-10-16,189.6853790283203,190.47148741815226,188.73740611588943,190.05531072800713,5277652,-0.20677565563850253,0
2023-10-17,190.2402801513672,191.37321893492285,190.07842973771778,190.3790151253481,5979388,0.29253763568357627,0
2023-10-18,188.41371154785156,191.280717380815,188.20561615546384,189.13045947809513,4881066,-0.9601376753978097,0
2023-10-19,182.7952880859375,183.4658051800367,180.3907037694234,181.24618671679448,25629102,-2.981961034447933,1
2023-10-20,181.19993591308594,183.14209847812617,180.8068746674978,182.67967680378476,8429336,-0.8727534443347063,0
2023-10-23,177.1768341064453,181.73168971169312,176.7375420514339,180.73748608910296,8837826,-2.220255645438163,1
2023-10-25,176.57569885253906,179.28086815857245,176.22888263668833,177.7548683416364,6678294,-0.3392854697612968,0
2023-10-26,174.91099548339844,175.9745596723418,173.43124050470482,175.1653217553664,10995582,-0.9427703698518752,0
2023-10-27,176.80691528320312,177.73175855486943,175.2809154177607,175.2809154177607,6202812,1.0839340285983656,0
2023-10-30,176.6450653076172,177.73175897680255,175.90518786613,177.56990858147904,4688744,-0.09154052335944574,0
2023-10-31,176.5525665283203,177.6161447073992,175.3271520739794,177.1999680773195,6153536,-0.0523642022695614,0
2023-11-01,176.15953063964844,178.28665890899262,175.78958485785785,177.5005505826663,4241952,-0.22261692163439983,0
2023-11-02,177.40805053710938,178.10168296259943,176.69130267556477,177.47741095726082,4742730,0.7087438828472514,0
2023-11-03,177.36183166503906,178.81847126261164,176.94565497087115,178.49477043826442,5291528,-0.026052296911205364,0
2023-11-06,177.8704833984375,178.70285082883754,177.10749050456232,178.49475544324036,4939936,0.28678759608158355,0
2023-11-07,177.2462158203125,178.95718159926128,177.0381345414603,177.9860932953171,5692178,-0.35096749398640936,0
2023-11-08,176.73757934570312,178.42541572793172,176.41387851097858,177.84738860305958,7102052,-0.2869660558085019,0
2023-11-09,176.11328125,177.56990656741317,175.5814991959588,177.1074849357272,9231126,-0.35323449490161085,0
2023-11-10,175.3965301513672,176.55258430240966,174.33296597720377,175.85895181178415,10710700,-0.4069829904624567,0
2023-11-13,176.48324584960938,177.06127299710056,175.72025283731918,176.92255212649903,3585902,0.6195765088992111,0
2023-11-15,181.10745239257812,181.3849082294763,177.68553470280756,178.2866772560952,10792518,2.6201957702598477,0
2023-11-16,183.62762451171875,184.73743355548686,180.02072747948787,181.1074210875059,13843576,1.3915341891496347,0
2023-11-17,182.84153747558594,184.5062584190582,182.42536076771546,184.04383671875982,7886928,-0.42808757027875677,0
2023-11-20,185.0611572265625,185.47733390547293,181.82420554972,181.82420554972,8610496,1.213958152847483,0
2023-11-21,185.2692413330078,186.17096924437809,184.99178550551008,186.17096924437809,5440248,0.11244072476568334,0
2023-11-22,185.0842742919922,186.1709680440245,184.5524921913775,186.12472305440812,5318582,-0.0998368858666443,0
2023-11-23,186.1247100830078,187.2807641829023,185.19986680309225,185.19986680309225,9677360,0.562141648714154,0
2023-11-24,183.11895751953125,186.58711959376478,182.91086215028218,186.12469798386698,6250566,-1.6149132278761136,0
2023-11-28,183.5120391845703,184.39063751900284,181.77795795398407,183.58139961139594,8145314,0.21465918677323614,0
2023-11-29,187.85879516601562,188.92235931539076,184.04381655649038,184.04381655649038,15544086,2.36864894573674,0
2023-11-30,191.00326538085938,191.67378244797013,186.8414703458009,188.18250448002243,19825958,1.673847749350732,0
2023-12-01,188.50619506835938,191.32697013933728,187.974412958648,191.32697013933728,9830426,-1.3073443050938716,0
2023-12-04,188.41371154785156,190.98014612335766,188.09001074013494,190.84142526975864,10662472,-0.04906126319841331,0
2023-12-05,186.98019409179688,189.13045190845617,185.93974539547895,188.3905744575657,11165368,-0.7608349967091477,0
2023-12-06,193.6390838623047,194.40207683303572,187.72009183919027,188.09002354863864,22082070,3.561280809901546,0
2023-12-07,193.4078826904297,194.9107532672232,192.66800512253315,194.2171206933185,11250552,-0.11939798890981956,0
2023-12-08,195.41940307617188,196.29800143806682,191.90499551660244,193.66219224039233,15479122,1.0400405390724732,0
2023-12-11,194.4945526123047,195.2344300891577,192.94543723214133,194.21709679448617,10084242,-0.47326439918901064,0
2023-12-12,195.2344207763672,197.87021563994145,194.28644795337186,194.54078832090212,11903364,0.3804055970335174,0
2023-12-13,194.05523681640625,196.20549460242137,191.9049790303911,195.85867837525802,9696816,-0.6039836393970988,0
2023-12-14,200.87596130371094,201.61583876377392,195.71996274487915,195.83556815701436,24681376,3.5148365997242914,0
2023-12-15,206.49440002441406,207.85854965470816,200.45980261471854,201.63897227942087,41567234,2.7969691765200366,0
2023-12-18,205.89324951171875,209.7082283067141,204.39037907732663,206.24006576580922,20182072,-0.29112194452936,0
2023-12-19,202.86439514160156,206.86433982124913,201.1534292936186,206.0551018873093,16064694,-1.471079978241241,0
2023-12-20,199.74305725097656,207.85855237175164,198.54075801886427,204.39038965142208,26449942,-1.5386326853691012,0
2023-12-21,200.69100952148438,201.84706372379705,197.54654773598975,198.3326561263685,10663008,0.4745858422086302,0
2023-12-22,213.93934631347656,215.62718229870035,200.6909705500255,201.29211297369852,46080814,6.601360381603905,0
2023-12-26,217.38442993164062,220.02022498395914,207.32675860718618,209.939438220796,54628644,1.6103085652678928,0
2023-12-27,217.77748107910156,219.83524894842526,214.60988996341365,216.64454239510007,25262992,0.18080924543883992,0
2023-12-28,217.08383178710938,220.76007514190292,216.25146441682554,218.5173274972874,16839956,-0.3185128639357493,0
2023-12-29,217.93930053710938,219.8121165367372,215.53471661697776,217.77746426216808,15961140,0.39407299150631125,0
2024-01-01,220.6444854736328,223.5808657468946,216.55205108585756,218.72543846593828,20347278,1.2412561340962913,0
2024-01-02,216.96826171875,221.037566929561,214.70238415728596,221.037566929561,14282514,-1.6661299043986832,0
2024-01-03,210.8180389404297,214.51741234271665,210.40186225507034,214.51741234271665,19534364,-2.834618634817976,1
2024-01-04,209.19955444335938,212.64460142685942,208.73713278715744,211.3266968842861,15170336,-0.767716323140466,0
2024-01-05,211.14173889160156,214.10123477889024,209.7082288816992,210.4249768306556,16889130,0.9283884248271868,0
2024-01-08,208.2515869140625,212.71395288590165,207.6504303191484,211.55789879413044,10082886,-1.3688207706875288,0
2024-01-09,208.43653869628906,213.86999256136147,208.06660705665357,211.7890953364401,14465048,0.08881170365482305,0
2024-01-10,209.75445556640625,210.86426466328905,207.62731323205435,208.76025187778183,8874676,0.6322868717550056,0
2024-01-11,207.2574005126953,211.28046062058127,206.56376799975052,210.37874682094682,8638818,-1.1904657981963052,0
2024-01-12,215.23416137695312,216.87575258004497,210.40184951795408,210.40184951795408,36086734,3.8487218524045907,0
2024-01-15,228.7137451171875,244.62104665172626,226.19354154374955,236.73676336379586,127844264,6.262752926393844,0
2024-01-16,224.27450561523438,228.89872222585777,222.19360814045385,228.89872222585777,25912492,-1.940958773456558,0
2024-01-17,223.07220458984375,227.28024449236472,218.26302217781515,219.71964757545996,28668932,-0.536084572828488,0
2024-01-18,223.1877899169922,226.1241699980557,216.59828189557643,223.0721845131077,26144924,0.05181520815691343,0
2024-01-19,224.297607421875,228.13571544262612,223.62710452127772,225.66175688389882,15498620,0.49725726720784014,0
2024-01-23,217.2919158935547,224.73690678006557,215.9740114573234,221.06064926510265,19972336,-3.1233911091808952,1
2024-01-24,221.53211975097656,221.97236287070672,216.89804119417684,218.26510002526695,11708750,1.9513859224744579,0
2024-01-25,217.80169677734375,222.13456314803358,217.12974971555806,221.53212443765332,12852980,-1.6839196852475258,0
2024-01-29,219.19190979003906,221.0455411624707,217.80168626071534,217.80168626071534,10051300,0.6382930129862574,0
2024-01-30,218.96022033691406,223.77965939527763,218.49681246318517,219.8406924685818,11828014,-0.10570164443884922,0
2024-01-31,221.57846069335938,222.3894244310214,217.33828169342914,218.96020916875324,10584480,1.19576074248402,0
2024-02-01,218.4272918701172,221.36993453181054,218.07973598429714,221.3004120409784,7828120,-1.4221458229205175,0
2024-02-02,223.89549255371094,225.44791162869754,220.11872152853306,220.11872152853306,16296222,2.5034420546885094,0
2024-02-05,223.52479553222656,226.83815907228083,222.04188464754466,223.8260078282158,11566604,-0.1655669871940102,0
2024-02-06,231.54173278808594,232.53805685164417,223.87233841599362,224.61379381518307,29024038,3.586598630711446,0
2024-02-07,229.4795684814453,232.49171944743878,228.25152638933383,232.14416356674724,9103534,-0.8906231640444573,0
2024-02-08,226.53692626953125,231.75026448925618,224.7991468629563,229.8039458970582,11303840,-1.2823112015534321,0
2024-02-09,227.27838134765625,229.27102940775677,223.710135313986,227.48690639092166,7893788,0.3272998757133383,0
2024-02-12,232.37586975097656,236.70872179213993,227.5332521093309,227.5332521093309,48873500,2.242839100267502,0
2024-02-13,237.0794677734375,237.7282359593343,227.8576540412489,233.14050090081696,22373576,2.0241335847398956,0
2024-02-14,238.42333984375,239.58185947370018,230.3368671698635,233.5343926621943,22594656,0.5668445618398188,0
2024-02-15,240.27696228027344,242.29277504745264,237.75138392444725,239.55868579335726,14570776,0.7774500758768843,0
2024-02-16,251.6304473876953,252.5572630318489,241.41231056773591,242.13058703512118,34942644,4.725165908406348,0
2024-02-19,248.36341857910156,252.97433189257578,246.23172570703838,252.97433189257578,18602758,-1.298343997123741,0
2024-02-20,246.50979614257812,249.3829302908333,243.86836590492146,248.29390494051907,10374126,-0.7463347247868013,0
2024-02-21,241.620849609375,248.52560918395628,240.740363434254,248.3402630257305,13115574,-1.9832666326880632,0
2024-02-22,246.0927276611328,246.99637860554805,241.64402371286218,242.26961298290433,14596482,1.8507831832341504,0
2024-02-23,248.4561309814453,250.8194997112456,247.1354016337105,247.9232006383675,19860994,0.9603710531287613,0
2024-02-26,246.95005798339844,248.61831495273069,243.77569719663083,248.50246298863343,8820636,-0.6061726036293069,0
2024-02-27,246.27810668945312,249.03538904427214,244.47080476702172,247.45979104604115,10399260,-0.27210007538871483,0
2024-02-28,239.90625,246.04640402269067,238.6550431460893,245.60616090762588,12789056,-2.5872607090843824,1
2024-02-29,240.3232879638672,242.94155350221297,237.82090266653472,239.72086344511138,14462764,0.17383372207568915,0
2024-03-01,240.5550079345703,243.38181284075827,239.83673141102545,242.08427649432707,9420630,0.09642010670973811,0
2024-03-04,241.2037811279297,243.93789870222167,240.30013018156743,242.33913599468383,5662370,0.2696984772546651,0
2024-03-05,237.86724853515625,241.20379077913702,236.6392205363597,239.92941916599077,10521548,-1.3832837019266297,0
2024-03-06,237.79774475097656,238.5855154527713,231.70392033256218,238.05261340650839,11091922,-0.029219568733274137,0
2024-03-07,238.88673400878906,241.1574436670601,236.5696948816427,238.07577031428784,9707982,0.4579476811072736,0
2024-03-11,238.44650268554688,240.48550853173177,237.40383502687354,239.767232023702,11131512,-0.18428454182223275,0
2024-03-12,236.73191833496094,242.13061730873855,235.29535107849188,237.6123904785755,11652760,-0.7190645831560261,0
2024-03-13,233.74290466308594,240.36964506175556,230.22100235620866,238.0989354001332,13580480,-1.262615406024692,0
2024-03-14,240.0220947265625,240.46233782835492,229.45638756230818,232.23683458309856,12825472,2.686366062117407,0
2024-03-15,239.5818634033203,240.16112322779642,234.66973726334578,238.53919571926332,13649086,-0.18341283278262566,0
2024-03-18,236.43069458007812,240.30013887697243,235.87459949418104,240.0452702121528,6393960,-1.3152785350606488,0
2024-03-19,229.3173828125,235.87460121632452,228.5295837920749,235.87460121632452,9617386,-3.0086244851634025,1
2024-03-20,228.69178771972656,232.28319877307587,226.69913950179946,229.8734721514135,8385344,-0.2728075321202117,0
2024-03-21,231.9124755859375,234.15999245521638,230.98565984039206,231.54174080246776,11644580,1.408309366210414,0
2024-03-22,225.72596740722656,227.4174032376324,222.2272296413964,226.72229146003394,28646502,-2.667604734536355,1
2024-03-26,222.3662567138672,227.5100866093437,221.99552195351276,225.21621212530746,18273346,-1.488402389831478,0
2024-03-27,218.8675079345703,222.87599689499973,218.38093537994743,222.29673711945608,14320668,-1.5734171321680979,0
2024-03-28,222.4821014404297,223.84914605017045,220.2577353768876,220.90651765089027,15455150,1.6514984521777132,0
2024-04-01,224.72964477539062,225.40157767939994,223.15404675586996,224.15038495706256,6041008,1.0102131004739334,0
2024-04-02,222.9918670654297,223.68697885286295,222.2504116637504,223.33942295914633,6932654,-0.7732747994586009,0
2024-04-03,223.91867065429688,226.00400590365237,220.55896386366854,222.4357599312546,13794516,0.4156221484953315,0
2024-04-04,225.864990234375,227.97350450221916,222.2504145496217,225.1235348230681,16004046,0.86920825958412,0
2024-04-05,224.77597045898438,225.7491297657917,223.61745084185304,225.4479174937546,6414344,-0.48215519114341854,0
2024-04-08,222.38941955566406,227.81129693971985,221.6016347130281,227.06984156740927,26640770,-1.0617464573490887,0
2024-04-09,220.48944091796875,224.86865058937155,220.21140753229884,224.26622606430706,15801250,-0.8543475860908645,0
2024-04-10,221.18455505371094,222.18089321742633,219.23825062259002,221.27724227799118,10771534,0.3152596028400234,0
2024-04-12,218.1492462158203,222.4357688445964,217.80169032700064,220.11872958579852,13170046,-1.3722969206206748,0
2024-04-15,212.8664093017578,217.03708015896925,212.33349307619798,216.15660802864178,12176472,-2.421661777751949,1
2024-04-16,207.76890563964844,212.47249233623202,206.1237993402348,209.94691397878205,21439424,-2.3946961283511814,1
2024-04-18,205.91529846191406,211.05912886213696,205.22018662788628,209.6920699317144,21986258,-0.8921485012532315,0
2024-04-19,209.8079071044922,210.34082331123835,202.50923336203883,203.89945693202995,20470106,1.8903931236066374,0
2024-04-22,214.09442138671875,216.01756108807422,208.53352732472604,209.80789888059937,18881740,2.0430661271940043,0
2024-04-23,214.14077758789062,216.31878607162753,213.26030547139757,216.31878607162753,10322712,0.021652222823753675,0
2024-04-24,213.1212615966797,215.32244882437965,212.51883706487996,214.97489294632175,5915168,-0.47609614698091995,0
2024-04-25,213.6310272216797,214.3493037604931,211.22130065041426,212.6578678701269,11805090,0.23919041262279173,0
2024-04-26,215.29930114746094,220.48946085242304,213.90907752508227,214.04809423048573,21478294,0.7809136844387776,0
2024-04-29,214.53465270996094,216.87485650904756,213.90904933392184,216.712660946062,7249940,-0.35515602392796053,0
2024-04-30,214.27978515625,216.2956121147131,213.86272092327818,214.55783269225958,8902956,-0.11880018006018567,0
2024-05-02,211.96273803710938,214.55782470646847,211.0591012563178,214.27977718080774,14937276,-1.0813185748954623,0
2024-05-03,211.9395751953125,214.0944187897797,210.01643551728446,213.35296342875745,9730626,-0.010927789483838879,0
2024-05-06,212.54202270507812,214.37248949972425,211.3139946435711,212.6115310591094,6918126,0.2842543726014446,0
2024-05-07,214.97491455078125,215.6468616393895,210.3871793277778,214.00175516600203,9278528,1.144663918569644,0
2024-05-08,214.6505126953125,216.13340926732235,213.77002650389628,215.48464113318775,8205680,-0.15090219067961375,0
2024-05-09,211.2676544189453,215.20662148760638,210.4103469932312,213.9785934063823,9233484,-1.575984251744611,0
2024-05-10,209.39083862304688,212.00909013177636,208.67254797450778,211.33714309638256,6654714,-0.8883592715885902,0
2024-05-13,209.4371795654297,210.0396041023808,206.2164894110523,209.3908359528754,7111608,0.022131313235829175,0
2024-05-14,211.47616577148438,213.12125790899233,209.55302610792424,209.78473002262027,4909420,0.9735550346339883,0
2024-05-15,212.37982177734375,213.05176884761815,210.68838587537746,211.47618491348632,4793424,0.42730867687275076,0
2024-05-16,215.2297821044922,216.64317039354108,211.3603237193135,214.0944272124406,14621472,1.3419167147321165,0
2024-05-17,213.6310272216797,215.20661114500592,213.1907840900935,215.20661114500592,6876820,-0.7428130378519415,0
2024-05-21,213.5846710205078,215.39195877141563,213.0285900967358,214.5578303147151,8467448,-0.021699189380286477,0
2024-05-22,213.77003479003906,214.7663729776738,212.63469404681666,214.51149017582657,7765884,0.08678701923952037,0
2024-05-23,215.85536193847656,216.87486482311138,213.97856588049504,214.32612175360902,13171332,0.9755002147451064,0
2024-05-24,214.85903930664062,218.03338579649431,214.09441920931005,216.41145837824197,8205526,-0.46156955420912915,0
2024-05-27,209.6688995361328,214.16394745629435,209.27500001239588,214.09443910318456,40983758,-2.415602241942727,1
2024-05-28,211.33714294433594,211.89323801750902,209.970098281087,210.3871625149242,15778126,0.7956561091768455,0
2024-05-29,208.9042510986328,211.08227362935926,208.30182655630512,210.38716186109573,9756036,-1.1511899005580473,0
2024-05-30,202.48605346679688,208.30181597569154,201.62874616773476,208.07011206470636,20724568,-3.072315473755305,1
2024-05-31,203.06532287597656,204.89577537433027,201.81411604047597,202.76409646374063,21438004,0.2860786702401974,0
2024-06-03,205.7994384765625,208.78841076125136,204.61773991947405,208.62622931996208,8964424,1.3464217138914547,0
2024-06-04,203.0421600341797,206.63357110843538,193.24108618898305,206.63357110843538,17730732,-1.3397890989371275,0
2024-06-05,209.2286376953125,210.85056511930716,203.45920448741182,203.76043089410726,12267428,3.0468931477538375,0
2024-06-06,213.6310272216797,214.0944350898395,209.7384039575543,210.82741527614706,15425568,2.1041046650497774,0
2024-06-07,224.5442657470703,225.40157308915408,217.0138882621597,217.8016872558767,72672440,5.108452019970966,0
2024-06-10,220.2345733642578,226.32838356001758,219.35410130705228,226.32838356001758,18311752,-1.9193063641478103,0
2024-06-11,220.60531616210938,222.06506230138422,219.81753124941508,222.06506230138422,9371714,0.16833996233569515,0
2024-06-12,220.99920654296875,224.47476550771063,220.3736031008981,221.50895801954803,13875116,0.1785498136273045,0
2024-06-13,223.64064025878906,224.91501189768988,221.5784695862789,222.4357769717748,12995932,1.1952231671504832,0
2024-06-14,221.27723693847656,225.03084315789172,220.67481242144646,224.7527956338453,11322596,-1.0567861537051804,0
2024-06-18,227.92715454101562,228.4600707417121,222.45893340920824,222.8991765248753,31870984,3.005242515924933,0
2024-06-19,229.7344512939453,230.38321948279798,225.5637804686392,228.11252375077072,20880284,0.7929273528505698,0
2024-06-20,227.2552032470703,230.5454017588804,226.2588792136148,230.5454017588804,12571126,-1.079179910941086,0
2024-06-21,227.32472229003906,232.14417539485527,226.652789371717,230.753951801255,95171176,0.030590737626878806,0
2024-06-24,227.32472229003906,229.3405493291766,226.81498495272086,227.11619723625043,9934518,0.0,0
2024-06-25,230.2441864013672,230.77710258494355,226.74544875042085,227.32470854606578,9258210,1.2842703960738833,0
2024-06-26,229.4795684814453,231.65757684852807,228.8307861904864,230.24418859054973,12812090,-0.33209000056529936,0
2024-06-27,236.708740234375,237.2416706118163,226.69914130675556,228.06618607205016,42137138,3.150246359956088,0
2024-06-28,238.5855255126953,239.2574725668263,234.41486891293906,237.26482442478053,16405832,0.7928669116577636,0
2024-07-01,244.3780975341797,248.29389918942863,238.23794404554033,239.99891635263555,30757528,2.4278807396369784,0
2024-07-02,249.40611267089844,252.5572804211539,244.81836360279084,245.2817714567746,36276968,2.0574737210299787,0
2024-07-03,249.77682495117188,252.7658111663269,248.154897516424,251.12071899648802,16049384,0.14863800903011093,0
2024-07-04,245.93055725097656,254.31822821327188,245.1890877035931,250.88902701570098,19524632,-1.5398817328017511,0
2024-07-05,247.96954345703125,248.61832579794546,245.35130592472302,246.23176391976696,10376090,0.8290902232104047,0
2024-07-08,250.7963409423828,251.63046943838296,247.92320653689666,248.3634496632824,12176360,1.139977694817751,0
2024-07-09,250.70364379882812,252.53411044088466,249.12804581433562,252.0938673319085,8681444,-0.036961122800427404,0
2024-07-10,248.17808532714844,251.79266114669352,246.41714103395188,250.70366393863276,9233748,-1.0073880193405826,0
2024-07-11,247.50613403320312,250.0317126017403,245.6061730646735,248.71101147534435,8807618,-0.27075367797263494,0
2024-07-12,259.57794189453125,261.73277162080683,250.9585381369096,252.55730102038703,54186042,4.877377245005454,0
2024-07-15,259.3693542480469,262.7058961025877,257.7242621962887,262.7058961025877,16099478,-0.08035646055362111,0
2024-07-16,259.3693542480469,260.71321991273385,257.84011414759794,260.36566405880603,11239032,0.0,0
2024-07-18,265.6253967285156,266.1814918293242,257.8169571488747,257.90964437970473,25019786,2.4120206871031558,0
2024-07-19,258.21087646484375,268.73024100061184,257.05235676452065,268.73024100061184,26523490,-2.7913446360891214,1
2024-07-22,234.3916778564453,244.10007768014995,232.4221945529035,241.43548262241694,76014568,-9.22470770190097,1
2024-07-23,231.9587860107422,235.4111800362175,225.3784032430122,235.4111800362175,25847632,-1.0379599941228168,0
2024-07-24,231.75027465820312,234.64657379624785,231.63442269268134,232.86245069879516,12240276,-0.0898915519110366,0
2024-07-25,234.8782501220703,235.17946236860837,228.59906584352998,229.85027258094533,21887890,1.3497181258923963,0
2024-07-26,243.19644165039062,244.93422114239158,235.6428991153275,236.33801091212788,26153996,3.5414907612761892,0
2024-07-29,243.0110626220703,245.86100363316143,242.29275790181475,244.67931939518866,12011554,-0.07622604469962324,0
2024-07-30,241.6671905517578,244.19276895740694,240.85622682507406,243.0110846125018,10816526,-0.553008597967608,0
2024-07-31,241.89891052246094,243.24280467236565,240.7172260991569,241.80622329071372,7758508,0.0958839179509896,0
2024-08-01,241.69033813476562,244.12322914215878,239.81354215732455,242.36228511745068,10759752,-0.08622295455767981,0
2024-08-02,232.70025634765625,240.62453365961585,232.16734013185854,238.6550502353436,15652228,-3.7196694979575673,1
2024-08-05,224.7528076171875,229.78078562631896,222.55162032609132,227.06984687097292,21938080,-3.4153158467497335,1
2024-08-06,226.838134765625,231.40270475939724,225.49425487530792,226.95398672413657,11271584,0.9278314120059195,0
2024-08-07,230.49905395507812,231.75026076453656,228.29786674212758,231.10149262492598,7079826,1.6138905361903433,0
2024-08-08,225.81863403320312,228.92347220783566,225.37840507190054,228.92347220783566,13160570,-2.03055927630279,1
2024-08-09,227.67227172851562,230.05883347681558,226.90765160214778,229.54908201187524,6065948,0.8208524080612234,0
2024-08-12,226.6295928955078,228.92346730366378,225.86497280681735,227.7881124668826,7338468,-0.4579735709982047,0
2024-08-13,227.30154418945312,228.3210470883193,225.74912510612347,226.6295971685525,6289418,0.2964975956406324,0
2024-08-14,229.45639038085938,230.2441893699276,227.27838200640403,228.46006634792133,11121756,0.94801212155875,0
2024-08-16,239.23431396484375,239.79040906818236,230.7539555624885,232.16734391551907,25931140,4.261342892980524,0
2024-08-19,240.85623168945312,242.4549944397526,238.0526198345582,239.11845224003426,11466562,0.677961993716214,0
2024-08-20,243.12692260742188,244.4939530408258,240.80988352142404,240.92573547572394,9543812,0.9427578028773809,0
2024-08-21,243.91470336914062,244.72566708281957,241.45864749311832,242.54767287913188,6454402,0.3240203730916269,0
2024-08-22,240.5086669921875,245.86102184356122,240.06842389095553,244.58665029398796,11496506,-1.396404697997411,0
2024-08-23,237.45018005371094,241.64401519917493,236.96359335382903,240.92573872964832,11277706,-1.2716743129160935,0
2024-08-26,240.97207641601562,243.19642838763718,239.09528032384026,239.11844505896937,17351380,1.483214862801141,0
2024-08-27,239.65139770507812,242.4781744741464,239.11846732663076,240.97209885629456,7965796,-0.5480629667055203,0
2024-08-28,247.73782348632812,249.35975094947813,239.9757420555389,240.97208023942773,34375566,3.374245198937409,0
2024-08-29,249.63780212402344,251.14387756214924,247.4829444142681,247.92318750686178,25685318,0.7669311899804354,0
2024-08-30,249.49880981445312,251.16706684142852,248.2476029021356,251.02805013654256,19434804,-0.055677589046088105,0
2024-09-02,246.7415008544922,251.16703990446211,246.46343919036968,249.4987830564026,15735982,-1.1051391235138541,0
2024-09-03,248.40977478027344,250.63412682532925,245.37445898973692,246.99638648069836,15056686,0.6761221440267917,0
2024-09-04,240.5782012939453,244.79520149683378,239.46601111876737,244.6793495320932,20402128,-3.152683300508363,1
2024-09-05,243.2196044921875,243.75253484591835,240.74038374991366,241.52818277031835,12069118,1.0979395406713666,0
2024-09-06,241.2501220703125,245.55983782187357,240.25381213575275,243.2196054872966,14579954,-0.8097547999829313,0
2024-09-09,238.5855255126953,241.78305106177586,237.9367714789115,239.62819319815577,11919540,-1.10449542356732,0
2024-09-10,243.63668823242188,244.6793559424037,238.1916457469612,239.48918212921532,10287272,2.1171287356481994,0
2024-09-11,238.35382080078125,243.86838563279701,237.84408346989656,243.2891258094412,8261524,-2.1683382211306945,1
2024-09-12,245.62933349609375,246.5329844908173,239.92942240624186,241.1806293001536,15779474,3.0524002807546635,0
2024-09-13,255.15234375,256.03282995400747,246.00003896883865,247.36709774488403,35919706,3.8769841200817723,0
2024-09-16,255.75479125976562,258.0486373780965,254.41089724661674,256.264528556246,11088578,0.23611286532250197,0
2024-09-17,255.75479125976562,257.14501474198755,253.50724632633865,254.41089724661674,8728238,0.0,0
2024-09-18,249.38294982910156,254.43407850538557,246.83420661283307,254.43407850538557,16665520,-2.4913869254524768,1
2024-09-19,247.15855407714844,255.54625274554772,245.21226382430865,252.1865459881025,20969182,-0.891959836659828,0
2024-09-20,249.8231658935547,250.5878001758596,246.06957354300775,249.26709908915598,16664232,1.0780981570132075,0
2024-09-23,247.8768768310547,250.42562007342826,246.5329827168619,249.82316722516657,8544290,-0.7790666872459995,0
2024-09-24,250.0316925048828,251.12071789106443,245.3049269161621,246.62565622057346,12355694,0.869308868731955,0
2024-09-25,248.47927856445312,249.96218924423422,245.95370029041214,249.6841275819304,8065196,-0.6208868663317046,0
2024-09-26,251.12074279785156,251.6768096294193,248.2476082700041,249.63783191726844,11403400,1.0630521179307406,0
2024-09-27,251.07435607910156,258.99864692498977,250.5646187809023,254.36456863528997,26462384,-0.01847187860037902,0
2024-09-30,250.91217041015625,252.325558607783,247.4597764858698,249.31340777040816,8199446,-0.06459666828507737,0
2024-10-01,253.36825561523438,254.68895674510176,250.33293969131014,250.33293969131014,9411274,0.9788625243100979,0
2024-10-03,245.67567443847656,251.35242040335237,243.86837257272583,250.28655975812168,14035368,-3.036126667912098,1
2024-10-04,247.2512664794922,251.143903949932,244.70252316255883,244.70252316255883,11922754,0.6413300969324132,0
2024-10-07,246.27810668945312,251.0280371355616,243.72936352324857,249.31342243964446,9878074,-0.39359142781975054,0
2024-10-08,244.19277954101562,247.36711209508908,241.1111059323859,246.32444440130521,11502804,-0.8467367142248716,0
2024-10-09,246.1390838623047,249.6378073737701,244.91104178095557,245.51346631204072,8841688,0.7970359831880991,0
2024-10-10,243.28912353515625,249.12805118633167,242.57084701774374,247.92320207868303,12620244,-1.1578658222124338,0
2024-10-11,244.818359375,247.6451642059871,241.1342613426159,241.1342613426159,8436982,0.6285672855501856,0
2024-10-14,254.66580200195312,255.73163449927227,248.5256474182411,249.6378376753752,33136266,4.022346466209803,0
2024-10-15,246.9732208251953,256.1950201261074,246.00004736373958,256.1950201261074,21601252,-3.0206573149145544,1
2024-10-16,246.60250854492188,249.6841539000561,245.14276244542506,246.99639391949256,12553622,-0.1501022171694566,0
2024-10-17,245.02691650390625,249.31343939309988,243.31230169139434,247.90005101620025,23755278,-0.6389197134742841,0
2024-10-18,254.2487030029297,258.76692909236795,243.19640990595695,246.53295175191414,74653054,3.7635810100383082,0
2024-10-21,253.9938201904297,260.3888708687714,253.48408289133604,255.6157475946704,23966964,-0.10024940520426684,0
2024-10-22,252.76583862304688,257.42308224902547,252.02436903040373,254.78165162581922,18478300,-0.48346907277592166,0
2024-10-23,253.5767822265625,256.9596538887324,251.2597429669707,253.7157989253039,12698576,0.3208280074290304,0
2024-10-24,253.43775939941406,255.1060163123116,252.62679567816693,253.57677609479387,9576604,-0.0548247461489737,0
2024-10-25,251.83900451660156,255.80113602096165,250.4719456871916,254.75846834696316,10124540,-0.6308274215338527,0
2024-10-28,258.859619140625,259.4157142291548,251.4914511411612,251.83900703597095,11185858,2.787739189765026,0
2024-10-29,260.5279235839844,261.08401871344904,256.3804172771177,259.4157333250551,12055630,0.6444823062391469,0
2024-10-30,261.9412841796875,268.19729008225414,260.018130310786,260.66691260694245,20755492,0.5424986988957103,0
2024-10-31,255.70846557617188,262.42787991629257,254.0865379768324,261.7327680880042,15680094,-2.3794716526013615,1
2024-11-01,255.49990844726562,257.1450289528126,254.87431915936094,255.662118166324,1962810,-0.08156051010526078,0
2024-11-04,250.61094665527344,256.0096591420846,247.55246631720306,255.3377121375205,9855560,-1.913488666866292,0
2024-11-05,251.954833984375,252.71943990653622,250.42559385588424,251.63044285792708,6862260,0.5362444645924169,0
2024-11-06,261.3157043457031,262.21932704805664,250.70365300643863,253.69263936917218,19554884,3.715296989264605,0
2024-11-07,261.0840148925781,264.00347892432563,256.93650864640875,262.288864085308,11997142,-0.08866265948505037,0
2024-11-08,263.6790771484375,268.2204686024198,261.82544567463475,261.82544567463475,20852658,0.9939567755333778,0
2024-11-11,265.7643737792969,270.25943510423707,262.3119800062371,263.67903867553605,16139444,0.790846453731131,0
2024-11-12,264.44366455078125,268.6374993597253,263.70219512224327,266.4594771074054,11260890,-0.49694743119046425,0
2024-11-13,263.6790771484375,265.810742029642,262.0803143454483,264.14248501688814,11391200,-0.2891305426592772,0
2024-11-14,262.61322021484375,266.250960329234,261.454700651768,263.65588782161194,9783520,-0.40422506977818573,0
2024-11-18,256.19500732421875,262.61322273577076,250.37924471858454,262.61322273577076,15289764,-2.4439793569319357,1
2024-11-19,260.4352111816406,264.04978674761225,257.05233954020787,257.6547640871747,12919778,1.655068887449418,0
2024-11-21,258.1877136230469,263.0303033786093,257.33039206801067,260.4352305445039,11672608,-0.8629776090554153,0
2024-11-22,264.9071044921875,265.81072715777213,258.53524665749035,260.4120427628762,14733232,2.6025215432795124,0
2024-11-25,269.91192626953125,272.2752951518014,265.94979453905603,266.69123583587776,23297474,1.8892742748208846,0
2024-11-26,272.94720458984375,273.5727938299901,268.45214310190397,271.09357331928453,15771340,1.124543980795245,0
2024-11-27,270.1204528808594,276.19108453258843,269.65704502090534,274.1057491627954,13659676,-1.0356404687243859,0
2024-11-28,265.1619567871094,271.55697896249836,264.39732258045893,271.4411270090161,11896556,-1.83566110632023,0
2024-11-29,267.78021240234375,269.12410646893466,264.8839133658722,266.4595113553808,8540112,0.9874175190736301,0
2024-12-02,270.88507080078125,271.34847868112956,267.94244207423833,269.9119255657187,11194000,1.1594801462672777,0
2024-12-03,270.3057556152344,274.522783433627,268.1277333666323,273.7349845414731,15445286,-0.21386013774562507,0
2024-12-04,272.48382568359375,275.2642728844467,270.44481975596625,273.0862502536109,14036431,0.8057801297652434,0
2024-12-05,277.39593505859375,278.87884587478527,272.3911358025974,273.41063875648973,13487264,1.8027159456810882,0
2024-12-06,275.5886535644531,277.2569105078346,274.5228211681722,277.2569105078346,7894350,-0.6515169350837402,0
2024-12-09,281.520263671875,283.32756556714025,272.2521068431713,273.4106264467593,9285213,2.1523419163679947,0
2024-12-10,285.5519104003906,288.2396701565925,281.2422232397706,283.605591858255,17028502,1.4320982354629752,0
2024-12-11,286.3860168457031,287.22014521851736,283.18849175172016,285.5982179386469,8608406,0.2921032621154396,0
2024-12-12,286.4787292480469,290.8347459264571,284.9494890494117,285.4592263542335,12958440,0.03237322944915633,0
2024-12-13,287.2665710449219,288.28604580653064,281.93738014814915,286.47877195117286,7382211,0.2750088283842045,0
2024-12-16,286.5714111328125,288.6103885982817,284.62509260527946,287.312852341316,7221189,-0.24199123120408617,0
2024-12-17,286.2470397949219,289.3982075752562,284.8104584633571,288.23968792923836,10568517,-0.11319040395844082,0
2024-12-18,289.7226257324219,290.3250503476573,285.96900475901896,286.3860831841216,10965226,1.2141910497974306,0
2024-12-19,289.86163330078125,290.46405789700987,279.1105646662039,283.9300180043784,12405595,0.047979534911357646,0
2024-12-20,282.8641357421875,296.58099546895977,282.1226662830144,292.4103252201775,22214824,-2.414082015239538,1
2024-12-23,285.3665771484375,287.915320580443,282.6788170042482,284.1617279306133,6693583,0.8846796359262887,0
2024-12-24,282.9568176269531,286.5714214297508,280.63977841191365,284.9958234498559,8837902,-0.8444435033577502,0
2024-12-26,282.7251281738281,284.4861006947115,281.75198296737915,283.04951933736834,6516148,-0.08188155884282233,0
2024-12-27,286.4787292480469,288.14698614034535,282.4007459569632,282.8641537919538,8063921,1.3276503218740965,0
2024-12-30,281.47393798828125,286.7567704812143,280.5007645376725,286.4787370862806,13709891,-1.7470027435901647,0
2024-12-31,279.75933837890625,280.8251708291793,273.6423488030204,278.9252098649609,9337030,-0.6091503965267253,0
2025-01-01,278.32269287109375,281.1494972134329,277.0715145305625,278.0446595252347,7878201,-0.5135290625640221,0
2025-01-02,281.56658935546875,282.1690421685679,275.4032708041073,276.19106978078577,8800435,1.1655163475575492,0
2025-01-03,272.90087890625,281.56658258895266,272.4838005509228,281.1031747648865,12535720,-3.077677102619081,1
2025-01-06,272.7618408203125,276.00569567069965,269.2862820520406,273.4106231040578,9173687,-0.05094820012846446,0
2025-01-07,272.5301208496094,275.72764604174387,269.981377903005,272.76182475384616,7381943,-0.08495322146464535,0
2025-01-08,275.77398681640625,276.6081435331957,268.12775766307703,271.55698690005596,7937785,1.1902779614540115,0
2025-01-09,270.908203125,276.1910636425691,270.0277452281845,275.2642479927618,7964702,-1.764409960336688,0
2025-01-10,278.5544128417969,281.05682623571573,272.761815433806,272.761815433806,19505556,2.822435654806954,0
2025-01-13,270.4911804199219,277.34961126556084,269.0082695733635,277.07157785615635,9541248,-2.8946705024753827,1
2025-01-14,271.4179992675781,272.99356907917576,265.57904304575953,270.44482575518896,7670070,0.342642908436952,0
2025-01-15,271.23260498046875,273.1325941081773,268.4985156759664,271.55699612755757,4662694,-0.0683058189249297,0
2025-01-16,266.9692687988281,274.8008732975365,265.7180901480828,274.24477818377613,10345666,-1.5718376416978375,0
2025-01-17,261.3157043457031,266.7375536965091,259.9718102340334,266.7375536965091,9358955,-2.117683611511545,1
2025-01-20,278.2763977050781,283.0494926250342,275.21791738701626,279.8983250855407,39380165,6.4904990696376785,0
2025-01-21,276.5154724121094,283.46659022898405,276.00570680170273,280.2690647195534,15619474,-0.632797214385028,0
2025-01-22,286.4787292480469,287.3128576941961,277.44227646572944,277.44227646572944,30859317,3.6031462359142674,0
2025-01-23,294.4493408203125,300.84436309421795,287.91527357275163,288.33235192538035,39904371,2.7822699413624807,0
2025-01-24,296.6737060546875,298.89805803907456,293.4298511612402,295.6542031456272,17479586,0.7554322343456654,0
2025-01-27,285.41290283203125,295.79322158163194,284.3007126912093,294.5420147442498,12372895,-3.7956863021020415,1
2025-01-28,286.9725341796875,290.75346340775667,285.03479064258164,287.35062133325425,12077491,0.5464473862886621,0
2025-01-29,295.33782958984375,297.46460216342535,288.34308782643825,288.34308782643825,16338112,2.9150160429354255,0
2025-01-30,292.0767517089844,296.5193546164998,289.19380501862076,293.9672161213403,9984186,-1.1041856322260735,0
2025-01-31,294.81793212890625,298.40983197594255,292.5966305787731,294.62890298718787,15597644,0.9385137310254255,0
2025-02-01,288.1068115234375,296.09403649654183,286.7362419104247,295.432362306672,6046117,-2.2763610601998163,1
2025-02-03,296.42486572265625,296.80295288702996,283.8532583722681,286.40539721264355,14877076,2.887142499420592,0
2025-02-04,298.9297180175781,301.3873277926545,296.18855008800097,300.58387455996785,15366864,0.8450209765011651,0
2025-02-05,299.733154296875,303.8449203817731,297.6536317941544,300.39479956868666,9628027,0.2687709621596257,0
2025-02-06,300.53662109375,305.87717781542756,297.3228081992462,302.4743357687886,15062390,0.26806070177982644,0
2025-02-07,300.5838623046875,301.5290945760859,296.802933219094,301.5290945760859,8589587,0.015718953239574063,0
2025-02-10,301.5763854980469,303.41960021540694,298.5516591276092,301.3400773981906,12304840,0.3301984297324978,0
2025-02-11,295.85772705078125,302.85244070702254,294.5344075233089,302.0017373569476,10627890,-1.8962553841280982,0
2025-02-12,293.2110900878906,298.4571181559513,292.40763681134194,296.2830952628925,9668342,-0.8945640829709833,0
2025-02-13,291.65142822265625,296.47211894662615,290.1390795491144,293.3055848247693,8832731,-0.5319245819681906,0
2025-02-14,291.22607421875,295.29056152588134,287.87048228267616,293.0692598759002,7371341,-0.145843278223734,0
2025-02-17,288.6266784667969,293.3055608802263,285.4601446034459,291.2260672007686,7507772,-0.8925697188777892,0
2025-02-18,295.10150146484375,295.6213676312319,288.6266551895326,288.6266551895326,10368789,2.2433210375567336,0
2025-02-19,296.8974914550781,299.16604336061,291.4151264333233,294.2035734470454,7835672,0.6086007632354784,0
2025-02-20,296.1412658691406,297.08649816217485,293.2583189138664,294.15630113072905,7697134,-0.25470932146690606,0
2025-02-21,289.5718994140625,295.66862998951336,288.34308020740997,295.66862998951336,8722925,-2.218321866018158,1
2025-02-24,278.8907775878906,286.68894403524723,277.2838999913071,286.3581358083803,12600963,-3.6885905876173464,1
2025-02-25,275.34613037109375,280.0722914062735,274.21186903036926,278.22910591027204,10810040,-1.2709804345107156,0
2025-02-27,278.37091064453125,279.5997010885227,275.39343468701315,277.8982944974268,15555649,1.098537418833856,0
2025-02-28,262.4437561035156,277.898310789088,261.82936084550124,277.898310789088,17458839,-5.721558514910341,1
2025-03-03,268.0206298828125,270.6672978552482,264.0033922667289,264.14520020072956,11471554,2.124978647652487,0
2025-03-04,264.6650390625,267.5952649070748,261.1676680792655,263.7198067801339,9331785,-1.2519897523484147,0
2025-03-05,269.4857177734375,271.2344031891443,263.38895827835654,265.9883469420238,10285712,1.8214263311895573,0
2025-03-06,270.2419128417969,276.0078357272572,267.9733610571144,272.6522725505603,9782051,0.2806067329308881,0
2025-03-07,269.2021484375,271.94334519399126,267.4062128304959,271.6597581952849,8097300,-0.3847531988517172,0
2025-03-10,265.5157470703125,270.00560049141563,262.727329095453,268.87133904012046,8165123,-1.3693803666070536,0
2025-03-11,262.53826904296875,264.00336755675363,258.2374736538323,261.8293448241309,8602609,-1.121394139593257,0
2025-03-12,253.84214782714844,262.4910473077437,247.83994520322958,262.4910473077437,18584311,-3.31232518882687,1
2025-03-13,249.5413360595703,256.2524913970794,248.9269408119973,253.84213163878306,8683943,-1.6942859191794724,0
2025-03-17,245.61862182617188,250.67562046015934,244.7206395920822,249.54133014827772,12697926,-1.5719697166572844,0
2025-03-18,245.61862182617188,245.61862182617188,245.61862182617188,245.61862182617188,0,0.0,0
2025-03-19,251.1482391357422,251.9044134537834,242.2157821670994,247.65086801084897,14044300,2.2513021482075235,0
2025-03-20,253.32223510742188,258.9463783581741,252.84961899714682,254.45652531056123,17038774,0.8656226215883134,0
2025-03-21,249.82489013671875,254.78735980677095,245.9494607094484,249.54133197976765,22659168,-1.3805913915215795,0
2025-03-24,254.6455535888672,256.77232607793826,250.86462471940754,252.42425210882004,9269617,1.9296169607080804,0
2025-03-25,256.157958984375,259.65533011046506,254.59833142400558,257.10319130535055,12563930,0.5939257034700329,0
2025-03-26,252.755126953125,257.33950966216906,252.14073168919592,257.10320157248844,7308412,-1.3284115960096154,0
2025-03-27,257.292236328125,258.56827682010726,254.83462664833004,255.21271378840623,14783522,1.7950612633236274,0
2025-03-28,247.88717651367188,256.96141257664425,247.27278127344067,256.15795933347977,14283389,-3.6553997698006158,1
2025-04-01,248.218017578125,248.5961047438563,244.3425592254253,246.0912448189095,8388635,0.13346437242383047,0
2025-04-02,249.1632537841797,251.0064395630636,246.8001729039166,248.4070505947742,7136992,0.38080886120894775,0
2025-04-03,242.310302734375,246.23301095930432,241.31780594761577,245.66586581741328,12262561,-2.7503859199641822,1
2025-04-04,232.8107147216797,240.0417359339805,231.44013079280504,239.14376814769022,14639785,-3.9204226586720625,1
2025-04-07,229.596923828125,230.49490606696565,215.51296808645233,218.3959295353868,13011904,-1.3804308351515138,0
2025-04-08,233.7086944580078,235.83546720838402,230.4949102933463,231.34561362425646,13806651,1.7908648606114852,0
2025-04-09,223.68922424316406,229.0297955404645,221.184364347782,227.5174180491881,19063559,-4.287161946661778,1
2025-04-11,226.61944580078125,231.58191541685676,225.29612633906794,231.58191541685676,11205821,1.3099520406185672,0
2025-04-15,230.6366729736328,231.6291697378524,228.13181323721645,231.6291697378524,10694621,1.7726754024379066,0
2025-04-16,234.08676147460938,234.84295016094572,227.99001633289038,230.63666952351787,16203319,1.4958976196170592,0
2025-04-17,223.92552185058594,224.77623955829924,219.4356685108047,222.12958628391345,54875421,-4.34080063307023,1
2025-04-21,225.39064025878906,227.61194194493845,224.39814345384784,224.39814345384784,16298364,0.6542882633899794,0
2025-04-22,221.32614135742188,225.91052386620643,220.7117461203314,225.39064320699882,18367713,-1.8033130819897436,0
2025-04-23,230.25860595703125,231.91276256757573,223.16936334041208,224.20911027032227,31898042,4.035883219589609,0
2025-04-24,229.4551544189453,231.72370630410433,228.2736139739456,231.39288363336507,23000820,-0.34893442299215316,0
2025-04-25,227.70645141601562,232.66892090635434,225.01254806083466,230.58941276645146,16620430,-0.7621110135259235,0
2025-04-28,227.32835388183594,228.69893774619177,225.67419746065832,227.32835388183594,14218414,-0.16604603507210935,0
2025-04-29,228.17906188964844,230.25858440099296,226.71396342451894,228.36811988020682,16647246,0.3742199304600069,0
2025-04-30,228.2736053466797,230.06954098596407,226.09956812542453,228.32086984731362,14206640,0.041433888038766575,0
2025-05-02,228.4437255859375,232.33809230334896,227.56466650756312,228.78400977633075,10822257,0.07452470862736593,0
2025-05-05,230.23023986816406,233.34949494182297,229.4078779536191,230.6366828369607,12170446,0.7820369229420976,0
2025-05-06,227.9805908203125,232.43262707313434,227.4323543313111,231.10930756389027,8869045,-0.9771301324881465,0
2025-05-07,230.6744842529297,231.06203295765368,223.08427003425385,223.08427003425385,9130056,1.1816327973026564,0
2025-05-08,228.3397674560547,232.36645175279133,226.20353328506914,229.795418812506,11434833,-1.0121261588321273,0
2025-05-09,228.7556610107422,229.64418166987357,223.54743629198492,223.64196529010107,10582438,0.18213803023494624,0
2025-05-12,243.18936157226562,243.81321834304174,231.46848698623586,231.66697768951002,19791711,6.309658304301213,0
2025-05-13,237.79208374023438,242.87743785388216,236.89410156544565,242.87743785388216,11714159,-2.219372507554118,1
2025-05-14,239.08705139160156,239.79597559027687,237.01699042377373,237.79208780407996,8839105,0.5445797988724577,0
2025-05-15,242.51824951171875,243.01922145905942,236.89410598819643,239.33280696626414,12083645,1.4351250308814123,0
2025-05-16,240.38201904296875,242.9246961862327,239.64473901773013,242.9246961862327,6640387,-0.8808534916654898,0
2025-05-19,237.9622344970703,240.78848430168534,237.5179741566736,240.38202690759667,6788784,-1.0066412436056216,0
2025-05-20,236.03396606445312,240.6561514753647,235.65586448725253,239.1437740127632,9366429,-0.8103254017144956,0
2025-05-21,237.1776885986328,238.3025173509805,234.51214099451252,236.03396558478877,5313593,0.484558452857331,0
2025-05-22,232.47042846679688,236.20409307558361,231.58190781889778,235.3628369261451,11469037,-1.9846977005505195,0
2025-05-23,233.8126678466797,236.77124963119516,232.14906415156557,232.62168031276735,7437642,0.5773806968633499,0
2025-05-26,236.53494262695312,237.11153492316714,234.6066606035387,234.88078605521952,3690751,1.1642973861700767,0
2025-05-27,234.6539306640625,237.24387249291274,234.4081754456129,237.24387249291274,6861143,-0.7952364001699408,0
2025-05-28,233.87881469726562,236.44040050667638,233.43456879761493,235.92051987121295,6205160,-0.3303230270225277,0
2025-05-29,236.44039916992188,237.95277656942864,234.51213168749553,235.97723016583672,11785042,1.0952614395502103,0
2025-05-30,235.9961395263672,237.3572763052062,234.90912818323596,236.3080679067761,13858429,-0.18789498119372583,0
2025-06-02,234.11512756347656,234.81460465307967,232.7161878073705,234.0395216723142,5846259,-0.7970520054547237,0
2025-06-03,232.73509216308594,235.8354528746847,232.27192315550505,234.41760446060843,8573438,-0.5894687006145927,0
2025-06-04,233.34005737304688,236.1284899074843,233.00922028290134,233.00922028290134,6698150,0.2599372549873191,0
2025-06-05,234.36090087890625,235.8260138417121,233.35895693958497,233.3778512011228,6468060,0.4374917523172206,0
2025-06-06,234.9752960205078,236.28916835190694,233.5669091121543,233.5669091121543,4445411,0.26215769750732587,0
2025-06-09,237.5274200439453,239.5218607883377,235.5707966687634,235.92998956076121,9193904,1.0861243997389192,0
2025-06-10,240.91136169433594,241.79043526986945,238.03786172911973,239.0492528321261,10739851,1.424653056798486,0
2025-06-11,244.73956298828125,247.27277866210773,240.1835363199957,241.99836620570386,17268454,1.5890497098274947,0
2025-06-12,245.39173889160156,248.59609017385887,242.28194545298726,245.76039332776924,14528657,0.2664775140386766,0
2025-06-13,245.95889282226562,247.8871748234722,240.08900821796735,241.03424053378612,8692116,0.2311218516262148,0
2025-06-16,248.49212646484375,250.77957241503506,243.86992679682112,245.7603913456337,10935361,1.0299418791125836,0
2025-06-17,248.51104736328125,250.91194567455838,247.3295068936256,248.4921531003998,7528454,0.0076142848896898485,0
2025-06-18,247.26332092285156,251.0537117843613,246.73399312750377,248.5015729633475,5016660,-0.5020808747410399,0
2025-06-19,251.03477478027344,251.8476895364026,247.47125948988577,248.45430913234435,14184486,1.525278332162583,0
2025-06-20,251.9422149658203,252.56607171972811,248.47319987504505,251.4317814678595,12904674,0.36147987319332664,0
2025-06-23,248.82293701171875,250.6756130561511,247.4712617697605,249.5413227777721,6214062,-1.2380926136275838,0
2025-06-24,250.45822143554688,253.93666962298641,250.21245178934427,250.95919343620417,6319428,0.6572080707137884,0
2025-06-25,254.65504455566406,255.1749107967825,251.29001978086484,251.33726985871147,5331739,1.6756579584660258,0
2025-06-26,253.8137969970703,256.4415419497362,252.556650580888,254.36204795014532,8564099,-0.33034788690780026,0
2025-06-27,250.5338134765625,255.21272497287902,250.01394724195,254.26749265816466,8906108,-1.2922794423762873,0
2025-06-30,251.4128875732422,252.1312444773519,248.5015560507679,251.5263108293543,7119563,0.35088041988469154,0
2025-07-01,250.06118774414062,253.6530877102388,249.25776338435804,250.95916994721514,3886095,-0.5376414240927829,0
2025-07-02,252.37701416015625,253.98392054534864,249.9666834285671,250.486549634612,8750887,0.9261039015719508,0
2025-07-03,252.42428588867188,256.0161861030516,251.8571695593189,253.70035532211992,9357962,0.01873059980241898,0
2025-07-04,255.25997924804688,256.53604866313725,252.84964834436622,253.60582267009306,7141779,1.1233837304488459,0
2025-07-07,253.0859375,255.73257628831766,252.66057144471353,255.2599601585324,4849218,-0.8516970636960997,0
2025-07-08,254.8818817138672,255.4962769342953,252.70785898121383,253.13319620480237,5519016,0.7096183342336859,0
2025-07-09,253.13320922851562,254.64558674244304,250.34479113196994,253.32226723508222,11564433,-0.6860717103911784,0
2025-07-10,250.5338134765625,252.89689426334843,248.7378778478454,252.89689426334843,6911031,-1.0268884749952023,0
2025-07-11,244.1534881591797,247.6981092349297,243.63362193988308,246.70562687219976,13109857,-2.5466922922879998,1
2025-07-14,240.32530212402344,245.33502156394024,237.86769247858902,244.15348123884672,10388421,-1.5679423890353816,0
2025-07-15,243.3027801513672,245.6186107477549,238.95472036997145,240.0889962075921,8750149,1.2389365585015133,0
2025-07-16,248.4070281982422,249.541318456981,242.0267103967853,243.30277972631657,12179338,2.09789959806439,0
2025-07-17,246.32754516601562,249.87216632003677,243.86993539665417,249.3995501661673,7484171,-0.8371272935832619,0
2025-07-18,252.32977294921875,257.0086555065787,251.05370358041134,253.88940046833872,30319126,2.436685584292997,0
2025-07-21,246.0912322998047,252.51880032885998,245.0042209362998,252.32977117871144,12190000,-2.4723759612265694,1
2025-07-22,245.47683715820312,247.792638960103,244.57885494456423,247.36730173748478,6724044,-0.24966153237554467,0
2025-07-23,247.08370971679688,247.41454678068146,244.01170483795366,245.9966983750615,6510321,0.6545923343301618,0
2025-07-24,247.50909423828125,248.97419282822142,245.99671672357414,247.6508733201784,8139900,0.17216210731656467,0
2025-07-25,245.0042266845703,247.69811569544274,242.0267218263203,247.46180761756264,8427780,-1.0120305120180584,0
2025-07-28,241.0043487548828,244.81145305592867,239.99232996427654,244.81145305592867,8998911,-1.6325750717913645,0
2025-07-29,242.6910400390625,243.55847630641514,238.3056351167876,240.18509016724929,12923128,0.6998592734503539,0
2025-07-30,241.14891052246094,243.36571003043403,240.18508592828098,242.35369126518586,6057152,-0.6354291103426557,0
2025-07-31,239.31765747070312,241.10072420393195,237.14905206316777,239.1248954869482,7338764,-0.7593868235980517,0
2025-08-01,233.9684295654297,237.9682959080314,233.4383230761363,237.58277193770718,7436999,-2.2351998435085285,1
2025-08-04,237.1490478515625,237.50565825051578,232.37811898107256,233.96842370230374,5234393,1.3594219921210904,0
2025-08-05,237.0141143798828,238.01648550754334,235.68403170626723,237.1490492375832,7383968,-0.0568981713829797,0
2025-08-06,231.27935791015625,237.10085203381732,230.6528630949322,237.10085203381732,7700190,-2.419584371475436,1
2025-08-07,233.55398559570312,234.38286063837594,229.97818983629165,230.46010213931336,6190830,0.9834979248042108,0
2025-08-08,230.4022674560547,234.4503277272524,229.77577265860526,233.63107095627848,8922847,-1.349460225056598,0
2025-08-11,232.87928771972656,235.89606332770185,229.98781401193042,230.40226622424834,3047287,1.0750850202219997,0
2025-08-12,232.97567749023438,237.38034815129546,232.37811095979444,233.9202214560127,8101435,0.04139044371511691,0
2025-08-13,232.908203125,234.10335089480168,231.43355269888772,234.10335089480168,5820844,-0.02896197833235359,0
2025-08-14,237.88156127929688,239.44295251771263,233.64073867053446,234.30578003705884,12857225,2.1353297511928826,0
2025-08-18,236.33944702148438,240.00196889697452,235.9057141669896,239.64535848548027,5789317,-0.6482697732094977,0
2025-08-19,238.02613830566406,238.54659713751897,235.92499295404977,236.58040135331547,4090961,0.7136731956668863,0
2025-08-20,241.76577758789062,243.74162111006225,236.42619536732082,236.42619536732082,10099384,1.5711044630839055,0
2025-08-21,240.86941528320312,243.59704073359595,240.58026495468013,243.59704073359595,7607486,-0.37075648738649214,0
2025-08-22,239.64535522460938,243.84763119634394,238.65261703304154,242.8838065671094,13572686,-0.5081840951681516,0
2025-08-25,244.6572265625,247.9824331113351,241.53444435217955,241.53444435217955,16391069,2.0913701136386464,0
2025-08-26,242.9127197265625,245.60179867347316,242.21876481812083,243.8476307919132,15797327,-0.7130412048106161,0
2025-08-28,241.5826416015625,243.2211552649585,240.06944455510003,242.90309136700975,5851451,-0.5475539224529813,0
2025-08-29,240.38751220703125,243.94402755887427,239.66464371134924,241.4380775577911,10117017,-0.4947083062790347,0
2025-09-01,241.30313110351562,243.8379945461304,240.37785300249388,240.39713361268923,3198345,0.38089287088083346,0
2025-09-02,241.85250854492188,243.99220041066695,240.57063472265182,241.30313615063423,5046939,0.22767107865275804,0
2025-09-03,240.53207397460938,243.26933241312472,240.1079887813865,242.78742009478904,3862765,-0.5459668697491482,0
2025-09-04,236.1081085205078,241.28384180852458,235.5972826696918,240.47423269101952,5021036,-1.839241387229118,0
2025-09-05,234.85513305664062,238.3731015889232,232.541959953142,237.19723442771922,6233782,-0.530678709731125,0
2025-09-08,233.7467498779297,238.05504708592366,233.4383189416955,235.52018364088656,6596932,-0.47194334834641527,0
2025-09-09,240.13690185546875,240.81159086520373,236.1370355041378,236.1370355041378,12836972,2.7337928680831736,0
2025-09-10,246.49815368652344,247.8667976284456,240.23329347552675,240.28148764927843,15261331,2.6490105360330363,0
2025-09-11,244.72471618652344,246.44995580925047,243.0476560300271,246.44995580925047,5865301,-0.7194526504467502,0
2025-09-12,242.8259735107422,246.64271071347045,241.7464946585437,245.65962020455956,5345794,-0.7758687824298338,0
2025-09-15,242.18984985351562,242.68139511631705,240.57063154772504,242.40189244691152,3700703,-0.26196689259784245,0
2025-09-16,244.8210906982422,245.29337006471937,241.14892118513487,242.88380847272802,7316998,1.0864372913720555,0
2025-09-17,244.95602416992188,246.25719330493672,243.70306391462964,244.136782057369,7339871,0.05511513378804178,0
2025-09-18,247.6354522705078,250.4016242205289,246.73910243420838,247.702927053092,10498239,1.093840459595019,0
2025-09-19,246.6234588623047,248.33906558164145,245.48613811525385,247.70293777600946,10741757,-0.4086625719073811,0
2025-09-22,241.2742156982422,242.67175843739852,238.26708762979038,239.5586090738771,15784007,-2.1689920288763376,1
2025-09-23,240.59954833984375,242.88380801860566,239.75137795487365,241.16820134485926,8674114,-0.2796267957792198,0
2025-09-24,235.7418670654297,240.1079915432284,235.41417021482334,239.34657654249048,7888797,-2.0189901884406947,1
2025-09-25,233.2455596923828,236.75388074576497,232.5516047845229,236.57075171358017,7957740,-1.0589155859845767,0
2025-09-26,227.22164916992188,232.81183478439056,226.50841367235438,232.71544644179085,16999628,-2.5826474597868465,1
2025-09-29,230.97093200683594,232.07932444027642,227.74211363791463,228.3107813425008,8894412,1.6500552876941077,0
2025-09-30,230.71070861816406,232.76365988982718,230.3540981932451,231.25044808511086,5590909,-0.1126649948592573,0
2025-10-01,232.3491973876953,234.75875882553942,229.23603342110766,231.317898033036,9479378,0.7101919019472103,0
2025-10-03,232.262451171875,232.6672557446049,229.44808506613637,232.262451171875,10968346,-0.03733441595478171,0
2025-10-06,233.37086486816406,234.17084108444976,230.66251998193718,231.31791367809595,6064946,0.47722466145370124,0
2025-10-07,234.72021484375,236.1370382497925,233.38049917419653,234.11300061064694,6587728,0.5781998435615332,0
2025-10-08,235.43344116210938,237.43819811197406,233.7949422695343,234.45033594384577,7360563,0.30386233194024115,0
2025-10-09,237.4863739013672,237.8719125627567,234.36359163149092,235.16356780872852,4629760,0.8719800930252042,0
2025-10-10,239.70318603515625,242.16094181885626,237.34181859858052,239.02851172567705,7070200,0.9334481374117631,0
2025-10-13,236.2623291015625,238.7393506780979,235.66474784844178,237.15867892104916,6717589,-1.4354656650617414,0
2025-10-14,239.4333038330078,241.10071626242086,236.2430467805369,236.908088103363,7888607,1.342141484638537,0
2025-10-15,241.1585693359375,243.00911087754727,239.5489692472217,240.9561596908066,13278925,0.7205620418339942,0
2025-10-16,244.62832641601562,244.87893023158037,239.79957032543737,241.34168090575858,10661302,1.438786558417804,0
2025-10-17,232.1853485107422,240.95615856523548,230.4601088864057,240.95615856523548,43802251,-5.086482864667463,1
2025-10-20,232.5130615234375,233.18773583029687,230.6143258054781,232.18534996856562,9871824,0.14114284764188412,0
2025-10-21,232.6287078857422,233.3997705132051,231.66488327811263,232.28173043872368,2082336,0.04973757669652912,0
2025-10-23,235.4623565673828,238.83574272248345,234.5659920272076,235.94426887525432,18964626,1.218099308290177,0
2025-10-24,234.1901092529297,236.98520956097948,233.39978068775494,236.1370391631165,6803979,-0.5403187723932557,0
2025-10-27,235.0864715576172,236.84062475552142,234.26721473060016,234.48889027997774,9550336,0.382749855468667,0
2025-10-28,233.61181640625,235.84788188003014,232.6672576885254,234.8455107449142,8780789,-0.6272820131233092,0
2025-10-29,233.5154266357422,234.78768218729533,232.8985794701761,234.78768218729533,8776917,-0.04126065709800786,0
2025-10-30,233.16844177246094,235.9153477216527,231.7998126269634,234.10335279619028,8344622,-0.14859183749881266,0
2025-10-31,231.96368408203125,234.3925263946994,231.79983565116837,233.35159397498447,5659566,-0.5166898578862433,0
2025-11-03,231.79981994628906,232.561234921276,230.83599533112778,231.96366836605088,4902693,-0.07064215089989112,0
2025-11-04,229.3131561279297,232.1275223063169,228.92763215541518,231.79982545899986,6848284,-1.0727634814106213,0
2025-11-06,231.36610412597656,231.91547651458157,229.74687110876866,231.31790995337695,7141517,0.8952595798304541,0
2025-11-07,227.9348907470703,230.59504141629742,227.46261138660896,230.06493493145234,5520619,-1.4830233632831535,0
2025-11-10,231.1636962890625,232.81184288134213,228.44571847341837,228.85052305418253,8566758,1.4165473005951723,0
2025-11-11,232.94677734375,233.29375479906906,230.1709577011974,232.37812434127608,8831094,0.7713499495430431,0
2025-11-12,236.3490753173828,237.39000767542942,233.34194719866818,233.96842732113487,13152546,1.4605473458051632,0
2025-11-13,236.45509338378906,237.10085410780368,235.17320488741504,237.10085410780368,6211124,0.04485656068842214,0
2025-11-14,235.52981567382812,237.00446615330358,233.39012385913895,235.09609753988767,6841554,-0.3913122346910547,0
2025-11-17,235.22140502929688,235.92499289469308,233.91060293789207,235.14429729370875,6559062,-0.1309433557908246,0
2025-11-18,232.1853485107422,235.17321075966981,231.6070625542637,234.14191134174817,4730012,-1.2907228907065416,0
2025-11-19,237.16831970214844,237.92010169243312,231.83835628399785,232.47448403171438,13298452,2.146117842218498,0
2025-11-20,237.35145568847656,238.8357539020045,236.82136389044234,238.54660356238765,6705862,0.07721772729094578,0
2025-11-21,235.64549255371094,238.30564327724255,234.7973221606442,236.13703782780354,5516450,-0.7187498091457689,0
2025-11-24,238.32492065429688,240.3585912142264,236.15631523428277,236.15631523428277,19711070,1.137058923363532,0
2025-11-25,236.75389099121094,239.02851779723068,235.1732191230818,239.02851779723068,8188793,-0.6591965535005073,0
2025-11-26,241.13929748535156,241.48627495618317,236.734611666928,237.1008697491384,8202096,1.8523059856716095,0
2025-11-27,240.53207397460938,242.80670070542558,238.72972661020898,241.34168313978205,5268129,-0.2518144147695689,0
2025-11-28,240.50315856933594,242.87417362837147,239.60680872336184,241.91998195093092,7049965,-0.012021434312536883,0
2025-12-01,241.2260284423828,241.67902719732234,239.85739922566225,241.05254706736605,3865446,0.3005656463503259,0
2025-12-02,241.1199951171875,242.35368941175932,239.8670202129766,240.9561467022455,8535708,-0.04395600502979935,0
2025-12-03,245.4764862060547,247.82822054940962,241.48625300756112,241.5344471782291,17215454,1.8067730495556322,0
2025-12-04,247.6354522705078,249.43779960164528,246.25719012476657,246.73910243420838,10687381,0.8795001500228716,0
2025-12-05,250.50767517089844,251.6546288888935,248.3776308718768,248.8595432100732,7886562,1.1598593311482386,0
2025-12-08,251.9244842529297,253.55335021621693,250.31488419317733,250.60404922775925,9684253,0.5655751190316582,0
2025-12-09,248.09811401367188,252.34858437534015,247.7511218343546,251.92449916372735,8560580,-1.5188560375958393,0
2025-12-10,248.64749145507812,250.95101705182338,247.94388887830812,248.67640501776216,7944200,0.22143555729567943,0
2025-12-11,249.8715362548828,250.57513882628783,248.39688574205348,248.96553874623277,6473376,0.49228117792043946,0
2025-12-12,251.1726837158203,251.38472629345097,248.04987217129656,250.1124708276669,4008271,0.5207265623125013,0
2025-12-15,252.27145385742188,253.0039700019681,249.1872326331733,250.5847607240754,4023911,0.4374560662196547,0
2025-12-16,249.84262084960938,252.28109597802998,249.43780156451172,252.27144831941544,2982041,-0.9627855116676076,0
2025-12-17,251.6931915283203,252.64736855096913,248.96555120716388,249.63059259070548,4923276,0.74069455100092,0
2025-12-18,254.3051300048828,255.40387476855722,251.5582239753074,251.7317053463729,9008412,1.0377469730914912,0
2025-12-19,254.88343811035156,257.3411791797771,253.77501624218536,257.3411791797771,12750745,0.22740717242222264,0
2025-12-22,262.8060607910156,263.220498300555,257.1483858071697,257.8327224357675,14651313,3.108331690517274,0
2025-12-23,261.5820007324219,262.62294781252496,260.43504706071974,262.1603013976354,7572420,-0.46576553634626316,0
2025-12-24,258.3628234863281,261.1772042991256,257.53394843742046,261.1386430787878,4694861,-1.2306570165684705,0
2025-12-26,256.6664733886719,259.1531572718402,256.1267339780104,257.5339390398559,2899112,-0.6565766989096278,0
2025-12-29,254.68101501464844,257.71708618004163,254.0641825363549,256.3677081449363,3755074,-0.7735557931700887,0
2025-12-30,254.11236572265625,255.1436651681042,253.50515148068982,254.44971023637032,5117699,-0.2232790268876017,0
2025-12-31,253.75575256347656,255.0280081601777,251.80883736022957,254.4497074877141,5705044,-0.14033679870931737,0
2026-01-01,257.67852783203125,258.35318744351383,254.20875318545407,254.93162167792454,3639755,1.5458862425486997,0
2026-01-02,259.268798828125,262.5457963506695,256.52189303217216,257.6784942347598,8286204,0.6171530897329358,0
2026-01-05,253.77499389648438,259.89528571142137,252.23289813734945,259.7025384483251,7006599,-2.1189610768716505,1
2026-01-06,255.9918212890625,256.4737335921618,253.4376919653548,253.7750070466501,4083654,0.8735405165579024,0
2026-01-07,261.0036926269531,262.6422062294178,254.93160934928812,255.41352165429623,10242615,1.9578247901253398,0
2026-01-08,252.71481323242188,261.1000693171532,251.89555646775491,261.1000693171532,9269522,-3.175770929179289,1
2026-01-09,252.473876953125,254.40152623877253,251.02813998888934,251.89557628471195,4735387,-0.09533919924008538,0
2026-01-12,253.58224487304688,254.9315933597185,249.67873779915746,251.2690718368111,3802164,0.43900301025110444,0
2026-01-13,254.64247131347656,255.2689514213191,251.84735644009945,253.9196028628292,6931244,0.41809963507519754,0
2026-01-14,250.78717041015625,254.44969209149082,250.2088697726844,254.44969209149082,5625861,-1.5140054537776892,0
2026-01-15,250.78717041015625,250.78717041015625,250.78717041015625,250.78717041015625,0,0.0,0
2026-01-16,257.77490234375,260.0398666343716,253.4858710865444,253.72682723776734,12028289,2.786319540256188,0
2026-01-19,237.0526580810547,242.88379986846235,232.81183571210164,242.88379986846235,65833247,-8.03889132506066,1
2026-01-20,231.2215118408203,237.10084768649656,230.73959954877458,237.05265351593278,16796201,-2.4598527126578507,1
2026-01-21,230.88418579101562,233.82385376135193,229.00473076302887,231.22151557682048,14397792,-0.1458886965659656,0
2026-01-22,231.9443817138672,234.11298704148953,230.54683899964755,233.24555079315903,8537915,0.45918949330345793,0
2026-01-23,229.77577209472656,234.73947746487724,229.24568034553408,233.53469674981093,13546802,-0.934969669502872,0
2026-01-27,232.148681640625,233.73060566282555,229.133118700835,232.54415887455278,15677537,1.03270659228607,0
2026-01-28,234.66989135742188,235.41142248862946,232.29698268566392,232.8407751991807,10155128,1.0860323216049128,0
2026-01-29,237.09222412109375,238.179794065089,232.79133751184608,233.53286864540675,12201949,1.0322298909588135,0
2026-01-30,234.22496032714844,235.31254535287096,232.64303630103964,235.31254535287096,11362317,-1.2093453526678566,0
2026-02-02,239.56399536132812,241.32389471723346,236.58797408007496,241.24479625234574,12335721,2.2794475135026193,0
2026-02-03,239.94960021972656,256.9553936654125,239.54422622894785,256.28304914464417,25915412,0.1609611067876937,0
2026-02-04,230.70516967773438,233.25603866523716,223.70511375338745,233.2461570142917,25995324,-3.8526551132099796,1
2026-02-05,230.75460815429688,232.90999989357695,229.0836888682677,230.70516972657904,10102736,0.02142928857276072,0
2026-02-06,228.11476135253906,230.29979806673384,226.01870475724127,230.29979806673384,12279085,-1.144006103658246,0
2026-02-09,227.4819793701172,230.29978862509608,227.0172853196085,229.23199706912882,9112474,-0.2773963327362017,0
2026-02-10,228.85629272460938,230.23059654595468,224.63450440404904,227.38311204673963,12435622,0.6041416371958652,0
2026-02-11,227.21502685546875,230.36900839714787,226.90852973023792,228.85628607253213,7874912,-0.7171600350599161,0
2026-02-12,216.606201171875,223.70511903267632,216.03274858721431,223.64579895262358,40899346,-4.669068692513023,1
2026-02-13,211.6725311279297,214.035543080168,206.64989175146505,208.27137256697807,23721186,-2.2777141269517465,1
2026-02-16,210.85189819335938,214.4606920536062,207.73747350293795,212.19654190349303,20754327,-0.3876898576293475,0
2026-02-17,213.2544708251953,216.91268809220367,209.8631939058503,210.85190209079795,26941553,1.1394598068226403,0
2026-02-18,209.55670166015625,213.95645016828723,207.8857823748628,213.75871154399292,22679760,-1.7339702894529796,0
2026-02-19,208.82505798339844,213.00728929344024,208.02419169780424,211.5835471232585,14151588,-0.3491387633807741,0
2026-02-20,207.4903106689453,209.56660399572445,205.89848980814543,207.33211373068798,17690420,-0.6391700916272391,0
2026-02-23,203.56512451171875,209.34907334064056,201.97330375460703,207.98465123840498,20946229,-1.891744315467947,0
2026-02-24,197.8800506591797,200.9944753304764,197.10885950083022,200.70775660195747,25036686,-2.792754341479442,1
2026-02-25,199.63995361328125,203.1597523152721,199.0368410208734,199.0368410208734,13979068,0.8893786656305025,0
2026-02-26,198.8094482421875,202.31936539730586,196.87157351677192,201.40975565647489,14378069,-0.41600158488440675,0
2026-02-27,198.69081115722656,201.69647751747044,197.7910830534253,201.69647751747044,13288519,-0.05967376601559993,0
2026-03-02,196.32778930664062,198.0975702996301,192.50147841534536,192.79809388477366,10486866,-1.1892959905005607,0
2026-03-04,193.34188842773438,194.8941524318745,192.31362346778468,193.79668574400895,19562075,-1.5208753123800656,0
2026-03-05,193.4704132080078,194.74585523360835,191.03819948603214,194.18228431846163,13149281,0.06647539305559835,0
2026-03-06,193.19357299804688,196.68371167846257,192.79809575929033,193.39132670391479,9022914,-0.14309175515291317,0
2026-03-09,196.50575256347656,197.24728370522553,190.85034051548527,191.8093886657331,25862728,1.7144356895677726,0
2026-03-10,198.6611328125,199.03684675887746,195.1907724366907,198.23599552495915,12982340,1.096853512381113,0
2026-03-11,199.9464569091797,203.62445265408158,199.30380260783787,200.40126932343745,29199002,0.6469932384271626,0
2026-03-12,200.22329711914062,201.49873917722337,197.44502942203997,198.78967321086512,19042475,0.1384571721051664,0
2026-03-13,195.34896850585938,199.78827376725542,193.82634942522014,198.33487150232247,12629652,-2.4344462824327784,1
2026-03-16,192.9068603515625,196.05094523243446,190.59328675018614,194.02410546172283,12631649,-1.2501259530447006,0
2026-03-17,189.15965270996094,192.90685000419404,186.12431141247635,192.79809150296356,21778468,-1.9424957903376172,0
2026-03-18,192.1060028076172,195.76422006424713,190.5141820309079,190.8206791535338,24529164,1.5575996548132354,0
2026-03-19,186.2825164794922,190.61304815752558,185.560748627745,189.81219692550877,13685195,-3.0313921704762548,1
2026-03-20,188.744384765625,190.12858526393205,186.28251106271452,189.0311185851019,24395304,1.3215777479599566,0
2026-03-23,185.42233276367188,188.4675558887426,184.88843696343739,187.27122739211956,12014988,-1.7600799123525301,0
2026-03-24,186.60879516601562,189.33762442635032,185.67940702392252,189.33762442635032,11843191,0.6398702813516843,0
2026-03-25,186.915283203125,188.46754719042633,185.7782597517936,186.8658447771559,13862888,0.16424093882430046,0
2026-03-27,189.43649291992188,190.11868889002054,185.7782605925063,186.91528404898315,26269256,1.348851561836728,0
2026-03-30,185.52120971679688,189.46616094402066,184.3940829499458,187.84468006738422,27946986,-2.0668051560583156,1
2026-04-01,189.02122497558594,192.29386176497866,188.25993052973445,189.34750048944647,11769673,1.8865849700591797,0
2026-04-02,192.70912170410156,193.1342589948106,186.4505968960953,188.3489148575087,16623045,1.9510490046776185,0
2026-04-06,195.06224060058594,198.90831502251189,193.89557212745996,194.7755218511451,23282287,1.2210729184358504,0
2026-04-07,202.40834045410156,202.95213297211242,194.785393724234,194.785393724234,24771466,3.7660286434203716,0
2026-04-08,201.12301635742188,206.64000981747287,200.51002211291274,205.35468616494666,22084158,-0.6350153821705562,0
2026-04-09,200.5792236328125,201.8546656333442,199.35323514506428,201.40974996967785,14540807,-0.270378166784746,0
2026-04-10,202.56654357910156,206.34340110912888,198.35463693487117,206.34340110912888,51219565,0.9907905267033668,0
2026-04-13,200.6781005859375,201.10323786200135,198.04813320527367,200.71764227509874,21930624,-0.9322580914881584,0
2026-04-15,207.3815460205078,208.11319552342096,202.78405890137145,204.1682443539207,27890080,3.3403970911612513,0
2026-04-16,207.88577270507812,210.57506011256086,205.85893304222714,210.57506011256086,36305074,0.2431396111399753,0
2026-04-17,202.0128631591797,204.11880132981383,200.2134070248977,202.6851774819952,80542603,-2.8250656451753287,1
2026-04-20,200.19363403320312,202.8829215699336,199.71905831686541,202.19082884058898,27927164,-0.9005511320054227,0
2026-04-21,202.695068359375,203.37727945042653,200.1936377498463,200.70777025254299,21530723,1.2495074272726336,0
2026-04-22,201.69647216796875,203.06089430736998,199.91679439624752,201.20211806951784,21790433,-0.4926593426712089,0
2026-04-23,200.47047424316406,202.58630924092267,200.01567690815918,201.69647787313727,20307250,-0.6078430185847306,0
2026-04-24,197.10887145996094,200.46059172429597,195.64558751770736,200.46059172429597,39363394,-1.6768568019276509,0
2026-04-27,202.734619140625,202.9323577630474,197.1088670767416,197.1088670767416,42632215,2.854132154983602,0
2026-04-28,199.30380249023438,203.35749709340243,198.7501283072838,202.25014872750128,23455983,-1.6922697588273583,0
2026-04-29,198.41395568847656,201.30099692828904,198.03825682872588,199.30380212644286,15667662,-0.4464775837889068,0
2026-04-30,198.38429260253906,199.8673548898837,197.74163831261896,198.6215879996505,15300274,-0.014950100578647874,0
2026-05-01,198.38429260253906,198.38429260253906,198.38429260253906,198.38429260253906,0,0.0,0
2026-05-04,198.48316955566406,201.0735801911796,197.80095848930563,200.11453203796404,8446995,0.04984111989303486,0
2026-05-05,197.5241241455078,200.015673048312,197.34616390998104,197.74164115770049,8899200,-0.4831872708921492,0
2026-05-06,196.87156677246094,198.85887985748613,196.01139548878703,198.2458705308143,13166683,-0.3303684427762188,0
2026-05-07,195.13145446777344,198.01848065336037,194.96337588112686,197.2472894503983,19303572,-0.8838819811388343,0
2026-05-08,195.6752471923828,196.69361545076993,194.47890360964692,195.76422731131214,15970687,0.2786801984808518,0
2026-05-11,194.45912170410156,196.00151917009842,193.93510756456368,195.64558361432836,9199527,-0.6215019557816559,0
2026-05-12,187.42941284179688,193.92521759794002,186.964718800399,193.88567590965667,27435195,-3.6150059717956706,1
2026-05-13,185.6793975830078,189.13987618247523,185.19492514794618,188.51698520689447,17242394,-0.9336929739337085,0
2026-05-14,186.1737518310547,188.03251293586302,184.88842818997622,186.12431340514985,18280387,0.266240764716974,0
2026-05-15,187.85455322265625,189.73309272028703,186.66810643012684,187.75567637057486,17902610,0.902813299442351,0
2026-05-18,190.0000457763672,190.57349832099325,187.0635813268366,188.83337738613744,16327369,1.1421030349836547,0
2026-05-19,192.96617126464844,195.76421718940094,190.22744541611505,190.22744541611505,20534622,1.5611183019252683,0
2026-05-20,194.89414978027344,195.70489772176057,191.81926676594372,192.41249770295815,16201692,0.999127724299842,0
2026-05-21,197.4845733642578,197.7811737431486,195.269861654108,196.25856981438196,18980608,1.3291438387990961,0
2026-05-22,200.8165283203125,203.08066351905256,196.58485832134264,197.74164513500358,40014399,1.6871975867750022,0
2026-05-25,204.50439453125,207.18380031353246,201.7557870219509,204.6625914594157,72041558,1.8364355971014268,0
2026-05-26,201.4295196533203,206.33351901916558,200.64844680449008,204.65271807734212,46458415,-1.5035739867486408,0
2026-05-27,199.30380249023438,203.66400931070504,197.9393803347562,201.54817434786398,39465643,-1.0553156095216343,0
2026-05-28,199.30380249023438,199.30380249023438,199.30380249023438,199.30380249023438,0,0.0,0
2026-05-29,201.9436492919922,208.6174296235513,201.35041833903546,208.6174296235513,82734524,1.324534087545648,0
2026-06-01,204.0792694091797,205.40413481684354,202.78406404150158,202.78406404150158,26491139,1.0575326952221076,0
2026-06-02,207.47052001953125,207.80667717859504,204.1781199832558,205.65130059655002,42476874,1.6617320417548598,0
2026-06-03,201.79534912109375,206.046782300662,199.71905587198705,205.6513050563035,62282204,-2.7354107455378474,1
2026-06-04,202.0128631591797,202.7741575976932,199.81792978635795,200.7077611163172,40659957,0.10778942083318199,0
2026-06-05,196.13003540039062,196.7529263768986,186.0254366679845,189.3573934689589,43539069,-2.9121055297125276,1
2026-06-08,179.7075958251953,191.70063104041222,178.95618302924748,191.20627694364634,75164049,-8.373240509374124,1
2026-06-09,179.61862182617188,182.26836772005944,178.5607118680362,181.8926537660442,28381665,-0.04951042754474111,0
2026-06-10,176.9095458984375,180.2316059583898,176.4844086261751,180.04376407844163,16935979,-1.508237787480693,0
2026-06-11,175.36717224121094,176.18780187459916,173.844568219707,174.9716949876097,14468882,-0.8718430932562748,0
2026-06-12,178.10589599609375,178.4123931267533,175.5649237463597,176.63271533495106,13850153,1.5617083402107879,0
2026-06-15,179.33189392089844,180.93359633950593,178.86719987092152,180.93359633950593,13870660,0.6883533630080318,0
2026-06-16,180.60733032226562,181.30931980268286,179.57908040249603,180.33049322515495,11706020,0.7112155977841761,0
2026-06-17,182.3870086669922,183.15819988062296,181.50705894443965,181.92231459128,16131548,0.9853854445171173,0
2026-06-18,180.77540588378906,182.6737238406862,179.65817586290345,182.38700509722617,18165845,-0.8836170925669573,0
2026-06-19,178.75843811035156,179.43075241675308,172.91516927167407,174.7640487007675,37469436,-1.115731292969191,0
2026-06-22,178.1454315185547,180.34036487136882,177.96747128878084,178.7979825340377,10368112,-0.34292456248607994,0
2026-06-23,172.5196990966797,177.47312174316596,172.03522664797148,177.47312174316596,23954730,-3.1579436946094552,1
2026-06-24,172.50979614257812,173.50840104306232,169.553568389078,169.56345003957682,56627728,-0.005740187441438671,0
2026-06-25,173.02394104003906,174.39824488255462,170.74002743214902,174.01264927455358,21544904,0.2980380876666189,0
2026-06-26,173.02394104003906,173.02394104003906,173.02394104003906,173.02394104003906,0,0.0,0
2026-06-29,173.49850463867188,174.6948481568508,172.62845171194016,174.2894741882829,24484011,0.2742762624525996,0
2026-06-30,168.4659881591797,173.41941076783928,168.12983099480138,173.02393352580475,26845383,-2.9006108669195174,1
2026-07-01,168.20892333984375,170.2061029518828,167.33885533523951,169.0690946075389,34638511,-0.15259152434558,0
2026-07-02,172.0352325439453,172.99428073688537,167.0916913788894,167.57616384420143,43447174,2.2747361603230765,0
2026-07-03,174.09173583984375,176.1284722498395,172.61855524001209,174.21037599219633,29538753,1.1953965856227322,0
2026-07-06,172.35162353515625,174.30926157953363,171.61009237280982,174.09174456499278,8304046,-0.999537569255049,0
2026-07-07,171.04652404785156,174.210387371323,170.81912537882604,171.93635542159686,18837725,-0.7572307475470219,0
2026-07-08,170.76968383789062,173.4194146084817,170.29510811964104,171.04652093074372,16482564,-0.16185082479869273,0
2026-07-09,170.80921936035156,172.32194166541998,169.71175267956764,171.0465147541525,10270117,0.023151370648699654,0
2026-07-10,173.47874450683594,175.21886547857812,173.0239321043918,173.25133076236907,16249590,1.5628694730186465,0
2026-07-13,176.41519165039062,177.91803229401972,172.39115724075515,172.62845263285115,22417855,1.692684110611009,0
2026-07-14,175.1397705078125,178.46183067395626,174.71463322196033,176.48441426759663,14461463,-0.7229655964695381,0
2026-07-15,172.67788696289062,174.60588008759453,172.51970511124802,173.14258103959983,10398720,-1.405667906143604,0
2026-07-16,175.73300170898438,175.98017876012347,173.42930978198925,173.61716675469336,11184572,1.7692565040191344,0
2026-07-17,174.0126495361328,174.26970824635646,171.59031737522906,171.59031737522906,22960032,-0.9789579396705883,0
2026-07-20,174.3883514404297,175.79231522813527,173.8643373184864,175.0013456767054,10183661,0.21590493869174665,0
2026-07-21,172.99427795410156,175.49570853646264,172.52958388514213,174.12140471814374,11350578,-0.7994074574438126,0
2026-07-22,172.4702606201172,172.984393107733,171.46177403307956,172.79653613611436,5057035,-0.30291021193394885,0
2026-07-23,172.84597778320312,173.5776122086231,171.3530187197843,171.84737282841516,9055905,0.21784460795446492,0
2026-07-24,175.1199951171875,175.89118632194962,170.84878345131204,172.0352302981391,13282944,1.3156321964498563,0
