Date,Close,High,Low,Open,Volume,Daily_Change_%,Crash_Signal
2020-01-01,205.79449462890625,208.36877312887322,204.60634982042583,206.93311577782967,1553127,,0
2020-01-02,209.11134338378906,211.0915644671732,205.44793740110595,205.942992671952,2991937,1.6117286134713416,0
2020-01-03,206.24005126953125,210.25000242075012,203.7647746462961,208.17076401407678,2512421,-1.3730924720750437,0
2020-01-06,197.5765838623047,205.69548819674762,195.79438166501487,205.69548819674762,4353179,-4.2006716706564635,1
2020-01-07,202.03208923339844,203.6657658280738,198.56670181981661,198.56670181981661,2966120,2.255077643309633,0
2020-01-08,199.50730895996094,201.5370389461441,192.62604251617066,199.01225360274017,5762654,-1.2496927013018855,0
2020-01-09,205.94300842285156,206.83410193537173,199.90332761344885,199.90332761344885,3496063,3.2257963362045006,0
2020-01-10,207.03216552734375,210.89359144013338,203.8637990156391,205.94303765045888,2769132,0.5288633553686362,0
2020-01-13,211.48764038085938,214.11142755397188,207.5271977902657,208.5668018839849,3527267,2.152068902997195,0
2020-01-14,212.230224609375,213.36884581768243,209.7549479757592,211.33911595653956,1775182,0.351124173109274,0
2020-01-15,214.45797729492188,215.84412619060467,210.3985175023096,212.3787388435078,1982079,1.0496868151778083,0
2020-01-16,217.82435607910156,220.2996328527277,214.8540239507502,215.5470984257874,4280379,1.5697148815081219,0
2020-01-17,226.1412811279297,226.9828812783338,211.58665664769097,213.8639143124105,10810744,3.818179563816959,0
2020-01-20,224.30955505371094,229.9531823414829,221.93328059556748,227.2798867954739,4546367,-0.8099919064235461,0
2020-01-21,222.0323028564453,224.75510701633482,218.3193880929596,222.13131995996045,2813526,-1.0152274595348065,0
2020-01-22,223.66598510742188,225.7452234720305,218.96295961842125,222.5768724799658,2939366,0.7357858428522546,0
2020-01-23,227.3294219970703,228.91359004699757,223.51748977176015,223.765017445926,2650092,1.63790523976588,0
2020-01-24,227.47792053222656,230.10170769651538,216.83423110580028,223.26995029387197,7154795,0.06532306018802725,0
2020-01-27,228.27000427246094,234.11165083125812,223.81450652520883,227.23038510985765,5293975,0.34820247098319435,0
2020-01-28,227.62644958496094,232.18096496212914,226.83437309144534,229.95321583136246,2161711,-0.28192696169220266,0
2020-01-29,230.002685546875,235.99285744179767,228.71553880044638,229.40861316917312,3738186,1.043919090354728,0
2020-01-30,229.2106170654297,230.44825538651733,225.9432488761804,230.0027086125037,2192123,-0.34437357962234794,0
2020-01-31,227.18087768554688,232.23044786732237,224.90362024851302,228.71555216101896,2720308,-0.8855346256946728,0
2020-02-03,218.71543884277344,222.42835381933403,213.46786442887958,219.50753039268432,2720614,-3.7262990305420463,1
2020-02-04,223.22042846679688,224.90361344047415,219.8540585194423,220.44811580597565,2028088,2.059749255863874,0
2020-02-05,233.9136505126953,236.93349113877588,220.34913708126203,224.50759895768746,8985919,4.790431646129112,0
2020-02-06,234.1611785888672,241.1909705431478,231.7849189719248,235.052272168248,8852675,0.10582027839305397,0
2020-02-07,237.1315155029297,239.75530284634033,232.92354497730358,234.0621662528462,5052443,1.2685010094170002,0
2020-02-10,242.08204650878906,242.72561236841753,235.20078072367534,237.13149341044982,5588211,2.0876731611822352,0
2020-02-11,242.87413024902344,246.1414982108807,241.2404387141505,242.77511314707164,3533751,0.3271963995915783,0
2020-02-12,247.2306365966797,248.91382175031606,242.57711936913552,243.4682129481518,4490312,1.7937300869341088,0
2020-02-13,248.96331787109375,250.25046472707402,245.79496683875814,247.32964135520038,2563148,0.7008359879122406,0
2020-02-14,253.61683654785156,256.0426197227752,249.06233662988518,250.0029387242997,4968325,1.8691583629871333,0
2020-02-17,250.00294494628906,254.8544812011007,249.1613448310367,254.3594258645734,2411524,-1.4249415183761438,0
2020-02-18,246.9831085205078,249.16134901623823,242.82464664540612,249.16134901623823,2430446,-1.2079203412703965,0
2020-02-19,251.4881134033203,252.9732794273557,247.42865356113433,247.52767067255937,2101729,1.8240133545158743,0
2020-02-20,256.0921325683594,258.41889881154293,250.15146822786414,250.696032147321,3108173,1.8307104470004942,0
2020-02-24,244.80487060546875,253.31982866968465,241.6860279432367,252.2802094129772,3309214,-4.407500476367698,1
2020-02-25,244.0127716064453,249.26036117916357,240.00282037126016,247.32964839418995,3309962,-0.3235634148390787,0
2020-02-26,240.39886474609375,243.8642519620567,238.6166625848778,241.5869944842746,2897390,-1.4810318478658324,0
2020-02-27,231.83441162109375,239.06222266722452,229.75518824040856,239.06222266722452,3568055,-3.562601318457004,1
2020-02-28,216.48768615722656,224.55709696645195,214.85400963861406,218.81445221259773,3364181,-6.619692631717511,1
2020-03-02,216.4381866455078,224.45807356832725,214.0124035506158,220.79466731164018,3162614,-0.0228648162846512,0
2020-03-03,223.51748657226562,226.3888015083325,217.08176713607637,218.814460830435,2992170,3.2708183507158095,0
2020-03-04,218.9134521484375,224.75509844368636,211.43811435483414,223.8640049775936,5216787,-2.0598095005598505,1
2020-03-05,219.5570526123047,224.60662333786345,217.18079292256567,221.53727405638412,3159080,0.29399767695901247,0
2020-03-06,212.62628173828125,214.606503221292,205.44797886236722,212.97282654096452,4375226,-3.1567061005604913,1
2020-03-09,197.72509765625,206.4380745684884,195.29932953781454,204.95290856439854,2763988,-7.008157204372745,1
2020-03-11,193.8141632080078,202.9726868845037,190.3487758709553,195.4478397666052,3763186,-1.977965617213373,0
2020-03-12,160.5464324951172,182.08133868202705,158.86324744691356,178.31893037706223,4834390,-17.16475729236908,1
2020-03-13,147.27894592285156,159.75434503241308,128.4668452671596,144.50663333096142,7463176,-8.263956019495566,1
2020-03-16,133.36790466308594,140.8927518228228,127.37773206844028,139.60560492604017,6582749,-9.445369922088243,1
2020-03-17,132.08074951171875,141.14027067035843,129.2094347819423,134.35800693941508,6388061,-0.9651161234172534,0
2020-03-18,128.91241455078125,135.64517056384977,125.84307278603798,134.55604271324648,4255688,-2.398786327795932,1
2020-03-19,127.6252670288086,131.63521850610016,117.03108524146492,119.80339830649926,5517080,-0.9984666926439623,0
2020-03-20,136.33822631835938,140.19966671516056,127.42723093666413,136.63526251932697,4496351,6.826986138711866,0
2020-03-23,120.55314636230469,134.6126927502768,117.86088794279542,122.69697965723627,1456143,-11.57788272761845,1
2020-03-24,129.9760284423828,132.56855984369128,116.06604680176531,124.64137164976826,5125923,7.816371753383389,0
2020-03-25,131.92042541503906,134.51295671057767,124.64136656466077,125.63849749717805,2771318,1.4959658299747103,0
2020-03-26,139.84764099121094,151.56393176944073,131.67116876770436,134.61270255838485,7980255,6.009088851276667,0
2020-03-27,127.63275909423828,150.56677049398422,125.88777996599674,145.58111584186554,4378366,-8.734421124586811,1
2020-03-30,128.3307647705078,129.42761502585907,120.65285862808663,123.64425181721275,2397592,0.5468859885369604,0
2020-03-31,137.2052459716797,138.05279828091903,129.07861834653627,131.32216333013196,2200227,6.915318565304274,0
2020-04-01,133.56568908691406,138.55134388832937,131.42186360830988,138.55134388832937,1997603,-2.652636828125987,1
2020-04-03,128.6797637939453,134.21384411062257,127.63277315862602,133.6155594004366,1761897,-3.658069169088307,1
2020-04-07,137.753662109375,141.0940575435856,130.62418048204742,130.62418048204742,2463474,7.051534792960701,0
2020-04-08,137.70379638671875,146.7278197123306,134.5129650332303,136.45738264395342,3237290,-0.036199199275488425,0
2020-04-09,142.0413055419922,145.8304063219055,139.59833767567022,139.59833767567022,2359428,3.149883495653416,0
2020-04-13,145.58111572265625,148.57250851147796,136.15823148087,141.5925920042273,2204560,2.492099158872896,0
2020-04-15,144.83326721191406,150.51691045536919,142.78914576764228,147.62523685177234,3413325,-0.5136988455061053,0
2020-04-16,142.88888549804688,144.43444170089114,140.1467750531664,141.59261206291902,2685695,-1.3424966178676723,0
2020-04-17,143.48715209960938,148.12382061404492,141.143903259637,146.52840484703245,2383979,0.4186935880122533,0
2020-04-20,146.27911376953125,155.00400996659783,142.19088582334123,145.58112511676822,6835058,1.9457920998973366,0
2020-04-21,135.55996704101562,142.58974418546967,133.76512805721694,142.58974418546967,3576177,-7.327872347794018,1
2020-04-22,137.2052459716797,138.40180025326143,131.721024900668,135.6098301195619,6012030,1.2136908606404928,0
2020-04-23,140.09690856933594,142.09117061302754,137.1055155037985,140.09690856933594,3371195,2.107545216057627,0
2020-04-24,134.263671875,140.14675341373456,133.71526204271154,136.75649916725777,1823167,-4.163715498011145,1
2020-04-27,134.2138214111328,137.95306217984927,133.71525597530396,136.00864480810898,2996533,-0.03712878038490963,0
2020-04-28,138.90037536621094,141.49290728558964,134.66256788327027,135.55997985247555,5721109,3.4918564316278156,0
2020-04-29,139.09976196289062,140.29631601204247,135.26080187289278,139.59832741795475,4774187,0.14354647793715092,0
2020-04-30,140.9943084716797,147.02695368635074,139.89747356947353,141.0441680615551,4899422,1.3620055721551116,0
2020-05-04,131.17259216308594,137.10551884463305,129.62703599856215,136.50723413094246,6012691,-6.96603743445896,1
2020-05-05,132.3192901611328,135.95882770155788,131.4218782826788,134.61269466886415,3112486,0.8741902398491819,0
2020-05-06,132.8677215576172,135.01154737666906,126.9347944447638,133.26656791906433,6685480,0.4144757697963186,0
2020-05-07,134.51295471191406,135.2608029001901,129.62701930118135,130.72386939665702,2423478,1.2382489403819807,0
2020-05-08,136.7565155029297,138.950215954164,135.80924406172147,136.5072327439269,2431204,1.6679142881224074,0
2020-05-11,139.648193359375,142.88886896471746,137.10550637987336,137.4545083002992,2900696,2.1144717279546033,0
2020-05-12,139.4986114501953,140.29631923965175,132.81783724164248,138.10263422990448,2901801,-0.10711338656186342,0
2020-05-13,140.7450408935547,144.58400150220433,140.34619456162247,144.58400150220433,3115038,0.8935067026128563,0
2020-05-14,140.49574279785156,141.94159482707505,137.0057845218154,139.149625163244,1587450,-0.17712744557136784,0
2020-05-15,140.64532470703125,143.2877156604432,139.59833415784522,140.99431141341927,2145697,0.10646721829494776,0
2020-05-18,135.51010131835938,145.9799771663787,133.96456038899478,144.38457664235443,4941536,-3.651186699144615,1
2020-05-19,139.29920959472656,145.48141928153015,134.0642713961004,137.40466661837178,5564024,2.796181420797028,0
2020-05-20,140.94447326660156,142.78915649192146,137.60407832276175,139.09977482627005,2872608,1.1811005077930314,0
2020-05-21,137.90322875976562,143.5868727636579,136.6568149336922,141.7920338111097,2682428,-2.157760738218739,1
2020-05-22,137.70379638671875,140.79489333976989,136.20809989540035,137.60407720129294,2449109,-0.1446176241415631,0
2020-05-26,139.09976196289062,142.88886246438,137.95306750224722,138.6011965078265,2657870,1.0137451637509898,0
2020-05-27,140.59547424316406,141.19375894296954,138.10264668566114,139.3490604644126,2224751,1.0752802586912136,0
2020-05-28,142.24072265625,143.98570180310554,140.19661639908492,141.29345130524484,2816689,1.1702001233983017,0
2020-05-29,147.9243927001953,153.15933054801803,140.6951928151068,140.6951928151068,9162612,3.995810719888504,0
2020-06-01,150.06822204589844,154.45559255126864,149.0710910024041,149.56965652415127,3985102,1.4492737178567472,0
2020-06-02,149.51979064941406,152.16219693270514,147.82467098966808,150.56678124411386,2482873,-0.3654547171996425,0
2020-06-03,150.2177734375,157.44697291672605,149.17079809872436,151.31462358242146,5875845,0.4668163224776922,0
2020-06-04,147.5753936767578,153.4584607170561,145.73069516979345,150.068221272649,3146640,-1.7590327031718256,0
2020-06-05,152.01263427734375,154.55532164416985,148.0241098478168,148.47281580313594,4111095,3.0067618252844097,0
2020-06-08,152.2120361328125,158.0452583798394,150.2177741974202,155.15358465952502,4899754,0.1311745279704457,0
2020-06-09,151.46420288085938,156.25043504197217,150.6166506035349,153.7576073762897,3005643,-0.49131019527299813,0
2020-06-10,151.4143524169922,154.30602630701546,149.81893668904087,152.3117642545823,4135121,-0.03291237329945407,0
2020-06-11,151.364501953125,164.9753351959945,149.81894572625754,151.41436155044582,16533100,-0.03292320910893709,0
2020-06-12,151.86305236816406,152.8601833551973,140.59546917168623,143.58686213278594,4817295,0.3293707630296572,0
2020-06-15,148.82179260253906,156.39999382274297,147.82466166382858,151.36447953925293,3214496,-2.0026331080531867,1
2020-06-16,145.78054809570312,153.55817288208368,142.34044921374965,153.0596073857133,2640377,-2.043547825658998,1
2020-06-17,146.7278289794922,148.02410239684158,143.03844711089195,144.58400329253882,1252809,0.649799233274373,0
2020-06-18,147.42581176757812,149.02121210147706,145.58111349009,146.27910208710892,2037814,0.4756989815364099,0
2020-06-19,152.26190185546875,153.95702152580893,148.47280098264199,149.17080486014532,5245179,3.2803550680222004,0
2020-06-22,154.206298828125,155.75185487867267,153.1593234788935,154.056735268238,4662143,1.2770082003191519,0
2020-06-23,156.74900817871094,161.3358173920692,155.10374792555706,156.5495849987852,4790074,1.6489010954215289,0
2020-06-24,154.35589599609375,162.5323679028027,153.05962253423445,158.64356273223777,4078195,-1.5267159967537247,0
2020-06-25,161.18621826171875,168.71456027054418,152.56104129416437,152.81032404137704,14608370,4.425047855507813,0
2020-06-26,161.68478393554688,165.87274626537607,160.83723172309018,163.52948235297217,6772909,0.3093103611492509,0
2020-06-29,159.29165649414062,163.08075684341944,156.300263883922,160.936916343757,2937549,-1.4801191448913564,0
2020-06-30,155.80174255371094,163.679072571221,154.8046114013672,160.9369619022757,3827240,-2.190895629588774,1
2020-07-01,157.1977081298828,158.54384116921142,155.602307536433,156.69914259161484,1681231,0.8959884230374637,0
2020-07-02,157.74612426757812,160.4882345716495,155.70200263426796,159.3415399850426,2152710,0.3488703138357474,0
2020-07-03,159.5409698486328,163.37993052162054,156.9484230025875,159.5409698486328,4481657,1.1378064528610343,0
2020-07-06,163.72889709472656,164.726028033446,160.03951566446685,161.48535248260788,3515662,2.6249854504878156,0
2020-07-07,167.66757202148438,170.16039952828618,162.83149578729586,164.0280499475584,8172143,2.4056076823623096,0
2020-07-08,162.53236389160156,169.01371582592924,160.9369480986851,167.51801922569976,3650115,-3.0627318496774136,1
2020-07-09,162.28306579589844,164.6263296675887,160.9867924884743,162.5323485390565,1711099,-0.1533836644801334,0
2020-07-10,159.24185180664062,162.93123425483165,158.04529739304013,161.0366910345488,1950837,-1.8740180772051196,0
2020-07-13,155.602294921875,161.9839272083458,153.90717527218854,160.9867962126465,2585981,-2.2855529771061422,1
2020-07-14,149.3203582763672,155.80170938686058,148.57251007131026,155.45270747182974,2352010,-4.037174804305977,1
2020-07-15,147.32611083984375,153.40861625663067,146.5782625614689,149.66937486475646,2180415,-1.3355495925293837,0
2020-07-16,148.47279357910156,149.56964371904562,144.78341207703394,147.67510098460875,1473784,0.778329606830086,0
2020-07-17,151.16506958007812,153.45845876714748,148.57252282728842,149.32037109655332,2222846,1.8133126858303594,0
2020-07-20,160.23895263671875,161.43550682343425,151.6636349527477,152.71061035674128,6329853,6.0026321436870145,0
2020-07-21,166.82003784179688,167.6177457732576,158.64356577810432,160.98681475894193,6517373,4.107044571115148,0
2020-07-22,168.91397094726562,171.50651741276502,161.5352082608601,166.52086283681257,4611051,1.2552047898793273,0
2020-07-23,169.46240234375,170.21025055816636,164.92545346662178,167.86700194866825,2199241,0.32468089726904736,0
2020-07-24,168.265869140625,169.26300021701388,163.18049456503655,166.9197361014949,1801357,-0.7060759121647942,0
2020-07-27,165.473876953125,168.56498896252788,162.53234371418333,168.16612745630871,1156539,-1.659274219875595,0
2020-07-28,173.0520782470703,174.39819589147496,163.33005155021254,165.8228789083812,4829045,4.579696465377459,0
2020-07-29,178.58616638183594,190.302455513472,171.55638985985203,173.50079224720636,15392378,3.197932201001641,0
2020-07-30,174.54779052734375,180.82971908392145,172.75295162331983,178.68587823202736,3403335,-2.2613038491781756,1
2020-07-31,174.7471923828125,178.13743139867182,171.6062360950314,173.50077874242155,2644457,0.11423911747396875,0
2020-08-03,171.7558135986328,178.1873054625169,170.708823012649,174.74720657857998,2789132,-1.7118322437058575,0
2020-08-04,181.5775604248047,183.47210323085784,171.70595443718096,173.50079327265905,4208453,5.718436319788167,0
2020-08-05,179.084716796875,184.26979446487815,177.98786671431216,182.47495579114354,4042372,-1.3728808901813827,0
2020-08-06,185.41650390625,187.46062547168285,176.99075011289207,179.58329676393052,6447296,3.535637893967669,0
2020-08-07,192.34658813476562,194.44056958553836,179.5833218929565,180.53059341972948,9386323,3.7375767973813145,0
2020-08-10,195.13853454589844,197.7310812437127,191.7981548096892,192.34656469017807,4627306,1.4515185521131624,0
2020-08-11,195.2881317138672,199.22679650967007,193.84227944913064,195.4376952926267,2965963,0.07666203311245123,0
2020-08-12,197.13279724121094,200.1740498586536,189.6543146811118,195.2382544119905,3352636,0.9445866019377469,0
2020-08-13,200.17405700683594,202.71674421107093,197.18266387597413,198.32935849013293,3552469,1.542746721086563,0
2020-08-14,195.63710021972656,203.91329060768632,190.9007279439979,201.8193094103069,6617104,-2.2665058874010047,1
2020-08-17,197.23252868652344,201.0714741769676,195.48754931404537,196.83366712952085,3227005,0.8155040455031237,0
2020-08-18,213.08689880371094,216.17801109338825,198.4290756551051,199.42620668854784,13367091,8.038415479824845,0
2020-08-19,238.86273193359375,244.69593910185242,213.63531481865672,213.63531481865672,19592028,12.096395073836375,0
2020-08-20,233.3286590576172,244.29710029536844,229.73898129380294,240.5079993702338,9484513,-2.3168423266276217,1
2020-08-21,232.68052673339844,243.79853138327738,230.43698196606766,236.41976801228307,5797329,-0.27777656068331824,0
2020-08-24,247.98646545410156,253.12169900112212,234.32577441423152,235.3229053691857,11878911,6.5780918307101865,0
2020-08-25,306.6676330566406,321.47503479098043,249.28275502247612,251.27701706265594,49264537,23.663052535986107,0
2020-08-26,284.7307434082031,301.93125306941363,277.451699317787,298.1421674609823,26717004,-7.153311038985921,1
2020-08-27,285.87744140625,296.8458813140863,282.88604870411285,284.0825875269556,15748895,0.40273065855866985,0
2020-08-28,287.42303466796875,294.8017985959895,285.67805527275993,288.1708829802011,7256271,0.5406489067888209,0
2020-08-31,278.74798583984375,296.74622038873395,269.47467881489393,289.1680179697289,15172187,-3.018216281150332,1
2020-09-01,280.29351806640625,286.22642900185946,270.7708991701404,279.1468235519927,5169176,0.5544550293003603,0
2020-09-02,292.2092590332031,305.1221190540706,279.5955566027574,282.1881035696143,17403674,4.2511653672896665,0
2020-09-03,290.4143981933594,297.8430361732329,286.8247205760378,293.90435662658433,9061697,-0.6142381818366016,0
2020-09-04,284.3318786621094,292.6080836408281,279.2963796365798,283.1851841783772,6719721,-2.0944276761375447,1
2020-09-07,284.431640625,290.8631482642539,281.2408089963727,284.33192143097557,5812023,0.03508645015819489,0
2020-09-08,276.9033203125,288.96858235126575,272.76520187851474,285.1794963204176,5660442,-2.646794251145035,1
2020-09-09,282.2379150390625,286.07687544325336,273.6127380465447,276.1055655258864,6661093,1.9265188732811689,0
2020-09-10,297.44415283203125,307.0664909282747,285.0797350291651,286.82471420702984,25430532,5.3877374309770465,0
2020-09-11,295.1507873535156,302.77883371093776,291.26198238993027,298.142180468585,9743753,-0.7710238902597255,0
2020-09-14,292.3089294433594,303.12780624569865,289.3175366185663,300.93410600217516,6120182,-0.9628495101225765,0
2020-09-15,287.7221374511719,297.84304143017664,269.22536960062,294.0539253777837,2552460,-1.5691590403762445,0
2020-09-16,296.24761962890625,301.9811227520018,289.26770278339865,291.86024941202027,6159158,2.96309566349624,0
2020-09-17,292.8573913574219,299.93699722183476,291.3118200257359,294.1536495052661,2466000,-1.1443900463170453,0
2020-09-18,290.7135009765625,298.84014213471283,286.4756946624434,296.74616116408527,2744172,-0.7320595088695647,0
2020-09-21,276.30499267578125,295.40004430610395,264.23970207972167,292.15936871456023,6459206,-4.95625702018665,1
2020-09-22,279.59552001953125,282.1880666471705,256.76122671959865,277.4516945037993,12535965,1.1909040484154865,0
2020-09-23,282.73651123046875,295.4000883723663,277.6511669645351,283.1353880144862,8864848,1.1234054146211259,0
2020-09-24,269.674072265625,280.4430741406162,268.7267857098527,277.1525542427081,3689023,-4.620004295871105,1
2020-09-25,279.4958190917969,282.78636979066266,274.2110367375913,275.1084485900003,7663618,3.6420805098747566,0
2020-09-28,294.85162353515625,301.18338049704437,281.2906370144588,282.2877679287745,5875621,5.4941088182488995,0
2020-09-29,297.0453186035156,306.1192167830907,291.31181535757827,299.03958060210255,10246726,0.7439996572031093,0
2020-09-30,296.24761962890625,303.82582114717616,294.25335767304693,299.1392933788978,5618023,-0.26854453669209466,0
2020-10-01,307.2658996582031,311.0550155693982,295.15076456363926,298.9398500448123,6914312,3.7192805272491025,0
2020-10-05,325.6629943847656,333.5403232882288,306.46822241675846,310.60631002775267,20009492,5.987353216555125,0
2020-10-06,326.2113952636719,330.19991919886587,319.3810419386477,328.4549399772185,7705557,0.16839520865497004,0
2020-10-07,329.1529541015625,334.6371746834636,322.3226005635536,324.217143405842,8234005,0.9017339310029238,0
2020-10-08,315.34271240234375,328.85382672219646,309.60920854048294,328.05613400907856,4125845,-4.1956912514774185,1
2020-10-09,312.10198974609375,321.126012740865,309.6091623519556,317.88533712848545,2468904,-1.0276827492100682,0
2020-10-12,314.44525146484375,321.774170040255,312.1019876441311,314.09624954601054,2556329,0.7507999935073562,0
2020-10-13,312.3014221191406,315.89106915382627,308.86130820920874,314.5948111057477,1454109,-0.6817814343565654,0
2020-10-14,312.5008850097656,314.79430482974806,309.16048969220054,312.05219426652735,1517470,0.06386871032206809,0
2020-10-15,306.21893310546875,324.91513916738654,304.4739538730231,314.09626184021886,4960658,-2.0102189163722084,1
2020-10-16,306.11920166015625,313.04927393489487,304.473941678606,308.36274629773067,1871531,-0.0325686737593589,0
2020-10-19,316.0406799316406,318.3340690401084,308.46247831014716,309.01088818346943,3329571,3.2410506161253183,0
2020-10-20,320.9764709472656,326.9094127196106,312.6005764210322,314.39540009450224,7198907,1.5617581308496664,0
2020-10-21,311.1048583984375,323.7684337167929,305.122072660006,321.07616796249,4998821,-3.0754941381513135,1
2020-10-22,310.6063232421875,313.89684354754263,308.11349560782,310.107757715314,2380993,-0.16024666371861063,0
2020-10-23,314.5450134277344,321.52493103366265,312.40115724760716,313.09916118021033,4159352,1.2680650362921986,0
2020-10-26,306.5180358886719,317.78563343853136,304.1747721623279,317.08762962897515,4397393,-2.5519328542484288,1
2020-10-27,313.1489562988281,314.4452447654448,302.1306716977025,307.11632634617945,3549135,2.163305135024629,0
2020-10-28,317.93524169921875,319.8796289906653,308.96106224016614,312.8997116336244,3098009,1.5284372833174187,0
2020-10-29,327.9564208984375,331.396535451404,312.301480495293,314.4951507120891,6897070,3.1519560856670514,0
2020-10-30,338.7254333496094,346.5030434477945,328.7042479357661,330.1002253341551,14205844,3.2836717822661177,0
2020-11-02,340.12139892578125,343.31219994975834,332.0944759115071,338.12713687453663,4272022,0.4121230467896586,0
2020-11-03,343.8107604980469,348.5970076099365,339.1741073818597,343.01306786107705,4078834,1.0847190397069717,0
2020-11-04,350.8405456542969,358.46859165781177,336.5317098317426,341.6170839774269,9701398,2.0446669982250087,0
2020-11-05,351.73797607421875,353.93167654491964,344.25949323777184,351.98725883543364,5361436,0.2557943860930445,0
2020-11-06,351.08984375,352.8348230624453,344.06005169042004,350.9901245604268,3863486,-0.18426566600872052,0
2020-11-09,356.8731994628906,363.65370891322885,350.8405687358483,352.9843944238867,6278843,1.6472580497112865,0
2020-11-10,358.4685974121094,360.7121421803354,352.18668423308594,357.07262008677344,3590100,0.44704896630509694,0
2020-11-11,359.06683349609375,361.65937985220654,353.03417345571324,358.16942179629064,2869576,0.16688660828401147,0
2020-11-12,364.50128173828125,368.43996197470403,356.9729536859108,357.1723920890314,4199715,1.5134921232558218,0
2020-11-13,367.54248046875,370.5837177456488,361.01125437783656,362.95567193521265,2786714,0.8343451402874402,0
2020-11-14,370.1849060058594,371.7803217877819,368.4399266509496,368.7390537969241,620753,0.7189442520329381,0
2020-11-17,393.16876220703125,400.79683911001547,369.93562083343716,370.93275188689654,10496968,6.2087502294888575,0
2020-11-18,393.3681945800781,403.53894334199106,386.28855812267005,392.8197846810637,8656493,0.050724368825072474,0
2020-11-19,384.6432800292969,397.35670017284457,376.7160764736638,388.8810867438128,7731483,-2.218002032445743,1
2020-11-20,387.1859436035156,400.846650068918,383.89542357346625,383.9951427565028,5490838,0.6610445850048663,0
2020-11-23,407.87640380859375,412.5130870801501,382.0008738580831,388.9807905231954,7318547,5.343804584565559,0
2020-11-24,406.03173828125,414.30791306087855,403.04034540716424,408.7239736099141,6167783,-0.45226090799049823,0
2020-11-25,398.1045227050781,410.3193765639065,391.87245440975755,407.77670487142404,3448648,-1.952363529444301,0
2020-11-26,400.79681396484375,410.3692471334793,398.004828932306,401.64435096309165,5490958,0.6762774864931931,0
2020-11-27,397.25701904296875,406.6799199887462,395.1630376739042,399.84956595561886,6429153,-0.8831893863770812,0
2020-12-01,420.6895446777344,422.73368139762397,393.9664472017977,396.8581208911307,7846125,5.898580644645857,0
2020-12-02,452.44818115234375,460.57479253497087,418.1468816038785,419.3434205191605,16821595,7.549186062833524,0
2020-12-03,446.2659606933594,455.68886068478025,441.9783096247896,452.4481849796915,6848649,-1.366393040466829,0
2020-12-04,444.6706237792969,455.2401890373328,440.7319437838785,447.7118614456141,4131360,-0.35748568221153354,0
2020-12-07,456.2373046875,465.01207628037173,444.67060872648165,444.7204531075106,5371039,2.6011794550080403,0
2020-12-08,450.6034851074219,460.9736412440587,445.26882826265467,456.2372690750638,3872952,-1.234844130936863,0
2020-12-09,447.8115539550781,456.7857332710916,446.01669983386086,452.69748994112507,2798049,-0.6195982154195256,0
2020-12-10,445.9668273925781,450.9524822544292,436.79321027476317,446.71467562185575,3113868,-0.4119426009015048,0
2020-12-11,448.5095520019531,450.50381418147276,439.13652584421607,445.966879895076,2940168,0.5701600328081424,0
2020-12-14,453.8442077636719,460.6745617896315,445.7175954977604,449.70611984225934,3762369,1.1894185392277823,0
2020-12-15,461.12322998046875,462.71861519098337,445.2688231882846,454.1931575559595,4779869,1.603859230167215,0
2020-12-16,461.9209289550781,466.20858001999693,456.2372701666763,461.1730807160791,4088505,0.1729904118348502,0
2020-12-17,457.9822692871094,472.59026320085667,453.79433722479223,462.07051259058073,4912523,-0.8526696715990933,0
2020-12-18,453.8442077636719,462.8682623511163,449.50668145302404,459.6774307035068,2159692,-0.9035418619761759,0
2020-12-21,427.9686279296875,459.42809811358427,408.4746990517704,452.69746401208306,5350194,-5.701423394051208,1
2020-12-22,457.4836730957031,460.2257832406164,416.90046120899996,426.9714900090495,8342699,6.89654410156082,0
2020-12-23,462.2699279785156,465.4607288534961,452.89690286135016,456.68598840977154,4604130,1.0462132671150481,0
2020-12-24,472.2910461425781,478.4732699134825,461.0733234832906,463.66586991721886,7985151,2.16780663364462,0
2020-12-28,489.4417724609375,505.54543251928465,471.3438503413703,471.6429774785436,13714406,3.6313892584747043,0
2020-12-29,487.7965087890625,497.71794421326337,483.30941918404056,490.58846348239996,5849496,-0.3361510529848233,0
2020-12-30,482.760986328125,494.57699522339857,477.0274828552731,487.7965163318617,5419517,-1.0322998156419794,0
2020-12-31,478.1741943359375,482.61143978698084,434.4998654693738,479.62004656516075,7575962,-0.9501165425720437,0
2021-01-01,489.7409362792969,491.8349176864202,475.63153722538766,475.63153722538766,5035248,2.418938972527074,0
2021-01-04,493.0812683105469,501.1580353132661,485.2537840521707,490.5884408671164,4936582,0.6820610212059153,0
2021-01-05,492.9815368652344,499.9614535332333,488.19532046490093,490.5884286650676,3654033,-0.02022616792038967,0
2021-01-06,489.4916076660156,499.2136350322454,482.8606925227457,494.5769819128175,3295461,-0.7079229014154365,0
2021-01-07,516.6135864257812,522.4468397397338,492.3833134371928,492.48303263085467,9879731,5.540846530359955,0
2021-01-08,516.5138549804688,525.0891571863191,512.6250197591843,521.4995099513227,3702267,-0.019304843684520012,0
2021-01-11,517.6605834960938,523.0948987633274,509.0353759937097,519.106374759459,4148831,0.22201311824798786,0
2021-01-12,523.8926391601562,535.0604574038689,515.6164033709136,517.5109765694248,4878024,1.203888389951091,0
2021-01-13,534.5120239257812,538.6501416375919,519.8043426788036,527.5819517763833,4948731,2.0270154554278053,0
2021-01-14,530.5734252929688,539.4479162819231,526.8840889713184,533.4152853975459,3161306,-0.736858752752656,0
2021-01-15,525.7871704101562,535.9579189036868,517.3115568088887,533.1659642423375,3376852,-0.902090955680579,0
2021-01-18,506.39300537109375,527.5820095670575,500.60962707398585,526.4851897657319,5204588,-3.688596095628105,1
2021-01-19,528.5791625976562,530.4737359988154,510.8302414975257,510.8302414975257,4181185,4.38121320619429,0
2021-01-20,545.181396484375,550.5659284479933,529.4765825938787,530.6233076346646,6681731,3.1409172100406835,0
2021-01-21,535.359619140625,551.3635583496663,530.02493216425,549.8180175845639,4208383,-1.8015613531727537,0
2021-01-22,525.28857421875,545.1813489163768,520.1034810876829,532.5177736328218,4179558,-1.881173805757208,0
2021-01-25,512.4255981445312,532.8667817656843,507.53963234960514,528.7286641520199,3728411,-2.4487446911156563,1
2021-01-27,511.3287658691406,520.0536621403186,505.59526260522364,511.6278929978574,2792007,-0.21404712788787306,0
2021-01-28,510.3815002441406,518.0095461857022,499.91162491218705,505.8445360089471,4197516,-0.18525568836125217,0
2021-01-29,505.1964416503906,523.6932409318144,501.05835386862486,513.7219304070657,3822560,-1.0159182084910512,0
2021-02-01,535.6587524414062,537.9521414284067,495.4743573538017,509.0353442061198,4004036,6.029795200358201,0
2021-02-02,562.581298828125,565.2735645874636,539.2484100605819,540.4948237584198,5144708,5.026063004480386,0
2021-02-03,564.974365234375,574.9456746162739,556.7480349943083,566.3703728918579,6087209,0.42537254815167014,0
2021-02-04,588.0082397460938,609.9451246140433,554.4049084809056,560.3378508785665,11184167,4.076976926583797,0
2021-02-05,593.641845703125,606.1059817165444,586.9112122558786,593.292874238765,4754950,0.9580828254148077,0
2021-02-08,626.4974365234375,636.1696200345306,601.8184426427875,603.6631716307048,7085276,5.534581340268807,0
2021-02-09,628.04296875,640.0584466144832,619.2183832839347,629.6384149492089,4510798,0.24669410223592259,0
2021-02-10,648.8330688476562,653.0210306708668,620.3150894686802,631.2336846598954,5991927,3.310298997381489,0
2021-02-11,656.71044921875,659.1035879517004,643.4984635298543,652.123670983982,3688016,1.2140842921406936,0
2021-02-12,716.8873291015625,722.3715494828305,653.3202292277757,655.1150528169089,16810897,9.16338090164417,0
2021-02-15,761.2597045898438,785.689415067592,705.6198047349819,722.9200039333678,21579566,6.189588473252949,0
2021-02-16,777.9616088867188,800.6463388601354,754.0803095558821,757.8195507602913,19426061,2.1939824472745117,0
2021-02-17,783.1965942382812,799.6991009194088,780.005762710982,784.8917291927887,8908279,0.6729104999222191,0
2021-02-18,805.8812866210938,822.1345097541081,783.7449662422425,784.9913799926278,9694238,2.8964237778478896,0
2021-02-19,779.65673828125,828.6158450976336,727.4070505399803,810.6674874420892,20210882,-3.254145340661563,1
2021-02-22,803.587890625,810.667496322668,778.3105834671771,783.7449595444243,10890564,3.069447253993607,0
2021-02-23,797.3558959960938,824.9265339641244,786.7364256030585,812.4623954089428,9753081,-0.775521221961073,0
2021-02-24,802.8898315429688,809.7201540229598,793.1678050416438,803.6875241095306,4626257,0.6940358219790665,0
2021-02-25,841.0800170898438,859.9258177503988,806.6789968295004,811.6646519396951,12118095,4.756591009937483,0
2021-02-26,831.25830078125,858.5298098871898,817.4978439904903,831.507583536734,11355426,-1.167750524210187,0
2021-03-01,849.0570068359375,858.4799065177519,834.0501981589963,838.3378490866875,5996840,2.141176339287032,0
2021-03-02,870.046630859375,873.9853104315033,849.8048839877339,854.9401329167175,5116413,2.472110100316649,0
2021-03-03,912.7239379882812,942.1892110024498,870.3458657764247,877.9240987350474,11670544,4.905174690091307,0
2021-03-04,915.7651977539062,936.0069462746451,902.802493861998,907.389272433576,8141787,0.3332069686183825,0
2021-03-05,907.28955078125,931.3203843195663,885.7514839640404,915.3662878001734,7109101,-0.9255262149560184,0
2021-03-08,907.588623046875,923.74215696814,902.503218572749,915.4659212110408,3904469,0.032963265736674074,0
2021-03-09,902.60302734375,925.7364795864451,891.0362707923781,915.3662924521184,5561849,-0.5493232921307212,0
2021-03-10,895.5732421875,911.4774331304856,886.1503419582385,908.3863513393212,5465016,-0.7788346530298917,0
2021-03-12,891.5347900390625,921.149592488644,886.7485734793427,902.4035421280483,6049852,-0.4509348826203574,0
2021-03-15,893.6288452148438,901.4064551112721,871.9910895960259,896.1715171805927,5234540,0.23488204825854453,0
2021-03-16,895.2242431640625,901.805344600139,885.502215441266,898.115947548709,2555026,0.17853026541854167,0
2021-03-17,871.392822265625,902.8024493791742,862.518331848254,895.4236554910198,3886557,-2.662061609749111,1
2021-03-18,868.5509033203125,888.4436779790576,855.2890738344969,873.4867137033159,4465851,-0.3261352254340877,0
2021-03-19,887.09765625,892.8311597440251,837.7895140293747,863.5154827522947,4794995,2.1353674101064923,0
2021-03-22,988.2067260742188,1000.122454428099,880.9154482283451,890.3383489291143,22596465,11.397738356297094,0
2021-03-23,1055.3634033203125,1083.5821356785011,988.206598499248,996.1338015847689,31098225,6.79581260419897,0
2021-03-24,1022.5079345703125,1089.864182262788,1015.4782340571232,1059.9502522830226,22877032,-3.1131900771461662,1
2021-03-25,978.7340087890625,1038.4621245378862,974.1970745035588,1029.9865102765964,13139164,-4.2810353153538205,1
2021-03-26,985.464599609375,1015.5281249603853,975.1941620178027,997.1310450079782,9396506,0.6876833501106017,0
2021-03-30,1028.590576171875,1039.4592071653121,985.1654705579272,1001.1195672471243,10470011,4.376207585700653,0
2021-03-31,1028.1917724609375,1050.1286569671415,1013.6834660653827,1035.022096247257,6440569,-0.038771861241593264,0
2021-04-01,1104.0234375,1112.8481445696873,1032.0306251848087,1040.4065502549659,12713083,7.375245267481789,0
2021-04-05,1134.984375,1146.7006643971008,1095.697388762724,1123.7666511091588,15795720,2.8043732087888795,0
2021-04-06,1221.884521484375,1237.4397429012388,1139.222325757184,1150.0910795110558,21496457,7.656505974751848,0
2021-04-07,1162.2060546875,1248.0091019130534,1104.8211184826102,1229.8613668859416,23007694,-4.88413313595103,1
2021-04-08,1159.164794921875,1187.5830286038306,1134.4858025138608,1159.164794921875,12404773,-0.2616799106628931,0
2021-04-09,1197.9532470703125,1224.47690819701,1147.8971961950217,1160.062267826431,12923020,3.346241390211624,0
2021-04-12,1071.3175048828125,1174.021991568866,1058.3548026797184,1174.021991568866,13690016,-10.571008718178065,1
2021-04-13,1103.1759033203125,1113.097430214404,1048.0346297623792,1073.9101315989385,12137329,2.9737587869419713,0
2021-04-15,1126.7080078125,1141.6151877472278,1078.2474705866007,1091.858331667846,9350889,2.1331235047249653,0
2021-04-16,1155.6748046875,1188.5801269952544,1108.8096486734253,1126.7580062958368,10661068,2.5709231383949094,0
2021-04-19,1133.08984375,1149.692100068117,1085.875712900416,1096.8441544448644,8565063,-1.95426610028131,0
2021-04-20,1139.471435546875,1174.3211148591565,1121.8222657626475,1153.5309581214399,8261172,0.5632026297009984,0
2021-04-22,1154.478271484375,1165.6460895223022,1119.7780654692433,1130.7465060036704,7124786,1.3169997482471052,0
2021-04-23,1154.27880859375,1179.5062713050463,1142.3631419624999,1157.669078300578,6167151,-0.01727731872931404,0
2021-04-26,1169.983642578125,1194.463257485056,1156.6719679803014,1156.6719679803014,6939823,1.360575440478562,0
2021-04-27,1187.7325439453125,1210.0183961181815,1177.611640556714,1181.3009763479854,7109421,1.5170213258774101,0
2021-04-28,1181.7994384765625,1210.4669505048969,1177.3622548680328,1204.4841653859403,5020151,-0.49953211259513575,0
2021-04-29,1178.9080810546875,1209.1709838715642,1174.62036888092,1193.1171984201826,4070698,-0.2446572005146863,0
2021-04-30,1155.3756103515625,1197.5043939835837,1139.7207027550367,1167.6403700141275,4232500,-1.9961243019109842,0
2021-05-03,1251.94775390625,1260.7723380534778,1119.4290325581312,1141.8145726416722,11276228,8.358506332438687,0
2021-05-04,1258.8779296875,1295.2233071674686,1238.2871495034435,1281.3133779393565,10271516,0.5535515167966798,0
2021-05-05,1263.86376953125,1284.5542414979352,1236.6919449003021,1270.7439990111827,7805805,0.39605427390307923,0
2021-05-06,1283.0582275390625,1308.0861896036179,1259.3763678895168,1268.6995177654264,6240535,1.5187125757178288,0
2021-05-07,1295.17333984375,1318.6059158035957,1286.7475107750768,1301.255813940375,4584524,0.9442371394106308,0
2021-05-10,1300.3585205078125,1310.2301418106788,1282.609661634062,1291.1849639411632,3892338,0.4003464636392229,0
2021-05-11,1299.76025390625,1322.1957013269562,1280.3161994749712,1288.2932474467777,4744734,-0.046007819545712536,0
2021-05-12,1282.1109619140625,1324.6884027226483,1274.931546390781,1307.2386119453458,4143731,-1.357888267405083,0
2021-05-14,1216.8489990234375,1298.2647834018383,1209.869080833105,1296.2705210617432,6377643,-5.090196155346449,1
2021-05-17,1285.401611328125,1295.2732330603646,1223.928457793827,1226.4711906576201,7782732,5.6336170190141255,0
2021-05-18,1322.8936767578125,1341.0913178894828,1298.264589229289,1311.1773872620797,6531595,2.916758863476865,0
2021-05-19,1290.9854736328125,1347.6724690887058,1280.216531726223,1346.1268673307698,9925284,-2.4120005776429143,1
2021-05-20,1298.2645263671875,1316.212883874568,1280.2662636231396,1297.5665833743808,5837747,0.5638369201701243,0
2021-05-21,1311.326904296875,1332.1669657548723,1296.3201563449377,1316.2128703566102,8314215,1.006141480753442,0
2021-05-24,1303.05078125,1324.8380682822292,1299.2616349313134,1317.907935109906,7913411,-0.6311258481585535,0
2021-05-25,1279.0697021484375,1318.2070912026775,1269.24798681897,1310.5790152340762,3697062,-1.8403794730515233,0
2021-05-26,1319.0048828125,1323.043190169171,1250.6515068042108,1285.2519024343785,5630730,3.1222051931168338,0
2021-05-27,1321.996337890625,1338.1498115174782,1300.5081159997546,1325.685673928828,36690935,0.22679636118907442,0
2021-05-28,1298.8629150390625,1326.6329911570556,1294.2761364342405,1307.8370947215803,2979585,-1.7498855472227848,0
2021-05-31,1312.523681640625,1317.7087145383575,1288.2933478498358,1303.3002192043934,2709718,1.0517481439641818,0
2021-06-01,1412.1866455078125,1425.897195464199,1305.294261081326,1316.1131070665313,10018645,7.593231669741085,0
2021-06-02,1542.3125,1552.53309358332,1408.946217876192,1421.4602616345417,24541949,9.214494054742683,0
2021-06-03,1578.5579833984375,1619.1412861159913,1548.5443661322925,1559.5128065878337,19107244,2.3500738921870656,0
2021-06-04,1696.0699462890625,1708.6338944171948,1581.2504076255052,1600.3952743691736,21102075,7.444260149230408,0
2021-06-07,1619.6400146484375,1712.2733919000264,1608.3723850853426,1710.0797522761081,15350263,-4.506295970154461,1
2021-06-08,1631.7548828125,1663.2144127488718,1597.8524307540697,1628.3148297475466,12410257,0.7479975830735563,0
2021-06-09,1590.074951171875,1644.717656172722,1567.3403160029964,1635.294817043041,11614666,-2.554301021534877,1
2021-06-10,1607.375244140625,1625.3236029461655,1586.4354922008279,1607.375244140625,5362307,1.0880174520075059,0
2021-06-11,1597.005126953125,1615.4520520898616,1570.7307471159022,1610.4663966475002,5355387,-0.645158448551586,0
2021-06-14,1497.1422119140625,1525.5604439079084,1197.7536450315292,1437.3143550849136,43530006,-6.253136784199798,1
2021-06-15,1534.43505859375,1568.0882307997153,1472.9619063535008,1546.500319692462,22320542,2.4909354891549995,0
2021-06-16,1444.144775390625,1533.786748670197,1405.2566690995243,1505.6677051169736,12626149,-5.884268786576897,1
2021-06-17,1363.7760009765625,1431.880096014012,1299.760240358123,1376.0407607934098,27926070,-5.565146637900186,1
2021-06-18,1483.2322998046875,1499.6849606092437,1328.726906573572,1346.1267931000525,30526777,8.759231629137453,0
2021-06-21,1535.5816650390625,1577.4611649946733,1440.7046306765603,1485.7251174728592,21101083,3.529411086939538,0
2021-06-22,1537.1771240234375,1577.4612407351553,1527.4053132633285,1549.591477995539,12069983,0.10389932497236742,0
2021-06-23,1500.4327392578125,1565.4456260073005,1477.0500680683936,1555.6239108718755,12679703,-2.390380665401104,1
2021-06-24,1504.172119140625,1514.641994679887,1483.7808388021951,1505.6179104080095,7261764,0.24922009397516653,0
2021-06-25,1515.0908203125,1529.599126688494,1496.6937999735526,1520.6249466753281,4962963,0.7258943995128053,0
2021-06-28,1521.3726806640625,1560.5100738910423,1513.8442926419166,1520.5251436260965,6178022,0.4146193922729191,0
2021-06-29,1519.178955078125,1544.2567018789491,1508.6591745385476,1521.6218772940013,5551918,-0.14419383322828994,0
2021-06-30,1503.224853515625,1534.5845740636526,1498.3886708996513,1534.5845740636526,3256147,-1.0501792108935315,0
2021-07-01,1486.9307861328125,1519.1588934947533,1479.5971810490648,1506.187848220654,3759914,-1.0839407920049449,0
2021-07-02,1418.8826904296875,1504.3418231604148,1408.4060772740613,1486.9307385878146,6653653,-4.576413128152623,1
2021-07-05,1391.2442626953125,1440.7337615098158,1347.5917094922745,1423.8215639025207,12239845,-1.9479008321685254,0
2021-07-06,1411.648681640625,1440.933282228808,1375.6789317502044,1397.7796185492457,9485434,1.466630949893899,0
2021-07-07,1422.4747314453125,1433.899180601387,1381.9152451959405,1416.8372911034191,5549751,0.7669082219596834,0
2021-07-08,1422.72412109375,1441.7815553550204,1408.6555503458187,1416.8372377883247,3898830,0.017532096910022332,0
2021-07-09,1428.161865234375,1453.355624770652,1413.2950283166504,1422.7240529845267,4502324,0.3822065051124923,0
2021-07-12,1417.535400390625,1443.7768669403476,1411.0000633256054,1438.788004234956,2557189,-0.7440658585297077,0
2021-07-13,1414.542236328125,1429.8082065832384,1382.114625222783,1429.8082065832384,4157955,-0.21115268526452624,0
2021-07-14,1398.9271240234375,1445.7724989234341,1394.6865904689691,1445.7724989234341,3859529,-1.103898625552624,0
2021-07-15,1404.8138427734375,1425.817004114644,1390.2963249428485,1395.8838269813764,2728305,0.4208023884095802,0
2021-07-16,1392.3917236328125,1411.8482901758723,1385.1578719693673,1405.8616543164692,2134914,-0.8842537539422879,0
2021-07-19,1377.52490234375,1409.5035646375386,1329.7815051890495,1386.903989655058,6190302,-1.0677183034580429,0
2021-07-20,1362.657958984375,1379.81972037894,1333.1239150801405,1337.015252488109,4529933,-1.0792504247349788,0
2021-07-22,1413.5943603515625,1421.7262315698058,1337.5141980245417,1371.937353438079,5009804,3.738018116090691,0
2021-07-23,1398.5281982421875,1431.6542047954572,1383.1125361883599,1426.81503132164,4694140,-1.065805193622027,0
2021-07-26,1400.77294921875,1413.6442398585675,1388.899431158788,1396.6821060010247,2054318,0.1605080955381366,0
2021-07-27,1393.6387939453125,1421.4267347987168,1375.0802490783012,1400.7728919593405,2978042,-0.5093013309127925,0
2021-07-28,1396.781982421875,1421.6265462170536,1375.5293758721439,1403.7164537457468,3188606,0.2255382449324772,0
2021-07-29,1397.131103515625,1421.8259757255958,1393.888342518356,1410.8005396155156,2538248,0.02499467333796357,0
2021-07-30,1417.086669921875,1446.2715212474973,1397.1312160240138,1406.3606134517745,4403219,1.4283245399115074,0
2021-08-02,1434.9964599609375,1441.781362149239,1420.9278910982634,1431.8036364596248,2483790,1.2638457773404888,0
2021-08-03,1439.5865478515625,1463.7325992701162,1419.0323321135932,1463.7325992701162,4442122,0.3198675410495344,0
2021-08-04,1426.365966796875,1456.7480958295682,1419.8804444524283,1456.7480958295682,3341801,-0.918359585564199,0
2021-08-05,1429.1595458984375,1434.7969853954526,1404.2651684803777,1424.819259488669,2104359,0.19585289936747685,0
2021-08-06,1533.2274169921875,1551.5365213572004,1418.832754578739,1418.832754578739,14250256,7.2817532088993,0
2021-08-09,1490.0736083984375,1561.5141013932314,1479.1978628213838,1543.2548142997477,6031426,-2.8145732404398993,1
2021-08-10,1443.2781982421875,1495.3120684631444,1422.8737954205596,1484.685764939077,3581449,-3.1404764095209203,1
2021-08-11,1433.84912109375,1453.3555017671272,1403.866006632171,1451.7590900140788,3197412,-0.6533097472075311,0
2021-08-12,1439.6861572265625,1454.7524996326215,1427.064309053194,1440.3845493506406,2455443,0.4070885874212449,0
2021-08-13,1433.7991943359375,1450.7613281589793,1424.8192411355037,1441.7813749585453,2095991,-0.4089059869802236,0
2021-08-16,1426.9146728515625,1446.470992849154,1410.4016082207727,1428.3115789510523,1909352,-0.48015939132700636,0
2021-08-17,1438.4388427734375,1447.7679918970343,1413.0454579137033,1427.8125405959036,3062815,0.807628524755799,0
2021-08-18,1456.748046875,1493.4661285566956,1429.409052320539,1438.688386543973,4738820,1.2728524534460384,0
2021-08-20,1426.9146728515625,1479.3476754471992,1407.8572391896155,1434.7971013144345,4933377,-2.0479432999711777,1
2021-08-23,1393.5889892578125,1424.5698782644217,1358.5173786097002,1411.8982145313578,4866080,-2.3355064060804454,1
2021-08-24,1434.5975341796875,1445.173899683601,1386.9039538112713,1403.8660884981718,3362312,2.942657070196497,0
2021-08-25,1472.0638427734375,1478.4995493923323,1421.8260146166656,1441.0331379720135,5361140,2.6116250517029815,0
2021-08-26,1472.4129638671875,1491.3208275462991,1457.1471163034387,1478.6989799100566,4678919,0.02371643699177195,0
2021-08-27,1502.695556640625,1511.625573188609,1470.8166472161104,1471.7146669658075,5164477,2.056664367712613,0
2021-08-30,1513.1722412109375,1523.5989172362422,1489.9740258699142,1510.378428923616,3149863,0.6971927563114599,0
2021-08-31,1584.0638427734375,1593.2932398325088,1509.4305212558922,1513.9204982035485,7234384,4.684965771363081,0
2021-09-01,1561.713623046875,1597.2842405566128,1558.021913150386,1591.3475423126447,3056760,-1.4109418524086093,0
2021-09-02,1567.0518798828125,1590.7489802553773,1562.013079294752,1567.5008288547147,2171898,0.3418204693330873,0
2021-09-03,1562.0631103515625,1577.8777833997342,1548.0942924518783,1574.9842181894,1687999,-0.3183538206548153,0
2021-09-06,1578.476318359375,1624.822808823189,1562.561893451794,1568.4985919474952,5562312,1.0507391090055496,0
2021-09-07,1554.6295166015625,1588.8032293144324,1549.5409005280885,1581.5693777182773,1651169,-1.5107481487335983,0
2021-09-08,1552.484375,1575.4830843233299,1534.823847029995,1556.425650221599,2084219,-0.13798410352144908,0
2021-09-09,1541.5587158203125,1562.0130547680901,1531.63092685527,1558.1217171451708,1243149,-0.7037532458056162,0
2021-09-13,1529.03662109375,1553.5319879271904,1521.8527068631645,1544.55203423975,1759456,-0.8123008613330152,0
2021-09-14,1509.82958984375,1543.803798748868,1493.7156582957102,1536.4701938173562,7143757,-1.2561524678369573,0
2021-09-15,1513.4217529296875,1542.1575349938626,1493.5660508842252,1520.6056679961234,12834337,0.23791844524052586,0
2021-09-16,1499.8516845703125,1531.580901143995,1496.4094179092551,1519.607630255573,7616906,-0.8966481638780444,0
2021-09-17,1476.9530029296875,1521.6033301589416,1462.4852991347336,1499.8518371133662,3329954,-1.5267297344260466,0
2021-09-20,1415.6898193359375,1485.184714621655,1406.8096176432769,1461.6373024579475,2273312,-4.147944008524862,1
2021-09-21,1438.2392578125,1443.7270070829743,1378.2731492348173,1416.837084377015,2682157,1.5928233832422256,0
2021-09-22,1434.5477294921875,1459.3922946025984,1421.1775506722722,1431.8038545096776,1663858,-0.2566699733900446,0
2021-09-23,1471.0662841796875,1476.703724786024,1437.8903390113528,1449.7638595365493,1622616,2.545649331613875,0
2021-09-24,1458.4442138671875,1512.6233167416137,1451.7591859228548,1479.6968197413016,2760295,-0.8580218613016832,0
2021-09-27,1527.83935546875,1540.560956632653,1458.743600127551,1458.743600127551,4737676,4.758162221203888,0
2021-09-28,1483.9871826171875,1554.4299012503025,1471.7145313650847,1553.531881583347,3547971,-2.870208356303816,1
2021-09-29,1482.341064453125,1494.663533174013,1461.0386412605642,1463.0341866987137,1764350,-0.11092536265436825,0
2021-09-30,1464.830078125,1515.6167329706673,1460.0906577947758,1481.3930806035723,2072145,-1.1813061614524778,0
2021-10-01,1455.450927734375,1465.4785916682217,1419.481296486864,1461.7369442001327,2311858,-0.6402893093668927,0
2021-10-04,1523.2496337890625,1527.5899204378075,1456.8478155039627,1467.723561700859,3209302,4.658261213947368,0
2021-10-05,1524.2474365234375,1554.380122296489,1508.9814660247966,1511.6255879475575,2544835,0.06550487275633898,0
2021-10-06,1476.254638671875,1537.5677220214325,1468.721406110025,1526.3927165638784,1777998,-3.148622507184684,1
2021-10-07,1517.36279296875,1532.3293830687212,1486.6812832638088,1499.5026377564332,1919106,2.7846249027781766,0
2021-10-08,1544.4522705078125,1565.9541974962685,1508.0833852496173,1518.6099351621247,2646112,1.7852999733874775,0
2021-10-11,1536.3203125,1560.2169167985776,1528.7372653383309,1549.540799033934,1910095,-0.526526987145981,0
2021-10-12,1550.9876708984375,1563.4100136608133,1511.126701637986,1535.5721319385013,1900749,0.9547070541930047,0
2021-10-13,1566.20361328125,1604.7177333696745,1547.8446947418888,1564.9563975218687,3923958,0.9810485710694428,0
2021-10-14,1642.6829833984375,1652.3115138624528,1571.2924231339757,1576.4807922117604,5256882,4.883105202200411,0
2021-10-18,1611.9017333984375,1669.223724037621,1604.967262125779,1669.223724037621,3791222,-1.8738399503182679,0
2021-10-19,1565.9542236328125,1633.353814291961,1558.5708035237396,1621.580048401766,1822638,-2.850515562679623,1
2021-10-20,1586.1590576171875,1603.769768412575,1535.6717882858406,1570.4940764758974,2768997,1.2902569998184399,0
2021-10-21,1591.497314453125,1623.2264116510764,1578.1769521339497,1598.381848300909,3129269,0.33655242898256166,0
2021-10-22,1539.5631103515625,1605.216595662718,1533.57647479608,1591.4972225147374,2580699,-3.2632291383669854,1
2021-10-25,1528.787109375,1547.944416128118,1490.7221826123848,1541.5586472104121,2276050,-0.6999388920212457,0
2021-10-26,1540.4112548828125,1553.7814325228337,1517.5124216780187,1528.5876735430927,1661783,0.7603508321420094,0
2021-10-27,1563.060791015625,1577.6282473220708,1536.5698784821654,1544.5520596690858,2121282,1.4703564428666605,0
2021-10-28,1395.4349365234375,1563.409931549415,1364.6535539760177,1546.547550031326,7093354,-10.724205703046897,1
2021-10-29,1420.42919921875,1451.5597807100332,1374.681345030338,1396.8817877281606,3165141,1.7911449714440142,0
2021-11-01,1442.0809326171875,1453.7548244925758,1408.0567860945785,1432.801597784035,1543436,1.5243092306428396,0
2021-11-02,1469.5196533203125,1485.683522033409,1449.5641996999848,1451.7592508788516,1667692,1.9027171140337584,0
2021-11-03,1482.590576171875,1497.6569205667236,1461.1882772792533,1470.7170559062963,1710819,0.8894690739269295,0
2021-11-04,1486.1324462890625,1508.133382258715,1479.6968613229735,1491.6701332959174,272261,0.2388973850307785,0
2021-11-08,1564.7569580078125,1571.6416136509358,1482.3409614961777,1491.6701114118794,2565017,5.29054539621141,0
2021-11-09,1631.8072509765625,1655.3048458806745,1551.4865517038716,1551.5364890563285,4713708,4.285029226143577,0
2021-11-10,1652.1619873046875,1682.2448601420022,1616.790991959983,1621.9295459932941,3728328,1.2473738130495349,0
2021-11-11,1661.191650390625,1700.2045352614123,1637.1951702903689,1646.3248140735504,4470709,0.5465361844251282,0
2021-11-12,1701.4019775390625,1715.670176021215,1666.3801797537378,1674.561989060403,5349189,2.420571229032009,0
2021-11-15,1745.6531982421875,1760.0709643955608,1688.0318273839994,1709.9328884540207,3997553,2.6008680657072514,0
2021-11-16,1707.7877197265625,1762.6154023741726,1703.098236781288,1755.531118803736,2172117,-2.1691295014241274,1
2021-11-17,1702.6490478515625,1725.8472613915278,1678.752442193201,1710.182279892509,1476385,-0.30089640624788583,0
2021-11-18,1684.988525390625,1710.1822842454665,1636.3471097797928,1704.1956484779794,2255988,-1.0372379723949554,0
2021-11-22,1672.017578125,1697.6104718738575,1606.4639613914005,1687.6327450164802,2552170,-0.7697943974198873,0
2021-11-23,1704.1456298828125,1716.5180342387866,1646.3247575711184,1656.4521736213137,2472589,1.9215139947177384,0
2021-11-24,1751.24072265625,1784.9155502023339,1708.6357566522258,1717.765400924404,4562858,2.763560340595772,0
2021-11-25,1759.1231689453125,1769.749350528954,1731.6844202959758,1759.0232942387588,2341862,0.4501063838389108,0
2021-11-26,1665.8314208984375,1764.6109158795568,1657.1507255331644,1736.1244572439157,3510810,-5.303309608661932,1
2021-11-29,1661.34130859375,1693.2200942955656,1606.2641882518178,1651.3136452911967,2119826,-0.269541818479202,0
2021-11-30,1659.1461181640625,1714.8218771115444,1644.4789098878477,1664.2846713351212,2952368,-0.13213362108871474,0
2021-12-01,1689.528564453125,1701.2024563432658,1648.6696992407813,1690.2269566249222,2476360,1.8312097986090903,0
2021-12-02,1728.3917236328125,1731.135598500753,1683.8910864978955,1688.730259632579,2159661,2.3002368824860175,0
2021-12-03,1704.2955322265625,1741.1133693829413,1697.3111232949404,1730.1378696332495,1544077,-1.3941394810433105,0
2021-12-06,1641.9346923828125,1724.1012479476203,1636.3471897530962,1706.1912771206064,1574680,-3.659039096481065,1
2021-12-07,1674.71142578125,1682.943049996824,1650.3159336435522,1655.2050439009704,1476012,1.996226375536958,0
2021-12-08,1711.6790771484375,1722.554824003557,1675.3103107339923,1676.0586402634947,1406394,2.207404260703738,0
2021-12-09,1718.4139404296875,1735.376075420139,1702.7987741523236,1721.1578152075547,1306393,0.39346530381558775,0
2021-12-10,1736.523681640625,1784.0176391739365,1706.7900056016879,1706.7900056016879,2708578,1.0538637277587082,0
2021-12-13,1715.719970703125,1758.274875836348,1707.288718919901,1751.0909616361816,1104594,-1.1980090543795563,0
2021-12-14,1716.2686767578125,1724.0513519923334,1679.2513365390068,1708.1867428132975,1198653,0.03198109621949108,0
2021-12-15,1691.5240478515625,1723.1533926156428,1683.2924233645451,1716.1689839599917,866378,-1.4417689515254017,0
2021-12-16,1698.259033203125,1716.0193137704455,1683.2425056984791,1703.4973397561287,751885,0.3981607805172427,0
2021-12-17,1641.6353759765625,1698.2090360370428,1636.34713225661,1695.1657807607348,1215873,-3.3342179325708265,1
2021-12-20,1586.4085693359375,1625.371639870494,1551.735969897325,1625.371639870494,1945211,-3.3641335614963963,1
2021-12-21,1616.890625,1642.2340753856024,1599.3298502236153,1617.4892642472269,1563851,1.921450517430201,0
2021-12-22,1654.40673828125,1659.7447973786138,1623.376034507447,1627.6165680948204,993006,2.3202628985031115,0
2021-12-23,1672.46630859375,1680.4484890367191,1654.5064025970694,1670.9696497606933,979023,1.091604010949676,0
2021-12-24,1694.41748046875,1700.1546732568972,1654.5065741164212,1676.2580667978084,1234386,1.3125030837516372,0
2021-12-27,1726.3460693359375,1734.1287441799298,1682.2945073641115,1690.9750800914476,1672655,1.8843401484712308,0
2021-12-28,1747.0999755859375,1756.0799297722729,1724.2509566854658,1736.1244760248608,1552918,1.2021868974384287,0
2021-12-29,1714.22314453125,1751.0907908092686,1705.5923877838197,1747.099700687766,1100579,-1.881794488816324,0
2021-12-30,1692.6214599609375,1721.157731910024,1681.2468279816756,1710.1822333297282,1359574,-1.2601442606364643,0
2021-12-31,1705.642333984375,1721.1577467395668,1687.283415457884,1691.1746311856946,1310960,0.7692726537768202,0
2022-01-03,1713.3251953125,1729.1398662092615,1707.3883754337166,1709.1844147815725,1094708,0.45043800655311106,0
2022-01-04,1715.1712646484375,1724.1512189136126,1696.2135834219569,1721.9062303473188,1191189,0.10774774928823394,0
2022-01-05,1711.629150390625,1740.764186665351,1698.7579798422382,1718.1646103747778,1583598,-0.20651665118343043,0
2022-01-06,1709.2841796875,1720.0102349052381,1671.8677079977158,1706.19110905416,1615375,-0.13700226492343592,0
2022-01-07,1695.3153076171875,1726.944770387048,1685.7367155405332,1716.069025281944,1295933,-0.8172352050240361,0
2022-01-10,1748.6962890625,1762.0664666801185,1695.3154532938781,1703.7467051064768,1670551,3.1487347047164382,0
2022-01-11,1839.7928466796875,1845.879234932486,1733.1309357176908,1754.084159465573,5126019,5.209398463699233,0
2022-01-12,1826.0238037109375,1868.8282771303625,1804.2724318132489,1868.8282771303625,2518912,-0.7484018102146273,0
2022-01-13,1849.221923828125,1858.8504542983721,1803.9729583314315,1829.9150473339853,1881069,1.2704171802165432,0
2022-01-14,1866.084228515625,1886.239186568624,1827.0214063768287,1845.8793331126353,2357616,0.911859440460927,0
2022-01-17,1873.6175537109375,1897.1649641780725,1851.5168648845565,1871.8215141996932,1700525,0.40369695430655383,0
2022-01-18,1836.8494873046875,1904.2490776511627,1825.9738630004833,1880.8014206824425,2294146,-1.9624104360799866,0
2022-01-19,1845.1810302734375,1852.8638310419653,1807.2157318119332,1835.702189996163,1544606,0.4535778802962964,0
2022-01-20,1861.6939697265625,1876.1616723362313,1839.5932824148686,1850.8681614438376,1252017,0.894922459216807,0
2022-01-21,1824.277587890625,1868.8281607705462,1806.7168137294534,1856.7051987956131,1929667,-2.009803031237889,1
2022-01-24,1711.9783935546875,1823.3796145684876,1692.7712696835604,1817.9418022438228,2381112,-6.155817244117257,1
2022-01-25,1737.521484375,1746.651129361274,1664.2849404533956,1664.2849404533956,1817963,1.4920217986674311,0
2022-01-27,1682.2445068359375,1721.7064596154194,1650.814671743807,1714.1732281993716,3549583,-3.181369441250159,1
2022-01-28,1689.9273681640625,1740.2151305003194,1680.1990855197846,1698.7078155777492,1624750,0.45670301177416217,0
2022-01-31,1711.1302490234375,1730.1378677430996,1701.2024593437052,1705.1436128028731,1024738,1.2546622570181798,0
2022-02-01,1743.009033203125,1761.168446365349,1695.365390079721,1724.1011687693417,1574361,1.8630249916907982,0
2022-02-02,1775.38671875,1782.021931151204,1743.1087982761217,1751.0909793787027,1405276,1.8575741680107338,0
2022-02-03,1747.9478759765625,1783.0196066449007,1742.5100641160643,1768.0030805444476,588866,-1.5455135764875116,0
2022-02-04,1753.385986328125,1766.0576506956681,1729.8384535467774,1754.0843784875617,855996,0.31111398836902726,0
2022-02-07,1727.9427490234375,1761.56763909622,1718.2642810991663,1761.0687527639923,854871,-1.4510916308832722,0
2022-02-08,1712.1778564453125,1743.1088083974132,1673.3146606958308,1735.5257606656141,1480201,-0.9123503997475968,0
2022-02-09,1779.17822265625,1787.9087328405278,1714.273066795483,1720.7585886466607,1674022,3.913166261245693,0
2022-02-10,1782.1217041015625,1804.970722124402,1762.0664982154196,1794.992995633941,1747943,0.16544050550022504,0
2022-02-11,1760.370361328125,1770.9467272159343,1739.4669509203,1760.0709808092993,1196002,-1.2205307147865718,0
2022-02-14,1660.243896484375,1734.0292634411437,1649.3183337370674,1732.4328514221368,1919476,-5.6878067844887354,1
2022-02-15,1740.3648681640625,1747.4989666572542,1624.2241124560655,1632.3559835553426,2261554,4.825855517333721,0
2022-02-16,1734.2286376953125,1772.0442459062622,1726.1467035010323,1740.3649639200437,1663614,-0.3525829888317178,0
2022-02-17,1727.094482421875,1758.0753712532817,1720.1600113738125,1746.1020997123967,1075487,-0.4113733978536094,0
2022-02-18,1732.4326171875,1750.691782721,1721.157738068037,1735.1265544929367,945100,0.30908180299085153,0
2022-02-21,1681.446533203125,1734.9272482487063,1667.5775898818843,1734.9272482487063,1449291,-2.943034175098125,1
2022-02-22,1663.9854736328125,1675.1606008884844,1626.3694917755333,1632.4558808513275,1717579,-1.038454641614417,0
2022-02-23,1684.9384765625,1713.674375064606,1666.2801783743187,1678.253449117128,1285012,1.2592058802017636,0
2022-02-24,1540.510986328125,1644.9279152622566,1525.3948285895722,1622.3782784333823,2798065,-8.571677378335284,1
2022-02-25,1615.0943603515625,1634.4511719701402,1575.2833334794636,1590.449427354701,1741584,4.841469790566721,0
2022-02-28,1640.787109375,1647.4223215490447,1588.7034281831332,1600.177813125263,1869037,1.5907893466883705,0
2022-03-02,1638.143310546875,1660.543259530042,1611.901839129207,1634.351725468054,1249817,-0.16112991216343797,0
2022-03-03,1640.138916015625,1674.4622016131307,1631.3085296271452,1666.2805136785134,1333325,0.12182117742089993,0
2022-03-04,1611.40283203125,1651.8126244134578,1597.6335207223892,1618.187734780223,1433490,-1.7520518355959358,0
2022-03-07,1560.5662841796875,1588.4539796380122,1535.8714123228779,1586.4584344374618,1508821,-3.1548007016644397,1
2022-03-08,1598.03271484375,1603.819845161134,1549.940119938241,1571.392232758467,1396347,2.400822768239985,0
2022-03-09,1652.8603515625,1666.2304077913848,1604.4184401145487,1606.0148520136852,1498176,3.4309458254182745,0
2022-03-10,1738.9681396484375,1745.7031054269353,1674.5120470761292,1678.2536947308504,2294474,5.209622700704086,0
2022-03-11,1730.237548828125,1753.0865671477889,1717.3662571285397,1746.102158513734,1354129,-0.5020558238679085,0
2022-03-14,1732.233154296875,1748.546713527441,1718.613532627898,1728.142310600289,659190,0.11533708016575606,0
2022-03-15,1697.6103515625,1750.2926725567488,1682.8932054908876,1736.1243501427657,1085901,-1.9987380248722153,0
2022-03-16,1754.084228515625,1760.0708641078286,1714.8219011164397,1720.1599601598052,1269866,3.32666897920042,0
2022-03-17,1815.5970458984375,1819.5381991877402,1756.0798823445202,1771.6451114874353,2392329,3.5068337302631702,0
2022-03-21,1798.9342041015625,1837.7975230539766,1792.149422958823,1831.9605772375596,1081052,-0.9177610106007594,0
2022-03-22,1827.470458984375,1832.9082709490992,1786.0129586275925,1798.934065111706,964066,1.586286747883836,0
2022-03-23,1806.9661865234375,1843.9337102349032,1796.838770229347,1843.9337102349032,1553366,-1.1220029500412787,0
2022-03-24,1828.7177734375,1835.4527388684512,1796.1404718451408,1810.9573714335495,1030145,1.2037628084182295,0
2022-03-25,1862.841552734375,1873.8170519738385,1817.9417831183885,1831.4616513554593,1366115,1.8659948403482396,0
2022-03-28,1905.446533203125,1920.1138654088834,1846.9272600445208,1872.719660747775,1895438,2.287096312953296,0
2022-03-29,1912.979736328125,1926.599358236841,1881.3004526518084,1914.9752817565543,1715098,0.3953510630569257,0
2022-03-30,1990.8057861328125,2010.5117950420336,1913.0294604484427,1923.4061980808965,3215951,4.06831543098678,0
2022-03-31,2010.262451171875,2037.4517559463798,1986.565350680334,2000.5341678121897,2786973,0.9773261246571741,0
2022-04-01,2039.0980224609375,2044.4360815743746,2008.5662048995976,2013.5051306086325,1267111,1.4344182408746242,0
2022-04-04,2061.248779296875,2070.8771881775365,2027.4740767895707,2045.4339849501084,1334265,1.0863017173251999,0
2022-04-05,2135.083740234375,2184.9224315938213,2062.9946717520115,2073.3714090844474,4970260,3.5820499533630423,0
2022-04-06,2155.18896484375,2177.988167767061,2119.468654577434,2148.9528856630677,2259018,0.9416597686781047,0
2022-04-07,2094.374755859375,2210.016509999937,2076.6143537481903,2161.125649539319,3499044,-2.821757626658228,1
2022-04-08,2166.114501953125,2171.1533025925723,2100.5608870785904,2110.2891704886447,1924054,3.42535383856426,0
2022-04-11,2175.34375,2195.0996959832137,2153.6921335362576,2176.9902209300817,1615715,0.42607387737596536,0
2022-04-12,2192.056640625,2214.057576938553,2150.200125418018,2183.1266238582944,2632324,0.7682873396446022,0
2022-04-13,2194.551025390625,2212.211552729702,2168.6089362652256,2205.0775756589533,992512,0.11379198508820743,0
2022-04-18,2228.87451171875,2235.010716022667,2151.9461436526285,2174.9448517489254,1747434,1.5640322749850721,0
2022-04-19,2163.470703125,2249.977551853844,2135.333560286821,2239.999824351166,1639219,-2.9343872097723045,1
2022-04-20,2179.08544921875,2203.0319919282965,2157.084514384988,2173.1487508913738,1119025,0.7217452064959939,0
2022-04-21,2281.2578125,2288.441727543149,2198.9912548141915,2211.0644024649514,2243636,4.688772682956555,0
2022-04-22,2268.236572265625,2300.863688601448,2259.955010703504,2291.8837349165333,1786042,-0.5707921376981617,0
2022-04-25,2279.112060546875,2289.8880530452752,2237.604867704233,2254.916075672649,1683622,0.47946887085006384,0
2022-04-26,2389.965087890625,2408.5235146580653,2289.9883082690963,2291.883979032425,3199358,4.863869103353813,0
2022-04-27,2328.9013671875,2415.5577804217373,2319.821538137126,2399.5934171485355,2559876,-2.555004715864684,1
2022-04-28,2373.252197265625,2384.576770741752,2331.096302591946,2354.593897336524,1679893,1.9043670420308745,0
2022-04-29,2326.805908203125,2388.8173833179126,2296.373841221909,2383.678951413922,1916180,-1.9570734672030965,0
2022-05-02,2334.2890625,2357.038327130886,2305.8525426106007,2319.821359398376,1006544,0.3216062960169186,0
2022-05-04,2248.780029296875,2357.6368783828084,2228.076246975026,2353.4462820057047,1744686,-3.6631724226795503,1
2022-05-05,2250.37646484375,2298.6688099973708,2231.019771776026,2264.944043797665,1636796,0.07099118304487728,0
2022-05-06,2242.693603515625,2256.9618015551705,2195.0998954117485,2205.0776222090744,1161579,-0.3414033806409589,0
2022-05-09,2192.7548828125,2239.201246609651,2175.1442936535323,2224.534037936032,1450886,-2.2267295284938426,1
2022-05-10,2104.80126953125,2215.055140250948,2092.8279985028666,2185.1219626799893,1471866,-4.0111010113651036,1
2022-05-11,2114.57958984375,2152.9438988633688,2072.373758748334,2104.9012440229826,1397917,0.4645721405649672,0
2022-05-12,2040.6446533203125,2108.8924513557504,2006.5708134548,2098.315963421402,1553685,-3.4964366855021356,1
2022-05-13,2049.57470703125,2130.2447277674123,2030.7668376772228,2079.857206103593,1547617,0.4376094434867639,0
2022-05-16,2101.20947265625,2137.179227915307,2053.066938938085,2078.0112569267717,1742552,2.519291707097193,0
2022-05-17,2179.98388671875,2187.367307617956,2114.6794654603295,2128.299209633721,1061085,3.74900337579942,0
2022-05-18,2176.24169921875,2211.961759874629,2167.1618720215597,2194.8001215779805,1296983,-0.17166124588345877,0
2022-05-19,2110.0400390625,2149.950951256613,2092.9283328980246,2140.2226664092977,986930,-3.0420178135551645,1
2022-05-20,2214.606201171875,2227.427432797122,2146.2088413981887,2154.191022119335,1444803,4.955648242382837,0
2022-05-23,2165.815185546875,2239.9996822623193,2150.848595242227,2226.7791941598803,1455450,-2.2031463471556156,1
2022-05-24,2155.388671875,2174.046973806083,2137.7780800634496,2156.186938804018,1008943,-0.48141289900699435,0
2022-05-25,2069.530029296875,2176.5910825717137,2061.5977855072397,2163.171089247548,1382448,-3.98344130218683,1
2022-05-26,2041.842041015625,2083.3493602314325,1901.9542379057057,2072.3738607282976,4967514,-1.3378877276140289,0
2022-05-27,2075.5166015625,2089.635230181414,2043.1389290201348,2075.367033109421,1354005,1.6492245663687566,0
2022-05-30,2160.826416015625,2170.1556884830193,2097.318279168417,2115.2781883144835,1384584,4.110293041689084,0
2022-05-31,2162.72216796875,2220.8424251467973,2145.6102207702424,2155.1889357009827,2861556,0.08773272758395567,0
2022-06-01,2146.109130859375,2184.4237474097104,2121.2646889031503,2165.116748874889,1448212,-0.7681540123564812,0
2022-06-02,2204.478759765625,2213.059701855376,2137.5283621931144,2150.2000259235056,1855167,2.7197884798559446,0
2022-06-03,2185.1220703125,2237.2556904831977,2171.203190775767,2230.021838880565,1651685,-0.8780619621475916,0
2022-06-06,2220.093994140625,2225.0329198397376,2163.370523835127,2183.625356533303,1664487,1.6004562995935334,0
2022-06-07,2222.588623046875,2249.678054369775,2202.1342827296144,2205.077663470533,2046676,0.11236591391328155,0
2022-06-08,2172.350830078125,2239.9499353686497,2153.742465322506,2239.9499353686497,1530739,-2.260327999874334,1
2022-06-09,2214.257080078125,2219.046437655744,2150.200122818403,2155.488366735423,1440385,1.9290737674491076,0
2022-06-10,2198.193115234375,2210.066512830708,2166.164514381701,2185.1221955301357,1305761,-0.7254787616252423,0
2022-06-13,2075.117919921875,2167.661344406911,2062.146873902409,2167.661344406911,1764172,-5.5989255202165245,1
2022-06-14,2191.5576171875,2268.934932401017,2048.5270586139864,2268.934932401017,6515102,5.611232795387777,0
2022-06-15,2179.734130859375,2214.755803145417,2169.357149606719,2213.4586500392315,1313510,-0.539501505020823,0
2022-06-16,2078.3603515625,2212.3612621228854,2071.4258806259086,2200.0886102713935,2131789,-4.65074055875373,1
2022-06-17,2091.1318359375,2132.6390293863697,2055.5610970633425,2057.407073787477,2280135,0.6144980761107366,0
2022-06-20,2075.2177734375,2118.5709511633736,2020.4898400834081,2102.606586994813,2603594,-0.7610262646527644,0
2022-06-21,2156.984619140625,2172.1507122800876,2086.9907327590963,2095.3222304952615,1331500,3.9401573535909895,0
2022-06-22,2084.546630859375,2145.161321068263,2072.4737276096216,2145.161321068263,1774137,-3.3582987861132896,1
2022-06-23,2105.649658203125,2123.260248445337,2075.3671601345395,2100.3114769630797,1026783,1.0123557339204226,0
2022-06-24,2156.635498046875,2163.170957176528,2103.9033632608816,2116.2756458355243,1156536,2.421382856598253,0
2022-06-27,2176.740966796875,2206.075386024405,2164.5182515192637,2184.12438715849,1202504,0.9322608650468744,0
2022-06-28,2199.68994140625,2205.327260105767,2155.1891785220932,2165.166906200436,1282047,1.0542813756634128,0
2022-06-29,2215.155029296875,2242.7932813803886,2172.3504389350446,2180.1331138732703,1692493,0.703057626418846,0
2022-06-30,2186.02001953125,2243.4918220854506,2175.6432813241386,2215.0553013251947,1568415,-1.315258272233566,0
2022-07-01,2227.228271484375,2237.0064930995436,2133.487570860883,2185.022435673963,2141743,1.885081178806458,0
2022-07-04,2256.81201171875,2271.9281688952,2223.3866302264405,2227.2279085085083,1581159,1.3282760735907173,0
2022-07-05,2241.446533203125,2285.5979771480474,2233.01540223132,2258.9574935887886,1356776,-0.6808488450007366,0
2022-07-06,2267.78759765625,2271.9282565920707,2231.518465466915,2239.999532740096,1045463,1.1751814760213142,0
2022-07-07,2269.234130859375,2289.838036320968,2250.974844702928,2274.921385604023,946131,0.0637860972791282,0
2022-07-08,2287.9423828125,2298.4689318806045,2258.857166970448,2280.9080376515612,898576,0.8244302206947607,0
2022-07-11,2367.9638671875,2379.2886838477966,2285.9470066546537,2287.942551891934,1967308,3.4975305749016306,0
2022-07-12,2360.380615234375,2384.4769692892646,2344.915140186742,2359.133399504727,1273008,-0.3202435669819481,0
2022-07-13,2348.257568359375,2379.3380841581284,2328.501624227431,2368.2130182710757,982185,-0.5136055938078532,0
2022-07-14,2378.772216796875,2399.634163417571,2332.2567482633754,2360.7049902173694,933554,1.299459175546036,0
2022-07-15,2400.8818359375,2418.549642305044,2372.6831406396163,2410.115037052736,1169788,0.9294550770563736,0
2022-07-18,2419.19873046875,2437.415587644878,2401.68055332157,2419.5979065717906,937204,0.7629236165259901,0
2022-07-19,2446.84814453125,2454.833615410512,2400.632183078076,2402.57859286545,843301,1.1429161942864585,0
2022-07-20,2446.6484375,2468.308977467038,2439.5612349604658,2457.528543564921,693601,-0.008161807331452664,0
2022-07-21,2490.9677734375,2494.4114589470464,2446.7981385047774,2449.3435560369558,1314165,1.8114304964380379,0
2022-07-22,2494.860595703125,2509.484135197894,2478.590394046172,2500.949614614524,833522,0.15627750415465602,0
2022-07-25,2545.9677734375,2557.4966017124198,2495.4595741772628,2500.450493325617,1220351,2.048498333830606,0
2022-07-26,2555.05126953125,2563.93525242288,2528.399808250841,2550.3598539600866,865142,0.35677969644862806,0
2022-07-27,2544.0712890625,2567.8281149195723,2523.4089308130915,2555.3508160132574,953588,-0.42973620919803945,0
2022-07-28,2545.767822265625,2560.9901249538716,2527.0021621060814,2555.2505682025653,759442,0.06668575721202608,0
2022-07-29,2564.53369140625,2617.2378431659677,2555.3504494679164,2560.3413683145336,1107195,0.7371398513444927,0
2022-08-01,2655.31884765625,2664.5520488826846,2564.534069201728,2571.1721384639445,1267039,3.5400258750439173,0
2022-08-02,2678.77587890625,2692.101730222166,2635.2052531651902,2655.1689293255326,1096480,0.8833979117311985,0
2022-08-03,2706.4755859375,2712.0655129609554,2666.3486440177517,2680.1236298491594,815831,1.0340434692341471,0
2022-08-04,2718.653564453125,2738.916501151822,2679.3749334430872,2720.0509243298548,1223799,0.4499570799345154,0
2022-08-05,2693.4990234375,2762.6232504325562,2680.123458219869,2754.9872419690273,1639981,-0.9252573165086209,0
2022-08-08,2786.829345703125,2802.550741071912,2690.754151782759,2695.0963489349333,1581696,3.465021574298355,0
2022-08-10,2822.065185546875,2829.751152053613,2776.498192637685,2796.661456621991,1304663,1.2643702025772807,0
2022-08-11,2828.90283203125,2843.226623266472,2809.9872978616477,2835.8401606647813,978616,0.24229229428838206,0
2022-08-12,2859.34716796875,2865.9350341736467,2828.902565103904,2834.841709382362,843025,1.0761888175437884,0
2022-08-16,2970.445556640625,2980.577025406835,2865.785880757878,2873.7713516899794,1969492,3.8854459478174563,0
2022-08-17,3003.185791015625,3023.0497961677197,2974.5879207331077,2980.5770239292146,1510171,1.1021994428346726,0
2022-08-18,3147.92236328125,3180.213707919968,2998.5442494009994,2999.5424332390157,3502295,4.819434505138553,0
2022-08-19,3124.51513671875,3252.9813535113676,3069.664981177024,3172.2283749875887,6109949,-0.7435769965464245,0
2022-08-22,3046.057861328125,3186.0031850135274,3023.698397404252,3128.3081111231827,3473580,-2.5110224133213177,1
2022-08-23,3025.145751953125,3068.41711882072,2922.0832706524616,3027.142119629651,4169136,-0.6865302737841583,0
2022-08-24,3128.95703125,3147.2738030983387,2980.577093578065,3032.4826558238988,3475387,3.4316124844514073,0
2022-08-25,3060.781005859375,3172.028542111536,3050.150202125023,3161.2481082854224,3119494,-2.1788738135336105,1
2022-08-26,3133.84814453125,3167.1873875309134,3072.4098800296774,3074.406247723004,2897602,2.3872057011592673,0
2022-08-29,3136.892578125,3160.699116073729,3032.3328227162046,3049.4515777935053,1924984,0.09714681290677873,0
2022-08-30,3188.548828125,3257.173971027913,3155.2592976888363,3159.252033275915,4392183,1.646733151151647,0
2022-09-01,3227.377685546875,3239.1063448850564,3178.616310734359,3194.1880750792548,1880363,1.2177595362310223,0
2022-09-02,3349.705322265625,3363.2804760413187,3219.142829465979,3255.077447097227,4835905,3.790310544271547,0
2022-09-05,3340.47216796875,3425.567340060695,3306.9830515027975,3367.9721814135687,3686950,-0.2756407925049942,0
2022-09-06,3429.56005859375,3441.3386765503437,3348.9067562317928,3363.8795137112193,2580772,2.666925097573025,0
2022-09-07,3467.441162109375,3481.615324093773,3399.9141218792497,3429.560133597421,2188110,1.1045470226043408,0
2022-09-08,3456.510986328125,3495.1406514863015,3443.734184671638,3492.6451919321917,1560414,-0.31522310748023363,0
2022-09-09,3444.931884765625,3501.5788154640527,3408.947310005419,3472.6814431687917,1614634,-0.3349939175168237,0
2022-09-12,3457.509033203125,3489.1514103564878,3451.6196026703637,3458.7068050022112,1647756,0.36509135327520426,0
2022-09-13,3549.34228515625,3562.4183477508504,3415.0865534508503,3471.6835306422295,3479669,2.656052408576026,0
2022-09-14,3565.61279296875,3601.447497362166,3504.623659434192,3511.6109467073447,2740337,0.4584090940044083,0
2022-09-15,3741.891845703125,3761.1068853083266,3568.507355251739,3583.4801133856627,4716688,4.943864153785582,0
2022-09-16,3695.47607421875,3859.926857876403,3608.035318170555,3748.180228433909,5687429,-1.2404359451937408,0
2022-09-19,3771.787109375,3795.0448405988477,3674.0650130674826,3712.1955853968916,3092486,2.0649852312298433,0
2022-09-20,3827.585693359375,3877.944016729065,3805.076600198506,3812.063886715135,3338704,1.4793672698462768,0
2022-09-21,3633.4892578125,3855.784760295902,3564.7641998410445,3830.680289366043,6089846,-5.070988636090378,1
2022-09-22,3709.550537109375,3729.164751471961,3601.497139814742,3632.39087995538,3490772,2.093339869750066,0
2022-09-23,3667.626708984375,3731.1110511288866,3648.3617133046373,3725.2218643099604,3001474,-1.130159239120887,0
2022-09-26,3579.686767578125,3651.3564146142626,3525.5852532579484,3639.677712656335,3123908,-2.3977342402602853,1
2022-09-27,3552.63623046875,3622.9582338124533,3479.519263611537,3589.469116976632,3546332,-0.7556677124483824,0
2022-09-28,3542.304931640625,3590.4173443890495,3496.6380205810806,3521.5926167884822,2259832,-0.2908065492188583,0
2022-09-29,3464.396484375,3658.0941005362483,3437.3458494692345,3576.991666354225,15060223,-2.199371560865082,1
2022-09-30,3449.473876953125,3517.4003374198837,3364.977710615456,3441.687994099453,4307707,-0.4307419052403061,0
2022-10-03,3151.56591796875,3453.766078520225,3104.551361160463,3433.752443590665,7578847,-8.636330339382459,1
2022-10-04,3231.81982421875,3285.2226605541928,3119.3245523039077,3224.133857261319,5642467,2.5464771589396307,0
2022-10-06,3279.033935546875,3312.772598295905,3202.2237373029625,3264.061177850314,2845165,1.4609140947248855,0
2022-10-07,3271.6474609375,3304.936745879569,3222.2870749487724,3274.043004681547,1930275,-0.2252637439735139,0
2022-10-10,3240.354248046875,3272.795222420852,3208.512281447922,3228.126496167453,1590792,-0.9564970940254658,0
2022-10-11,3268.00390625,3331.937629394086,3243.099268394663,3251.633788893041,2544394,0.8532912171498097,0
2022-10-12,3217.795166015625,3291.012046512931,3139.288106242999,3291.012046512931,2972601,-1.5363733237390487,0
2022-10-13,3227.777099609375,3256.874304969896,3183.2082883164476,3212.1556198815706,1840193,0.31021034835196915,0
2022-10-14,3203.671142578125,3298.997702514629,3189.047846307597,3266.057634683167,1344415,-0.7468284298245753,0
2022-10-17,3206.765380859375,3229.1246005527855,3130.4043199807697,3205.1681892967526,1985298,0.09658414186544118,0
2022-10-18,3278.3349609375,3292.0100296651335,3220.2407150357917,3243.099025585815,1635079,2.2318308818384924,0
2022-10-19,3271.298095703125,3303.988617523028,3253.7299620706344,3294.0067787993935,1396513,-0.21464753657639557,0
2022-10-20,3351.003173828125,3358.8887289372265,3239.10666430945,3254.079422387922,2211287,2.4364969438185113,0
2022-10-21,3305.885009765625,3375.8577954349335,3281.030329271031,3368.7705925901078,1120790,-1.346407679195294,0
2022-10-24,3303.7890625,3334.034082874273,3281.429597317299,3318.9614087720825,248249,-0.06340048911058771,0
2022-10-25,3294.50537109375,3338.92454667735,3288.0171769073813,3315.916363169327,879424,-0.2810013360606267,0
2022-10-27,3318.96142578125,3348.9069424048403,3291.012276932566,3313.8208762397626,1106870,0.7423285723580753,0
2022-10-28,3317.264404296875,3381.796892075646,3291.6608425818795,3315.9667165653964,1323334,-0.05113109996376375,0
2022-10-31,3341.370361328125,3353.8976169403672,3320.059283105482,3333.883982718883,575722,0.7266818104708639,0
2022-11-01,3569.205810546875,3600.8981466020086,3345.9121403718827,3355.79406263932,4393335,6.818623037291505,0
2022-11-02,3574.19677734375,3618.5659996740396,3519.5961707960296,3573.498097404931,2534755,0.13983409928692847,0
2022-11-03,3583.879150390625,3608.135066365818,3536.016284152535,3543.5526208602882,1275216,0.2708964740903541,0
2022-11-04,3826.288330078125,3842.8083219109762,3560.2723280000396,3635.385664421713,6112097,6.763877059333279,0
2022-11-07,3953.4072265625,4006.4106450955423,3813.062473640198,3845.453492248819,5985652,3.322250847775998,0
2022-11-09,3989.9404296875,4040.6482179206137,3935.888871780917,3969.7771646912747,3732472,0.9240941049416085,0
2022-11-10,3984.99951171875,4022.6809524019195,3954.954080079238,3987.7445173314313,2313795,-0.123834379380372,0
2022-11-11,4001.569580078125,4041.5966078004953,3967.9305880679144,4032.6629107352205,1476875,0.41581105118451145,0
2022-11-14,4015.24462890625,4070.5938765012793,3982.753694762164,3991.737349712755,1803092,0.34174212279618477,0
2022-11-15,4050.430419921875,4057.6172948042235,4014.6953898407346,4017.7398992810786,1065546,0.8763050391081606,0
2022-11-16,3949.414306640625,4088.5610374378157,3856.5332509349714,4049.9313712971725,3059841,-2.493959969893733,1
2022-11-17,4010.8525390625,4025.6756674518006,3892.9172087929637,3962.790081771299,2266112,1.555628952844268,0
2022-11-18,4012.49951171875,4035.6573284305996,3976.7644809467,4021.034032424083,1440776,0.04106290720513606,0
2022-11-21,3994.58203125,4012.6490122356486,3914.826997540053,4012.6490122356486,1492003,-0.4465416236543063,0
2022-11-22,4026.673583984375,4048.633628319441,3980.7571276474187,3994.582071219066,1705043,0.8033769862108242,0
2022-11-23,3896.2109375,4054.4730302568105,3865.9659191375586,4042.644454559027,2861156,-3.239960820347465,1
2022-11-24,3913.978759765625,3927.85341768848,3814.060459717327,3902.8988216421744,2797181,0.45602824258343944,0
2022-11-25,3894.01513671875,3942.7263139162305,3838.316428834554,3921.8643688122324,2506346,-0.5100595652713924,0
2022-11-28,3879.092041015625,3917.871580765275,3864.3688293426853,3892.3179769252147,1119166,-0.3832315792100305,0
2022-11-29,3871.356201171875,3907.8898280780104,3857.0324089399155,3877.944312154041,1513444,-0.19942398277624784,0
2022-11-30,3910.7841796875,3932.7442231030186,3859.9767221732086,3890.720831694378,1968428,1.0184539077982446,0
2022-12-01,3907.98974609375,3937.7853882361555,3895.3625739871886,3930.3489671837247,945838,-0.07145455912049847,0
2022-12-02,3915.3759765625,3956.601016463711,3877.9440838611376,3897.907759968531,1297832,0.18900332264517594,0
2022-12-05,3923.261474609375,3931.8459526907336,3803.130201582634,3921.7641989228973,2392866,0.20139823337728124,0
2022-12-06,4024.4775390625,4049.6317223673395,3901.90051829774,3912.8805402218313,2962621,2.57989596431889,0
2022-12-07,3992.03662109375,4050.530047035535,3977.3134096711947,4023.678999614984,1257261,-0.806090173292584,0
2022-12-08,4017.68994140625,4037.653618133734,3996.0793588276383,4002.7171838606364,895075,0.6426123492191627,0
2022-12-09,3989.541259765625,4086.564681230279,3934.3416441302256,4036.655488738458,2129800,-0.7006185656719066,0
2022-12-12,4009.40478515625,4024.577130042225,3961.5419211102476,3989.740613210119,802499,0.4978899602053888,0
2022-12-13,4052.825927734375,4064.604545638489,4004.314339935511,4020.484869201799,1215308,1.0829822605809225,0
2022-12-14,4048.43408203125,4084.6182463654945,4032.6627285612926,4068.5973469346113,1114492,-0.10836502187450137,0
2022-12-15,4036.406005859375,4065.6528418561147,4017.690058382438,4048.434170177333,866138,-0.2971044094619457,0
2022-12-16,3973.5703125,4040.5483025101425,3936.8870560708397,4011.6009709061796,1598960,-1.5567238099477798,0
2022-12-19,4067.8984375,4096.546263458721,3964.2369537004056,3980.756944121194,1643404,2.373888407190483,0
2022-12-20,4157.73486328125,4164.422889821434,4059.0145811332595,4087.562735814663,3778426,2.2084235179789857,0
2022-12-21,3894.863525390625,4182.390439550738,3876.1975356528405,4167.417681413921,3585883,-6.322465153133139,1
2022-12-22,3861.52392578125,3940.829578669283,3810.11746091259,3940.829578669283,2879658,-0.8559889041563129,0
2022-12-23,3635.5849609375,3841.011234209235,3610.2311900824684,3815.0584555997134,3036157,-5.851031074423263,1
2022-12-26,3709.999755859375,3738.098533238208,3613.4254701583204,3646.3655365989903,2162662,2.0468451630597073,0
2022-12-27,3762.803466796875,3791.0021591664026,3688.339101483638,3725.671078150604,1804911,1.4232807119220148,0
2022-12-28,3790.802978515625,3818.053447942348,3738.1987353056456,3749.2287162280386,1377950,0.7441130520320582,0
2022-12-29,3803.679443359375,3818.053193196046,3741.2929532744724,3783.1167587485006,1531692,0.3396764463024615,0
2022-12-30,3851.342529296875,3890.920419149772,3815.108408927074,3822.744417452933,1528747,1.2530784112397386,0
2023-01-02,3834.2236328125,3866.964110781066,3815.6076020864148,3862.971375509222,923051,-0.4444916637290186,0
2023-01-03,3823.992431640625,3845.852804518233,3784.1150349445575,3834.9224962308126,799905,-0.2668389262514226,0
2023-01-04,3820.099609375,3867.9125190306995,3796.6922464796617,3832.027857822576,1028377,-0.10179994691973393,0
2023-01-05,3822.844482421875,3835.421452466635,3750.0767349670664,3820.0994768882633,997006,0.07185344173064045,0
2023-01-06,3817.304443359375,3861.224531091038,3790.153892410154,3822.0458164667702,912159,-0.14491928949696975,0
2023-01-09,3848.2978515625,3872.9529413932687,3804.3278087332724,3836.0201427253432,753981,0.8119186893002839,0
2023-01-10,3640.2763671875,3855.035755878332,3548.5433743423187,3851.9912465786238,3595798,-5.405545318965843,1
2023-01-11,3629.19677734375,3657.8446042055334,3553.6343109956356,3653.3527770206715,2226506,-0.30436122772486973,0
2023-01-12,3640.575927734375,3672.31822149791,3605.4399065100442,3635.88451258661,1199785,0.31354459647001676,0
2023-01-13,3714.3916015625,3729.2646866077316,3635.5850381956548,3644.568692520628,1364712,2.027582319209098,0
2023-01-16,3613.225830078125,3733.157518230443,3593.461741759006,3713.2437998176397,1863848,-2.723616202497836,1
2023-01-17,3632.740234375,3642.971618111982,3553.733842031588,3613.425280768252,1668381,0.5400826080237842,0
2023-01-18,3590.167724609375,3641.3746037135415,3520.6942764147534,3641.3746037135415,3652240,-1.1719117530832657,0
2023-01-19,3457.259521484375,3531.274752181504,3420.476351270679,3463.6977582032637,3696319,-3.702005402532016,1
2023-01-20,3449.873046875,3471.0347396440206,3434.700700957334,3443.734313620916,1510258,-0.21365114662272866,0
2023-01-23,3430.109130859375,3453.7160811606723,3406.352306763969,3436.7969138377844,974857,-0.5728882120322631,0
2023-01-24,3435.748779296875,3501.6289127755485,3423.7705732098434,3441.188832488623,1518123,0.1644160060903621,0
2023-01-25,3382.795166015625,3421.774294746274,3308.9795178191066,3415.7851915466013,3686439,-1.5412539356875476,0
2023-01-27,2756.4345703125,3340.4220437296804,2707.074430776899,3328.942930177345,14764368,-18.516066299127253,1
2023-01-30,2887.59619140625,3032.033342933424,2660.159908158534,2844.8239167924285,20947906,4.758379629482001,0
2023-01-31,2968.4990234375,3068.0181539194764,2900.7224336336294,2974.5880427488696,11568020,2.8017363463777922,0
2023-02-01,2131.471923828125,3005.2819449649764,1937.6743883828713,2989.5605497534184,13525314,-28.19698079738978,1
2023-02-02,1562.4072265625,2344.584166548576,1492.0352671485684,2344.584166548576,34474080,-26.69820281956069,1
2023-02-03,1583.918212890625,1676.8491067730283,1015.602190225961,1487.2939655818348,43885579,1.376784871601755,0
2023-02-06,1569.84375,1612.0669771502562,1432.5934655677027,1572.1396216790424,19308603,-0.8885852044683173,0
2023-02-07,1799.675537109375,1959.1354083422705,1522.8292686062116,1568.146840105659,19188072,14.640424380412064,0
2023-02-08,2160.3193359375,2218.114081730313,1837.5066636564054,1866.4539944833375,19173006,20.039378843110157,0
2023-02-09,1922.2025146484375,2164.0625006101295,1728.255473427092,2164.0625006101295,18279862,-11.022297367242162,1
2023-02-10,1843.5955810546875,1986.3858270610053,1730.0023340032808,1765.7872000356374,11334878,-4.089419974987751,1
2023-02-13,1714.530517578125,1918.2098594482443,1659.2311078133882,1846.640126006779,12210940,-7.000725365306348,1
2023-02-14,1746.522216796875,1885.5692745031201,1608.4235068481717,1731.8489630825375,14579030,1.8659159980389362,0
2023-02-15,1775.8687744140625,1821.0865492986948,1746.8216502004511,1776.7671642038874,7636578,1.6802853885826474,0
2023-02-16,1793.3370361328125,1871.544714473974,1786.7490472556703,1816.6945620141453,5578515,0.9836459748842286,0
2023-02-17,1719.5714111328125,1812.5522687800096,1700.1068244563692,1796.7310778255485,5392513,-4.113316321123306,1
2023-02-20,1618.505126953125,1681.939758266971,1557.6658710834472,1647.0033241189924,6762330,-5.877411285473011,1
2023-02-21,1568.24658203125,1641.4633411759517,1558.4644536620071,1623.0468983565534,5571915,-3.1052447153187557,1
2023-02-22,1402.298583984375,1557.166835628283,1378.6915111129792,1532.2122389034707,10606476,-10.581754167251756,1
2023-02-23,1380.138916015625,1435.388367400866,1347.5481891454583,1377.4937044598018,8907540,-1.5802389178620868,0
2023-02-24,1313.2606201171875,1424.4083685871103,1259.3087337308361,1407.439242962737,8736727,-4.845765532900915,1
2023-02-27,1191.3323974609375,1311.4139605820753,1128.995866207558,1297.6389750307656,10271008,-9.284388855379666,1
2023-02-28,1361.373046875,1395.4610504088596,1101.7454466300278,1142.92053127192,33948366,14.273149104017202,0
2023-03-01,1561.4591064453125,1577.1305447646016,1408.4374675081347,1421.4138580663246,20114340,14.6973718944712,0
2023-03-02,1604.3310546875,1643.0106803643646,1405.3431208976638,1497.1760386337035,26970925,2.745633751484289,0
2023-03-03,1876.08642578125,1902.4883381814263,1682.4387712978435,1685.782662611212,22888891,16.938858741139562,0
2023-03-06,1979.298583984375,2131.1223081230964,1851.6308578774442,1963.127934111001,27180456,5.501460742148101,0
2023-03-08,2035.9456787109375,2084.207842651659,1937.4748192465856,2036.2950186826556,13568243,2.861978237388052,0
2023-03-09,1949.602783203125,2065.092726110836,1901.8895471138928,2046.0772752999799,12627794,-4.240923341455782,1
2023-03-10,1892.756103515625,1936.4766034040895,1817.293431381559,1866.6037362709521,9419942,-2.915808295785416,1
2023-03-13,1870.9957275390625,1981.3948307677879,1854.026603043822,1913.5183327868258,7572604,-1.1496661369177263,0
2023-03-14,1735.0430908203125,1871.4449360511792,1648.3508492420628,1870.5965041623435,12679663,-7.2663253431139445,1
2023-03-15,1835.6600341796875,1888.0147264912084,1724.961424823273,1757.701902666085,12296703,5.7991034281347,0
2023-03-16,1840.451416015625,1871.5947031363687,1791.7399958025503,1857.6201293529505,6509495,0.26101684117552093,0
2023-03-17,1873.1419677734375,1915.3650718645226,1841.6492183089786,1897.5475143660533,5969594,1.7762246519163138,0
2023-03-20,1801.671875,1846.5901478431674,1774.17198329074,1833.6637158421902,5168139,-3.8155192720598974,1
2023-03-21,1820.936767578125,1857.6200216323919,1801.6717718115437,1833.61365289281,4094018,1.0692786431006018,0
2023-03-22,1812.10302734375,1846.640164978489,1802.8698265188575,1830.6692230111075,3248124,-0.4851206473316494,0
2023-03-23,1790.74169921875,1830.6690503718994,1776.7671263151476,1790.74169921875,4108804,-1.1788142176613614,0
2023-03-24,1737.48876953125,1819.689186470263,1692.1711976762003,1792.7382221067428,6187968,-2.973791793128666,1
2023-03-27,1719.920654296875,1754.2082436359242,1678.9451603537912,1737.4886648987506,5053055,-1.0111210813244398,0
2023-03-28,1597.942626953125,1729.8526499937511,1570.1432304905773,1724.8117727012352,8144878,-7.092072941796035,1
2023-03-29,1737.2392578125,1752.8109020486756,1588.2103550435154,1600.038809710965,9332702,8.717248573872682,0
2023-03-31,1747.2708740234375,1821.68552888815,1736.8399015152772,1784.7527263846641,4893249,0.5774458622106682,0
2023-04-03,1714.330810546875,1751.7627050551503,1692.4207237008106,1747.2708777141572,3445796,-1.8852293577533041,0
2023-04-05,1694.916259765625,1734.7936577739017,1668.5143443879938,1714.3308878532919,3690559,-1.1324856708989972,0
2023-04-06,1750.8643798828125,1790.392434822846,1685.084041712259,1701.9034147256023,6012473,3.300937128594428,0
2023-04-10,1793.98583984375,1809.4077308598141,1757.4023790960766,1770.7780664252678,4197975,2.462866939118591,0
2023-04-11,1799.8751220703125,1825.6781486256723,1789.5937803123654,1806.7126566497907,2883672,0.32827919238622716,0
2023-04-12,1843.89501953125,1855.3741332000059,1793.7862416470805,1810.705408271586,4809035,2.4457195347143523,0
2023-04-13,1867.352294921875,1881.5764136991766,1822.7335289704135,1851.6309004838051,3402280,1.2721589430068736,0
2023-04-17,1875.337890625,1901.4404224277732,1843.645553684298,1867.3524198997836,2983032,0.4276426962839919,0
2023-04-18,1847.5882568359375,1899.2942264423975,1826.6763549544542,1888.5637505867908,2542401,-1.4797138119901354,0
2023-04-19,1850.483154296875,1874.2898153716042,1831.6674126025343,1843.6456191154666,2455884,0.15668520571219258,0
2023-04-20,1839.552978515625,1875.4875958845828,1833.5139176905643,1851.630978317136,2016823,-0.5906660515049733,0
2023-04-21,1799.7254638671875,1849.8842018368637,1792.7881349172944,1842.6473689954676,2090833,-2.165064834423802,1
2023-04-24,1798.6773681640625,1814.0993819992011,1772.5749575533712,1800.723693828314,1963582,-0.05823642128577333,0
2023-04-25,1841.2498779296875,1910.2743144993472,1798.5276828948593,1802.7200062630025,5364841,2.3668786030859756,0
2023-04-26,1844.5440673828125,1870.5966430036947,1823.083113367562,1850.6329648499732,2422711,0.17891050490272953,0
2023-04-27,1849.6845703125,1861.56286025258,1829.2218020697394,1844.6436932986196,1782360,0.278686913508186,0
2023-04-28,1921.453857421875,1940.469307554795,1853.777068878666,1864.657296670377,6159130,3.8800824887266883,0
2023-05-02,1916.3631591796875,1962.429366282855,1904.5347054260872,1931.4856682387203,3813963,-0.2649399163307531,0
2023-05-03,1835.6600341796875,1936.476599406522,1782.107448182048,1915.5147393098534,5849432,-4.2112646871454995,1
2023-05-04,1907.77880859375,1931.4856741027631,1835.7099861857935,1835.7099861857935,4842127,3.9287652981065513,0
2023-05-05,1916.8123779296875,1951.4493066536106,1899.693501585997,1951.2497186353394,6137744,0.47351240590602917,0
2023-05-08,1884.072021484375,1923.4004896403148,1872.5929071812914,1916.8125005839204,2835197,-1.708062657685605,0
2023-05-09,1892.65625,1926.494704674628,1885.6689635063615,1896.5491911304628,2700563,0.455621038778653,0
2023-05-10,1888.7135009765625,1911.4221824197916,1880.5283207098382,1895.5510356348022,1970906,-0.20831828407495978,0
2023-05-11,1981.0455322265625,2010.0926568647935,1906.5310860890158,1921.5038433096101,8835941,4.888620280538025,0
2023-05-12,1961.1317138671875,2006.3494899166951,1943.014774907277,2005.3513060908658,3816201,-1.005217600273589,0
2023-05-15,1912.570068359375,1961.1316114715557,1876.5854945776332,1956.3404024669037,4836782,-2.4762052015391167,1
2023-05-16,1885.718994140625,1931.4856980688123,1877.583771611078,1923.5002274824813,3058799,-1.4039263012090908,0
2023-05-17,1896.0501708984375,1916.4629813297606,1854.3759963077507,1896.5492628097034,3632797,0.5478640661686018,0
2023-05-18,1886.5675048828125,1920.5057562934028,1873.7907026711437,1906.5811401158571,2437396,-0.5001273785456672,0
2023-05-19,1952.4974365234375,1979.3984407227128,1868.6998348723314,1884.5709813840049,7541150,3.4947030238772436,0
2023-05-22,2321.87548828125,2342.737432704158,1979.7978190120002,2006.3494843354738,26311368,18.918234915356248,0
2023-05-23,2628.91650390625,2754.43811095914,2395.6410093593267,2406.5211147979517,28432888,13.2238363846239,0
2023-05-24,2471.103759765625,2745.005280048694,2420.945026921099,2704.0797467825137,23465761,-6.002957640767004,1
2023-05-25,2532.841552734375,2554.152875337492,2382.3153799324837,2435.5685856257746,8434009,2.4983893422025227,0
2023-05-26,2539.729248046875,2595.228125457979,2530.545761409394,2560.341647653377,3963515,0.27193549888915314,0
2023-05-29,2529.447998046875,2578.8081438944514,2518.418017048849,2565.3326610446065,2779432,-0.40481677359531787,0
2023-05-30,2491.916015625,2549.51117484639,2470.654650948539,2524.7064524715424,1736953,-1.4838013056941879,0
2023-05-31,2488.82177734375,2568.3270227975545,2423.590365857933,2477.49229326993,4268439,-0.1241710499811477,0
2023-06-01,2487.623779296875,2555.3506508620917,2480.78636615646,2495.359704118821,1704946,-0.04813514803593266,0
2023-06-02,2440.609375,2534.288779412352,2420.5957408567715,2530.3959600296557,5543791,-1.8899322593774026,0
2023-06-05,2429.52978515625,2509.4344593824,2423.590639371705,2458.7266657994223,2956768,-0.45396817521239363,0
2023-06-06,2429.22998046875,2502.396903949247,2421.4940557860327,2470.5049793192975,6473608,-0.012340029306567857,0
2023-06-07,2435.119384765625,2462.4695239316575,2430.5775996490133,2448.544908393852,2522516,0.24243914097168417,0
2023-06-08,2424.738037109375,2471.403128928325,2364.747338016069,2445.5502664476203,3781621,-0.4263178109950916,0
2023-06-09,2446.6982421875,2454.4341670115273,2423.5903835791355,2443.5041026125086,1948506,0.9056733033439235,0
2023-06-12,2480.287109375,2500.45037302482,2428.181964712488,2455.532102850721,2804898,1.3728242661207535,0
2023-06-13,2458.07763671875,2500.4504915182065,2437.7644983207406,2494.46138854451,2210990,-0.8954395873083665,0
2023-06-14,2452.687255859375,2480.2871844759334,2447.8961685201707,2465.4140994607274,1364403,-0.2192925389683964,0
2023-06-15,2481.135498046875,2522.4104962056617,2458.426816294331,2464.5158350343404,3744029,1.1598805399888779,0
2023-06-16,2505.042236328125,2522.310621623012,2482.882360352473,2494.660978281598,7999982,0.9635402137476712,0
2023-06-19,2397.038818359375,2517.0207230214155,2345.732261272569,2499.452588181495,11475674,-4.311440996981386,1
2023-06-20,2410.414306640625,2430.5775708089186,2385.659299479801,2430.5775708089186,2479711,0.5580004870511246,0
2023-06-21,2401.580078125,2435.568282611539,2388.753563510713,2422.292390364422,7418013,-0.36650249259170264,0
2023-06-22,2392.896240234375,2445.5004805179146,2355.713891731411,2420.6957580034023,8459191,-0.3615885212291059,0
2023-06-23,2229.493408203125,2387.9550816892165,2159.3709983612484,2387.9550816892165,15213238,-6.828663495047548,1
2023-06-26,2291.430908203125,2332.206571628493,2169.1034305325707,2206.036232413036,7847341,2.778097471475327,0
2023-06-27,2280.301025390625,2339.5932917268565,2266.8755014771123,2324.720206287028,3361053,-0.48571758252260455,0
2023-06-28,2397.637451171875,2414.207399479009,2289.683972320936,2295.8227051187814,28353193,5.145655090040124,0
2023-06-30,2383.713134765625,2433.5224143905175,2345.732188254649,2433.5224143905175,5125497,-0.5807515393724039,0
2023-07-03,2381.16748046875,2413.458824224378,2368.88977085747,2400.632064777759,2662358,-0.10679365145694897,0
2023-07-04,2383.363525390625,2409.6158093353397,2368.7402294947183,2392.6466839174855,2308684,0.09222555489640794,0
2023-07-05,2394.79248046875,2407.669197245616,2369.688256277299,2386.657380269175,2198481,0.47953050201403613,0
2023-07-06,2398.53564453125,2423.1909782079165,2385.65917158609,2394.7924554544934,2476366,0.15630431835025327,0
2023-07-07,2376.428955078125,2406.738363263117,2364.944280400932,2391.808334945821,1823645,-0.9216744184531556,0
2023-07-10,2407.0380859375,2459.4181419799293,2351.8617124293382,2389.6113886785215,3771285,1.2880305465882813,0
2023-07-11,2419.671142578125,2441.691807480642,2384.8177478925754,2420.520107393061,2247776,0.5248382530559148,0
2023-07-12,2384.7177734375,2428.75910305436,2377.277750112664,2426.6618040001163,1445282,-1.44455039883572,0
2023-07-13,2358.90234375,2402.494077546756,2352.411005752322,2393.8057200667663,1247741,-1.0825360541632523,0
2023-07-14,2372.933349609375,2381.8213906058727,2336.881364368026,2371.8347181085737,1353535,0.5948107981897044,0
2023-07-17,2405.34033203125,2456.222385542391,2388.113319975708,2396.7017130301756,3090373,1.3656929060906764,0
2023-07-18,2413.67919921875,2506.655233906911,2401.9948391225603,2411.7818286395177,5978272,0.34668138543447746,0
2023-07-19,2420.52001953125,2439.744366256769,2413.6790505729427,2425.413392080727,1637260,0.28341878716584556,0
2023-07-20,2416.525146484375,2430.656190945154,2396.801467739436,2425.712836680992,1564275,-0.16504193374317078,0
2023-07-21,2413.080078125,2454.5747571988577,2392.1080628054615,2406.788424766082,2280563,-0.14256290129597282,0
2023-07-24,2414.977294921875,2436.1489936098683,2408.8355883525132,2426.7616182095676,1113193,0.0786222062862052,0
2023-07-25,2463.36279296875,2475.6964326259344,2412.780387746776,2424.764396295187,3017555,2.003559128635213,0
2023-07-26,2467.457275390625,2502.660298342166,2442.7402592757135,2469.1549610677885,4021773,0.1662151605748896,0
2023-07-27,2425.163818359375,2481.6884907657054,2411.7817727159672,2467.45748030558,2243944,-1.714050227052244,0
2023-07-28,2459.91748046875,2478.342845157434,2427.8604033540782,2433.7524434629395,2339800,1.4330438977473214,0
2023-07-31,2488.878662109375,2514.644327893738,2463.7122942469628,2473.6989675110362,3359974,1.1773232992801974,0
2023-08-01,2477.79345703125,2510.6495126338905,2451.9778106182816,2501.5118046545813,1575727,-0.4453895341257841,0
2023-08-02,2470.253662109375,2510.649707486265,2447.73366469723,2489.6776932232533,2506971,-0.30429473047800526,0
2023-08-03,2529.22509765625,2546.601812497771,2458.719083282161,2466.608458037906,4720470,2.3872623468360166,0
2023-08-04,2538.41259765625,2554.4909949335356,2498.6655902631132,2541.907933214172,3294056,0.3632535517899882,0
2023-08-07,2547.10107421875,2565.5764201795605,2513.0464200837964,2547.5504257628504,4684333,0.34227991818676085,0
2023-08-08,2471.25244140625,2559.834190233645,2458.0200984741928,2559.834190233645,6127920,-2.9778414991153968,1
2023-08-09,2503.75927734375,2513.5460233637523,2468.7059520997104,2485.0342625371686,5781400,1.3153992442391793,0
2023-08-10,2548.99853515625,2574.065184038077,2506.6551355715123,2506.6551355715123,8140756,1.8068533273891463,0
2023-08-11,2536.11572265625,2564.7274445647163,2514.844059444455,2546.6517119091736,7157372,-0.5054068224174313,0
2023-08-14,2452.726806640625,2481.6381752441243,2396.8514218403434,2476.6948210377645,9786919,-3.2880564270263646,1
2023-08-16,2441.841796875,2461.715180931251,2416.775147202283,2446.7351696882615,7084828,-0.4437921800403699,0
2023-08-17,2476.395263671875,2483.8852684479616,2438.795537222024,2451.678247910789,7769452,1.4150575537324128,0
2023-08-18,2573.965087890625,2662.3971290369527,2458.0199567580103,2474.1983187979954,14679923,3.9399939763282488,0
2023-08-21,2636.232177734375,2651.4618550562614,2577.061136336227,2584.5511415764986,10479200,2.419111670810503,0
2023-08-22,2694.454345703125,2717.3737113744887,2650.5629668237993,2665.2933094341533,10291468,2.2085371865382175,0
2023-08-23,2526.927978515625,2718.771825154368,2485.533266701575,2716.37512110303,5251316,-6.217450574163785,1
2023-08-24,2536.165771484375,2609.5178411414654,2527.727080960157,2576.561817889392,4558367,0.3655740506770089,0
2023-08-25,2492.424072265625,2545.6031093679567,2482.68706547224,2545.6031093679567,2808721,-1.7247176706887246,0
2023-08-28,2469.155029296875,2578.5590857452066,2452.377369131606,2546.6017306933686,4457038,-0.9335908454614739,0
2023-08-29,2503.10986328125,2533.269570086323,2441.741800134984,2468.8057842801804,4802150,1.3751600681810583,0
2023-08-30,2509.751220703125,2539.611279391641,2489.078609809993,2513.645926161526,6484593,0.2653242480203932,0
2023-08-31,2416.02587890625,2486.6316086442507,2380.5731895598938,2446.6849164230043,6230369,-3.7344475031520163,1
2023-09-01,2446.784912109375,2462.2642555439447,2376.82821769525,2377.826885013609,6764397,1.2731251544809474,0
2023-09-04,2467.3076171875,2476.694992617281,2446.784954675138,2450.729641888229,5998454,0.8387621231664477,0
2023-09-05,2490.726318359375,2498.066376990538,2460.7163161465633,2478.6923281963354,6489319,0.9491601699252339,0
2023-09-06,2493.173095703125,2500.663100997647,2467.707077701751,2490.726409403303,7416248,0.09823549563492406,0
2023-09-07,2506.15576171875,2516.641769089958,2481.688411185931,2494.6710869788553,4298988,0.5207286264238942,0
2023-09-08,2515.942626953125,2535.2169549838586,2502.7602670978677,2510.449956695496,5640973,0.3905130472681817,0
2023-09-11,2611.465087890625,2626.7447468147907,2542.6070241955927,2561.581703480634,9148241,3.796686773147151,0
2023-09-12,2532.32080078125,2623.099810983172,2526.6284455365744,2618.955195109431,5658774,-3.030646952791649,1
2023-09-13,2515.543212890625,2563.5292301579984,2492.6738269880416,2542.307547937047,1780068,-0.662538011986824,0
2023-09-14,2516.44189453125,2541.6082615604673,2502.71021924777,2538.4625571125366,1218481,0.03572515216672123,0
2023-09-15,2536.6650390625,2554.591069146664,2510.849390661708,2516.44202532121,1547001,0.8036404327554258,0
2023-09-18,2499.114990234375,2551.5950067487574,2487.6802981648357,2548.599004783886,861677,-1.4802919679928528,0
2023-09-20,2467.0078125,2530.273237936038,2455.622859302133,2499.0648856643384,1203019,-1.2847419130307403,0
2023-09-21,2475.946044921875,2500.4633773000683,2457.720365656039,2476.4953607312973,1279908,0.3623106654379482,0
2023-09-22,2461.614990234375,2494.670976196065,2456.721617871225,2486.631655472092,865589,-0.5788112675917501,0
2023-09-25,2478.792236328125,2485.6829432650693,2420.7695678885207,2476.644955314974,1216898,0.6978039279860848,0
2023-09-26,2454.67431640625,2495.6696590891142,2449.3315924768717,2487.6803204445714,698863,-0.972970609170587,0
2023-09-27,2479.99072265625,2494.671084196513,2441.8416779780296,2456.721724228752,1077373,1.0313549981271875,0
2023-09-28,2471.951416015625,2507.65377461478,2443.439413741916,2486.6317776415926,2225560,-0.3241668030118383,0
2023-09-29,2410.68310546875,2476.2457656468996,2401.8450453920764,2458.769086392411,1689201,-2.4785402395015255,1
2023-10-03,2384.068603515625,2421.6683312790196,2368.8389266055347,2414.7776241703973,2019899,-1.104023249374786,0
2023-10-04,2461.6650390625,2499.4147137083537,2389.0619713790065,2398.9986627623507,2857377,3.254790379456729,0
2023-10-05,2463.063232421875,2483.186281313817,2443.1396244148245,2474.6476269986897,1132455,0.05679868451589076,0
2023-10-06,2474.7978515625,2511.598600005678,2462.7638602885913,2463.0635092801353,1510035,0.4764237875081623,0
2023-10-09,2439.34521484375,2456.422281977209,2408.086874845105,2436.7485819434296,1408224,-1.432546771299581,0
2023-10-10,2494.970947265625,2514.594665196247,2439.7445883367764,2439.7445883367764,1771910,2.2803550757549473,0
2023-10-11,2485.283447265625,2534.6175125126233,2479.191479437584,2530.522879209809,1627836,-0.3882810743995657,0
2023-10-12,2503.010009765625,2518.3893894268563,2487.3307373211205,2496.5684103070225,1804818,0.7132611984159487,0
2023-10-13,2451.279052734375,2491.6750992680704,2419.1220120399425,2485.5831307577773,2278682,-2.066749906289589,1
2023-10-16,2426.112548828125,2461.4152922640073,2418.6225439359664,2451.2789165027248,803856,-1.0266682562385943,0
2023-10-17,2425.163818359375,2458.7191405493627,2420.2704456220067,2456.6718236148495,707543,-0.039104965233716094,0
2023-10-18,2403.143310546875,2438.496037730776,2397.8503247509652,2436.7483698425694,776977,-0.9080008387803207,0
2023-10-19,2398.998779296875,2411.4821217957297,2379.3750624147883,2396.801759780133,1168822,-0.17246292519511597,0
2023-10-20,2390.56005859375,2440.693112678279,2378.8756989242015,2394.854377122635,1240350,-0.351760108256427,0
2023-10-23,2305.5732421875,2409.1352397339424,2298.7325172415062,2394.604581267022,1483549,-3.555100659392918,1
2023-10-25,2253.9921875,2344.920897615236,2232.3211549742855,2316.908229951263,1540819,-2.2372334022475293,1
2023-10-26,2200.263671875,2246.0026814247344,2164.161947732134,2246.0026814247344,2226073,-2.383704607449977,1
2023-10-27,2258.685791015625,2271.968114912009,2209.052074806753,2219.038747839333,1244293,2.655232638133742,0
2023-10-30,2296.036376953125,2301.928417241206,2247.0017088037803,2257.038365199495,996448,1.6536424006415418,0
2023-10-31,2291.592041015625,2316.9083570116713,2272.9669916200705,2316.9083570116713,1155280,-0.1935655716133633,0
2023-11-01,2214.34521484375,2309.168633143953,2204.05889213913,2295.936290452134,1666579,-3.370880365671003,1
2023-11-02,2212.347900390625,2294.8876619973707,2201.262594922896,2244.0056076410183,2340997,-0.09019887412929917,0
2023-11-03,2226.87841796875,2275.962819153211,2212.048110761019,2212.34775971966,1853300,0.6567917087343833,0
2023-11-06,2243.0068359375,2256.988178637021,2230.0241605736587,2250.9461924931034,770061,0.7242612725782083,0
2023-11-07,2230.373779296875,2256.9881661190307,2223.6825131327164,2253.992164128607,641554,-0.5632197119606608,0
2023-11-08,2256.938232421875,2294.93757391224,2232.02153076321,2242.307853247455,1169180,1.1910314482523443,0
2023-11-09,2211.69873046875,2269.571703197953,2207.154988705966,2265.9764029170983,1267890,-2.004463449785221,1
2023-11-10,2202.161376953125,2234.018766531334,2195.5700751985423,2217.2910891333013,1072597,-0.4312229954395064,0
2023-11-13,2210.69970703125,2238.912057438381,2192.6239757144162,2212.547339008791,853633,0.387724994520533,0
2023-11-15,2222.434326171875,2247.001641646658,2217.5409534561795,2237.014967683784,696475,0.5308101821021927,0
2023-11-16,2202.96044921875,2229.824750142063,2193.1737031775115,2223.033762661081,1307584,-0.8762408285273637,0
2023-11-17,2205.8564453125,2234.967500430099,2198.066791382349,2202.9601637689066,916518,0.13145928674194174,0
2023-11-20,2146.98486328125,2215.54327177608,2139.1452279217324,2208.053267476634,1577213,-2.668876397480602,1
2023-11-21,2193.72265625,2229.5749623555103,2155.473889715436,2157.121593406508,1839502,2.1769037019348403,0
2023-11-22,2169.75439453125,2222.034724795807,2150.630013414728,2202.2110815226492,1247205,-1.0925839531475634,0
2023-11-23,2172.351318359375,2187.0816628925554,2157.720938094908,2187.0816628925554,729114,0.11968745562493943,0
2023-11-24,2222.484130859375,2248.9488147480242,2158.0201068128395,2176.0960827685503,1946259,2.307767260125404,0
2023-11-28,2420.270263671875,2509.0516913945535,2271.968165815356,2297.9335162818174,11972275,8.899327111776568,0
2023-11-29,2393.40625,2474.348043038417,2386.814948014939,2465.410019088193,4561574,-1.1099592502169076,0
2023-11-30,2355.40673828125,2405.7894532866985,2339.927395597172,2396.851429983781,2983879,-1.5876749598506268,0
2023-12-01,2359.551513671875,2400.1474914305477,2350.9631199699643,2366.841834752949,1792983,0.17596856301980157,0
2023-12-04,2527.826904296875,2591.5419339406303,2484.1352050252362,2546.5519182704343,5681516,7.131668439954253,0
2023-12-05,2955.406494140625,2995.9022625204743,2527.8268967184335,2527.8268967184335,22879079,16.914907785692822,0
2023-12-06,2880.1064453125,3150.345908048416,2841.0587010632053,3075.8952137702445,19355777,-2.547874513283177,1
2023-12-07,2883.302490234375,2941.974200062728,2849.2480781380673,2896.135463867626,6325887,0.11096968055039902,0
2023-12-08,2818.388916015625,2923.0992833962223,2756.321838802041,2898.8316184437163,6959428,-2.2513619170589805,1
2023-12-11,2851.994140625,2916.0085686366883,2807.3037786911036,2833.269128641524,5064123,1.1923558320291239,0
2023-12-12,2853.841796875,2892.0908070418545,2836.764730631404,2865.2767336523825,2017772,0.06478471409465669,0
2023-12-13,2871.21875,2895.236749673388,2801.262050040739,2856.188756904283,2805832,0.6088968612075085,0
2023-12-14,2890.193359375,2929.0414226556495,2883.1527056328273,2897.0840667220677,3224681,0.6608555817978035,0
2023-12-15,2987.81298828125,2996.0020116834644,2890.0433096774855,2908.169268137331,4921484,3.377615846690629,0
2023-12-18,2976.628173828125,3023.7152445894835,2957.1541593720126,2989.960237435831,2315922,-0.3743478757537333,0
2023-12-19,2937.33056640625,2990.3599042472565,2911.1155464765725,2984.817251270495,1741493,-1.320205451503731,0
2023-12-20,2780.14013671875,2964.0446275207955,2762.5135121021844,2942.073946319496,3417739,-5.351472234186383,1
2023-12-21,2796.018798828125,2818.1891643284835,2721.368417468217,2746.3351001972833,2678577,0.571146105178566,0
2023-12-22,2804.607666015625,2843.805361125997,2787.6800586800678,2812.197391900694,1513956,0.3071820257825042,0
2023-12-26,2861.63134765625,2889.893682803177,2796.3685817480277,2813.2459626631703,2048484,2.033214211442136,0
2023-12-27,2839.56103515625,2890.942423866973,2829.824028054805,2876.861116071078,1698325,-0.7712493266498588,0
2023-12-28,2806.1552734375,2863.5289074241473,2796.3685285148254,2851.1952681949892,4102912,-1.1764410521611368,0
2023-12-29,2845.153076171875,2859.484049053042,2799.1146612158304,2820.136412241967,1507086,1.3897236230482557,0
2024-01-01,2913.3125,2943.072837379929,2838.2627421718207,2848.4990830551405,2898619,2.3956329238999263,0
2024-01-02,2928.4921875,2944.2711811898785,2837.2140846266498,2918.106144061623,2671368,0.5210456310471345,0
2024-01-03,2998.998291015625,3194.7371072124492,2951.6615523798564,3042.939657916953,19725411,2.4075906303105077,0
2024-01-04,2994.30419921875,3040.392597354699,2986.0152119075938,3035.349278752138,2975620,-0.15652198972362363,0
2024-01-05,3002.59326171875,3062.8127060601455,2977.1272450597626,3005.938650951459,3219949,0.2768276684166793,0
2024-01-08,2959.55078125,3022.966159893285,2949.014791625737,3015.9754882318207,1849061,-1.4335101932557937,0
2024-01-09,3010.58251953125,3064.71023805828,2976.0285336612947,2986.714224935215,2885706,1.7243068983494814,0
2024-01-10,3094.0712890625,3107.8529479417507,3016.025529300166,3019.97021676602,3590297,2.7731765859136503,0
2024-01-11,3076.794189453125,3124.830187269313,3060.9154758646355,3115.8421809780302,2008103,-0.5583937147941365,0
2024-01-12,3099.963623046875,3120.8356745118954,3064.11131652891,3092.2239505740854,1795933,0.7530381353803905,0
2024-01-15,3085.382568359375,3125.8285932885074,3063.3619060237966,3122.832591441905,1407007,-0.47036212228738217,0
2024-01-16,3052.4267578125,3100.3627906523498,3030.955409769651,3090.875450819463,2515564,-1.0681272035707012,0
2024-01-17,2967.090576171875,3040.941975382395,2942.373560115811,3028.9579675976365,2897218,-2.795683186245579,1
2024-01-18,2915.009765625,2981.0217689903843,2881.255007313087,2971.5844121531127,2552342,-1.755282126037061,0
2024-01-19,2911.764404296875,2945.5194099860414,2899.1813417910985,2941.4250200800266,2014096,-0.11133277721384616,0
2024-01-23,2892.68994140625,3010.9320573026466,2881.654618501991,3010.9320573026466,1827002,-0.6550826317705094,0
2024-01-24,2899.580810546875,2925.1967756175977,2867.4237690656432,2897.134124182649,5807940,0.23821665232723888,0
2024-01-25,2889.744140625,2922.45049859137,2800.6628118139847,2899.580868411209,2601969,-0.339244551698481,0
2024-01-29,3060.56591796875,3088.5785870096943,2919.1547618925347,2925.0967840975154,4402976,5.91131148748707,0
2024-01-30,3086.98095703125,3125.7290578441807,3016.874309150816,3076.894318571163,3115506,0.8630769527758098,0
2024-01-31,3137.812744140625,3147.4997684578275,3068.3054005953627,3088.6283782434493,2671051,1.6466504917561853,0
2024-02-01,3149.29736328125,3232.6361015693537,3078.941300028078,3152.6927346104353,4686595,0.36600715457195676,0
2024-02-02,3153.241943359375,3204.22395658674,3135.815248147846,3180.7052934625804,2708695,0.12525270316217085,0
2024-02-05,3169.220947265625,3225.096338395369,3147.2502649127814,3165.775593568803,2191195,0.5067484256925159,0
2024-02-06,3199.48046875,3223.8978362837665,3155.7887729223567,3179.656824659808,2078891,0.9547936855107242,0
2024-02-07,3225.5458984375,3273.5816525845275,3205.722253641984,3215.758909460834,2095911,0.8146769434002277,0
2024-02-08,3164.377685546875,3241.2750769113886,3141.9076685897116,3241.2750769113886,1679004,-1.8963677720492456,0
2024-02-09,3210.915283203125,3220.6522900725795,3117.040550307871,3180.2062615379223,1572789,1.4706714014830702,0
2024-02-12,3165.52587890625,3237.629613866527,3155.7888721015065,3224.696920258153,1083138,-1.4135970679237553,0
2024-02-13,3174.21435546875,3189.7436823345943,3087.9295894526877,3175.762338705075,1225207,0.2744718222143172,0
2024-02-14,3202.92578125,3250.911794758665,3165.6257031219134,3179.7567481795836,1741264,0.904520696019917,0
2024-02-15,3189.5439453125,3248.415338938319,3179.8069383016173,3215.5592794738627,2035204,-0.417800375389199,0
2024-02-16,3219.30419921875,3247.965903687665,3188.3952493745633,3209.7168950366504,2193673,0.9330567133269074,0
2024-02-19,3254.457275390625,3304.190959199112,3231.4879258716505,3235.682280064234,1779444,1.091946395758625,0
2024-02-20,3224.297607421875,3265.442654801948,3205.8719991696344,3262.6463373689708,1467630,-0.9267188171991014,0
2024-02-21,3218.904541015625,3295.602241955088,3200.7288440806237,3233.6848665001744,1657021,-0.16726329461138612,0
2024-02-22,3258.701416015625,3269.6367743016267,3206.2214000902177,3234.6834184370705,1138722,1.2363484065123442,0
2024-02-23,3268.937744140625,3315.5254764771557,3220.802028715488,3258.7014042458336,1975035,0.3141229225448905,0
2024-02-26,3323.3154296875,3339.5437748854333,3258.6517157449666,3267.63972231613,1695378,1.6634665387661007,0
2024-02-27,3297.899169921875,3335.5488794689954,3268.638168413779,3334.5502121398135,1125570,-0.7647862594859056,0
2024-02-28,3214.710205078125,3314.3772555394694,3203.2255305337326,3304.7899514371725,1358879,-2.522483573860168,1
2024-02-29,3281.021728515625,3300.3460399377336,3201.0785994141256,3215.7589612077186,1352988,2.0627527586390526,0
2024-03-01,3314.3271484375,3341.5408327448213,3277.426439947139,3305.439106868737,1161067,1.0150929398734299,0
2024-03-04,3312.729248046875,3345.535567480967,3305.638856267643,3330.5555574773207,1061244,-0.048211909056061764,0
2024-03-05,3305.78857421875,3329.5569056314826,3290.658861570797,3320.8685485520064,1190416,-0.20951527602858233,0
2024-03-06,3229.64013671875,3318.571510492132,3178.9077880059526,3318.571510492132,1935203,-2.3034878302220507,1
2024-03-07,3222.250244140625,3257.6529535639097,3215.7089241188805,3235.6822714736563,856328,-0.22881473679086106,0
2024-03-11,3203.075927734375,3254.6570005296367,3195.7356249447184,3236.880672352826,738851,-0.5950598170057386,0
2024-03-12,3118.338623046875,3218.4050370634222,3106.8539491749652,3203.07564040181,1199487,-2.645497846422795,1
2024-03-13,2902.3271484375,3133.8682825994088,2846.3517919175474,3120.835624269403,3407040,-6.927133346355885,1
2024-03-14,3083.33544921875,3097.067125228807,2876.1619570155294,2923.5486738289983,3759100,6.236660842272657,0
2024-03-15,3128.02587890625,3139.2109046562837,3057.170477963623,3106.854179483816,2199094,1.4494183465773691,0
2024-03-18,3107.603271484375,3119.836947093175,2972.084154523826,3046.035524007833,3042515,-0.6528912551393651,0
2024-03-19,3048.6318359375,3160.58254579857,3037.796441246877,3121.8342030248423,1460452,-1.897650066467682,0
2024-03-20,3047.38330078125,3079.09098773271,3017.0738943467272,3070.901964590188,966481,-0.040953949950017776,0
2024-03-21,3062.41357421875,3102.9595680805164,3055.5228667025967,3085.4329064925655,1175751,0.4932189998431369,0
2024-03-22,3103.558349609375,3124.7800299406213,3043.987942111534,3062.4632873410897,951557,1.3435407855100445,0
2024-03-26,3105.805419921875,3167.7227944965357,3084.9833523419757,3096.368062398952,937103,0.07240303095261691,0
2024-03-27,3117.939453125,3134.2675181244053,3102.110477988871,3110.848817363488,900231,0.39068877674346414,0
2024-03-28,3192.839599609375,3232.6863308134,3092.6232298258874,3129.823589981216,2327053,2.402232230946799,0
2024-04-01,3247.76611328125,3287.413157419854,3203.5750840394785,3225.8951525198922,1292646,1.72030294533414,0
2024-04-02,3264.39404296875,3280.6223881154397,3235.6823554015295,3254.6070537479977,868829,0.5119805154534474,0
2024-04-03,3229.140869140625,3255.8052384165167,3217.706176834543,3245.668862418456,1153109,-1.0799300992494376,0
2024-04-04,3206.521240234375,3268.638301882904,3197.4332696416177,3245.6689523737973,1403826,-0.7004844267531118,0
2024-04-05,3220.502685546875,3229.690376878835,3174.713687655921,3206.8209909075695,755607,0.4360315826717587,0
2024-04-08,3220.252685546875,3239.1773820869057,3192.939037411838,3236.630731713149,577440,-0.007762763282948004,0
2024-04-09,3194.1875,3246.6675174002057,3180.7554730604907,3236.3811950508025,833679,-0.8094142942217109,0
2024-04-10,3237.6796875,3250.2629941755577,3188.245651555753,3195.735657001851,1441138,1.3616040855460199,0
2024-04-12,3205.6220703125,3243.172058336978,3201.0283470194076,3205.7220345686524,705173,-0.9901417151075065,0
2024-04-15,3143.25537109375,3176.061689701141,3099.064342696583,3145.802021493249,1035378,-1.9455412350798507,0
2024-04-16,3102.26025390625,3145.003266563622,3095.868880195828,3096.8675475765363,1134184,-1.3042248353252628,0
2024-04-18,3015.276611328125,3140.809058148291,3004.2912696303088,3120.985412194753,1703646,-2.8038796058002746,1
2024-04-19,3022.916015625,3052.9759996831203,2958.5519551857833,2996.00197993497,1727317,0.25335666612391616,0
2024-04-22,3059.267578125,3073.398622926895,3020.968589554462,3048.9312740197597,993929,1.2025329950320796,0
2024-04-23,3061.015380859375,3086.880767604035,3039.0446992394172,3054.9234125204607,1654272,0.057131411023747525,0
2024-04-24,3039.494140625,3083.735154139574,3035.948822677568,3067.856196573903,605917,-0.7030752072971547,0
2024-04-25,3111.098388671875,3116.740761540118,3021.6176986973296,3045.935345622091,1515529,2.355794903166064,0
2024-04-26,3076.294921875,3125.7289575393147,3061.9641911584526,3115.742283667736,662764,-1.1186874360387122,0
2024-04-29,3077.093994140625,3106.354998199372,3047.433620641499,3105.855664491254,648544,0.025975151470136737,0
2024-04-30,3050.629150390625,3104.3075212468502,3040.9421257154404,3089.876826589022,804552,-0.8600596471994071,0
2024-05-02,3035.54931640625,3115.6923697077145,3011.0319846705993,3067.856058270391,2219085,-0.49431881887197493,0
2024-05-03,2989.260986328125,3040.942020669553,2971.1352718098465,3025.962010715516,1472168,-1.524874915652008,0
2024-05-06,2870.81884765625,2996.201575551594,2846.201796312492,2989.260886600831,2377944,-3.962254858762404,1
2024-05-07,2832.170654296875,2901.4783154549045,2818.239293370871,2886.0986918029084,1262311,-1.3462428460412124,0
2024-05-08,2856.738037109375,2887.0474459569155,2816.242025881953,2846.2020474338883,951411,0.8674400596315524,0
2024-05-09,2762.962890625,2879.806969064152,2752.327181011133,2860.982236049227,1485510,-3.282595228061669,1
2024-05-10,2793.522216796875,2805.256558041799,2756.77120992206,2791.225233151836,2354794,1.1060346223094708,0
2024-05-13,2875.762451171875,2886.1484935533686,2786.7810973220326,2799.2644385571252,3784373,2.9439620662583765,0
2024-05-14,3033.501953125,3041.9406431783814,2870.71918068965,2891.0918964008524,5725807,5.48513671179085,0
2024-05-15,3045.685791015625,3114.6938033410393,3033.55208007847,3042.68978892593,1688836,0.40164265851465597,0
2024-05-16,3037.596435546875,3072.8494416250296,2970.985372329271,3060.9154156029435,1835312,-0.2656004599230988,0
2024-05-17,3056.421630859375,3086.880987089145,3011.481597077747,3036.9975983545955,825436,0.6197398407570498,0
2024-05-21,3113.34521484375,3170.7685828801623,3030.4558314172764,3063.811220715805,3091659,1.8624257664466848,0
2024-05-22,3136.76416015625,3140.808811681565,3069.404096249059,3125.7788193204797,3371077,0.7522116468435147,0
2024-05-23,3382.7861328125,3401.461164429606,3131.3716148603116,3152.493332844382,6979082,7.843177239183796,0
2024-05-24,3380.43896484375,3453.2419602420373,3351.1282246946002,3401.4609611204814,3473668,-0.06938564474954223,0
2024-05-27,3284.6669921875,3353.5250592174893,3262.6963098459914,3353.5250592174893,2582485,-2.833122374113828,1
2024-05-28,3239.72705078125,3325.0631319552945,3224.7470396746785,3305.2394863981513,1621168,-1.368173440812681,0
2024-05-29,3254.457275390625,3318.471707543471,3207.7195936933085,3245.668953768136,1910729,0.4546748654588928,0
2024-05-30,3189.993408203125,3269.936783983999,3170.2697266465743,3249.663786583069,1990208,-1.9807870170845177,0
2024-05-31,3406.803955078125,3429.873024527439,3220.9518640918236,3220.9518640918236,6384589,6.796582911973048,0
2024-06-03,3640.392333984375,3738.9107753095227,3581.271272762691,3720.036059006048,8511359,6.856525411685843,0
2024-06-04,2937.33056640625,3515.3093391415214,2730.3067602556816,3515.3093391415214,20306909,-19.312802112420414,1
2024-06-05,3111.198486328125,3145.8022131466278,2746.3352654454684,3025.96212883628,8778345,5.919249331701804,0
2024-06-06,3181.404541015625,3218.105566070609,3132.969174616531,3179.756837416816,5873271,2.256559811147185,0
2024-06-07,3215.259521484375,3229.4405491179114,3147.4001236876884,3166.1748748506757,4740455,1.064152013121289,0
2024-06-10,3215.808837890625,3280.022953575788,3201.228197024458,3262.646239176074,4935698,0.017084667740796533,0
2024-06-11,3216.957275390625,3260.6489729609284,3190.79223898015,3219.7036106664727,4173692,0.03571224403853268,0
2024-06-12,3214.76025390625,3240.6756234571276,3203.7249306781096,3220.602311745659,3022477,-0.06829501595131404,0
2024-06-13,3220.502685546875,3249.663724911481,3202.9760238851713,3225.695707272306,3202978,0.17862705729447814,0
2024-06-14,3258.6767578125,3271.914273575822,3218.065156072659,3221.961383902909,4224855,1.1853451461768527,0
2024-06-18,3305.932373046875,3341.8484533825726,3284.102861818535,3306.8814292066713,1755612,1.4501473679794152,0
2024-06-19,3258.82666015625,3310.8776710155767,3223.2603475140327,3310.8776710155767,1419264,-1.4248843465364258,0
2024-06-20,3256.37890625,3311.876615972473,3236.9472807694756,3260.8246646899256,1366545,-0.07511150980128445,0
2024-06-21,3186.295166015625,3274.0124917215535,3173.407173743101,3261.9737961634432,4697655,-2.152198569394448,1
2024-06-24,3191.590087890625,3211.7710063045856,3132.0461465201365,3182.748328955829,3261647,0.16617800922760217,0
2024-06-25,3168.1123046875,3205.426967377771,3153.3762020558997,3201.7305022794208,1694962,-0.7356139904119652,0
2024-06-26,3167.5126953125,3184.696440367119,3160.9188163923063,3166.06411031187,2142889,-0.018926392669627035,0
2024-06-27,3172.158447265625,3199.233012670723,3147.0322398041308,3174.006801859595,5114980,0.14666877136750855,0
2024-06-28,3174.156494140625,3208.9237554847364,3154.025576385208,3186.9944848491646,960905,0.0629869821516138,0
2024-07-01,3180.80029296875,3190.141337112732,3154.575025549346,3176.953822849665,832170,0.20930911378784778,0
2024-07-02,3150.22900390625,3204.7776573111532,3128.0999712164453,3176.854040603408,1490844,-0.9611194116801003,0
2024-07-03,3187.943603515625,3191.5403093464574,3144.7843530986797,3155.02469607994,1152522,1.1972018403300089,0
2024-07-04,3141.28759765625,3191.440252190451,3135.093487861455,3188.9926092768546,1055391,-1.4635141540121133,0
2024-07-05,3144.933837890625,3155.573949424116,3121.0064532237307,3140.9376068344227,663988,0.1160747025231057,0
2024-07-08,3110.66650390625,3155.224336016614,3072.102774762873,3144.9339917613047,1155112,-1.0896042890160995,0
2024-07-09,3107.819091796875,3155.024573461233,3097.5787492136014,3113.0141436423673,922403,-0.09153704216763314,0
2024-07-10,3093.0830078125,3124.3035646581525,3060.513625346875,3117.1603988161073,586710,-0.47416157598333397,0
2024-07-11,3075.399658203125,3126.8511346301084,3071.2036642475096,3115.7614955447148,899781,-0.571706273795769,0
2024-07-12,3062.561767578125,3095.8804436791597,3055.468603351436,3087.088686017765,756036,-0.41743812355434784,0
2024-07-15,3087.48828125,3100.5760366457425,3055.46867229455,3063.2113706299792,724171,0.8139105612745556,0
2024-07-16,3106.37060546875,3134.793752369816,3093.183090700148,3107.0698971779548,988357,0.611575575312151,0
2024-07-18,3089.286376953125,3108.068711746439,3054.269353453324,3103.073422913674,1021653,-0.5499739305267815,0
2024-07-19,3002.8681640625,3091.584550902513,2997.173583036852,3089.0869062499823,1026941,-2.7973519559509663,1
2024-07-22,2998.022705078125,3024.0479657124274,2969.349551009465,3002.8679890753174,662085,-0.16136102951052056,0
2024-07-23,2992.528076171875,3035.1377965880383,2883.630768789355,3017.154755001934,1443331,-0.18327509317868085,0
2024-07-24,2967.901123046875,3004.6665009175304,2956.5119610565184,2992.528045535424,693702,-0.8229481060208932,0
2024-07-25,2970.698486328125,3014.806792386343,2942.3253412450763,2957.910497197929,1105721,0.09425392441573255,0
2024-07-26,3077.59765625,3106.070804506168,2985.284809994245,2992.1782114814964,1942427,3.598452364447313,0
2024-07-29,3086.439453125,3117.4102463411728,3071.1038176295233,3091.3847406790096,1037474,0.2872954122850935,0
2024-07-30,3125.802001953125,3152.027268449735,3063.760416791194,3089.0866288578704,1647048,1.2753384417851121,0
2024-07-31,3166.413818359375,3194.487441208357,3132.0463262511958,3138.0406732870833,2414005,1.299244686031753,0
2024-08-01,3214.21875,3254.9303558940087,3148.7304615527937,3177.0038464527156,6149883,1.50974996898523,0
2024-08-02,3157.921875,3211.9710024974033,3108.068985620349,3196.9851346785977,3360209,-1.7514948228088079,0
2024-08-05,3035.33740234375,3130.0981335855913,2993.4769774926867,3082.093356830791,2238921,-3.8818082748247162,1
2024-08-06,3069.804931640625,3139.8389827726187,3054.3695370187256,3081.0943338509283,2125201,1.1355419423969337,0
2024-08-07,3182.9482421875,3186.9944751779185,3109.067964499587,3115.062311474843,1868169,3.685684043982773,0
2024-08-08,3164.5654296875,3239.594520482156,3153.5757944205084,3187.543757973028,2139376,-0.5775404154032437,0
2024-08-09,3184.546875,3216.2669615029313,3168.062420596902,3205.9766169419063,760165,0.6314119823546571,0
2024-08-12,3148.7802734375,3166.8633163334443,3011.1600679434046,3097.079034712858,10307245,-1.1231300077032103,0
2024-08-13,3089.286376953125,3175.1055854463816,3078.8462720747634,3167.063121643512,2192588,-1.8894267404510279,0
2024-08-14,3037.23583984375,3082.7927310448176,3024.897377943745,3082.7927310448176,1232383,-1.6848725161152212,0
2024-08-16,3105.87109375,3118.6590830157775,3036.4865748297866,3067.107600376797,970067,2.2597933623021094,0
2024-08-19,3099.626708984375,3131.3467929351323,3090.0356569027463,3119.108335347832,557265,-0.20105099590870257,0
2024-08-20,3067.7568359375,3123.0547845330607,3055.9681486419618,3116.0113780315037,662263,-1.0281842311688383,0
2024-08-21,3112.764404296875,3150.329075933,3065.508920578581,3067.756800675968,1379240,1.467116553441583,0
2024-08-22,3096.130126953125,3147.032073131659,3088.0876628730025,3127.800210462521,1378912,-0.5343892175324272,0
2024-08-23,3073.451416015625,3120.0573626289906,3064.709660676847,3098.07809206292,1375224,-0.7324857162840814,0
2024-08-26,3066.1083984375,3087.088612307551,3052.121589190799,3085.0904967008796,1632446,-0.2389176396236814,0
2024-08-27,3064.210205078125,3092.8331128219234,3061.1130284055153,3069.305253393934,1310440,-0.06190887968416936,0
2024-08-28,3025.147216796875,3075.100110072913,3019.252872954547,3075.100110072913,1569652,-1.2748142479426905,0
2024-08-29,3017.30419921875,3039.083707189937,2978.490951551553,3027.1450157285044,1853966,-0.25926069100298266,0
2024-08-30,3016.50537109375,3035.687232739955,3000.4704440629503,3027.1452394702205,3509174,-0.026474895212980076,0
2024-09-02,3039.28369140625,3056.267674580156,2994.7758600407615,3018.253719134102,1842658,0.7551228163151125,0
2024-09-03,3033.239501953125,3050.1734829804295,3020.9510421588575,3034.1385564141656,1371577,-0.19886888052652596,0
2024-09-04,3009.51171875,3022.1497017567494,2952.4154218398817,3007.1638354670463,1212270,-0.78225880903392,0
2024-09-05,3012.509033203125,3035.0375914527494,2999.1715140159313,3022.149843403795,734273,0.09959470948230909,0
2024-09-06,2972.646484375,3022.149847182875,2965.203552541743,3016.155500378545,1251165,-1.3232341675583292,0
2024-09-09,2961.357177734375,2969.699408203073,2924.542042939515,2969.299882634167,1523581,-0.3797729296088348,0
2024-09-10,2983.586181640625,3004.5663958997,2944.8229332809096,2968.800321005567,803782,0.7506356907361234,0
2024-09-11,2935.082275390625,2990.130217952211,2925.241457758442,2982.1877566287394,888628,-1.6256914765347408,0
2024-09-12,2988.181884765625,2997.173404980567,2914.4013685487816,2947.220514897557,1314173,1.8091352947825934,0
2024-09-13,2965.553466796875,2999.121664212606,2953.265006458986,2969.1999303853595,815948,-0.7572637423482909,0
2024-09-16,2982.087646484375,3023.54854680868,2969.199897923713,2969.199897923713,695162,0.5575411090247062,0
2024-09-17,2972.396728515625,2993.0771762682134,2949.718165155818,2987.2328344634584,698700,-0.32497093035392943,0
2024-09-18,2953.5146484375,2981.937794310928,2932.234668331543,2973.196038485408,831891,-0.6352476402957996,0
2024-09-19,2940.376953125,2972.4468070139696,2887.626894859536,2972.247044230204,1655401,-0.4448156476708265,0
2024-09-20,3005.665283203125,3022.149736310272,2939.2779435628236,2945.3720495772955,1787210,2.2204068090228013,0
2024-09-23,3041.08203125,3067.107536489959,3012.4091203261723,3017.154645016181,897314,1.178333071376847,0
2024-09-24,3090.98486328125,3098.0782713021954,3037.385509295872,3052.1216120052263,1021918,1.6409564595249782,0
2024-09-25,3102.174560546875,3120.9566525924206,3077.2978742732107,3105.0717306850106,913008,0.36201074287198765,0
2024-09-26,3119.707763671875,3145.033976645249,3082.0933348000613,3082.0933348000613,1548019,0.5651907325907812,0
2024-09-27,3127.350830078125,3176.0048984889613,3113.0642540709664,3119.0586011583946,2297441,0.2449930245150389,0
2024-09-30,3132.8955078125,3206.8755429657276,3117.459869634025,3126.0518643005275,1607429,0.17729631357785713,0
2024-10-01,3183.098388671875,3188.9927325619265,3104.072813305108,3133.345257783993,1367116,1.6024435138096482,0
2024-10-03,3113.064208984375,3193.3386034651426,3081.1943616620306,3147.032175321175,1309703,-2.200188971121353,1
2024-10-04,3107.71923828125,3146.5327337519116,3067.107633788972,3116.9605234970636,987583,-0.17169484290427972,0
2024-10-07,3015.156494140625,3125.5523830082657,2977.6418242998634,3107.719103396176,1743454,-2.978478332290324,1
2024-10-08,3157.721923828125,3167.013210103608,2992.028334876159,3015.655954163325,1776511,4.728292875164142,0
2024-10-09,3150.778564453125,3176.953830261151,3131.4466982889116,3172.0085428897887,897335,-0.21988507989273431,0
2024-10-10,3171.209228515625,3207.974604436726,3053.2206483643254,3137.0415004457554,2905725,0.6484322412561028,0
2024-10-11,3134.244140625,3186.994442244267,3113.064163646751,3171.209279923758,1035260,-1.1656464530385935,0
2024-10-14,3098.17822265625,3147.1320545641242,3089.9359958554346,3142.0367622502913,437728,-1.1507054444571119,0
2024-10-15,3101.774658203125,3125.052753389971,3088.587144215184,3121.0565222475284,371613,0.11608226797847898,0
2024-10-16,3082.992431640625,3112.4646373542073,3058.1159894669604,3095.081128836538,543476,-0.605531627283995,0
2024-10-17,3010.910400390625,3097.0791343711116,2990.179951346044,3087.038554846919,2655289,-2.3380541097092866,1
2024-10-18,2999.17138671875,3028.843353321559,2965.303426318372,2987.1826936339316,796339,-0.3898825308900622,0
2024-10-21,2934.882080078125,3012.1092976283944,2914.2016321784763,3002.318482301283,1051690,-2.143568951254926,1
2024-10-22,2821.139404296875,2952.215736081205,2815.344820398252,2935.2317538431744,1209732,-3.8755450024153038,1
2024-10-23,2832.87841796875,2876.2874309704675,2817.44302360794,2838.17347313647,1270530,0.41610895420465255,0
2024-10-24,2827.533447265625,2872.4410483483002,2805.2544086729376,2838.373322383439,942066,-0.1886763183771789,0
2024-10-25,2690.912353515625,2844.31773722983,2652.1988613071053,2842.319621502939,1954174,-4.8318117644945975,1
2024-10-28,2796.012939453125,2819.740561567059,2669.582373380822,2698.555048804152,1385033,3.9057602823885373,0
2024-10-29,2845.916259765625,2860.352596767331,2730.2753148190513,2800.359124710551,1529844,1.7848029101847018,0
2024-10-30,2966.50244140625,2994.3260554190924,2812.3977722713453,2861.3016039051317,2884272,4.237165490264849,0
2024-10-31,2944.47314453125,2973.6955856127797,2931.085867377797,2965.103590841663,1156390,-0.7426016768945276,0
2024-11-01,2946.720947265625,2972.796453110463,2925.6407303634305,2957.211054045177,304673,0.07633972612552942,0
2024-11-04,2894.670166015625,2940.2273023108846,2855.057619156959,2932.234839375619,1059384,-1.766396689116423,0
2024-11-05,2912.80322265625,2921.245212878513,2867.2960878800727,2894.670175963184,752303,0.626429112840321,0
2024-11-06,3043.3798828125,3067.107506026877,2915.2507174548628,2915.2507174548628,1676755,4.482852090405687,0
2024-11-07,2967.3017578125,3042.131091699252,2940.2771947346605,3042.131091699252,1285585,-2.4997906252075652,1
2024-11-08,2926.34033203125,2992.178144217916,2908.5070525390342,2962.3064132305303,835641,-1.38042670157843,0
2024-11-11,2900.9140625,2944.023552605684,2885.278905606915,2925.241217318922,584144,-0.8688760241909677,0
2024-11-12,2867.2958984375,2927.688893927348,2852.310031372496,2907.258210610845,597231,-1.15888176409914,0
2024-11-13,2814.0458984375,2886.2778221029826,2805.354144847759,2857.305147530125,890146,-1.85715049601326,0
2024-11-14,2824.13671875,2842.1197596653183,2798.3609779892568,2821.339308047719,646797,0.3585876235388641,0
2024-11-18,2816.044189453125,2855.9565000272682,2790.6682187407914,2824.1366552472946,489692,-0.2865487794251331,0
2024-11-19,2818.841796875,2892.072787961194,2807.1528685089966,2828.332846696128,536296,0.0993452955160512,0
2024-11-21,2181.592529296875,2536.95759396695,2153.0196217526277,2536.95759396695,21796668,-22.606776594720102,1
2024-11-22,2225.90087890625,2287.542699167448,2023.0921363488133,2099.020532577213,20939196,2.031009412360585,0
2024-11-25,2255.373046875,2331.451202918525,2235.8914192275747,2312.8188719892028,7466733,1.3240557226982919,0
2024-11-26,2148.4736328125,2290.68959721275,2133.9872958323645,2263.465274267323,7723187,-4.739766408515777,1
2024-11-27,2395.541015625,2415.7219358687453,2140.1317241566944,2177.946162197628,17502156,11.499670232818815,0
2024-11-28,2434.803955078125,2523.9198654647857,2397.738811716105,2437.7011252447064,14445549,1.6390009270152772,0
2024-11-29,2460.8291015625,2517.6256345733627,2397.738699593679,2461.728399921204,8191680,1.0688805737355533,0
2024-12-02,2454.73486328125,2505.6368062366773,2424.3136039493684,2489.0025924676397,3807565,-0.24764979727281977,0
2024-12-03,2511.8310546875,2555.5898348084024,2459.730288340378,2461.678402254849,4070042,2.3259616449953224,0
2024-12-04,2492.3994140625,2527.6662027249295,2467.772737177738,2525.618085479507,2344949,-0.7736046016605047,0
2024-12-05,2520.17333984375,2535.75849541036,2467.9225673405845,2502.639826409539,3333144,1.114344900923392,0
2024-12-06,2504.038330078125,2532.6114802399406,2500.1421022881464,2517.6256134929586,1240437,-0.6402341263805789,0
2024-12-09,2493.49853515625,2523.620030593753,2480.810305828032,2505.5369866503584,958369,-0.42091188442575644,0
2024-12-10,2464.87548828125,2498.6436925241137,2452.687031246181,2498.6436925241137,1119816,-1.147907106077617,0
2024-12-11,2454.934814453125,2477.663379730898,2448.6907031130772,2466.6737437724146,712674,-0.40329314301618124,0
2024-12-12,2501.74072265625,2532.4117481883854,2443.94513163665,2454.685002935615,2579624,1.9066049301008414,0
2024-12-13,2525.16845703125,2542.6019659330354,2476.714156305218,2501.640598308967,1940935,0.9364573300036261,0
2024-12-16,2510.03271484375,2535.109163144909,2500.6416691041213,2527.6162296577813,654321,-0.5993953451048029,0
2024-12-17,2485.25634765625,2522.621012816499,2478.4127039780315,2509.633261067345,1061891,-0.9870933968700202,0
2024-12-18,2455.084716796875,2494.247980503113,2449.689901852961,2486.6550431125697,990217,-1.214024898792787,0
2024-12-19,2417.070556640625,2431.706655668642,2394.8415208605807,2426.711366729306,1181898,-1.5483848641217879,0
2024-12-20,2342.74072265625,2451.5382719364293,2330.802029794121,2426.7115860994086,1337016,-3.0752033191651096,1
2024-12-23,2336.746337890625,2377.2581829828778,2330.552227927425,2371.7133630658304,758920,-0.2558706009441969,0
2024-12-24,2370.214599609375,2410.626438339084,2337.7952231811396,2352.9808527718214,1156186,1.4322590850388117,0
2024-12-26,2397.988525390625,2407.729339106929,2365.7689107905426,2375.8094906340834,895785,1.1717894989688782,0
2024-12-27,2407.679443359375,2443.845289145822,2388.247816744849,2412.724734339599,1982291,0.4041269533252345,0
2024-12-30,2589.90771484375,2607.540988330863,2419.6681108684274,2422.715286092852,7825097,7.568626794857569,0
2024-12-31,2526.267333984375,2575.3211680835348,2505.0873580304356,2572.573759214471,2745674,-2.457245117060647,1
2025-01-01,2552.44287109375,2641.708537540656,2515.877258719963,2533.610534344813,2875721,1.0361348839551088,0
2025-01-02,2595.25244140625,2599.548438799761,2534.6096807205968,2563.2825912749695,1167236,1.677199940391061,0
2025-01-03,2562.183837890625,2616.532486904311,2554.1913751585766,2577.5692310855757,932795,-1.2741960276398623,0
2025-01-06,2472.11865234375,2566.429859890092,2461.1790176498153,2555.240216822625,1121398,-3.515172651351328,1
2025-01-07,2518.175048828125,2522.620807012823,2472.3181519701366,2472.3181519701366,1019130,1.8630334122802017,0
2025-01-08,2512.880126953125,2527.6162294767546,2487.653917548268,2518.1751820657687,879641,-0.21026822092705677,0
2025-01-09,2475.565185546875,2515.1779730310304,2467.1731977250456,2514.6284424676815,705838,-1.4849471332122222,0
2025-01-10,2372.162841796875,2482.2592110820287,2366.0187336345884,2477.663447445911,1418808,-4.176918642809135,1
2025-01-13,2223.053466796875,2362.771804019524,2214.811239573551,2362.771804019524,1559903,-6.285798444049995,1
2025-01-14,2378.30712890625,2420.6170810006947,2239.3880910286434,2239.3880910286434,4120705,6.983802433374442,0
2025-01-15,2385.899658203125,2419.6678587951933,2370.4142631423483,2396.7395323099017,1421437,0.31924090898918234,0
2025-01-16,2425.562744140625,2567.578722615193,2416.571223322128,2497.6446718046623,2841803,1.662395390398408,0
2025-01-17,2397.5390625,2447.6917174801247,2377.8076700835786,2447.6917174801247,1122205,-1.155347628434722,0
2025-01-20,2440.49853515625,2451.687934158389,2387.748232534046,2411.4758561837048,1039435,1.7918153379930635,0
2025-01-21,2382.0537109375,2439.4495363703786,2371.4135983528436,2439.4495363703786,1206512,-2.394790383064427,1
2025-01-22,2374.31103515625,2396.73983560688,2322.9593141745368,2396.73983560688,1147334,-0.3250420318273495,0
2025-01-23,2382.7529296875,2402.8838474411637,2352.7811947228774,2380.754814023192,826721,0.3555513328393545,0
2025-01-24,2312.918701171875,2403.732953341102,2297.233299323767,2385.5001493517107,1388583,-2.9308212213502105,1
2025-01-27,2257.571044921875,2315.916171518859,2247.930233934436,2307.8737067946563,1032995,-2.3929788894852755,1
2025-01-28,2283.89599609375,2313.6679655380944,2239.8874538495147,2272.0570643064502,966497,1.1660740968081562,0
2025-01-29,2316.41552734375,2324.0582219980106,2280.4494463155165,2294.835781162571,785220,1.4238621769826487,0
2025-01-30,2250.477783203125,2349.2845058065495,2199.226067337068,2322.809473102372,2601625,-2.8465421407460667,1
2025-01-31,2285.64453125,2312.768853520974,2211.664250836292,2236.7406997030694,2013345,1.5626347573545862,0
2025-02-01,2267.861328125,2349.2345415348523,2235.441949551326,2294.835890177588,987362,-0.7780388805810778,0
2025-02-03,2259.718994140625,2276.8527379346924,2211.8139772552504,2264.6142798216165,824942,-0.3590313871221995,0
2025-02-04,2299.33154296875,2309.821649942972,2265.413579200885,2276.752738964757,691187,1.7529856115224396,0
2025-02-05,2322.409912109375,2347.186350982752,2306.874514184961,2312.768857774388,560940,1.003699062503527,0
2025-02-06,2310.271240234375,2337.7953323525267,2296.0346660950486,2337.7953323525267,680544,-0.5226756832076518,0
2025-02-07,2336.596435546875,2372.662275844184,2305.1761164635286,2310.2711649061653,892884,1.1394850463458672,0
2025-02-10,2288.641845703125,2348.735079763114,2277.951975143946,2347.7860235569906,739708,-2.0523265855503348,1
2025-02-11,2319.5625,2394.7416011629157,2303.8273392914825,2309.8216862280606,4895456,1.3510481928366236,0
2025-02-12,2351.232666015625,2376.2091124538088,2278.8509730198903,2322.809518751094,1933098,1.3653508373076884,0
2025-02-13,2242.5849609375,2370.514359073473,2231.29555918624,2351.782025606977,2551665,-4.620882767090773,1
2025-02-14,2150.62158203125,2247.1806605462784,2122.5482054190925,2243.5839550585347,2549876,-4.100775690023584,1
2025-02-17,2221.604736328125,2238.288952469936,2108.661205531026,2150.6216322858177,1400160,3.300587834231239,0
2025-02-18,2218.208251953125,2237.8896433378573,2164.009362153536,2237.8896433378573,1138085,-0.15288427862346632,0
2025-02-19,2178.745361328125,2217.308847164575,2124.996001368925,2163.9592566831648,1203163,-1.779043540670855,0
2025-02-20,2176.947021484375,2214.261929169058,2154.7679863394865,2178.7453743686856,1086670,-0.08254015708626383,0
2025-02-21,2131.09033203125,2197.527677018384,2114.8556424667245,2188.386151624922,1540308,-2.1064678653436975,1
2025-02-24,2113.156982421875,2136.4850793325772,2094.7244150180286,2126.9440286764225,1032294,-0.8415105328867911,0
2025-02-25,2127.84326171875,2156.2664061287337,2100.01940561673,2113.1569175595655,802131,0.6949923464769414,0
2025-02-27,2108.961181640625,2147.0753860843565,2100.519191342205,2141.7303288655658,941950,-0.8873811533878229,0
2025-02-28,2094.025146484375,2109.3607812616547,2070.04775931089,2105.0147822722224,2373922,-0.7082176422342101,0
2025-03-03,2115.105224609375,2125.2455630375425,2024.64049808226,2107.0127594058886,1592611,1.0066774107460486,0
2025-03-04,2142.779296875,2151.970580190256,2078.0403002765706,2083.1355928078365,852978,1.3084016787267005,0
2025-03-05,2243.734130859375,2256.272111529745,2146.026226051133,2151.9205696991016,1370106,4.711396742147267,0
2025-03-06,2250.7275390625,2266.7622221709375,2224.052499764186,2257.8707050119024,890270,0.3116861354890865,0
2025-03-07,2245.382568359375,2265.513486925248,2224.9018819738944,2247.830211364785,818806,-0.2374774649690048,0
2025-03-10,2226.20068359375,2285.8443891975967,2217.908454553612,2242.8849011139005,940113,-0.8542813610439959,0
2025-03-11,2248.4794921875,2265.713238547249,2206.219300157998,2221.0551615474305,947079,1.0007547279064388,0
2025-03-12,2239.687744140625,2277.851701943705,2178.8949816363574,2267.8611243036007,1049076,-0.391008593915243,0
2025-03-13,2219.00732421875,2270.858325237815,2213.512506449807,2246.8809386096987,750310,-0.9233617487963808,0
2025-03-17,2250.577392578125,2284.74511957375,2195.9289812712805,2197.9270968138385,927737,1.4227113184716478,0
2025-03-18,2250.577392578125,2250.577392578125,2250.577392578125,2250.577392578125,0,0.0,0
2025-03-19,2316.46533203125,2339.7934298460914,2308.872638895617,2317.764155987922,1030345,2.927601586615425,0
2025-03-20,2337.095947265625,2345.787701294948,2296.833869368435,2345.787701294948,2587050,0.8906075540653369,0
2025-03-21,2360.573974609375,2387.2987725253556,2335.797290750007,2341.5918751550334,1101418,1.0045812355808037,0
2025-03-24,2366.46826171875,2392.7435317471973,2358.8755684654147,2367.7670856955565,1010184,0.24969719961223102,0
2025-03-25,2318.1640625,2385.4004630748173,2312.9190086004105,2382.7530572421283,763065,-2.0411936217419213,1
2025-03-26,2310.421142578125,2357.6266231527625,2305.875380851782,2322.7093582659054,1078870,-0.33401086864942586,0
2025-03-27,2361.123291015625,2371.6631554174437,2289.4408956318957,2307.8234611347066,1696042,2.1944981156518883,0
2025-03-28,2313.6181640625,2384.7010308743706,2291.538888526199,2373.76139645314,1838836,-2.011971468575491,1
2025-04-01,2333.0498046875,2356.7274265492474,2298.8320739046944,2309.821710068515,501942,0.8398810541355717,0
2025-04-02,2367.16748046875,2376.6087719137695,2312.3693058667213,2337.5455139287105,573928,1.462363800065547,0
2025-04-03,2408.528564453125,2427.6104218604264,2337.4954581514526,2337.545459822979,1023200,1.7472816911199063,0
2025-04-04,2332.4501953125,2407.779299782305,2313.318336005863,2392.693429437376,1219733,-3.158707364465041,1
2025-04-07,2210.615234375,2236.8905043561235,2142.9790673710963,2148.024358246562,1567177,-5.223475347184281,1
2025-04-08,2283.54638671875,2298.8320199884065,2222.9036264555434,2267.8612278894757,1224337,3.2991337076517357,0
2025-04-09,2234.792236328125,2277.402196720931,2213.1127314218957,2263.5651489915517,1001633,-2.135019050814213,1
2025-04-11,2319.212890625,2341.292167580555,2278.851049392467,2300.8803246713483,981463,3.777561641952998,0
2025-04-15,2415.921630859375,2437.701140652242,2356.777455245344,2372.7623807578175,1145125,4.169894908108818,0
2025-04-16,2413.323974609375,2425.7121930226886,2380.6545913788336,2397.7385762991976,889949,-0.10752237228307537,0
2025-04-17,2415.82177734375,2446.2930404152835,2389.746271052724,2415.7217739989487,1054797,0.10350051466998522,0
2025-04-21,2440.3984375,2462.577471861723,2393.242958156473,2423.814224378439,782559,1.0173209127733118,0
2025-04-22,2443.196044921875,2481.0602410000492,2438.7002844630124,2456.583322946242,766567,0.11463732228664814,0
2025-04-23,2451.288330078125,2471.469248974837,2418.918710821166,2457.6822024715357,672262,0.3312171846819201,0
2025-04-24,2440.19873046875,2459.0808257421186,2422.8152219285253,2447.691664134468,596626,-0.4523988252749356,0
2025-04-25,2352.081787109375,2457.182617090383,2321.310758613338,2447.7915714951764,1414809,-3.611056028311599,1
2025-04-28,2367.567138671875,2399.7367499009188,2335.397527442831,2343.7895150988993,681421,0.6583679040145451,0
2025-04-29,2328.404296875,2397.738813329537,2323.4090076805637,2389.7463506184386,670730,-1.6541385947282605,0
2025-04-30,2299.131591796875,2337.795076980201,2282.846902093914,2329.203082979205,837464,-1.2572002687597061,0
2025-05-02,2296.933837890625,2370.164577982858,2287.842314535005,2347.685777949217,1695797,-0.0955906096933079,0
2025-05-05,2453.186279296875,2494.6471754853583,2295.6349225627555,2310.421025889198,4227194,6.802653120811852,0
2025-05-06,2351.781982421875,2460.879041745309,2341.2918758732644,2451.6877590753106,1524692,-4.133575086848451,1
2025-05-07,2350.883056640625,2377.258085556184,2312.818856088492,2312.818856088492,1012640,-0.038223176636653644,0
2025-05-08,2283.14697265625,2365.569245976871,2257.870760055804,2359.7746616158447,1380069,-2.881303848485295,1
2025-05-09,2248.879150390625,2270.9584257530137,2230.896109650051,2237.8895143824966,1006000,-1.5009030376067822,0
2025-05-12,2423.01513671875,2431.007599796923,2312.8190032463162,2347.786029213323,2147039,7.743234504080765,0
2025-05-13,2438.899658203125,2452.5867001901797,2402.7338175075793,2422.7149719151266,1815174,0.6555683967325976,0
2025-05-14,2459.580322265625,2479.5614784444288,2427.8104790698053,2442.596339513642,774441,0.8479505908716378,0
2025-05-15,2517.625732421875,2524.4193744502136,2448.390975998153,2461.078961661174,1554800,2.3599721314562228,0
2025-05-16,2552.5927734375,2581.7652134946647,2513.82928058126,2526.6172696764925,1641135,1.38888956230947,0
2025-05-19,2538.20654296875,2576.3705051346124,2533.610779164694,2568.8775710479663,680957,-0.5635928542325419,0
2025-05-20,2499.2431640625,2562.3835701103644,2490.1516402490047,2542.602176302394,628023,-1.5350751897707071,0
2025-05-21,2498.0439453125,2522.121335083314,2481.359729370557,2507.3352313361606,529234,-0.04798327618712461,0
2025-05-22,2485.25634765625,2519.523835988998,2462.9773093351955,2498.0440927115505,906909,-0.5119044314750965,0
2025-05-23,2537.60693359375,2545.6993997257528,2488.1535701241082,2496.6455618310165,968415,2.1064461212168206,0
2025-05-26,2545.299560546875,2566.4795375596973,2538.905688059812,2546.698387841958,552912,0.30314493751129046,0
2025-05-27,2537.906494140625,2566.679406610624,2523.71992263219,2543.5010712891385,514936,-0.29045957972276826,0
2025-05-28,2512.63037109375,2556.5889143653703,2507.6350820856114,2556.5889143653703,575989,-0.9959438263478559,0
2025-05-29,2538.406005859375,2556.588808312619,2508.634035823754,2534.3097714783835,802317,1.025842681126421,0
2025-05-30,2517.525634765625,2561.584180996773,2511.4315285752887,2547.5973718961664,684592,-0.8225780685025219,0
2025-06-02,2516.4267578125,2561.5841201976737,2512.5302861663145,2524.618982737723,1008716,-0.043649086942754156,0
2025-06-03,2468.57177734375,2510.132678662154,2449.689682817752,2508.634091988326,962656,-1.9017036883819283,0
2025-06-04,2487.054443359375,2500.641727296461,2438.8001457078244,2477.6633974012075,552667,0.7487190036464364,0
2025-06-05,2502.040283203125,2527.716264063005,2485.1563037688943,2492.649237348097,673209,0.6025537512362567,0
2025-06-06,2531.812255859375,2550.894357613754,2501.6407587492313,2512.530391324915,640680,1.1899078066855084,0
2025-06-09,2579.66748046875,2601.6467540925055,2522.1216483259427,2542.602335111715,1711167,1.8901569221265735,0
2025-06-10,2610.63818359375,2660.6908358812207,2575.271389110901,2597.550428103293,2084054,1.200569583463218,0
2025-06-11,2578.767822265625,2628.4209437884333,2560.6850232896586,2627.5218893753145,745432,-1.220788140172413,0
2025-06-12,2541.30322265625,2599.3485771574556,2527.616179871475,2589.058233255703,955097,-1.4528101089946066,0
2025-06-13,2506.779052734375,2514.8755302336617,2458.900558177587,2496.8835749299233,695869,-1.3585222579535094,0
2025-06-16,2542.863037109375,2562.1544603717357,2460.8996844981452,2498.882701561886,956459,1.439456115433857,0
2025-06-17,2487.387939453125,2538.465201504575,2477.8921848118534,2533.86715953935,703343,-2.181599907138998,1
2025-06-18,2458.0009765625,2494.7843331836457,2444.3069046988467,2490.786121026434,667044,-1.181438666020307,0
2025-06-19,2419.518310546875,2467.7965296341154,2404.0252376308704,2465.197838015502,688209,-1.5656082476192767,0
2025-06-20,2447.3056640625,2460.2000452165857,2413.920688794878,2426.9148788380803,3002549,1.1484663453257493,0
2025-06-23,2470.895263671875,2491.4861551484146,2419.9180555621397,2436.910458265385,790533,0.9639008300343033,0
2025-06-24,2504.480224609375,2543.462793635905,2499.0824917098744,2502.8808421136328,996372,1.3592223608697607,0
2025-06-25,2526.070556640625,2540.464267762938,2510.9774511830533,2518.7737701721803,921346,0.8620683772664783,0
2025-06-26,2585.044189453125,2592.4410288436243,2521.072790779935,2533.867119320877,1339627,2.334599588181252,0
2025-06-27,2645.117431640625,2680.40170506774,2580.8461181567536,2586.5435220512604,4049316,2.323876799963287,0
2025-06-30,2618.229248046875,2652.713829411024,2604.7352814261208,2648.8156699998563,694814,-1.0165213563721687,0
2025-07-01,2620.62841796875,2643.8180015388925,2601.836770512566,2623.726886220827,729197,0.09163330230401723,0
2025-07-02,2629.0244140625,2644.8174012435743,2612.431979657277,2632.8227645032407,621409,0.3203810214443825,0
2025-07-03,2610.032958984375,2642.8183488811856,2603.9358316029147,2632.822818060909,502724,-0.7223765202232779,0
2025-07-04,2597.9384765625,2615.8303788664834,2581.0458832949716,2615.8303788664834,370305,-0.46338427950661787,0
2025-07-07,2574.94873046875,2604.2354398445623,2570.85046531812,2600.8370570597776,412159,-0.8849226531403187,0
2025-07-08,2590.141845703125,2598.8379083594114,2571.8499762341407,2584.8441657759377,357686,0.590035640500286,0
2025-07-09,2581.845703125,2608.7335843796236,2568.8515125943673,2597.8385530088563,396880,-0.3202968436608167,0
2025-07-10,2579.846435546875,2602.8361558171496,2573.849117215499,2589.841966099168,306565,-0.07743559484229001,0
2025-07-11,2557.556396484375,2590.7415096680093,2550.7593867885676,2573.8491603640496,390645,-0.8640064290406091,0
2025-07-14,2580.146484375,2603.635982393775,2542.363328117219,2553.8581888498115,536585,0.8832684167464411,0
2025-07-15,2597.038818359375,2605.734881532265,2574.8487883222188,2586.8434255349,379425,0.6547044552188241,0
2025-07-16,2607.334228515625,2618.329312477163,2594.340038379262,2601.3369099911497,686644,0.3964288128259108,0
2025-07-17,2615.4306640625,2653.3136278534157,2604.135665550135,2610.8326223217637,785771,0.310525419346952,0
2025-07-18,2594.93994140625,2625.5261203292284,2583.0451129099342,2610.8327383340356,479942,-0.783455013271972,0
2025-07-21,2618.329345703125,2623.7268348310395,2583.844763749791,2595.139762587187,369782,0.9013466525240599,0
2025-07-22,2586.6435546875,2628.8246465984803,2580.4463742888947,2624.826434208216,387055,-1.2101529957498913,0
2025-07-23,2613.33154296875,2624.7263505348947,2592.3409281657882,2599.5376615776436,316424,1.0317613431076067,0
2025-07-24,2607.234130859375,2623.0271181758203,2593.8402173304657,2614.2310023512105,253782,-0.23331950076446173,0
2025-07-25,2548.96044921875,2615.8304537678036,2542.963130639229,2603.8358166087614,424612,-2.235076664227975,1
2025-07-28,2521.1728515625,2583.844782589211,2511.4772352271734,2547.8608707233648,428409,-1.0901541318448782,0
2025-07-29,2546.76123046875,2556.256984861298,2506.3793830856794,2527.869774605656,424781,1.0149394909750642,0
2025-07-30,2531.767822265625,2551.4592125721997,2523.871450784683,2546.7611180128606,262063,-0.5887245346657521,0
2025-07-31,2429.613525390625,2518.87366066411,2421.517292185964,2508.778077348053,1457616,-4.034899882074661,1
2025-08-01,2349.849365234375,2443.8073598354285,2331.957461747423,2423.9163500803693,976341,-3.282997864585302,1
2025-08-04,2362.543701171875,2373.6385936764377,2337.154907126297,2358.945212557066,576426,0.5402191359714648,0
2025-08-05,2327.159423828125,2368.9407912308193,2314.9649251015094,2368.9407912308193,576742,-1.4977194845622765,0
2025-08-06,2299.27197265625,2346.8505523057943,2294.973845654689,2332.856809344485,631582,-1.1983472591663213,0
2025-08-07,2248.794677734375,2293.9744303448842,2201.815680685918,2288.976664701431,1529410,-2.195359901837135,1
2025-08-08,2177.126708984375,2259.88951060117,2163.832603922048,2245.9958200965802,2552736,-3.1869503009587463,1
2025-08-11,2282.37939453125,2300.9711793444662,2182.024363383566,2195.018553362488,2376286,4.834476795150566,0
2025-08-12,2287.17724609375,2313.6654019869634,2265.9867701854805,2279.081012786804,1075526,0.21021270933290204,0
2025-08-13,2279.0810546875,2313.865306331378,2244.396367900298,2297.972510115865,833679,-0.3539818096772951,0
2025-08-14,2280.580322265625,2302.9702128333474,2266.686388538396,2286.9773641331158,998109,0.06578386385343027,0
2025-08-18,2332.55712890625,2358.9452321961794,2298.972048326785,2308.567855358492,988629,2.2791044074689237,0
2025-08-19,2387.33251953125,2394.529497055675,2313.0659196409943,2338.8541943212863,1069432,2.3482979236047585,0
2025-08-20,2386.033203125,2404.9246583146187,2371.0399072502205,2378.936278798334,780025,-0.054425447465744625,0
2025-08-21,2376.137451171875,2395.9286502808714,2370.339994701148,2386.0331727421258,441867,-0.41473655689973077,0
2025-08-22,2323.86083984375,2375.238014171495,2319.962680474945,2368.840728090787,584211,-2.2000668059982353,1
2025-08-25,2301.87060546875,2347.350268932297,2298.9719992562027,2334.655994090531,542455,-0.9462801729762216,0
2025-08-26,2270.984619140625,2308.267998181939,2248.3946217073417,2302.9703180017605,1071550,-1.3417776939653625,0
2025-08-28,2274.18310546875,2326.8595036694337,2253.992182177498,2270.8845315177978,907868,0.1408413910498174,0
2025-08-29,2243.69677734375,2288.6766664945285,2238.9989266165276,2281.979709582827,795699,-1.340539732780932,0
2025-09-01,2283.17919921875,2286.977549899889,2251.0936903265692,2257.9905092761574,425639,1.7597039971569695,0
2025-09-02,2273.18359375,2300.971218522826,2262.98820101463,2289.9761345072952,481894,-0.4377932959519937,0
2025-09-03,2287.677001953125,2291.9751288466655,2262.0885904572983,2283.9787044983127,443629,0.6375819464373267,0
2025-09-04,2277.78173828125,2316.2645340706063,2273.983387552878,2308.867694435034,392697,-0.4325463631197457,0
2025-09-05,2280.38037109375,2292.4750613561996,2246.9953947803515,2273.9833287923934,443010,0.11408612022945075,0
2025-09-08,2309.8671875,2332.8569090619844,2284.978412638982,2288.9766250845446,542811,1.293065699916851,0
2025-09-09,2310.56689453125,2323.9608075946785,2295.97332259999,2318.9630424170555,369431,0.03029208930438454,0
2025-09-10,2339.154052734375,2344.851456444431,2324.0609477502976,2328.9586601956153,390490,1.2372356875183455,0
2025-09-11,2397.72802734375,2417.61903643987,2339.1541180159957,2346.95068100964,2111888,2.5040665680357677,0
2025-09-12,2390.930908203125,2420.5177762516864,2386.0331958449106,2415.819681666717,533971,-0.28348165693149463,0
2025-09-15,2382.334716796875,2401.726192996577,2377.0372806902196,2390.930970910245,298129,-0.35953324191665414,0
2025-09-16,2398.32763671875,2414.7204541566816,2386.9328288669185,2408.922997307066,752979,0.6713128851758565,0
2025-09-17,2400.926513671875,2415.9198099687433,2389.931429720838,2415.9198099687433,514354,0.10836204834301366,0
2025-09-18,2400.926513671875,2436.9104247843593,2387.3324940834414,2413.4209272525986,703730,0.0,0
2025-09-19,2522.8720703125,2577.8474918129705,2464.9980423818865,2493.8850298849793,7965135,5.07910408528609,0
2025-09-22,2628.324951171875,2657.8117684601693,2520.9730427925247,2533.867180536491,7022985,4.179874282975948,0
2025-09-23,2675.203857421875,2693.795642959921,2591.841225304295,2641.419157384738,5610022,1.7836038968126244,0
2025-09-24,2618.629150390625,2674.803983448984,2613.231417458034,2653.813369229093,1720785,-2.1147811548751116,1
2025-09-25,2575.24853515625,2646.716582525825,2565.8528335342567,2623.826913917968,1489682,-1.6566154557587476,0
2025-09-26,2542.563232421875,2603.8358877223764,2533.867169050374,2571.65032593956,1037808,-1.2692096428041255,0
2025-09-29,2508.37841796875,2553.85808245075,2503.880429173827,2542.563084003863,1012402,-1.3445020370471905,0
2025-09-30,2504.780029296875,2533.8671222776406,2489.487062008936,2520.8729319069857,712592,-0.14345477724165834,0
2025-10-01,2591.541259765625,2602.236429072377,2470.9953029663557,2517.274416024738,1573485,3.4638263421920223,0
2025-10-03,2588.742431640625,2611.7321525459975,2563.2538280281465,2593.8402499757262,917651,-0.10799859405877799,0
2025-10-06,2572.349853515625,2598.638148347753,2561.4548225471854,2587.942979189176,654955,-0.6332255354817629,0
2025-10-07,2541.063720703125,2616.1302525420506,2531.9679343462694,2579.5465132159534,1120230,-1.2162471900834637,0
2025-10-08,2522.971923828125,2563.8535455183305,2498.8825979710823,2560.8548864007653,1063357,-0.7119773001990626,0
2025-10-09,2541.263671875,2557.856350738981,2521.0727483151727,2533.867076640608,651703,0.725007990541604,0
2025-10-10,2549.759765625,2563.853561176232,2537.6653201958593,2550.859371587424,690142,0.3343255500808162,0
2025-10-13,2526.270263671875,2540.9638886315415,2502.880820074515,2527.969699070452,645483,-0.9212437293035447,0
2025-10-14,2515.875,2537.765113948781,2484.089164542924,2537.765113948781,673048,-0.41148660225948097,0
2025-10-15,2531.668212890625,2560.2552859492885,2526.1706706833984,2533.8671809672105,759772,0.6277423516917624,0
2025-10-16,2556.45703125,2578.5470076936936,2539.7642997440025,2543.6627031386624,1020102,0.9791495675916861,0
2025-10-17,2548.260498046875,2576.0481221882887,2541.963508933551,2558.8558581973275,682968,-0.3206208085225426,0
2025-10-20,2546.96142578125,2577.8475198567253,2535.966341361543,2560.155478278593,747349,-0.050978785984423514,0
2025-10-21,2548.76025390625,2560.854943563004,2541.1637970577553,2553.7580192137502,101019,0.0706264377148269,0
2025-10-23,2544.662353515625,2576.6480530013264,2539.7643968629645,2558.7559059326,852445,-0.16078014337930213,0
2025-10-24,2503.080810546875,2553.6582947433294,2496.5837154323494,2553.6582947433294,473765,-1.6340691687957043,0
2025-10-27,2491.68603515625,2513.476341705826,2485.988631249864,2503.080842969023,478055,-0.4552300246405294,0
2025-10-28,2493.28515625,2514.8756008331943,2477.992189037716,2493.8849857229015,626988,0.06417827411588917,0
2025-10-29,2536.265869140625,2598.837989106328,2494.3846930057084,2498.882681833008,1526734,1.7238586923314259,0
2025-10-30,2525.7705078125,2558.2559819809735,2510.6774031562054,2548.860280911002,783328,-0.41381155878903453,0
2025-10-31,2479.89111328125,2542.36317881131,2463.798211588104,2533.8669778992216,848642,-1.8164514309332414,0
2025-11-03,2465.8974609375,2500.7817659948246,2456.401706629066,2482.889863384171,731108,-0.5642849506095615,0
2025-11-04,2418.718505859375,2487.787474814622,2389.531605766614,2478.69168852868,2072668,-1.9132569713660397,0
2025-11-06,2313.265869140625,2426.0155115751168,2306.5689119424196,2424.0164053051135,1978147,-4.359855703062998,1
2025-11-07,2368.341064453125,2401.4263703312768,2290.3759211083425,2313.9654723483477,2232889,2.3808415646127346,0
2025-11-10,2297.3310546875,2314.0957762481394,2290.838596032777,2307.215551504247,577428,-2.9983016733285406,1
2025-11-11,2293.5517578125,2305.2774725648533,2266.1277391204144,2294.7148120582797,654132,-0.16450815250543815,0
2025-11-12,2407.609130859375,2439.587997516291,2287.9314362909995,2310.2195672117296,6895852,4.972958323628962,0
2025-11-13,2411.194580078125,2446.855636791042,2391.7167170105436,2424.5675068494074,2791508,0.14892156591341799,0
2025-11-14,2438.909423828125,2474.667360186821,2404.217417081213,2422.6293500664538,4637753,1.149423774380831,0
2025-11-17,2460.899658203125,2473.7937951928034,2419.9179823354043,2458.9005520632363,2672697,0.9016421093852589,0
2025-11-18,2435.7109375,2477.4923040785425,2433.2120548581197,2460.899625723853,1245215,-1.02355740589265,0
2025-11-19,2432.0126953125,2448.804991822671,2412.8210809611383,2445.406608965021,774785,-0.15183419881900084,0
2025-11-20,2445.0068359375,2477.7919810569465,2439.30918827435,2449.005048174653,1526556,0.5342957563521322,0
2025-11-21,2421.217529296875,2455.102281863283,2416.91940214928,2448.9051014333068,547541,-0.9729750563868378,0
2025-11-24,2398.127685546875,2431.212989898014,2392.030558216385,2425.1156185360114,691419,-0.9536459847416245,0
2025-11-25,2331.857177734375,2406.6237935585305,2324.260721087291,2399.8267841142433,2223715,-2.7634269939795786,1
2025-11-26,2313.96533203125,2355.9465605173464,2308.9675667352863,2320.1625121919433,1026965,-0.767278797087767,0
2025-11-27,2253.9921875,2319.462914010532,2241.99755058204,2308.967606707317,1474038,-2.591790970290997,1
2025-11-28,2279.180908203125,2329.958254007972,2246.7954856828023,2266.0869091361897,3037620,1.1175158832765542,0
2025-12-01,2260.989013671875,2302.9702420424405,2255.991248389665,2298.972029816672,1313265,-0.7981768566845515,0
2025-12-02,2238.59912109375,2266.1866390113696,2231.2022820628786,2253.992140538483,1035354,-0.9902698528270859,0
2025-12-03,2188.8212890625,2243.9965678944045,2171.229058000036,2238.9988027097847,1643852,-2.223615276277302,1
2025-12-04,2216.90869140625,2230.702572796736,2182.4241099457918,2187.0221517531254,2522821,1.2832204476492581,0
2025-12-05,2264.387451171875,2267.5862162549965,2201.9153836345613,2216.908679843517,2400781,2.141665101033441,0
2025-12-08,2215.20947265625,2269.385200432959,2204.0145270394946,2264.387435065523,939764,-2.171800523367773,1
2025-12-09,2244.196533203125,2255.9913083891315,2177.4263384507017,2215.209493795378,1227728,1.3085471556835149,0
2025-12-10,2210.61181640625,2266.486739177327,2203.1151678753436,2254.7920162754185,935149,-1.4965140663923848,0
2025-12-11,2276.68212890625,2292.8748409020445,2191.4201976049358,2224.0057274489336,1519832,2.9887794867309303,0
2025-12-12,2281.3798828125,2295.773593776679,2269.1853838790616,2276.6820320797224,929199,0.206342108395563,0
2025-12-15,2277.88134765625,2298.97201462037,2271.9840822748265,2281.379783330672,573027,-0.15335171413614068,0
2025-12-16,2246.895263671875,2275.7824940096057,2231.1025202840265,2268.985484281227,654714,-1.3603028101642378,0
2025-12-17,2231.502197265625,2253.9921410230613,2220.0073371229355,2246.5955460221076,651509,-0.6850816170707819,0
2025-12-18,2228.3037109375,2243.9966453525944,2210.111893843839,2235.4003913257216,508238,-0.14333332640426022,0
2025-12-19,2237.999267578125,2248.994351072256,2209.012229275416,2247.994798027335,880005,0.43510929829875256,0
2025-12-22,2262.488525390625,2272.983833328156,2244.896292568438,2258.990089411448,599195,1.0942478028154623,0
2025-12-23,2247.794921875,2272.5838860370923,2243.9965715222475,2271.4842800820966,450112,-0.6494443331193533,0
2025-12-24,2221.70654296875,2257.790506133646,2216.4088629317794,2248.9943903783087,825693,-1.1606209557804448,0
2025-12-26,2228.9033203125,2249.8939350380156,2217.0087362473137,2228.303734882108,566237,0.32393015029488215,0
2025-12-29,2202.21533203125,2237.1996903869663,2195.018598547235,2231.002509998829,690691,-1.1973596179805757,0
2025-12-30,2213.710205078125,2218.0083322208643,2194.0190577849467,2203.814726985917,935026,0.521968623126079,0
2025-12-31,2238.698974609375,2245.3959314095755,2215.309530252999,2215.309530252999,779141,1.1288184638588827,0
2026-01-01,2258.989990234375,2286.3776473706275,2239.998481466918,2247.9949062111104,1046220,0.9063753481434622,0
2026-01-02,2278.78125,2282.679409552342,2257.9904963139566,2258.9900494331746,715242,0.8761109987730276,0
2026-01-05,2278.481201171875,2302.8701982329253,2273.2835740641194,2285.977849124842,696380,-0.013167074642417287,0
2026-01-06,2258.090576171875,2289.3763939513483,2247.0954917293307,2287.877064254638,698294,-0.8949218009572601,0
2026-01-07,2273.083740234375,2282.979218041477,2241.9975420608725,2263.9877096602213,529451,0.6639753170538443,0
2026-01-08,2213.010498046875,2274.8827354970986,2204.0145204125383,2273.9832353462693,792800,-2.6428081431485673,1
2026-01-09,2152.737548828125,2215.009758256906,2144.0414853163643,2213.1107049035027,1570376,-2.723572674957697,1
2026-01-12,2170.629638671875,2179.025787211826,2118.0530472944306,2155.6363419708764,1257197,0.8311319628112601,0
2026-01-13,2157.535400390625,2186.822355489005,2140.143273788827,2186.822355489005,791556,-0.603246083438802,0
2026-01-14,2152.337646484375,2168.030580673265,2141.0426481337636,2155.0363909320236,618139,-0.2409116395174271,0
2026-01-15,2152.337646484375,2152.337646484375,2152.337646484375,2152.337646484375,0,0.0,0
2026-01-16,2156.3359375,2192.9194343046515,2151.1383102198956,2161.8334795144697,758469,0.18576504584006948,0
2026-01-19,2133.64599609375,2155.8360245601384,2122.0510833296544,2154.036780299296,749495,-1.052245200372448,0
2026-01-20,2054.181640625,2138.943546926454,2039.0882914433769,2133.0462813432187,1160975,-3.7243458199828994,1
2026-01-21,2031.291748046875,2067.2756594171706,2003.204330519324,2055.580937028128,1354644,-1.1143071345511846,0
2026-01-22,2085.467529296875,2101.960155755851,2050.0834465065914,2054.9811591757384,942721,2.667060568827262,0
2026-01-23,1863.3668212890625,2081.569309609269,1847.1741100398217,2079.5702034295723,7492631,-10.649924052411153,1
2026-01-27,1958.624267578125,1973.017856387056,1892.153987509768,1908.1468368495232,5449633,5.112114544529889,0
2026-01-28,1993.8084716796875,2003.1043640918053,1951.1276041453114,1984.1128556498172,2073198,1.796373336324919,0
2026-01-29,2018.2974853515625,2028.1930850261886,1971.1186298332548,1998.906253644305,1391239,1.228253065413254,0
2026-01-30,2019.4970703125,2037.8888714156772,1991.3096002040932,2004.1039284538922,1230915,0.05943548806079946,0
2026-02-02,1994.50830078125,2001.305188722125,1933.1357154030477,1955.7255912936437,1229270,-1.2373758743498997,0
2026-02-03,2201.61572265625,2232.401762449355,2130.147677078015,2149.039132772103,6918581,10.383883676687432,0
2026-02-04,2227.2041015625,2244.996195013163,2188.2215318360913,2219.007815195557,2051918,1.1622545498256809,0
2026-02-05,2235.6005859375,2242.69726660752,2209.012375569172,2231.002544013752,992382,0.3769966286030657,0
2026-02-06,2225.40478515625,2236.999698004262,2199.416406180329,2225.105114470192,933650,-0.4560654011894649,0
2026-02-09,2249.094482421875,2286.977446532869,2238.998898703508,2248.9944295012915,1650899,1.064511832797277,0
2026-02-10,2227.404052734375,2267.286368242699,2170.0298018323915,2257.990475513299,1670672,-0.9644072250865721,0
2026-02-11,2233.4013671875,2236.6999412506248,2214.1101874258557,2231.902037525309,682320,0.26925130381094675,0
2026-02-12,2210.8115234375,2228.503563925425,2200.016301502517,2228.00378739169,649585,-1.0114547291805054,0
2026-02-13,2135.645263671875,2209.012364032098,2123.2506587398416,2209.012364032098,1489548,-3.3999397492171624,1
2026-02-16,2183.623779296875,2189.9207685423253,2102.260011304634,2123.2506262068446,1824808,2.246558285738387,0
2026-02-17,2241.8974609375,2250.993491397224,2169.0301404671295,2169.0301404671295,1931699,2.6686685771204255,0
2026-02-18,2210.211669921875,2252.9925895501583,2187.122140733589,2252.9925895501583,1149398,-1.4133470226767142,0
2026-02-19,2155.736083984375,2217.908236902735,2150.0386802210546,2217.908236902735,1101633,-2.4647225729029665,1
2026-02-20,2159.83447265625,2173.4282489346483,2151.1384091488317,2159.0347813383373,738454,0.19011551099985535,0
2026-02-23,2190.020751953125,2202.015388659395,2154.3367565582735,2179.025668305711,1103960,1.397620034268221,0
2026-02-24,2182.0244140625,2203.714667494014,2161.233660807044,2167.6309470564634,1152423,-0.3651261241928272,0
2026-02-25,2230.70263671875,2236.3002317722962,2179.1258424318817,2192.2198418123044,1474187,2.2308743358934624,0
2026-02-26,2215.409423828125,2231.402273649029,2199.1169032982966,2229.0034437885024,915342,-0.6855782854643722,0
2026-02-27,2160.833984375,2215.4094383270967,2152.0378681096313,2209.0123959694774,1433096,-2.4634471112261136,1
2026-03-02,2123.650634765625,2146.940026999537,2072.773235056169,2092.064658882267,2134522,-1.720786968283916,0
2026-03-04,2075.572021484375,2103.6595613332993,2036.5894504090604,2103.6595613332993,1585848,-2.263960582506841,1
2026-03-05,2088.266357421875,2099.0615800685327,2039.0883920665747,2093.064261268337,1231524,0.6116066224684191,0
2026-03-06,2038.9884033203125,2089.06598947834,2029.2926649922251,2078.1709582463,1696027,-2.3597542490891743,1
2026-03-09,1998.3065185546875,2005.1035284744644,1939.5328691947025,1984.1129132710926,1305447,-1.9951994184654542,0
2026-03-10,1995.6077880859375,2029.092817337567,1981.314129778191,2029.092817337567,1680405,-0.1350508765142755,0
2026-03-11,1973.8173828125,2026.4939023916854,1969.119532227194,2005.703149894863,1088294,-1.0919182318053333,0
2026-03-12,2001.105224609375,2025.0944980312656,1946.2297372536493,1959.1239961210663,1473773,1.382490702254957,0
2026-03-13,1960.2235107421875,2007.7022817989432,1944.1307306397857,1999.0062188537977,1195448,-2.042956730332246,1
2026-03-16,1977.115966796875,1993.9085071310778,1945.729976085624,1960.123564655547,1465828,0.8617617308493308,0
2026-03-17,1974.5172119140625,1989.110662724872,1944.130773366772,1989.010731818339,1268988,-0.13144170228025498,0
2026-03-18,2006.3028564453125,2026.0940558713742,1981.3140299052118,1988.0111086274114,1041095,1.6097932365166656,0
2026-03-19,1935.9344482421875,1987.7112244187203,1929.137438512628,1983.1133046679035,1510588,-3.507367194193256,1
2026-03-20,1926.23876953125,1973.5176803338684,1919.0420359617938,1950.1281132094953,1175662,-0.5008268084563006,0
2026-03-23,1832.1807861328125,1909.2463037977682,1819.686372697646,1909.146372893438,2370668,-4.882986724502825,1
2026-03-24,1817.0875244140625,1892.1539344962077,1812.8893283705459,1891.8540197731872,11211381,-0.8237867045100544,0
2026-03-25,1885.7568359375,1910.1459557463081,1838.377995049589,1847.074180145487,2537690,3.779086620804395,0
2026-03-27,1822.185302734375,1882.3583505954377,1815.6882075792605,1879.1598294792238,2585257,-3.3711416016965146,1
2026-03-30,1758.0140380859375,1836.97873285117,1752.216581309528,1809.1911079122908,2825299,-3.521665143064323,1
2026-04-01,1841.676513671875,1869.1642228311568,1802.993859043115,1824.1843351159685,2328166,4.758919654420168,0
2026-04-02,1833.3802490234375,1842.0764342114771,1769.3089196533442,1804.1933472809305,1830598,-0.4504734999251636,0
2026-04-06,1901.349853515625,1908.146863385849,1801.29461284548,1836.0791094494932,3153437,3.707338100123647,0
2026-04-07,1881.2587890625,1903.7487329034102,1864.166456146559,1889.1552826364593,1566909,-1.056673731874036,0
2026-04-08,2042.8865966796875,2098.0618768892436,1974.2172281189764,1999.1061237629763,4197831,8.591471229629843,0
2026-04-09,2039.5880126953125,2064.0770625904534,2009.4015591818893,2038.888374361753,2481188,-0.16146681806695762,0
2026-04-10,2085.867431640625,2093.6639945288275,2040.7874897852414,2042.1868885107851,1700162,2.2690572143613696,0
2026-04-13,2128.048583984375,2158.035177464662,1999.306093836038,2009.3016249961336,3729773,2.0222355315540286,0
2026-04-15,2143.441650390625,2199.0169024468937,2135.045501648439,2186.0227116597075,1779015,0.7233418692645266,0
2026-04-16,2202.715087890625,2209.4120447638015,2160.134272825081,2169.0301976822316,2188912,2.765339447854709,0
2026-04-17,2217.30859375,2238.998846266909,2185.1230341412147,2238.998846266909,2408901,0.6625235346869207,0
2026-04-20,2228.603759765625,2279.0811929100128,2201.2158575416356,2217.308760572556,1795338,0.509408841307124,0
2026-04-21,2225.005126953125,2253.992165893664,2219.007808551634,2228.703424494409,1818221,-0.1614747707721076,0
2026-04-22,2259.78955078125,2277.5816436140694,2223.106003195795,2228.0037154556626,3517237,1.5633412888247156,0
2026-04-23,2298.97216796875,2332.856921005767,2220.807163064117,2242.4974168860394,2948009,1.7339055831085526,0
2026-04-24,2286.57763671875,2320.3623343165,2226.0046247549362,2309.1673890512893,2271317,-0.5391335929460617,0
2026-04-27,2320.762451171875,2335.955609582367,2284.978401157591,2299.172006461715,1500864,1.4950209388989055,0
2026-04-28,2411.32177734375,2418.9184784423737,2319.862669584462,2320.7624137846105,4375556,3.902136822583757,0
2026-04-29,2424.815673828125,2442.7078200445444,2386.9327104169424,2426.5151092575657,4656967,0.5596057984114999,0
2026-04-30,2407.323486328125,2418.91839940897,2327.7592093615117,2393.8295200504303,3538354,-0.7213821524167496,0
2026-05-01,2407.323486328125,2407.323486328125,2407.323486328125,2407.323486328125,0,0.0,0
2026-05-04,2484.589111328125,2513.8760661938645,2373.938631097586,2389.3316513455684,6039537,3.209607077686627,0
2026-05-05,2460.899658203125,2510.7772587807463,2448.905021363792,2468.89608276268,1622580,-0.953455564020278,0
2026-05-06,2539.164794921875,2545.361975350668,2471.0951310334453,2474.3937050777845,3169133,3.1803465231856176,0
2026-05-07,2512.57666015625,2548.760434743526,2505.080011663105,2539.164871091216,1098088,-1.047121274633267,0
2026-05-08,2504.780029296875,2544.962259360577,2498.882763587417,2517.874272590681,1499613,-0.310304198196687,0
2026-05-11,2499.08251953125,2512.8764006081938,2458.900535201335,2493.884892409484,1279432,-0.2274654739731541,0
2026-05-12,2404.125,2510.577402169413,2399.0274257516394,2486.5881284410943,1459022,-3.7996952397178596,1
2026-05-13,2496.883544921875,2528.8692428552217,2400.0269509800632,2400.0269509800632,2036291,3.8583079050330094,0
2026-05-14,2711.6875,2718.7844246032996,2528.8693361199807,2528.969389042316,9539233,8.602882401743962,0
2026-05-15,2714.7861328125,2801.847302651897,2659.8107140699785,2779.8571351548885,6742083,0.11426953926292338,0
2026-05-18,2688.597900390625,2708.7888236275985,2646.3167566620173,2698.7932929131057,2033884,-0.9646517677893152,0
2026-05-19,2723.7822265625,2773.2601055404243,2695.7947394638763,2733.4778429296475,4204144,1.308649618701363,0
2026-05-20,2703.59130859375,2718.7844671036128,2683.900161075811,2713.7867015390843,1187449,-0.7412823893131693,0
2026-05-21,2696.39453125,2768.762077837922,2682.8005115223764,2726.680794854565,1606690,-0.26619324159217195,0
2026-05-22,2716.085693359375,2743.773265483451,2704.8907474212656,2708.9887687212913,1094843,0.7302774828076286,0
2026-05-25,2848.42626953125,2857.5222998725158,2738.075710743366,2738.575487266919,3277924,4.872474255706938,0
2026-05-26,2967.972900390625,2978.068239709439,2823.737347430612,2844.7279613407154,4899494,4.196936116554206,0
2026-05-27,2971.771484375,3026.1470765945096,2942.684390914694,2980.6674095474245,3826916,0.12798580417883176,0
2026-05-28,2971.771484375,2971.771484375,2971.771484375,2971.771484375,0,0.0,0
2026-05-29,2936.087158203125,2993.6615139811115,2925.492041834656,2986.4647805167424,4040865,-1.200776249435609,0
2026-06-01,2908.099609375,2954.3789654039347,2889.807983386944,2948.5815087814062,1629342,-0.953226090374415,0
2026-06-02,2966.773681640625,2973.670500482918,2863.9195202638325,2883.710720636376,2066890,2.017608753031497,0
2026-06-03,2924.29248046875,2963.6747727537872,2886.809241352977,2958.6770075383506,1346112,-1.4318989491771017,0
2026-06-04,2971.471435546875,2981.6668281240336,2916.7959310516744,2918.694984285008,1722991,1.613345976615932,0
2026-06-05,3046.837646484375,3058.4325598129344,2920.494234916237,2990.662812253037,5617327,2.536326280505863,0
2026-06-08,2968.672607421875,3038.4414602679235,2953.7793643440464,3016.351239886288,1653499,-2.5654481180738875,1
2026-06-09,2978.568115234375,2997.3597618800422,2934.587779865649,2984.565433693747,1841620,0.33333105805473107,0
2026-06-10,2929.7900390625,2993.5613283531775,2916.695796510116,2975.6694263915747,1475029,-1.6376350744638501,0
2026-06-11,2907.5,2965.474077684693,2893.806171835952,2893.806171835952,1204115,-0.76080670509866,0
2026-06-12,2921.60009765625,2971.89990234375,2886.199951171875,2958.800048828125,2321009,0.4849560672828934,0
2026-06-15,2942.5,2983.0,2935.0,2960.0,1174229,0.7153580793112679,0
2026-06-16,2943.60009765625,2997.699951171875,2928.300048828125,2971.39990234375,1851843,0.037386496389135715,0
2026-06-17,2951.89990234375,2974.5,2934.60009765625,2958.0,1244567,0.2819610141373552,0
2026-06-18,3013.39990234375,3041.0,2938.0,2952.0,1774394,2.083403978270737,0
2026-06-19,3038.39990234375,3051.89990234375,3009.10009765625,3017.0,3620222,0.8296276899908195,0
2026-06-22,3059.60009765625,3065.0,3001.0,3040.0,1726452,0.6977421009047191,0
2026-06-23,2962.89990234375,3091.699951171875,2943.5,3072.0,1620658,-3.160550144660257,1
2026-06-24,3069.699951171875,3077.800048828125,2971.0,2988.300048828125,2527812,3.6045783640426876,0
2026-06-25,3038.0,3105.0,3027.699951171875,3086.0,1719600,-1.0326726284689003,0
2026-06-26,3038.0,3038.0,3038.0,3038.0,0,0.0,0
2026-06-29,2962.5,3020.0,2955.0,3020.0,1693354,-2.485187623436469,1
2026-06-30,3036.0,3054.60009765625,2969.0,2980.0,2099291,2.4810126582278436,0
2026-07-01,3143.60009765625,3149.800048828125,3012.800048828125,3041.0,3415655,3.54414023900691,0
2026-07-02,3177.5,3229.60009765625,3147.0,3155.89990234375,3400034,1.0783783334599173,0
2026-07-03,3212.10009765625,3224.0,3105.5,3192.0,2848623,1.0889094463021332,0
2026-07-06,3206.60009765625,3245.0,3187.699951171875,3230.0,1978869,-0.17122754063652046,0
2026-07-07,3107.199951171875,3215.199951171875,3096.5,3209.89990234375,2093552,-3.09986101968337,1
2026-07-08,3046.89990234375,3146.89990234375,3028.0,3105.0,2321035,-1.9406555669319925,0
2026-07-09,3083.60009765625,3105.0,3026.800048828125,3060.0,2609306,1.204509386221364,0
2026-07-10,3157.300048828125,3183.0,3100.0,3105.0,2145335,2.390061902900187,0
2026-07-13,3177.5,3195.0,3115.199951171875,3127.300048828125,1599810,0.6397856035055272,0
2026-07-14,3188.89990234375,3219.699951171875,3145.0,3169.89990234375,1932879,0.3587695466168439,0
2026-07-15,3150.60009765625,3199.89990234375,3142.300048828125,3195.0,1035101,-1.201035023374386,0
2026-07-16,3151.39990234375,3190.0,3140.10009765625,3167.60009765625,1151243,0.025385788824650035,0
2026-07-17,3160.699951171875,3184.800048828125,3140.0,3156.10009765625,1021302,0.2951084951550609,0
2026-07-20,3183.300048828125,3189.0,3133.0,3162.699951171875,994778,0.7150345811177239,0
2026-07-21,3182.699951171875,3213.5,3170.0,3175.199951171875,951463,-0.018851432382915867,0
2026-07-22,3147.699951171875,3201.89990234375,3139.0,3182.0,977224,-1.0996952441939434,0
2026-07-23,3010.0,3147.10009765625,3001.300048828125,3147.10009765625,1580313,-4.3746212570423,1
2026-07-24,3026.39990234375,3041.89990234375,2992.5,3010.0,1280635,0.544847253945191,0
