Date,Close,High,Low,Open,Volume,Daily_Change_%,Crash_Signal
2020-01-01,745.0123291015625,756.2069178096431,743.5197172738185,751.1818034698108,4917748,,0
2020-01-02,753.2216796875,755.2615703326652,743.9176963658726,746.3058995382067,5156046,1.1019080175273643,0
2020-01-03,739.2907104492188,752.525190916109,736.8527654524016,749.4404838488126,8489729,-1.8495178264200995,0
2020-01-06,719.6876831054688,735.9571280391353,718.1453296681187,735.8079032942812,6356198,-2.6515993054800457,1
2020-01-07,722.1753540039062,734.3650172302898,717.4984914762653,724.4142717393644,9103360,0.3456597850477472,0
2020-01-08,720.9315185546875,722.1753617544023,705.6073460403888,711.727078876798,8973215,-0.17223454695908247,0
2020-01-09,739.191162109375,741.3305968504757,727.3995520774466,729.9369802284841,7559853,2.5327847492774502,0
2020-01-10,736.4049682617188,748.0970951717942,731.1808264508339,739.3404505690278,8550490,-0.37692466989263096,0
2020-01-13,733.7680053710938,743.071928220043,731.7280539339862,736.3551749351615,6423758,-0.35808597229449735,0
2020-01-14,744.2162475585938,747.6990083306579,730.583714675323,736.3551346649807,7237665,1.423916293844929,0
2020-01-15,742.6241455078125,745.3108590156565,734.3650386562812,743.3704514414063,7911661,-0.213930031224685,0
2020-01-16,733.6685180664062,746.7040322581036,731.4793417170451,742.8232168781209,6487613,-1.2059434770037458,0
2020-01-17,736.2556762695312,738.7931041990385,727.25020309699,731.2305012560695,7678864,0.3526331223729695,0
2020-01-20,723.6182861328125,742.5247041824992,721.4291097906785,739.2907116213687,10677371,-1.7164404355766716,0
2020-01-21,714.0655517578125,726.0064476784083,712.523198181643,722.772455033247,8242803,-1.3201344628881673,0
2020-01-22,709.0900268554688,719.1900567894205,703.1195801716409,713.4683787174189,13321307,-0.6967882556574101,0
2020-01-23,719.4389038085938,733.917226447877,715.8566597016994,721.4787945009789,20643257,1.4594588220367744,0
2020-01-24,733.7680053710938,738.0468138352971,716.8517378387995,719.836961520969,9541490,1.9917051311298284,0
2020-01-27,736.60400390625,744.7636281193933,727.3995634656789,728.8424338438108,9170435,0.38649798225012244,0
2020-01-28,733.5192260742188,742.823148787999,731.3797915059334,734.7630692570519,7836737,-0.41878374481709724,0
2020-01-29,731.6285400390625,741.8280538580361,729.9369012099855,736.3551440039528,7985274,-0.25775548451200114,0
2020-01-30,727.2999877929688,732.7728976291233,723.7176830958596,732.12607490013,6041343,-0.5916325032731318,0
2020-01-31,725.7078247070312,733.6186791725831,721.6280435283329,731.081251330489,8345819,-0.21891421870761096,0
2020-02-03,705.4580688476562,709.2890813241368,692.1240464442609,701.2290022830492,11594991,-2.7903455316262926,1
2020-02-04,711.4783325195312,717.0507259349619,706.5029595648492,708.9409044595501,9653925,0.8533836294067676,0
2020-02-05,720.4837646484375,722.0759204771462,711.6773785774441,715.9064457017865,7975101,1.2657352609763528,0
2020-02-06,733.3202514648438,741.33058998828,719.4389484047334,723.8670425992215,9627252,1.7816483099615477,0
2020-02-07,744.465087890625,745.5099040759734,730.3847579764214,733.071471549127,8438354,1.5197775328744667,0
2020-02-10,737.4497680664062,743.1217054817697,735.3601356823674,742.6241681775192,4713339,-0.942330263477642,0
2020-02-11,746.2561645507812,753.370911081845,738.3453097988871,739.3403843403951,7845657,1.1941689950578427,0
2020-02-12,751.5300903320312,756.9532590394273,747.3010232894478,748.2960978877027,6190440,0.7067178847929068,0
2020-02-13,744.1168212890625,749.7390174321865,738.6439106392927,747.4005555320168,5031706,-0.9864234497508284,0
2020-02-14,732.8724365234375,748.8433715675711,728.494084027719,744.4152774891922,6155000,-1.511104767951077,0
2020-02-17,734.7631225585938,739.4399246776892,726.6034985403824,733.7680479401421,4275465,0.25798296414656363,0
2020-02-18,730.0365600585938,734.1163419347989,721.1306295649339,734.1163419347989,5215502,-0.6432770446536784,0
2020-02-19,737.3999633789062,741.4300030515532,731.7280264489262,737.0019700102852,4372673,1.0086348716181526,0
2020-02-20,740.634033203125,750.2862692381085,733.9670210510517,739.0916796771951,7529403,0.4385774321712166,0
2020-02-24,721.8768310546875,734.7630583850737,719.4388863055016,734.3152626989735,6589087,-2.5325871223221497,1
2020-02-25,725.1605224609375,728.3945144993568,718.4935113425219,725.8073451624317,5419596,0.45488250418737053,0
2020-02-26,725.807373046875,732.1260719016543,718.4437973673046,721.7275311086429,7136975,0.08920102045024692,0
2020-02-27,732.2255859375,735.8078907710061,713.0206592008507,725.110839320321,8867328,0.8842859867463027,0
2020-02-28,693.8654174804688,721.1304823189372,687.5964604510475,715.3590625257323,16428944,-5.23884567730819,1
2020-03-02,680.8300170898438,709.7369205284278,671.9738293292205,705.8063639215326,13854352,-1.8786640841618185,0
2020-03-03,683.7655029296875,692.3728613666526,671.6753228250248,686.5019579486043,11198145,0.43116281100401554,0
2020-03-04,678.8399047851562,692.5719221287329,665.0083435407832,686.6014745241749,14802724,-0.7203636514897083,0
2020-03-05,674.5610961914062,690.5817729708355,671.924124205413,683.1187134646665,10508008,-0.6303118840817357,0
2020-03-06,654.4108276367188,657.5452761508079,637.8925530214498,646.7984827383693,12969235,-2.9871673104862606,1
2020-03-09,620.478759765625,638.6886129478808,612.0703671798425,635.8526746084642,14336369,-5.185132402780224,1
2020-03-11,616.2993774414062,631.275297500919,609.0850871974726,610.6275012855226,11021433,-0.6735737941774844,0
2020-03-12,540.5742797851562,591.074316046724,525.5486775262669,589.0841668344455,29369378,-12.287063792052821,1
2020-03-13,565.9984130859375,582.7654563219692,448.8781523859286,514.4038200303784,25599305,4.70317109998013,0
2020-03-16,506.0948791503906,542.315583615673,499.875663741954,539.6786119886856,21542970,-10.583692913367148,1
2020-03-17,485.94464111328125,528.6830729286771,475.0983350705589,512.6126560963455,20590414,-3.981513915125301,1
2020-03-18,471.1180725097656,503.5574795557545,390.16874927395395,487.586544678004,36240904,-3.0510818206675783,1
2020-03-19,426.14068603515625,462.6599350238379,421.6628504551021,438.87762842707065,33243997,-9.54694568072998,1
2020-03-20,426.0411682128906,447.48504327284064,412.15989627490717,429.2751605436873,30764236,-0.023353278747340056,0
2020-03-23,307.1297302246094,390.0691936784069,300.5124910481604,383.45195450195797,37622635,-27.910785825481966,1
2020-03-24,301.6568298339844,335.8376451220849,289.5666806830421,330.3149937714273,50681510,-1.781950704226054,0
2020-03-25,325.1903076171875,361.9583195048607,284.59128351447464,292.0543416485955,51993973,7.801407246822389,0
2020-03-26,339.7184143066406,397.03470923156755,330.36472046335945,334.2952767242111,62971564,4.467570634533047,0
2020-03-27,357.9780578613281,407.4332735543298,352.30612096165083,368.17757167113666,71042591,5.374934883042792,0
2020-03-30,366.336669921875,380.11845777594783,338.6736110578607,343.3007013945079,61772544,2.334950949363712,0
2020-03-31,377.1332702636719,387.8800637073923,370.81454053276656,382.5066669855321,34637148,2.9471798016014406,0
2020-04-01,356.88348388671875,377.9293046992482,352.25639326892747,374.39680216789253,27744593,-5.369398028128236,1
2020-04-03,323.8470458984375,360.51552120131714,322.40417555844493,358.42588880169666,41317365,-9.256925433615082,1
2020-04-07,386.9347229003906,403.75147576836844,340.6637589491174,345.68887299476955,48093237,19.480701708095303,0
2020-04-08,389.42242431640625,425.5933896415044,371.66033784015093,381.8598517969422,64930598,0.6429253485880748,0
2020-04-09,418.0805358886719,420.9165042246309,396.686434610115,403.00516361932745,44090546,7.3591323413314536,0
2020-04-13,416.886474609375,425.79237317870303,400.0199496596556,415.89140010773406,33431643,-0.28560556562595707,0
2020-04-15,415.24456787109375,449.42538229254126,410.4184809425527,431.86232381454965,48315019,-0.39384984600897566,0
2020-04-16,420.46875,424.8968440107184,398.72639480520826,406.5874778832414,42344330,1.2580976448867132,0
2020-04-17,476.4416809082031,483.5067162646371,430.27022800555534,447.78354610442597,47831797,13.31203113387216,0
2020-04-20,453.7042236328125,481.0687719733377,449.02736140589013,479.62590182302284,42163627,-4.772348471285726,1
2020-04-21,418.578125,437.78308302712975,410.91606878968,433.85252620474427,33572119,-7.742070010183644,1
2020-04-22,429.02642822265625,432.40967595091143,409.97075479530855,416.4884815899286,36619611,2.4961417232819416,0
2020-04-23,427.9317626953125,437.68351069930867,423.95146482443965,432.45936974378805,29418000,-0.2551510712005878,0
2020-04-24,401.9603576660156,417.5830091440111,399.27364436079444,413.9509932812224,35773252,-6.069052894255133,1
2020-04-27,425.19537353515625,427.3845498489262,407.08503364783235,412.95596784005676,35986805,5.780424717515631,0
2020-04-28,453.2066955566406,456.14214712672845,433.10617840396793,435.84263329336693,43938246,6.587870838902332,0
2020-04-29,436.9372863769531,446.6392642475045,423.8520607583298,428.62840694769386,61499689,-3.589843075840915,1
2020-04-30,442.70867919921875,459.6249472361606,438.2308435423812,448.77864027416297,40382553,1.3208744142944484,0
2020-05-04,400.8160095214844,421.9116017562003,397.7313027647202,421.9116017562003,37853978,-9.462807404975837,1
2020-05-05,387.083984375,416.6874510463528,384.59629810009636,411.960847124036,50981056,-3.4260171301237152,1
2020-05-06,386.9347229003906,392.50714613786766,366.2371552136565,383.1036800266712,67511628,-0.03856048832667769,0
2020-05-07,395.3928527832031,400.26871168742196,380.8150176479032,385.09382578752593,41339309,2.185931988582457,0
2020-05-08,380.168212890625,407.43327936747136,377.78004008673184,401.5125737538116,33505509,-3.8505096350150536,1
2020-05-11,377.6805114746094,391.5618127916377,374.9938285652663,389.0741265604329,30141935,-0.6543686009675254,0
2020-05-12,384.9446105957031,389.8702115879195,368.17759770772244,374.4465554677311,38411107,1.923344970258567,0
2020-05-13,411.9608459472656,414.3987906366128,397.63177911820486,408.9756224259086,48206058,7.018213687874408,0
2020-05-14,399.9702453613281,408.97565829363657,395.691406385098,403.0549523101189,31604212,-2.9106165558928865,1
2020-05-15,386.63616943359375,401.91056847387335,384.89478912792947,400.7662389178893,25435025,-3.333766969512575,1
2020-05-18,357.03277587890625,387.0840427593131,350.56479058858355,387.0840427593131,47864748,-7.656653954040371,1
2020-05-19,352.7539367675781,370.6652791140278,348.37561471189923,366.98349104035117,42889678,-1.1984443447229487,0
2020-05-20,360.71453857421875,364.4958098661591,348.2761062095905,351.2613299771013,30720803,2.256701053314014,0
2020-05-21,355.44061279296875,367.1824793908104,353.9480010881281,361.21203257144765,24794914,-1.4620774094928457,0
2020-05-22,335.29034423828125,357.978029291802,331.2105329665067,350.36571590984846,48367892,-5.669095716539374,1
2020-05-26,339.6189270019531,345.9874283263912,334.69332626893714,340.31549132408384,30692834,1.2909953531485163,0
2020-05-27,385.0938720703125,390.5170408135583,339.8179775504179,344.3953268061024,72430787,13.389991385285139,0
2020-05-28,389.0244140625,405.6421411087741,385.0938573764797,388.0790810770726,72693713,1.0206711343019759,0
2020-05-29,383.0539245605469,387.3327325808809,373.5012036951189,380.1184427640244,51056390,-1.534733884592121,0
2020-06-01,394.994873046875,407.4830470803301,390.6165205304647,392.357901073543,44252980,3.117302217965068,0
2020-06-02,408.080078125,412.95593733575225,389.62142704300663,396.03967002320337,37508638,3.3127531446647707,0
2020-06-03,407.53277587890625,429.87221200622884,403.25396739704684,419.9214663579365,49055899,-0.13411638436466866,0
2020-06-04,392.40765380859375,411.8613490617688,389.6214268557422,405.5923915605669,45553578,-3.7113878847395476,1
2020-06-05,403.3037109375,407.8810600314029,388.57661945339424,397.0347532955296,39002875,2.776718808400469,0
2020-06-08,428.13079833984375,442.5593784117269,411.96083791445744,412.9559124021735,60387580,6.155928331190386,0
2020-06-09,417.9810791015625,440.32051631340966,414.44857637183077,432.8077151311273,46273705,-2.3707052325220856,1
2020-06-10,425.3446350097656,430.5687764766741,413.2544547496792,420.1204935428572,36163051,1.7616959896918916,0
2020-06-11,411.4136047363281,433.4047290607907,406.68700039529597,424.3993160947835,45562670,-3.2752335698598034,1
2020-06-12,405.9903869628906,410.4682221132166,387.2332269819613,388.0790463615866,47813512,-1.3181911611584107,0
2020-06-15,387.6810302734375,403.9505043799235,381.7603248668043,403.9505043799235,39577100,-4.5098005463677815,1
2020-06-16,379.67071533203125,403.0052277000919,358.6248928478134,402.90571416300867,96186227,-2.066212766654185,1
2020-06-17,387.6810302734375,395.79088135406556,373.45144673978416,375.59088120307655,56949066,2.1098058443620005,0
2020-06-18,403.4032287597656,406.040170323974,382.1086388158758,384.09878797637515,43773580,4.055446941842633,0
2020-06-19,414.9958190917969,420.21996035544197,405.49286951150066,405.49286951150066,52085319,2.8736979541963192,0
2020-06-22,428.03131103515625,433.7529896899848,416.04067487063907,417.9313104396511,40454004,3.141114041073245,0
2020-06-23,441.4648132324219,442.80816993376385,428.28007558832667,428.3795891156974,30757220,3.1384391400661515,0
2020-06-24,422.55841064453125,446.2909452443566,420.1204961651167,445.79340795868836,33577082,-4.282652211726057,1
2020-06-25,419.6229553222656,426.5884772625728,408.3288529598859,416.9362418555266,49853200,-0.6946862843856705,0
2020-06-26,422.7574462890625,426.6382311226137,415.9411792635628,423.90177599587975,32610915,0.7469779541468657,0
2020-06-29,402.8061828613281,413.7520033778563,400.3682683302796,412.95595585083356,36319455,-4.719316857187328,1
2020-06-30,404.6470642089844,412.75691580871916,402.05986427660014,407.98057006221416,26951915,0.45701417356098784,0
2020-07-01,431.1160888671875,435.1959009749296,404.64709730298443,407.9806034288445,53380512,6.541262003209036,0
2020-07-02,421.1155700683594,439.3254225480187,419.224904092007,438.8278852631398,50362770,-2.319681184969402,1
2020-07-03,426.3397521972656,429.4742313173201,421.56337558679644,427.8821057804971,31044457,1.2405578183818378,0
2020-07-06,431.8623962402344,435.4446710382614,428.976685841115,432.01165136363795,18424079,1.2953622115944308,0
2020-07-07,445.1466369628906,446.78850401108144,424.1008148407219,431.3648474138169,37991679,3.0760355238863113,0
2020-07-08,441.96234130859375,459.1273767523409,438.82786264884066,447.78353331514353,45877067,-0.7153363386102174,0
2020-07-09,451.5151062011719,454.7490986973786,443.8530195247905,445.6441720507423,29162679,2.1614431818542723,0
2020-07-10,437.4347839355469,449.2264235796684,434.84758399848715,447.68403978677424,25676354,-3.118460948979085,1
2020-07-13,437.8825378417969,444.20126722493796,430.61850586890387,441.763352829748,21326370,0.10235900817525678,0
2020-07-14,415.64263916015625,433.6534636787456,413.3539495437467,432.75790268417853,25685579,-5.078964507526374,1
2020-07-15,424.548583984375,442.26093058403796,420.66779900843085,421.9116422934942,43250557,2.142692781042399,0
2020-07-16,431.8623962402344,434.0018006550676,416.38899764627615,429.8225053634263,30183647,1.7227268048380928,0
2020-07-17,430.966796875,437.73329171828203,422.50866313726476,431.8623579031895,33464985,-0.20738072428426735,0
2020-07-20,431.8623962402344,440.61904097561757,427.1855332584674,435.5441845762865,30400586,0.20781168566312846,0
2020-07-21,444.0022888183594,448.77863464550705,436.34020242140764,437.8328142882996,43147019,2.811055716777866,0
2020-07-22,476.59100341796875,482.21316897136876,457.8338406779331,475.6456703780509,89611937,7.339762749047751,0
2020-07-23,458.5801086425781,472.41163869955983,456.9382417221306,470.62051667130163,40249567,-3.779109266902192,1
2020-07-24,443.4052429199219,454.35106339862733,439.3751726142204,454.35106339862733,30566635,-3.309098113211817,1
2020-07-27,429.4244384765625,445.79342806004934,427.7825714332769,444.7983534438439,21924237,-3.153053480218837,1
2020-07-28,434.8973388671875,437.83282106441237,422.30965133503895,431.8623735044431,33057573,1.2744734347306386,0
2020-07-29,438.7283935546875,444.7983548055773,432.16089499417177,433.6037653389939,24404819,0.8809101240948136,0
2020-07-30,423.75250244140625,443.7037349867098,422.65791436488934,439.72343679375024,26861618,-3.4134766140715977,1
2020-07-31,429.52392578125,432.31015275683495,419.2248980590162,426.88698428279304,27499638,1.3619797656868826,0
2020-08-03,415.2944030761719,429.7727268017688,413.65253600944453,429.4742165595521,23824107,-3.312859156610759,1
2020-08-04,427.0362243652344,429.07614535245614,415.2943571711719,419.77219251306656,24746211,2.8273487921070872,0
2020-08-05,432.80767822265625,444.64905903574527,431.0165258513919,436.8377179152878,36932321,1.3515138829266249,0
2020-08-06,430.8672790527344,436.14116200739755,424.99634529613866,433.8525026951321,33465135,-0.44832826854879215,0
2020-08-07,431.165771484375,434.84755930503025,425.046069343352,429.3249079413113,15569399,0.06927711760726929,0
2020-08-10,428.9766540527344,434.84758795394544,427.1855016028162,431.86236423801444,14888044,-0.507720597603134,0
2020-08-11,445.79339599609375,447.68403155744556,433.15593713233415,433.15593713233415,30469633,3.9201998021300533,0
2020-08-12,448.8781433105469,450.52001027287554,436.7879933932426,442.609155317202,23184137,0.6919679255365629,0
2020-08-13,445.8929138183594,454.5003026388885,443.15645879426097,451.863361143665,21885850,-0.6650422919171284,0
2020-08-14,433.7032165527344,449.2761260327996,423.5037031710374,449.2761260327996,36725538,-2.7337723672797853,1
2020-08-17,435.99188232421875,438.8278506981014,423.2549409814741,436.93721523793414,30198343,0.5277032044345153,0
2020-08-18,443.6042175292969,445.0470877583709,433.1559348653217,437.33526007781774,21768516,1.745980949117154,0
2020-08-19,442.01214599609375,449.72397408553815,440.2707654597676,443.8032681151226,18127671,-0.35889458898077375,0
2020-08-20,432.80767822265625,439.12637718342785,431.11603937767296,435.7431298607259,16688938,-2.0824015486485825,1
2020-08-21,438.2806091308594,442.65893119165383,434.1012837648983,437.8328134247685,25087973,1.2645179795973016,0
2020-08-24,443.6042175292969,447.2362638920145,440.12145664130514,441.8130955052357,18196776,1.2146575247749647,0
2020-08-25,449.5746765136719,454.15202558809597,444.8978442765176,448.72888742687036,26273592,1.3458977053077081,0
2020-08-26,461.06781005859375,462.51064997091663,446.78848384445473,449.77370756724616,25914508,2.5564459355335467,0
2020-08-27,470.7200012207031,472.16287145741586,461.71458873812634,461.71458873812634,19544214,2.0934428627499946,0
2020-08-28,506.6919250488281,510.473195834027,473.7051825446907,474.1032366208274,59179945,7.641894063315813,0
2020-08-31,494.3032531738281,531.2204924789081,483.90471260082006,521.8668287085846,55830536,-2.4450107180622904,1
2020-09-01,483.3077392578125,500.92054123482353,477.28751978354904,492.6116623563958,33276725,-2.2244470060464927,1
2020-09-02,482.01409912109375,485.54663194393135,469.77469447631324,484.6012989879114,20750575,-0.26766385713279384,0
2020-09-03,472.61065673828125,487.536774579887,470.769762797697,485.99439084922903,14045705,-1.95086459088204,0
2020-09-04,452.95794677734375,470.6205200191941,450.37074687691546,466.68996340438326,29405304,-4.158329838893293,1
2020-09-07,456.4407043457031,464.8490660012539,448.43033606604536,454.74906547819984,25967554,0.7688920336066829,0
2020-09-08,442.1614074707031,460.1224919710797,439.07667011710686,457.5352919207323,21052285,-3.1284012882832224,1
2020-09-09,429.12591552734375,441.1663241002309,422.9066993602808,437.7333046291056,31657672,-2.948129737944871,1
2020-09-10,444.6490478515625,446.48994175603127,428.62834227575416,434.30027909119553,34434841,3.617384027050119,0
2020-09-11,444.99737548828125,447.6343171179912,437.08652023188444,443.8032738154137,18620781,0.07833765492173406,0
2020-09-14,438.3800354003906,452.7588733038689,435.8426077079002,449.77364996340384,17622727,-1.4870514866811568,0
2020-09-15,447.33575439453125,449.6741856740179,433.75299278187464,438.87762067058014,17328721,2.042912147210574,0
2020-09-16,443.80328369140625,448.3806330495693,437.8328359287416,447.33578647074245,20016188,-0.7896687596336216,0
2020-09-17,440.718505859375,444.2510386820404,436.3401839750397,438.778128734805,14306232,-0.6950777394824859,0
2020-09-18,441.16632080078125,447.08699632718503,433.90225815161926,442.3603920755671,20809690,0.10161019686092398,0
2020-09-21,421.26483154296875,441.81311564536406,418.4786044852057,440.8180410605772,19013877,-4.5111080151559175,1
2020-09-22,409.9707336425781,424.5485704037456,404.2987962972183,421.91162879721634,27558176,-2.680997096060378,1
2020-09-23,417.68255615234375,420.8170350148759,404.09979416986016,416.04068916409034,18612700,1.8810665925458325,0
2020-09-24,400.4677734375,412.2593828156801,399.1741582742214,411.96087259114364,21177182,-4.121499081365732,1
2020-09-25,413.00567626953125,414.64757355668655,398.1790716758239,405.49287562871507,20460096,3.130814428439388,0
2020-09-28,437.0865173339844,438.4298741152371,415.9909237016355,417.93133131536354,19387091,5.830631985972445,0
2020-09-29,424.7475891113281,441.1165476766614,422.7076680088608,440.2209866311406,19996904,-2.822994472105367,1
2020-09-30,422.55841064453125,425.99143006254803,416.68747674709994,424.8968419606249,18485278,-0.5154069199962197,0
2020-10-01,441.5146179199219,443.1067130068537,425.2948835082157,428.0811106448808,21083211,4.486056080738421,0
2020-10-05,441.96234130859375,454.20177610623296,436.8874551909026,441.8628277832931,24252318,0.10140624353078831,0
2020-10-06,447.4352722167969,450.4702678613424,440.5195222082733,447.286017105454,19387351,1.238325168610177,0
2020-10-07,450.8682861328125,453.70425468291353,441.31556434854537,444.79832528477965,19873734,0.7672649272836507,0
2020-10-08,449.6741638183594,459.3761402654609,445.04707343242535,453.3061796968984,20909290,-0.2648494806976487,0
2020-10-09,465.7446594238281,467.486039992675,447.9328299645048,451.06730891497574,28048230,3.573808970701786,0
2020-10-12,465.6949157714844,477.63581104767627,460.02297836838636,471.16782610640564,21261504,-0.01068045576846366,0
2020-10-13,459.07769775390625,470.6703114010059,457.48557223385296,463.60527528326645,15582492,-1.420934133802132,0
2020-10-14,468.9786682128906,472.3121743483119,451.7638889950101,455.7441875764639,13984621,2.156709094653486,0
2020-10-15,460.3215026855469,479.5762017106732,457.7343027271143,471.0682959070162,28971494,-1.8459614720501283,0
2020-10-16,470.0732116699219,473.157948850497,460.7195169669403,462.858921177459,16288157,2.11845610676078,0
2020-10-19,490.5220031738281,493.45745482572687,473.90424632634483,474.7002938058139,28131936,4.350129085480647,0
2020-10-20,491.51708984375,496.1939220438283,482.7106739360686,483.4569798542235,21376064,0.2028627999321797,0
2020-10-21,498.9801330566406,505.0003217901893,484.2032702766177,494.45252574436984,27029535,1.5183690185142984,0
2020-10-22,507.7865905761719,510.47330432478884,493.20875277368384,493.55703498069255,30022336,1.7648914127271764,0
2020-10-23,504.70184326171875,512.9609501965411,502.01512972677983,511.36885514929816,18810262,-0.6074889277704165,0
2020-10-26,490.9200439453125,507.3387743089199,488.48209910805235,505.7466489274805,17446937,-2.730681391480383,1
2020-10-27,505.5973815917969,509.72693487359106,480.2727223145191,491.56682445593754,24239860,2.989761332319807,0
2020-10-28,502.2141418457031,514.9510840482017,491.06929464306774,508.2840723590289,30343575,-0.6691568962327588,0
2020-10-29,491.4176025390625,513.806750911243,486.93976679117293,503.5077529849107,50934336,-2.149787990231,1
2020-10-30,490.0742492675781,499.079662411781,479.22794200698775,492.5619358120836,23140833,-0.27336287193285846,0
2020-11-02,520.0757446289062,529.0811572768581,492.6614221987853,494.4028026839789,37597227,6.121826520402918,0
2020-11-03,531.5191040039062,534.3550422246939,521.4190728598503,522.4141474263768,25991938,2.2003255281911382,0
2020-11-04,522.5634155273438,531.2205153806069,508.4830865854228,522.5136132130483,28905623,-1.6849231587537927,0
2020-11-05,536.6436767578125,539.8279273703128,524.9515511419578,532.2653853083374,23728389,2.6944598133146647,0
2020-11-06,539.0816650390625,543.3107320928991,528.5836401464453,536.0964412363543,22256961,0.454302992253508,0
2020-11-09,562.266845703125,565.2023276857225,545.5496059043967,547.2909863154002,26041462,4.300866115040747,0
2020-11-10,580.7255859375,585.1039390267549,565.4512131835943,569.1827434069793,34935409,3.2829145761372525,0
2020-11-11,605.6522827148438,608.1399696384494,573.5611214003312,576.9940807672717,50289937,4.292336583913925,0
2020-11-12,596.7462158203125,607.4432671617984,585.8998790035054,598.9851335429491,34244439,-1.4704917571860987,0
2020-11-13,607.3436889648438,609.3338379392311,581.4220107203541,592.0693198802318,28813262,1.7758760530996343,0
2020-11-14,610.1300659179688,614.956153834668,602.5674618896347,610.9261135171253,3211214,0.45878091824318457,0
2020-11-17,625.702880859375,627.7925739084169,606.0004164135264,610.1300001952147,25960060,2.5523762573437914,0
2020-11-18,633.1659545898438,636.8477427495211,618.9861415676864,621.9216237788293,24928180,1.1927504185722304,0
2020-11-19,608.4881591796875,629.8822645310584,606.0502140973912,615.9512191859797,26525371,-3.897524058466184,1
2020-11-20,604.8561401367188,613.4635606998845,589.0842302260043,611.9709486300551,29556191,-0.5968923122292358,0
2020-11-23,592.6663818359375,609.5826493043824,589.7807020614508,607.9408127261048,23728765,-2.015315294315423,1
2020-11-24,616.5979614257812,619.53338272364,597.5920013197351,600.0299460833979,30742369,4.0379512527283,0
2020-11-25,596.8954467773438,626.8969688669307,593.0644340391915,621.9215960981455,35115637,-3.195358382774849,1
2020-11-26,609.532958984375,615.1551549978724,591.1240781323161,599.2837023325683,35476456,2.117207004218513,0
2020-11-27,598.6367797851562,610.6274757949041,595.8008418256005,608.9855786175658,29921076,-1.787627566091643,0
2020-12-01,600.6768188476562,611.9708914944306,593.263500779394,607.990593013166,21285697,0.34078077582071487,0
2020-12-02,605.1047973632812,610.4782241187742,598.2885611269975,604.0102396741579,19070722,0.7371648741364201,0
2020-12-03,599.7314453125,607.9905519564921,597.3929836719489,607.1447628801523,17746316,-0.8880035448727952,0
2020-12-04,611.4733276367188,613.413735208998,600.2289970622339,603.6122141837031,20019707,1.9578567066965258,0
2020-12-07,616.199951171875,621.3246096982848,609.4334559825384,613.9112917197583,24658169,0.7729893229234008,0
2020-12-08,617.5930786132812,620.7772687653983,608.5876048398146,616.0506643860904,16005349,0.226083666309429,0
2020-12-09,631.0763549804688,633.5640416046944,615.9512081582694,616.1004936495377,22000284,2.1831974538092824,0
2020-12-10,623.9614868164062,629.3349137007646,617.2944751590078,621.4240588511101,16126862,-1.127417959476984,0
2020-12-11,610.2294921875,628.5388889334126,605.3536024037255,623.2649450199098,17950692,-2.200775996443305,1
2020-12-14,612.866455078125,620.727507780442,609.3836940653874,612.9659382418189,14567480,0.43212642528505096,0
2020-12-15,604.1096801757812,612.7170985457929,599.3333349162391,612.7170985457929,22311290,-1.4288226790333147,0
2020-12-16,603.1146850585938,611.8713900433514,601.8211002377424,610.5280029053444,14860853,-0.16470438230653528,0
2020-12-17,602.4182739257812,607.9906681947971,600.2290973434741,604.2591379071858,14598759,-0.11546910563864365,0
2020-12-18,606.4979858398438,607.9905977820255,593.5620156742688,601.4231295302401,17301814,0.6772224699420626,0
2020-12-21,579.6309204101562,604.2590153117037,570.5757663765306,602.2688662287503,18580262,-4.429868863040576,1
2020-12-22,586.8451538085938,591.0244786235717,565.6003387063653,582.118550195892,19896386,1.2446253545847163,0
2020-12-23,589.5318603515625,591.5717507936013,581.4219794236608,586.0988414086311,12247401,0.45782205502289397,0
2020-12-24,607.1945190429688,610.9757902887287,591.2235842287448,592.0693733253967,15488083,2.99604820015551,0
2020-12-28,614.6078491210938,617.7422976608739,610.9758025482881,610.9758025482881,8444506,1.2209151837881516,0
2020-12-29,627.095947265625,629.2851232609295,615.5530468969862,617.6427397384466,13765454,2.031880680077469,0
2020-12-30,622.0210571289062,630.8772446360631,615.1550793929849,629.1358642289447,10262221,-0.8092685272241384,0
2020-12-31,617.39404296875,622.8669532266598,612.9659488858981,619.3344505707338,12306502,-0.7438677689648343,0
2021-01-01,620.7274780273438,622.3693752913182,614.5082622312729,617.1949756020813,6047062,0.5399201849381141,0
2021-01-04,621.6231079101562,629.8822148521482,618.2398300136616,624.7078148423172,14068156,0.14428713316489983,0
2021-01-05,661.1773071289062,664.6103265264528,614.9560814190322,614.9560814190322,37973963,6.36305161687567,0
2021-01-06,651.0275268554688,663.8640128939285,645.952670924653,658.7393546477957,20829645,-1.5351071738248012,0
2021-01-07,667.7945556640625,673.1679829257987,655.7541770112363,655.7541770112363,17887570,2.5754715610229573,0
2021-01-08,669.38671875,675.5063913112244,665.2073931383493,674.6606021657454,12272794,0.23842109409746293,0
2021-01-11,663.6649780273438,673.3172132330102,656.8984832876961,672.6703904868069,7928365,-0.8547735654721222,0
2021-01-12,672.3718872070312,681.6260683974925,656.0028986730613,658.0427893585855,13301893,1.3119434455570733,0
2021-01-13,684.412353515625,687.7956317251901,665.7547032449468,672.6704844255192,15645903,1.7907450530998181,0
2021-01-14,672.67041015625,684.4122779499409,671.3270837788928,675.1580965843426,9337503,-1.7156241115549808,0
2021-01-15,671.5260009765625,679.5861408546207,666.301859859767,674.2624558472648,12339771,-0.1701292583126568,0
2021-01-18,653.7640380859375,671.6753815951413,647.9428757392607,671.1281026903783,13460603,-2.645014915996513,1
2021-01-19,665.4560546875,668.6403051521622,656.5003844188084,660.2816552742396,9010539,1.7884153793154223,0
2021-01-20,672.421630859375,677.5960306947292,660.7295048325934,660.7295048325934,9980614,1.0467372146979903,0
2021-01-21,672.5211181640625,691.5768203125295,666.4511876321104,677.3970078097187,15849438,0.014795375419485168,0
2021-01-22,641.3255004882812,670.5807144087099,635.6535638219297,666.6998996542256,21392223,-4.638607893971147,1
2021-01-25,655.1571044921875,664.7097958270273,636.2008858289572,650.7787522019099,21325345,2.1567213518525863,0
2021-01-27,628.9866943359375,660.5305745109473,624.3098918279202,656.6995612051358,24462588,-3.9945243632112826,1
2021-01-28,667.3966064453125,671.3769052036151,612.9660087786152,618.9364569160693,64303975,6.106633487680835,0
2021-01-29,659.6349487304688,672.5211156677416,649.7836863133755,667.6950283557043,31273252,-1.1629753043222557,0
2021-02-01,705.8560180664062,713.468361700535,651.1269247699914,661.7244916748336,30648270,7.007067988876936,0
2021-02-02,710.6822509765625,741.280793183244,700.7315055434954,715.7073652733553,28703320,0.6837418378009996,0
2021-02-03,730.1857299804688,733.1709537831154,712.0256185143681,716.4537126352008,23541361,2.744331799071409,0
2021-02-04,740.2360229492188,741.8281180233963,717.0507360652198,726.4044616459817,20490289,1.3764022708330437,0
2021-02-05,716.0556640625,762.52566043153,713.4684943739256,745.3108818494704,31121503,-3.266574192158378,1
2021-02-08,732.524169921875,744.1167522362559,722.424138729842,722.424138729842,15662890,2.299891850019309,0
2021-02-09,738.8428955078125,746.3059550583964,722.6231915647835,732.1261419122869,22307807,0.8625961907320345,0
2021-02-10,731.1807250976562,742.7236256538283,722.523564864159,737.8974779234602,15140744,-1.0370500219657686,0
2021-02-11,736.45458984375,740.4846900287994,727.3994364742016,727.3994364742016,11897710,0.7212806034225583,0
2021-02-12,746.7039794921875,750.9827879840778,730.9320111619505,731.8773441476608,15668442,1.3917205201493976,0
2021-02-15,790.0891723632812,795.0645449852162,750.186708229174,756.157155375496,20648115,5.810226550633724,0
2021-02-16,771.2325439453125,795.064592371696,763.2222056934804,795.064592371696,23968943,-2.38664559363162,1
2021-02-17,773.9192504882812,781.1335411549994,760.5354853113943,770.1877208330823,16956357,0.34836529708985875,0
2021-02-18,773.1729736328125,778.1483466935126,760.2370036749919,771.1828244085324,19685663,-0.09642825850344483,0
2021-02-19,745.9577026367188,773.3719958834583,737.6985348197898,769.0931872248233,15634787,-3.5199459789988174,1
2021-02-22,715.9064331054688,746.1566645042652,711.4783389886328,745.9576981718953,18123202,-4.028548726694359,1
2021-02-23,712.4236450195312,731.3300617030704,709.0901087951357,728.7428314003936,16804763,-0.48648649109490627,0
2021-02-24,745.7088623046875,751.1817721112792,713.5181654561085,718.4437964289466,11207286,4.6721101296748335,0
2021-02-25,766.854248046875,779.6409320839864,758.3961141314776,761.2320523857685,26635119,2.835608749081464,0
2021-02-26,721.22998046875,754.9630300794355,715.110308776759,742.325571869866,31306177,-5.94953574219963,1
2021-03-01,724.9616088867188,739.8379867387288,718.6926508702715,734.3650762786575,14301187,0.51739785075815,0
2021-03-02,727.6483154296875,736.8527556590544,718.4438752003205,726.8522678810816,14503453,0.3705998372927066,0
2021-03-03,750.2364501953125,757.0526863970663,731.4792589602288,736.8526856885007,13603791,3.10426538296682,0
2021-03-04,733.1709594726562,747.7488267825212,727.4990220567055,727.4990220567055,16896947,-2.274681631132891,1
2021-03-05,727.1506958007812,740.4349161719587,716.9511821066889,728.3945389342072,16358252,-0.8211268591714505,0
2021-03-08,739.638916015625,748.793614210016,728.3945855172515,731.3798092283877,13898556,1.7174184508055745,0
2021-03-09,741.7783203125,754.963057831038,736.3551519787238,754.963057831038,18951683,0.28924982860552007,0
2021-03-10,757.0029907226562,761.9286220665094,745.4601498276651,746.8034762239283,13377990,2.052455564317701,0
2021-03-12,746.9029541015625,772.7748931347089,741.330560757467,768.7945948219173,16343307,-1.3342135691501,0
2021-03-15,740.7334594726562,750.286150087117,713.1201429409355,750.286150087117,22466579,-0.8260102058810892,0
2021-03-16,734.1162719726562,748.296084748814,732.3251498741533,747.301010168031,11358574,-0.8933290936676386,0
2021-03-17,724.3147583007812,738.3452845626758,721.1305077298857,735.3600610401853,12380976,-1.3351445875919854,0
2021-03-18,715.2098388671875,739.4398800709973,703.7664814453125,732.374875,12261544,-1.2570390606086224,0
2021-03-19,722.6729125976562,725.7576194970312,700.0349659379706,705.507876119433,20377672,1.04348029415946,0
2021-03-22,712.6724243164062,726.4044413344525,705.8063854401171,715.4586209855772,14802230,-1.3838194440280227,0
2021-03-23,726.9517211914062,735.8576508160731,710.582732227834,714.4635473778777,15949688,2.0036269663017636,0
2021-03-24,702.9207763671875,721.4291410719065,699.8360084267088,719.6877603865606,14379147,-3.305714000488813,1
2021-03-25,691.1787719726562,707.3985360499786,676.6507075456362,706.0054073582778,21179280,-1.6704591455122264,0
2021-03-26,694.7611083984375,703.5177528642682,689.735993739171,703.5177528642682,13143312,0.5182937571356572,0
2021-03-30,691.9251708984375,709.7867739761011,687.5966202313183,701.527666082604,25965218,-0.40818886747091554,0
2021-03-31,694.0147705078125,700.0847010867527,688.6910851213183,692.5719002354157,14924620,0.3019979178762622,0
2021-04-01,709.4881591796875,713.4684574079046,692.1240960121845,702.8211475005178,13090326,2.2295474576935925,0
2021-04-05,681.8748168945312,704.9605579753343,674.113247761937,703.7167148215683,16239521,-3.892008897947341,1
2021-04-06,674.5610961914062,690.0842356704243,672.1728928556187,686.7009577338141,12062011,-1.0725899420122254,0
2021-04-07,684.8600463867188,688.4920927209396,665.107841227895,677.1482187666721,14433515,1.5267631432439144,0
2021-04-08,678.2427978515625,692.0743585711684,676.0038800847974,688.0940603191415,9026398,-0.9662190939694115,0
2021-04-09,664.9088134765625,683.4171754514301,663.7147118929676,675.9541164721239,12509114,-1.9659603341513399,0
2021-04-12,632.4693603515625,651.7738309356836,623.5634917073178,647.7935327314962,14649541,-4.878782243144908,1
2021-04-13,657.7442626953125,661.5752753324796,626.8969523419771,632.4693454023163,12737650,3.9962255767932886,0
2021-04-15,665.5556030273438,668.0432894567418,649.0871310116349,663.1674604958407,15195951,1.1875953581140797,0
2021-04-16,665.9039916992188,671.924181399728,659.0876936626596,665.3567127690886,12242522,0.0523455396198802,0
2021-04-19,644.9575805664062,652.0723270113618,627.8920280922736,646.7984441521044,17292072,-3.145560229990896,1
2021-04-20,648.5398559570312,658.7393703775292,639.8329534029475,652.7689229118719,12296248,0.555428062025265,0
2021-04-22,655.45556640625,657.6944839667229,631.2752689000474,637.8427361169577,19385102,1.0663508781605158,0
2021-04-23,668.0433349609375,674.163068287919,647.6941071699864,652.7689635378227,19167768,1.9204610045047144,0
2021-04-26,696.9999389648438,700.3334142139555,681.1284886956653,690.5816963546994,21646184,4.334539765388046,0
2021-04-27,696.1044311523438,700.4330421457793,680.7305162837251,687.6960385524618,46559967,-0.12848032868266746,0
2021-04-28,704.6619873046875,708.9905368145882,684.7604985519973,704.5127018452329,54060587,1.229349472488983,0
2021-04-29,715.8566284179688,723.3196872599638,703.517680172059,708.493052733389,25939327,1.5886540376756297,0
2021-04-30,711.3788452148438,726.2551616751534,701.5275825280831,701.5275825280831,23011654,-0.6255139682118771,0
2021-05-03,699.28857421875,704.5127151147279,688.6910069645278,702.5225662019744,13752878,-1.699554474724696,0
2021-05-04,696.9004516601562,715.1103649011089,694.6615338749111,700.5324981389223,11980155,-0.34150744723118187,0
2021-05-05,713.6675415039062,715.5084052877696,696.5522456077794,705.5079173370223,11155033,2.4059519266786955,0
2021-05-06,712.224609375,719.2896143882957,706.7516993483671,714.4635271131681,9484934,-0.20218547782985263,0
2021-05-07,713.2196655273438,723.3196962461328,710.4832105846159,717.4487322570141,7131970,0.13971100397907055,0
2021-05-10,711.72705078125,721.4290273560381,710.4832076306361,719.9364155753015,7980462,-0.2092784058316921,0
2021-05-11,703.865966796875,710.1847267032414,699.5374167480785,701.328538811907,12736700,-1.1045082487374902,0
2021-05-12,687.8950805664062,702.2739211375972,685.6561626456701,700.5325405325801,10856584,-2.2690237891666243,1
2021-05-14,681.6260986328125,695.1590888520009,678.0438543790666,691.576844598255,9377968,-0.9113282113359378,0
2021-05-17,705.7566528320312,706.8014690044389,681.0290735687405,688.0940788626713,12099197,3.540145286047469,0
2021-05-18,708.144775390625,722.4240698324842,705.0102664963017,716.4536229743644,19519055,0.3383776191142829,0
2021-05-19,713.2694702148438,720.1355093360795,698.7414051636777,700.5325273195765,20244016,0.7236789710680203,0
2021-05-20,702.4232177734375,710.881352274892,701.0798305589551,705.1098707333291,18840413,-1.5206388180527664,0
2021-05-21,727.2999877929688,729.7876740821299,703.5176825747766,703.5176825747766,15883692,3.5415643147996168,0
2021-05-24,737.49951171875,743.8182106862866,723.170414202353,726.8024605282783,15716900,1.4023819740094146,0
2021-05-25,727.94677734375,741.3305422329831,722.2748402428465,740.7335217947958,11344261,-1.2952868745278567,0
2021-05-26,731.479248046875,737.7482660478377,725.906855084384,734.3649884198429,9081086,0.48526496896035276,0
2021-05-27,746.6541137695312,750.1368744588385,727.399446823886,733.5689207632785,23040846,2.0745449393369197,0
2021-05-28,736.2059326171875,755.9582002462349,734.8626061752715,748.8931340101932,17149692,-1.399333501237332,0
2021-05-31,747.00244140625,749.2911006158071,730.3846850624202,734.2654999171897,9275086,1.4665066268457316,0
2021-06-01,741.4799194335938,750.2863060261598,737.4996207278847,749.8385102748598,6660243,-0.7392910205567649,0
2021-06-02,733.3699340820312,741.6290405957506,730.583737524148,741.1315033270382,9973043,-1.0937565723637688,0
2021-06-03,746.9527587890625,748.5448538254199,735.3601156224463,739.3404139478723,8170508,1.8521109300769334,0
2021-06-04,738.3951416015625,756.1572607785025,736.4547338616228,747.301071983156,10336011,-1.1456704706966137,0
2021-06-07,747.4005126953125,750.2365117647362,737.8478207661257,739.4399158428122,6986728,1.219586991623145,0
2021-06-08,742.6738891601562,747.4004934194265,735.8576525748111,747.3010102551495,6426815,-0.6324083881225739,0
2021-06-09,733.1212158203125,747.5497976043566,726.5537477158715,742.3256559239269,8004726,-1.286254098773587,0
2021-06-10,740.584228515625,741.6787862189472,729.2901567480969,735.8078828568541,7795125,1.0179780006723593,0
2021-06-11,734.8128662109375,742.5744361098012,733.3699958632141,742.5744361098012,4840759,-0.7792985702997246,0
2021-06-14,732.6236572265625,737.748315591298,721.429068236683,732.275405418468,5190670,-0.29792741595062733,0
2021-06-15,747.2015991210938,748.296156971785,728.3946634353014,732.3749621425981,9686490,1.989826802715844,0
2021-06-16,746.1068725585938,753.1221358680413,742.5743701140026,745.1117980257776,8614096,-0.1465102006992125,0
2021-06-17,734.9620361328125,741.7285916401513,732.3748666043809,738.2955723060371,6674329,-1.4937319083474843,0
2021-06-18,732.67333984375,739.5393781654511,718.6925553106762,738.4945620907212,8143792,-0.31140333466814774,0
2021-06-21,735.9073486328125,737.2507356746421,716.9511911862443,721.4290265232854,6464497,0.44139845319772775,0
2021-06-22,735.7083740234375,745.3108681133709,733.4197146127195,739.5394476367027,6727233,-0.027037997343637432,0
2021-06-23,728.7427978515625,740.0866716332654,727.2004444979216,739.5393927961061,6154147,-0.9467849514586457,0
2021-06-24,735.5093383789062,739.2906093186859,727.4989400944906,732.2753462652939,5313822,0.9285224563855055,0
2021-06-25,757.5999755859375,762.1773549037118,733.9172137167694,733.9172137167694,11170037,3.0034475504716163,0
2021-06-28,758.6448364257812,765.8093243640636,754.017715625656,760.7842101976609,7672743,0.1379172219528657,0
2021-06-29,748.246337890625,759.7891786525036,746.3556719066559,757.2517506363054,7500655,-1.3706675424229986,0
2021-06-30,744.6142578125,756.7541792117174,742.8728773869635,748.7935829806935,5459970,-0.48541234272715394,0
2021-07-01,742.7734375,750.6842926123525,740.8330299087388,746.3059401364058,5695690,-0.24721797805858925,0
2021-07-02,746.9527587890625,749.1418742804207,740.3354885292288,743.9177327282991,3557647,0.56266434393899,0
2021-07-05,756.60498046875,758.2468779234224,749.6892602879175,753.3709878791816,4680089,1.2922131374593748,0
2021-07-06,754.6148071289062,763.2222268098191,751.4803585442671,753.2714806975658,5529485,-0.2630399470289979,0
2021-07-07,759.1423950195312,760.2369527257168,748.5448268166499,752.1768732013636,3573368,0.5999866220292249,0
2021-07-08,750.6842651367188,763.3714656546762,747.9975517036569,756.2566583253034,4188267,-1.1141690858399333,0
2021-07-09,743.6689453125,749.1916576872594,736.6039402570051,748.2960662928306,5782119,-0.9345233608887615,0
2021-07-12,749.88818359375,754.0675090011764,744.6143004357149,748.7936258431413,4475466,0.8362912449754845,0
2021-07-13,766.9537353515625,769.1926531647847,751.2813106590071,755.2616089936243,9810976,2.2757461887221497,0
2021-07-14,766.2572021484375,769.640480164223,760.2370128194834,767.1527936039499,5621924,-0.09081815121556591,0
2021-07-15,770.3370971679688,774.4168791116833,762.7247514797369,766.705050248059,4239868,0.5324445901574659,0
2021-07-16,767.351806640625,772.1778941854706,762.7744270127226,772.1778941854706,2913553,-0.38753041211682104,0
2021-07-19,751.4802856445312,762.8739009846942,745.9078319215224,748.5945452581045,5554486,-2.0683499874167732,1
2021-07-20,742.0768432617188,751.4803098757026,740.5344898611147,751.2812828194403,5815740,-1.2513225646029191,0
2021-07-22,743.0718994140625,754.7640250493022,737.3502209117112,746.4053747694469,7876163,0.13409071599244093,0
2021-07-23,751.6793823242188,760.2369996494963,736.454692251464,745.3108805464302,6604465,1.1583647446422818,0
2021-07-26,752.5748901367188,756.2566782170503,741.3305595680296,750.286230757442,7890992,0.11913427899685747,0
2021-07-27,728.0960693359375,752.2763690513976,725.5088390334017,746.8034589590925,15441543,-3.2526757298976916,1
2021-07-28,719.3394775390625,731.1808292483181,708.5926228993538,731.1808292483181,11102486,-1.2026698351580878,0
2021-07-29,713.7171630859375,724.9117508652569,712.4733199993465,716.4536178764378,6855673,-0.7815940357339457,0
2021-07-30,705.4083862304688,715.1103632778413,703.6670057347865,714.5132820957455,10358450,-1.164155394490396,0
2021-08-02,717.5980224609375,721.9763139574525,708.4930662067441,711.4782898003118,6823345,1.7280254202260314,0
2021-08-03,734.9620361328125,737.2009538636004,715.757109522294,720.4339720401791,9265839,2.4197410149385146,0
2021-08-04,750.087158203125,753.271408802034,735.011815722639,736.8526792838919,9744349,2.057946033498159,0
2021-08-05,745.609375,751.2813122860196,739.8379545492127,749.291163114401,7246991,-0.5969683861608566,0
2021-08-06,737.2010498046875,753.9183529578238,735.1611588647329,743.3207833590897,6522599,-1.127711839099732,0
2021-08-09,751.77880859375,753.6694744975262,736.1063847216764,737.3502278861267,6064688,1.9774468298606962,0
2021-08-10,757.7990112304688,760.2369560243114,751.2812850763811,751.7788223512661,8309248,0.8007944049367222,0
2021-08-11,757.052734375,765.2123581431995,748.7936274418174,761.2320597913493,6429468,-0.09847952351600409,0
2021-08-12,753.6197509765625,759.640001109561,749.6394524341694,755.2616484191141,3572081,-0.4534668778749862,0
2021-08-13,756.1571044921875,760.7344227025393,750.4851679379516,753.768901500554,4239376,0.336688829125964,0
2021-08-16,758.246826171875,762.0280974100776,752.2763787217027,752.2763787217027,3967629,0.27636078101664907,0
2021-08-17,753.022705078125,756.2566975346878,745.6093871461743,755.2616229326685,5576110,-0.6889736842189964,0
2021-08-18,750.6842651367188,760.0379294700239,746.8034500962372,760.0379294700239,5370460,-0.31054042934384185,0
2021-08-20,736.60400390625,745.3109070257092,732.5739637521505,742.1266560236854,6092036,-1.8756569018939517,0
2021-08-23,732.4744262695312,745.8084508860587,730.7828479505479,745.8084508860587,3614761,-0.5606238378856765,0
2021-08-24,742.6738891601562,746.0074254468874,727.8970559276191,732.3748915416646,4537435,1.3924667571768357,0
2021-08-25,735.409912109375,747.7488621332187,731.578898978947,744.5148695023644,6726509,-0.9780843458756294,0
2021-08-26,742.6738891601562,746.3059356742506,728.7428450275702,730.4842255441434,6492155,0.9877453283089421,0
2021-08-27,748.6941528320312,755.8586413596026,737.3502781058205,742.8231884021526,5841967,0.8106200796534013,0
2021-08-30,780.188232421875,785.6114011696361,750.2862526686582,752.2764018799809,12517507,4.206534733938194,0
2021-08-31,782.626220703125,785.1139073550738,774.5661402446254,781.0341255396926,12114870,0.31248718962113564,0
2021-09-01,794.9650268554688,814.9659996219777,791.4822661733235,794.1689186833573,19972195,1.5765899258088245,0
2021-09-02,798.7463989257812,802.1296161477594,788.4971426239246,791.5818496108068,6799617,0.475665210741405,0
2021-09-03,794.0695190429688,805.9109309014577,783.8202629616264,800.5375038472034,7509746,-0.5855275077424227,0
2021-09-06,796.855712890625,801.930629698092,791.4325442733707,796.9054544728043,4539192,0.35087530510102827,0
2021-09-07,783.969482421875,795.4626423918277,778.1980620131541,794.0695136880357,6926921,-1.6171347284447135,0
2021-09-08,790.7857055664062,793.4226165115738,779.1433219422036,786.1088433388771,5903035,0.8694500611776679,0
2021-09-09,786.2582397460938,789.7907425202214,780.3375335766074,785.1138796327895,4909325,-0.572527524011035,0
2021-09-13,784.467041015625,786.5567341280646,779.6409534723729,782.1286399863243,4814443,-0.22781303138358355,0
2021-09-14,790.4871826171875,797.0546498200215,786.1088306589476,787.1039051281361,6301208,0.7674180413964171,0
2021-09-15,787.5020141601562,793.5222029719203,783.1236618964025,792.0793327440107,4075592,-0.3776365414487559,0
2021-09-16,798.6468505859375,803.4729988422157,785.213343470467,788.5966214081767,15446511,1.4152137042680257,0
2021-09-17,803.3734130859375,816.6576947598504,793.3231844317897,804.866024909892,14641298,0.5918213408757866,0
2021-09-20,791.9300537109375,804.5675126011498,787.6015037265306,796.0596373736254,6306484,-1.424413502936761,0
2021-09-21,791.4324951171875,795.0645414086732,768.496039580151,791.333011959008,7833561,-0.06282860353872266,0
2021-09-22,784.467041015625,792.8754335796876,782.1286399863243,788.5966249225979,4359142,-0.8801071657452142,0
2021-09-23,808.1497802734375,810.4881810569547,788.6462836133024,790.4374055681802,9043492,3.0189591174093477,0
2021-09-24,794.1192016601562,812.9261342190555,791.1837197046787,808.5477820751709,5184626,-1.7361359188310388,0
2021-09-27,793.0247192382812,804.8163290231837,788.8951353304026,798.9454252896911,7715259,-0.137823442574736,0
2021-09-28,785.3129272460938,801.632115092785,774.168079000465,798.0498706405822,7369680,-0.9724529141531546,0
2021-09-29,778.2975463867188,785.6113196859305,774.6655001589575,779.1433354199919,14241004,-0.8933229819578115,0
2021-09-30,762.7744140625,783.4719533671043,761.082775114268,776.0586962665694,9178187,-1.9944984275339972,0
2021-10-01,764.3665161132812,767.8990185090548,750.2861873747057,759.6399121477244,6089895,0.2087251514247601,0
2021-10-04,775.1630859375,777.3025205455175,766.5059250772994,767.3019725821903,5845527,1.4124859732367767,0
2021-10-05,778.745361328125,780.1384900684894,767.4015472755026,770.5857981573828,3945224,0.462131834656776,0
2021-10-06,775.1134033203125,790.2882915870747,772.1779209840972,778.3971374868686,5092479,-0.4663858288180722,0
2021-10-07,773.2723388671875,786.2581091627617,770.2871154860487,786.1088236998946,6622698,-0.23752194778706714,0
2021-10-08,778.0985717773438,781.133537067451,772.1778659418369,778.0488301957745,4295686,0.6241310683926082,0
2021-10-11,783.27294921875,789.0941109896155,775.1630674160283,778.1482910389399,4417455,0.665002819576821,0
2021-10-12,793.2236938476562,795.7611217777273,781.5813095828553,784.1187375129264,5098502,1.2704057555966042,0
2021-10-13,790.686279296875,800.5375424599919,789.2932112510284,796.0099650255529,4381414,-0.3198863788943518,0
2021-10-14,798.099609375,800.0400170857347,784.1188227158693,795.0646438451517,7157116,0.9375817277008203,0
2021-10-18,809.2941284179688,815.9611401244283,798.099539605286,815.9611401244283,11014585,1.402646851529643,0
2021-10-19,797.7015380859375,822.9266536594369,794.5670289565421,815.9611318025856,10633732,-1.432432279558582,0
2021-10-20,800.8359985351562,809.7916696287677,788.099056237815,796.6566732112312,9023067,0.39293649310740975,0
2021-10-21,803.8212280273438,809.49316524109,788.3975721438319,803.970513507126,7405639,0.37276414867062346,0
2021-10-22,812.6774291992188,820.9365361432075,802.8261664716871,808.000566482769,10646970,1.101762539116935,0
2021-10-25,840.9375,862.6301743474236,821.3843210196172,826.0113813579374,29193770,3.4774031842655706,0
2021-10-26,837.7533569335938,847.4553345951188,819.4439594118761,844.2213420412771,16771909,-0.3786420591787465,0
2021-10-27,783.6212158203125,836.6586777092446,781.7803521785471,835.8626302083333,39606414,-6.461584506377827,1
2021-10-28,754.6148071289062,785.1138682567761,750.9330796550001,783.6212563399381,19320926,-3.7015854223703792,1
2021-10-29,738.3453369140625,758.2468284750885,710.4832487286262,758.2468284750885,21343427,-2.155996683492656,1
2021-11-01,748.644287109375,756.256631443373,736.3551411422316,751.2812588680877,11694854,1.3948689969868644,0
2021-11-02,752.1271362304688,757.6000467059382,744.3655662485284,748.7936605074062,11812106,0.46522082396989184,0
2021-11-03,746.9029541015625,758.8936513564736,744.8133217811597,755.7094005593336,10529505,-0.6945876404737872,0
2021-11-04,749.241455078125,753.3212367687959,747.6991015479707,753.2714951841848,793433,0.31309301479138796,0
2021-11-08,747.3507690429688,757.2517734977635,737.8478187235107,757.2517734977635,13872770,-0.2523466930909657,0
2021-11-09,741.3803100585938,750.2364981905775,739.6886711111378,746.3059414188649,12120207,-0.7988830990326767,0
2021-11-10,745.6591186523438,749.6394170066303,728.394598834439,739.0419090790622,10844883,0.5771408460270244,0
2021-11-11,734.414794921875,744.3157993190823,731.4793127108088,744.3157993190823,6195359,-1.5079710620036435,0
2021-11-12,732.424560546875,739.1413133023713,729.8871327639262,739.1413133023713,9372897,-0.2709959533442885,0
2021-11-15,729.638427734375,740.3354793513467,724.4142862470167,734.365031937223,12849161,-0.38039860520511226,0
2021-11-16,722.5734252929688,729.6881720473799,717.7472771744337,729.6384304656491,8978763,-0.968288151070118,0
2021-11-17,708.8413696289062,721.3296044925636,703.2689761421805,717.4487892444458,18083445,-1.9004374065507368,0
2021-11-18,702.870849609375,712.4733428395006,698.4428166667795,711.4782683383281,13458109,-0.8422928281763498,0
2021-11-22,683.0192260742188,709.4881859985854,674.0635547222029,709.4881859985854,16741079,-2.824362903396682,1
2021-11-23,682.2728881835938,689.2384100201408,674.0137208469207,677.6457672412182,16575348,-0.10927040735217997,0
2021-11-24,681.775390625,691.6763343675126,678.6906229055426,686.6014781705009,11463429,-0.07291767959859419,0
2021-11-25,676.55126953125,683.6162751553438,673.2177330588394,682.6212005190188,9760486,-0.7662525174105927,0
2021-11-26,658.4906616210938,671.5759178005414,657.1970766994597,665.7049529648835,10252753,-2.6695106082159303,1
2021-11-29,647.8930053710938,662.1723613874395,646.1516249350416,661.7743072796729,12084376,-1.6093859590825987,0
2021-11-30,652.420654296875,674.1132673830456,644.8083096804463,644.8083096804463,24699809,0.6988266408568311,0
2021-12-01,676.2526245117188,678.0438072486211,656.7491880689378,661.6250775468976,16184200,3.6528534248395195,0
2021-12-02,672.7699584960938,675.4566722456234,664.7596195685171,671.6754006555074,8612601,-0.5149948243290958,0
2021-12-03,669.6851806640625,683.9644763442905,667.6950315387606,675.7551112024205,9505985,-0.4585189622507757,0
2021-12-06,659.8339233398438,675.40686466045,657.8935765151851,670.6802604510398,8022785,-1.4710281201758435,0
2021-12-07,683.6162719726562,688.1438493999494,666.700003233886,668.6901524972708,15123987,3.6042931094592223,0
2021-12-08,693.66650390625,698.0945981798109,684.2630971912096,691.5768714661378,11670826,1.470156920722876,0
2021-12-09,690.531982421875,696.4526880238368,684.6112768199132,694.7113075958792,7021395,-0.45187730223724687,0
2021-12-10,684.6610107421875,688.5418256606156,680.3822024568236,686.7009013595033,5549743,-0.8502099582841205,0
2021-12-13,700.5325317382812,708.393645521772,689.6861940979513,695.5571586435492,13634563,2.318157562220269,0
2021-12-14,707.3986206054688,710.4833278471239,694.1640786559793,697.5473568919241,8612512,0.9801241992502652,0
2021-12-15,708.9906616210938,716.4537212171052,704.0650301408192,708.8911784536274,7692888,0.22505571388622414,0
2021-12-16,706.1546630859375,718.3940676333783,701.5772838164398,715.4585856288853,7309187,-0.40000506193859087,0
2021-12-17,685.5068359375,704.5127342774452,681.7255043127964,704.0151970357239,7844705,-2.923980854024988,1
2021-12-20,671.028564453125,678.4916243116585,656.8487507219114,677.5960935693564,9934646,-2.1120535529852935,1
2021-12-21,662.5703735351562,679.6359265858462,659.23689804264,679.6359265858462,10116104,-1.260481500494992,0
2021-12-22,666.0531616210938,673.5162211480405,660.7295367856854,666.6999844072427,7489534,0.5256480254852036,0
2021-12-23,675.4566650390625,681.1286027309906,669.2871900186238,673.6655428033318,6884683,1.4118247551113905,0
2021-12-24,664.2122802734375,678.6408616426733,659.1871658055412,677.7950725458758,6028893,-1.6647085368496128,0
2021-12-27,668.8394165039062,671.2773006856236,652.7191958413356,659.7842012056218,6996729,0.6966351523286951,0
2021-12-28,672.1231079101562,677.4964739672125,668.6900886118946,673.9639715091002,4645547,0.4909536318021157,0
2021-12-29,667.197509765625,676.2526642024117,663.9635173618393,671.1778081087458,3969894,-0.7328416604878374,0
2021-12-30,665.5556030273438,669.7846699573204,661.2270529340038,664.7098139351612,5119705,-0.2460900579287273,0
2021-12-31,675.2078857421875,683.1187412878396,667.8941114220681,669.6354920444334,5586980,1.4502594029618843,0
2022-01-03,692.920166015625,695.0596006765887,675.6556461838279,676.8994894205433,8550860,2.6232336214450758,0
2022-01-04,705.6571655273438,707.5477707961971,696.6019503723534,697.5472833740464,9705906,1.8381626248458183,0
2022-01-05,723.3197631835938,727.3000616504518,704.2640599796969,708.393643932876,11312955,2.502999830385133,0
2022-01-06,726.7030029296875,729.887253948627,715.4586715597312,716.4040046217731,7955578,0.46773777218569457,0
2022-01-07,727.0014038085938,737.2507197236928,721.6777795391035,730.38468139497,10454143,0.0410622878539435,0
2022-01-10,739.1412963867188,740.3353978850513,729.5886058691088,730.0364015227991,9595787,1.6698582030965747,0
2022-01-11,739.5891723632812,743.3704435732272,733.6684665391983,739.2409205584365,7252279,0.060594094627375306,0
2022-01-12,743.17138671875,747.7487659868864,739.4896595538843,745.9576439839327,5294563,0.48435191986682113,0
2022-01-13,737.0518188476562,745.3109264464166,733.4197720150836,745.3109264464166,5196538,-0.8234396507261765,0
2022-01-14,718.1453247070312,732.3251372385288,712.5231291288003,731.1807771965603,16302342,-2.5651512766340256,1
2022-01-17,709.139892578125,717.0506865539759,706.0053834950118,715.45859158973,19680557,-1.2539846489399653,0
2022-01-18,721.6281127929688,732.2754231705882,710.732033765099,713.9660262183528,24055886,1.7610376098631253,0
2022-01-19,726.0064086914062,728.3448704576684,715.1601319200394,721.6281168630272,7746270,0.6067246855852026,0
2022-01-20,725.3098754882812,733.5192406582008,718.593122167438,727.4492493645716,8505400,-0.09594036564779529,0
2022-01-21,708.9906616210938,721.6778629343133,704.56256744722,718.4438704427083,10689060,-2.2499643833198024,1
2022-01-24,701.1295166015625,712.8714450963203,684.8103301205044,711.4783164067461,8812501,-1.1087797689121714,0
2022-01-25,748.4950561523438,751.2812526244427,705.1097712156989,710.4831978461617,38088158,6.755604838941354,0
2022-01-27,770.0384521484375,773.1729614209846,734.4645353263007,740.3354997390122,34927774,2.8782282286322847,0
2022-01-28,760.9335327148438,780.8350240334769,757.7492819569561,774.267495457609,17765524,-1.1823980228767406,0
2022-01-31,769.242431640625,773.9690361396753,758.5951209379626,771.6306350497489,12319200,1.091934915279258,0
2022-02-01,778.048828125,789.9897229273715,765.3118250815118,774.2674961832904,15457534,1.1448141862888228,0
2022-02-02,800.1394653320312,801.9306482080884,783.4719657035859,786.1089376998102,13478899,2.839235329261647,0
2022-02-03,795.61181640625,807.9010231085285,789.1438320580597,798.2487881650928,10802708,-0.5658574688479412,0
2022-02-04,794.6168212890625,800.5375273924456,787.2533055822331,793.0247261996223,10776387,-0.12506037450296104,0
2022-02-07,785.7108154296875,799.6418586871963,780.2379055785233,798.547301010775,10939179,-1.120792515432445,0
2022-02-08,794.6168212890625,797.0547662415772,772.327186364226,790.0892439398406,12300670,1.1334966611735497,0
2022-02-09,799.8906860351562,805.5128817706051,796.2089586344551,797.0547477433659,9399830,0.6636991068900588,0
2022-02-10,805.8114013671875,811.9311344694868,799.1443893801419,803.5724835104245,12848281,0.7401905579596857,0
2022-02-11,799.8409423828125,805.910933815609,794.5670592087345,797.0050040983604,9717894,-0.7409251065752076,0
2022-02-14,769.5409545898438,799.044942191217,766.1577372280126,786.1089717696905,8617389,-3.7882516619744178,1
2022-02-15,793.0247192382812,795.1640932000283,760.535509065136,773.1729687056879,7426563,3.051658850431682,0
2022-02-16,793.1242065429688,804.3187959166104,785.4123783077933,791.0843157373454,7457765,0.012545296795174465,0
2022-02-17,778.9443359375,798.04977920758,776.6556766477757,793.0744065192533,6516308,-1.7878499342839693,0
2022-02-18,783.5217895507812,786.6562382009405,775.1631383479518,777.3025731006211,5466662,0.5876483597216264,0
2022-02-21,784.964599609375,792.8754550852171,772.2773980441019,779.6907162036588,5635224,0.18414421625989608,0
2022-02-22,775.3123779296875,783.1236890347601,762.3266061630229,762.3266061630229,6923558,-1.2296378313736422,0
2022-02-23,773.3720092773438,781.6311165027766,768.446377745728,779.6409672564297,6303173,-0.2502692730799838,0
2022-02-24,726.7030029296875,765.3616894261752,721.7276296921372,748.6941890803818,13085009,-6.034483507007815,1
2022-02-25,754.3163452148438,761.0828408577388,733.768089617416,738.6439190840508,10066136,3.79981122602131,0
2022-02-28,738.7433471679688,746.2064060601512,732.5738730035256,746.2064060601512,14463418,-2.0645181753869424,1
2022-03-02,746.5547485351562,752.7242234490318,721.4291138793579,725.1109021936494,11691602,1.0573904180840588,0
2022-03-03,734.0167846679688,755.7093982597685,728.7926431483262,752.2763788285255,8357181,-1.6794433217106608,0
2022-03-04,711.4783325195312,728.8921378609184,706.5527011474894,719.4389292470225,11660648,-3.0705635918983454,1
2022-03-07,664.261962890625,701.5275146452834,652.3708106018598,689.5866207789807,20147061,-6.636374921173038,1
2022-03-08,667.0980834960938,670.4315593489487,633.8625652026424,661.7246559807805,24828458,0.426958152643131,0
2022-03-09,670.8792724609375,677.1482299669213,655.8536103442449,668.1925590342214,20438651,0.5668115466660462,0
2022-03-10,691.527099609375,716.851760113602,684.8600876984586,704.4133277180616,23224756,3.077726201421682,0
2022-03-11,687.447265625,703.1694929500046,684.0640484133733,688.4921425464402,14224356,-0.5899745630618902,0
2022-03-14,706.552734375,708.8911962143927,681.62612684671,691.2783629796216,10720884,2.7791904492674213,0
2022-03-15,694.7113037109375,714.463508732359,691.5767946643307,709.4881361088745,12157425,-1.6759443546046304,0
2022-03-16,720.28466796875,722.4241024834147,705.6073187791766,707.4979846635094,10038170,3.6811498706307733,0
2022-03-17,735.60888671875,743.0719461037897,732.822690028575,733.3699689032381,13657428,2.1275225520508867,0
2022-03-21,722.3246459960938,745.708898110715,720.1354698214358,741.3305457613991,7495685,-1.8058836648795595,0
2022-03-22,727.7975463867188,732.3748649991513,702.8708804509575,725.4093431853007,11117081,0.7576787558007059,0
2022-03-23,723.1704711914062,739.2409504005844,721.0808388089187,732.4743944801721,5886245,-0.6357640553041777,0
2022-03-24,718.6925659179688,726.8521890590279,715.4585737556517,715.5580569129887,7559843,-0.6192046622230385,0
2022-03-25,717.6975708007812,723.0709980510239,711.9758917268063,719.737461628074,5430894,-0.13844516617708136,0
2022-03-28,732.3748779296875,734.2655438920685,711.5280537004077,722.4241323056428,7077669,2.0450545920797536,0
2022-03-29,734.1659545898438,737.997027858883,727.3994601308807,737.997027858883,6174137,0.24455735909720833,0
2022-03-30,746.7537841796875,762.0778973682609,737.6488268269082,743.3207644859574,16618114,1.7145755004229546,0
2022-03-31,757.4010620117188,759.2419257423131,747.5995406842856,759.2419257423131,20449544,1.4258083531143217,0
2022-04-01,770.7350463867188,771.9291480956172,751.430634908581,756.2567225944815,9321859,1.7604919036664501,0
2022-04-04,780.2379760742188,781.6311048196524,763.2222245661023,776.1581944740024,10959783,1.2329697127502648,0
2022-04-05,779.2428588867188,792.0793449261943,772.1778538476467,772.1778538476467,7334134,-0.12754021439803642,0
2022-04-06,769.8892211914062,776.1084373689016,765.4113855436096,773.1729551862172,9954921,-1.2003494916431823,0
2022-04-07,788.1985473632812,791.0842879275216,765.4113760133839,765.7098862392803,9820244,2.3781767126887843,0
2022-04-08,790.9848022460938,796.7562226216722,785.1138379725119,790.9848022460938,8104237,0.3534965767360454,0
2022-04-11,782.1783447265625,790.3379682548853,780.1881956091438,785.5616225199867,6340427,-1.1133535681753015,0
2022-04-12,794.517333984375,797.054762091317,773.9690190074331,776.2576784620369,7672215,1.577516092206066,0
2022-04-13,789.1438598632812,801.8310603779145,786.954683706007,801.8310603779145,7640132,-0.6763193062316986,0
2022-04-18,794.915283203125,797.701540542069,772.1778539370638,776.1581521532341,11478317,0.7313524990036235,0
2022-04-19,793.8704833984375,812.1798798632635,781.6808198606706,801.0350324818273,8711816,-0.13143536509669929,0
2022-04-20,790.7857055664062,798.4975328270091,784.7157147657318,796.9053772099106,6676491,-0.38857444590026935,0
2022-04-21,797.8507690429688,800.0399452190815,786.656180257254,791.1837573525702,6851615,0.8934232658520447,0
2022-04-22,776.7551879882812,794.0695098656304,774.3670454519611,792.0793607180975,6255027,-2.6440509771008758,1
2022-04-25,776.8546752929688,784.9147544594922,757.5004640962478,768.1975149849633,8023525,0.01280806439738491,0
2022-04-26,771.1827392578125,792.6763242129933,765.2122922442037,787.1039312941028,11087204,-0.7301154534491539,0
2022-04-27,762.127685546875,769.14294956113,745.3108999589274,761.8291145694097,11485697,-1.1741774355131573,0
2022-04-28,775.9591064453125,781.5813018343358,762.5753418682125,773.0734267486648,11037317,1.8148429929444987,0
2022-04-29,725.0112915039062,763.0728929714643,721.4290474243013,761.2320293511592,34401710,-6.565786072773783,1
2022-05-02,723.7675170898438,734.5641134040965,714.9611307955709,718.443892045097,16136040,-0.1715524197536955,0
2022-05-04,703.7166748046875,731.5290182882512,700.5324243652133,729.3895838916211,14548684,-2.7703429363309273,1
2022-05-05,698.8905639648438,718.2447755018411,695.4576054627075,712.4733554398764,12726146,-0.6858031097789707,0
2022-05-06,670.083251953125,689.0891522929513,664.8093080483108,686.6014658225797,15511195,-4.121863063695308,1
2022-05-09,660.4310302734375,665.7049135552946,645.6043943025328,656.948269141235,13999329,-1.4404511158208622,0
2022-05-10,656.50048828125,668.7896356892522,654.3113119445457,660.4310452234749,9523698,-0.5951479885129229,0
2022-05-11,669.0383911132812,672.670437741052,652.2216666104756,658.4408829357442,9352398,1.9098086072801168,0
2022-05-12,646.4501953125,663.7147141837374,640.8279999015396,663.7147141837374,11166084,-3.3762181813205783,1
2022-05-13,632.8176879882812,656.1521989141487,630.2802599694585,653.1669751897613,9618627,-2.108825617668608,1
2022-05-16,635.8028564453125,646.0023699503735,626.946669205644,636.6983870440652,6159695,0.4717264567178914,0
2022-05-17,651.7240600585938,654.261487902794,637.992044018338,639.7334244043911,8152237,2.5041101108438824,0
2022-05-18,656.2019653320312,667.0980444853482,647.097008334231,651.525102506574,13013873,0.6870860764347064,0
2022-05-19,646.9974975585938,654.5102984151605,638.0418264286258,640.1314587318055,9216948,-1.40268823620181,0
2022-05-20,669.7847290039062,672.42170114535,654.7591259395343,656.5005065936288,9708672,3.5219968440834304,0
2022-05-23,672.0235595703125,681.4270260261189,665.2570649129301,669.6851587185247,7919353,0.3342612140076362,0
2022-05-24,660.7792358398438,678.0935571217883,657.9432976959444,666.4014312821012,8088546,-1.6732037992326143,0
2022-05-25,661.724609375,669.3369543631273,656.7989779553019,664.7098331766917,5169619,0.14306949793219115,0
2022-05-26,679.8846435546875,681.8747925296007,664.7097576209751,669.6353884807904,10114633,2.7443492235901035,0
2022-05-27,684.9097900390625,690.3826999795286,680.8797503207161,685.6063543602096,5539060,0.7391175153040219,0
2022-05-30,690.2334594726562,694.5620093056062,686.7008963677916,691.6762689272873,3818060,0.7772803821785246,0
2022-05-31,681.8251342773438,692.5719279083247,679.6856995740432,685.6064056448789,10410424,-1.218185684845896,0
2022-06-01,682.6708984375,689.0393999964396,677.1482467060544,679.6359331377445,6966674,0.12404414528552898,0
2022-06-02,688.1437377929688,689.7358933861733,678.640788748455,678.640788748455,6347433,0.8016804829376722,0
2022-06-03,673.9639892578125,694.5620448552986,669.8344662627871,693.8654805144114,8475726,-2.060579462749146,1
2022-06-06,668.88916015625,680.6310283225093,666.9984941170961,673.6655061028346,6756864,-0.7529822338358194,0
2022-06-07,662.5703735351562,674.66055377043,657.8437693605109,668.8891334514536,8312778,-0.9446687130671538,0
2022-06-08,655.3560791015625,670.2324558791412,652.221630686989,666.699953347861,9282494,-1.0888344426119967,0
2022-06-09,658.0427856445312,659.4856558842811,646.7984554127238,653.7142356598122,5682743,0.40996133684332303,0
2022-06-10,657.44580078125,660.4310245831314,648.9876666759194,652.2714007110823,6758832,-0.09072128382906497,0
2022-06-13,645.7536010742188,648.7885661154301,636.9471554155248,643.7634520984045,6135431,-1.7784279241174428,0
2022-06-14,647.5447387695312,652.4703697514875,639.9323944579144,641.8230603247755,5391833,0.27737169290777963,0
2022-06-15,647.2960205078125,653.1171825629166,644.0122865091761,650.7787815712672,4638336,-0.03840943286658183,0
2022-06-16,631.7728271484375,654.958050954458,627.9417538657136,654.2614866544602,5960283,-2.398159863117477,1
2022-06-17,632.0714721679688,637.6438662874364,623.5137931639869,626.8970714944398,6849201,0.04727095036347606,0
2022-06-20,625.205322265625,634.0117683984502,619.1353918564027,632.1211024758242,5305222,-1.0862932761058208,0
2022-06-21,633.3649291992188,642.1713143687429,625.0560812875101,628.8870938788785,10333886,1.3051083608861314,0
2022-06-22,623.7127685546875,630.5290662395154,618.1901164819171,629.4344477012002,5899024,-1.5239493378224722,0
2022-06-23,626.2501220703125,637.6934789991874,615.2048192414707,624.3097753526043,8450777,0.40681442541328217,0
2022-06-24,630.8773193359375,639.2857121585366,628.5389182347369,631.2255711647849,6918584,0.73887367084704,0
2022-06-27,633.9619750976562,643.7137543304489,631.5738326048644,640.8280138253112,4552114,0.48894700557085,0
2022-06-28,639.1861572265625,641.5246190219543,628.8871592136342,630.877308451652,10711123,0.8240529139151409,0
2022-06-29,622.4688720703125,634.6585352973302,620.4289813914728,633.2156650541649,13620084,-2.615401627091951,1
2022-06-30,633.6633911132812,636.1510772127638,620.5781986707176,620.9264504308355,10563138,1.7984062408994195,0
2022-07-01,640.7782592773438,643.4151703556812,628.6880793772972,629.8821809667942,6549359,1.122815088238327,0
2022-07-04,651.1270751953125,651.9231835057071,637.3453155387575,638.3901317779793,3933384,1.6150385516574772,0
2022-07-05,645.3057861328125,656.6496592499287,642.8180999873506,652.8683277212066,5044787,-0.894032714083326,0
2022-07-06,654.7093505859375,656.1522209146767,647.793569912317,648.7886445204773,6684686,1.4572261174781387,0
2022-07-07,655.9052124023438,662.2335295503253,649.4273825421825,661.1871230460026,11171714,0.18265537453161507,0
2022-07-08,666.8676147460938,674.4914847980351,659.1440492888441,664.7249238691006,12669533,1.67133941558395,0
2022-07-11,677.5311889648438,679.624062922121,663.080644590663,664.2765638766813,14864123,1.5990541425242366,0
2022-07-12,673.8936767578125,682.9127974888394,670.7045789273825,674.6909360086746,6446810,-0.5368774554258882,0
2022-07-13,677.5810546875,682.6636355263198,674.6411042377205,677.6806892816021,9614674,0.5471750302552092,0
2022-07-14,665.9707641601562,678.1291651362578,663.3297783253994,676.2854385335281,8026311,-1.7134910203028597,0
2022-07-15,659.9413452148438,671.9004149771412,656.851882363399,667.7147283949422,6015057,-0.9053579030479098,0
2022-07-18,682.1653442382812,685.6534066266436,661.1871526108129,665.7714388475823,12464664,3.3675718584054604,0
2022-07-19,698.2103881835938,701.4493031717064,676.2854251871386,676.2854251871386,10171314,2.3520755020512985,0
2022-07-20,703.2930297851562,712.0630028189298,700.3032621036211,703.8909589906716,11620331,0.7279527328123869,0
2022-07-21,713.1094360351562,715.9995692329485,701.9476241075544,705.5353819558808,8036515,1.3957775542008166,0
2022-07-22,728.257568359375,732.493072520206,712.6609228245819,714.5544666625684,9713490,2.1242366961852888,0
2022-07-25,724.869140625,736.2800992931025,720.0357072668719,730.9981886231841,6230411,-0.46527875323129075,0
2022-07-26,704.0404663085938,720.9824830407537,699.6554494118315,720.4343711354031,14135744,-2.8734392387634644,1
2022-07-27,716.497802734375,718.0923210907121,701.2001223335591,705.535321760373,6106880,1.7694063085744505,0
2022-07-28,723.424072265625,731.1974552977669,720.5837567549567,722.5271177197354,6964838,0.966683987699235,0
2022-07-29,722.278076171875,732.4432989298249,720.5340449427604,731.3968923577526,6624854,-0.1584127675155922,0
2022-08-01,728.307373046875,729.8022568424667,717.9428818936258,723.5237570663771,5493105,0.834761163865827,0
2022-08-02,727.9586181640625,731.8452796805994,718.6404723296756,724.5203731412562,7275626,-0.047885672412384395,0
2022-08-03,728.0083618164062,735.9810748821575,725.0185944167496,727.5100672497969,9458761,0.0068333077049453905,0
2022-08-04,719.1387329101562,734.1872661279863,709.7708310498222,732.6923823476906,7466635,-1.2183416251044132,0
2022-08-05,726.0152587890625,728.7060618930041,718.7401695280204,721.5306072248198,4583196,0.9562168694597917,0
2022-08-08,743.007080078125,744.8009285069729,725.6165860407563,727.5101298876939,8191870,2.340422061845304,0
2022-08-10,736.4794921875,745.2992831555691,733.6392370152699,742.459027983339,9069541,-0.8785364319729871,0
2022-08-11,756.26171875,758.0556280395675,740.5156209586502,740.5156209586502,12384073,2.686052601918698,0
2022-08-12,757.9559936523438,759.4010603288651,750.8304165247139,756.1123277448064,4614341,0.22403287913927983,0
2022-08-16,762.0420532226562,769.3669604453247,755.8631872298486,762.3908351563127,7051498,0.5390892881027343,0
2022-08-17,769.466552734375,771.1109493642969,763.6365298228012,768.768988905421,7674390,0.9742899988682607,0
2022-08-18,762.4406127929688,773.3532775213273,759.5006622658611,769.3669204207018,9449924,-0.913092312646846,0
2022-08-19,754.9163818359375,770.0147338034493,747.6911095345374,769.3669264387377,7553270,-0.9868612493592832,0
2022-08-22,739.3197021484375,751.8767630479931,736.6787771629648,750.8303565131084,4994311,-2.066014205383815,1
2022-08-23,744.501953125,748.2889799370538,731.2971461641571,735.4828329888387,6594634,0.7009485830694162,0
2022-08-24,747.5914916992188,749.4849748830924,739.4692645302559,742.4590324461465,6875820,0.4149805868541412,0
2022-08-25,740.8145751953125,756.0125608585573,737.4760256263093,751.3286401681897,6320890,-0.906499950728823,0
2022-08-26,742.3593139648438,752.4248404802121,738.771556374977,745.4487161313889,4613713,0.20851894944480254,0
2022-08-29,726.214599609375,732.3934651330155,719.58725675724,727.5101534707075,5904146,-2.17478437351879,1
2022-08-30,748.9368286132812,750.9798244301302,730.4999273100934,730.4999273100934,9193270,3.1288587445265303,0
2022-09-01,741.6119384765625,752.3252732572747,730.9982382932499,730.9982382932499,9353805,-0.9780384482201754,0
2022-09-02,747.6412353515625,751.9763740717708,737.72516057526,746.4453161376152,7767812,0.8129988963480717,0
2022-09-05,753.5211181640625,756.2119213422034,746.7941406322013,747.6412780027727,5894055,0.7864578001419487,0
2022-09-06,747.44189453125,758.9524875416358,746.2459753346046,755.4146080729167,7606181,-0.8067754819698236,0
2022-09-07,752.8235473632812,755.4146550948194,736.5292765520527,740.6153289926856,10156460,0.7200095246743254,0
2022-09-08,777.0905151367188,779.5321711137026,754.517742915131,759.1519075413858,13410790,3.223460246219867,0
2022-09-09,782.1730346679688,785.2624977843975,777.3396012219318,785.2624977843975,8732302,0.6540447260967808,0
2022-09-12,798.2680053710938,802.2543624515986,784.1164255699052,786.3089341295793,15521649,2.0577250799699742,0
2022-09-13,802.8024291992188,806.1908568577237,800.4106515817256,802.254317296896,9887516,0.5680327656395479,0
2022-09-14,800.31103515625,808.582714283761,791.6905741001933,791.6905741001933,10494713,-0.3103371330669624,0
2022-09-15,787.3054809570312,803.7492030276528,784.9635206292796,802.7526138112515,5996899,-1.6250624604569608,0
2022-09-16,786.6078491210938,789.8965813396402,773.4528594199302,783.3689341975145,11467351,-0.08861005706317648,0
2022-09-19,795.3778076171875,799.2645297860902,784.0167273558158,786.6078349170996,11427799,1.114908592113939,0
2022-09-20,809.9779663085938,813.4162116130428,799.2646311651704,804.0482477149765,8274079,1.835625604785962,0
2022-09-21,803.7990112304688,813.2167913843225,800.6099136086641,806.4898142497095,6567084,-0.7628547115034578,0
2022-09-22,786.5082397460938,806.0413645037225,781.6249281431966,802.254337560139,7804275,-2.1511312209635647,1
2022-09-23,765.978515625,786.3089617813182,761.643376478292,786.3089617813182,10278805,-2.6102363692618535,1
2022-09-26,740.067138671875,760.8958779323136,738.472620232933,756.4112263924375,11090327,-3.382781164819304,1
2022-09-27,734.984619140625,751.5778555510004,728.0084939420021,743.8044102395187,11358306,-0.6867646549434836,0
2022-09-28,714.00634765625,731.3968414383884,705.2861921177687,731.3968414383884,13170668,-2.8542463254406125,1
2022-09-29,716.5476684570312,728.3074094040037,708.5749544825442,719.7865835091667,12090981,0.35592411875933205,0
2022-09-30,730.69921875,735.2336874765301,711.9633538234826,717.5442290519848,9536017,1.974962855359208,0
2022-10-03,720.2848510742188,739.4691933546459,718.5906372528893,728.5067120515447,6405645,-1.425260546137852,0
2022-10-04,740.2664794921875,741.9606933751628,729.503327804727,730.8985770794079,5438934,2.7741286503760954,0
2022-10-06,752.5244750976562,757.806446480693,743.4555377746278,747.4418945455374,9376433,1.6558895944981389,0
2022-10-07,753.12255859375,754.9164071979324,739.7682374227551,751.2290145617336,7500540,0.07947694937313621,0
2022-10-10,774.2003173828125,776.0440439506614,742.4589748041901,745.4487424879654,14106654,2.7987156338032726,0
2022-10-11,782.8706665039062,792.786741622341,771.858367550601,777.3396083789139,15953495,1.1199103031117152,0
2022-10-12,805.9417114257812,808.03452444932,780.7778337130018,786.8071863065097,21228018,2.9469803773469083,0
2022-10-13,799.2645874023438,812.1704304989873,792.8863918005101,804.2475337078446,13024911,-0.8284872130051579,0
2022-10-14,797.7696533203125,817.900767293416,791.7403008353796,812.7683085908579,8220645,-0.1870386985228345,0
2022-10-17,811.3731079101562,814.2133627517555,794.3812136734007,800.7594087772773,9463827,1.7051857680003613,0
2022-10-18,813.5656127929688,820.0933210652114,808.7819965413942,817.2031878991659,8470882,0.2702215369769556,0
2022-10-19,827.01953125,835.5902349486871,814.1137496473525,815.6584507568261,10868663,1.6536980233031295,0
2022-10-20,823.033203125,829.0626167149702,814.1635953463724,822.086492004441,11813817,-0.4820113642267754,0
2022-10-21,897.3289794921875,902.9098549269484,852.9308800171425,857.1663843034996,58057724,9.027069149226485,0
2022-10-24,906.3480834960938,915.3173865275703,901.9132492762457,912.8757307591613,3085307,1.0051056201272335,0
2022-10-25,899.7705688476562,907.4941354391532,888.5589399245156,902.6108846710398,13187308,-0.7257161755189867,0
2022-10-27,912.0286865234375,916.8123028107809,898.1760714649197,905.8996382375723,11967044,1.3623603727648481,0
2022-10-28,899.9699096679688,914.8191138175054,895.8341007783994,911.8791633658477,7320207,-1.3221927153887703,0
2022-10-31,902.9098510742188,914.8689219493739,899.0231287090013,904.9030295534112,9038777,0.32667107807355933,0
2022-11-01,868.7766723632812,900.9166754418196,866.0360519457314,900.9166754418196,29191921,-3.7803528968399447,1
2022-11-02,860.6046142578125,874.0087515177507,858.6612531010146,872.0155730650307,11029140,-0.9406396793825933,0
2022-11-03,861.1029663085938,877.3972377426342,853.0804346666695,854.973978653849,10185978,0.05790720181195752,0
2022-11-04,865.1390991210938,869.9227761579447,859.3588936663758,866.0360537722484,7323879,0.4687166309276902,0
2022-11-07,869.9725341796875,873.8093781801359,858.3622459374857,873.2612662982114,9931261,0.5586887777357497,0
2022-11-09,870.7200317382812,877.7459737196048,865.5377555214042,872.065402882393,10190209,0.08592197215726571,0
2022-11-10,840.8223876953125,853.7780483352187,838.1315844739355,840.8223876953125,18956575,-3.43366902714779,1
2022-11-11,847.7984619140625,851.784818795448,841.2708146861895,844.1110696333851,19329819,0.8296727490655131,0
2022-11-14,848.0974731445312,850.9876063732315,844.4598979594757,847.599178506961,6985306,0.03526914047398133,0
2022-11-15,855.7213745117188,856.9172329370936,844.3104155582582,848.3465898113479,7124767,0.8989416439268538,0
2022-11-16,852.482421875,858.6612262234416,847.6987450766258,855.0735294516383,6521854,-0.37850551980975755,0
2022-11-17,855.2728881835938,858.4619858806352,849.7916474260779,852.4824505087997,4909607,0.32733417569552614,0
2022-11-18,856.2694702148438,862.8469347377841,852.083783324346,856.3691048060786,7065304,0.11652211183339478,0
2022-11-21,867.0824584960938,867.9794131453679,856.0701595290153,857.0667487717732,7209207,1.2628020333992573,0
2022-11-22,867.0824584960938,874.008765898657,865.3882446180094,871.9657701163994,5535233,0.0,0
2022-11-23,871.7166137695312,874.806016059264,865.7868956711931,870.9193545489853,5861417,0.5344538144013589,0
2022-11-24,875.553466796875,877.7957925924075,870.1220432600779,875.0053548789186,4928778,0.44014912263197203,0
2022-11-25,884.7220458984375,888.7582199182167,877.8954343357848,879.9882472861958,7614047,1.0471752382072985,0
2022-11-28,888.65869140625,896.432075784622,882.2804955523642,884.6723342043173,7928147,0.4449584506300841,0
2022-11-29,889.5057373046875,898.8238834390427,886.964446841493,891.3494639431874,5661158,0.09531734811449866,0
2022-11-30,898.1760864257812,902.0129308137005,882.4299880052944,891.947403440859,10452798,0.9747378524354477,0
2022-12-01,900.76708984375,906.3978429404705,896.4319513193548,906.3978429404705,7053100,0.2884738813609955,0
2022-12-02,902.0628051757812,903.9064710008336,888.3597026661215,895.2361321565979,7988851,0.14384576730661625,0
2022-12-05,896.133056640625,904.205405152637,894.5384773606733,903.9064405460773,5098164,-0.6573542885410011,0
2022-12-06,901.564453125,903.8067788474197,892.6449675304239,894.438815942964,5351099,0.60609263815532,0
2022-12-07,911.5303955078125,914.8689452145676,896.780825725121,899.7207762220891,9103656,1.1054054258981205,0
2022-12-08,936.1461181640625,940.7304653596467,910.633456863442,912.5270008309415,17466047,2.700482921640446,0
2022-12-09,930.515380859375,941.7768270491702,924.4361500298539,940.7802378141974,8018981,-0.6014806017387908,0
2022-12-12,935.4485473632812,937.9400205509244,918.8553116027852,926.7283912065303,7621788,0.5301542140389248,0
2022-12-13,941.378173828125,946.0621554317456,933.4054598907215,936.9932176587412,8136559,0.6338805572532413,0
2022-12-14,939.1857299804688,946.9092966387719,935.2990075893691,942.424645030725,8573479,-0.23289724667618916,0
2022-12-15,934.9502563476562,941.7270512789019,929.4191371880759,936.544774863132,7359261,-0.45097295429527007,0
2022-12-16,931.9105834960938,941.9761714189226,925.9310479951191,929.070328463923,6926928,-0.3251159974474893,0
2022-12-19,942.9727783203125,944.8662614348763,929.2198585760303,931.9106009402516,4842336,1.1870446607354257,0
2022-12-20,946.5106201171875,949.5003878037909,937.2423524541128,940.5310847439807,9511818,0.3751796317150058,0
2022-12-21,929.1201782226562,955.6294896993481,924.8348564626333,949.8492231848704,8368960,-1.837321370190026,0
2022-12-22,916.4136352539062,932.8075406279887,909.8361705161678,932.8075406279887,9202717,-1.3675887432621159,0
2022-12-23,903.5078125,914.1215126109031,900.9167047154608,908.8894189164826,6371695,-1.408296674932219,0
2022-12-26,925.532470703125,929.7679751165904,902.0129273462807,904.9030605709675,4764440,2.4376832052157793,0
2022-12-27,929.0205078125,934.601383262467,919.4532145492958,929.269655124141,3346083,0.3768681510142091,0
2022-12-28,921.5460815429688,934.2525943412428,918.1576537993037,927.7747642872207,5956496,-0.804549114543307,0
2022-12-29,931.3624877929688,940.7802685364043,912.6764390270179,919.6525638996395,12204113,1.0652105680449608,0
2022-12-30,930.565185546875,940.2819304561998,927.1767578630881,938.039604707894,3704449,-0.08560600803056984,0
2023-01-02,938.388427734375,941.7768555666773,928.621865101302,929.0703424360158,3498198,0.8406979230479728,0
2023-01-03,959.0178833007812,962.306615866797,939.3850616781634,941.5277530309381,6927819,2.198391940554245,0
2023-01-04,954.1843872070312,966.6915700980585,951.742731385202,960.213739989154,9059392,-0.5040047926023972,0
2023-01-05,946.3113403320312,958.6192544579857,935.0498936135134,956.7257104918442,6998980,-0.8251074929076285,0
2023-01-06,936.6942749023438,947.7065741198771,931.1133385197832,943.3215570212211,5787783,-1.0162686443462854,0
2023-01-09,955.4799194335938,956.7256559647979,938.1392425884401,943.5706660298861,7025747,2.005525712560652,0
2023-01-10,948.9024658203125,960.7120239414986,939.5345026668546,960.7120239414986,7140150,-0.688392657920045,0
2023-01-11,946.5106201171875,952.4901554903943,939.5843128111604,949.7495351110077,7100355,-0.2520644417397855,0
2023-01-12,932.3590698242188,946.4608321809351,920.8484760391259,946.1119894438225,8661375,-1.4951285270541015,0
2023-01-13,930.9638671875,934.2525995293321,919.8518727792554,932.3092383369376,9083608,-0.1496422013658072,0
2023-01-16,910.0355224609375,938.537951447258,908.5904558441489,937.2423975527856,10008273,-2.2480297532694093,1
2023-01-17,914.5699462890625,916.5631247441648,903.6074647860002,911.829325913297,6904960,0.49826888250064094,0
2023-01-18,920.848388671875,922.4429070054517,910.13505514566,918.7555757556836,5730939,0.6864912200852169,0
2023-01-19,925.532470703125,934.8007387836647,917.6095738113638,920.4498289107772,7721730,0.5086702750282113,0
2023-01-20,927.3761596679688,931.6614814866497,921.4963193022849,928.0737843424014,4511360,0.19920305588447818,0
2023-01-23,929.5188598632812,936.494985020229,921.2969980711642,932.8075924147312,5236124,0.23104973887615454,0
2023-01-24,907.0955200195312,931.8109205049624,900.667507386481,931.8109205049624,18527897,-2.4123598575555683,1
2023-01-25,889.3063354492188,904.3548686481314,881.1841700826748,901.913212977989,11921748,-1.9611148084966223,0
2023-01-27,870.7698364257812,889.4558844177508,848.0974315288581,889.3063717030234,17300736,-2.084377259504633,1
2023-01-30,868.8762817382812,882.4797488377172,843.2639876046868,848.9943755841525,21233998,-0.21745754254332006,0
2023-01-31,868.627197265625,876.3009469325044,858.163009763603,870.0224465966877,16856151,-0.028667426869788404,0
2023-02-01,854.326171875,892.1467477297011,830.4578461296602,873.31118575127,12409819,-1.64639392315179,0
2023-02-02,865.4879150390625,869.0257945832661,834.1949893895618,848.0476037945589,9567053,1.3064966907856412,0
2023-02-03,879.5896606445312,881.9814992104708,856.3193256458724,870.0224280347356,7365732,1.6293405558218899,0
2023-02-06,879.6395263671875,896.083249001981,867.6305772359507,868.8763137991926,10129098,0.005669202912161886,0
2023-02-07,876.1015625,885.3698909449143,868.5275087282845,883.8251289861092,5055187,-0.4022061038797209,0
2023-02-08,868.7766723632812,883.4265463970343,865.2886100136724,879.0913466949038,6572818,-0.8360777391854923,0
2023-02-09,864.7405395507812,873.1617312210834,859.6080803738031,873.1617312210834,5993312,-0.4645765639080479,0
2023-02-10,864.2919921875,869.7234155462331,862.1991791777392,869.0756082290804,4603464,-0.051870745358406634,0
2023-02-13,856.1697387695312,867.4810624397231,853.5786312366728,864.291964903683,5707194,-0.9397580321682142,0
2023-02-14,867.7800903320312,868.9261923015049,851.3363676900806,859.6080463082112,7527755,1.3560805803748854,0
2023-02-15,865.33837890625,869.2251010663387,858.6612191879582,869.0257710635434,7322266,-0.28137444647375887,0
2023-02-16,861.800537109375,871.3179520956351,859.3090640330253,869.8230682498253,5843235,-0.4088391180969819,0
2023-02-17,851.984130859375,865.2885723399731,847.1008194517445,858.0633006446494,8420479,-1.1390578013476205,0
2023-02-20,843.8619384765625,858.2626651515379,839.6264342090392,856.767781292412,5992322,-0.9533267215458441,0
2023-02-21,841.171142578125,846.10427152094,834.5438605753566,846.10427152094,9677064,-0.3188668401486683,0
2023-02-22,830.5076293945312,840.1247400137371,826.7206023997231,837.1349722556811,6984037,-1.2676984080684073,0
2023-02-23,841.4700927734375,845.3568151047107,827.3683916524938,830.2086466297461,8437003,1.3199714236097115,0
2023-02-24,848.49609375,851.6851306206476,841.5697864442899,847.2004790909477,7763814,0.8349674025140086,0
2023-02-27,851.4359741210938,855.5220264113381,843.0646611855541,848.944501075937,8064267,0.3464813088414731,0
2023-02-28,841.220947265625,854.6749019114627,837.1349557410143,853.0305661731592,13012372,-1.1997410452398771,0
2023-03-01,862.1991577148438,865.7868544499753,842.1676786005922,843.1642677855706,12345125,2.493781273208673,0
2023-03-02,842.5663452148438,863.8435001502493,840.6229841234959,863.0462409614079,13900508,-2.2770623613266427,1
2023-03-03,849.7418823242188,855.6715399372595,842.7158791691664,846.8517490528509,7977804,0.8516287352475782,0
2023-03-06,856.5684204101562,860.8039245250408,852.6816981857065,854.0271301066211,10781567,0.8033660842120094,0
2023-03-08,858.0134887695312,859.5581898728927,850.1404097141072,855.5718330502939,8785735,0.16870437024552043,0
2023-03-09,864.8401489257812,871.2681618275661,859.059943374735,859.5582380054627,14746065,0.7956355285323236,0
2023-03-10,848.9943237304688,858.6611898525219,842.616128820787,856.6680115466182,11198583,-1.8322258992016782,0
2023-03-13,829.5110473632812,854.0769969866298,825.624385740161,842.7158550763185,8315798,-2.294865327435669,1
2023-03-14,830.00927734375,832.8495930135837,814.6120231166099,825.175844133421,12573734,0.060063091631201715,0
2023-03-15,821.2393188476562,840.622990970826,816.5553374379656,835.19156766045,6652641,-1.056609695274724,0
2023-03-16,827.7171630859375,835.0421303365613,811.5225882887138,818.6980428258025,8791383,0.7887888572323698,0
2023-03-17,834.5438842773438,838.6298759792484,820.1929743682964,832.1520456835085,7762461,0.8247649675348745,0
2023-03-20,834.6932983398438,838.1315433525241,822.7342275666805,833.1485971970394,10744023,0.01790367952063665,0
2023-03-21,852.6818237304688,854.4258550933804,835.8893175097998,837.2346888018227,11489951,2.155106004373475,0
2023-03-22,846.7521362304688,856.867481286425,844.1609675140237,852.6817939960018,8018924,-0.6954161956986171,0
2023-03-23,845.9049072265625,858.2128204363339,842.2175149931294,844.1110588183182,9857892,-0.10005631726870412,0
2023-03-24,837.0353393554688,849.5923396339286,834.3943534997146,843.3636567920377,8078718,-1.0485301356359389,0
2023-03-27,830.5076293945312,839.327480776985,826.3718204920756,838.1813788056045,10602508,-0.7798607363416643,0
2023-03-28,829.6107177734375,834.5438466338419,823.2325223622307,834.5438466338419,11002402,-0.10799559081083876,0
2023-03-29,839.72607421875,845.5561578031353,827.169074051887,829.6605471665011,17121194,1.2192895087542732,0
2023-03-31,855.5718383789062,857.9636768181534,844.6093570484835,851.9841415470137,12946752,1.8870158551285376,0
2023-04-03,861.6510009765625,863.8435093895595,853.5288354645894,861.0530717852805,13266882,0.7105379495864206,0
2023-04-05,857.5650634765625,868.0292507705822,854.0770010452227,868.0292507705822,11890015,-0.4741986599411052,0
2023-04-06,849.0443115234375,860.3057590478645,846.1043607664488,858.8606923204985,19677316,-0.9935983071164278,0
2023-04-10,844.4598999023438,852.0340149070264,841.0715328552598,851.8845021846186,15656078,-0.5399496302929019,0
2023-04-11,850.3896484375,852.7814871189875,841.1711972942013,845.3568845733122,23930907,0.7021942114530333,0
2023-04-12,848.1472778320312,853.7282141860258,843.7623215828012,851.9841829804615,13480335,-0.26368742959052005,0
2023-04-13,861.40185546875,864.740465803461,842.1178786725427,850.7383996311652,23934570,1.5627683992099906,0
2023-04-17,861.6012573242188,878.9917525763007,858.0633775149602,878.9917525763007,22577380,0.023148528669025836,0
2023-04-18,860.4052734375,869.0257944680026,854.1765908510034,862.3984518651789,17238709,-0.13880944074211587,0
2023-04-19,870.4210815429688,871.5173053950632,859.6080516064868,862.0497074519493,23494247,1.1640802787567184,0
2023-04-20,865.7869262695312,872.61353842213,861.2026399691414,871.8162791734077,19444753,-0.532403841279061,0
2023-04-21,861.25244140625,870.8694911657597,854.5752812705765,867.8299061208056,15520786,-0.5237414340291902,0
2023-04-24,879.2906494140625,881.3835232550492,857.5650167620126,865.0394358505833,18201632,2.0944158925529255,0
2023-04-25,875.3541259765625,892.7446202081773,871.4176471790306,881.9814686878904,36394389,-0.4476930853436478,0
2023-04-26,884.6224975585938,886.4163460948365,872.214948873526,874.4074574520372,19468723,1.0588139482053949,0
2023-04-27,878.393798828125,886.9644421404878,874.5070763800876,884.9712636188237,15992383,-0.7041081079962264,0
2023-04-28,857.0667114257812,887.0142047003216,850.7383943408122,882.0810759982311,23004117,-2.4279642491552678,1
2023-05-02,867.6804809570312,873.4108693169933,861.3022852342807,867.0326735942426,12947953,1.238383125812148,0
2023-05-03,856.917236328125,863.8933610296572,851.1370308836802,860.9035933004291,15103015,-1.2404617673356766,0
2023-05-04,862.9964599609375,864.1923792079833,854.5752687622576,857.066741849028,9756391,0.7094294962325387,0
2023-05-05,862.3486328125,881.9814524505231,859.807342487784,864.1923593505327,14343308,-0.07506718491833153,0
2023-05-08,875.453857421875,878.3938079372135,862.3486841752388,862.3486841752388,7007882,1.519713038406878,0
2023-05-09,885.2203979492188,887.1637591447313,876.9985366679567,879.1910451750226,12117151,1.1155974063676188,0
2023-05-10,886.86474609375,889.4558536615812,874.5568330791094,888.9575590656924,11893027,0.1857557901219442,0
2023-05-11,892.8941650390625,896.9303394009706,885.9678574749587,887.9610360069609,13816121,0.6798577767206826,0
2023-05-12,907.5440063476562,910.4838959136572,890.9507713425321,892.1466905835556,10533272,1.6407141946047865,0
2023-05-15,912.6764526367188,916.3638451469153,906.0491704050921,907.5440543286596,7339579,0.5655313960716501,0
2023-05-16,914.669677734375,919.3536597652427,908.8894717679148,913.075159132243,12567615,0.21839339580831396,0
2023-05-17,911.6798095703125,915.7658618831991,908.141929991981,914.5699426495011,10248327,-0.3268795540996128,0
2023-05-18,911.5802001953125,926.3297089469851,909.4873262717023,916.8621110610288,13614127,-0.01092591652840369,0
2023-05-19,920.8982543945312,923.838204751964,905.8497815389638,917.7590348551536,8393002,1.0221869888378698,0
2023-05-22,914.4204711914062,924.5856938959987,911.2812514916671,919.8518948703927,9383158,-0.7034200762367604,0
2023-05-23,913.0252685546875,919.3535859810547,909.2880588555776,914.4204570128335,8273445,-0.15257779989340525,0
2023-05-24,914.5699462890625,917.7091658596611,907.0955270824292,908.0422990139986,6248545,0.16918236412231114,0
2023-05-25,917.9085083007812,920.3999814033983,909.3378651585706,913.5733694330196,8149350,0.3650417363117109,0
2023-05-26,923.7883911132812,924.7351630391825,911.879137749949,914.8689054147029,4908462,0.6405739525592535,0
2023-05-29,926.6286010742188,934.5016798732743,924.884570021122,927.8245202474517,7133871,0.3074524413014812,0
2023-05-30,934.2526245117188,936.4949503720625,924.8846610310455,927.6252815270212,7804403,0.8227701399095233,0
2023-05-31,911.7296752929688,936.6942853313651,907.0955716533429,934.152934014655,34757004,-2.410798602842723,1
2023-06-01,916.5631713867188,927.7748007672122,912.9255961902546,918.8553145613342,11817533,0.5301457465664683,0
2023-06-02,922.9412841796875,927.3263012298903,917.1112613721726,919.5030999135525,11616991,0.6958726896389322,0
2023-06-05,947.6068115234375,950.6464572290907,924.4361127448595,924.4361127448595,14520005,2.672491497189089,0
2023-06-06,964.8976440429688,967.4389342544459,947.8559327842277,947.8559327842277,14457988,1.8246842793091966,0
2023-06-07,973.4185791015625,977.9032308609246,964.7980574999955,969.6315520034975,15795824,0.8830921197911401,0
2023-06-08,958.8184204101562,971.5249323844282,956.6259728879411,969.7310840358085,10209982,-1.4998849420854277,0
2023-06-09,971.4253540039062,978.3516613325,960.0143951307958,963.7017874550165,12947464,1.3148405709974886,0
2023-06-12,970.8772583007812,974.5646506865643,965.296322011575,969.6813390368814,7465375,-0.0564218033702657,0
2023-06-13,982.4874877929688,986.3243929017011,970.9768941207329,970.9768941207329,15233785,1.1958493612784338,0
2023-06-14,974.3653564453125,984.8295439414147,972.6711424948328,982.6370353482635,8644423,-0.8266905633476873,0
2023-06-15,973.8171997070312,985.6267578642999,968.8840708061163,984.9789505278337,15978311,-0.05625782306968308,0
2023-06-16,978.2021484375,982.0888707728268,973.8670096093874,979.447884977415,8860900,0.45028458439508867,0
2023-06-19,962.3564453125,982.6370124661768,957.7222809127747,980.4943212217917,11025846,-1.6198802211087604,0
2023-06-20,971.5250244140625,973.6677156728969,955.2806314970962,962.6554164174278,7596593,0.9527217431983148,0
2023-06-21,962.7052001953125,974.9632356100433,959.864945208758,974.9632356100433,7805855,-0.9078329427560927,0
2023-06-22,963.3031616210938,970.1298345995613,955.4301429041441,958.9182053403447,10135883,0.06211262031823317,0
2023-06-23,955.1311645507812,962.2069239173616,951.2942594299611,956.7256830250307,6188008,-0.8483307639684523,0
2023-06-26,957.2738037109375,960.2137542000391,949.8492015416074,956.2273971509471,5799528,0.22432931095530684,0
2023-06-27,969.9304809570312,972.6711013758669,957.5229327136336,963.7017981869501,6921886,1.3221585294645344,0
2023-06-28,974.8636474609375,980.6438531290252,963.7018353412269,975.6609067208492,10010996,0.5086103180341972,0
2023-06-30,984.0820922851562,986.4738700502332,972.6711329149684,973.767356787256,7096350,0.9456137633430561,0
2023-07-03,978.7501831054688,986.6232617471704,974.6641919078107,986.6232617471704,5562743,-0.541815486887498,0
2023-07-04,967.38916015625,981.4908610084411,965.6949463306252,978.7502406757175,7396806,-1.1607684111150207,0
2023-07-05,963.2034912109375,972.1727942848107,958.8184742662522,965.6949642870135,8200047,-0.4326768499903877,0
2023-07-06,977.604248046875,982.7366462464298,957.7222801183558,957.7222801183558,10221727,1.4950897673588148,0
2023-07-07,974.362060546875,987.0815405475973,969.4737654458773,973.913125545509,6236524,-0.3316462163986622,0
2023-07-10,961.7422485351562,983.6397168850006,958.1010224249453,974.3619913680536,7138850,-1.295187130401576,0
2023-07-11,950.9182739257812,969.4238573789243,948.324461185316,965.583097735668,10616390,-1.1254548321924296,0
2023-07-12,947.7259521484375,955.2578672745432,944.7331333521793,954.4099263045584,10141257,-0.335709373231885,0
2023-07-13,957.8516845703125,963.6876568946427,949.8708344096943,954.0108638970822,13079930,1.0684240944252466,0
2023-07-14,954.759033203125,964.6852274002033,945.4813074131775,962.1413436836285,5383514,-0.3228737201182552,0
2023-07-17,962.540283203125,966.580636879501,948.1747909716205,957.7019176622215,8472444,0.8149962167830704,0
2023-07-18,961.34326171875,977.6042309854672,949.0227883239745,961.6923995413861,14457717,-0.1243606636796124,0
2023-07-19,961.9916381835938,967.578269388831,954.2103220685292,961.6923685039854,7574544,0.06744484417402496,0
2023-07-20,975.5591430664062,977.5543554985788,955.3076881686135,961.5926560411982,15329753,1.4103558018893292,0
2023-07-21,968.9749145507812,982.6421320165374,965.6828261847799,969.2741842405901,6230317,-0.6749184365111183,0
2023-07-24,969.1743774414062,982.5921923743232,966.4808286510473,971.1197216171681,9167788,0.020584938539669473,0
2023-07-25,960.1959838867188,975.3097424302705,951.5167976207896,975.3097424302705,13448045,-0.92639609173224,0
2023-07-26,974.461669921875,977.6540217625826,960.9939869690231,964.5354766047415,8298226,1.4857056553612136,0
2023-07-27,957.6022338867188,987.63015672027,953.4621437226243,986.9816883223583,17858061,-1.730128188265001,0
2023-07-28,947.676025390625,967.4286160462416,939.9445773118847,957.6022192953338,8504392,-1.0365690622718415,0
2023-07-31,951.6165771484375,956.3052775703625,946.0299459031511,952.4146499294641,6601991,0.4158121185125818,0
2023-08-01,957.6022338867188,961.6923950286265,949.7211204017142,953.7115452773517,8409096,0.6289987881692438,0
2023-08-02,942.9872436523438,956.6045923939507,934.3579258213549,949.2222822906164,9324465,-1.5262067816044667,0
2023-08-03,933.310546875,944.3340841360575,924.930690622325,941.8400684259062,17076611,-1.0261747274400324,0
2023-08-04,949.9705200195312,952.5642718277866,932.412674958146,944.7330873809358,12376086,1.7850407027236281,0
2023-08-07,945.1321411132812,952.7139239007455,942.2889269011943,949.9705068423926,10922609,-0.5093188477207189,0
2023-08-08,950.6189575195312,957.6022008106924,941.7901062537052,947.725875229002,11512735,0.5805343155283138,0
2023-08-09,947.7259521484375,951.0180406465107,942.039584257736,949.7211646792763,7701831,-0.30432860066692546,0
2023-08-10,937.5004272460938,949.6712350742389,935.0562798762082,945.7306784030826,13590891,-1.0789537713052022,0
2023-08-11,934.9566040039062,943.4362572588378,930.766645511894,935.2558737056812,9558237,-0.27134102217531986,0
2023-08-14,937.699951171875,941.0419075552627,926.6764149419139,932.7617883498599,7172522,0.2934197326614374,0
2023-08-16,930.8164672851562,937.749842661367,929.0706564078612,933.7095496660087,7394623,-0.7340817153841384,0
2023-08-17,934.30810546875,940.7426778503086,929.4198714597991,933.7095660844874,9336994,0.37511564377212814,0
2023-08-18,940.7925415039062,943.6856239218536,928.821266763245,932.6121582533107,6648744,0.6940361532990158,0
2023-08-21,950.3196411132812,951.9657156977736,941.6903840226237,941.9397855724528,6822155,1.012667425503344,0
2023-08-22,954.759033203125,956.8041138031537,946.3791773785815,951.5666810794194,10860061,0.4671472521227793,0
2023-08-23,976.9058837890625,978.1030234221159,956.1058186098329,959.697176619942,12677151,2.3196272374231386,0
2023-08-24,979.0008544921875,991.8699992810248,976.7562404631382,982.442608181207,11899556,0.2144495941614588,0
2023-08-25,980.7466430664062,985.834471283137,968.4760988315514,971.6684508890794,6228241,0.17832349851465423,0
2023-08-28,987.8296508789062,990.1241329133894,977.7537919349728,977.7537919349728,8451441,0.7222056646917663,0
2023-08-29,978.3524169921875,988.6277487213704,975.1600649597776,987.8296759355306,8114141,-0.9593996169568797,0
2023-08-30,980.99609375,995.611049849403,977.6541371266683,980.6469559137907,9023083,0.2702172256026314,0
2023-08-31,971.1696166992188,992.3188799032469,966.2813220592374,979.4497358194095,21558300,-1.0016836064268175,0
2023-09-01,988.7774047851562,990.6229518907627,966.6804032045811,971.9178357296834,10946742,1.8130497271714896,0
2023-09-04,979.8987426757812,992.1692874182171,977.6541286050045,991.3712145930849,6727188,-0.8979434669933783,0
2023-09-05,979.1006469726562,983.8392765669051,975.5591570326598,983.091071894129,10548660,-0.08144675244154964,0
2023-09-06,962.7399291992188,980.7966394168384,959.4977087863123,979.1006965615071,16351052,-1.6709944809069732,0
2023-09-07,975.8584594726562,977.4546051391893,960.7945683551385,962.7399127474505,8686550,1.3626245131797,0
2023-09-08,977.953369140625,984.9366127081339,970.1720527717824,975.858420425993,6439351,0.21467351618806862,0
2023-09-11,998.0053100585938,1001.5966681785131,976.6565120983709,979.4497974015362,7130484,2.050398469979142,0
2023-09-12,998.5040893554688,1007.5822815964099,995.660875096741,1007.5822815964099,8958327,0.049977619542507234,0
2023-09-13,1012.0216064453125,1014.5654900389868,991.3212781087256,1000.5491353190113,12254423,1.353776838166909,0
2023-09-14,1018.4561767578125,1019.9525860325733,1006.6345069537728,1012.0216046985313,7855558,0.6358135312052537,0
2023-09-15,1024.6912841796875,1029.2802485746777,1012.1214088945802,1018.5559813857484,8986157,0.6122116556575019,0
2023-09-18,1022.2970581054688,1027.4347549170495,1016.5608218682338,1019.1047057608484,6397319,-0.23365340480430152,0
2023-09-20,1024.8409423828125,1044.9925397848435,1009.8767878452892,1009.8767878452892,13619788,0.24884002718916776,0
2023-09-21,1012.0216064453125,1031.1257283526368,1009.6771953773779,1024.1424850583664,8156588,-1.250861027048189,0
2023-09-22,1015.8125610351562,1024.7910172583984,1005.5870970031303,1007.5823094971842,7108110,0.3745922582778949,0
2023-09-25,1016.5109252929688,1023.5440373483997,1002.7439708865614,1012.7699017646486,7123890,0.06874932291651703,0
2023-09-26,1011.7223510742188,1018.2566594998765,1008.5798671917402,1016.5607167837618,6387615,-0.47107946403722734,0
2023-09-27,1022.7457885742188,1025.489205519727,1001.5965866509939,1007.5323554927213,5158686,1.0895714113951849,0
2023-09-28,1028.4322509765625,1035.4653015857891,1022.7458225971219,1024.541562459703,15818489,0.555999591088141,0
2023-09-29,1034.21826171875,1038.5080169360645,1022.0475152267032,1028.4322190332261,9528626,0.5626049491051388,0
2023-10-03,1038.5579833984375,1042.1991486065783,1030.128137940139,1032.5224171761674,11589322,0.4196137160134228,0
2023-10-04,993.1668090820312,1034.5175969528955,986.4828355738606,1032.8715224189036,22584212,-4.370596061268939,1
2023-10-05,1000.8484497070312,1006.7842189501363,986.5328246698826,997.606229461282,7950412,0.7734491884701544,0
2023-10-06,998.553955078125,1005.5870667301236,997.0076776195943,1002.5942480791412,5289753,-0.22925495159410447,0
2023-10-09,993.865234375,997.3069881423653,985.8843843122647,992.4186931233185,6823214,-0.46955106224161325,0
2023-10-10,1009.8268432617188,1012.5203920923382,994.1145461203287,997.5064314461529,5728499,1.6060134044990848,0
2023-10-11,1016.6605224609375,1023.1948922217821,1009.577542320045,1016.5607861898477,7396783,0.676717918999481,0
2023-10-12,1016.0120849609375,1028.5320310662319,1012.5204631289959,1019.5535749269535,4920222,-0.0637811231649299,0
2023-10-13,991.67041015625,1009.0287820282044,989.8747312116803,1006.5846347116004,12173162,-2.395805637058279,1
2023-10-16,1002.3947143554688,1007.0336076187124,987.6301545262204,987.6301545262204,4646960,1.0814383578843456,0
2023-10-17,1005.636962890625,1012.2710687741517,1000.6987998010652,1006.4350357086527,6105067,0.32345028248088603,0
2023-10-18,990.4733276367188,1011.672460164127,986.9817058086751,1007.582298949754,7818946,-1.5078637533687655,0
2023-10-19,989.0267944335938,996.6085770707042,977.3547899117126,977.3547899117126,4836625,-0.1460446397457682,0
2023-10-20,978.0032958984375,990.5233034704851,975.4095439163634,986.6326146083185,5664400,-1.1145803730695958,0
2023-10-23,961.9916381835938,982.5423622597436,958.7992861933225,977.6540675662923,5896695,-1.6371782980684868,0
2023-10-25,953.1629028320312,971.6684865740864,949.1226097011919,957.7019990873952,6957048,-0.9177559347847031,0
2023-10-26,969.7230834960938,972.6660339304111,950.4692962330248,953.7115163461261,17540495,1.7373924871455948,0
2023-10-27,1000.349609375,1002.3448217596922,970.970094832599,977.6540684991274,13443016,3.1582754293617565,0
2023-10-30,986.8320922851562,1000.3496444881126,976.8560300115275,1000.3496444881126,5270567,-1.3512792890766678,0
2023-10-31,979.4996948242188,995.6110604893629,975.6589350286542,995.6110604893629,7816805,-0.7430238151212021,0
2023-11-01,969.4737548828125,976.955801860539,965.6828632585753,975.5092606003677,5703984,-1.023577648301921,0
2023-11-02,980.5970458984375,985.984082951752,971.6684580537067,975.6588829327773,5193982,1.1473534956054188,0
2023-11-03,986.4828491210938,989.0267935974802,979.1504680359956,983.6396958568432,4268048,0.600226489287814,0
2023-11-06,1006.9837036132812,1013.7674134673241,990.7226741492185,992.6181502490323,6552178,2.0781764741731434,0
2023-11-07,1018.4561767578125,1019.7530526181287,1002.8436156355219,1005.5870326392501,6559859,1.1392908448632832,0
2023-11-08,1019.2542724609375,1024.4916441513978,1013.1688380732181,1021.548754556056,7643314,0.07836328369725809,0
2023-11-09,1019.4537963867188,1026.3871107399823,1014.2163638559787,1022.2969496906434,4407935,0.019575480934652667,0
2023-11-10,1026.736328125,1028.5320681288063,1014.216442457611,1015.4634502996684,3294063,0.7143562331213937,0
2023-11-13,1022.8954467773438,1029.3798867855012,1021.0498997460257,1027.5842687731763,5985481,-0.37408643703786826,0
2023-11-15,1038.857177734375,1042.4984646699425,1029.0807101756216,1042.4984646699425,7240388,1.5604459876441101,0
2023-11-16,1023.8931274414062,1041.5009017158827,1019.7032299963196,1040.3038229538877,6908825,-1.440433835727406,0
2023-11-17,991.9697265625,1017.5583506174719,989.4757109972611,1012.4705832200053,13268353,-3.117845019497223,1
2023-11-20,986.333251953125,992.368757223116,978.0032037355404,978.6516721144777,8215656,-0.5682103453809262,0
2023-11-21,989.4258422851562,995.112209948386,984.2882067571996,987.5802951235795,7061614,0.31354416227045157,0
2023-11-22,995.7107543945312,997.5064943208318,985.6349558212106,988.6277745129754,6103988,0.6352080005166849,0
2023-11-23,996.6585083007812,1000.9981320061083,993.0172820348068,996.6086401662712,3112891,0.09518365670624362,0
2023-11-24,1006.0859375,1008.3305516391919,997.3070143778607,999.6014966534458,6956281,0.9459036491136441,0
2023-11-28,1018.7056274414062,1019.5037002486309,1006.8340889333878,1010.6249804344942,6173384,1.2543351885788923,0
2023-11-29,1057.6123046875,1060.9542613148635,1018.7056604079704,1024.6912979894364,9422396,3.8192266929762964,0
2023-11-30,1071.6785888671875,1078.3126952483788,1052.923541346816,1060.1561871641647,24755589,1.3300038319659757,0
2023-12-01,1102.005859375,1106.3454225650557,1067.6382481590172,1072.825874154055,14428758,2.8298848948610456,0
2023-12-04,1122.905517578125,1126.2974030234527,1096.4689532024638,1117.817750299184,14043213,1.8965106242700092,0
2023-12-05,1129.7391357421875,1149.0927211189544,1124.4518957465727,1134.0788203008565,15804808,0.6085657303386727,0
2023-12-06,1117.8177490234375,1142.9573765954551,1115.2738044978198,1132.3827752128796,7342767,-1.0552335792915812,0
2023-12-07,1115.174072265625,1126.89594517818,1105.8464786014674,1116.5707453086986,6439419,-0.23650337992235926,0
2023-12-08,1128.4920654296875,1131.634549261566,1108.8392723370227,1113.178834877189,7300989,1.1942524037530156,0
2023-12-11,1113.827392578125,1136.6726003551878,1111.183711625699,1126.2974708649378,6924589,-1.2994927745441198,0
2023-12-12,1128.292724609375,1131.1858072332268,1106.345386022809,1117.319055316092,9044111,1.2987049993238076,0
2023-12-13,1112.1812744140625,1148.244763765444,1108.7893888970148,1147.247157541495,8184523,-1.4279494889848254,0
2023-12-14,1117.767822265625,1135.8743992190675,1115.2239995129569,1129.68928946714,9421193,0.5023055126068154,0
2023-12-15,1117.6680908203125,1125.1501373806013,1105.9462178758602,1116.520819325448,12048410,-0.008922375767661528,0
2023-12-18,1108.6895751953125,1117.31889278539,1104.549485299462,1117.0195622278702,7922468,-0.8033257546442241,0
2023-12-19,1117.568359375,1124.1525360208302,1111.532793079096,1121.1099101400514,6824641,0.8008359037851909,0
2023-12-20,1107.59228515625,1121.1597051403057,1100.0603096240868,1119.3141580232493,9848057,-0.892658971154936,0
2023-12-21,1092.77783203125,1101.2574845465347,1074.6213265198994,1101.2574845465347,10914682,-1.3375366841698488,0
2023-12-22,1085.6949462890625,1103.6518590487801,1083.2009306279906,1092.7779264108851,10600025,-0.6481542299427767,0
2023-12-26,1091.6304931640625,1098.0151966663564,1084.0985182719824,1088.5877457969887,5687517,0.5467048451581968,0
2023-12-27,1103.70166015625,1107.8916795104105,1087.0416843441974,1093.4263887566508,6132936,1.1057923965827943,0
2023-12-28,1105.197998046875,1110.3356943033596,1095.37160138822,1104.5994586858894,14097667,0.13557448943342099,0
2023-12-29,1099.661376953125,1104.2004121539771,1091.3312676547296,1098.8133142498616,8786731,-0.5009619184557335,0
2024-01-01,1095.072265625,1101.3572333307905,1090.383565245067,1092.3787776242896,4083732,-0.41732040647278756,0
2024-01-02,1090.633056640625,1096.7184305429569,1079.709316675706,1092.478603887825,7895577,-0.40538045969426006,0
2024-01-03,1095.97021484375,1099.9606398908986,1078.711699581697,1088.3884316097892,10225290,0.4893633262469166,0
2024-01-04,1120.7108154296875,1127.2949919117825,1097.4167353064222,1100.3596248484037,11411683,2.25741541611737,0
2024-01-05,1134.228271484375,1137.1712827143679,1116.3212896775506,1121.3093204625263,8025466,1.2061502279252068,0
2024-01-08,1119.314208984375,1143.2567589091743,1115.8225871203417,1142.2591526623078,4735538,-1.3149083720582877,0
2024-01-09,1113.8773193359375,1132.8318382933232,1109.6872999732295,1125.848594466918,6359362,-0.48573399719197274,0
2024-01-10,1104.35009765625,1113.328553734756,1096.419176831478,1112.5803490615472,5934163,-0.8553205558909593,0
2024-01-11,1123.05517578125,1125.2000534594813,1108.390413403008,1108.390413403008,4683035,1.6937634328731077,0
2024-01-12,1117.6680908203125,1126.7462829578426,1115.3736696086848,1123.6537280685436,5616755,-0.47968123713868493,0
2024-01-15,1116.8201904296875,1127.7439300929025,1113.9271079657626,1119.3142060402943,6719079,-0.07586334418858698,0
2024-01-16,1116.421142578125,1125.1003901176227,1112.4307175332362,1113.9770559493738,5229753,-0.03573071609754841,0
2024-01-17,1079.7093505859375,1112.3310279869554,1076.6166736237521,1079.410019983754,24913719,-3.2883461797767355,1
2024-01-18,1094.8729248046875,1106.095995787879,1063.448326051751,1063.448326051751,11473135,1.4044126051627748,0
2024-01-19,1113.8773193359375,1123.6039803798592,1102.3549183111254,1104.4997961277145,12303696,1.7357625803597454,0
2024-01-23,1086.642578125,1138.8672395300805,1076.217641808556,1123.204870544225,18924087,-2.4450395692744764,1
2024-01-24,1056.61474609375,1070.6310416625054,1018.4563047903621,1032.3230568353206,20884046,-2.7633586825819956,1
2024-01-25,1039.755126953125,1061.153732569677,1023.3445526484135,1055.4674255854222,20835434,-1.5956259557188823,0
2024-01-29,1058.709716796875,1065.4435595185512,1033.5201569861601,1033.5201569861601,11188604,1.822985946632838,0
2024-01-30,1051.5767822265625,1067.8876209651612,1048.2847544854226,1057.5126128108996,9426983,-0.6737384626914755,0
2024-01-31,1065.194091796875,1081.5049299098825,1040.2040060924105,1045.69084056198,12600390,1.2949420147409407,0
2024-02-01,1081.6544189453125,1085.046304056673,1054.2701800844486,1070.0822124872197,9756682,1.5452890018072374,0
2024-02-02,1064.4957275390625,1093.575850385391,1062.4505861502569,1085.445457406814,8667415,-1.5863376606902735,0
2024-02-05,1058.958984375,1076.9158960271432,1055.467362664861,1064.4957475123178,12569454,-0.5201282655086348,0
2024-02-06,1047.536376953125,1062.5502763066684,1045.6907081700033,1059.0088475733637,8011171,-1.078663818940695,0
2024-02-07,1066.540771484375,1071.1297356806806,1054.9685638394865,1058.5101145853655,7281793,1.814199005339212,0
2024-02-08,1033.4202880859375,1073.0252055587823,1029.1804617312182,1069.4338475904046,9869141,-3.1054118402188746,1
2024-02-09,1048.88330078125,1052.3749228732129,1032.073658779852,1037.460635442103,8233454,1.4962946705790348,0
2024-02-12,1044.1943359375,1054.7191298078526,1032.8715301930304,1048.8831580325893,8694379,-0.4470435214534829,0
2024-02-13,1068.18701171875,1072.9755709658375,1042.2991753456165,1048.4842860764943,8413609,2.2977213106321726,0
2024-02-14,1094.224365234375,1098.264719163139,1058.0113322775178,1058.7595369474293,16609115,2.4375276267149193,0
2024-02-15,1069.63330078125,1094.9227149446676,1066.6904112524196,1094.8727859242745,11780823,-2.247351204600323,1
2024-02-16,1066.1915283203125,1073.4241726059943,1055.4672626553363,1070.4313542808845,8660907,-0.3217712517386673,0
2024-02-19,1060.405517578125,1067.4386903707828,1057.5623641135999,1066.4410841180998,7562645,-0.5426802397598185,0
2024-02-20,1085.994140625,1087.8896168577692,1055.1680831094475,1056.4650199471596,8722800,2.413097878377446,0
2024-02-21,1081.604736328125,1091.3313980640905,1070.5313303997261,1091.2316617865245,9177213,-0.4041830552003578,0
2024-02-22,1098.2646484375,1108.041115761234,1078.9110645331584,1087.6900474726833,14633340,1.5402957799475647,0
2024-02-23,1094.174560546875,1104.7491622173827,1087.3907894792492,1096.3692455391695,6250943,-0.3724136888539564,0
2024-02-26,1082.6021728515625,1092.1792895580463,1077.0655316448554,1090.832423798755,5354189,-1.0576363326824656,0
2024-02-27,1076.467041015625,1085.9443001110253,1069.4837974716459,1079.0607928334823,6546815,-0.5667023390298231,0
2024-02-28,1071.6285400390625,1082.4027357978764,1061.502934449241,1074.820952971871,7643191,-0.4494797139350859,0
2024-02-29,1072.5263671875,1079.7092046661435,1052.8236453635054,1068.436206253075,13648997,0.08378156375012935,0
2024-03-01,1096.61865234375,1099.0627389049594,1073.424307411303,1073.424307411303,4819390,2.2463116892340373,0
2024-03-04,1104.1005859375,1106.2454634756489,1090.4832378881413,1096.6185399519284,5895441,0.6822730561585111,0
2024-03-05,1098.1650390625,1108.240838110355,1091.8800708025524,1099.5615904286128,4851446,-0.5375911353185381,0
2024-03-06,1122.3070068359375,1129.2403214113713,1092.727957811263,1097.5663236628902,13787638,2.1983915818379662,0
2024-03-07,1108.7894287109375,1124.20251849126,1104.8988617203179,1123.3046485018447,6943879,-1.2044456679558113,0
2024-03-11,1102.4547119140625,1117.31907033033,1099.2624204243646,1109.5876214061693,6751641,-0.5713182893743562,0
2024-03-12,1094.3740234375,1118.7156395632892,1081.6545441313667,1102.354873198211,9817138,-0.7329723742150795,0
2024-03-13,1077.8138427734375,1096.9180272759506,1068.186917873821,1093.3764762920455,11503890,-1.5132103201834002,0
2024-03-14,1055.716796875,1078.661740251447,1053.0731159999189,1072.426701290456,10253613,-2.0501727683861604,1
2024-03-15,1043.8951416015625,1053.7215382177246,1027.7837772769806,1053.7215382177246,17798175,-1.1197752378697134,0
2024-03-18,1058.809326171875,1064.346089346231,1041.1018159520013,1041.5008827914498,7612407,1.4287052382896404,0
2024-03-19,1048.28466796875,1058.4102737109642,1044.1943850314635,1053.0232975285835,6728886,-0.9940088307662465,0
2024-03-20,1032.2730712890625,1054.9186845427982,1028.482118812757,1047.4865666620108,12619644,-1.527409220885867,0
2024-03-21,1033.1209716796875,1048.035257657642,1025.6888540907516,1036.8619949851457,9903738,0.08213915621824164,0
2024-03-22,1030.8265380859375,1044.7430959040469,1027.4844598840073,1037.6101871982582,9891194,-0.2220876021923779,0
2024-03-26,1038.05908203125,1041.7002468947026,1025.0402736402045,1026.5366827988034,9656767,0.7016257030733941,0
2024-03-27,1050.3297119140625,1055.0185343378787,1041.7503225527066,1043.2966609454973,17027308,1.1820743245944731,0
2024-03-28,1044.693115234375,1055.8663772204363,1041.600560514143,1050.3296143572713,10235318,-0.5366502171413989,0
2024-04-01,1050.5791015625,1061.203632319249,1046.3892040873816,1049.8308968863641,5484556,0.5634177388834871,0
2024-04-02,1044.693115234375,1053.3224328177723,1037.7098721598722,1048.4840673289145,13617893,-0.5602611283025638,0
2024-04-03,1060.704833984375,1067.7380066830049,1041.251512317133,1041.3014413403423,11573590,1.5326719891714635,0
2024-04-04,1060.405517578125,1078.1130285632478,1056.6146868847939,1067.4386903707828,17964844,-0.02821863318239748,0
2024-04-05,1056.564697265625,1060.4553857835742,1045.5910291154657,1058.5599096565631,9210187,-0.362202973186343,0
2024-04-08,1073.4742431640625,1076.8660069572647,1061.0041651652145,1064.4458579816544,4967186,1.6004269253174108,0
2024-04-09,1077.4146728515625,1087.390734637225,1068.7853550513448,1087.390734637225,11385226,0.367072588149453,0
2024-04-10,1085.196044921875,1090.383548316074,1077.4146680524793,1083.5997776208008,9064074,0.7222262947020885,0
2024-04-12,1070.8804931640625,1093.7756320803342,1068.5361425852163,1076.916060323627,18045983,-1.3191673361510503,0
2024-04-15,1055.41748046875,1068.4362907053944,1052.723992312668,1060.555176997231,8889435,-1.4439531576137754,0
2024-04-16,1049.3819580078125,1055.3176660274705,1041.8499826884606,1047.4365529030972,7107881,-0.5718611424037512,0
2024-04-18,1021.5487670898438,1048.8832018148605,1011.4230396229323,1041.650556735367,17832438,-2.6523412857991535,1
2024-04-19,1026.636474609375,1034.4676586075361,993.3164654082485,1012.5702521129814,21598007,0.4980386334394016,0
2024-04-22,1051.4271240234375,1055.9662814551564,1029.5297141820704,1036.5129583674138,9410832,2.4147446566707087,0
2024-04-23,1053.22265625,1057.7118837689438,1046.239413442754,1055.467270009472,8300012,0.17077096315449847,0
2024-04-24,1060.704833984375,1066.3911408374038,1053.4721887491182,1053.4721887491182,5641163,0.7104079740380076,0
2024-04-25,1124.30224609375,1131.2355608344606,1083.5001260280715,1097.3668772875997,46136295,5.995769046369004,0
2024-04-26,1127.5943603515625,1138.6178360271808,1120.3117862267368,1127.2950297740094,10133766,0.2928139892320436,0
2024-04-29,1156.4749755859375,1161.2136049877345,1122.6062941517016,1127.5943251009617,15183242,2.5612592834687975,0
2024-04-30,1163.109130859375,1180.0684368123416,1152.3848638597049,1157.3728950223422,18965164,0.5736531627133834,0
2024-05-02,1147.0975341796875,1171.1897497242708,1145.2519869535458,1153.232837036846,12302236,-1.3766203234822139,0
2024-05-03,1138.7674560546875,1160.465390499882,1131.3851459567948,1148.1449785153566,9993632,-0.7261874319132722,0
2024-05-06,1140.912353515625,1153.232765714131,1132.931503925908,1141.1617550653036,7490104,0.1883525428772348,0
2024-05-07,1125.00048828125,1146.0500769962232,1121.3593229919986,1143.3066598846426,7115509,-1.3946614904592702,0
2024-05-08,1125.9482421875,1132.7318911613593,1115.573113534311,1121.9578174576657,8175609,0.08424475510209195,0
2024-05-09,1112.9793701171875,1131.8341514619112,1109.537555695174,1119.3141450674307,5226693,-1.151817782060438,0
2024-05-10,1117.418701171875,1137.2710892789437,1110.6848591958812,1121.0100592034512,7242718,0.3988691231734176,0
2024-05-13,1129.290283203125,1132.6821688333848,1102.4048432815728,1117.4187443862693,5513160,1.0624112536151253,0
2024-05-14,1120.1622314453125,1133.3805151781019,1115.4236014278974,1127.2452119578256,5471143,-0.8082998582013556,0
2024-05-15,1125.3497314453125,1128.492093577472,1115.9222797145299,1122.8557159257566,5436338,0.46310256268029537,0
2024-05-16,1136.5728759765625,1141.2116477253062,1108.6399003218369,1131.435179313018,10750526,0.997302813307277,0
2024-05-17,1138.6177978515625,1143.2566909794812,1123.4043034907972,1129.290204353205,9909986,0.1799199961764808,0
2024-05-21,1134.9267578125,1143.007343961868,1126.4969120583337,1133.2806831688256,8162017,-0.3241684827013147,0
2024-05-22,1123.3046875,1139.2663882104796,1115.2739081187951,1139.2663882104796,9094033,-1.0240370343281735,0
2024-05-23,1162.460693359375,1166.8501852548218,1123.0552461268537,1123.3046476916165,12818081,3.4857867411307364,0
2024-05-24,1171.1895751953125,1174.1823935305645,1157.8216289422353,1162.7099232454316,8814997,0.7508969452302061,0
2024-05-27,1184.1585693359375,1193.137025211273,1165.2040513768954,1176.0779834037558,10450046,1.107335175730384,0
2024-05-28,1180.5672607421875,1189.545716993226,1176.1777688860584,1185.156225137097,4018776,-0.30327936534411126,0
2024-05-29,1156.9737548828125,1183.0611805664641,1153.2327317478173,1169.1944304571298,9418064,-1.9984889166367759,0
2024-05-30,1165.1541748046875,1176.9759063285162,1152.2352225359814,1152.434695075394,7232217,0.7070531969589622,0
2024-05-31,1159.3680419921875,1175.1800755288707,1150.6389879506955,1170.192044648018,10057642,-0.49659804149694287,0
2024-06-03,1220.97021484375,1239.2263346733155,1190.543226683044,1194.184513556256,22197339,5.313426851555181,0
2024-06-04,1128.5419921875,1221.0699654696132,1098.9131373248442,1221.0699654696132,24135989,-7.570063670068993,1
2024-06-05,1181.66455078125,1190.14420353063,1108.0411640812747,1135.2758622111123,21039499,4.707184930777841,0
2024-06-06,1168.1470947265625,1193.0374459682257,1160.4655746223425,1189.2464931662287,12006879,-1.143933449281398,0
2024-06-07,1183.959228515625,1192.3390241756715,1163.9571731014148,1175.1802441941004,8583998,1.3536081081264584,0
2024-06-10,1197.12744140625,1209.4977826564013,1182.163348388672,1182.163348388672,9995057,1.1122184424487758,0
2024-06-11,1191.7403564453125,1206.4550480716425,1187.6002663100805,1201.5667532774446,9390212,-0.45000095851193134,0
2024-06-12,1185.0565185546875,1203.2628330753819,1181.2655659980387,1189.2464161988912,7199718,-0.5608468199030714,0
2024-06-13,1171.838134765625,1199.122639690824,1170.6409342714535,1198.9231671641783,5321148,-1.1154222251934298,0
2024-06-14,1178.222900390625,1181.8142585048788,1167.19930270935,1178.1230423439772,4451031,0.5448504734211435,0
2024-06-18,1189.0467529296875,1191.1417014157555,1178.3224871924854,1191.1417014157555,6837181,0.9186591548572043,0
2024-06-19,1223.7137451171875,1240.3737209742549,1182.6622230977348,1190.1442700595508,17987437,2.915528098628939,0
2024-06-20,1236.532958984375,1238.528171503914,1217.4787037783979,1227.1554357869195,8206858,1.0475663870196827,0
2024-06-21,1234.48779296875,1243.0173750319368,1220.8206361920809,1243.0173750319368,29311314,-0.1653951882774507,0
2024-06-24,1225.1602783203125,1232.7919909061045,1222.1176521581588,1228.0533609592674,6676530,-0.755577714219946,0
2024-06-25,1268.406494140625,1275.6890689148843,1223.065336062286,1231.495060670556,17607952,3.529841489768404,0
2024-06-26,1282.3231201171875,1289.8549743671108,1256.185762851666,1278.0333644573095,13956370,1.0971739770215594,0
2024-06-27,1285.864501953125,1306.864161814128,1276.9359749023542,1306.864161814128,22311393,0.27616922602267113,0
2024-06-28,1262.2213134765625,1286.812332005033,1258.5800262921014,1280.028560763349,7167069,-1.8386998350643058,0
2024-07-01,1258.8792724609375,1269.952676787439,1253.4422456717753,1269.952676787439,5797015,-0.2647745668641899,0
2024-07-02,1250.399658203125,1264.8150193443623,1235.2858996423108,1261.9718659782138,9945447,-0.6735843891714888,0
2024-07-03,1276.93603515625,1285.515424786834,1240.6231423008721,1256.9839096069336,15171347,2.1222316224285276,0
2024-07-04,1277.8338623046875,1289.9048735015558,1265.4635205233747,1284.916842281519,4817380,0.07031105111914293,0
2024-07-05,1283.9691162109375,1292.2991036758544,1267.8577516275716,1268.955094098609,8593502,0.48012923175979605,0
2024-07-08,1284.76708984375,1294.2942775390354,1276.5368388889456,1281.9239365968008,4216951,0.06214897404754893,0
2024-07-09,1286.3133544921875,1291.8999244042634,1276.1376990091758,1280.9262570927215,6930340,0.12035369372869198,0
2024-07-10,1288.55810546875,1290.9024557429561,1272.097602748689,1281.1258660222238,9020489,0.1745104308155776,0
2024-07-11,1293.6458740234375,1298.2847673316003,1273.8932220304036,1297.9356295079974,7848846,0.3948419968874184,0
2024-07-12,1315.160888671875,1337.4745701900265,1291.7988634971857,1291.7988634971857,11278987,1.6631301564409284,0
2024-07-15,1305.3267822265625,1322.2493302322418,1302.8808095322124,1314.5617611447028,11537127,-0.7477493080898623,0
2024-07-16,1301.8824462890625,1316.3089323169752,1297.5893802710243,1305.326795116684,5433264,-0.26386771377086005,0
2024-07-18,1307.2738037109375,1316.4588158830534,1292.397974149323,1297.8890431781538,6787511,0.41412014097299554,0
2024-07-19,1290.2513427734375,1306.874329397254,1286.1080575380593,1303.5297937995695,4496066,-1.3021343263498908,0
2024-07-22,1280.41748046875,1290.2514616948122,1276.1244140466054,1281.2660758669613,6695557,-0.7621664073256706,0
2024-07-23,1261.1986083984375,1289.00335841064,1248.9685011727254,1286.4076049249054,8789327,-1.5009848243618618,0
2024-07-24,1237.2376708984375,1265.2920169514923,1224.6581555082237,1260.8492917358358,10344860,-1.899854419473812,0
2024-07-25,1173.9906005859375,1198.0514426854513,1153.6237016858659,1198.0514426854513,32979871,-5.111958017457729,1
2024-07-26,1175.4381103515625,1181.2287406448913,1153.3740222891986,1163.1081895407196,18554648,0.12329824147676582,0
2024-07-29,1168.1500244140625,1192.6600849625192,1161.760392891013,1180.42997752959,19598573,-0.6200314481312974,0
2024-07-30,1168.10009765625,1178.0838591746794,1158.3159626193535,1162.2096539859588,18090045,-0.004274002205972849,0
2024-07-31,1164.206298828125,1169.0983658950133,1152.125972880312,1155.1211010593768,17347076,-0.3333446196895129,0
2024-08-01,1170.3963623046875,1173.7408978982073,1163.5573884546725,1166.1032962835773,11190500,0.5316981606089399,0
2024-08-02,1158.9649658203125,1165.9037534043969,1154.2226789585948,1162.109875166186,10581445,-0.9767115528165893,0
2024-08-05,1131.6593017578125,1149.5801038837508,1122.4742904482669,1140.1454985508794,12013362,-2.3560387818257422,1
2024-08-06,1124.2713623046875,1149.1309529061807,1121.2762338435941,1138.1488152155048,8571122,-0.6528413137813938,0
2024-08-07,1134.9539794921875,1142.940988153295,1125.169845133499,1136.9507316574643,8370312,0.9501813837542894,0
2024-08-08,1136.3018798828125,1140.9443535197308,1124.1715848547658,1131.260031397282,7903428,0.11876255909759603,0
2024-08-09,1140.894287109375,1153.8232088423329,1138.098785283398,1150.1292660249399,6262086,0.4041537999599276,0
2024-08-12,1162.409423828125,1167.2015563223063,1134.0055486598599,1144.1390911628143,9078384,1.8858133450086578,0
2024-08-13,1157.7169189453125,1177.6844412516205,1153.5237880098216,1159.4640771471145,6180463,-0.4036877873338951,0
2024-08-14,1151.2274169921875,1157.1178601542738,1146.7846922486233,1157.1178601542738,5021841,-0.5605430694609725,0
2024-08-16,1164.9552001953125,1168.1001094798687,1147.733211401699,1164.5059796712717,6107134,1.19244755645167,0
2024-08-19,1151.3773193359375,1169.3980579733616,1148.3322232652067,1167.1017440309654,6691823,-1.1655281556834596,0
2024-08-20,1166.103271484375,1175.0886562817718,1152.774975075986,1156.1195105983786,6721749,1.2789857765246548,0
2024-08-21,1172.492919921875,1176.0870495188233,1159.6138438167345,1164.705537568418,9480630,0.5479487618079038,0
2024-08-22,1168.050048828125,1179.0821532872228,1167.051672745748,1177.7842156313006,5841326,-0.37892519590191354,0
2024-08-23,1164.0565185546875,1172.0435270356927,1161.6105459562107,1168.0999903470274,5121962,-0.3418971881764876,0
2024-08-26,1168.399658203125,1173.3415714014816,1164.2064052458907,1169.797287316781,3392612,0.37310384669551055,0
2024-08-27,1179.331787109375,1182.9259167528153,1162.3593931361609,1168.1000558035714,8702113,0.9356497863977964,0
2024-08-28,1169.0484619140625,1179.7810051393292,1167.451084506114,1175.088686152465,5483503,-0.8719620133802786,0
2024-08-29,1173.4913330078125,1177.9840256136065,1161.5108193923618,1167.1017013718215,7290114,0.38004165254841293,0
2024-08-30,1173.341552734375,1181.0290002255358,1169.9470495007388,1175.0887109707376,10190506,-0.01276364547606601,0
2024-09-02,1186.86962890625,1192.0611361944418,1172.193426216783,1174.090365297038,6432362,1.1529529607426703,0
2024-09-03,1189.6649169921875,1191.6118234786993,1174.7890889702703,1186.070787465194,7920246,0.23551770285954454,0
2024-09-04,1175.7874755859375,1187.7181430165656,1171.3947182758648,1180.7793560492762,6527941,-1.1665000125696046,0
2024-09-05,1178.6329345703125,1180.9291264399822,1171.5443668771184,1180.0805311431025,4234766,0.24200453257567922,0
2024-09-06,1156.868408203125,1179.4316856844912,1148.9313662549052,1174.0903974514563,9874576,-1.8465907178405905,0
2024-09-09,1168.9486083984375,1173.6908947764286,1143.1406111157853,1156.1195001502876,7700940,1.0442155831773325,0
2024-09-10,1185.2720947265625,1188.9161919814424,1171.4446096778545,1176.9856459572557,8723854,1.396424634141069,0
2024-09-11,1184.173828125,1192.9096187070504,1179.0821345601635,1185.2720174237563,6000329,-0.09265944979628404,0
2024-09-12,1201.3958740234375,1203.7420335200763,1174.8390937297338,1188.1673904951442,7592871,1.454351167826995,0
2024-09-13,1215.472900390625,1217.5695876399766,1199.049662751232,1207.9352341685171,6762566,1.1717225497074546,0
2024-09-16,1229.0509033203125,1231.99606396264,1213.0269187314484,1220.0155511850453,4039284,1.1170963108534826,0
2024-09-17,1230.0992431640625,1238.5854405295986,1225.6065504411317,1233.1941848876636,8030427,0.0852966985271264,0
2024-09-18,1238.4356689453125,1248.3695849409576,1223.0108058973215,1229.8996258314878,8210034,0.6777035127512931,0
2024-09-19,1240.6820068359375,1259.6511538996783,1236.9880637881504,1246.4226697631223,8449864,0.18138510921104078,0
2024-09-20,1242.978271484375,1247.970152092746,1227.9028164215117,1241.9798953627007,15009629,0.1850808374575852,0
2024-09-23,1244.775390625,1250.4161181847596,1238.5355398977574,1249.4677096230525,5462814,0.14458170201792075,0
2024-09-24,1237.5372314453125,1245.0748984127024,1233.3439784040834,1239.0846413870245,9225946,-0.5814831522378716,0
2024-09-25,1266.0406494140625,1268.9359643444172,1229.1007354244925,1235.9895545699358,6853324,2.3032372072928187,0
2024-09-26,1275.026123046875,1279.5687831579885,1260.2002619861607,1265.4917041899575,7270078,0.7097302631610569,0
2024-09-27,1271.0826416015625,1279.4690257801735,1255.208436169208,1270.9328608020694,13372027,-0.3092863255137801,0
2024-09-30,1230.198974609375,1272.929520192919,1227.353627115125,1261.448195108826,8466919,-3.216444443035904,1
2024-10-01,1224.6580810546875,1240.93153854236,1222.6613288324884,1226.1056776669482,11164280,-0.45040628947418115,0
2024-10-03,1173.790771484375,1217.1702876110573,1171.1950179115215,1205.5391812805995,17300892,-4.153592774769022,1
2024-10-04,1176.4864501953125,1200.8468520222327,1172.093570870444,1173.5911350580977,13064515,0.22965581059464224,0
2024-10-07,1143.8394775390625,1182.9259272029717,1129.0635840139234,1181.0289881912613,20047013,-2.774955261986245,1
2024-10-08,1151.42724609375,1166.4527338133323,1140.644735078961,1151.1276845041943,8464570,0.6633595625683775,0
2024-10-09,1168.2498779296875,1183.0757394034908,1152.1260787102349,1152.1260787102349,9807734,1.4610242977147525,0
2024-10-10,1182.326904296875,1189.0659430167432,1173.1418928645546,1175.0886775236831,6806243,1.204967073665264,0
2024-10-11,1170.5460205078125,1186.2704442280499,1164.1065433521678,1180.5797491543212,4754158,-0.996415098586334,0
2024-10-14,1162.459228515625,1173.0919587287326,1154.7218134686907,1169.6476098115127,9765296,-0.690856390992578,0
2024-10-15,1151.976318359375,1170.0968702032376,1147.6334063981412,1164.2064264310386,8741516,-0.9017873400717802,0
2024-10-16,1151.3272705078125,1161.0614374890406,1146.2355767689712,1149.1308918352402,7739854,-0.05634211756079255,0
2024-10-17,1130.0120849609375,1149.480420987831,1122.1748561142738,1149.1310136899726,6595231,-1.8513576541510757,0
2024-10-18,1194.9063720703125,1201.895004543148,1154.1727016376046,1156.1194862204916,20829666,5.742795849092031,0
2024-10-21,1188.3671875,1212.8274033274415,1183.624900757945,1194.9064782000012,7456038,-0.5472549752147171,0
2024-10-22,1173.8408203125,1196.0546908223473,1171.4446930516256,1192.3107800622608,7256246,-1.222380366968856,0
2024-10-23,1158.515625,1181.2286807689004,1156.7684668639306,1173.1917045941498,6501834,-1.305559923228783,0
2024-10-24,1165.4544677734375,1173.2916968049035,1152.7751384006528,1163.1083080072417,5046700,0.5989425281542893,0
2024-10-25,1187.418701171875,1199.7985903436822,1168.1001462052077,1185.07254149195,12798716,1.884606735465133,0
2024-10-28,1169.697509765625,1192.061160603629,1165.1549712634646,1192.061160603629,8572243,-1.4924130290992377,0
2024-10-29,1184.922607421875,1189.2655189267314,1155.720107544012,1174.4896262998118,9908946,1.301626918851917,0
2024-10-30,1168.4993896484375,1185.721377046743,1162.4093199283802,1176.8358055508825,9686560,-1.3860160714775027,0
2024-10-31,1157.6671142578125,1176.0871054888319,1151.9762970757422,1163.6074036054613,8682294,-0.9270244799942984,0
2024-11-01,1167.65087890625,1170.5960398098143,1162.1098425062892,1162.1598100627925,460781,0.8624037536764773,0
2024-11-04,1137.4000244140625,1175.0387563721924,1133.6061463101485,1170.0968431979647,9288653,-2.590744805546996,1
2024-11-05,1169.7972412109375,1172.9921178913025,1131.609354942301,1137.100423556092,11701049,2.8483573150584807,0
2024-11-06,1164.605712890625,1181.6280740310438,1159.5638648703841,1169.897154934203,10353506,-0.4437972784872013,0
2024-11-07,1158.0166015625,1170.99549241813,1149.1809963928945,1166.7024259247364,6252889,-0.5657804401259847,0
2024-11-08,1159.064697265625,1165.8537035689599,1149.2307169471244,1154.1227842652258,3786168,0.09050783051907096,0
2024-11-11,1169.098388671875,1174.8890186797137,1141.0938909031916,1150.1292431682323,6620678,0.865671383997868,0
2024-11-12,1156.2694091796875,1185.072537895656,1151.9264971262662,1169.7474877488462,9606088,-1.0973395923299045,0
2024-11-13,1137.30029296875,1163.6074819353837,1133.2568205375103,1150.029589746679,8079113,-1.640544674133959,0
2024-11-14,1138.84765625,1148.8813855767612,1129.7624574145566,1135.7028687904137,5975873,0.13605582367439695,0
2024-11-18,1124.37109375,1133.156852012231,1119.7287424706979,1129.3629741553402,9474971,-1.271158826253238,0
2024-11-19,1132.1085205078125,1137.150368520057,1120.227942513477,1128.1649836941745,19225966,0.6881559656613634,0
2024-11-21,1137.30029296875,1150.1294029940473,1113.938265096014,1136.1521359437722,8126248,0.45859317961927104,0
2024-11-22,1140.544921875,1146.0359906217202,1125.7190606332729,1134.804259094338,16687505,0.28529218943400547,0
2024-11-25,1154.0230712890625,1162.609082214813,1140.1456177666953,1158.1163893251894,12385823,1.1817289398742048,0
2024-11-26,1142.9410400390625,1157.71693360964,1140.7945069895281,1155.2209932897363,5127437,-0.9602954677172315,0
2024-11-27,1147.7830810546875,1153.5735891768147,1131.7092505928033,1143.3402343897294,5989943,0.42364748889054393,0
2024-11-28,1130.6610107421875,1152.5753188902968,1127.5660689944857,1146.6350294369997,10731275,-1.491751411492026,0
2024-11-29,1134.4549560546875,1139.0474623267583,1125.8688230005273,1131.7094214290682,6406277,0.3355510870592049,0
2024-12-02,1135.2535400390625,1139.5466064002276,1124.7705900554713,1130.8606604334245,4785858,0.0703936264822902,0
2024-12-03,1158.615478515625,1163.0083577848877,1136.1520159851627,1142.5416474793556,8382042,2.057860878879847,0
2024-12-04,1157.567138671875,1166.1033032104772,1152.0262243526445,1155.6203539949722,18379798,-0.09048211966692365,0
2024-12-05,1164.5059814453125,1174.9889311617428,1148.2324012319225,1162.1098542785676,10640451,0.5994332891480214,0
2024-12-06,1182.62646484375,1191.9112895042008,1158.1162826981583,1165.6041034914654,7542210,1.5560661505531703,0
2024-12-09,1161.3609619140625,1184.0740174769637,1159.1146157594899,1182.3268593567407,6308112,-1.7981588914042335,0
2024-12-10,1151.776611328125,1163.1581232345245,1149.3804843153964,1155.1211468863528,4714389,-0.8252688785182927,0
2024-12-11,1145.386962890625,1156.4689130536558,1142.6913962114295,1148.1324971228753,7788242,-0.5547645589132122,0
2024-12-12,1143.7896728515625,1152.6752450559866,1141.742952973343,1143.1407039727058,4825283,-0.13945418367879991,0
2024-12-13,1146.28564453125,1150.8281830630162,1111.8416660481157,1139.1472304132253,8731618,0.218219462802538,0
2024-12-16,1149.0311279296875,1153.124445743624,1139.8959618422361,1144.6382485238657,3975202,0.23951127814745288,0
2024-12-17,1134.4049072265625,1149.9795508853542,1128.1650562517189,1143.3902926303374,7292817,-1.2729177084591536,0
2024-12-18,1120.4276123046875,1138.0489753800873,1114.137793934539,1134.3549105744767,7222127,-1.2321257456517243,0
2024-12-19,1107.099365234375,1117.232907788727,1099.2621366321944,1103.1058605329233,11677610,-1.1895678867550163,0
2024-12-20,1070.109375,1104.0541616573962,1063.2705232390288,1102.1572227344786,12623056,-3.341162626946692,1
2024-12-23,1077.3975830078125,1081.790462182754,1070.6585443933702,1073.3541110903145,3886921,0.681071316454207,0
2024-12-24,1077.1480712890625,1082.988547493429,1074.252756029435,1075.550693795779,4343694,-0.023158741274820205,0
2024-12-26,1074.9515380859375,1090.8257430405286,1071.008001093157,1081.2413564986148,4775460,-0.20392119353621618,0
2024-12-27,1075.7003173828125,1084.4860761153666,1074.2527207366024,1076.3492862446637,3801667,0.0696570282794573,0
2024-12-30,1068.21240234375,1094.719335130627,1062.2221460639655,1072.355687311683,9452155,-0.6960967583686029,0
2024-12-31,1062.9710693359375,1068.7117323668265,1056.7811857732072,1060.2755024007047,5292136,-0.49066393502945616,0
2025-01-01,1070.0595703125,1075.2011098143219,1052.23845913699,1062.4219686475792,2985355,0.6668573756189566,0
2025-01-02,1084.83544921875,1086.9320146607752,1065.766490024577,1070.259182488381,6557076,1.3808463861441744,0
2025-01-03,1083.1383056640625,1091.7243161491626,1078.0466116915568,1084.236495050746,7357220,-0.15644248682228357,0
2025-01-06,1061.6732177734375,1088.2299988761818,1058.1789012632846,1085.9836525482262,5283413,-1.9817494938898839,0
2025-01-07,1065.7664794921875,1068.7616077717908,1054.2851544203747,1062.821318766077,4619462,0.385548175297723,0
2025-01-08,1073.204345703125,1080.5923532571728,1057.380108807656,1062.0225820719759,8780098,0.697888923517409,0
2025-01-09,1060.02587890625,1078.3960244691536,1052.538057769639,1077.8468688369667,9054190,-1.2279550348112789,0
2025-01-10,1039.010009765625,1063.1208181441978,1035.316066762271,1054.5348076351484,5612886,-1.9825807613592872,0
2025-01-13,1047.59619140625,1061.2738965451533,1021.5884427467809,1024.9329786295832,7180930,0.8263810319365295,0
2025-01-14,1049.9422607421875,1059.2770529988159,1043.8022232895967,1051.240076562291,6892897,0.22394786800323807,0
2025-01-15,1025.1326904296875,1051.190283846339,1013.0023957042544,1041.306335482205,11418721,-2.362946158102308,1
2025-01-16,1036.314453125,1044.7506829203899,1025.3822829319104,1032.2211352471902,10261727,1.0907624739413535,0
2025-01-17,989.440673828125,1010.0571657533391,973.0173739309598,998.3761525809333,33831617,-4.52312318481397,1
2025-01-20,986.445556640625,992.5855944235661,974.9143241337787,990.439061296575,33440507,-0.3027081124441722,0
2025-01-21,968.62451171875,992.8351323265008,961.4361915572816,991.98647607347,11894500,-1.806591838941951,0
2025-01-22,957.7422485351562,974.165548733293,952.4508670167169,974.165548733293,17303146,-1.1234759240486336,0
2025-01-23,949.505615234375,962.1350977728039,946.4605801962688,952.450837032954,24649522,-0.8600052167876071,0
2025-01-24,946.959716796875,960.2381065426121,944.5635898180176,946.4605287542831,14421921,-0.2681288448064145,0
2025-01-27,946.5603637695312,948.2077087224076,931.9840969648512,941.5684832287448,12713296,-0.04217212414214799,0
2025-01-28,982.2024536132812,992.2361218299094,956.6440483023032,958.4411132023487,21781371,3.7654323176824045,0
2025-01-29,981.8031616210938,987.0446365758884,976.012531017436,986.3956676832572,11175206,-0.04065271785044233,0
2025-01-30,983.1009521484375,989.7900841668027,973.2170044414162,983.0510455309357,10473118,0.1321843907286846,0
2025-01-31,984.4987182617188,988.3924097046705,976.4618022690061,980.4054003333197,9036312,0.14217930622757446,0
2025-02-01,996.5291137695312,1003.3180589613612,980.4053156198999,987.8931362585447,4830391,1.2219818354922696,0
2025-02-03,987.7933959960938,998.8753469855333,981.753171485876,985.4970820817739,7124605,-0.8766144062157144,0
2025-02-04,1013.6513061523438,1015.4483710586156,986.1959616686072,992.385906066695,16058171,2.6177447896556183,0
2025-02-05,1011.654541015625,1020.3903323316467,1008.8590999817069,1018.9426747263542,7858373,-0.1969873786576759,0
2025-02-06,1019.0425415039062,1020.1906375069063,1008.4098112049047,1010.3566568712627,5815563,0.7302888672712671,0
2025-02-07,1022.43701171875,1025.6817342725071,1006.0137724647228,1017.8445057093887,8638651,0.33310387707996547,0
2025-02-10,1010.1070556640625,1025.082697705042,1004.5660802961088,1019.3420349226665,3960565,-1.2059379612989973,0
2025-02-11,1005.76416015625,1014.6995779700981,1000.9719058765897,1007.3615376254405,4808215,-0.4299440820119238,0
2025-02-12,1005.2649536132812,1009.008864115462,982.4021157722138,998.3761339148515,7669283,-0.049634552785338126,0
2025-02-13,1006.5628051757812,1015.7977841830659,999.4243916227608,1001.3712372223157,6348246,0.1291054221909338,0
2025-02-14,995.8801879882812,1014.3501463619988,986.0462074988543,1008.9089842755058,5375755,-1.0612966356962183,0
2025-02-17,991.3375854492188,998.0267176735445,976.4617568131531,990.8383973867473,7166803,-0.4561394627438764,0
2025-02-18,992.53564453125,995.7303993678929,984.9479494541168,991.3375809994877,3090004,0.12085278512752318,0
2025-02-19,1009.7077026367188,1011.804329129352,986.5454245287212,990.0397410803987,6401381,1.7301200415405393,0
2025-02-20,1015.5482177734375,1017.9942514939594,1004.8655809305341,1006.7625199634393,5011212,0.578436226787904,0
2025-02-21,1007.3115844726562,1020.2405672343198,999.0250749789396,1010.3566194091612,5019937,-0.811052902917786,0
2025-02-24,1008.4097900390625,1011.3550117867557,996.9284646337834,999.7239055887297,4265454,0.10902342267622434,0
2025-02-25,1007.4613037109375,1012.0538703579778,995.4807904446366,1002.3696099471763,5708975,-0.09405762791020456,0
2025-02-27,1015.0490112304688,1021.8878632634938,1003.5177792562238,1006.0137195509107,9777690,0.753151261649676,0
2025-02-28,1013.90087890625,1033.8184951280357,1008.3099968849968,1013.152096799687,15026849,-0.1131110233610233,0
2025-03-03,1005.6143188476562,1017.7446127420518,990.3890834419211,1015.3983923638058,6763184,-0.8172948885824982,0
2025-03-04,1000.1731567382812,1009.4580422063008,996.9783410568012,999.4742812867012,5786420,-0.5410784241427713,0
2025-03-05,1012.802734375,1015.747956311782,1000.9220333836612,1001.3713148547035,5133873,1.2627391118859688,0
2025-03-06,1032.4207763671875,1037.812032077071,1013.5015966332338,1020.9394503749928,7861120,1.9370052357030598,0
2025-03-07,1035.9649658203125,1048.6442933123737,1029.0261789274416,1032.021307173322,7597321,0.3432892415819122,0
2025-03-10,1034.16796875,1048.7942045442894,1030.6736520285292,1034.3177495553393,5995655,-0.17346118156510437,0
2025-03-11,1023.9844970703125,1035.1164152394542,1019.4418369523306,1028.7267836644776,4771085,-0.9847019040820082,0
2025-03-12,1009.5579833984375,1028.1278165033088,997.5774694995702,1023.535188677738,7504702,-1.4088605553258082,0
2025-03-13,1008.5595703125,1014.3501396310593,1003.4678155302854,1013.3517635093752,4004140,-0.09889606167805542,0
2025-03-17,1032.470703125,1037.312802999425,1009.4580844924919,1009.4580844924919,5938668,2.370820080076297,0
2025-03-18,1032.470703125,1032.470703125,1032.470703125,1032.470703125,0,0.0,0
2025-03-19,1050.341552734375,1056.830996939409,1041.8053889158466,1046.0984546003142,4822365,1.7308820052021723,0
2025-03-20,1052.6378173828125,1057.1804773897622,1045.1999641815423,1054.5347563485304,3742644,0.21862075650149748,0
2025-03-21,1068.4122314453125,1073.8034868790976,1048.8440838264673,1052.637839967216,6848565,1.498560454698472,0
2025-03-24,1096.067138671875,1103.1555843595158,1071.9563323258167,1080.2429024147984,8284863,2.5884117022089814,0
2025-03-25,1116.7337646484375,1121.6756781665542,1094.569739540046,1108.1476316970598,11720528,1.8855255528967607,0
2025-03-26,1094.4698486328125,1117.0331251287269,1087.281589139772,1113.1894013460305,7127060,-1.9936637290298043,0
2025-03-27,1096.56640625,1106.2007603513039,1086.333050840613,1090.226742151285,8508917,0.19155919368691876,0
2025-03-28,1100.21044921875,1105.2023296598516,1084.7356198513357,1096.6163196755733,4921190,0.33231393447585855,0
2025-04-01,1083.837158203125,1099.46176981717,1068.2625141469891,1091.4247928076945,6638140,-1.4881962834702667,0
2025-04-02,1082.68896484375,1093.8208832672776,1078.995021845347,1089.9271919160412,4065344,-0.1059378109234177,0
2025-04-03,1088.0802001953125,1090.1767656925256,1073.5539006365532,1077.148030327788,5345660,0.4979486746999884,0
2025-04-04,1089.5279541015625,1100.110717042034,1073.7035944396453,1079.7438189672625,6059991,0.13305580838527398,0
2025-04-07,1046.2481689453125,1067.2640342717123,1030.6735264023866,1033.3192474005818,9720457,-3.9723427924287624,1
2025-04-08,1076.0997314453125,1083.1881778843842,1058.5783027690252,1059.2771173398287,8723357,2.853200931294575,0
2025-04-09,1059.926025390625,1080.0931741367542,1056.2819282015244,1071.357383142649,6690201,-1.5029932247046074,0
2025-04-11,1067.214111328125,1070.958021801289,1055.8327209873753,1061.5733837128932,8144072,0.6876032631441431,0
2025-04-15,1110.9930419921875,1115.186173124392,1081.2413836112057,1088.2300167462733,9320299,4.102169395940658,0
2025-04-16,1159.414306640625,1161.6106854878976,1110.7933135489463,1120.8768885930303,12836428,4.358376949113052,0
2025-04-17,1188.8663330078125,1197.2525949221158,1151.7266682029742,1153.7234204439198,13446336,2.54025038318908,0
2025-04-21,1221.0140380859375,1236.688494977289,1196.1544474414134,1200.0481388219926,15166580,2.7040638788039306,0
2025-04-22,1214.8240966796875,1232.9944930922131,1210.1316558499327,1228.4019873709017,8461710,-0.5069508796109679,0
2025-04-23,1204.940185546875,1228.0026499644732,1192.959671888685,1223.3103308638504,9433911,-0.813608419509193,0
2025-04-24,1205.139892578125,1218.0189699959437,1197.1528829388074,1197.1528829388074,9078137,0.01657402032444466,0
2025-04-25,1164.4061279296875,1177.9840189088325,1144.1390437634036,1175.088703760494,17243807,-3.38000301038055,1
2025-04-28,1190.8631591796875,1194.0579142147026,1162.4094379797552,1164.4061903446627,5523502,2.2721480603198563,0
2025-04-29,1185.3720703125,1208.03516052559,1182.4767550574834,1192.061141874012,6074520,-0.4611015820633835,0
2025-04-30,1183.07568359375,1191.9612552964234,1173.0919225507648,1183.1754968297632,6288257,-0.19372708167019193,0
2025-05-02,1181.478271484375,1208.5342387414275,1178.1835816881687,1180.1803338380926,5249372,-0.1350219712506151,0
2025-05-05,1171.294921875,1188.0676909669005,1162.4094710956974,1188.0676909669005,7236056,-0.8619159450626968,0
2025-05-06,1159.5140380859375,1176.8858067677252,1155.819973357097,1176.0870571311964,5348267,-1.0057999543107154,0
2025-05-07,1159.414306640625,1166.702379631733,1151.0279223537887,1157.1179926776738,4263817,-0.008601141688391323,0
2025-05-08,1170.2965087890625,1177.0855155580816,1163.7072503791862,1168.1001299431346,9912347,0.9385947789421811,0
2025-05-09,1149.230712890625,1170.2964243830247,1146.6349593857183,1158.1162846211869,5379571,-1.8000391986330744,0
2025-05-12,1201.04638671875,1207.0366430116117,1173.291483812994,1183.0756178401653,7616208,4.508726859360945,0
2025-05-13,1191.6617431640625,1212.8273905767053,1188.0676134138669,1203.2428820800658,5569926,-0.781372281575754,0
2025-05-14,1193.5587158203125,1197.4524072726892,1183.9743289259102,1193.958090664265,4084921,0.1591871743078066,0
2025-05-15,1207.1365966796875,1215.023792757296,1183.0757554785503,1195.05626945808,6705748,1.1375963896374408,0
2025-05-16,1206.837158203125,1211.3298509501008,1201.2461541758826,1204.0416561895038,4016269,-0.024805682918249694,0
2025-05-19,1200.846923828125,1217.0205692730729,1199.1496111907068,1206.038431240256,4550022,-0.4963581320216348,0
2025-05-20,1193.8582763671875,1208.7339838465284,1190.9629610912027,1206.0384169283893,4724482,-0.5819765469073035,0
2025-05-21,1195.85498046875,1202.9434266363357,1180.7794033676655,1195.1560440526246,3712472,0.1672480009635935,0
2025-05-22,1186.570068359375,1194.7567041377135,1175.587930579019,1194.7567041377135,4795583,-0.7764245883506327,0
2025-05-23,1208.135009765625,1211.1301383520395,1186.1707334652522,1186.5701083178596,3676469,1.8174182866475874,0
2025-05-26,1213.2265625,1222.2119472113557,1206.737117986243,1214.2249385790394,3607612,0.421439052193584,0
2025-05-27,1193.658447265625,1214.7241587155684,1188.4669402662748,1213.2265945574386,7249163,-1.6128986818465751,0
2025-05-28,1192.7598876953125,1200.2477085066719,1189.7647593707686,1193.6584505670924,3525421,-0.07527777919813516,0
2025-05-29,1199.74853515625,1207.036729584128,1187.0692071757885,1198.051344500375,7788068,0.5859224084439285,0
2025-05-30,1190.2640380859375,1206.8371802417707,1187.6682843813674,1199.4491721040765,9998488,-0.7905404167946939,0
2025-06-02,1192.46044921875,1198.9498939286364,1177.285059235458,1187.8679434907856,3761853,0.18453142013301616,0
2025-06-03,1179.5814208984375,1196.953190278046,1172.9921626846794,1193.0594989197061,8155665,-1.0800381957112526,0
2025-06-04,1169.098388671875,1189.3654718272305,1166.7022617075252,1179.8808990754092,4306355,-0.8887078111639024,0
2025-06-05,1157.117919921875,1173.5911258569147,1155.1211676873247,1170.5959975050891,10481600,-1.0247613773217257,0
2025-06-06,1192.66015625,1199.2494146414624,1149.3306058090322,1157.0181754924818,14715421,3.071617483075939,0
2025-06-09,1217.9190673828125,1222.5115732140175,1204.2412412558594,1210.5310596341333,9138108,2.1178632488430216,0
2025-06-10,1230.798095703125,1233.893037215761,1216.4214555953035,1222.4117121508891,7747558,1.0574617530201058,0
2025-06-11,1229.400390625,1239.7835267494627,1226.1057006477856,1230.59839323194,4135775,-0.11356087428185946,0
2025-06-12,1210.930419921875,1235.0910732690493,1208.8338544449855,1229.0010033134809,3461744,-1.5023560138723635,0
2025-06-13,1203.842041015625,1209.7323629526622,1193.6585309035481,1196.0546580988657,3906868,-0.5853663257305297,0
2025-06-16,1213.4263916015625,1216.0221452054159,1194.0578700046613,1204.141444699681,5697424,0.7961468580920839,0
2025-06-17,1213.1268310546875,1225.0075315706626,1209.333074821813,1213.4263926474275,4492946,-0.024687162645242733,0
2025-06-18,1219.017333984375,1221.3136479815041,1201.9451254258431,1207.8355693502274,3135662,0.4855636507986816,0
2025-06-19,1215.52294921875,1225.8062721991687,1211.8290062533267,1216.0221372882443,4243763,-0.2866558717589007,0
2025-06-20,1218.7177734375,1224.0092160239617,1212.2283281649422,1215.5230183598476,4652390,0.26283536816835706,0
2025-06-23,1212.12841796875,1220.9141765377137,1203.6422209833972,1210.6308537948642,2312469,-0.5406793609125882,0
2025-06-24,1219.2169189453125,1236.3890620360896,1213.6260368186765,1220.9142315421007,6745788,0.5847978540459708,0
2025-06-25,1211.3297119140625,1224.3086005822797,1209.0333982470088,1224.3086005822797,4229259,-0.6469076100151905,0
2025-06-26,1231.4969482421875,1236.9880169210137,1209.233111941022,1213.2266164347136,8678448,1.6648841458910546,0
2025-06-27,1223.110595703125,1244.975057739528,1218.4182765518997,1234.8914830095598,6068274,-0.6809884954268819,0
2025-06-30,1197.2525634765625,1233.9928524938196,1191.1624936760497,1226.9044065990563,6559872,-2.1141205314877953,1
2025-07-01,1171.394775390625,1200.048121898433,1165.1049569513073,1200.048121898433,8702198,-2.159760511253539,1
2025-07-02,1173.3914794921875,1179.9807373800923,1170.0967896121938,1178.0837984150073,5471100,0.1704552678149618,0
2025-07-03,1169.1982421875,1179.0821900859225,1166.1033006099556,1176.0870617453147,6237185,-0.35736046988360526,0
2025-07-04,1176.6925048828125,1178.5910651184386,1161.104550799174,1173.095303475241,3926186,0.6409745092749386,0
2025-07-07,1174.1944580078125,1176.6925315385822,1166.700237415503,1176.6925315385822,5783402,-0.212293939549546,0
2025-07-08,1164.501953125,1179.090677793982,1161.0046502671364,1179.090677793982,9973619,-0.8254599412142682,0
2025-07-09,1163.8023681640625,1170.0975618217456,1157.7070935609217,1159.1060390377668,8674795,-0.06007589416746617,0
2025-07-10,1163.40283203125,1175.6932803896598,1162.1037850287682,1169.1982893297397,4339755,-0.03433023885686115,0
2025-07-11,1172.8955078125,1174.9938651381117,1159.7056066670582,1161.1045522095474,4468654,0.8159405770636008,0
2025-07-14,1171.7962646484375,1178.9907894899875,1162.1037882915339,1178.091458637763,4772502,-0.09372046842541781,0
2025-07-15,1165.0015869140625,1178.091467715654,1161.4043854536912,1173.0953206939591,4776756,-0.5798514587698866,0
2025-07-16,1167.4996337890625,1173.0952939304498,1156.2082929871394,1164.002330953665,4388279,0.2144243323837003,0
2025-07-17,1158.90625,1171.9961301019453,1153.9101032453461,1169.098340588998,5694428,-0.736050234223462,0
2025-07-18,1098.452880859375,1115.0400637891007,1085.1630816217619,1089.1599990494663,38053695,-5.21641583524336,1
2025-07-21,1098.7525634765625,1100.6511236274998,1071.0739594077916,1085.163068778452,15905500,0.027282246003390576,0
2025-07-22,1097.15380859375,1109.7440738053162,1094.1561205921278,1101.1507259292464,9999957,-0.14550636202875777,0
2025-07-23,1103.9486083984375,1109.6441667673976,1097.2536987270212,1098.6526441789765,6633979,0.6193115086932544,0
2025-07-24,1094.256103515625,1104.1484990790943,1088.560544663815,1103.149269668163,9901209,-0.8779851533916916,0
2025-07-25,1085.262939453125,1100.151480708091,1075.37054479538,1085.262939453125,11779887,-0.8218518529260921,0
2025-07-28,1072.7725830078125,1091.3582241283038,1066.5774099597274,1080.06700589857,9029557,-1.150906014684927,0
2025-07-29,1063.3798828125,1077.8687091686768,1054.5867372441537,1070.0747930042048,15599773,-0.8755537141877268,0
2025-07-30,1072.472900390625,1079.767201393535,1061.181560047832,1069.675009445578,8247433,0.8551052850534591,0
2025-07-31,1067.57666015625,1080.466743145018,1063.080128088743,1065.1784853249985,7634413,-0.4565374316303661,0
2025-08-01,1061.581298828125,1070.0747484070778,1059.1831239635255,1064.1792707746743,5545447,-0.5615860248619042,0
2025-08-04,1067.7764892578125,1069.1754347826832,1058.183911621366,1063.5797746594428,4465845,0.5835813457270245,0
2025-08-05,1069.974853515625,1079.0678163476823,1061.6812009903335,1067.1769625013424,5318081,0.20588243700145892,0
2025-08-06,1070.1746826171875,1076.8694707767693,1064.7788194860536,1073.1723708037903,4216651,0.018676055881683418,0
2025-08-07,1075.37060546875,1078.8679082841259,1063.6796705621337,1066.977176292842,5321131,0.4855210028754886,0
2025-08-08,1057.2845458984375,1079.5674090897921,1053.3875270564029,1072.1730875391024,5084903,-1.681844331464577,0
2025-08-11,1072.472900390625,1074.5712576112912,1051.7887798480178,1057.2845412230301,5452775,1.4365436959339117,0
2025-08-12,1069.1754150390625,1075.7703044188218,1065.478315198115,1070.274542939649,4573025,-0.30746561058666577,0
2025-08-13,1065.178466796875,1071.9732750378564,1062.3805758797093,1070.2745119894926,4966778,-0.3738346566864781,0
2025-08-14,1067.376708984375,1071.5735453068455,1061.1815360016017,1066.1776825929462,6761305,0.2063731342702102,0
2025-08-18,1081.7657470703125,1089.1600691829508,1078.5682617127516,1079.1677749702633,7964987,1.348074954682943,0
2025-08-19,1082.365234375,1094.1561900537483,1074.9710344159066,1077.1692902994891,5661531,0.05541747890529525,0
2025-08-20,1079.3675537109375,1082.8648566259114,1076.969500721666,1080.1669860248583,3034728,-0.2769564809418035,0
2025-08-21,1078.068603515625,1089.1600252490596,1075.570530063219,1089.1600252490596,6459262,-0.12034363927715397,0
2025-08-22,1070.07470703125,1077.6688254953115,1068.6757615829724,1075.1707521863284,3853718,-0.7415016501089666,0
2025-08-25,1069.1754150390625,1073.6719471583856,1067.3767534008373,1072.1731031186114,2711278,-0.08404011292655333,0
2025-08-26,1049.290771484375,1068.9756639052698,1047.1924141337454,1067.1770021897328,7197666,-1.8598111474496415,0
2025-08-28,1051.08935546875,1058.6834739731687,1046.193107361876,1056.1854006509102,8564803,0.17140949232123948,0
2025-08-29,1044.39453125,1062.1808635505645,1041.6966606316682,1051.2892385789264,4718016,-0.6369414915979532,0
2025-09-01,1060.6820068359375,1063.1800803329604,1046.792693797241,1046.792693797241,3190426,1.5595136798010278,0
2025-09-02,1055.385986328125,1064.0793548230254,1048.1915838282832,1060.6819506517852,4933541,-0.49930332311479697,0
2025-09-03,1053.88720703125,1064.079420170901,1044.1947305714677,1055.3860511421183,8303296,-0.14201243111910955,0
2025-09-04,1049.590576171875,1061.3814097939771,1046.4929894565873,1057.3844922319947,8088417,-0.4076936156648503,0
2025-09-05,1055.0863037109375,1057.1846609678942,1046.9925703048245,1055.7857154711764,2849589,0.5236067914316411,0
2025-09-08,1054.6866455078125,1062.1808661059258,1053.1878013881899,1055.0863616682946,2260147,-0.0378791954477431,0
2025-09-09,1051.3890380859375,1058.1838462289877,1047.891735478004,1056.6850022541591,4310419,-0.31266229035139537,0
2025-09-10,1069.2752685546875,1073.2721858257835,1054.2868287880779,1057.1846182048694,5241075,1.7012000145361972,0
2025-09-11,1086.56201171875,1092.1576716429909,1068.176167416612,1068.176167416612,5227539,1.6166784805028422,0
2025-09-12,1104.4482421875,1107.8455243744909,1087.5612418866979,1087.5612418866979,6014850,1.6461306649638185,0
2025-09-15,1103.5489501953125,1109.1446103206003,1099.1523165339283,1104.1484634272642,3881807,-0.08142454827999579,0
2025-09-16,1120.3359375,1126.2314152658462,1103.1492408711283,1104.847882034871,7965606,1.521181937757854,0
2025-09-17,1125.13232421875,1127.6303977627526,1115.2399285892504,1120.435994746524,5590739,0.42812040194417644,0
2025-09-18,1132.1268310546875,1133.5257765121382,1120.3358761684776,1128.129913734106,5713032,0.6216608202767926,0
2025-09-19,1135.024658203125,1143.2182901919443,1125.731776333649,1132.1268686542164,8910732,0.2559631190560019,0
2025-09-22,1143.51806640625,1146.715551462693,1130.3281661018914,1135.124515662792,7689900,0.7483016462894287,0
2025-09-23,1169.8978271484375,1171.896285943036,1141.020073171241,1145.1168893049187,16079093,2.3068949688824336,0
2025-09-24,1158.0069580078125,1171.8962708465979,1153.110709628871,1167.0999210108505,12812055,-1.016402361359059,0
2025-09-25,1165.700927734375,1170.8969935063292,1152.5111491906418,1153.8100741514515,11188302,0.6644148097174618,0
2025-09-26,1153.1107177734375,1168.798570429251,1147.1153414245289,1160.704836753473,5618932,-1.0800548975634316,0
2025-09-29,1131.327392578125,1157.4073755324762,1125.8316312925506,1154.5095860957442,9693881,-1.8890922493005946,0
2025-09-30,1130.7279052734375,1136.1237681453651,1124.5327321092266,1129.129162712632,8165203,-0.05298972769689492,0
2025-10-01,1158.6064453125,1163.9024097219321,1130.1284084936935,1131.6272525367885,9655009,2.4655392255770625,0
2025-10-03,1180.08984375,1187.0844490897546,1168.5987064061178,1170.0975504074936,11095015,1.854244685451012,0
2025-10-06,1211.865478515625,1214.263531521155,1181.1890624105488,1184.086852097852,20128505,2.692645389155346,0
2025-10-07,1185.885498046875,1211.0660300798188,1183.0876069426613,1211.0660300798188,8620156,-2.143800688222597,1
2025-10-08,1179.690185546875,1193.879315975699,1173.195194555325,1179.1905708552174,5160430,-0.5224207994956931,0
2025-10-09,1166.5003662109375,1186.3850546477581,1162.2036312205041,1177.092172913211,7194651,-1.11807485537595,0
2025-10-10,1179.4903564453125,1190.7815749845481,1164.301997045437,1167.099888033273,6933035,1.1135864686069086,0
2025-10-13,1188.6832275390625,1192.6801449968107,1166.600282980252,1170.0975857557814,4138448,0.779393493428393,0
2025-10-14,1175.8931884765625,1190.881629244145,1165.7009755688605,1190.881629244145,5742538,-1.075983808485237,0
2025-10-15,1168.6986083984375,1180.7892589833573,1163.1029485053432,1179.0906179006056,6328142,-0.6118395912681485,0
2025-10-16,1195.378173828125,1215.9622749664172,1184.386650484972,1215.4626602690012,17747171,2.282843946075075,0
2025-10-17,1199.2750244140625,1211.9653104224176,1190.681676346755,1195.378127506221,6404414,0.32599311843364287,0
2025-10-20,1225.05517578125,1230.7507342517279,1206.0698182446727,1206.9691490495477,7418616,2.149644647172,0
2025-10-21,1236.3465576171875,1237.8454016834933,1221.0582993503724,1224.8554197755107,1940248,0.9217039411091532,0
2025-10-23,1257.8299560546875,1275.1165506443417,1240.3434424090542,1245.0397715691,14611221,1.737651818184771,0
2025-10-24,1240.9429931640625,1255.0321030466466,1239.1443314870335,1253.2334413696176,4882046,-1.3425473617747707,0
2025-10-27,1253.133544921875,1257.5301786026632,1241.6424070164871,1242.441839313446,6185072,0.9823619477257406,0
2025-10-28,1245.339599609375,1257.9298651445754,1235.6470016359046,1248.0374700896894,8146777,-0.6219564821390078,0
2025-10-29,1247.837646484375,1250.0359022381838,1238.244947255514,1245.9390863463195,4578825,0.20059161981065277,0
2025-10-30,1237.6455078125,1247.0382885477723,1234.0483063753995,1242.042141558398,4017532,-0.8167840344126542,0
2025-10-31,1231.8499755859375,1244.4402408383398,1230.0513139886355,1242.0420660340162,4106607,-0.46827077624237434,0
2025-11-03,1232.749267578125,1240.043691021692,1221.35814994748,1225.0552499537425,6118907,0.07300336972930754,0
2025-11-04,1225.6546630859375,1234.947544579493,1221.8576648446217,1229.1519657161218,3299345,-0.5755107448675023,0
2025-11-06,1227.55322265625,1238.6446437404365,1224.0559200275998,1224.0559200275998,3733721,0.15490167234646357,0
2025-11-07,1221.857666015625,1227.8530419588296,1216.0620871466992,1226.0543803853739,3461466,-0.4639763503125893,0
2025-11-10,1216.0621337890625,1231.8500065022106,1214.5632897457729,1221.0582806000282,4140568,-0.4743213868323326,0
2025-11-11,1221.557861328125,1224.0559346641744,1208.467981442474,1217.1612278614307,5615453,0.4519281857694679,0
2025-11-12,1220.6585693359375,1231.7499909053392,1215.562523963644,1226.9537631333974,6782513,-0.07361845235965836,0
2025-11-13,1224.2557373046875,1233.8484365397046,1212.264985237154,1218.0605641936236,3345231,0.2946907562126011,0
2025-11-14,1240.6431884765625,1245.039822195777,1221.058316792327,1223.056775575948,5197740,1.3385643760962518,0
2025-11-17,1248.636962890625,1260.028201798564,1239.44410172351,1242.9414044247746,4088026,0.6443250153074453,0
2025-11-18,1264.4249267578125,1272.5186606280417,1246.6385943715704,1249.0367693639987,10175969,1.2644158659726124,0
2025-11-19,1269.4210205078125,1272.0189924837014,1256.8307547967806,1267.0228456161299,4101288,0.3951277489293803,0
2025-11-20,1284.2095947265625,1286.3080740780129,1261.6270343540828,1274.017503489148,4617594,1.1649857675142261,0
2025-11-21,1274.81689453125,1283.5101413654154,1272.0190034707464,1283.0105266743428,6363593,-0.7313993162706756,0
2025-11-24,1268.0220947265625,1289.9052427423878,1265.623919797552,1278.2141857045526,10491953,-0.533002020434159,0
2025-11-25,1265.32421875,1275.7161067708207,1262.7261247685515,1268.1219878416657,5290156,-0.21276253685029722,0
2025-11-26,1289.2056884765625,1291.8037824278044,1268.3218921582525,1270.9198641332523,4842021,1.8873794852480419,0
2025-11-27,1286.3079833984375,1302.9950646537377,1280.0127897403665,1296.0004592453204,5924706,-0.22476669968383156,0
2025-11-28,1278.7137451171875,1288.0066268242583,1274.0174159821017,1286.3079857267776,3093636,-0.5903903559072998,0
2025-12-01,1274.7169189453125,1288.0067189868003,1267.522515930765,1287.0074895694327,4098016,-0.31256613821013524,0
2025-12-02,1257.030517578125,1280.012792541795,1254.1327280787623,1269.7206814849603,8115347,-1.387476788322617,0
2025-12-03,1269.720703125,1271.9190809099528,1254.0328509120545,1254.0328509120545,3582794,1.0095367908270703,0
2025-12-04,1279.0135498046875,1281.8114407353803,1268.421743240615,1269.7206681913929,3216108,0.7318811654260848,0
2025-12-05,1281.51171875,1284.0097922758284,1266.3234805034615,1274.2172952640824,2728214,0.19531997496773368,0
2025-12-08,1272.8184814453125,1287.806922715388,1264.1251123229204,1283.0105727184648,2969478,-0.6783580030908287,0
2025-12-09,1274.916748046875,1280.4125094545745,1262.22646215608,1271.0197291988948,4239279,0.16485199045663812,0
2025-12-10,1277.6146240234375,1283.010486915057,1267.3226348920275,1272.0189640520778,2928746,0.21161193314744864,0
2025-12-11,1271.7191162109375,1281.0119977463942,1270.020475144826,1276.4155672355312,2017404,-0.46144648798195353,0
2025-12-12,1285.10888671875,1290.0051350969381,1276.9152545582056,1277.0151531013842,2281078,1.0528874133548527,0
2025-12-15,1283.8099365234375,1289.4055965703628,1279.0135867825068,1284.009733605876,1634472,-0.10107705337164541,0
2025-12-16,1218.66015625,1276.6154616594986,1215.9622856507456,1276.1158469576924,11542048,-5.074721609482424,1
2025-12-17,1223.756103515625,1235.0474436599686,1219.3595920738758,1219.6592876851394,5147181,0.4181598322953395,0
2025-12-18,1228.852294921875,1237.5455414162577,1219.259595647226,1225.1550731667012,3441592,0.4164384873431626,0
2025-12-19,1229.651611328125,1240.5432356172332,1228.152767306034,1235.746885956047,5055047,0.06504576746555468,0
2025-12-22,1232.2496337890625,1235.946855714303,1225.8546632801215,1234.0482954798545,2405809,0.2112811821660232,0
2025-12-23,1224.0560302734375,1238.045242047991,1222.5571861547353,1238.045242047991,2920318,-0.6649304889976171,0
2025-12-24,1225.35498046875,1234.447943008406,1223.756115954151,1229.0520802122269,3155506,0.10611852424944335,0
2025-12-26,1227.25341796875,1228.9521810205488,1221.058244894803,1224.0559328937265,1665983,0.15492959430203346,0
2025-12-29,1231.050537109375,1232.949097235554,1218.0605557924741,1227.2534168570169,2209655,0.30939976088311116,0
2025-12-30,1245.039794921875,1251.1350696831464,1231.0505837429776,1232.0498131128988,5673233,1.1363674675247903,0
2025-12-31,1268.4217529296875,1270.5201101556172,1244.0405325550478,1245.0397618984655,3711090,1.878008888003424,0
2026-01-01,1273.41796875,1278.214196672934,1262.8261615302456,1269.021335005127,2022412,0.39389231608277786,0
2026-01-02,1265.9237060546875,1280.8122479783322,1263.3257341026986,1272.918311604941,5860547,-0.5885155447169388,0
2026-01-05,1284.8092041015625,1288.7061011587011,1269.0213308796485,1273.2180455456032,6177100,1.491835404973374,0
2026-01-06,1292.802978515625,1303.5945822822944,1284.409427601834,1303.5945822822944,6751769,0.6221759922441006,0
2026-01-07,1294.501708984375,1297.999011941878,1283.0105706954362,1292.0036354433014,5440002,0.13139902189120978,0
2026-01-08,1285.808349609375,1302.1956130273209,1282.810661621765,1290.1049625392075,3949654,-0.6715602856809277,0
2026-01-09,1271.019775390625,1294.3018688089537,1269.1212151673558,1285.8084190520194,5531427,-1.1501382941900062,0
2026-01-12,1273.218017578125,1278.613880584573,1265.5240002008,1273.7176322643472,6489750,0.1729510610347873,0
2026-01-13,1261.0274658203125,1283.0105119756586,1257.729960106514,1273.018218268683,5163166,-0.9574598842860382,0
2026-01-14,1297.7991943359375,1306.9920560312862,1252.5340536966494,1254.0328977976028,7776704,2.9160132917251502,0
2026-01-15,1297.7991943359375,1297.7991943359375,1297.7991943359375,1297.7991943359375,0,0.0,0
2026-01-16,1293.20263671875,1307.9912805838399,1285.5086191528724,1297.7991895256325,5175495,-0.3541809578283428,0
2026-01-19,1306.492431640625,1325.9774048084967,1296.1004215558446,1305.992816944013,8833223,1.0276653128078461,0
2026-01-20,1292.503173828125,1309.889789042553,1289.0058710771407,1305.0934393364212,6268527,-1.0707492423000842,0
2026-01-21,1283.9097900390625,1296.699852272607,1266.423276770507,1289.005835224937,3854702,-0.6648636508652217,0
2026-01-22,1293.80224609375,1297.8990621440864,1280.4125480470777,1289.0058962937878,5949677,0.7704946353268793,0
2026-01-23,1257.030517578125,1297.9989207742324,1247.03822411566,1296.0004620817394,8885549,-2.842144433327909,1
2026-01-27,1314.7860107421875,1332.172503629323,1277.4148091338427,1287.8068186364756,22715357,4.594597534142442,0
2026-01-28,1318.782958984375,1368.344710877668,1309.1902595410845,1346.96117816438,15426403,0.30399990641301056,0
2026-01-29,1362.6490478515625,1365.9465535746094,1304.9935617911046,1316.9843142731056,16107684,3.326255360546204,0
2026-01-30,1369.343994140625,1377.6375249747894,1350.9581487855723,1350.9581487855723,14758482,0.49131845794176954,0
2026-02-02,1310.4893798828125,1351.657583056608,1301.8960312952238,1337.9681888395623,8647298,-4.298015291237944,1
2026-02-03,1355.15478515625,1417.2070248903838,1344.4630799847705,1401.9187671636068,10384723,3.408299674846016,0
2026-02-04,1337.6683349609375,1368.8443650997315,1335.5699776381928,1368.6444460360808,6672251,-1.2903655277501258,0
2026-02-05,1329.5745849609375,1338.9673655022464,1316.38480597186,1338.9673655022464,3766488,-0.6050640348181924,0
2026-02-06,1340.5660400390625,1345.3623895967637,1323.6790400259413,1323.978857614386,5876574,0.8266896195558537,0
2026-02-09,1340.3663330078125,1348.9596813977641,1329.6745053102466,1348.9596813977641,4077536,-0.01489721694308832,0
2026-02-10,1355.6544189453125,1359.0518231520896,1342.2648431514538,1351.5576029795986,5478998,1.1405901178667577,0
2026-02-11,1346.2618408203125,1358.9520056116282,1343.7637672805854,1356.9535467798464,3866272,-0.6928445770351566,0
2026-02-12,1338.9674072265625,1356.6537189643552,1335.1702866842277,1346.8613439479982,4152620,-0.54182874182227,0
2026-02-13,1331.2733154296875,1345.4623234479259,1315.0857267297542,1340.2663796042373,4624549,-0.5746287590981725,0
2026-02-16,1357.2532958984375,1360.8504972188548,1322.9796798725715,1322.9796798725715,5082167,1.951513649949832,0
2026-02-17,1356.154052734375,1359.851274590649,1349.3593662013097,1357.2533026228227,4513065,-0.0809902740619095,0
2026-02-18,1375.9388427734375,1377.4376868287463,1352.7567701751589,1361.9496315905558,5556076,1.4588895707807747,0
2026-02-19,1355.5545654296875,1381.7344486208985,1349.9589052436156,1380.0356854729655,2744704,-1.4814813500476531,0
2026-02-20,1367.24560546875,1375.439237570427,1349.95888845452,1349.95888845452,3791536,0.862454403328039,0
2026-02-23,1385.63134765625,1400.9196061284633,1379.1363566149982,1379.4361742227843,6160153,1.3447285633217732,0
2026-02-24,1386.5306396484375,1396.9226494184725,1382.4338236555484,1396.9226494184725,7888492,0.06490124474367587,0
2026-02-25,1401.9188232421875,1403.2178702295591,1386.5306663608878,1392.9257588022874,4379373,1.109833649089187,0
2026-02-26,1394.424560546875,1404.616651145543,1384.9318817040264,1401.918780685966,8979547,-0.5345718005255629,0
2026-02-27,1382.83349609375,1394.4245319425252,1379.935706637497,1385.9310826257845,5840317,-0.8312435667784834,0
2026-03-02,1371.2425537109375,1383.6329006836204,1352.5568907547233,1368.0449464468218,5132511,-0.838202315430947,0
2026-03-04,1350.2586669921875,1356.5537387000065,1325.977345040809,1343.4638586340375,5832353,-1.530282637594793,0
2026-03-05,1348.060302734375,1354.7552126199696,1334.2710107771431,1353.8558818023537,6057499,-0.1628106015204911,0
2026-03-06,1314.7860107421875,1346.8612480726197,1312.4877344760207,1345.9619172738485,11629935,-2.468308867540625,1
2026-03-09,1287.3072509765625,1290.005121495157,1259.8284431987802,1281.21185421577,7926265,-2.0899796271876547,1
2026-03-10,1313.686767578125,1318.483117211831,1283.609988769071,1294.2017954025807,6289277,2.0492012751074595,0
2026-03-11,1254.832275390625,1316.4846779309364,1251.7345668027367,1308.9904577529614,6859908,-4.48010086118188,1
2026-03-12,1233.5487060546875,1250.1358898575004,1230.8508354394771,1242.2419531270289,9663320,-1.6961286184093427,0
2026-03-13,1196.3773193359375,1233.548601426835,1193.3796313616317,1223.0566935167647,9098187,-3.0133700060889224,1
2026-03-16,1213.763916015625,1218.9599821354238,1179.1906028112269,1198.2758601545113,8743794,1.4532703352599707,0
2026-03-17,1227.153564453125,1231.3504009913356,1209.0675372579854,1218.7600133529452,5707317,1.1031509720155208,0
2026-03-18,1252.2342529296875,1259.0290617359037,1223.25659992148,1227.0537204854681,6018952,2.0438100986765795,0
2026-03-19,1206.06982421875,1240.543236758557,1201.0736774738505,1220.0590351044686,8264698,-3.686564922092861,1
2026-03-20,1202.9722900390625,1230.850814485364,1198.7754534047704,1207.6686193933658,7518686,-0.25682876044875735,0
2026-03-23,1169.6978759765625,1184.1867018397022,1164.1022159005292,1180.0898858184764,6697446,-2.7660166687147436,1
2026-03-24,1191.78076171875,1201.8730754363555,1168.698588811437,1186.0852033826384,8274701,1.8879136395584917,0
2026-03-25,1221.158203125,1238.0452040729795,1197.0767994184255,1199.0752581820623,9645791,2.465003828714507,0
2026-03-27,1204.271240234375,1212.5648931560606,1201.0737549020064,1208.5679755024764,9479301,-1.382864468126288,0
2026-03-30,1160.4051513671875,1187.883959875634,1153.0108294096656,1184.1867379087505,18534887,-3.6425422613804437,1
2026-04-01,1192.1805419921875,1207.0690840633831,1174.0945147139696,1174.0945147139696,6595695,2.738301410292965,0
2026-04-02,1196.9769287109375,1201.3735624884298,1149.4136334255566,1173.694834782652,9501543,0.4023205001093988,0
2026-04-06,1244.34033203125,1248.8368640111612,1195.4779934543012,1201.1735518383607,7847086,3.9569186493276565,0
2026-04-07,1249.1365966796875,1254.5324596108962,1220.0590467422576,1236.846148755743,9248545,0.3854463706571387,0
2026-04-08,1331.9727783203125,1334.5707503418926,1299.0981069582683,1299.0981069582683,13519723,6.63147504130539,0
2026-04-09,1317.48388671875,1337.5683720869056,1311.788328262907,1321.281007006804,6542529,-1.087776855307343,0
2026-04-10,1349.759033203125,1357.552948822845,1325.077995466752,1327.775987854385,6755589,2.449756449375462,0
2026-04-13,1352.556884765625,1365.846684510496,1314.286472120357,1316.9843426965365,8974851,0.20728526304880646,0
2026-04-15,1354.4554443359375,1383.4330967783883,1347.9604532712501,1365.946582373461,6789879,0.14036818648417437,0
2026-04-16,1348.5599365234375,1363.448478566647,1341.9650470611996,1360.950405135781,5232398,-0.4352677555510498,0
2026-04-17,1358.0526123046875,1363.248678214176,1343.0641717554277,1351.957337543237,4062181,0.7039120415902378,0
2026-04-20,1353.656005859375,1372.941181877113,1346.9612177367892,1358.4523557219322,4878641,-0.323743454817349,0
2026-04-21,1376.6383056640625,1379.236399704072,1353.656029295873,1359.9512233524406,5145338,1.6977946912071662,0
2026-04-22,1378.536865234375,1389.928104867213,1364.947369697062,1368.944287324286,3997911,0.1379127373182243,0
2026-04-23,1368.5445556640625,1383.1332804429271,1364.347840993514,1367.945042422019,5671255,-0.724848919336929,0
2026-04-24,1364.847412109375,1373.9403749227063,1348.9596408332025,1367.9449987412254,3648313,-0.27015149337930033,0
2026-04-27,1323.179443359375,1326.2771518946506,1298.8982435808812,1323.9788756219436,10768267,-3.0529397191442875,1
2026-04-28,1288.0067138671875,1320.3817712564608,1284.5094109203021,1310.9889903752908,9939787,-2.658197999425438,1
2026-04-29,1295.4010009765625,1308.1910639372534,1278.014385257251,1294.0020554402972,6228275,0.5740876215756696,0
2026-04-30,1267.3226318359375,1287.0074012162179,1256.3311089994636,1287.0074012162179,16481853,-2.167542646598053,1
2026-05-01,1267.3226318359375,1267.3226318359375,1267.3226318359375,1267.3226318359375,0,0.0,0
2026-05-04,1274.1173095703125,1293.4024846611255,1263.525502940515,1267.3226232305547,9759479,0.5361442748427647,0
2026-05-05,1258.729248046875,1272.7184598875697,1251.0352303249917,1267.0229010000714,10163714,-1.2077429140827767,0
2026-05-06,1293.20263671875,1299.9974454083847,1254.2326902384063,1274.0174810881558,7277673,2.7387453437954346,0
2026-05-07,1291.7037353515625,1307.0918917772797,1280.212597796342,1297.9989290636138,6785048,-0.11590614839687152,0
2026-05-08,1267.3226318359375,1281.0120251235958,1263.625410059744,1279.0135664260551,6358595,-1.887515135890605,0
2026-05-11,1271.319580078125,1282.011285578894,1250.735357413012,1257.7299630241207,7341360,0.3153852177639527,0
2026-05-12,1259.12890625,1273.0182189048855,1255.9314210526663,1269.421017563825,5727828,-0.9588992428934295,0
2026-05-13,1254.7322998046875,1274.3172934854406,1246.538667573858,1255.1320159570741,6045406,-0.34917842196210414,0
2026-05-14,1253.6331787109375,1268.022106441695,1234.8477392086593,1255.631637507536,5822618,-0.08759805529203746,0
2026-05-15,1243.8408203125,1262.4264629724478,1241.0429291696062,1258.6293424179842,4805485,-0.7811183179202819,0
2026-05-18,1236.946044921875,1241.0428608886589,1221.1581722972078,1238.0451728188796,6052023,-0.5543133235402897,0
2026-05-19,1237.3458251953125,1248.8369633917555,1230.351219336608,1237.5456222864914,9200314,0.03231994435639596,0
2026-05-20,1248.8369140625,1253.1335271630967,1225.6547195178894,1233.0490412431207,3562641,0.9286885390649591,0
2026-05-21,1252.334228515625,1261.726887089914,1243.8407788007414,1255.9314298819743,5171528,0.28004573005038225,0
2026-05-22,1284.409423828125,1287.8068279947058,1253.1334965544734,1253.1334965544734,5016900,2.561232822847792,0
2026-05-25,1310.189453125,1313.4869587156177,1292.9028588434312,1299.39784951034,5671455,2.0071504318333933,0
2026-05-26,1298.298828125,1315.985139985791,1290.50478989495,1308.7907369859347,6455265,-0.9075500471812714,0
2026-05-27,1303.094970703125,1313.4869803364859,1292.103447855121,1295.3010549602839,7243174,0.3694174618528834,0
2026-05-28,1303.094970703125,1303.094970703125,1303.094970703125,1303.094970703125,0,0.0,0
2026-05-29,1285.6085205078125,1311.5884848848368,1276.4156588264402,1295.1011997994176,15215715,-1.3419167895243445,0
2026-06-01,1274.916748046875,1292.2033425617142,1266.0235824646225,1288.0066280954209,4311076,-0.8316507156248654,0
2026-06-02,1250.1358642578125,1274.8169033533427,1243.9406908361375,1262.0267183828762,11884695,-1.9437256453824103,0
2026-06-03,1254.232666015625,1263.8253656219047,1229.3519520935338,1244.1404736967706,7953326,0.3277085215249498,0
2026-06-04,1252.334228515625,1258.929118016639,1243.1412450502407,1245.0398052641103,6392593,-0.15136246658531416,0
2026-06-05,1271.319580078125,1275.0166799677856,1251.1350735574667,1259.0290099995375,7825303,1.5159971779261427,0
2026-06-08,1267.1226806640625,1278.2141017590434,1261.0274061863013,1261.0274061863013,5034388,-0.3301215115246281,0
2026-06-09,1291.404052734375,1297.3994289105083,1270.520134658929,1274.916768250008,7533504,1.9162605516292563,0
2026-06-10,1313.487060546875,1325.477813476934,1282.5109488108894,1282.5109488108894,12262606,1.7099998846791697,0
2026-06-11,1316.284912109375,1338.4677555724868,1306.2926183014429,1307.7914623726329,8196686,0.2130094499244617,0
2026-06-12,1355.2548828125,1357.4531387000588,1317.4839627353902,1330.9735596234657,8535670,2.9606030081036794,0
2026-06-15,1367.24560546875,1376.9380816360685,1359.5514660793779,1370.9427053735023,7522828,0.8847577535648687,0
2026-06-16,1364.6474609375,1370.4430399003772,1348.1601768264127,1362.4492051798502,7709061,-0.1900276381110899,0
2026-06-17,1349.8590087890625,1364.647530591123,1348.2602661586025,1363.048787960663,4761917,-1.0836829710054174,0
2026-06-18,1359.0518798828125,1364.8474591819588,1343.9635403676145,1346.561512407277,5186573,0.6810245391477343,0
2026-06-19,1356.8536376953125,1361.9496832815275,1349.4593156798994,1355.7545097416184,4640277,-0.1617482172711182,0
2026-06-22,1357.552978515625,1365.0471986847929,1354.1555743103543,1359.9511533650066,3153284,0.05154136016471966,0
2026-06-23,1362.44921875,1370.8427696854017,1355.0548971646165,1357.5529705396623,5745853,0.360666604682236,0
2026-06-24,1383.43310546875,1385.0318481148515,1354.9550675446912,1354.9550675446912,8343829,1.5401591802446823,0
2026-06-25,1376.138671875,1399.021049380356,1371.6421396044548,1385.831270177255,7995552,-0.5272704234787318,0
2026-06-26,1376.138671875,1376.138671875,1376.138671875,1376.138671875,0,0.0,0
2026-06-29,1355.7545166015625,1391.5268564078813,1351.1579637199086,1391.5268564078813,12602010,-1.481257353640375,0
2026-06-30,1344.6629638671875,1373.9404342753348,1342.5646065082708,1356.6537167481358,7781221,-0.8181092224702979,0
2026-07-01,1367.6451416015625,1376.6382056137847,1344.6628669036613,1344.6628669036613,3187785,1.7091403832733887,0
2026-07-02,1361.5499267578125,1374.440010135796,1357.053394554533,1372.941166068036,4013561,-0.44567224774493264,0
2026-07-03,1341.065673828125,1371.941884852612,1337.3685740578373,1371.941884852612,3500465,-1.5044804841248482,0
2026-07-06,1338.567626953125,1369.9434532686023,1334.470810970254,1354.6551952621983,5154081,-0.18627326936713207,0
2026-07-07,1339.966552734375,1355.8543237280394,1335.1702030839804,1345.762131730582,6198988,0.10450915987221254,0
2026-07-08,1308.4908447265625,1342.9642575887744,1302.9950832557752,1342.9642575887744,6917968,-2.3489920657782326,1
2026-07-09,1296.5999755859375,1320.5814799012492,1291.2041127197447,1311.8882333774443,5609851,-0.9087468352222072,0
2026-07-10,1323.699951171875,1326.5999755859375,1303.9000244140625,1304.0,3549139,2.090079908700515,0
2026-07-13,1319.4000244140625,1329.9000244140625,1313.5,1315.9000244140625,3674483,-0.32484149855908084,0
2026-07-14,1317.5999755859375,1323.699951171875,1298.5999755859375,1320.0999755859375,6005505,-0.13642934627990932,0
2026-07-15,1312.300048828125,1348.0,1303.300048828125,1328.0,9442403,-0.4022409574996888,0
2026-07-16,1307.5999755859375,1315.5,1299.4000244140625,1315.0999755859375,5001226,-0.35815538118623147,0
2026-07-17,1328.5,1333.0,1305.0,1307.0,11192836,1.5983500156228736,0
2026-07-20,1256.0,1284.0,1249.0999755859375,1275.0,25314148,-5.457282649604823,1
2026-07-21,1258.199951171875,1267.699951171875,1244.5,1245.0,15014867,0.1751553480792145,0
2026-07-22,1238.4000244140625,1258.199951171875,1230.5,1258.199951171875,8358923,-1.5736709208557076,0
2026-07-23,1223.0,1239.4000244140625,1219.199951171875,1230.0999755859375,8240787,-1.2435419985839302,0
2026-07-24,1227.300048828125,1233.9000244140625,1210.5999755859375,1216.800048828125,8088828,0.3515984323896104,0
