Date,Close,High,Low,Open,Volume,Daily_Change_%,Crash_Signal
2020-01-01,427.93084716796875,434.72790583972085,424.57951351372674,430.5269325138728,5154996,,0
2020-01-02,429.7244873046875,433.68942323921095,428.1196287894582,428.68603562987033,4933053,0.41914252000971874,0
2020-01-03,429.6300964355469,433.5006412823277,426.23159645595473,430.19653266584436,5154587,-0.021965438770465973,0
2020-01-06,424.485107421875,431.8485727188383,419.76492306073453,428.49723918087926,7538915,-1.197539245122159,0
2020-01-07,420.1897888183594,429.8189413133177,418.30172660771274,426.70364453586086,4353883,-1.0118891165825317,0
2020-01-08,433.1702575683594,434.9639283356116,415.7056241303646,417.8296940307979,14118818,3.0891918593507928,0
2020-01-09,434.3502502441406,448.3691570581098,429.8188781243193,442.18573074684633,18180867,0.2724085172433721,0
2020-01-10,431.4237976074219,439.8729111726456,428.7805163976685,438.78726366748157,37724966,-0.6737541039918415,0
2020-01-13,442.6578063964844,443.97946166949697,428.8277097661354,433.31185746668143,15206224,2.6039381349299173,0
2020-01-14,443.08258056640625,446.19790633858946,440.486495323285,442.65776074742246,8238486,0.09595994101625482,0
2020-01-15,441.66656494140625,445.5843055950835,438.97605880014805,443.2242279363741,10875259,-0.3195827791717454,0
2020-01-16,447.3779602050781,450.2572489746482,441.80816539138016,442.9409791462255,16290593,1.2931463952743583,0
2020-01-17,472.06451416015625,475.60463084096733,448.51084392206417,448.51084392206417,61915666,5.518053223668362,0
2020-01-20,480.2303466796875,484.00650010947027,466.5890632227937,471.0732105668853,45298836,1.7298128273969038,0
2020-01-21,483.1096496582031,486.1777503766071,476.1709749187837,481.45759542521637,65202963,0.5995670616034898,0
2020-01-22,485.7057800292969,494.43812620216164,478.34231414023327,485.94178779880406,20285793,0.5373791173350684,0
2020-01-23,494.3436279296875,496.5621183570582,483.67605430772596,486.17774816077997,15772863,1.7784115930985278,0
2020-01-24,494.9101257324219,497.83661023942864,485.3753651918714,491.3699799537769,23824625,0.11459595526837063,0
2020-01-27,485.6113586425781,494.7684654034998,483.251251742852,491.9835680253598,11856786,-1.8788799433194892,0
2020-01-28,463.7569580078125,485.6113767185568,458.8951863353155,485.5641516853771,31674769,-4.50038909630427,1
2020-01-29,462.81292724609375,473.3389146046724,460.92486513527575,465.5034333643387,20037283,-0.2035615305426508,0
2020-01-30,462.3880920410156,465.31460582589716,453.2309558870799,464.4649661640336,15337903,-0.0917941526841215,0
2020-01-31,468.6659240722656,471.4508213719926,459.744795966902,465.5977939941738,18356252,1.3576976006322239,0
2020-02-03,481.50482177734375,484.6201183736022,468.2883283704415,468.2883283704415,15212799,2.739456198035528,0
2020-02-04,489.8595275878906,493.35244844011146,475.27421223922755,485.2337635740645,14646591,1.7351240180124794,0
2020-02-05,503.50079345703125,507.4185633710253,486.932995843485,489.00987000542546,30647706,2.784730131985258,0
2020-02-06,516.1981201171875,521.8623068567795,504.20888963105665,505.1057250682689,17180298,2.521808669451442,0
2020-02-07,509.2594299316406,518.2749792140736,508.126557460539,518.1805291489924,8967847,-1.3441912930584943,0
2020-02-10,508.5513610839844,513.2243791642671,506.0968921931724,509.9674076018868,8570467,-0.1390389271242909,0
2020-02-11,504.39764404296875,514.1684419313664,502.9344017542088,509.3066408288686,6622800,-0.8167743435317787,0
2020-02-12,509.4010314941406,511.9971462842708,505.0585003172434,506.0025313861819,5160923,0.9919529780249459,0
2020-02-13,509.7314453125,512.3747557099133,501.9903555492735,509.49540820150736,5729055,0.0648632016684747,0
2020-02-14,533.3795776367188,535.7868511180919,504.35047399842944,514.4044464983372,37517890,4.639331660168788,0
2020-02-17,533.2378540039062,536.8723908886282,525.3551777075552,533.3322453617238,23354434,-0.026570877242892976,0
2020-02-18,517.5669555664062,537.0140430822912,507.22975050600655,531.8218720603239,21865560,-2.9388195755107094,1
2020-02-19,512.9883422851562,522.6174938317628,508.5985569869715,518.3693542761968,22088140,-0.8846417322449285,0
2020-02-20,515.0652465820312,521.1070568112369,508.4569707836069,513.2715759153944,16010058,0.40486383913194146,0
2020-02-24,500.243896484375,511.7139150989649,497.6005860025611,511.66671941547884,9834434,-2.8775674918878003,1
2020-02-25,505.2944641113281,507.84338314435865,501.235107151926,503.17042361823303,9804202,1.00962103934652,0
2020-02-26,505.955322265625,509.21223523707516,491.1811659877932,502.8871920225094,18965240,0.13078673946271824,0
2020-02-27,501.89599609375,505.8609032408451,497.50621037963674,504.77528508411206,11381143,-0.8023092145167499,0
2020-02-28,494.2020568847656,498.82782060595696,484.7617173689685,495.52371204811965,16934165,-1.5329748132812737,0
2020-03-02,489.3403015136719,506.00251994500655,483.20407035376815,504.1144578498204,10096159,-0.9837586273396259,0
2020-03-03,491.6532287597656,503.5008429793406,485.37540997450606,494.6741342605714,10563605,0.47266232495855043,0
2020-03-04,487.829833984375,502.9815851216897,479.003126083444,495.61811947368994,18066379,-0.7776608698442655,0
2020-03-05,497.41180419921875,500.9991457596635,487.73545634339206,493.54128853732766,14344961,1.964203406048881,0
2020-03-06,490.09552001953125,494.3436597296946,482.82644573926,488.7738648139276,9503868,-1.4708706383568804,0
2020-03-09,468.47711181640625,483.34565865273976,463.5681154336391,481.45759666731254,15664232,-4.411060154613011,1
2020-03-11,466.16424560546875,480.041536883155,459.74481115987425,459.74481115987425,21401999,-0.4936988707879286,0
2020-03-12,438.92889404296875,454.55266207542684,433.5006856949294,451.720568685433,14471096,-5.842436827630538,1
2020-03-13,464.3233642578125,480.5607619229084,396.49448493635373,428.40284405991883,24254296,5.785554462121545,0
2020-03-16,438.7872009277344,465.3617723834816,430.6213213405301,445.8202668374122,14936276,-5.499650738208239,1
2020-03-17,429.25250244140625,454.0806008450141,419.4817342676601,438.97604558296075,12629709,-2.172966409724064,1
2020-03-18,401.73394775390625,452.00378270275297,384.64690759074944,434.2559442136175,29342689,-6.410808214509201,1
2020-03-19,419.859375,426.3732011393295,341.5045024907214,393.1431841208387,24017236,4.511798753237795,0
2020-03-20,436.757568359375,445.584305767237,412.212672647667,420.0953789916805,19758966,4.024726936102119,0
2020-03-23,384.5524597167969,420.7561840905409,377.1417693012762,393.09596386787604,14907385,-11.952880138672828,1
2020-03-24,381.4371643066406,413.3455266335378,377.7554313208659,387.9037948739064,12947855,-0.8101093443663054,0
2020-03-25,405.085205078125,413.7231301993156,382.900416899986,383.79722290904465,14093189,6.199721208202336,0
2020-03-26,444.3570251464844,465.8337883216403,396.7304809438012,402.630703831178,22302573,9.694706095421424,0
2020-03-27,423.8243408203125,448.2276513976329,413.01514907042105,444.3571061218136,16378409,-4.6207628470379625,1
2020-03-30,406.92608642578125,424.1547416190052,404.04679751332657,419.0097370327794,10210726,-3.9870891704390177,1
2020-03-31,416.22479248046875,421.98339900556687,400.2705986523349,416.3191838372137,17059457,2.285109351519421,0
2020-04-01,397.7689514160156,415.3752015024665,389.3198673784029,415.3752015024665,9646905,-4.434104214327683,1
2020-04-03,400.2234802246094,407.82295447744525,392.3408024963289,407.82295447744525,14419445,0.617074007374363,0
2020-04-07,443.88507080078125,458.5648071732706,408.90857781444015,408.90857781444015,15553539,10.909302610548632,0
2020-04-08,435.81353759765625,463.61537571957433,427.6476571494862,447.8027966880518,13639333,-1.818383571351867,0
2020-04-09,461.3497009277344,464.7482304550126,444.64028609819553,444.64028609819553,11962829,5.859424071781172,0
2020-04-13,483.5345458984375,491.74762268207525,463.5209918195713,463.5209918195713,24416550,4.808683071884801,0
2020-04-15,481.9296569824219,505.9553419030874,476.7846523729984,504.06727974207314,26277115,-0.3319078087861582,0
2020-04-16,472.44207763671875,484.2897201730859,469.51556376450293,472.0172577931093,17401120,-1.9686647642955024,0
2020-04-17,474.33013916015625,483.8177040543485,470.3180071931295,482.4016574777508,16430317,0.3996387309280536,0
2020-04-20,462.8601379394531,479.28634927759407,459.65042050675083,479.28634927759407,11688508,-2.4181472509867907,1
2020-04-21,472.48931884765625,475.60464510061473,452.33417762917884,456.9127462839669,15781695,2.0803651295335124,0
2020-04-22,473.3388977050781,488.1130536360653,464.5121900418142,487.1217975828374,18447565,0.1798091138851321,0
2020-04-23,468.2411804199219,478.9087558574847,463.56819102335254,473.7637802381432,12767355,-1.076969864482269,0
2020-04-24,466.589111328125,471.0732591345321,457.33755354917776,467.20271394393444,12161869,-0.3528243906944062,0
2020-04-27,466.4002990722656,474.8966084741046,463.6154014075666,470.1764235395048,10074370,-0.04046649423985471,0
2020-04-28,458.4703674316406,469.6099867322664,457.0071251637895,469.6099867322664,11729091,-1.7002415428117756,0
2020-04-29,468.2411804199219,470.50686691209756,459.7920664367609,463.4737996489084,8371711,2.1311765562990415,0
2020-04-30,485.5169677734375,487.07463079185885,467.48592722852857,474.9437844825617,20170888,3.689506193800085,0
2020-05-04,502.6983642578125,509.7785964525009,471.9228199723892,474.33009304847405,34658164,3.538783940583623,0
2020-05-05,498.4974365234375,522.7119340450961,496.60937432228445,507.8906105453845,30498970,-0.8356756323600334,0
2020-05-06,515.4428100585938,520.5878436359309,500.3855095742065,501.9903388112777,26074684,3.3992900050469066,0
2020-05-07,498.4974365234375,514.8292567449521,495.09893630158217,514.8292567449521,15823732,-3.287537085487713,1
2020-05-08,500.3855285644531,515.2540468914971,498.73344488318276,509.77864334352336,13847608,0.3787566199303427,0
2020-05-11,506.19134521484375,517.8030102576292,502.3208293346501,503.2176647753441,14490804,1.1602686966281528,0
2020-05-12,528.5177001953125,532.4354111615907,500.81025585186035,503.17039200874046,23041211,4.410655217937931,0
2020-05-13,524.8361206054688,537.8637754392041,518.558271652417,536.5893743323768,21509772,-0.6965858642923872,0
2020-05-14,509.6371154785156,531.019462247077,505.15293813814037,520.2574953312804,13428330,-2.895952570760385,1
2020-05-15,523.0895385742188,525.7328490369698,509.21224669642305,513.0827623231598,14758117,2.6396082010377464,0
2020-05-18,507.9378662109375,527.7153846746852,505.2473596462516,525.7329308695936,21991328,-2.896573386762824,1
2020-05-19,565.2879028320312,569.7248842394342,525.8272618204882,527.2433084758316,73259076,11.29075826712973,0
2020-05-20,560.8035888671875,577.7490076115615,555.65861473837,571.1407914994584,36412918,-0.793279661987778,0
2020-05-21,561.2756958007812,570.6688690911336,552.6378295136034,557.4523760113387,20673544,0.08418400719356622,0
2020-05-22,560.0013427734375,563.9662499448174,554.148314685804,563.5886257615667,11630640,-0.22704582380421723,0
2020-05-26,527.9513549804688,544.1887249925284,526.3464669025192,539.9877807606899,77933211,-5.723198382746619,1
2020-05-27,531.5858764648438,533.8987584427513,522.8535597685276,529.6033642687098,22948762,0.688419766345616,0
2020-05-28,531.25537109375,536.2115628151311,524.8831329807015,533.0490415967467,16574283,-0.062173467303472396,0
2020-05-29,521.6734619140625,532.4354271763714,513.3659655393797,526.7712411121136,55206200,-1.8036352573641223,0
2020-06-01,527.7625122070312,530.2170400022663,519.3606237645959,527.7153165226345,40024637,1.1672148839290353,0
2020-06-02,526.8656616210938,540.2709966365546,524.97759949522,531.4914255697041,32573015,-0.16993449993009113,0
2020-06-03,520.7766723632812,536.4948311640869,518.5109859981912,536.2116570566383,29783799,-1.1557005326704228,0
2020-06-04,540.41259765625,552.6378648085346,518.7942153148057,521.3902714544454,30007267,3.7705078462637376,0
2020-06-05,551.6465454101562,556.9803618163826,535.6924092750244,551.3161756406739,48771843,2.078772368117887,0
2020-06-08,552.40185546875,560.4733745024616,546.784864346455,555.0923618133205,20813563,0.13691920395009216,0
2020-06-09,536.0228271484375,558.5380455288723,534.0403735492488,547.540041959951,15219451,-2.9650567169825615,1
2020-06-10,535.3619995117188,543.7638877061614,531.5386795796259,539.0437323948001,19489440,-0.12328348780111797,0
2020-06-11,520.9654541015625,541.6870598407203,516.1037115886913,538.0997182111221,27803048,-2.689123513302538,1
2020-06-12,528.7537231445312,530.5473939022874,509.77865184024074,509.77865184024074,19224358,1.4949684248066086,0
2020-06-15,519.8798217773438,532.1994800214176,518.2749924453507,524.8832099083082,13838935,-1.6782674010149434,0
2020-06-16,514.4044189453125,527.9985367609877,506.9465617705497,526.7712728925856,19430678,-1.0532054914753508,0
2020-06-17,531.916259765625,533.8515763278358,510.7226972598256,516.2452967372981,20916747,3.4042943986012375,0
2020-06-18,529.5089721679688,540.8374036262396,526.9601117780443,532.6714938396756,19692591,-0.45256890599978394,0
2020-06-19,540.4597778320312,545.8407900961308,529.6033619380266,530.4530016324737,41924711,2.068105780951468,0
2020-06-22,548.5313110351562,555.09233295113,538.4773388813004,543.5751184844935,12954502,1.493456781465352,0
2020-06-23,546.4072875976562,551.8826921354963,542.2063428128184,548.5313871859935,9944839,-0.3872200902245049,0
2020-06-24,526.15771484375,549.4281824231763,523.9392240366342,548.4840925745048,12619809,-3.705948513779145,1
2020-06-25,527.7152709960938,532.1522519576126,519.2189919178475,522.9007245919732,15881470,0.2960245774988435,0
2020-06-26,529.0369262695312,534.7011123229914,525.9687961400263,528.6593021257482,11317405,0.2504485555141933,0
2020-06-29,535.3619995117188,537.1084745872519,520.3518351802719,527.6209095804272,13162970,1.1955825629769157,0
2020-06-30,528.5177001953125,544.7078726327755,526.204818418532,539.9877177212019,13182057,-1.278443244505334,0
2020-07-01,528.8009643554688,542.8198428852093,527.0544893242029,542.8198428852093,13894655,0.05359596472389594,0
2020-07-02,527.1961059570312,535.2676246188527,526.3936619190747,533.190720997277,13795692,-0.3034900665118134,0
2020-07-03,548.9088745117188,550.7969953774214,529.2257501343024,530.358622653724,21005887,4.118537354381968,0
2020-07-06,544.3302612304688,556.3195489080215,542.8670190437678,554.7146609798953,16114629,-0.8341299428475946,0
2020-07-07,535.4091186523438,549.9944610505297,534.3706963725173,546.5959027513308,12759442,-1.6389209297235419,0
2020-07-08,529.8865966796875,541.8758264095219,527.7153017527046,539.9877642820927,9581306,-1.0314583334995797,0
2020-07-09,536.8252563476562,538.3356943480376,528.9425791535631,532.4354706982638,8611659,1.309461252925992,0
2020-07-10,542.53662109375,546.5959781213764,533.993145893617,537.2500589120514,13532330,1.063915059613918,0
2020-07-13,553.9594116210938,556.0363150473871,538.0996672976127,542.3478068091421,16660491,2.105441380955164,0
2020-07-14,556.3668212890625,563.399859111483,546.1712028545053,551.7882526762211,32935464,0.43458232091837523,0
2020-07-15,532.057861328125,555.9891237428287,528.3288742674547,555.9891237428287,20062926,-4.369232497476283,1
2020-07-16,531.25537109375,534.5122836646941,522.3342142550462,534.2290509059246,11528871,-0.1508276247195739,0
2020-07-17,535.0315551757812,541.7814181617878,530.3114000042855,531.5858595109183,12189475,0.7108039348866946,0
2020-07-20,543.5278930664062,549.9001318970768,535.8339990477874,539.0437163039202,9789671,1.5880068770586009,0
2020-07-21,535.9756469726562,551.127399621871,534.6539916345845,547.5400578044053,12005925,-1.3894863888479936,0
2020-07-22,537.2973022460938,543.2919176030998,531.3026868890877,536.2116840440348,11034525,0.2465886800832484,0
2020-07-23,535.4564208984375,543.5279397643887,532.4354861091367,538.0997315014381,9718786,-0.3426187587320273,0
2020-07-24,528.1400756835938,535.6451278577256,524.3167560780689,533.3795004626688,9960443,-1.3663754750699808,0
2020-07-27,528.1873779296875,532.1995397616898,513.6964818275312,526.9601726266129,10895560,0.008956382647640204,0
2020-07-28,533.001953125,542.1118945011376,524.222440250372,527.2433163464258,14210206,0.911527877508922,0
2020-07-29,534.5123901367188,537.2972877985105,528.8953991274541,533.6155547065755,9979767,0.2833830163028628,0
2020-07-30,521.7678833007812,547.9648334071566,512.6579424324224,543.7638892976399,45326361,-2.3843239317011267,1
2020-07-31,523.797607421875,527.9985516616431,515.7260887345753,520.0686200281592,13917435,0.3890090183882977,0
2020-08-03,516.71728515625,525.355210252433,515.8204497992393,523.4671481747466,9392745,-1.3517286381803606,0
2020-08-04,518.2750244140625,522.3815774153912,515.3012852815338,517.3309932896951,12035116,0.3014683856262801,0
2020-08-05,527.6681518554688,529.1313942610823,515.962153909457,521.1071295232416,12920232,1.8123828081481719,0
2020-08-06,526.1049194335938,532.168426428233,523.5942122089396,532.168426428233,10620956,-0.2962529416221438,0
2020-08-07,531.315673828125,533.7789566891931,523.025710475967,526.7680293831608,7346008,0.9904401578569422,0
2020-08-10,529.4681396484375,535.2948195088885,525.631090837246,534.6315895218407,9594610,-0.3477281530913645,0
2020-08-11,522.1256713867188,531.0314410121757,521.2729806619179,528.6628883943357,8290695,-1.3867630008094656,0
2020-08-12,518.9044189453125,531.7420269296065,516.6779618500152,521.0835108802727,12613101,-0.6169496383602202,0
2020-08-13,507.2037658691406,519.4729347890706,496.6874026942286,505.9247885315834,37464752,-2.254876360458402,1
2020-08-14,500.8086242675781,514.3094032503676,497.3978614681263,514.3094032503676,18550546,-1.260862405192087,0
2020-08-17,493.98712158203125,504.5035713438512,490.86063815051756,502.656094489247,19369462,-1.3620976866209444,0
2020-08-18,498.6295471191406,501.2823496168255,492.8028664388492,494.60297821142876,13771669,0.939786754408023,0
2020-08-19,507.6773986816406,511.5145068422037,499.3874352815499,501.1875470060853,17395288,1.8145438060729546,0
2020-08-20,497.9189453125,505.5457376648114,495.21877768923247,503.0824547562351,13690809,-1.922176050082558,0
2020-08-21,492.8976135253906,501.9455078605501,488.87104472136014,501.9455078605501,22244899,-1.0084636936154134,0
2020-08-24,499.1980285644531,504.4088447493516,481.48118873271187,490.6712089877618,29714401,1.2782401184699532,0
2020-08-25,500.8559875488281,507.4879346599477,498.3452806184383,506.3984181652594,19881871,0.33212450560808904,0
2020-08-26,487.4499206542969,500.61911431516387,485.08136806031433,500.61911431516387,26386996,-2.6766310531975646,1
2020-08-27,484.2760314941406,491.2396230916361,481.29164351119834,487.3551792522552,22268191,-0.6511210743241014,0
2020-08-28,495.92938232421875,501.7086978767007,485.17610624377244,485.17610624377244,22217757,2.406344743951916,0
2020-08-31,486.1235046386719,494.83984272258743,481.8127449398817,491.2396193244424,190329697,-1.9772729818085644,0
2020-09-01,517.5305786132812,526.2468861958146,487.16562699106413,490.2921100538794,75732733,6.460719071371335,0
2020-09-02,521.6046142578125,529.6103282821005,516.4411634760447,521.0835385545399,35680638,0.7872067492992629,0
2020-09-03,509.7143859863281,523.8310296583044,507.4879289505052,521.6045726224814,25084656,-2.2795481378942384,1
2020-09-04,495.6451416015625,509.7144210832211,492.1870723679844,503.5561841252897,28610361,-2.7602211692614453,1
2020-09-07,488.3499755859375,500.2401331494716,483.4707454693995,497.3978700421941,16450037,-1.4718526226348838,0
2020-09-08,471.9122009277344,489.67640529309995,468.02775678167365,488.87107969230755,33745174,-3.3659824879648137,1
2020-09-09,477.7388610839844,480.0126835256497,465.28023227498505,467.3171994396414,32068518,1.2346915686425097,0
2020-09-10,471.20159912109375,481.29167483710665,465.3749477107548,481.29167483710665,21400064,-1.3683755908107775,0
2020-09-11,465.8013000488281,476.0334714058614,462.86427699043986,473.0490831840688,15888599,-1.1460697676617615,0
2020-09-14,449.1739807128906,471.10684840710195,443.67891513518975,469.92257211120875,53032505,-3.569616343748827,1
2020-09-15,460.02197265625,462.0115449892372,445.336888130951,450.16875294183325,31436333,2.415098026413376,0
2020-09-16,456.4217834472656,464.90123744495037,455.2848722621479,461.3957735641488,13379581,-0.7826124452700034,0
2020-09-17,453.81634521484375,456.99022328894733,449.079210683471,454.7637662299293,13750507,-0.570840027122177,0
2020-09-18,468.548828125,471.4858511528448,450.3109133841305,457.6060616069101,55830089,3.2463535228511198,0
2020-09-21,443.1578063964844,469.92256828980214,436.99956970791857,469.92256828980214,23162880,-5.419076989291238,1
2020-09-22,446.1896057128906,453.3426583140204,436.76273077477373,443.86841821387185,18950065,0.6841353740463685,0
2020-09-23,410.9927673339844,442.4472396896709,401.61325792828296,442.4472396896709,86810146,-7.888314279009522,1
2020-09-24,397.255126953125,410.7085416770009,394.2707387597089,402.89228828738476,36458719,-3.3425503981425964,1
2020-09-25,416.5352478027344,421.55660341081966,399.9553189364576,402.6554574037912,34232784,4.85333468128768,0
2020-09-28,420.32489013671875,424.1146037729433,411.22963043048253,422.5513472662,21445626,0.9098011162260944,0
2020-09-29,412.6981506347656,421.1776048176131,406.9188642575285,420.6565291043735,18187111,-1.8144867651002983,0
2020-09-30,398.8183288574219,417.245731196519,396.1655266242426,414.9719091269205,27686374,-3.36318972013695,1
2020-10-01,409.6190185546875,411.7507159570528,401.37641991840565,403.6028771011107,13593932,2.708172848577095,0
2020-10-05,402.13433837890625,414.4982359489315,400.7605719822368,409.6190058195024,15282146,-1.8272296540796429,0
2020-10-06,404.31341552734375,407.39253378895137,400.8553170819297,404.55027077823667,11078299,0.5418779100590632,0
2020-10-07,400.239501953125,409.05054129811873,398.96046585984556,405.308222252958,10393534,-1.007612762219423,0
2020-10-08,402.13433837890625,412.6033938724069,397.06561815063554,403.6028645529694,17018635,0.4734256405313886,0
2020-10-09,402.8449401855469,412.1297202115926,401.0448282694794,405.49774289468803,20948615,0.1767075673033025,0
2020-10-12,393.2285461425781,407.96099656158725,390.19679287681794,405.4977136021268,14326607,-2.387120473336346,1
2020-10-13,393.4654235839844,405.02402590412123,391.3810912552937,399.007884195038,28303313,0.060239126515582164,0
2020-10-14,391.5232238769531,397.44463537366806,389.6757467890443,394.5076122078788,14374547,-0.4936138198218809,0
2020-10-15,378.2118835449219,393.6549000915655,374.2327091378463,391.66532761600115,28378188,-3.3998852482412856,1
2020-10-16,380.5330505371094,385.886020561535,377.4065670488051,383.1858529693145,23786283,0.6137213274293618,0
2020-10-19,376.7907409667969,383.3753525950251,373.28527719934226,382.3331717690543,17237471,-0.9834387749054541,0
2020-10-20,383.7069396972656,391.47582766577676,376.0801766688411,376.79074245738155,26395238,1.835554321935473,0
2020-10-21,396.9709167480469,398.10782796797344,382.3331958374733,384.3701630005061,23929199,3.4567988426913,0
2020-10-22,408.0083923339844,409.6190140224735,396.0234747216341,396.9708957788693,27014551,2.78042423771383,0
2020-10-23,411.56121826171875,414.59297151368946,404.8345111314171,412.03492878684085,18512271,0.8707727572490942,0
2020-10-26,411.2296447753906,416.34573037960934,405.4977236880161,411.5138652076368,11956996,-0.08056480339148075,0
2020-10-27,410.5664367675781,415.82464722160745,405.024005886399,411.2296374015585,13021129,-0.16127436731239175,0
2020-10-28,428.0937805175781,462.34318110015136,418.7616360404117,422.5513496984503,125905730,4.269063951742913,0
2020-10-29,427.0989990234375,433.0677752724208,421.60393330494827,424.16197606080596,25537340,-0.23237466634948856,0
2020-10-30,410.94537353515625,430.9834284464382,407.866255191257,430.9834284464382,23483928,-3.782173576902903,1
2020-11-02,433.3520202636719,435.8153328354398,412.1297166002969,412.1297166002969,28703578,5.452463556351184,0
2020-11-03,430.69921875,436.47850523891907,423.9251459791365,433.92046233109903,16337850,-0.6121585661600926,0
2020-11-04,429.2306823730469,431.59923494805616,423.6408865136468,429.1833172127358,10191499,-0.3409656467952771,0
2020-11-05,433.2572326660156,437.61538718739905,428.8043478216234,432.973012241043,9407770,0.9380853835302627,0
2020-11-06,426.24627685546875,436.1468615598792,425.15673093329497,432.97298356603716,12195207,-1.6181970621483854,0
2020-11-09,446.9948425292969,449.7897401897069,428.75693054706784,432.3097590672647,24953555,4.867741209822585,0
2020-11-10,441.8788146972656,449.22135737575326,440.5524134295248,449.0792324342287,9800899,-1.1445384477105969,0
2020-11-11,453.4373779296875,456.0427857953136,439.65234874721756,443.3473025935748,16032885,2.615776735153208,0
2020-11-12,454.62164306640625,457.79552115287464,450.07402806746796,451.7793800100767,14785276,0.26117501431528467,0
2020-11-13,450.73724365234375,452.868970610695,445.28957225731335,451.9215494985158,8428163,-0.8544246569218261,0
2020-11-14,456.1849060058594,461.3957511390496,453.81635342529364,461.3957511390496,4014491,1.208611542585869,0
2020-11-17,459.0745849609375,468.92780539033726,455.94807184516606,465.0907264675172,19050384,0.633444666194416,0
2020-11-18,453.2478942871094,459.5009203832068,446.33169701688894,458.5061047101297,10504589,-1.269225277265984,0
2020-11-19,443.915771484375,456.13754412632636,442.447245309105,450.9740641164187,11541941,-2.0589445467611878,1
2020-11-20,458.2692565917969,460.40095400000695,440.8840328219913,445.76326311649524,12090462,3.233380300822919,0
2020-11-23,452.15838623046875,461.15891588294625,450.1214191404541,461.15891588294625,10193531,-1.3334672298934924,0
2020-11-24,449.3160705566406,455.94804718636755,446.4264423221106,453.2478795920464,9346208,-0.6286106285728343,0
2020-11-25,439.6997375488281,452.77420165271934,434.5362867008732,451.44782979610954,14497115,-2.140215682893154,1
2020-11-26,443.773681640625,444.95795803308096,435.91006282995886,444.0579020836248,11535113,0.9265286612422541,0
2020-11-27,438.8944091796875,447.80020803822754,437.7101329004034,443.6789089127516,18491882,-1.0994956805232103,0
2020-12-01,454.24273681640625,457.1323653154666,436.28904194930846,443.1578450080994,18534936,3.4970433242486276,0
2020-12-02,459.4061584472656,462.2484216005506,449.12659291337127,455.71120456561675,20948620,1.1367097836384898,0
2020-12-03,454.6690673828125,463.43274183491695,449.07924176855926,461.4905050547947,20094168,-1.0311335573871871,0
2020-12-04,467.7908630371094,471.62791224830465,457.98500842372647,461.2536168095391,31622330,2.886010198544886,0
2020-12-07,482.19171142578125,483.6602376021415,468.5961723759378,471.8174156934466,22541162,3.0784800487925423,0
2020-12-08,477.1230163574219,489.1079343807054,473.38069716183867,486.97623692883553,19661141,-1.0511783898922378,0
2020-12-09,476.6019287109375,480.2495174885598,472.85960960909506,478.35467535658347,11826802,-0.1092145272015177,0
2020-12-10,478.591552734375,482.0022569471308,468.12249645082386,475.1334244454249,13441906,0.41746033819436423,0
2020-12-11,477.88092041015625,481.765364332694,471.15421337861585,481.765364332694,14019094,-0.14848409257510742,0
2020-12-14,476.6019287109375,485.08138259866723,474.8018169031814,480.34424781277994,14147649,-0.26763815933915636,0
2020-12-15,477.69146728515625,480.1547502360121,471.9121811990005,479.2546943461411,13320211,0.22860557387285318,0
2020-12-16,489.0605773925781,491.52388994059527,475.7018926747066,477.6914946699452,17707777,2.380011133972193,0
2020-12-17,488.0184020996094,495.02932972034654,485.08137914240484,489.8184844385931,20023766,-0.2130973832577321,0
2020-12-18,483.80230712890625,487.8288757877428,478.49673191741095,486.8814547988269,11000487,-0.8639213096399923,0
2020-12-21,465.09075927734375,484.3234614989349,454.9059525352129,480.8179973790127,15539470,-3.8676020299706626,1
2020-12-22,473.9964904785156,478.44937509519167,460.02197173664,468.02771457959625,21632475,1.9148372706887518,0
2020-12-23,480.5337219238281,482.712784411887,472.196393255862,473.996505003706,13326963,1.3791729636464023,0
2020-12-24,490.1027526855469,495.50305881674325,483.61287105707527,492.6607955325291,21241048,1.991333870057832,0
2020-12-28,494.1766357421875,499.2927212108809,489.43953047708106,492.7555041626556,13124256,0.8312303969560508,0
2020-12-29,492.8976135253906,497.3504982250504,488.0183834741563,495.50302133885754,11457626,-0.2588188360779009,0
2020-12-30,489.01318359375,495.8820156627742,486.31301592745507,495.8820156627742,10691466,-0.7880804907651529,0
2020-12-31,482.9022521972656,491.19221532165693,479.6810090465771,489.91320876661706,15816475,-1.2496455313485089,0
2021-01-01,488.06573486328125,489.25001110871534,481.48112359153447,485.3182021914964,10377082,1.0692604233095038,0
2021-01-04,489.9132385253906,493.13448187174697,484.70239330418616,489.81847874700014,13489114,0.3785358262503147,0
2021-01-05,486.9762268066406,489.7237596920977,484.2286939211836,486.9762268066406,10689423,-0.5994962960360506,0
2021-01-06,497.6820983886719,503.7929696961602,486.1234974493379,487.9236091217884,30837593,2.1984382383992918,0
2021-01-07,516.5831909179688,525.2994990606829,499.38740041560754,504.0298337944748,39444841,3.797824472789424,0
2021-01-08,511.84613037109375,520.8466302313046,509.05117350615825,520.4202848730529,14538362,-0.9169985841887773,0
2021-01-11,518.3834228515625,525.2048906656923,513.0304519689973,513.0304519689973,19892197,1.2771987698195764,0
2021-01-12,536.0054321289062,539.0845799947272,516.3463569903287,520.1361000989899,25857074,3.3994160500749215,0
2021-01-13,547.8482666015625,570.0653555129238,537.1897501000664,557.0856514969854,85239439,2.2094616514647836,0
2021-01-14,550.0272827148438,554.0537922537037,540.0793039334459,552.0642200621783,16974338,0.3977408063729371,0
2021-01-15,570.9653930664062,578.5448203003671,562.5806991865497,577.5026100265693,57451072,3.8067403217192153,0
2021-01-18,556.0908813476562,571.2970429931497,553.2959832170197,570.96542793524,21359539,-2.6051511876867828,1
2021-01-19,561.1596069335938,566.0388079591307,555.6645409504252,560.0226662585094,11034273,0.9114923038575418,0
2021-01-20,564.80712890625,570.8232698936204,558.0330275586844,561.1595404046292,13333007,0.6499972427787215,0
2021-01-21,550.7852783203125,572.2918315945343,544.2006957702876,568.6916078422114,17380638,-2.482590935615636,1
2021-01-22,546.5219116210938,554.7645109817613,542.6374377725558,553.2012248443149,12662954,-0.7740524060883436,0
2021-01-25,550.216796875,556.9435333327002,539.6056459679079,548.5587806128111,12503932,0.6760726652196736,0
2021-01-27,540.7898559570312,551.1641803552104,532.7841428897125,549.5061642059856,15567653,-1.713313910354941,0
2021-01-28,540.8846435546875,545.5743832213226,533.163121453763,536.7159795274688,15201598,0.01752762123996554,0
2021-01-29,524.4942016601562,548.0850554231005,521.6519386398337,548.0850554231005,25521965,-3.0303026883539252,1
2021-02-01,548.7009887695312,550.5484658544136,520.3256023616791,529.6103529511495,14212955,4.615263053958341,0
2021-02-02,567.8389282226562,573.8077048472064,548.7957165690422,554.1486282268736,21711996,3.487863124876456,0
2021-02-03,576.8394775390625,589.7718168440043,567.9336484692435,577.3605532549526,30641248,1.5850532376457727,0
2021-02-04,569.0231323242188,590.2454323249136,564.3333927246892,582.5712754908469,51976676,-1.355029521937401,0
2021-02-05,550.5484619140625,574.0445881218235,545.9534518172733,572.0549566441078,35465208,-3.2467345105453016,1
2021-02-08,565.8966674804688,571.912808702834,553.9591153564908,558.0330493558663,21646080,2.787802823578134,0
2021-02-09,567.4599609375,575.7973494656521,563.7176415345596,567.412595771579,20927436,0.2762506914895768,0
2021-02-10,559.1699829101562,575.7973354849188,549.7431368828137,573.1445327863684,31642664,-1.4608921506370054,0
2021-02-11,566.6546630859375,571.8181139186394,558.0330840357312,560.8753473062885,19253595,1.3385339708021915,0
2021-02-12,555.4276123046875,566.4177434021245,553.8643852759208,566.4177434021245,15905053,-1.981286224683787,0
2021-02-15,562.4859619140625,571.2970010443435,558.9804687612892,560.9700411388682,17972742,1.270795591181928,0
2021-02-16,562.7227783203125,569.9705903060456,561.8227224670268,563.7175644924936,15064854,0.042101745160749715,0
2021-02-17,562.6281127929688,567.3178532372525,559.0278889652287,565.5651064882848,16436661,-0.016822764421642322,0
2021-02-18,558.0804443359375,566.5598689103999,554.432855496939,565.61244782847,22193564,-0.8082902993339469,0
2021-02-19,550.7852783203125,564.6650387028031,545.2428472000983,558.980512090859,19465126,-1.3071889706340767,0
2021-02-22,540.3162231445312,554.1486183892738,538.1371899529686,551.4011443178206,20227667,-1.9007507258922973,0
2021-02-23,535.8159790039062,546.6639560605963,534.3474233363445,544.769113935618,23764401,-0.8328908050242334,0
2021-02-24,542.826904296875,543.9164208404493,535.4843616384496,538.231894490143,8888950,1.3084576734725628,0
2021-02-25,548.7009887695312,553.7223442966341,546.7113572775755,549.4115251573107,16230241,1.0821284697126288,0
2021-02-26,527.0523071289062,555.1434419103222,522.7414882541738,544.2954058921566,198547005,-3.9454424328945414,1
2021-03-01,504.2193298339844,529.7050260357141,493.6081790339295,528.6628746932518,55091122,-4.332203272062973,1
2021-03-02,512.7461547851562,515.3988981814111,501.04542909940363,512.0829247521767,30622757,1.6910944199579392,0
2021-03-03,517.5780639648438,521.7940938185565,511.6092873744908,519.899251588209,24669015,0.9423589303584556,0
2021-03-04,511.23028564453125,517.2937923090011,509.7144237063872,511.60926585704067,17678275,-1.2264388238725,0
2021-03-05,504.7878112792969,510.1881468896491,496.82946226691666,506.8721730438153,16658703,-1.2601902794377784,0
2021-03-08,498.06109619140625,507.298480673246,497.16104032333516,503.08245120613594,15293359,-1.3325827085331032,0
2021-03-09,494.3187255859375,504.0298796364309,487.26043293028135,502.22976787385295,20181762,-0.7513878586555056,0
2021-03-10,498.2031555175781,502.6086453058857,489.2026269459792,492.8502153137846,19013738,0.7858148458843583,0
2021-03-12,496.6399230957031,504.740426191473,494.12927495653116,502.65612342112536,11624491,-0.31377409086278396,0
2021-03-15,495.3609313964844,500.05067140433937,489.25003038217903,500.05067140433937,10875944,-0.25752897416028153,0
2021-03-16,501.4718017578125,505.6878312387687,496.45044672659185,496.45044672659185,13252045,1.233619765713212,0
2021-03-17,495.4083251953125,503.0824831411755,491.71337116802556,500.9981213994753,8482758,-1.2091360952391828,0
2021-03-18,499.4822082519531,504.2193132086704,488.2552223750222,501.99285620544674,12465338,0.8223283399677372,0
2021-03-19,502.0876159667969,506.6352605566945,497.87158641688336,500.24013903414425,49597558,0.5216217258192213,0
2021-03-22,500.2401428222656,505.9247280586308,495.50303755187167,505.0246721660667,13581706,-0.3679583175884238,0
2021-03-23,501.4244384765625,504.4561622236744,494.69770199884147,501.85078383348315,15239339,0.23674542543012933,0
2021-03-24,496.1188659667969,505.40367519269444,494.08192828211276,500.2401654117137,10801499,-1.0581001049500327,0
2021-03-25,481.0548095703125,496.1188456312768,473.2859215473503,495.88201982271625,17572322,-3.036380478522771,1
2021-03-26,495.029296875,497.30311904868006,483.75494577980373,485.1760772743677,11148490,2.904967797155966,0
2021-03-30,494.0819091796875,500.14541574755117,489.1079191575229,500.0506854239065,10691124,-0.1913801266496984,0
2021-03-31,490.1027526855469,498.2505917738626,489.10793697131396,494.88725277873203,7712521,-0.8053637302258498,0
2021-04-01,493.4187316894531,496.35575478749723,487.49732032932087,492.61340607691534,7111516,0.6765885287801643,0
2021-04-05,500.4770202636719,501.187556587952,487.54465236929116,493.4186981662933,9376649,1.430486546396681,0
2021-04-06,504.2193298339844,509.57229984989715,496.97151777290725,500.71383670329595,13115141,0.7477485316590426,0
2021-04-07,513.1250610351562,518.1464156458433,507.10892031599207,508.76693643804487,21391503,1.766241529079049,0
2021-04-08,514.4514770507812,519.7097165077244,512.0829246020226,518.0517003376494,11367448,0.2584976093253255,0
2021-04-09,516.5831909179688,520.8465852201558,508.2932280966619,511.1354909647866,11641539,0.41436636150955497,0
2021-04-12,494.9819641113281,510.5197401630575,491.2396450395315,509.2880692224044,9869735,-4.181558205224456,1
2021-04-13,507.96160888671875,511.6091972108725,495.59771249195046,498.7242251857802,6657701,2.622246004194073,0
2021-04-15,510.993408203125,517.4358944291839,502.3718301592229,511.60921416630094,9989813,0.5968559952888919,0
2021-04-16,512.31982421875,515.541067425224,509.71438699331577,511.65659416665534,6273393,0.2595759542748821,0
2021-04-19,498.7716369628906,506.8721398479033,495.7399132100105,504.26670254086366,7368743,-2.6444784322994686,1
2021-04-20,502.32452392578125,508.76701090756546,498.25058967084493,501.1875832697574,7369109,0.7123273858403056,0
2021-04-22,502.94036865234375,505.3562867283955,498.392723502188,502.13504298969343,6675147,0.1225989768028013,0
2021-04-23,495.1240539550781,504.4561689473746,491.8080802885247,501.1875604420113,7123670,-1.5541235471334014,0
2021-04-26,499.8138122558594,500.71386817507346,495.266226408766,495.266226408766,5929161,0.9471885405928582,0
2021-04-27,506.2088928222656,510.235461549599,498.5821596229418,499.7190412642252,9875033,1.27949256494988,0
2021-04-28,515.6832275390625,519.1887210518012,507.4406283971341,507.77224346474645,12195400,1.8716254991046455,0
2021-04-29,512.41455078125,521.083494170879,510.7565345750556,520.7992443060805,8846896,-0.6338536107546533,0
2021-04-30,508.53009033203125,518.2411852835082,505.45100146012504,505.45100146012504,8331737,-0.7580698954189224,0
2021-05-03,529.4681396484375,532.9262083115851,501.23485501771427,502.1349107773621,14556346,4.117366841111658,0
2021-05-04,523.4047241210938,536.1949086642288,517.9570234708485,536.1949086642288,14196229,-1.145189875139574,0
2021-05-05,530.5103759765625,535.2474813073322,524.8732147417572,527.6207476159823,12095639,1.3575826751278663,0
2021-05-06,529.3734741210938,534.7263852676357,523.546793547607,530.5103557924668,9169742,-0.21430341553186905,0
2021-05-07,538.61083984375,542.7795040132763,527.6207091481201,531.6946430003162,12894499,1.7449619548831397,0
2021-05-10,542.4478759765625,546.6639052036047,539.1792677238693,541.9268003318592,8365615,0.7123948960859439,0
2021-05-11,538.5161743164062,544.6270463739676,534.3948748097031,535.7686413119375,8033470,-0.7248072735243083,0
2021-05-12,532.2158203125,539.2267488123744,528.8524810216488,538.1372321311986,6815070,-1.1699470330494566,0
2021-05-14,530.936767578125,539.4161927497266,526.9101982404161,534.347471930883,7697716,-0.24032595153297143,0
2021-05-17,520.751953125,534.3000989164399,517.104364082709,534.3000989164399,13677009,-1.918272584432823,0
2021-05-18,508.15118408203125,523.8310555129551,506.44580262371557,518.714911138008,34968901,-2.4197257383966275,1
2021-05-19,500.42962646484375,512.1302933165384,498.53478449267726,509.6196453769843,19583966,-1.5195394321743882,0
2021-05-20,493.2765808105469,503.0824653138596,492.6607747984524,503.0824653138596,14036583,-1.429380931106683,0
2021-05-21,503.0350646972656,505.2615219535872,494.5556399696338,495.7399457993862,10492773,1.9782986394131452,0
2021-05-24,499.103271484375,504.9773174887543,498.3453110606184,503.0824753412565,6386039,-0.7816141435899371,0
2021-05-25,498.4400329589844,502.8929472774593,496.92417104899204,502.0402565431222,9412913,-0.13288603046381908,0
2021-05-26,498.1084289550781,502.8928989456102,497.3978337741266,501.1875176408361,6908901,-0.0665283648943027,0
2021-05-27,492.4712829589844,499.29272042113723,491.42910212874165,498.4400296923883,22783169,-1.1317106213037276,0
2021-05-28,496.071533203125,500.7139086633343,493.0397796039648,494.79249696525534,10248988,0.731057905043464,0
2021-05-31,506.77734375,507.8194949727945,497.49253631820113,497.8715164660947,12803471,2.1581183015577876,0
2021-06-01,504.88250732421875,510.0933819257378,502.41922441695476,509.19332605179477,8435896,-0.37389919836590124,0
2021-06-02,501.6612243652344,506.49311838859336,500.2400929258668,502.04020453144307,10567595,-0.6380262560603533,0
2021-06-03,504.0773010253906,505.3562783367158,500.7139029296663,502.135034651504,6290021,0.4816151902538257,0
2021-06-04,504.69305419921875,507.63004766746667,503.2719226263351,505.87735996590123,4878809,0.12215451332078242,0
2021-06-07,508.2459411621094,512.5567012843613,504.9773324695191,505.92475357137437,9674473,0.7039698552079088,0
2021-06-08,518.0517578125,519.1886984611738,505.92474436467865,509.80915902921856,12822963,1.929344802630295,0
2021-06-09,511.60919189453125,522.5045915975522,507.2036432928393,520.9886709666687,12674395,-1.2436143340528005,0
2021-06-10,516.488525390625,519.0465387280478,511.9408806664358,515.3042195910762,7018193,0.953722797283052,0
2021-06-11,512.41455078125,520.8466094648987,511.65659041638014,516.8200407583473,7777365,-0.7887831789280875,0
2021-06-14,510.993408203125,512.4145396725303,501.4717743374108,512.4145396725303,5714387,-0.2773423541463149,0
2021-06-15,513.977783203125,515.0673586031548,510.0933688437649,512.5566516878549,7264778,0.5840339527068084,0
2021-06-16,508.53009033203125,515.2094615716107,506.7774026760392,515.2094615716107,10045600,-1.05990823905725,0
2021-06-17,500.8559875488281,512.7935394783555,499.3400667939173,511.1355232446305,10214732,-1.5090754567133935,0
2021-06-18,510.4249267578125,513.4093441887198,491.71333228487026,503.461364634882,15000348,1.9105170841251962,0
2021-06-21,511.23028564453125,513.4093776825403,504.9773183297535,506.872160480407,5742834,0.15778204482181923,0
2021-06-22,508.19854736328125,520.1360997035415,507.3458566372781,519.236043816304,9114558,-0.59302791058784,0
2021-06-23,505.9721984863281,510.8514002563712,504.69316212365385,509.71451831970836,4767421,-0.4380864306882115,0
2021-06-24,500.9507141113281,507.2984702172167,499.6716780759226,506.87212487208154,6419922,-0.9924427448824935,0
2021-06-25,506.96685791015625,507.7248182859936,501.5191576245639,503.3666344927637,5504204,1.200945248576124,0
2021-06-28,503.27197265625,508.76703884908443,502.5613773432223,508.76703884908443,5265796,-0.7288218541814495,0
2021-06-29,497.35052490234375,504.26672230655237,496.45046899095183,503.31930123265494,8713975,-1.1765900100999205,0
2021-06-30,498.0137023925781,502.51398200649686,496.7820903280594,499.2927385320962,5760552,0.13334207104025442,0
2021-07-01,495.1714172363281,503.082459539102,494.55561123130235,501.1875585392307,6575188,-0.5707242878248087,0
2021-07-02,497.39788818359375,504.9773156579999,492.6607828320233,497.9663290434035,13309063,0.4496364026203459,0
2021-07-05,496.403076171875,500.7138359267495,495.7872701817188,500.24012541619305,6373586,-0.20000326405719138,0
2021-07-06,498.4400329589844,499.9559537808693,493.70292767032544,495.97674999126025,10494366,0.41034330464222446,0
2021-07-07,501.75604248046875,502.7034634945971,495.69247729577944,495.69247729577944,6669192,0.6652775263252586,0
2021-07-08,497.6820983886719,504.78775584948517,496.02408219187106,502.13495349935937,5400962,-0.8119372258392765,0
2021-07-09,508.0563659667969,509.2406716703924,495.5030082857514,497.87156078105346,7303645,2.084516925907809,0
2021-07-12,501.8034362792969,510.61447577831683,500.8560152110966,510.61447577831683,8932790,-1.2307551103313275,0
2021-07-13,502.182373046875,507.34582331308343,500.4296265487606,505.49834649872247,8138019,0.07551498060431872,0
2021-07-14,502.182373046875,503.46135013998014,498.96112991127416,501.1875279906214,6666859,0.0,0
2021-07-15,497.82421875,504.50359011775873,497.3978733898498,504.50359011775873,6886797,-0.8678429452696479,0
2021-07-16,512.6987915039062,514.8305184171074,498.2979555566548,499.2927418121838,11251138,2.987916656858358,0
2021-07-19,510.1407165527344,516.0621271197509,501.4717733678025,510.66179219932,9130551,-0.4989430428864905,0
2021-07-20,498.1084289550781,508.57742474567453,495.50299184077176,508.2458686456584,7646460,-2.3586212994258116,1
2021-07-22,517.95703125,519.188702233706,496.1188631583595,503.1772150931076,20220601,3.9847955065847485,0
2021-07-23,519.4728393554688,531.1735652078161,504.74038988941095,518.9043985418841,33200836,0.29265132318228027,0
2021-07-26,515.4462890625,524.7310976043565,513.5988121685397,516.3463449293981,5214592,-0.7751223909924998,0
2021-07-27,512.1303100585938,517.1042998540797,507.961645801172,517.1042998540797,5835018,-0.6433219278651481,0
2021-07-28,538.0424194335938,540.6952221812443,509.57236125364005,511.1355884557032,32532037,5.059671116133568,0
2021-07-29,537.331787109375,546.3797103707282,535.2948497025843,543.9163687254381,15844335,-0.13207737876259618,0
2021-07-30,532.1210327148438,538.6108847596049,528.4734438983423,536.1475428322648,10125413,-0.9697461642020011,0
2021-08-02,535.43701171875,539.9846564932078,530.55775189085,536.2423373148694,6372299,0.6231625513820394,0
2021-08-03,549.69580078125,551.401182450755,532.5474304873484,538.1372271686153,21680353,2.663018945352569,0
2021-08-04,544.20068359375,556.0435060155452,540.3162100329872,544.7691244598465,21816567,-0.9996651201792162,0
2021-08-05,567.22314453125,586.4558765143946,547.1377217235661,547.1377217235661,72423461,4.230509374862601,0
2021-08-06,575.9393920898438,584.5136056604532,557.5593529239505,563.2438792553801,29055626,1.5366523109343166,0
2021-08-09,567.7442016601562,580.4870806198905,566.1336093092049,577.929008230154,10078649,-1.4229258394621302,0
2021-08-10,589.4874877929688,594.9825530217928,566.938786074112,570.5390093498088,34514358,3.829768066187622,0
2021-08-11,588.20849609375,596.1668438814672,581.4343950413605,589.4874731420022,18731287,-0.21696672545286066,0
2021-08-12,590.3875732421875,595.8826387467972,584.5609516174618,590.2454777621377,8430316,0.3704599921471097,0
2021-08-13,603.556884765625,605.2148423452427,585.6031889202503,590.387659903126,21079044,2.230621395216126,0
2021-08-16,600.7145385742188,610.1413837412454,598.7722724363844,605.1673938633755,10506327,-0.47093261018967825,0
2021-08-17,593.4193115234375,604.4568068679005,590.2454336562598,600.7144882111098,11311229,-1.2144249193795642,0
2021-08-18,590.1981201171875,600.6671755876376,588.2085477235955,592.9930180650966,7136872,-0.5428187697465559,0
2021-08-20,581.4344482421875,599.7197567851422,575.0866919290291,586.9295138372331,12770173,-1.484869499967223,0
2021-08-23,589.9139404296875,597.3512141221274,575.6551991180235,585.8873710909104,12790616,1.4583745791353575,0
2021-08-24,587.4979248046875,594.9351972617574,584.6082966717127,594.9351972617574,5885050,-0.4095539127690673,0
2021-08-25,580.2501220703125,589.6296607276396,578.8763557198876,589.6296607276396,8127668,-1.2336729081697584,0
2021-08-26,556.0435180664062,579.3501242885195,553.5801760734447,577.9289926365319,26316897,-4.171753366899422,1
2021-08-27,563.8597412109375,573.5708364319478,554.290741473897,557.8435998682812,16444274,1.4056855067228424,0
2021-08-30,587.82958984375,592.1403498308214,559.0752248067874,564.665020914823,40506274,4.251030332709194,0
2021-08-31,629.1372680664062,632.974376511243,592.14036247644,593.1351487322477,60781970,7.027151905305784,0
2021-09-01,631.3636474609375,637.9009228865848,619.6156155815833,632.8795681513478,30796359,0.3538781610210151,0
2021-09-02,631.4584350585938,638.327207657755,629.1371888713787,634.7270433070394,18951106,0.015013154152510033,0
2021-09-03,623.8317260742188,634.3955125661003,619.6156962925971,632.8796505901216,7920313,-1.2077927161852409,0
2021-09-06,620.18408203125,630.7478675839429,619.047200378316,629.4688315404746,10223448,-0.584716020444076,0
2021-09-07,635.2955322265625,644.722377514275,613.9310757319981,623.3579799316025,28185127,2.4366072321332366,0
2021-09-08,632.7374877929688,647.8489189242109,630.0373200231464,642.3538530583047,20876941,-0.40265424575368636,0
2021-09-09,650.075439453125,652.0176469781917,631.9796478111647,632.737549406954,19784500,2.740149271166503,0
2021-09-13,656.8494262695312,660.354860447562,649.791074930301,655.6177553897422,19704664,1.042030879078415,0
2021-09-14,657.7020874023438,662.912902731749,652.8701933310219,658.4599888303977,11694600,0.12981074485443056,0
2021-09-15,687.3564453125,696.3095793489097,659.5495633236357,660.3548299079007,56796797,4.508782696323643,0
2021-09-16,680.8192749023438,698.2518925822944,677.7874922533515,696.3570505186334,45001991,-0.9510597383260433,0
2021-09-17,689.8671264648438,696.1201522829764,683.0930838924049,683.0930838924049,26649321,1.328965247612568,0
2021-09-20,686.83544921875,695.1254131026108,682.4298999701616,686.8828143814344,14330899,-0.43945814053052423,0
2021-09-21,688.4459838867188,701.8046670909863,684.0404939186104,684.8931845993769,14216876,0.23448624700439513,0
2021-09-22,688.540771484375,693.5621263277425,686.0300646067468,688.7775972774217,16348622,0.013768342015896273,0
2021-09-23,688.5881958007812,701.1889196944147,685.1774327927734,694.8411631289724,26497345,0.006887655512977098,0
2021-09-24,700.5257568359375,713.4107307707692,689.7250857313256,690.7198719831936,72175065,1.733628474602833,0
2021-09-27,697.4142456054688,706.439017381331,693.1673461626154,705.5703026095307,11282248,-0.4441679981222246,0
2021-09-28,671.9326782226562,701.5164048022093,662.1357481797294,699.1999302431772,21944239,-3.653720517379222,1
2021-09-29,669.9540405273438,677.5792436142592,665.1762852980467,672.7531806255537,16729859,-0.2944696335570707,0
2021-09-30,664.355712890625,685.1077804200011,662.9078942257848,671.594806214826,13911568,-0.8356286100330235,0
2021-10-01,652.3871459960938,663.4387818845371,644.424142948219,663.4387818845371,14952128,-1.8015299127113305,0
2021-10-04,657.69580078125,662.3288088559877,646.4028030971499,651.5184174070039,8917898,0.8137276796051474,0
2021-10-05,674.9248046875,678.9787087540223,656.7305735960406,660.5914233904632,25598885,2.619600715982129,0
2021-10-06,667.3479614257812,683.3222168860977,664.2592695723066,681.1987375548402,10406502,-1.1226203584600691,0
2021-10-07,668.40966796875,677.7722411652765,667.2514011660637,671.5466086487477,8121590,0.1590933971987285,0
2021-10-08,671.30517578125,675.2142739369233,664.9347979654775,670.9673750303701,6297352,0.43319358639728467,0
2021-10-11,666.8170776367188,671.836194762151,661.1706076905448,668.9888059101548,8792050,-0.6685630181992974,0
2021-10-12,662.4735107421875,674.104367354323,660.398339418148,666.9617719911095,8579567,-0.6513880703123864,0
2021-10-13,665.900146484375,672.5600775789604,659.3366541659117,665.0314316446086,7062149,0.517248718118335,0
2021-10-14,661.9427490234375,669.8575036442653,658.1301477030249,668.8922911029911,9820591,-0.5942929254229234,0
2021-10-18,656.923583984375,677.530905580665,656.0066792667382,675.6487294804479,8574445,-0.7582476047161557,0
2021-10-19,657.4061889648438,674.6835157219077,651.9527738630119,674.6835157219077,7328862,0.07346440167996793,0
2021-10-20,683.8048095703125,689.0652294943308,657.6958231451067,659.6262481512127,21217306,4.015572266977929,0
2021-10-21,671.8360595703125,687.5690094473687,665.2243783886186,686.2177474740593,8908979,-1.7503167325659597,0
2021-10-22,670.3400268554688,680.7643092272144,660.4465995332678,674.2008765421813,6587256,-0.22267824025411498,0
2021-10-25,667.0582885742188,679.5095525189389,651.5183919748349,668.8922157608305,9540441,-0.4895632290741303,0
2021-10-26,671.9808959960938,685.156010131173,665.031354816504,670.8226293141803,10953878,0.7379576127292564,0
2021-10-27,677.9169311523438,689.7890912497796,669.8574308730231,675.0696015944287,11878571,0.8833636776907072,0
2021-10-28,665.7553100585938,681.4882617469725,660.5914468400048,678.3030723358851,8884507,-1.7939692217271097,0
2021-10-29,661.5083618164062,676.6139609720527,653.4971098668766,668.1201027736129,8602343,-0.6379142874299748,0
2021-11-01,687.7138671875,697.6555435904286,665.6104786282255,665.9483383311723,17121001,3.9614775691024118,0
2021-11-02,689.1134033203125,697.9450614146972,684.866445204444,687.7138335608633,7725455,0.20350558562038934,0
2021-11-03,674.780029296875,707.0181500803122,671.7878941377437,700.502965762166,23261507,-2.0799731879217354,1
2021-11-04,676.71044921875,680.2817471932542,674.8765808456063,679.5095889881466,1064714,0.2860813654912864,0
2021-11-08,684.3356323242188,690.0304093878659,679.509570037024,682.839564797567,7565546,1.1268014428138295,0
2021-11-09,688.3894653320312,691.5264054947295,680.6195176344946,686.9416467954013,5278131,0.5923749716267857,0
2021-11-10,709.865478515625,712.3267583780491,682.7429744551804,692.5399039786589,15180490,3.1197475070649405,0
2021-11-11,703.2537231445312,712.9058470356825,699.055072816636,709.4311059996237,7421118,-0.9314096221328283,0
2021-11-12,717.6354370117188,719.0832556472501,700.0203102794204,707.5007065629991,9207508,2.0450249168793677,0
2021-11-15,711.8923950195312,720.0484515954502,710.5893818421238,714.2571771858353,5454742,-0.8002729096129757,0
2021-11-16,704.8946533203125,716.2358998148444,701.7577128005483,715.5602393051317,4639931,-0.9829774483019693,0
2021-11-17,695.0011596679688,706.8732601122965,691.3333644209577,699.3446153606658,8002927,-1.40354216133457,0
2021-11-18,689.49951171875,698.2829806363773,683.3704360337699,695.5320897204606,4469597,-0.7916027006123483,0
2021-11-22,716.2841186523438,729.6523461160489,707.597206807641,714.257196120003,36884348,3.884644800810144,0
2021-11-23,732.499755859375,734.5266784506578,710.1068151150315,719.083279166544,18240414,2.26385547086263,0
2021-11-24,732.499755859375,754.6030857376269,729.9419192881865,737.4223158164291,21653712,0.0,0
2021-11-25,738.5322875976562,741.7657255561446,726.6118791722944,732.6444566410333,8483653,0.8235540954145248,0
2021-11-26,713.0506591796875,736.4570598363473,707.5971855650295,736.4570598363473,11142921,-3.4503066211034605,1
2021-11-29,713.6298217773438,728.7354206171457,701.8059689262709,725.8397831842299,15885643,0.08122320485932644,0
2021-11-30,702.9159545898438,724.1023792843362,697.5107885278196,714.25720068175,14272616,-1.5013199926001364,0
2021-12-01,697.1246337890625,711.747624750016,693.2637843115184,707.5006667599624,10488561,-0.8238994666383004,0
2021-12-02,707.0662841796875,710.1067265995104,689.3064125638786,698.717232829567,11507427,1.4260936866610896,0
2021-12-03,693.3603515625,709.0933618918122,691.3816777890761,704.6051003590144,11024093,-1.938422595427336,0
2021-12-06,673.3322143554688,696.786925162539,669.7126674916487,693.0225728594079,8804487,-2.8885610724491917,1
2021-12-07,674.5386962890625,681.1504369105755,669.9539371571949,677.9169398599123,10238693,0.17918078295846573,0
2021-12-08,690.2716674804688,693.987711634479,677.8686528642071,680.4747381116936,8296393,2.332404542239064,0
2021-12-09,689.1134033203125,698.7655273001141,686.2660149638931,691.8642350898001,9069515,-0.16779830532288598,0
2021-12-10,685.9764404296875,693.8911936147778,682.4051428924274,686.2659923571653,4251339,-0.4552172219420392,0
2021-12-13,678.6408081054688,693.4086048076645,674.056049251204,690.1268591156456,9896899,-1.0693708838781402,0
2021-12-14,667.5409545898438,681.729590401825,664.4523216584955,676.6139758333956,9275631,-1.6356006569383852,0
2021-12-15,661.6048583984375,670.7261274578186,660.3017862974457,667.6856848007282,7674319,-0.8892482402152457,0
2021-12-16,657.69580078125,665.9001067782272,654.027946264851,665.9001067782272,9633006,-0.5908447568916397,0
2021-12-17,642.879638671875,661.8460838737817,638.1018260190704,657.3095742952412,13850460,-2.2527378298258127,1
2021-12-20,635.35107421875,638.1502137960158,622.6585073558904,636.2197889598024,11812939,-1.1710690462491957,0
2021-12-21,643.7966918945312,647.5610439426292,636.2680467102269,640.8528057604503,8084499,1.3292836068887315,0
2021-12-22,660.9292602539062,662.1357758805107,643.7967383561233,643.7967383561233,8522226,2.661176824155187,0
2021-12-23,655.137939453125,665.0313668997468,652.0009990432205,665.0313668997468,5602466,-0.8762391301236128,0
2021-12-24,653.4970703125,659.095290678634,649.250170926281,658.371381349085,3756020,-0.2504616267521742,0
2021-12-27,652.2423706054688,654.7518996320143,645.3893851708956,651.4702123597546,3658572,-0.19199775546526743,0
2021-12-28,656.3927001953125,659.7226948558954,651.566638052987,656.1996459272411,3892590,0.6363170773451943,0
2021-12-29,653.3040771484375,659.7227640355616,651.5184575332905,656.2962713375808,3847574,-0.47054500239810393,0
2021-12-30,655.7171020507812,661.9427345886185,650.7462929187554,653.9314824531219,5701612,0.3693570860411999,0
2021-12-31,660.0122680664062,669.9539446175205,656.3444725024477,656.8270787322289,4598628,0.6550333981211853,0
2022-01-03,667.2513427734375,668.5061071532501,659.3365890449321,663.8730992598466,2939833,1.096809113600128,0
2022-01-04,673.1873779296875,678.7855978824227,666.3826425167987,668.1682618330709,6473875,0.8896250596629462,0
2022-01-05,675.6487426757812,678.3030770220075,667.6857396371024,676.5174574811224,4586105,0.36562847533823106,0
2022-01-06,685.68701171875,695.4356348042656,675.6487777418265,677.5792028210889,21642414,1.4857230405275423,0
2022-01-07,680.1851806640625,690.2716618870726,677.0482404074065,689.0651464037434,4315015,-0.8023822765574229,0
2022-01-10,680.426513671875,686.6038378709388,679.1717492964317,680.8608710473454,3565324,0.03548048600190423,0
2022-01-11,678.9786987304688,684.8664710152868,670.4365333392785,678.54434135263,10642484,-0.21278050051183328,0
2022-01-12,704.798095703125,707.2111266669731,679.702573679105,683.3221201248771,12366953,3.802681442132494,0
2022-01-13,706.3424682617188,710.0585715894093,700.8890531958333,703.6398851491487,5829874,0.2191226917338751,0
2022-01-14,695.5320434570312,705.4737784720896,693.4568721096099,704.5568148944427,5344096,-1.5304792349936869,0
2022-01-17,703.2537231445312,709.1898029023449,694.5185628054171,694.9529201628967,4340924,1.1101831698681508,0
2022-01-18,689.49951171875,705.2807711183615,687.7621410366363,701.70947315897,4312058,-1.9557964605264488,0
2022-01-19,679.2200317382812,690.1269209442521,677.289606784591,689.1617084674069,5879490,-1.4908610964559754,0
2022-01-20,690.5130615234375,694.6152147402734,680.716130864353,681.4400402555593,4812496,1.662646750310759,0
2022-01-21,671.06396484375,689.1616985234627,665.3691877477763,684.9147401218661,6704622,-2.816615320321114,1
2022-01-24,665.900146484375,682.4052571447579,653.7866821311417,666.2861961483509,11091633,-0.7694971910132797,0
2022-01-25,687.08642578125,695.3872877974513,658.4196645303779,660.2052839118747,14128764,3.1816000354900176,0
2022-01-27,682.6465454101562,691.0921548443575,677.0965734962525,681.9226360300818,8937312,-0.646189504623873,0
2022-01-28,690.8990478515625,727.7701745794794,677.2413272699181,690.0303920088811,21450677,1.2088982939843174,0
2022-01-31,703.9293212890625,709.4310432023966,694.5185013282144,702.6745570766594,10745370,1.8859880438421905,0
2022-02-01,697.8968505859375,709.4311511523578,693.3120914458373,707.5007262512629,4814511,-0.8569710794370855,0
2022-02-02,699.8272705078125,706.294205662847,695.4355656714469,700.840731791298,3286577,0.27660533505120544,0
2022-02-03,696.5455932617188,703.6398812569597,693.5051504569623,700.7442438855319,3651578,-0.4689267458400814,0
2022-02-04,695.14599609375,698.0898821899468,691.5746983603137,696.0146519238999,3284198,-0.20093403526032505,0
2022-02-07,681.922607421875,695.0494733984303,675.166120157964,693.0225507840145,6833983,-1.9022462541942953,0
2022-02-08,684.2390747070312,689.8372946874202,676.6138733964389,686.4590513823025,7167684,0.33969650807061935,0
2022-02-09,694.3255615234375,700.8407456470843,677.7239542934375,682.501708854597,10185173,1.474117335483216,0
2022-02-10,698.8619995117188,701.6611389286288,683.9494567238945,697.8002894773804,6074014,0.653358919744762,0
2022-02-11,690.2716674804688,700.1650945239367,686.1695148039089,696.5937968819654,5646980,-1.2291886005036612,0
2022-02-14,665.70703125,679.5095573513203,661.17052100235,679.5095573513203,7441445,-3.5586910759543566,1
2022-02-15,686.7969360351562,688.2930036134928,662.71487260771,671.7878935858402,4650249,3.1680459714471754,0
2022-02-16,696.6903076171875,702.8676906224497,683.3703881059746,692.4434083489739,5433910,1.4405089864181875,0
2022-02-17,692.0573120117188,702.1920425223507,690.1268871525508,699.2481563944978,5107708,-0.6650007262645086,0
2022-02-18,687.7621459960938,694.5186334067307,686.6038792290342,687.2795397524768,4099366,-0.6206373288853095,0
2022-02-21,685.2525634765625,691.6229418290986,678.5443254327934,683.4186363295555,4307430,-0.3648910505094194,0
2022-02-22,674.9248046875,678.0617451454684,663.5835584163837,670.05049360442,9148804,-1.507146319404573,0
2022-02-23,679.8956909179688,684.2873958966022,675.166126225967,675.745230146178,4124469,0.7365096372136337,0
2022-02-24,647.56103515625,664.5969989961626,622.9963673222941,658.274869437172,14139461,-4.755825958841086,1
2022-02-25,664.6935424804688,670.9674230772191,653.9314006612873,653.9314006612873,6452099,2.645697686255133,0
2022-02-28,662.6183471679688,665.9965907442075,643.2658493207512,657.3096786910222,8301523,-0.3122033207598074,0
2022-03-02,650.7944946289062,660.2053160195356,642.8314919137583,660.2053160195356,10220908,-1.7844136959982548,0
2022-03-03,648.6709594726562,656.1513553170525,645.3409650240636,651.5183477377394,6517030,-0.3262988814096923,0
2022-03-04,630.9593505859375,644.7136271316783,627.3880529636131,641.8662388012349,7094874,-2.7304457873553623,1
2022-03-07,651.904541015625,655.7170832315795,616.7707827229848,617.7359952155091,12615451,3.3195784182034727,0
2022-03-08,659.2401123046875,662.9561567229067,644.3758168080235,651.518412599801,8462985,1.1252523686419158,0
2022-03-09,667.4443969726562,673.718277782956,650.8427313537925,658.2748788652951,9896395,1.2445062906270676,0
2022-03-10,673.4769897460938,682.8878111721409,666.5756971355686,675.6004689271701,5989327,0.903834506784329,0
2022-03-11,670.6778564453125,677.9652576715043,667.4444182585643,672.4635348492503,3353880,-0.41562419257064054,0
2022-03-14,676.0347290039062,680.3298766762322,664.2108781449261,664.2108781449261,4016137,0.7987251266928563,0
2022-03-15,678.6408081054688,684.8181909686022,671.3052175034007,674.6834608697011,6006439,0.3854948554791626,0
2022-03-16,687.2312622070312,690.6095057712513,680.4747750785914,685.3008373131913,3843706,1.26583223392418,0
2022-03-17,697.7521362304688,702.6264475480507,690.1269339548804,694.9529964300895,8168953,1.5309073672885365,0
2022-03-21,683.5634765625,699.1516224582317,682.2121555525405,696.8833967399712,6317305,-2.0334813655493056,1
2022-03-22,694.2290649414062,695.9181867539157,681.2951943551475,683.8530309502764,3000133,1.5602923129452773,0
2022-03-23,680.426513671875,694.808143518234,678.5443376527643,694.2290396255345,7974713,-1.9881840110938298,0
2022-03-24,681.7777709960938,684.1908020520889,673.5734654057105,673.7182708338266,3597143,0.1985897517318591,0
2022-03-25,684.6734619140625,689.5960810011618,681.2952181709514,687.5208505656353,2930336,0.4247265078381801,0
2022-03-28,707.5490112304688,711.3616123872436,685.3973725766008,690.3682405155712,7960258,3.3410889407712308,0
2022-03-29,728.6870727539062,736.4570203606552,711.3614993522973,714.6432448950678,15833573,2.9875049202142456,0
2022-03-30,723.4266967773438,743.1170533831375,718.6971324331229,736.2157611299787,9938988,-0.7218978040439361,0
2022-03-31,728.6870727539062,732.5961709747539,713.9675844701579,726.8048968959022,7371181,0.7271470627219001,0
2022-04-01,732.1136474609375,739.9801525376349,723.1854322479993,733.3684118706475,5920139,0.47023953561866616,0
2022-04-04,741.0901489257812,748.0396907382448,729.8937074420704,731.4862727268271,5783224,1.226107653637576,0
2022-04-05,739.931884765625,746.8814266027639,734.5267182877926,741.0901515571309,3990794,-0.156291938549602,0
2022-04-06,748.6669921875,753.5413028334664,736.4570322428344,737.4222446048827,7490027,1.1805285867146909,0
2022-04-07,735.8779907226562,750.7904758499493,733.127099910673,748.0396439498584,5818505,-1.7082363184566351,0
2022-04-08,735.58837890625,741.6209566722174,731.2449229147535,741.6209566722174,5583587,-0.03935595575046413,0
2022-04-11,731.6792602539062,738.5805525938877,729.7005865832477,730.6657989993631,4927865,-0.5314274619395487,0
2022-04-12,715.8497924804688,733.5131674319379,714.3536661467245,733.5131674319379,3904026,-2.163443551474231,1
2022-04-13,714.8846435546875,730.1832377268371,712.278558088419,716.1876568318745,6343030,-0.13482562067063109,0
2022-04-18,704.1224365234375,714.4019720127641,698.2346645257627,711.0237286572712,8950327,-1.5054466658754984,0
2022-04-19,698.3311767578125,713.2919690725963,691.9124906838105,713.2919690725963,9957060,-0.8224790839245211,0
2022-04-20,713.6298217773438,718.6006896019403,698.7655849688459,704.6533575176836,6632292,2.1907435223727623,0
2022-04-21,710.155029296875,718.0215339880592,704.6050579500085,718.0215339880592,6111830,-0.4869180595360456,0
2022-04-22,713.0506591796875,715.1258894006007,703.6398382971129,705.5702630935385,5182247,0.40774616293000054,0
2022-04-25,713.6298217773438,717.1528708854825,703.7847016349455,704.5568598346775,3571031,0.08122320485932644,0
2022-04-26,729.990234375,732.4998223335488,713.3885668556021,719.0833444231758,4987848,2.29256290844313,0
2022-04-27,726.3223876953125,735.0575488147842,720.4346151604803,723.909356506956,4571399,-0.5024514722211104,0
2022-04-28,721.3515014648438,728.0597397795776,718.6971672254226,724.8745504746507,6101866,-0.6843911622002818,0
2022-04-29,713.2920532226562,734.5267286907191,709.9620582418761,725.8398159992388,7219115,-1.1172705991214005,0
2022-05-02,715.5602416992188,717.1046169997137,704.9429045198787,708.4659536032354,3938533,0.317988748972442,0
2022-05-04,697.2694702148438,713.6297734739236,692.0572996236334,711.3615478697599,6785271,-2.556146976659923,1
2022-05-05,693.939453125,707.5971729694631,689.402943151774,700.7441886288946,4836692,-0.4775796492018647,0
2022-05-06,685.5421142578125,698.7172872201317,683.1290832326179,686.5073266678904,5912312,-1.2100967641156535,0
2022-05-09,686.7486572265625,695.4355692645654,679.9439212458387,681.5364864390037,4819274,0.175998373208075,0
2022-05-10,694.6151733398438,703.1572800821932,685.4456549310848,686.2660619607954,6746893,1.1454723690396795,0
2022-05-11,697.703857421875,709.4312132879244,691.9608899676339,694.6152244391194,6919703,0.44466118803312416,0
2022-05-12,680.8609619140625,697.6556250745468,676.8553062339787,690.3682820447106,6754953,-2.414046493887767,1
2022-05-13,665.900146484375,688.1965323114745,660.9292784015176,688.1965323114745,11938252,-2.1973378217527872,1
2022-05-16,669.0853271484375,673.718335437837,656.0067093531912,661.9909798163882,5412233,0.47832707063943936,0
2022-05-17,682.4534301757812,685.3008185988165,666.8169771803033,670.8226322903909,4847812,1.9979668489095381,0
2022-05-18,671.9326782226562,701.8542645106614,665.224439836999,695.9181843113482,18992703,-1.5416073079763337,0
2022-05-19,650.7944946289062,668.8922280724242,644.617111382095,661.1705284698565,7322668,-3.1458781926878565,1
2022-05-20,663.9696655273438,667.4444067700665,659.2401009746283,664.5487694305,5577407,2.0244748545314994,0
2022-05-23,661.990966796875,669.760974518957,655.958388697057,658.081867970572,3788601,-0.298010411198113,0
2022-05-24,654.6069946289062,665.2725787776031,652.3387103733577,665.2725787776031,4053608,-1.1154188710001622,0
2022-05-25,664.2592163085938,665.9000892471689,655.9101050961301,657.5509780347053,4188088,1.47450634638564,0
2022-05-26,669.5195922851562,671.3052116269571,652.3870725060355,665.9965435263845,5780597,0.7919161446935385,0
2022-05-27,660.5913696289062,675.6486590369751,652.4835621557074,672.8012707629418,7131633,-1.3335267196254552,0
2022-05-30,674.7317504882812,679.2682607795963,659.2401024688658,663.5353096480034,4675033,2.1405639718421465,0
2022-05-31,675.841796875,682.0191214601576,668.506146608263,673.2357113711842,44593174,0.1645166965857925,0
2022-06-01,670.4849243164062,681.6331175346477,667.2031780674811,677.1448555930145,3749781,-0.7926222650571746,0
2022-06-02,671.7396850585938,672.7048976073058,659.2884196154477,664.9349483725529,3466993,0.1871422751923646,0
2022-06-03,662.6183471679688,676.4208734256513,661.4118316050264,672.8013267368241,6673615,-1.3578679499677615,0
2022-06-06,659.1918334960938,665.8035150030688,652.9662016096765,658.4679241816706,6407024,-0.517117234456288,0
2022-06-07,661.4600830078125,663.3422590756732,649.877533558692,654.5588493081806,8349903,0.344095511573439,0
2022-06-08,640.2254028320312,663.8731077288397,637.4745709292002,658.7574935539494,13904149,-3.2102738655403362,1
2022-06-09,652.8213500976562,655.7652948980023,632.3105876369093,637.0401517220245,6774925,1.9674238494609808,0
2022-06-10,649.9259033203125,652.9180978318475,644.7620392949127,644.7620392949127,3221484,-0.4435281990870288,0
2022-06-13,647.9471435546875,649.9258174097893,635.1098290060925,637.1367517041194,5982102,-0.3044592861303097,0
2022-06-14,658.3231201171875,665.4174667603588,645.8236074798876,645.8236074798876,8878530,1.6013615718060814,0
2022-06-15,658.3713989257812,661.1705386395236,650.0705952901009,658.2266524031423,6005970,0.0073336036846338715,0
2022-06-16,631.4420166015625,660.1088390582455,627.3881124005951,659.3366219442369,9525587,-4.090302581211391,1
2022-06-17,621.259033203125,638.7293554388093,615.805559153699,633.1793837066247,11085830,-1.612655339795499,0
2022-06-20,618.6046752929688,624.9268049816776,612.1377401737531,622.5137738858427,3883001,-0.42725461816961463,0
2022-06-21,631.5385131835938,635.2546165746231,618.218592756695,619.7629091582302,3515991,2.090808299258251,0
2022-06-22,620.48681640625,627.7259099736181,619.1355542874778,626.0367881412321,4348884,-1.7499640238299974,0
2022-06-23,637.2333374023438,641.4802372759373,625.2164293703903,625.6025379552165,4336533,2.6989326047387463,0
2022-06-24,647.8506469726562,652.194103257454,639.0671778051498,639.0671778051498,5621332,1.6661572687947546,0
2022-06-27,660.1570434570312,663.1009295423448,647.8505851576647,651.5183805547056,5284297,1.8995730793635257,0
2022-06-28,657.4544067382812,661.0739530010732,652.7730915579389,659.2400259965043,3216376,-0.4093929990653722,0
2022-06-29,663.8731689453125,665.1279334568352,651.5184602954233,653.4488853629653,5011798,0.9763052983210674,0
2022-06-30,661.1222534179688,667.5408806109858,655.3792277838762,665.8035100516688,6505666,-0.4143736569010792,0
2022-07-01,650.0223999023438,661.9427512626442,642.8315546631466,661.0257875629522,4488771,-1.6789411426161083,0
2022-07-04,658.1784057617188,661.6531470831749,642.8797527905587,647.1749600572848,4229588,1.2547268925809707,0
2022-07-05,660.6397094726562,665.3209665475324,656.3927508946213,659.5296915294279,3494504,0.37395692252908397,0
2022-07-06,669.8092041015625,670.7744165697795,660.3983825364469,660.6879344945331,4697006,1.3879720666845285,0
2022-07-07,662.9078369140625,672.2704085862994,661.6048237931153,667.9269529672924,3485283,-1.0303482163636524,0
2022-07-08,670.9674072265625,672.3669180432645,662.7631020246272,664.0661151684145,2732170,1.2157904709678036,0
2022-07-11,637.5711059570312,657.3097133911717,636.0267895196957,651.51843838332,18687521,-4.977335845205144,1
2022-07-12,639.935791015625,643.7001427628246,637.0401539522059,640.1770941042432,7416645,0.3708896210163459,0
2022-07-13,621.1141357421875,646.6922625443134,618.7011049117983,646.6922625443134,12030163,-2.9411787147529567,1
2022-07-14,619.32861328125,629.5115931945136,606.8773486858013,627.3881139495362,11379990,-0.2874709104477069,0
2022-07-15,629.1254272460938,634.6271496796871,620.8728730516483,626.3745954852418,5567877,1.5818442349917472,0
2022-07-18,639.984130859375,646.6923694592795,626.5677125714615,634.144607066786,8982417,1.7259997995652032,0
2022-07-19,649.491455078125,653.4488023993918,640.0323263186067,651.5183775769416,7836419,1.485556244337416,0
2022-07-20,647.31982421875,656.3445380522082,644.9550416742703,656.3445380522082,4458819,-0.3343586497398632,0
2022-07-21,654.7518310546875,656.2962062962591,647.8505974985587,648.1401494463872,3550107,1.1481197636588947,0
2022-07-22,655.2344360351562,658.1783810828838,651.7114460047561,656.0549019496624,2415220,0.07370807649234035,0
2022-07-25,654.8001098632812,662.6665555057306,653.014431592132,656.3444261247014,2913348,-0.0662856144288071,0
2022-07-26,660.3018798828125,661.5083955666445,646.9337096707135,658.8540610622141,5016687,0.8402213036708295,0
2022-07-27,651.421875,660.1570354734954,646.4027587170096,660.1570354734954,6237523,-1.3448401637730423,0
2022-07-28,643.6519165039062,655.7653802156542,641.0941387878623,655.1862173825144,7374170,-1.192769047876041,0
2022-07-29,654.3657836914062,656.9718690546599,647.6575454693675,649.3949160742393,7669970,1.6645436629310506,0
2022-08-01,673.2711181640625,676.5189283288264,656.4017486091443,657.274324652026,8812526,2.8891080407669856,0
2022-08-02,665.8543090820312,678.942592909021,660.3766554290518,678.6517539920574,6236599,-1.1016080865396516,0
2022-08-03,672.0107421875,675.5978544222158,666.0482776049458,667.0177801924349,5237250,0.924591614336201,0
2022-08-04,673.1256713867188,677.1975943110979,659.9404591469385,676.9067553537304,6352142,0.1659094310887843,0
2022-08-05,682.1904907226562,688.3468082253165,675.1130747920523,676.7127776637618,5811092,1.3466756240722244,0
2022-08-08,682.869140625,688.2014049873479,677.6823253238499,686.3593855300555,5918607,0.09948099710754832,0
2022-08-10,693.436767578125,696.1028998547273,684.4688681022807,692.1279626754729,12201239,1.5475332423797727,0
2022-08-11,688.1528930664062,697.4601529818234,684.1779563102965,696.8784159518815,7142902,-0.761983609575978,0
2022-08-12,688.0559692382812,690.770564534335,685.0989983055489,688.2013591160448,4540159,-0.014084635711275606,0
2022-08-16,682.6268310546875,694.1639369159466,679.1366449855036,693.1944342107568,6679663,-0.7890547319288732,0
2022-08-17,700.90185546875,702.5500215799728,680.8816048526583,685.4382785106021,8812954,2.677161749682,0
2022-08-18,710.8392944335938,713.5538897882575,698.9144246862827,702.8893615441395,10354897,1.4178074843585353,0
2022-08-19,709.9667358398438,715.1050877394601,703.8588813488378,707.9308040674225,13743828,-0.12275047265715155,0
2022-08-22,705.4100952148438,712.0027604873383,702.3077341145463,709.5304814232803,8118490,-0.6418104391341384,0
2022-08-23,715.1051025390625,719.9526155963331,700.5141000714267,702.889393304238,8229797,1.3743788740741003,0
2022-08-24,716.2200317382812,731.1988584499926,696.1028531818422,700.8049170303566,14922081,0.15591123532192608,0
2022-08-25,718.4014282226562,731.0534253464849,712.8267882600649,722.0855262762291,9849958,0.3045707167782963,0
2022-08-26,708.5609741210938,718.8862008096377,705.797915292537,718.8862008096377,5928897,-1.3697709546469095,0
2022-08-29,698.6234741210938,702.7923821879477,693.2912103994059,695.8119523902637,5878942,-1.4024904507797031,0
2022-08-30,704.4405517578125,707.8338107916627,690.0919253922798,699.9808635542488,8894800,0.8326484654751942,0
2022-09-01,712.6328735351562,723.2489388285817,704.3436381487461,704.3436381487461,11869518,1.1629543127381181,0
2022-09-02,712.58447265625,718.3045621606768,697.7026301280982,702.8894458173895,5693707,-0.00679183920693216,0
2022-09-05,717.8197631835938,719.3224804091459,710.8877957843207,712.5844253685315,3660135,0.7346905143510218,0
2022-09-06,738.0338134765625,741.6694480257081,717.8197090528085,717.8197090528085,10166270,2.816034237246079,0
2022-09-07,730.13232421875,738.6639937346312,665.2726411282197,732.4591539364881,126794211,-1.0706134479925744,0
2022-09-08,746.3231201171875,752.3340483173587,733.9619614624886,735.8525034444268,10648073,2.2175152861177327,0
2022-09-09,742.3966064453125,751.1705930282332,739.6335477401842,749.4255002053236,4627905,-0.5261144356962233,0
2022-09-12,745.6929321289062,747.8743129311342,741.1847214681385,743.6084779150585,2654087,0.4440114158626107,0
2022-09-13,760.3323974609375,764.8406081220737,746.5169857123645,750.3949960277535,8335652,1.9632029084996727,0
2022-09-14,759.4598999023438,764.3559357701447,752.091703211664,752.3340788814068,6645392,-0.1147521217703451,0
2022-09-15,761.1564331054688,766.5372196306804,758.1509988511303,763.968014187584,5485310,0.22338680466778005,0
2022-09-16,755.8727416992188,763.9680649104346,752.7703214790469,763.9680649104346,20211162,-0.6941662943966587,0
2022-09-19,758.8781127929688,762.028996046341,748.6498728360004,749.9102143026015,5760313,0.397602787870599,0
2022-09-20,767.9915161132812,772.6451168061222,761.0595487828951,762.7077150544984,7936714,1.2009047522495653,0
2022-09-21,756.4059448242188,772.693576765711,755.2425298625958,767.9915127974243,9966193,-1.5085545928548494,0
2022-09-22,760.18701171875,770.5607020111631,752.6733661068906,767.0705161061205,7721133,0.49987270993883115,0
2022-09-23,747.8258056640625,763.9680475981654,745.2566592823497,763.9680475981654,9271829,-1.6260743559324053,0
2022-09-26,732.0228881835938,747.6319147351792,730.2293321364696,746.4684998410021,13144297,-2.113181620743332,1
2022-09-27,737.4036254882812,741.6694604334732,734.1073522794878,735.7069960036296,5965026,0.7350504187155993,0
2022-09-28,738.2277221679688,747.486459605901,731.9744189396307,732.4591702104517,5546932,0.11175652671111536,0
2022-09-29,741.3302001953125,745.5475129122497,736.1433256870603,740.6515365282639,5413233,0.4202602983037096,0
2022-09-30,775.505126953125,784.3275766426499,738.2277414200952,742.5905029712595,7469164,4.6099466538404466,0
2022-10-03,778.8499145507812,790.6778584777533,773.7115624438268,778.8984370213025,12619046,0.4313043823188645,0
2022-10-04,784.0367431640625,791.8412270473816,782.8733282409067,788.205592396108,5772140,0.6659599643498604,0
2022-10-06,764.5496826171875,790.968626944238,762.6591999951606,785.8302752951926,6503205,-2.485477972401262,1
2022-10-07,768.9124755859375,772.4996469809495,760.7686893858001,767.8460464131937,6025982,0.5706356392452427,0
2022-10-10,768.1854248046875,770.5607182053634,755.9212514073163,761.0111404771584,3519416,-0.09455572699558212,0
2022-10-11,756.5029296875,773.1783876252647,752.3340799964958,773.1783876252647,3699862,-1.5207910408034375,0
2022-10-12,751.8977661132812,757.5208696316345,745.7414479737794,756.5029036869427,5984299,-0.6087436536592272,0
2022-10-13,745.4506225585938,755.2425758025818,744.2387442277167,751.3645651437752,2842056,-0.8574494891791185,0
2022-10-14,742.5905151367188,756.163551296034,739.7789339770782,756.163551296034,3608210,-0.3836749658962413,0
2022-10-17,742.6389770507812,747.4864899558124,736.6765125080963,737.7914641457501,4566333,0.006526061547340589,0
2022-10-18,759.2659912109375,761.6412252618128,745.2082033933408,746.3715591840784,4391263,2.2389094397100795,0
2022-10-19,759.5083618164062,764.5982504751646,755.727278000403,763.9195868192483,5219180,0.03192169915080534,0
2022-10-20,768.7186889648438,769.7851182299205,754.5639145107759,758.15108621637,4756732,1.2126696178051954,0
2022-10-21,773.1298217773438,778.3651000528855,765.6646402936423,765.9070159315953,4807736,0.5738292662612388,0
2022-10-24,777.6380615234375,782.8733995677545,775.602129602729,775.602129602729,522406,0.5831154896767332,0
2022-10-25,777.8319702148438,781.7584441426532,774.3417843176234,781.5645909501658,3184277,0.0249355967770315,0
2022-10-27,792.1805419921875,797.1250407015173,779.6739940953365,781.9038382158224,8159181,1.8446878409202672,0
2022-10-28,791.9381713867188,799.2579633210171,786.557443816972,794.0226256363355,3905093,-0.030595374743647152,0
2022-10-31,806.6260986328125,808.3711913383762,794.99206836407,797.9005759312556,5487233,1.8546810567767524,0
2022-11-01,810.0679321289062,815.7880214669889,796.0101436213687,802.748198913179,10488759,0.4266950327949326,0
2022-11-02,785.151611328125,804.6871112527322,782.6309283840579,804.6871112527322,11729925,-3.0758310275657563,1
2022-11-03,793.683349609375,799.2579897170575,779.6740248083631,785.0547525558121,5897840,1.0866357730347387,0
2022-11-04,791.501953125,796.7372317058346,784.5215225101441,790.8232894644076,3768226,-0.27484468276279816,0
2022-11-07,797.60986328125,798.9186682241891,784.3276647869441,792.0836861939844,7171570,0.7716860498113487,0
2022-11-09,794.071044921875,800.3243481504086,789.6113568996785,799.0640066809825,3969171,-0.44367785834754647,0
2022-11-10,800.5668334960938,805.3658835697844,792.616899730169,794.7982807478696,4425290,0.8180361966047878,0
2022-11-11,801.6817016601562,811.376727394715,798.6762081781984,805.4142628984649,4325441,0.13925984907392497,0
2022-11-14,796.834228515625,805.4627663452762,792.0836419993747,793.053144621161,10406576,-0.6046630644672146,0
2022-11-15,809.7770385742188,813.1702976403783,797.5613296055412,797.5613296055412,6229710,1.6242788770136185,0
2022-11-16,815.5455932617188,818.3086519829337,802.7966104912177,811.9584218320109,3445345,0.7123633312271727,0
2022-11-17,820.3446655273438,823.4955490421319,812.8310202228489,816.127293626381,4545534,0.5884492915265938,0
2022-11-18,811.7644653320312,825.8707154616649,805.753537746138,824.0286961389444,7405949,-1.0459262497668487,0
2022-11-21,825.2406005859375,826.7917810306351,809.5346470949754,811.4736522377179,5527122,1.6601041101736547,0
2022-11-22,821.7504272460938,834.3054984713065,819.326670607008,827.3735899877693,7601660,-0.4229279724441204,0
2022-11-23,817.5330200195312,825.8707182263095,815.9333171528435,825.8707182263095,4596816,-0.5132223953562387,0
2022-11-24,822.4775390625,825.0467447220254,812.2008347718881,820.1992315332943,3455310,0.6048097045487699,0
2022-11-25,821.0232543945312,833.7722372735011,815.933365736757,826.0162164616546,2991065,-0.1768175541457806,0
2022-11-28,811.8615112304688,826.5494403029468,810.5526471995839,814.6245700060977,3668846,-1.1158932606383787,0
2022-11-29,810.3587036132812,819.0357634939478,809.5346500940592,813.412660393911,2680296,-0.18510640009400392,0
2022-11-30,822.8652954101562,826.0161787210052,807.2078054421341,809.3407229026876,6874390,1.5433402197211787,0
2022-12-01,822.7198486328125,827.1795959124404,815.9333307137504,826.9856835657191,4506664,-0.017675648511983333,0
2022-12-02,822.7684326171875,825.9677794692086,813.5096351392058,825.4345648561625,3505272,0.005905288957808175,0
2022-12-05,818.357177734375,825.6284477385559,815.2062940658966,825.0467698077201,3311316,-0.5361478039185963,0
2022-12-06,807.93505859375,819.2297888191588,804.3964092113843,819.1328622177923,5567349,-1.273541605571138,0
2022-12-07,808.565185546875,815.933381793632,806.6261803057554,812.0069080151135,3771882,0.0779922775255848,0
2022-12-08,807.2078247070312,814.5760798217273,801.0999702857476,807.5956494086569,4822179,-0.1678727781144418,0
2022-12-09,809.437744140625,811.0858512210834,798.8216788394028,804.9779966778608,4615843,0.27625096850405484,0
2022-12-12,803.1359252929688,811.425160149289,800.2274176820678,807.2077886092392,3149823,-0.7785427468973372,0
2022-12-13,812.4916381835938,814.3821800792405,796.9311333632568,796.9311333632568,3832999,1.164897820653743,0
2022-12-14,803.91162109375,816.3212433623717,802.8936551309572,815.0124384350304,7491333,-1.0560129712873345,0
2022-12-15,801.1484375,805.6566481900547,799.2094323298675,803.7176430199222,2996482,-0.343717334250071,0
2022-12-16,797.6582641601562,807.3048268650276,794.8952054196182,799.839645010184,4309644,-0.43564627682916024,0
2022-12-19,814.77001953125,819.2781711768815,796.9311477848175,797.6098114485801,6397169,2.145248929265531,0
2022-12-20,803.6691284179688,814.139743833476,796.9310740471775,814.139743833476,2828863,-1.3624569936517505,0
2022-12-21,789.1751098632812,807.6441224055543,787.5754069170345,807.5956591107042,5079337,-1.8034808159446358,0
2022-12-22,791.69580078125,799.5488073582989,784.8123559795246,794.0226306945407,3626834,0.31940831463950214,0
2022-12-23,783.9883422851562,793.0047051033788,780.4496339400292,789.1751577977439,2804496,-0.973537877615116,0
2022-12-26,786.2666625976562,790.3385856320482,776.7170850013265,780.4981098967465,6023206,0.29060640185787356,0
2022-12-27,789.9507446289062,794.4589556051742,780.4496305268073,790.1446569929788,1782053,0.4685537625464864,0
2022-12-28,779.2861938476562,789.0782058104647,777.0078863609536,788.2056297832735,2907741,-1.3500273091406334,0
2022-12-29,795.71923828125,799.597248580519,736.918883449088,782.4370411715056,6110313,2.108730343656817,0
2022-12-30,781.5160522460938,799.6457633980757,780.4011597174627,799.5488368038452,3113243,-1.7849494334000404,0
2023-01-02,788.6903686523438,791.3080375188825,781.0312744083493,781.6614747706849,1626846,0.9179998780102894,0
2023-01-03,792.665283203125,793.828698130152,783.8428334228406,785.6363895206073,1717603,0.5039892344030239,0
2023-01-04,787.042236328125,795.4284578870157,781.6130451790569,793.9742039177569,2970216,-0.7093847799511943,0
2023-01-05,782.4854736328125,799.8395927077241,779.2376638046463,799.8395927077241,5297349,-0.5789730823814065,0
2023-01-06,771.7240600585938,787.47847711381,767.8460497065405,782.921803115399,3199618,-1.375286051542557,0
2023-01-09,794.410400390625,796.4463320434561,776.6199933793855,778.219696230709,4340729,2.939695871385517,0
2023-01-10,768.6701049804688,800.9060661050337,766.1978852101753,800.9060661050337,8392344,-3.240176034641451,1
2023-01-11,742.2026977539062,755.872719810565,728.7266472242122,751.3645090865488,28389020,-3.4432726152703763,1
2023-01-12,733.8165283203125,745.838324838356,730.5686591648848,741.6694755686011,12732671,-1.1299028498511832,0
2023-01-13,740.9907836914062,742.5904865609781,729.065914216496,733.9134269439993,12279288,0.9776633660072198,0
2023-01-16,735.9979248046875,744.6749257633419,731.635163090786,743.0268186770844,5779293,-0.6738085002684802,0
2023-01-17,742.3480834960938,745.4505033618145,735.6100292190761,735.9978538924425,6594428,0.862795733166144,0
2023-01-18,752.8671875,756.211983106179,742.6389475119656,744.7718649400898,5800899,1.417004264948929,0
2023-01-19,748.4559936523438,752.8187552733742,742.2996759232751,752.3340039821486,4169463,-0.5859192591862405,0
2023-01-20,741.1362915039062,752.1885858946541,735.173826706846,752.1885858946541,6289718,-0.9779736164204578,0
2023-01-23,749.1347045898438,752.3340514791685,740.5545706892169,744.481103735031,2685320,1.079209475723708,0
2023-01-24,751.9946899414062,753.8367093148988,737.7914536619912,749.4254844687506,5012125,0.38177184077039517,0
2023-01-25,752.8187866210938,756.6967971123808,744.5780143271088,751.3160693904688,6560514,0.10958809825527549,0
2023-01-27,750.8797607421875,755.1455958348809,742.4450763206643,751.3160487452175,6745926,-0.2575687420885542,0
2023-01-30,746.7109375,751.3160749927421,739.7305067288842,748.0682056778247,5420851,-0.5551918509651865,0
2023-01-31,746.807861328125,755.2425460130842,744.9658418420958,751.3645355072404,8537557,0.012980100231230196,0
2023-02-01,745.6444702148438,760.7202838779879,733.525686996076,752.2855989229762,4472974,-0.15578185146742918,0
2023-02-02,754.0306396484375,757.1815230670906,741.7179449161832,741.7664082109526,2841909,1.1246874037941224,0
2023-02-03,768.7186889648438,770.7061575990759,754.6609002818036,756.1151542834974,5493687,1.947937994038873,0
2023-02-06,765.179931640625,770.415269381531,755.0486175750946,765.616219647991,2407975,-0.4603449057527187,0
2023-02-07,761.93212890625,771.5786325878756,759.120547652853,769.6881498273519,4126502,-0.424449544489669,0
2023-02-08,751.46142578125,757.1815146704078,741.6694733967503,754.273006931597,9951783,-1.374230423913303,0
2023-02-09,743.2691650390625,751.4614143733536,738.0822908126801,746.5169749619331,5913945,-1.0901771483041167,0
2023-02-10,748.4075927734375,749.6194711025694,737.7915267754929,745.499084783521,2954992,0.6913279840022657,0
2023-02-13,745.15966796875,755.82419647255,743.3176485496116,747.4864978572577,3705892,-0.4339780670384985,0
2023-02-14,751.5584716796875,753.8852425526687,742.8329477650791,745.5475433704303,3502010,0.8587157875009854,0
2023-02-15,761.4473876953125,763.1440172943005,748.6499411710541,751.3645366946861,3602838,1.3157879776837467,0
2023-02-16,760.5263671875,766.3918463972841,756.793746473095,765.5677928125918,3399428,-0.12095655231022517,0
2023-02-17,753.1095581054688,763.4347837830272,746.8077916216745,761.9805299790747,3093216,-0.9752205054322172,0
2023-02-20,755.387939453125,769.5911163806722,753.4004118762373,757.4238711492783,3381774,0.302529867418988,0
2023-02-21,755.291015625,763.9680760391274,754.4184987581361,759.1690261632697,2769616,-0.01283100021363115,0
2023-02-22,748.6015014648438,757.8117767210191,743.1237877745673,753.3035656892874,3261898,-0.8856869765120567,0
2023-02-23,739.6820068359375,753.7882575705153,738.6155184913999,750.3949985332204,4062194,-1.1914876755460435,0
2023-02-24,734.0103759765625,752.1400859666156,731.974444238244,752.043159378597,4357223,-0.7667660977229929,0
2023-02-27,729.9385375976562,731.3927915103834,715.9292130703031,730.0354641890075,6719439,-0.5547385312488107,0
2023-02-28,719.61328125,734.0103707183447,717.0925982421638,731.974438994611,10562614,-1.4145377748705168,0
2023-03-01,727.3208618164062,730.4717452640741,718.4014260682596,719.7587533767521,3744982,1.0710725840159308,0
2023-03-02,717.5288696289062,728.872062184627,713.3600201730414,728.0964719187965,4910541,-1.346309820269087,0
2023-03-03,741.0877685546875,742.5420223711812,720.8736050011814,722.2793955252065,5759333,3.2833381237977965,0
2023-03-06,743.2206420898438,752.2370632764253,741.7663882434584,743.3176278505138,4597345,0.2878030950795418,0
2023-03-08,743.1721801757812,746.4200492763146,737.5006138338476,740.6999604670856,3546995,-0.00652052853729046,0
2023-03-09,749.8133544921875,770.7545875407789,746.7109342547587,770.7545875407789,5240056,0.8936252585282967,0
2023-03-10,750.1526489257812,755.1940743623575,744.7719212431948,749.4255219639792,4113931,0.04525051888726317,0
2023-03-13,741.9603271484375,754.0791096354228,739.8759320649216,753.7398073952842,3447889,-1.0920872957090988,0
2023-03-14,748.2620849609375,753.0611346022921,740.6999766155792,740.6999766155792,3753502,0.8493389177180788,0
2023-03-15,733.57421875,742.2027570066934,729.5507590009611,734.883023684689,8101060,-1.962930703846133,0
2023-03-16,723.2005615234375,735.8525601095433,720.8252680387951,727.1270356813669,7465693,-1.4141251098272023,0
2023-03-17,734.1558837890625,736.2888014598446,716.6079094439262,727.1269895566812,9306857,1.5148387388620677,0
2023-03-20,731.7805786132812,736.6280917985491,725.9635627909599,731.9260276783373,3566109,-0.3235423468272214,0
2023-03-21,733.8650512695312,742.6390385191136,732.1199583140268,736.822022551601,5332221,0.2848494093953713,0
2023-03-22,733.6226806640625,739.9244480056649,730.180958027629,737.7915303014502,2680654,-0.03302659052225598,0
2023-03-23,740.2637329101562,742.4451138618634,733.7680533525457,734.8830050640275,2454948,0.9052408576139426,0
2023-03-24,739.197265625,743.6084905988889,735.7070207776568,740.2636948103384,2336818,-0.14406585622717127,0
2023-03-27,738.5186157226562,746.2261733335719,736.1917857811085,739.7304939893492,2258853,-0.09180903852098465,0
2023-03-28,725.624267578125,742.2512024606756,720.1465539561249,742.2512024606756,4166723,-1.7459746944786025,0
2023-03-29,720.922119140625,731.877546003227,716.316981730259,728.096462144166,4891868,-0.6480142199755901,0
2023-03-31,726.1575317382812,730.035542588686,719.4194760509532,729.2114889524748,5796532,0.7262105654210149,0
2023-04-03,737.3551635742188,738.6640275404999,729.1143917762091,731.9744361761487,2120667,1.5420389304690474,0
2023-04-05,740.1668090820312,744.5780342994468,732.944002513518,744.5780342994468,3197932,0.38131495467983445,0
2023-04-06,742.5905151367188,745.2566472394413,735.9493869402373,739.3426459800661,1777379,0.32745403130052253,0
2023-04-10,746.274658203125,752.6248886694224,743.0753113213163,745.4990679247692,1701065,0.49612040435609295,0
2023-04-11,750.5404663085938,752.3340224606845,744.7234506710112,752.3340224606845,3485481,0.5716136892199852,0
2023-04-12,747.5834350585938,750.9282308806487,741.7664194284957,750.3950162826383,3794841,-0.3939869177932098,0
2023-04-13,743.6569213867188,747.631917357957,742.1057409715339,746.5169657525968,4292170,-0.5252274846843319,0
2023-04-17,736.482666015625,764.9375433569343,731.3442549506595,764.9375433569343,9083437,-0.9647264974977587,0
2023-04-18,736.5796508789062,741.6695398780695,729.5992198453044,741.6695398780695,4051481,0.013168655252404626,0
2023-04-19,741.3302001953125,743.4630586149741,732.9439788838241,738.1307942183325,3429794,0.6449471297147236,0
2023-04-20,748.7468872070312,750.1526778888742,739.3426996365507,740.7000270204845,2355441,1.000456612959355,0
2023-04-21,741.8634033203125,751.6068926413793,741.136276368386,746.1291792673691,4524208,-0.9193338903077719,0
2023-04-24,737.0643310546875,743.9962981204891,732.6046428887988,741.8633806253393,5271105,-0.6468943263875926,0
2023-04-25,749.0376586914062,753.3034936505582,738.5185795216379,741.6209995670447,5773233,1.6244616829559133,0
2023-04-26,749.86181640625,756.1151201661215,743.7054392392857,756.1151201661215,5057352,0.11002887575553011,0
2023-04-27,762.5137939453125,765.1314627967837,747.8258059042053,748.4560062629133,4129769,1.6872412039457885,0
2023-04-28,774.92333984375,777.5894717305458,763.1923832113433,765.761529343468,6572656,1.627451988013151,0
2023-05-02,766.1010131835938,782.1947336578447,764.5013101263129,775.8445030744277,6301210,-1.1384773443441687,0
2023-05-03,755.5333251953125,770.2697757864532,753.4973935103067,770.2697757864532,3908267,-1.3794118277387968,0
2023-05-04,765.0345458984375,768.524791072493,750.0557767378482,755.5334314098241,2457671,1.2575515051793218,0
2023-05-05,763.2893676757812,766.8280757542876,756.4543863369626,765.0344604810927,1438467,-0.22811757090089868,0
2023-05-08,769.5426635742188,771.0453807203085,761.2534284501517,765.8101023558274,2489174,0.8192562563106076,0
2023-05-09,769.397216796875,774.0023540098479,766.3917824957996,772.5966226206699,2486331,-0.0189004176413321,0
2023-05-10,771.7725219726562,773.2267758520748,764.0165012824242,772.6935612643697,2737334,0.3087228708299694,0
2023-05-11,764.5496826171875,770.3182345894014,759.7991556552824,770.3182345894014,4808171,-0.9358767188299422,0
2023-05-12,767.797607421875,769.4942369973248,760.5748011087828,763.4833089524111,2576010,0.4248154016059935,0
2023-05-15,772.7420654296875,778.0258666391196,765.4707956480134,768.8155915823326,7569060,0.6439793456006093,0
2023-05-16,763.337890625,776.8140011792301,760.0900804050127,776.4261764483006,4846217,-1.2169875596792168,0
2023-05-17,768.0884399414062,773.3237776856066,759.993116847242,763.9680538640936,6529233,0.6223389896860221,0
2023-05-18,774.9718627929688,778.5105708755359,770.4152480110216,773.6145946867207,11383252,0.8961758169524936,0
2023-05-19,781.1767578125,783.6974410251768,769.0579747251202,774.9719172022633,3432240,0.8006606842691166,0
2023-05-22,777.3956298828125,779.4800841255307,775.1173224606489,776.5715763489428,9996762,-0.4840297527893278,0
2023-05-23,775.5536499023438,784.2791736758401,773.6146446193445,784.2791736758401,6516636,-0.23694241511833525,0
2023-05-24,776.95947265625,778.4137266785611,770.7546318248902,778.4137266785611,9104329,0.18126698959939347,0
2023-05-25,797.60986328125,800.3244589389647,773.5176862813829,775.2143159641729,9570396,2.657846561082655,0
2023-05-26,793.004638671875,804.0569324615277,788.5934138147607,802.6512010745422,6150206,-0.5773780918944205,0
2023-05-29,796.2039794921875,804.1054490464463,793.053096163908,804.1054490464463,3684829,0.4034454105679375,0
2023-05-30,793.4894409179688,801.148476205777,788.0117273782038,796.2040364525558,5148256,-0.3409350674120071,0
2023-05-31,823.9802856445312,861.6454380872003,793.0531289511447,794.0226315537745,47342125,3.8426276588240826,0
2023-06-01,802.69970703125,812.3947332429354,797.9006572217169,812.3947332429354,9713155,-2.5826562824419086,1
2023-06-02,810.9889526367188,813.7035481748123,801.7302143248082,807.401781059285,6834131,1.0326708148587826,0
2023-06-05,809.0499267578125,815.6909959562494,806.7716192974345,812.9279371916426,5298053,-0.2390939941416037,0
2023-06-06,804.1539306640625,812.6855415741426,800.9545839695002,809.049906881744,2722174,-0.6051537651539318,0
2023-06-07,818.5025634765625,821.6534469012576,802.0210194089267,803.6207223555764,4110739,1.7843142047009541,0
2023-06-08,810.504150390625,823.4955085281051,809.0983598261323,821.847342320553,4050621,-0.9772007374008074,0
2023-06-09,808.0803833007812,814.1882375905623,803.6691584900361,812.976359391251,3332436,-0.2990443773391638,0
2023-06-12,810.8434448242188,817.387587123893,806.3837567043073,809.3891909798467,1569715,0.3419290432656208,0
2023-06-13,808.9044799804688,818.2602038479911,807.3532994720553,812.5401147724474,3224345,-0.23912937276940882,0
2023-06-14,802.69970703125,808.5167227582613,794.0226467370427,806.6261808122338,5108720,-0.7670587940579288,0
2023-06-15,804.396240234375,808.3711768353858,799.0639764568675,801.778571636124,3865201,0.2113534100316894,0
2023-06-16,812.249267578125,814.3821851358484,795.7677233551376,797.4158896121849,4907797,0.976263556560375,0
2023-06-19,802.8936157226562,814.3821980615268,802.2634153522778,814.3821980615268,3017364,-1.1518202882920936,0
2023-06-20,805.8505859375,808.2743424765482,801.6332140553098,802.845092324834,2691557,0.3682891676977995,0
2023-06-21,813.4127197265625,815.1093493565047,805.075020643202,806.6262012067938,3022724,0.9384039573868463,0
2023-06-22,817.0968017578125,817.7754654310934,809.2438541528682,811.1828594058168,4380046,0.4529166979941657,0
2023-06-23,828.7308349609375,836.4383926918325,815.6910127735891,818.260218408469,7667340,1.4238255709845937,0
2023-06-26,825.9677734375,831.2030521097366,820.5385232317153,831.2030521097366,4431992,-0.33340879895795705,0
2023-06-27,838.5227661132812,844.7760101244608,827.5673401298056,830.3789211505406,5533649,1.5200342046675752,0
2023-06-28,845.6001586914062,846.957426793673,837.2624010328767,842.982489901243,6272649,0.8440310584446165,0
2023-06-30,851.950439453125,856.0708256467817,840.6072468028977,853.162317745377,5217511,0.7509791355226447,0
2023-07-03,852.3381958007812,857.1857085809171,847.9269118318657,853.1622493039084,3333167,0.045513955941522966,0
2023-07-04,838.7651977539062,847.1513597366053,827.2765564438464,847.1513597366053,7397493,-1.5924427784352657,0
2023-07-05,840.219482421875,844.4367952152777,836.7292374310897,841.528287309829,4284477,0.17338400208581906,0
2023-07-06,843.1279907226562,851.1263874663905,837.1170625471615,837.9895794149583,6365222,0.3461605403861423,0
2023-07-07,843.903564453125,856.6524883571523,836.1960068164162,838.6197633579131,18763997,0.09198766249047807,0
2023-07-10,858.3976440429688,862.4695077109405,838.6197669110601,840.5587721524729,4310681,1.7175042505284788,0
2023-07-11,864.699462890625,865.9113412391242,859.2702123851003,862.8573841314073,3353977,0.7341374817823709,0
2023-07-12,862.8088989257812,868.3835391873391,856.1677702403734,862.8088989257812,3033186,-0.218638272137206,0
2023-07-13,858.0582275390625,866.0566236464394,856.3131347685646,864.166081822675,4228714,-0.5506052838158526,0
2023-07-14,859.4640502929688,863.0996850234806,852.8229811880643,858.0097964007641,3860080,0.1638376870924274,0
2023-07-17,851.3202514648438,869.3045729226673,849.28431957372,858.9793460528722,5614592,-0.9475438589140461,0
2023-07-18,848.7510375976562,853.356174809803,836.826167809372,850.302218041725,4731911,-0.3017917009218052,0
2023-07-19,844.1943969726562,850.2537882802407,840.752674544697,848.7510710707083,6641825,-0.5368642184989003,0
2023-07-20,857.8643798828125,859.6579952554796,841.5282842102112,844.4367921049469,3779959,1.619293252736309,0
2023-07-21,858.979248046875,864.6993366864343,848.120807794379,851.3201543327177,7001587,0.1299585564113137,0
2023-07-24,861.0637817382812,865.3780210889284,853.9379019264227,858.0098247940927,4125577,0.2426756753607373,0
2023-07-25,856.7009887695312,867.4139805723717,852.2897046385892,860.9183013736554,3652262,-0.5066747738410982,0
2023-07-26,862.2756958007812,869.1591410677927,856.3616940271372,859.4641143966517,2845581,0.6507179406033847,0
2023-07-27,867.8502197265625,873.9096105832419,861.0637019670814,862.2270576725728,3445446,0.6464897425416005,0
2023-07-28,867.8017578125,872.455417654135,863.3905327957872,872.455417654135,2314339,-0.005584133409308745,0
2023-07-31,862.7604370117188,870.41947248781,858.2522259930336,866.7353742307506,4424817,-0.5809300056604072,0
2023-08-01,864.4569702148438,870.0316098634006,861.0637112983309,867.220028805937,2087412,0.1966401251547012,0
2023-08-02,851.3202514648438,863.4875570351761,845.9879869013101,856.2647504734587,3328903,-1.5196498151591187,0
2023-08-03,845.1154174804688,855.1497455930452,838.7166648978001,848.3147641849321,4642067,-0.7288483944436264,0
2023-08-04,862.5180053710938,865.7173520926486,839.7831577347351,842.4977531598805,7066276,2.059196593822299,0
2023-08-07,864.2146606445312,873.0855741287542,857.1372441671945,858.1552692589648,4086452,0.19670954842356814,0
2023-08-08,858.3976440429688,867.0261818630096,853.5985942357231,864.7963376701335,3282856,-0.6730985791451594,0
2023-08-09,856.7493896484375,870.0800493122807,851.9988036260091,858.0097310909988,3185159,-0.19201525143617282,0
2023-08-10,848.120849609375,856.943358638016,841.7221562172219,855.1012800568323,3439922,-1.0071253208132624,0
2023-08-11,847.8773803710938,850.9453655365079,842.4719364827722,849.2896284543091,2812690,-0.028706904021214008,0
2023-08-14,844.468505859375,847.9260376390342,835.2646101195944,847.8286658209527,2665905,-0.4020480544281946,0
2023-08-16,834.631591796875,851.2375294234035,830.9792568594177,847.3417054901156,3962408,-1.1648645265331048,0
2023-08-17,834.3881225585938,837.4560483113703,827.8626054267071,834.8751005617859,3013019,-0.029170863009997383,0
2023-08-18,833.9498291015625,839.5500761291058,830.0540050824019,834.3881211928294,4929835,-0.05252872676174691,0
2023-08-21,849.2409057617188,851.2375035777961,831.8557563199429,833.365435604699,3220142,1.8335727314231498,0
2023-08-22,854.79248046875,857.0325673096432,843.6406727280962,848.3156494929071,3333869,0.6537102333820988,0
2023-08-23,845.5399169921875,854.1594037305159,844.2250407375834,854.1594037305159,1860153,-1.0824338875195294,0
2023-08-24,846.8060302734375,851.9192991175547,841.6927614293203,850.2635620789201,2842728,0.14974021401070736,0
2023-08-25,850.75048828125,853.136692152374,838.6734112063066,846.8059787307047,3124339,0.4658041944433089,0
2023-08-28,847.6825561523438,852.9419421775066,843.2997542798929,851.2862051365809,3094455,-0.36061479495642645,0
2023-08-29,832.9271240234375,847.3416599121427,826.4016073970726,847.3416599121427,14064286,-1.7406789867048356,0
2023-08-30,835.4107055664062,840.134368086054,834.1445747365004,837.4559892573654,3261665,0.2981751309732772,0
2023-08-31,834.0958862304688,837.1151258497277,824.9893625739633,833.2193021110438,12528190,-0.15738598119185987,0
2023-09-01,843.3971557617188,844.9554614831179,830.540925500741,830.9305316538671,4427899,1.1151319272518334,0
2023-09-04,842.7640991210938,846.8060402235877,837.3099694015035,843.2023912019934,3102649,-0.07506032434425602,0
2023-09-05,843.3484497070312,845.1989302762921,836.0437803520641,840.6213255914024,2216754,0.06933738474941276,0
2023-09-06,857.3734741210938,859.4188174342554,843.2511118046698,844.5659881014648,4235096,1.6630165643791273,0
2023-09-07,852.503662109375,860.6849161647449,850.4096924081529,857.3734420362485,4532834,-0.5679919146916568,0
2023-09-08,862.7788696289062,867.4539058271677,855.2794562391008,858.8343598514836,3741470,1.2052977572092782,0
2023-09-11,867.5999755859375,869.0609095567643,860.5874806368574,864.8729107295051,2733894,0.5587881352616897,0
2023-09-12,867.21044921875,873.1515570613575,861.9510630220874,871.5932512341166,4106031,-0.044897000708699064,0
2023-09-13,891.3157958984375,894.0915465293764,862.4866646131653,864.9215544457617,5222561,2.779642092804968,0
2023-09-14,891.1210327148438,896.6238483155203,886.3973105608121,896.3316734116396,5513106,-0.0218511984742098,0
2023-09-15,911.7689208984375,923.9920566447039,886.2999480632333,888.8322098509059,14003428,2.3170688857706567,0
2023-09-18,896.2343139648438,911.4280036319391,894.0915988975468,905.1947209627322,2977375,-1.703787722692529,0
2023-09-20,886.981689453125,895.3576867872904,881.2353256094291,887.2738643470045,5241903,-1.0323890044765305,0
2023-09-21,894.0428466796875,896.1855615880683,879.8230546117438,886.4946883163486,4896202,0.7960882744846964,0
2023-09-22,887.6635131835938,898.3282837190831,880.2614119912647,894.0429130298404,6112928,-0.7135377817501065,0
2023-09-25,886.6895751953125,889.562697868085,878.5570068452753,888.2478810329368,5278045,-0.10971927693504968,0
2023-09-26,888.9296264648438,896.9647632241839,884.3520215128359,886.2999334544942,5355047,0.25263083408169074,0
2023-09-27,896.282958984375,897.0621118517843,883.8163347691661,891.1210043615408,4713145,0.8272119975092362,0
2023-09-28,901.5423583984375,907.7269549679048,894.6759213221188,901.8832192063088,7386917,0.5868012284895086,0
2023-09-29,902.2728271484375,912.0123867703094,897.7925940550438,907.726956758464,5608557,0.08102434047554397,0
2023-10-03,901.201416015625,904.0745979169683,892.1923236043867,894.3350385534674,4338272,-0.11874580510183863,0
2023-10-04,900.1787719726562,901.8345089495174,894.3837222764186,894.3837222764186,5603669,-0.11347563649978243,0
2023-10-05,904.6589965820312,905.3894635737631,895.4551600426539,900.9579757130341,7063132,0.4977038727048688,0
2023-10-06,901.9319458007812,904.9999309922357,900.2275227934304,904.9999309922357,2420855,-0.3014451623819969,0
2023-10-09,900.4710083007812,903.8798543022572,892.6793602974075,894.0916083871303,2248103,-0.1619786844009541,0
2023-10-10,923.651123046875,929.2026839810675,897.062136877964,900.4709827828386,7897875,2.574221105667296,0
2023-10-11,930.7122802734375,931.8810393003275,923.3102388457227,923.7972168197974,5645289,0.764483152823936,0
2023-10-12,925.5990600585938,931.8810881425253,922.3363312395065,930.7123290543776,5544735,-0.5493878530689944,0
2023-10-13,929.3487548828125,931.0531777503863,921.6544793024011,921.6544793024011,4421671,0.40511005099566066,0
2023-10-16,921.8980102539062,933.7802849607709,919.2683172493909,933.0011320749472,1881721,-0.8017167494721367,0
2023-10-17,928.8131713867188,935.2412572653051,921.3623841426489,921.8980480582716,3863410,0.7501004510149567,0
2023-10-18,928.033935546875,933.9264168063335,925.8912799385872,928.1800527226927,2334392,-0.08389586451280628,0
2023-10-19,918.3917846679688,926.5242931583757,916.8334194641325,921.1675353766442,4306963,-1.038986885024229,0
2023-10-20,920.5831909179688,922.8232777505742,912.5967401079557,913.3758929916157,3125104,0.2386134421697106,0
2023-10-23,914.8368530273438,924.3816098768477,912.5967661308616,917.0769399238259,2180066,-0.6242062583062147,0
2023-10-25,898.57177734375,915.1777746174395,895.0655595394459,900.5196893340426,6365249,-1.7779209079487712,0
2023-10-26,881.9171752929688,900.5197114795118,876.6091030997748,897.6465887796198,6595332,-1.8534526089850734,0
2023-10-27,890.7800903320312,894.481170507782,882.8423849869006,887.0303836933224,3508393,1.004960022024548,0
2023-10-30,902.1267700195312,907.6783312626092,886.6408454118229,890.9749616211362,3686768,1.2737913443115367,0
2023-10-31,890.5853881835938,899.4970498963005,888.6374761879565,896.3316929033899,5697563,-1.2793525499401381,0
2023-11-01,889.6600952148438,890.7314230066676,872.1288877050039,879.482243410298,4821458,-0.10389716483415468,0
2023-11-02,899.7892456054688,901.8345889155006,892.5333208104419,896.0395387054137,6611573,1.1385416121399539,0
2023-11-03,906.509521484375,909.3827034926146,898.1822098078761,900.9092746420058,3895154,0.7468722161025898,0
2023-11-06,914.739501953125,916.2004359768644,905.779094718412,909.8697218739937,2760800,0.9078757888029365,0
2023-11-07,912.742919921875,914.4960288918131,908.1653146785776,911.6715326184539,3616946,-0.2182678267405036,0
2023-11-08,912.353271484375,917.2717373331833,910.0644986914863,917.2717373331833,1808553,-0.042689834015186,0
2023-11-09,908.06787109375,912.8889652798705,906.3147621475856,912.3533013582032,3914416,-0.46970844787488364,0
2023-11-10,911.1358032226562,912.5967371668936,904.8050894642947,904.8050894642947,1345614,0.33785273398243554,0
2023-11-13,910.6488037109375,915.8107583027553,909.4800446940695,913.570671530331,1656368,-0.053449717374320915,0
2023-11-15,925.2581787109375,927.8878717395428,911.8175981093002,923.3102667557565,4816316,1.6042820174436256,0
2023-11-16,924.8198852539062,929.056629417445,918.68397449334,924.2842213561406,5310736,-0.047369854935175315,0
2023-11-17,922.6284790039062,929.1539958956386,921.3623481313145,924.089412959717,3249469,-0.23695492332523882,0
2023-11-20,936.361328125,939.1857648756039,917.4178719155799,924.2842498700766,4646962,1.4884484311518342,0
2023-11-21,945.5651245117188,950.9218823173476,935.9716820380419,941.8154178260005,5704644,0.9829321342380348,0
2023-11-22,944.4938354492188,950.8732353901588,940.7928145208957,948.9253233809827,3309732,-0.11329616910873419,0
2023-11-23,951.214111328125,955.4507959724109,938.601369767411,944.7372804212422,2749555,0.7115214124939095,0
2023-11-24,947.8052978515625,951.7011218214473,945.711268689527,949.6070926594117,2322104,-0.3583644771420591,0
2023-11-28,959.2492065429688,962.2684461077989,945.9059985894081,948.68174917496,5096984,1.2074113446450152,0
2023-11-29,969.4757690429688,980.8710060149546,965.1416532092849,969.9627470142691,5647918,1.066100699405892,0
2023-11-30,988.2730712890625,991.6819169655184,966.8460413227681,969.0861280210432,9934052,1.9389140859755294,0
2023-12-01,988.2730712890625,995.918601385179,981.9423578899301,988.56524617222,5544950,0.0,0
2023-12-04,1005.9991455078125,1016.8100329999928,998.4996132017866,1009.0183852375408,5164902,1.7936413258360817,0
2023-12-05,1004.2460327148438,1018.7092558951329,995.4804284975636,1011.7455654354088,4266159,-0.17426583320643285,0
2023-12-06,997.7691040039062,1008.0443866122897,987.0556482294245,1002.2980228524142,4121251,-0.6449543737233387,0
2023-12-07,973.9559936523438,993.1429386164061,972.0080816650391,988.565333557129,13805235,-2.38663537044832,1
2023-12-08,974.1994018554688,977.8517365287585,965.4824845461071,972.6897820796194,6630766,0.024991704421073457,0
2023-12-11,974.7838134765625,978.4361483815986,966.213012788522,970.1575225968501,6195119,0.059988911918917864,0
2023-12-12,969.3296508789062,974.7837803736535,961.2945143606937,973.2254746453123,7119331,-0.5595253554943613,0
2023-12-13,973.8585815429688,975.9038652668033,965.6773277565226,967.3330647663454,4153219,0.46722295763428345,0
2023-12-14,979.0205078125,984.8642433631768,973.128086354678,979.7996606634798,6541673,0.5300488558978245,0
2023-12-15,966.7000122070312,984.5233950496307,962.5120133121887,973.6151354478703,10119597,-1.2584512282584726,0
2023-12-18,964.4598999023438,972.7872115619983,956.5708803185773,969.086190762769,5750263,-0.23172776211859425,0
2023-12-19,962.706787109375,971.9593687924065,960.2232112835669,969.5244788758192,3912964,-0.1817714550025662,0
2023-12-20,946.2468872070312,967.7713492755003,943.7633114344723,967.0408823161857,3990591,-1.709752140811871,0
2023-12-21,952.4315795898438,955.9864832605945,934.997743715264,942.7893915795579,4294277,0.6536024019130338,0
2023-12-22,963.778076171875,972.9332856686277,950.1426931868274,956.3273489938053,4605120,1.1913188123096052,0
2023-12-26,973.8098754882812,976.3908826470671,963.8755719195391,969.0862127020765,2460643,1.0408827057212688,0
2023-12-27,994.6038208007812,997.3796309054401,972.0080310358865,973.95594292173,4791379,2.135318796399921,0
2023-12-28,1009.7000122070312,1014.8132805718024,995.5777114070222,997.2334482904389,5288328,1.517809512746049,0
2023-12-29,1005.3173217773438,1016.0795829853465,997.7205364167932,1006.2426512992488,4631749,-0.4340586685849135,0
2024-01-01,986.6660766601562,1005.0738086978541,980.7736549717309,1005.0738086978541,3804406,-1.8552594999769023,0
2024-01-02,995.0908813476562,998.7431569911356,989.5393201232077,990.9028823346716,6865791,0.8538658505436558,0
2024-01-03,1008.2392578125,1009.9924262631365,994.7499902659945,1005.0739006424371,3604276,1.3213241836802725,0
2024-01-04,1020.6085205078125,1031.2246647310706,1000.7885396019556,1008.2879532773239,4664043,1.2268181981079707,0
2024-01-05,1019.3423461914062,1035.948343879691,1011.8915588642936,1026.354900866207,4008221,-0.12406072367260323,0
2024-01-08,1021.7285766601562,1031.4193911832901,1018.0274963497017,1022.653787292214,4489695,0.23409509843927978,0
2024-01-09,1036.776123046875,1040.087597100681,1020.7545950052714,1029.4714533213216,3371125,1.472753794937054,0
2024-01-10,1035.02294921875,1045.346977488517,1027.815770240984,1039.1622620410842,3111573,-0.16909859217945078,0
2024-01-11,1035.1690673828125,1045.9313282876392,1029.812309607599,1037.9935634425103,2604325,0.014117383983891507,0
2024-01-12,1048.3173828125,1050.4601570732514,1024.2119748939601,1030.5426880846878,3394013,1.2701611595611118,0
2024-01-15,1073.6890869140625,1075.9291143141684,1046.564436882113,1049.9732827828525,3312897,2.4202311740260773,0
2024-01-16,1067.3583984375,1087.908846148748,1064.5339022744688,1078.1692862011316,5025540,-0.5896202684482765,0
2024-01-17,1056.9857177734375,1080.068426735059,1050.7037493154712,1063.5599205792155,4568700,-0.9718085958050238,0
2024-01-18,1058.739013671875,1067.4558731084185,1047.1975389090353,1047.1975389090353,4407330,0.16587697155745484,0
2024-01-19,1095.700439453125,1106.754815664053,1061.4172377040122,1062.5859372829862,11753391,3.491079983258749,0
2024-01-23,1127.841064453125,1142.0121720163006,1105.440076126336,1115.179636268418,18194595,2.933340522893446,0
2024-01-24,1158.9588623046875,1162.903431551066,1110.4071808376661,1110.4071808376661,9546592,2.75905877453142,0
2024-01-25,1130.3245849609375,1169.3801933828981,1126.91573925768,1155.111715446756,11424697,-2.4706897091073876,1
2024-01-29,1131.8829345703125,1139.2849760349768,1127.840993587094,1127.840993587094,4015858,0.1378674435740912,0
2024-01-30,1128.47412109375,1150.095896314162,1124.4809253501203,1131.8829670270381,3902023,-0.30116307724495917,0
2024-01-31,1140.210205078125,1144.4470086551455,1116.3482838433536,1128.8149678000045,5981966,1.039995846160835,0
2024-02-01,1121.218017578125,1139.7231802236747,1119.0266167385205,1134.7074023036857,3606209,-1.6656742252801227,0
2024-02-02,1120.8284912109375,1144.5929199294526,1115.4717337899262,1124.9190584123605,4969983,-0.03474135815519919,0
2024-02-05,1084.5487060546875,1129.4480520010127,1081.0911148426662,1124.2860378601854,7809331,-3.23687213884557,1
2024-02-06,1104.5147705078125,1125.9904274400494,1093.752509919659,1095.7004217806023,9863065,1.8409559977953016,0
2024-02-07,1104.7581787109375,1118.3448153911254,1102.3232890627967,1109.1409800775912,2770694,0.022037568860500123,0
2024-02-08,1112.40380859375,1116.6404931847862,1087.1295804355839,1114.5952094744005,6519392,0.6920636597353536,0
2024-02-09,1091.0740966796875,1116.1047157464723,1087.178273080742,1116.1047157464723,4203171,-1.9174432655913454,0
2024-02-12,1089.5645751953125,1099.5963699711601,1082.3573956068903,1093.655261901001,3887976,-0.13835187628125079,0
2024-02-13,1088.736572265625,1095.7003806855353,1075.0525632903903,1082.0649981703375,3211554,-0.07599392900040636,0
2024-02-14,1086.7886962890625,1091.9507102534951,1075.9290639355402,1081.0910778999728,4653070,-0.17891159589771277,0
2024-02-15,1091.512451171875,1101.9824782632727,1080.5068196104696,1093.0708758983699,5056712,0.4346525593192263,0
2024-02-16,1090.8306884765625,1097.6971256345778,1087.7627033870003,1094.7265123639788,3091952,-0.06246036814152589,0
2024-02-19,1112.4525146484375,1115.1796390514723,1089.2236874298242,1091.8534400094181,4711035,1.9821431868653816,0
2024-02-20,1114.15673828125,1121.607524253322,1105.4398810488005,1115.179439472138,5397418,0.15319518005234567,0
2024-02-21,1110.21240234375,1128.9610542319738,1103.1024764089161,1124.9191132934343,4570259,-0.35401984316719703,0
2024-02-22,1105.975830078125,1109.0924418533402,1069.0628723405234,1107.9723686278003,8642368,-0.38160015657194846,0
2024-02-23,1096.4310302734375,1102.3721384380674,1086.2532370425372,1097.6484753436944,6709844,-0.8630206506423654,0
2024-02-26,1081.1397705078125,1096.5769474041383,1075.588150665588,1088.9800439952412,3186134,-1.394639456875968,0
2024-02-27,1098.1353759765625,1101.5442219330307,1072.6177766588735,1084.0130141569084,7149094,1.5720081651207085,0
2024-02-28,1099.352783203125,1122.6303542846065,1094.2395144440407,1103.881702167964,5302711,0.11086130664716976,0
2024-02-29,1094.093505859375,1108.3132404224596,1070.3776998012384,1089.7107036308896,13818650,-0.4783976012164515,0
2024-03-01,1099.3040771484375,1111.0402943714844,1088.2984458081996,1098.6223555126314,5927490,0.476245518427576,0
2024-03-04,1103.9791259765625,1119.318932976237,1102.5181919765935,1102.5181919765935,5855090,0.42527349123018254,0
2024-03-05,1138.4571533203125,1149.0245517814026,1103.540855690301,1103.540855690301,5375008,3.123068772994353,0
2024-03-06,1162.6112060546875,1165.4357021756023,1127.207929951227,1143.3755754449699,5464839,2.1216479394002397,0
2024-03-07,1168.454833984375,1181.9928446371614,1158.4717861092452,1178.3405100486991,8903981,0.5026295892603505,0
2024-03-11,1165.4356689453125,1186.5705844485385,1155.1117596273702,1155.1117596273702,6679208,-0.2583895372974987,0
2024-03-12,1172.886474609375,1176.5388094898276,1166.60450617144,1168.7471617448618,4249548,0.6393150529540037,0
2024-03-13,1138.3109130859375,1180.4345040942515,1121.7049180915394,1180.4345040942515,7528096,-2.947903507451799,1
2024-03-14,1163.48779296875,1168.4549447015017,1133.246531045428,1143.3755781509958,8569080,2.2117753237170135,0
2024-03-15,1188.226318359375,1190.953442712055,1156.9136092243868,1159.0076383997182,10115416,2.12623849946052,0
2024-03-18,1193.3883056640625,1198.5015745411251,1183.551255187682,1193.0960713146433,4141080,0.4344279557630726,0
2024-03-19,1196.3587646484375,1208.0949813753457,1182.966870366786,1184.525176104975,7703719,0.24890967761930227,0
2024-03-20,1199.718994140625,1206.7314294672847,1191.7812293211134,1196.26140294043,6596032,0.28087139004451256,0
2024-03-21,1189.0054931640625,1210.5298962763454,1182.4799168444927,1205.7574882554325,9952250,-0.89300086344275,0
2024-03-22,1203.906982421875,1212.575214561218,1190.1742266616934,1194.9952612836244,7840007,1.253273373713193,0
2024-03-26,1181.5059814453125,1201.8616853069343,1178.4867416704947,1193.0960814432694,10898138,-1.860692005581599,0
2024-03-27,1192.9013671875,1196.261467861563,1179.0224940614855,1179.0224940614855,5779169,0.964479733589485,0
2024-03-28,1196.6021728515625,1206.2443598616192,1188.5184103655909,1194.9951218680364,10518377,0.3102356796511829,0
2024-04-01,1185.645263671875,1199.8163704408694,1176.5387992275982,1196.0179184201083,5461473,-0.9156685010504928,0
2024-04-02,1176.7823486328125,1195.774490820555,1171.8638232277463,1193.0961117940785,3625577,-0.7475182763868604,0
2024-04-03,1193.77783203125,1208.289800335749,1158.4719267240346,1163.877430127516,9532291,1.4442333723124756,0
2024-04-04,1175.418701171875,1200.8876727542518,1170.013317045236,1199.8649714618873,7327626,-1.537901807753994,0
2024-04-05,1159.9815673828125,1179.8015477156234,1157.9849100756255,1174.4935352030195,4227519,-1.3133306262416933,0
2024-04-08,1173.3245849609375,1179.0223218935434,1152.2871620201602,1157.0595695448187,4827733,1.1502784141846245,0
2024-04-09,1173.0811767578125,1183.3077140613948,1167.0914428785984,1183.3077140613948,3372798,-0.020745171987779365,0
2024-04-10,1197.3814697265625,1198.647541127975,1177.2692555637361,1181.6520573424636,6442196,2.07149287280457,0
2024-04-12,1193.6318359375,1199.7676874675049,1187.7880998759063,1194.1674404084774,7877073,-0.31315281586232757,0
2024-04-15,1192.6578369140625,1202.8356292978308,1178.8275907324091,1179.0710797261943,4281602,-0.081599618417727,0
2024-04-16,1184.7686767578125,1201.812906011378,1180.483365658374,1192.0247199747096,5235632,-0.6614772411727698,0
2024-04-18,1232.7847900390625,1248.4654576451017,1184.1357360648326,1188.2263036521085,19939924,4.0527838238135105,0
2024-04-19,1255.42919921875,1262.7338687254532,1220.7076463853323,1246.6635958107058,13103862,1.8368501430789053,0
2024-04-22,1263.756591796875,1271.4021222341269,1254.6987538959859,1270.0385601244834,7894656,0.6633104107588883,0
2024-04-23,1307.3897705078125,1315.8145134133665,1268.1880427765852,1275.882318705781,12074766,3.4526568640008026,0
2024-04-24,1301.5947265625,1318.7363271250476,1298.8189759446304,1316.7884152681422,6277492,-0.4432529667921181,0
2024-04-25,1303.8348388671875,1308.802109539023,1289.8585941609256,1296.3354252856163,8512627,0.17210520747910074,0
2024-04-26,1291.465576171875,1310.6524606294493,1287.5697524126838,1303.1530474494486,5289771,-0.948683247799953,0
2024-04-29,1297.74755859375,1310.9447092785167,1285.6218545673419,1290.0046563442759,3195888,0.4864227539456367,0
2024-04-30,1287.862060546875,1300.0365104919558,1285.5731688443097,1288.689899364918,5272565,-0.7617427581668501,0
2024-05-02,1270.0872802734375,1285.5244580124624,1259.909369452641,1280.9955391518947,7995432,-1.3801773355983205,0
2024-05-03,1244.13134765625,1276.3692656506628,1225.382695718993,1271.9864638990962,11290875,-2.0436337738615418,1
2024-05-06,1249.97509765625,1264.633063458771,1240.0406755708013,1241.7938438479712,5555467,0.4697052293560988,0
2024-05-07,1252.653564453125,1260.7373281202838,1237.898106906504,1252.8483081015418,5767030,0.21428161264149814,0
2024-05-08,1255.0396728515625,1265.5584451663512,1241.501660726953,1242.913968256028,2682816,0.19048430197692312,0
2024-05-09,1242.2320556640625,1261.565176178905,1236.972788702863,1249.5854705648264,4809145,-1.0204950062176033,0
2024-05-10,1267.2628173828125,1274.421369889411,1238.6284884653103,1241.842590680244,5532513,2.014982756613004,0
2024-05-13,1252.458740234375,1268.9673666863177,1248.0273115228179,1267.2629435916142,3703942,-1.1681931281635305,0
2024-05-14,1250.8516845703125,1266.0453737387672,1247.345348008193,1256.9389093085642,3262908,-0.12831206429696485,0
2024-05-15,1275.784912109375,1283.9174204462504,1247.150583638478,1248.1732849339446,6891004,1.9933000727921923,0
2024-05-16,1310.068115234375,1321.5120975653526,1286.8880351241648,1293.4134923862373,11932181,2.6872243745472923,0
2024-05-17,1309.43505859375,1324.5801215101071,1304.3705350973612,1318.346779513014,6614017,-0.048322421808710825,0
2024-05-21,1309.2891845703125,1327.2586263971161,1300.9618126655278,1320.684422964219,5422220,-0.01114022589208119,0
2024-05-22,1312.7952880859375,1315.8145278431066,1294.9232196466014,1307.1950412057763,3026723,0.26778679278371964,0
2024-05-23,1338.26416015625,1341.4295168506565,1309.288971953605,1315.5709399906789,7147341,1.94004901613003,0
2024-05-24,1352.337890625,1361.3469835225737,1338.264274141451,1339.6764627689502,5622368,1.0516406915587417,0
2024-05-27,1348.2958984375,1370.356024529577,1342.1113019202255,1359.6425090570644,6553974,-0.2988892210682548,0
2024-05-28,1335.34228515625,1350.8280888638621,1331.300344390291,1348.7341787903242,2068963,-0.9607396489347497,0
2024-05-29,1341.2347412109375,1354.0422859822663,1320.1973160575162,1320.1973160575162,4445083,0.4412693374716392,0
2024-05-30,1341.283447265625,1350.3411661777993,1327.988924899303,1342.8904983457046,7100303,0.003631434020534563,0
2024-05-31,1336.998046875,1351.8508752959387,1303.1530771945002,1344.0592275997085,24825643,-0.3194999833451506,0
2024-06-03,1354.8701171875,1383.4557009409755,1348.929009587754,1378.439922841316,6017122,1.336731220682985,0
2024-06-04,1265.8504638671875,1360.6164226043009,1187.3010138955774,1354.8700588880947,19924421,-6.570345909252429,1
2024-06-05,1309.337646484375,1313.6230764062013,1246.5174882428921,1291.1247179304962,12175520,3.4354123064689324,0
2024-06-06,1334.9041748046875,1340.4070504156812,1294.3876257965053,1323.6063080943948,10279789,1.9526306593994125,0
2024-06-07,1388.130615234375,1393.39000075423,1327.6479789837895,1334.9039027190506,12280748,3.987285487175529,0
2024-06-10,1388.909912109375,1399.2338212677698,1384.0401324222921,1384.0401324222921,5318477,0.0561400250413957,0
2024-06-11,1390.07861328125,1397.237165651298,1376.1997411570546,1388.861168358075,4416792,0.08414521069262104,0
2024-06-12,1400.938232421875,1410.1420683969143,1385.0627032185396,1387.8871991916067,4876138,0.7812233809562086,0
2024-06-13,1388.6177978515625,1418.0312221486088,1383.4557833804304,1411.2622753546652,7990376,-0.8794416688174378,0
2024-06-14,1390.2247314453125,1396.6528168660566,1383.9426443025695,1396.6528168660566,3978442,0.11572180597398951,0
2024-06-18,1391.1500244140625,1406.3924595439912,1381.0696036242239,1406.3924595439912,8671131,0.06655707870970584,0
2024-06-19,1356.087646484375,1397.4321510453508,1352.1431959211286,1396.6041933119077,8640918,-2.520387975010485,1
2024-06-20,1345.1793212890625,1370.307314158704,1340.4069132239758,1369.3333581817928,8742855,-0.8043967676862218,0
2024-06-21,1379.17041015625,1386.8645672692987,1337.0954405734203,1348.8802841285958,43929578,2.5268816082167023,0
2024-06-24,1382.82275390625,1386.718577843001,1353.1657228530653,1365.486289831263,6195831,0.26482178874371876,0
2024-06-25,1378.098876953125,1396.652784725056,1373.1317255555452,1396.652784725056,6353748,-0.3416111674313105,0
2024-06-26,1421.48876953125,1441.4061220000974,1372.255246606662,1378.0989825554032,9579826,3.1485326128453783,0
2024-06-27,1437.3642578125,1450.220428968199,1402.5453321337807,1425.8715298921716,19675528,1.116821224446607,0
2024-06-28,1406.441162109375,1496.2398547362907,1399.2338641732695,1496.2398547362907,29145832,-2.151375027940816,1
2024-07-01,1416.1319580078125,1428.5986417833064,1411.505667223399,1412.236134189359,6011806,0.6890295989277817,0
2024-07-02,1381.994873046875,1435.0268506691887,1380.095706328558,1423.9237280538828,7792632,-2.410586440613971,1
2024-07-03,1382.871337890625,1395.0945326731442,1371.7682162337367,1390.7603573419824,8261388,0.06342026738621609,0
2024-07-04,1385.988037109375,1403.567870353912,1374.73879853411,1381.0695120944865,9570938,0.22537882833728595,0
2024-07-05,1392.4647216796875,1396.2631735197538,1379.949411972083,1385.4522866604134,4881198,0.4672972923936758,0
2024-07-08,1397.77294921875,1401.3765387902226,1386.085477452533,1393.7310081213777,3261797,0.381210917333652,0
2024-07-09,1398.16259765625,1404.1037055387903,1390.9552994043142,1398.6008303042868,2897480,0.027876375610058624,0
2024-07-10,1407.4151611328125,1411.0187507655528,1389.0073690098313,1403.4705917882047,3416762,0.6617659127824416,0
2024-07-11,1400.5,1413.0640563339296,1390.8091852363468,1412.2362175018927,4178558,-0.491337689388438,0
2024-07-12,1395.92236328125,1409.898607364941,1384.4296355317363,1404.4444778311965,6342135,-0.32685731658336215,0
2024-07-15,1400.1590576171875,1402.4965756882227,1388.909937667686,1395.9223729896842,3324806,0.3035050119820859,0
2024-07-16,1428.306396484375,1434.9293444813864,1407.3663436208128,1414.1840352508098,6967651,2.0102958098981327,0
2024-07-18,1445.009765625,1447.2497929701105,1421.0504730891105,1427.8194193693778,6470342,1.1694527996050752,0
2024-07-19,1423.6800537109375,1441.454749096759,1414.1352382212883,1441.454749096759,3858596,-1.4760946549615128,0
2024-07-22,1427.2352294921875,1433.6633156892003,1411.3110717408474,1412.2362824384109,3560584,0.24971732742782304,0
2024-07-23,1427.527099609375,1431.715157490447,1391.2472427273892,1431.715157490447,2936143,0.020450035926544707,0
2024-07-24,1417.30078125,1437.1695082357905,1399.136596224604,1427.8195540339827,4529339,-0.7163659703674496,0
2024-07-25,1411.408203125,1416.1318654178092,1402.5938547556086,1407.3662623994044,4277756,-0.4157605924553942,0
2024-07-26,1474.9588623046875,1480.4129916536117,1411.408238814294,1412.4795665431911,9564987,4.502642044943483,0
2024-07-29,1442.7696533203125,1485.2828552167043,1438.5817139812525,1485.2828552167043,4589313,-2.182380119678584,1
2024-07-30,1432.0560302734375,1446.2271361401113,1425.9201794531516,1445.740158191306,4263689,-0.7425733568916737,0
2024-07-31,1452.7042236328125,1464.976046335472,1434.7834081682183,1439.3609541403532,5634305,1.4418565281578033,0
2024-08-01,1466.2906494140625,1471.6474070173686,1446.3245528926489,1446.3245528926489,4531379,0.9352506559989315,0
2024-08-02,1454.8955078125,1465.9498845389678,1444.9610853634856,1455.1876232753134,3335905,-0.7771407125944707,0
2024-08-05,1427.527099609375,1449.246363500534,1413.6969735356352,1443.4026281638382,5111901,-1.8811253492888036,0
2024-08-06,1405.9542236328125,1454.0189281905457,1393.828400164758,1444.474111886535,8249573,-1.5112060557355145,0
2024-08-07,1412.0263671875,1424.9052860027007,1393.2711465147477,1422.065049527484,5700734,0.4318877138828725,0
2024-08-08,1421.8692626953125,1436.2661548508695,1400.5186508262825,1405.415569185815,5986360,0.6970759000356264,0
2024-08-09,1433.91552734375,1451.446517969499,1427.255790491473,1434.7969965083105,3615910,0.8472132399572674,0
2024-08-12,1428.5289306640625,1447.0393050762789,1415.2093372827228,1435.776393395482,4028226,-0.3756564858228395,0
2024-08-13,1429.606201171875,1447.920746327499,1420.4489883708943,1437.7351329192459,4495208,0.07541117891898264,0
2024-08-14,1441.3587646484375,1449.5856106185206,1423.1422539991775,1423.1422539991775,5891784,0.8220839743790176,0
2024-08-16,1452.964599609375,1460.2609596682103,1437.8330511321242,1449.487739979176,7176426,0.8052009843481533,0
2024-08-19,1439.3511962890625,1458.400160343048,1434.1115177044917,1456.3434786014188,4404075,-0.9369397798110413,0
2024-08-20,1419.2738037109375,1454.1398368411508,1416.6784131946285,1449.4877646236089,10046892,-1.3948918533495225,0
2024-08-21,1433.2789306640625,1436.3640130204067,1417.8536384360075,1423.0444195151686,6175510,0.9867811916563385,0
2024-08-22,1455.706787109375,1468.9774826849505,1434.7969712008999,1443.3175606828124,6781325,1.5647935628915866,0
2024-08-23,1475.686279296875,1478.8692760831466,1448.8511440188054,1462.2197544318794,6238112,1.3724942663194906,0
2024-08-26,1482.34619140625,1489.3486889558953,1473.9724132635838,1477.889947916776,4307432,0.45130948242930735,0
2024-08-27,1491.3564453125,1494.8822025235036,1471.034234680266,1486.7043729990971,3965066,0.607837356650287,0
2024-08-28,1524.263671875,1532.2456722824425,1490.279108109249,1496.4491531781878,6225319,2.2065299456700105,0
2024-08-29,1533.616943359375,1539.2972970264957,1514.0781670208744,1532.7354741280556,8036748,0.6136255594722417,0
2024-08-30,1556.28955078125,1575.240599449903,1529.4053993434138,1543.5085470341537,37820442,1.47837486538267,0
2024-09-02,1538.954345703125,1571.9106266778504,1533.2249757409188,1571.9106266778504,4890314,-1.1138804517078937,0
2024-09-03,1528.4261474609375,1546.4468310879597,1526.4673801004715,1546.4468310879597,4546295,-0.6841137472065384,0
2024-09-04,1529.6993408203125,1533.7147898587623,1510.2095823513482,1525.8797206896243,5213811,0.08330094074155969,0
2024-09-05,1515.3023681640625,1530.7766779895196,1509.7199290600413,1526.8591433049655,5652812,-0.9411635523441819,0
2024-09-06,1507.516357421875,1523.529256976365,1498.6528871318862,1520.7870543536687,5497805,-0.5138255509770651,0
2024-09-09,1510.84619140625,1514.861640406891,1491.8461249392576,1491.8461249392576,3912508,0.2208821130186278,0
2024-09-10,1545.3204345703125,1553.302435054624,1513.2946377345995,1513.2946377345995,6163457,2.281783768602863,0
2024-09-11,1545.271484375,1565.9364543236159,1541.990453688051,1545.90798806897,5994914,-0.0031676404593783403,0
2024-09-12,1612.7999267578125,1618.7252452985024,1557.3178224761496,1563.2431410168394,12204496,4.370005081024653,0
2024-09-13,1600.7535400390625,1620.782007177514,1597.4237313112744,1616.9623870768355,5609618,-0.7469238136044942,0
2024-09-16,1601.73291015625,1618.8721236843983,1596.4932316455206,1600.7535265260701,3762063,0.06118181798078215,0
2024-09-17,1627.49072265625,1631.7021200233282,1604.7200536014839,1615.9829651769596,4223072,1.6081215748690258,0
2024-09-18,1620.781982421875,1636.5010178466666,1613.877280054815,1621.0757257767227,3171195,-0.41221373129707306,0
2024-09-19,1630.5267333984375,1676.4108303273815,1613.7302810479948,1613.7302810479948,8498240,0.6012376175357881,0
2024-09-20,1676.4599609375,1687.869804357462,1631.6531590021177,1636.5500772464218,21646275,2.81707908237272,0
2024-09-23,1714.362060546875,1718.0837662344907,1683.560492607718,1683.560492607718,5001827,2.26084132591986,0
2024-09-24,1720.4342041015625,1731.1095091235463,1710.1016594247126,1715.8800465057552,7579205,0.354192599943004,0
2024-09-25,1724.1070556640625,1730.4730495895321,1709.0245230683695,1719.3570687227157,4017103,0.21348398873632934,0
2024-09-26,1734.5863037109375,1742.3234582118184,1710.1507302382015,1733.5090056407637,7417423,0.607807271158034,0
2024-09-27,1698.8388671875,1727.0940617756617,1686.9883488508633,1719.014146607,7116861,-2.06086237663472,1
2024-09-30,1674.3052978515625,1697.2717956784875,1669.0654998965256,1678.6635070934378,6907288,-1.4441375112022148,0
2024-10-01,1663.678955078125,1687.3310940886556,1661.0346670499255,1669.849119882148,3649090,-0.6346717523424861,0
2024-10-03,1638.949462890625,1660.0552276177916,1630.6737191643795,1630.6737191643795,7200276,-1.4864341531770298,0
2024-10-04,1607.0706787109375,1651.9263788050805,1596.5423043193828,1635.6197364369107,8576527,-1.9450742625988449,0
2024-10-07,1627.7845458984375,1635.570597628558,1608.5885318641795,1616.9623093920654,5387707,1.2889207339726427,0
2024-10-08,1623.2794189453125,1644.8748767291975,1617.941825755662,1628.3232687656362,5224335,-0.27676432759339287,0
2024-10-09,1643.503662109375,1669.4573285652077,1626.8052427822563,1632.3876817078933,3414614,1.2458879800991252,0
2024-10-10,1643.503662109375,1663.9237870893628,1630.6737603381684,1651.8284230480383,5047657,0.0,0
2024-10-11,1652.612060546875,1655.4032801494823,1624.454779491234,1643.5037444187114,2367678,0.5542061540532162,0
2024-10-14,1660.6429443359375,1674.7951102478792,1644.7279595317334,1651.2408849161884,2069815,0.48595093674947965,0
2024-10-15,1681.8465576171875,1697.0270040536798,1664.9031728053133,1672.7872589373453,5891334,1.276831564158365,0
2024-10-16,1698.2021484375,1706.3310801535117,1681.6995586587009,1684.539795014516,3299887,0.9724781815699579,0
2024-10-17,1666.0784912109375,1702.1197371736191,1659.467651688099,1700.9445246354699,4373392,-1.8916274046714143,0
2024-10-18,1672.640380859375,1680.7202961560074,1650.4573167706142,1674.7460796655953,4154915,0.3938523714851039,0
2024-10-21,1657.6558837890625,1673.7176803855682,1627.7356647532665,1670.38787153984,3836168,-0.8958588613419582,0
2024-10-22,1657.3619384765625,1677.5862342322007,1652.5629348060213,1657.1170925704498,3070057,-0.017732589458074877,0
2024-10-23,1651.044921875,1666.2742651336275,1645.4623636188348,1655.1582851764588,2764757,-0.3811488881764191,0
2024-10-24,1643.846435546875,1658.0965154413911,1623.2304814964168,1652.2202135555979,3669575,-0.43599578865183286,0
2024-10-25,1631.653076171875,1650.016518655802,1621.7123087298432,1646.4417446081984,3434386,-0.741757813341215,0
2024-10-28,1629.0577392578125,1643.2588019120608,1611.7226968047826,1623.964992196376,2811651,-0.15906180988862761,0
2024-10-29,1603.348876953125,1633.562837277717,1576.8076051498447,1616.4726411800116,6990747,-1.5781430998511037,0
2024-10-30,1599.67626953125,1616.9624149586525,1584.4469254229866,1594.24076197634,4622628,-0.22905853334017623,0
2024-10-31,1579.35400390625,1605.0139265182734,1569.119492884427,1600.3128373142442,4921681,-1.2703986432801795,0
2024-11-01,1583.1246337890625,1592.8205557157842,1572.2534993182333,1586.6014935253534,279441,0.23874507383945254,0
2024-11-04,1558.4442138671875,1590.372096553199,1540.6194794782016,1585.769041276362,6094029,-1.5589688515429523,0
2024-11-05,1545.8592529296875,1561.0397002496277,1533.7148711630005,1550.6092399545469,6473278,-0.8075336175345726,0
2024-11-06,1565.838623046875,1577.5422098100612,1534.2044834191904,1550.364313598837,6631728,1.2924443204853864,0
2024-11-07,1543.312744140625,1575.387557444631,1537.2895110140255,1563.0472282862656,5160994,-1.4385824040039408,0
2024-11-08,1537.534423828125,1546.936483004981,1526.71218661938,1538.6117219378443,3096384,-0.374410198738917,0
2024-11-11,1528.377197265625,1548.9931512908813,1519.8075903593187,1528.8178720850538,3664301,-0.5955786368477156,0
2024-11-12,1523.5782470703125,1562.1169710021709,1518.1426198199647,1536.457166384607,4479934,-0.31398991059917725,0
2024-11-13,1518.4853515625,1540.0808091401138,1514.469902457352,1527.7405989044787,5816699,-0.3342720019536616,0
2024-11-14,1518.5343017578125,1535.6735150959369,1504.871948089745,1518.044609948152,5139154,0.0032236198566071295,0
2024-11-18,1505.3126220703125,1536.6038808689812,1497.918227927031,1536.6038808689812,4816078,-0.8706869296396524,0
2024-11-19,1494.0496826171875,1525.8796496345974,1487.9775521153313,1505.3125940233479,6238241,-0.748212649518254,0
2024-11-21,1493.7069091796875,1510.2585157944457,1479.8486074428033,1506.2919644255667,7356679,-0.02294257289352508,0
2024-11-22,1536.94677734375,1542.5292162095182,1488.858945500254,1501.3951037772642,7640321,2.894802715199929,0
2024-11-25,1546.201904296875,1576.0731049816286,1530.3359373284065,1549.3358840882354,12155641,0.6021761514162671,0
2024-11-26,1544.73291015625,1571.763875828849,1533.71484375,1557.2200520833335,4030593,-0.09500661825229129,0
2024-11-27,1545.1246337890625,1551.0988501218922,1522.109118096646,1536.799872793933,4982785,0.025358664286678767,0
2024-11-28,1528.230224609375,1555.750880421554,1524.8512793880643,1538.6116670709862,6714728,-1.0934010635930247,0
2024-11-29,1593.6041259765625,1614.9057203101715,1519.1709687648715,1519.1709687648715,10775801,4.277752155039161,0
2024-12-02,1609.71484375,1612.2612171719022,1583.8590930771338,1593.6040315246044,3790108,1.0109610982316442,0
2024-12-03,1587.1402587890625,1618.8232966936391,1579.8927956995556,1618.8232966936391,9131055,-1.4023965206376277,0
2024-12-04,1551.4415283203125,1596.8849510212226,1549.7766240309302,1596.1504133252606,8772014,-2.2492486263304134,1
2024-12-05,1582.04736328125,1588.6093055023152,1552.6658536296206,1567.0138480869002,10324005,1.9727353175903017,0
2024-12-06,1564.908203125,1591.155733804408,1561.92115460658,1584.6428083636251,4296866,-1.0833531633782756,0
2024-12-09,1569.51123046875,1572.792141606452,1556.289551915358,1562.9983056409765,4264409,0.2941404060990971,0
2024-12-10,1546.10400390625,1578.6194928635823,1537.6813285309088,1577.346365866492,14645786,-1.4913704411983808,0
2024-12-11,1553.3023681640625,1555.261135337031,1538.807443262631,1555.261135337031,3853182,0.46558085611483335,0
2024-12-12,1577.3463134765625,1584.5447590654203,1545.9570211024627,1545.9570211024627,13120939,1.5479243323963443,0
2024-12-13,1647.078369140625,1650.261365840317,1573.6736161491926,1584.6426646466664,12900707,4.420846269984247,0
2024-12-16,1628.2742919921875,1652.220173778838,1625.9237473837254,1647.0784097525554,4375126,-1.141662564498902,0
2024-12-17,1581.9984130859375,1624.4546692062916,1575.3385566321442,1616.4726687729897,6182486,-2.8420198693692833,1
2024-12-18,1568.874755859375,1589.539727793647,1563.1942826397521,1587.9727378014427,3905144,-0.8295619716180869,0
2024-12-19,1567.3076171875,1576.5627443522937,1552.7636751375935,1553.6941612863984,5865855,-0.09988934209197442,0
2024-12-20,1545.5653076171875,1588.8541364962953,1540.9622523031237,1576.8076698307793,9738879,-1.3872394501169172,0
2024-12-23,1554.183837890625,1574.310098868295,1545.8100604015522,1553.3023687517234,4363599,0.5576296408156711,0
2024-12-24,1551.2457275390625,1565.8385672740658,1542.5291894782622,1557.2199436637693,3610076,-0.18904522617801955,0
2024-12-26,1566.524169921875,1573.722615938572,1548.503486600974,1551.2458086805107,3400479,0.9849143892277201,0
2024-12-27,1566.866943359375,1594.877292461064,1563.3902030568186,1566.524182984992,2559578,0.021881145792801426,0
2024-12-30,1554.183837890625,1579.7947425976101,1548.5033652654029,1571.9106569019648,4438130,-0.8094564457118092,0
2024-12-31,1555.016357421875,1564.2714848972985,1531.1193729562094,1550.3642851826976,2249626,0.053566348520250884,0
2025-01-01,1562.802490234375,1573.4288988044955,1551.3927660061897,1560.158202120047,1405565,0.5007106693982966,0
2025-01-02,1576.5137939453125,1586.2097158702666,1555.6529941923711,1566.915906027072,3728040,0.877353587328944,0
2025-01-03,1565.8875732421875,1583.6634109492913,1560.4520655490544,1581.7046435888099,3669685,-0.6740328403047058,0
2025-01-06,1555.701904296875,1576.660738227019,1534.7920873704866,1563.2432301014803,4584188,-0.6504725575044334,0
2025-01-07,1558.0523681640625,1569.9519027538083,1551.3926314503917,1561.1374503989834,2830856,0.15108703413524438,0
2025-01-08,1566.230224609375,1580.186441081448,1545.3204084022998,1565.7895498054065,3674564,0.524876866298718,0
2025-01-09,1573.9185791015625,1586.7973787551834,1559.5705843851574,1567.0138763872626,4684859,0.4908827815594652,0
2025-01-10,1582.5860595703125,1591.4984268499386,1558.9829375813024,1574.84890484597,4145892,0.5506943360245264,0
2025-01-13,1564.271484375,1581.4106978820362,1545.5652809723395,1547.4261337781222,3705039,-1.1572561937191028,0
2025-01-14,1567.1116943359375,1599.7252164512684,1545.957032218217,1571.6168350423754,7284572,0.18156758525023076,0
2025-01-15,1574.3101806640625,1580.5782598563335,1560.1581349201829,1574.89790648964,2960985,0.45934736841941604,0
2025-01-16,1596.5911865234375,1601.2922758887987,1567.552556796279,1585.6711544133693,5299325,1.4152869068010832,0
2025-01-17,1593.9468994140625,1605.209811452933,1589.5396729640697,1596.493273007769,2678801,-0.1656208008471438,0
2025-01-20,1607.3155517578125,1611.086155018398,1584.740710092469,1604.2304692523621,3933044,0.838713783292544,0
2025-01-21,1592.624755859375,1622.5448548131687,1586.895385383429,1619.900566763861,7958844,-0.9139957541237753,0
2025-01-22,1598.1092529296875,1607.168551590389,1589.0989712724024,1593.9468724639598,3262136,0.34436844273171285,0
2025-01-23,1602.271728515625,1611.4779591794445,1583.8592671879856,1591.008815998553,2457080,0.26046251708429224,0
2025-01-24,1610.8902587890625,1627.6376951212437,1600.3618846597449,1600.3618846597449,3620058,0.5378944232774963,0
2025-01-27,1569.5601806640625,1613.2406666273066,1560.8436424511233,1605.1607516842503,6622807,-2.565666897512231,1
2025-01-28,1584.9854736328125,1596.6891797430176,1564.075657043929,1574.5061166137216,5216471,0.9827780520160534,0
2025-01-29,1567.4544677734375,1593.3592362705992,1560.3050390752305,1586.601465377702,5009227,-1.1060672890076173,0
2025-01-30,1606.9237060546875,1611.037069517956,1562.3127334666256,1573.5756453176868,4283637,2.5180468774519404,0
2025-01-31,1592.7716064453125,1605.3076448713791,1541.7946419255927,1605.3076448713791,8340866,-0.8806951789964712,0
2025-02-01,1589.7845458984375,1610.1067570965847,1576.024157482561,1593.457234669187,2741589,-0.18753853564362766,0
2025-02-03,1618.2845458984375,1626.7562383593265,1574.9468195002435,1586.503594361229,4146970,1.7926957507247376,0
2025-02-04,1627.1968994140625,1633.9057729850488,1595.4649651491256,1627.8825396936547,6385876,0.5507284573787352,0
2025-02-05,1626.217529296875,1640.6634380941864,1615.1015488110334,1635.5706909498217,3920893,-0.060187560432312104,0
2025-02-06,1586.3565673828125,1632.926304834808,1579.990574057924,1631.5551439002536,5229162,-2.451145753624806,1
2025-02-07,1642.1815185546875,1672.3465824915468,1601.292251580089,1601.3412685835613,14873255,3.51906704455327,0
2025-02-10,1658.1455078125,1664.9521762409597,1643.4547533162563,1663.8258611521812,6782878,0.9721208695530059,0
2025-02-11,1661.7691650390625,1671.4650868333297,1651.4366199780725,1670.828463566607,8965266,0.21853674538749868,0
2025-02-12,1676.26416015625,1678.369739393697,1649.771784188566,1668.8697656618085,7148192,0.8722628522744857,0
2025-02-13,1679.2510986328125,1692.766640150242,1668.7717419218989,1674.7459579782233,5356002,0.1781902010172587,0
2025-02-14,1681.6507568359375,1688.555339888717,1670.093981856629,1678.663588859265,5125863,0.1429004992212768,0
2025-02-17,1641.0062255859375,1681.5037132090663,1631.8979103578247,1676.4598637989536,4906462,-2.416942464704952,1
2025-02-18,1634.493408203125,1660.985664378593,1621.6635062140265,1657.1171467569811,7529598,-0.3968795048591045,0
2025-02-19,1611.281982421875,1638.949571380284,1604.671142582255,1635.570745505947,7776555,-1.420099075637593,0
2025-02-20,1609.616943359375,1615.7871078484175,1593.7019598914164,1606.0421693158396,5524503,-0.10333629250898202,0
2025-02-21,1605.45458984375,1624.5035533216353,1595.611736697941,1609.6169702047907,5447583,-0.25859279953514,0
2025-02-24,1568.2869873046875,1603.7896423701136,1565.0549736427845,1593.4570976951254,4673190,-2.315082766849219,1
2025-02-25,1607.560302734375,1615.1505258127734,1564.0756459615916,1564.0756459615916,6286808,2.5042173879912033,0
2025-02-27,1616.3748779296875,1621.859402723816,1604.8671194864478,1609.5191920486086,7568745,0.5483200338002536,0
2025-02-28,1537.8282470703125,1614.4650220513863,1527.3488892394184,1608.0990279635016,13640211,-4.859431554639137,1
2025-03-03,1562.9005126953125,1569.7071813990185,1540.3256712184098,1546.4468191727033,6993525,1.6303683894976384,0
2025-03-04,1542.8720703125,1557.7097571092486,1535.673624110218,1556.2406815759798,5219668,-1.2814918301019884,0
2025-03-05,1584.8875732421875,1592.5757108948412,1544.5859126010873,1545.467381786604,6295425,2.7232006942207176,0
2025-03-06,1593.3592529296875,1598.1092396285444,1557.6606478532499,1584.642714704449,5174009,0.534528747056151,0
2025-03-07,1597.0809326171875,1608.5397935019837,1582.2922628352603,1595.416028168622,3035558,0.2335744233861181,0
2025-03-10,1597.32568359375,1620.7819932654293,1593.0653887138053,1606.1891532670866,3778450,0.015324895035928598,0
2025-03-11,1628.6658935546875,1641.838674575503,1590.567967537595,1596.3952520780103,6078564,1.9620425742123304,0
2025-03-12,1608.9803466796875,1681.2589052292008,1600.3128256047398,1655.1583080000062,9907628,-1.2086915402909848,0
2025-03-13,1598.84375,1622.7407340944999,1596.0035136084095,1616.766517959291,8317331,-0.6300012738257199,0
2025-03-17,1605.356689453125,1614.4159879653216,1578.9622290826883,1578.9622290826883,6405522,0.4073530920782664,0
2025-03-18,1605.356689453125,1605.356689453125,1605.356689453125,1605.356689453125,0,0.0,0
2025-03-19,1603.3978271484375,1608.1968305270643,1593.9467518366469,1601.2921285732214,6283464,-0.12202037824720069,0
2025-03-20,1670.0938720703125,1674.4031837905209,1612.1633086299164,1625.7767644842215,12074465,4.159669159617763,0
2025-03-21,1690.2203369140625,1695.7048613976497,1657.1171219983034,1674.4032671875652,14715349,1.2051097953434509,0
2025-03-24,1683.3646240234375,1704.1275090711138,1679.4959869689217,1704.1275090711138,4120999,-0.4056106024106776,0
2025-03-25,1694.8233642578125,1704.6172005147198,1670.9263798802256,1689.4367543165135,4857399,0.6807045883492124,0
2025-03-26,1702.70751953125,1728.61216966309,1690.5631381679254,1703.295125819835,7142394,0.4651903814702374,0
2025-03-27,1689.142822265625,1710.395517805376,1677.9289280319506,1704.0784219460495,6222339,-0.7966545698558591,0
2025-03-28,1697.6636962890625,1709.7590608367752,1625.776910204237,1697.5657818317122,4133264,0.5044495889346079,0
2025-04-01,1688.6043701171875,1728.612168926364,1673.2279748426943,1679.6429856706595,6773056,-0.5336349120074746,0
2025-04-02,1718.426513671875,1724.1069866147252,1681.552695654231,1684.5398635826323,6431226,1.7660823389091362,0
2025-04-03,1710.00390625,1718.7693423695034,1699.6713605986702,1711.962673611111,2341989,-0.4901348620301449,0
2025-04-04,1707.50634765625,1734.292585669951,1704.1275219428298,1718.3285846256867,7817334,-0.14605572447066173,0
2025-04-07,1651.87744140625,1738.161116236426,1634.9830736051072,1694.333698317519,14870388,-3.2579033352559517,1
2025-04-08,1684.9315185546875,1706.380042658806,1671.611925906969,1685.2252618936348,7206935,2.001000577881751,0
2025-04-09,1680.181640625,1691.2486039536727,1676.3130035396634,1684.1970896124594,5600666,-0.28190332232386206,0
2025-04-11,1720.38525390625,1730.5708675296646,1696.6352009704297,1723.7151821461289,8340002,2.392813509514058,0
2025-04-15,1761.71533203125,1782.4782172903078,1744.380169944084,1770.9214425655305,10313411,2.4023734236943373,0
2025-04-16,1785.0245361328125,1788.8441561064058,1757.112103365754,1765.2410351158712,6180958,1.3230970791794805,0
2025-04-17,1850.153564453125,1858.5762396371617,1788.0606193088586,1796.1895511403925,10894325,3.648634906801451,0
2025-04-21,1844.5711669921875,1865.040308929045,1830.0762413340394,1859.2619215563914,3501123,-0.3017261684755135,0
2025-04-22,1814.0142822265625,1849.0762634330401,1798.9318702122537,1849.0762634330401,6155127,-1.6565847559816271,0
2025-04-23,1842.8082275390625,1847.0196249997905,1798.2462720538554,1828.5092503490482,6855027,1.5873053257969838,0
2025-04-24,1807.5504150390625,1839.0866398565374,1801.5761987690448,1835.8546260356482,5180688,-1.913265415961607,0
2025-04-25,1779.73583984375,1823.3184102823932,1768.7667912851523,1808.6276562019516,4570083,-1.538799414051828,0
2025-04-28,1784.2412109375,1800.9886477190944,1776.0143642305343,1798.1484111763282,3301891,0.253148303972206,0
2025-04-29,1786.199951171875,1809.7051588045153,1780.1277008012419,1786.1019171638043,4684155,0.10978001305921303,0
2025-04-30,1826.060791015625,1838.2051720240217,1789.3339046315616,1799.127741000645,9139821,2.2316000970439287,0
2025-05-02,1810.0968017578125,1844.767006641983,1794.3287490111354,1813.8185074238856,3866806,-0.8742309859757547,0
2025-05-05,1827.5299072265625,1834.875284667184,1811.0762139381034,1829.4886745440615,3548839,0.963103489924988,0
2025-05-06,1861.808349609375,1872.5815699385191,1843.7876662389815,1849.3702248690129,8597920,1.8756706660321143,0
2025-05-07,1857.6949462890625,1877.4784481033216,1846.6278632753329,1861.808309777994,5554616,-0.2209359154058732,0
2025-05-08,1836.246337890625,1866.509315079921,1824.0040428750249,1857.8906915674736,5500724,-1.1545818349392278,0
2025-05-09,1810.292724609375,1832.5246851767095,1798.638035508037,1816.7566326530948,3686209,-1.4134058565946073,0
2025-05-12,1832.23095703125,1844.5711669541938,1815.7772640982137,1830.3701042090893,3936019,1.2118610500745808,0
2025-05-13,1783.0657958984375,1844.8648784525835,1779.1482614157194,1831.4473706707397,8817763,-2.683349549582681,1
2025-05-14,1796.385498046875,1832.1330023671208,1782.6741265267808,1792.2721344123156,7401614,0.7470112532625972,0
2025-05-15,1828.705078125,1831.3494856755672,1787.3751364890218,1811.7618129469204,8788351,1.7991450116505936,0
2025-05-16,1776.601806640625,1796.1894781581623,1772.7821867839734,1796.1894781581623,100662047,-2.8491894131883355,1
2025-05-19,1780.813232421875,1790.9987261315525,1771.7049171985607,1784.4369038893187,5799804,0.2370495045940224,0
2025-05-20,1771.6070556640625,1787.2771935976427,1762.4008257173512,1772.4885248335593,12512596,-0.5169647546526934,0
2025-05-21,1784.9266357421875,1788.8441701964914,1768.0812854101466,1775.622491413216,6849562,0.7518360256886902,0
2025-05-22,1793.6431884765625,1798.83384993875,1778.8545197014028,1782.380276828366,6496923,0.48834235311585594,0
2025-05-23,1793.9368896484375,1803.8287596367545,1783.9472247646597,1787.375067359596,3460945,0.016374559542375877,0
2025-05-26,1809.3133544921875,1811.8597280370739,1793.1535244853703,1796.189589848645,3254715,0.8571352165439583,0
2025-05-27,1805.78759765625,1819.3030201141573,1795.895727279977,1805.9834265621762,5847725,-0.19486712056724365,0
2025-05-28,1817.8338623046875,1828.5091673747042,1807.0606427861435,1809.900879115401,3713699,0.6670920026293548,0
2025-05-29,1825.1793212890625,1828.5092495642944,1812.3494195601106,1819.6947968347397,5786774,0.40407757478244655,0
2025-05-30,1817.9317626953125,1828.5091532350082,1805.0039471944938,1815.7771666297294,16712960,-0.3970874811704106,0
2025-06-02,1815.8751220703125,1820.6741256559856,1793.7410764598912,1805.983371549025,3199499,-0.11313079331155551,0
2025-06-03,1803.339111328125,1830.9576816519302,1794.2307958204526,1828.5092225964984,5596977,-0.6903564341965818,0
2025-06-04,1836.736083984375,1845.7463655607316,1811.8597158666082,1816.7566340175993,5892170,1.8519518845046212,0
2025-06-05,1840.06591796875,1850.0555826635211,1830.0761337203191,1845.158664763406,8999675,0.18129082416411535,0
2025-06-06,1831.643310546875,1843.1021713352804,1828.8031935177623,1833.5041634496422,4644174,-0.45773400504981465,0
2025-06-09,1826.6484375,1836.3443596295779,1810.5865215903727,1835.3649759711088,3649505,-0.2726990030271548,0
2025-06-10,1818.813232421875,1836.9318287506421,1812.1534957737676,1828.1173764825933,7925901,-0.4289388651517734,0
2025-06-11,1821.849365234375,1828.0195298724475,1809.70510396843,1819.5968546367014,8907265,0.1669293338303346,0
2025-06-12,1806.17919921875,1844.1793309710038,1793.838989688041,1833.30819684999,7346031,-0.8601241307131358,0
2025-06-13,1802.4576416015625,1806.5710049919535,1777.581273695314,1777.581273695314,4613000,-0.20604586847181583,0
2025-06-16,1822.9267578125,1831.447347382601,1800.8906266274153,1804.1225208023632,5722187,1.1356225932027897,0
2025-06-17,1816.560791015625,1840.2618268610227,1809.509157200723,1840.2618268610227,6561555,-0.3492168168354737,0
2025-06-18,1827.4320068359375,1832.4268396232678,1805.1020114231221,1809.5092379214143,5069427,0.5984504275375446,0
2025-06-19,1838.3031005859375,1840.2618678747876,1825.66902766212,1833.406182363812,4712312,0.5948836240874611,0
2025-06-20,1896.772216796875,1908.8186831936525,1835.3649113929732,1841.2412131370274,16228526,3.1806025998814436,0
2025-06-23,1896.3804931640625,1908.8186169357662,1887.3700924037444,1890.210328725515,2946463,-0.020652117810648907,0
2025-06-24,1893.7362060546875,1922.5301093411883,1889.3289796196211,1910.6795910598546,6837210,-0.1394386368614775,0
2025-06-25,1925.076416015625,1929.3857278464209,1898.045452064144,1901.9629865369286,4152765,1.6549406332696082,0
2025-06-26,1972.7725830078125,1976.7880321617974,1925.7621666403675,1929.3858384138896,9413241,2.4776246072820918,0
2025-06-27,1985.3084716796875,1996.9631604305985,1967.1898750794098,1968.5610360301632,6405854,0.635445199302298,0
2025-06-30,1968.1693115234375,1982.174545201148,1958.963081525383,1976.3961578951812,5597484,-0.8632996030964013,0
2025-07-01,1977.767333984375,1988.9323313203035,1965.5250385620116,1967.5817202822354,3769165,0.48766243862974346,0
2025-07-02,1991.3807373046875,2003.6230324006106,1976.6899831895798,1995.0044088316156,6513288,0.6883217801401997,0
2025-07-03,1977.66943359375,2002.7416308862903,1971.4013543821982,1999.7055655106897,5558647,-0.6885325068221593,0
2025-07-04,1975.6126708984375,1994.5148233556847,1963.7621525245636,1985.2106785867777,2178315,-0.10399931658826578,0
2025-07-07,1991.9683837890625,1994.0250654959825,1969.1486974479224,1976.3961602018137,4165432,0.8278805421503499,0
2025-07-08,1988.148681640625,1993.0455995757004,1973.26209893946,1984.2311472925646,3624619,-0.19175515934504173,0
2025-07-09,1978.06103515625,1998.6280910271873,1957.2981503841977,1993.0456522551126,2937734,-0.5073889381376984,0
2025-07-10,1923.9991455078125,1986.7776124227605,1921.844549338382,1986.7776124227605,5695845,-2.733074899489496,1
2025-07-11,1882.27734375,1918.7103654420487,1874.736018381942,1901.9629299796338,13103980,-2.1684937779325564,1
2025-07-14,1881.2979736328125,1887.7618814562495,1861.02466146163,1875.5195865051714,5269381,-0.05203112710459035,0
2025-07-15,1894.32373046875,1902.9423540574337,1883.5505107597269,1885.1176201785156,4163140,0.6923813780963517,0
2025-07-16,1896.67431640625,1903.9217791883793,1889.0351958145457,1903.9217791883793,4211258,0.1240857568161502,0
2025-07-17,1890.112548828125,1904.8033037241096,1887.8599185892729,1903.6279716002293,6256455,-0.3459617458498654,0
2025-07-18,1877.372802734375,1892.186370351953,1868.287196150176,1891.297532184274,4643961,-0.674020502199657,0
2025-07-21,1885.4708251953125,1896.03790902182,1869.0771679217364,1871.2498968225996,5109654,0.43134866176515185,0
2025-07-22,1883.100830078125,1887.5449005198893,1859.5965870759885,1885.4709045378984,4513541,-0.12569778781604812,0
2025-07-23,1919.640869140625,1924.776190951675,1883.5945217985336,1896.1366273100134,5194282,1.9404186158732628,0
2025-07-24,1912.0364990234375,1945.9102380372574,1909.6663041284937,1919.640869288336,4150685,-0.39613503960205243,0
2025-07-25,1913.814208984375,1928.4301900794749,1901.0745166840238,1912.0365326436295,3896884,0.09297468755671279,0
2025-07-28,1866.805908203125,1906.0124370549743,1861.5717325640553,1906.0124370549743,3575044,-2.4562625024190043,1
2025-07-29,1894.4578857421875,1899.6919407829134,1856.6338604698753,1856.6338604698753,3748040,1.4812454480433113,0
2025-07-30,1908.580078125,1915.098023938185,1898.2105805189387,1909.9627019164334,5044683,0.7454476813180788,0
2025-07-31,1890.507568359375,1902.5558885995397,1872.039914861235,1889.2236775971553,4674966,-0.9469086454774067,0
2025-08-01,1860.9791259765625,1895.840315741839,1854.6586464148972,1890.2112083270038,5192594,-1.5619319846700175,0
2025-08-04,1890.8037109375,1896.0378862849125,1855.1524163208508,1868.4846269252325,3074380,1.602628667061845,0
2025-08-05,1907.7900390625,1913.5178795305437,1888.3348146343578,1896.1366510069379,5167672,0.8983654954102915,0
2025-08-06,1905.716064453125,1940.3799094341891,1897.7167619779266,1906.0123840294045,5461349,-0.10871084170217538,0
2025-08-07,1898.704345703125,1909.2714297675527,1885.3721346386885,1904.1359872478954,4268534,-0.3679309253245,0
2025-08-08,1835.499755859375,1870.262333439792,1832.932094923232,1862.8555496510396,93801105,-3.3288273651864486,1
2025-08-11,1834.314697265625,1842.8077851336448,1822.7600423581562,1839.8450716527227,5266532,-0.06456326621493425,0
2025-08-12,1827.302978515625,1841.820226449231,1824.1426784493622,1834.3147096906787,4645011,-0.38225277050073503,0
2025-08-13,1844.1904296875,1849.227018551301,1828.784343523411,1829.9693807079097,6697206,0.9241735700334264,0
2025-08-14,1850.5108642578125,1859.5964705928338,1843.597866225869,1849.7207591186288,3958631,0.3427213626405967,0
2025-08-18,1868.781005859375,1888.828628628729,1847.0544397398173,1868.9784718755761,7146376,0.9873025851642403,0
2025-08-19,1885.964599609375,1907.7900187292848,1876.3852075604461,1877.4715117278834,5706265,0.9195081551087281,0
2025-08-20,1904.4322509765625,1927.7389062654595,1902.0620560795467,1912.9253388505097,6962619,0.9792151650679148,0
2025-08-21,1905.9136962890625,1916.7769795648605,1903.7409673020275,1906.0124292991263,3376913,0.07778934177051777,0
2025-08-22,1909.2713623046875,1923.4922904951002,1893.5689568285607,1909.962613891984,3271920,0.1761709369192621,0
2025-08-25,1906.70361328125,1915.9868064073212,1889.4211177737689,1915.8880734007598,2451388,-0.1344884270582658,0
2025-08-26,1881.0267333984375,1901.8645812412458,1872.6323785689278,1898.2104956306462,5984656,-1.3466634092450858,0
2025-08-28,1857.7200927734375,1876.1877458749298,1854.8561122867761,1869.472213737456,5494113,-1.239038244974433,0
2025-08-29,1865.324462890625,1876.483944712588,1849.2270046952606,1849.2270046952606,4339042,0.4093388528642494,0
2025-09-01,1876.977783203125,1881.1256545409544,1860.7815915454387,1865.5219814877794,3421488,0.6247342242239773,0
2025-09-02,1863.7442626953125,1893.6677173497806,1854.6586561579597,1880.8292921474092,4423049,-0.7050440674491676,0
2025-09-03,1860.4853515625,1868.5833869365088,1846.7580881867443,1867.4970827599643,3803044,-0.17485827846893676,0
2025-09-04,1857.0289306640625,1879.8418015446011,1853.276111838205,1875.397731091777,5205333,-0.185780602654817,0
2025-09-05,1871.74365234375,1886.952151639917,1852.3871613247754,1863.5467635620546,2620140,0.792379775926566,0
2025-09-08,1864.238037109375,1875.3976394781234,1860.682805031415,1874.4100683146278,2547552,-0.4009958962583715,0
2025-09-09,1870.1634521484375,1880.335483288737,1859.5964889877582,1868.4846294024633,4517793,0.3178464831803396,0
2025-09-10,1867.8922119140625,1881.3231562681335,1859.5965896340658,1880.3355850574942,3566139,-0.12144608171900106,0
2025-09-11,1889.2236328125,1892.1863462983536,1858.7076597975863,1860.5840691159176,4718266,1.1420049166851465,0
2025-09-12,1878.952880859375,1901.0744991418314,1877.9653096909897,1901.0744991418314,3192824,-0.5436493475277415,0
2025-09-15,1880.829345703125,1889.2237008821623,1874.8051855087938,1880.3355601043581,3553258,0.09986758384765704,0
2025-09-16,1915.394287109375,1917.8632150381059,1878.8541537641588,1879.6442589226012,5427586,1.8377500056140583,0
2025-09-17,1917.1719970703125,1925.8625512000215,1908.5800553957365,1914.0116969342262,4234637,0.0928116979830973,0
2025-09-18,1916.974365234375,1925.566306706066,1896.630423335774,1920.3321313076867,5080814,-0.01030850837794306,0
2025-09-19,1938.009765625,1952.2308151523634,1903.8398258870736,1906.2099003473625,11287603,1.0973229883568747,0
2025-09-22,1931.88671875,1941.5649646587653,1919.8383984214852,1929.7141103475217,4469137,-0.3159450991221058,0
2025-09-23,1914.604248046875,1930.701706919165,1906.111159789467,1925.7638508912387,4348633,-0.8945902746465006,0
2025-09-24,1907.0986328125,1913.2216463037748,1894.9515799410397,1902.0620440339374,5237977,-0.39201914662163606,0
2025-09-25,1911.542724609375,1925.7637735089886,1904.8273130131136,1906.0123501909477,7133365,0.23302894356969084,0
2025-09-26,1892.7789306640625,1920.5296571686774,1888.1373942628345,1907.0987130100048,3239306,-0.981604737563313,0
2025-09-29,1878.557861328125,1904.0372461419377,1873.9163249763105,1904.0372461419377,5072608,-0.7513328210467907,0
2025-09-30,1855.0537109375,1883.8907408973337,1851.893410859755,1872.4349394291717,5945625,-1.2511805398428222,0
2025-10-01,1844.387939453125,1853.6711327956514,1832.833404694242,1844.7829920417032,5675393,-0.5749575562954856,0
2025-10-03,1873.126220703125,1876.6815734160555,1825.1302851629223,1828.1917317296138,5828332,1.558147320054637,0
2025-10-06,1879.4466552734375,1883.2982069178736,1864.0405692488132,1869.0771580670203,2809218,0.3374270511220523,0
2025-10-07,1905.0247802734375,1921.8134901047742,1876.3852164435102,1876.3852164435102,5713060,1.3609391321765862,0
2025-10-08,1919.3446044921875,1938.2071900783988,1903.642198487338,1905.024822261605,4957406,0.7516870314250967,0
2025-10-09,1917.86328125,1924.578813669242,1907.2963175714692,1920.8259948667612,3945737,-0.07717859725244747,0
2025-10-10,1915.789306640625,1923.3935563086916,1911.3452364455711,1912.9253261820775,2512581,-0.10813985697787354,0
2025-10-13,1930.6029052734375,1941.4661881486695,1911.9377860408238,1913.8141953753518,3672419,0.7732373586941232,0
2025-10-14,1922.406005859375,1939.5897682426169,1915.0979551270627,1939.5897682426169,4454239,-0.42457718216795115,0
2025-10-15,1944.0338134765625,1951.4405971194756,1927.3438368905747,1932.874211233326,3447352,1.12503849609642,0
2025-10-16,1942.947509765625,1962.2051472416201,1937.6146014308795,1937.9109209979117,3700674,-0.055878848577994855,0
2025-10-17,1986.9931640625,2009.016049042492,1945.8114951160508,1949.0704075960111,6743801,2.2669502946164544,0
2025-10-20,2026.0023193359375,2031.4339609427361,1994.5975069153783,2000.819253704416,7387180,1.963225439270322,0
2025-10-21,2018.1016845703125,2032.9152521105889,2013.1638287235537,2026.2985734971805,240850,-0.3899617828776569,0
2025-10-23,1982.9442138671875,2041.3096470077273,1978.6976095346013,2038.248079880311,8790128,-1.7421060084299222,0
2025-10-24,2004.0782470703125,2007.7322122210348,1981.9566284915368,1983.0429326806875,3236799,1.0657906084966973,0
2025-10-27,2054.246826171875,2067.973968584839,2004.7694155812908,2004.7694155812908,5796831,2.5033243674443373,0
2025-10-28,2064.22119140625,2076.4672184599,2045.9511249374389,2065.998867716355,9891522,0.48554852840942964,0
2025-10-29,2074.4921875,2084.170192507201,2055.7283344436864,2057.110837700071,2742750,0.4975724566974815,0
2025-10-30,2040.618408203125,2062.0486549107854,2033.0141582237939,2044.2723734029337,4222189,-1.6328709021409593,0
2025-10-31,2028.9649658203125,2048.0251375948988,2026.1997183270773,2030.4463225731627,4659723,-0.571074059508947,0
2025-11-03,2048.22265625,2055.135654607642,2021.75570003092,2029.458803564971,2979629,0.9491386373890132,0
2025-11-04,2087.0341796875,2109.0570647665995,2077.355934102712,2080.8124331611193,12263078,1.894887907770637,0
2025-11-06,2068.86279296875,2096.90995947568,2054.6418642513268,2088.7130703636412,9546299,-0.8706798813170824,0
2025-11-07,1976.327392578125,2022.5457719154097,1970.7970180936684,2022.5457719154097,70392750,-4.472766425357754,1
2025-11-10,1994.6962890625,2003.584429555406,1967.4392284417588,1970.2044759274668,7457061,0.9294460297093243,0
2025-11-11,2016.9166259765625,2031.3350202322856,1992.3260800101352,1994.9924739178298,14825625,1.1139709356207783,0
2025-11-12,2048.025146484375,2053.950573521495,2029.359906653702,2034.396616077751,8210277,1.5423800918270558,0
2025-11-13,2065.801513671875,2080.812547903464,2053.160553911391,2073.800695841544,5958875,0.867976021584238,0
2025-11-14,2074.5908203125,2081.7012848981435,2056.0244330954692,2064.0238564457277,6312655,0.4254671410808708,0
2025-11-17,2085.94775390625,2095.625999486105,2074.7881515878325,2085.75028789569,5998770,0.5474300513890862,0
2025-11-18,2122.488037109375,2132.1662833746614,2084.0716127444325,2095.626147902284,10972556,1.7517353027993066,0
2025-11-19,2132.956298828125,2139.276657985165,2120.0190198303203,2128.2159089072215,7419461,0.4932071010872008,0
2025-11-20,2131.474853515625,2142.338136126123,2123.179111222048,2126.339531775546,7452899,-0.06945502415187654,0
2025-11-21,2135.820068359375,2147.4734560986562,2121.8954598702126,2123.3768165886067,6720938,0.20385954057038358,0
2025-11-24,2125.35205078125,2138.8817278396996,2113.7972749931514,2135.227762664242,9686848,-0.49011701562322596,0
2025-11-25,2134.73388671875,2143.720639488166,2112.118362800138,2132.166105295353,7102592,0.4414250304579648,0
2025-11-26,2100.366455078125,2108.3656370532426,2071.4305709903592,2077.849783725252,43174047,-1.60991643288384,0
2025-11-27,2089.3056640625,2110.340737102211,2077.652276033199,2105.501734810856,4444877,-0.5266124389333604,0
2025-11-28,2075.479736328125,2103.032876444822,2070.3441731883636,2091.675807612178,6263457,-0.66174748732033,0
2025-12-01,2063.7275390625,2092.663424153835,2057.209713646303,2088.4168196683736,5058900,-0.5662400388652622,0
2025-12-02,2077.849853515625,2088.5156709469375,2061.1599962868277,2063.8263903680922,6591396,0.6843109948293069,0
2025-12-03,2060.073486328125,2083.6763411431734,2055.728269568397,2073.9983364413933,4357641,-0.8555174069687088,0
2025-12-04,2077.65234375,2082.2938801798505,2048.3215272611046,2068.764202928744,4611819,0.8533121531119514,0
2025-12-05,2082.590087890625,2085.65141378975,2064.02370206231,2066.5914834930163,2938290,0.23765978728245152,0
2025-12-08,2060.27099609375,2088.120455805432,2053.061678088443,2088.120455805432,4327091,-1.071698743149263,0
2025-12-09,2063.7275390625,2074.294502940563,2054.543078455864,2060.863678954721,5139229,0.16777127743405895,0
2025-12-10,2041.3095703125,2070.837851302198,2036.5691805636764,2046.247426070392,3987451,-1.0862852932700617,0
2025-12-11,2027.68115234375,2043.4822916429123,2012.670118230796,2040.3221120043302,3254850,-0.6676311210682129,0
2025-12-12,2057.505615234375,2061.1598213348784,2025.1134747493904,2027.5824025977115,2706420,1.4708655182868124,0
2025-12-15,2043.97607421875,2053.0616810810616,2035.8780385611733,2044.3712473643945,3233614,-0.6575700652016847,0
2025-12-16,2075.87451171875,2080.417435351493,2044.371089167985,2044.371089167985,5756692,1.5606071862750204,0
2025-12-17,2081.800048828125,2101.551472441295,2070.344126689988,2091.280828604945,6412516,0.2854477511007536,0
2025-12-18,2065.9990234375,2090.2933722588573,2062.1475920638436,2072.9120220818895,3760341,-0.7590078307241677,0
2025-12-19,2071.6279296875,2088.712958610383,2056.123111029228,2087.6265339151837,10127415,0.27245444872643354,0
2025-12-22,2120.907958984375,2124.9568561517053,2075.578297236128,2091.6757556638554,7670853,2.378806956146251,0
2025-12-23,2096.5146484375,2137.1039181875285,2092.8606834899415,2130.1909203006003,4110853,-1.1501352731287828,0
2025-12-24,2097.304931640625,2110.637142983157,2084.76282548779,2084.76282548779,3145464,0.037695095701528736,0
2025-12-26,2079.232177734375,2096.6135262076054,2075.6770663009197,2096.6135262076054,1297870,-0.8617132222214607,0
2025-12-29,2055.728271484375,2086.441590619533,2053.55542199624,2079.232272760599,2371034,-1.1304127793756447,0
2025-12-30,2073.701904296875,2076.66461768302,2045.8524466883603,2051.1852343409278,6983390,0.8743194838451096,0
2025-12-31,2079.429931640625,2094.6384310672643,2064.1225786554564,2069.9491520589277,2991434,0.27622231198616287,0
2026-01-01,2084.170166015625,2097.502377228279,2080.8125203749382,2088.5156239634994,2097756,0.22795836026368033,0
2026-01-02,2080.121337890625,2098.5888717406915,2071.9244484291626,2081.800160766766,2927138,-0.1942657174073381,0
2026-01-05,2078.83740234375,2085.8492543951065,2070.4430470373736,2075.973542269958,2642580,-0.06172406981685974,0
2026-01-06,2079.133544921875,2095.4284685411026,2061.5547306144313,2080.614901614532,9119265,0.01424558639320228,0
2026-01-07,2058.2958984375,2077.6523908854297,2051.185433840431,2069.554355063594,4171371,-1.0022274199398717,0
2026-01-08,2040.618408203125,2065.998939690308,2029.4588054797239,2062.0486549107854,5534929,-0.8588410562249238,0
2026-01-09,2001.905517578125,2058.0983419068393,1998.0539658602852,2044.4698113831362,4165409,-1.8971156228610564,0
2026-01-12,2018.595458984375,2023.3358487922794,1976.426218507662,1998.350250124698,4689135,0.8337027526874152,0
2026-01-13,2001.7080078125,2024.422023933682,1989.8571538954727,2021.5581640128967,7388496,-0.8365941326535897,0
2026-01-14,1997.3626708984375,2008.7197392372914,1983.7341406705648,1990.054620204551,4842964,-0.21708145729062434,0
2026-01-15,1997.3626708984375,1997.3626708984375,1997.3626708984375,1997.3626708984375,0,0.0,0
2026-01-16,1991.3385009765625,2004.473125005689,1963.9827076522358,1994.893733023803,7310676,-0.30160621351580374,0
2026-01-19,1985.01806640625,1997.8564917113652,1971.4883894982622,1997.8564917113652,4272071,-0.31739629235375544,0
2026-01-20,1971.1920166015625,1992.918581914806,1952.5268977445612,1992.918581914806,6076838,-0.6965200991706166,0
2026-01-21,1971.290771484375,1982.154054261563,1942.552474793529,1952.4281864091545,7952295,0.005009906796527019,0
2026-01-22,1977.31494140625,1993.807452219183,1965.2666213958255,1983.8330075478484,6722567,0.3055951972696036,0
2026-01-23,1960.032470703125,1986.6968925356227,1955.4896673904352,1984.030498573622,4340925,-0.8740373291689085,0
2026-01-27,1948.873046875,1978.895235722646,1938.3059626126596,1947.5891560827586,10510891,-0.5693489263533302,0
2026-01-28,1933.3680419921875,1970.2044950583875,1914.9005092321872,1970.2044950583875,9426909,-0.79558824561069,0
2026-01-29,1943.44140625,1946.0090672827064,1914.9005742000345,1939.5898544243773,6065044,0.5210267284356584,0
2026-01-30,1944.2313232421875,1949.4654986888927,1901.6670297269297,1901.6670297269297,7683747,0.04064526924492107,0
2026-02-02,1940.972412109375,1945.317749391463,1902.5558692783113,1912.0365284508803,5326225,-0.16761951594206348,0
2026-02-03,1972.4759521484375,2024.5209047467765,1955.4896556401525,2024.5209047467765,6915795,1.6230802582518855,0
2026-02-04,2000.6217041015625,2009.3122579774831,1973.5622302075833,1983.0428892327334,7464725,1.4269249732788092,0
2026-02-05,1967.6368408203125,1997.7577617747622,1960.3287899863135,1986.9932118148427,7708690,-1.6487306527579015,0
2026-02-06,2013.0650634765625,2024.2245451796375,1963.7852388045374,1969.2168801489804,13870403,2.3087706894790117,0
2026-02-09,2012.8675537109375,2029.656263961574,2003.4856273944054,2025.7059791967183,7570161,-0.009811395031811276,0
2026-02-10,1986.302001953125,2031.4339575530587,1983.438021363694,2026.4961015551173,9077763,-1.3197863768451112,0
2026-02-11,1987.0919189453125,1995.8813264331036,1971.8832988786914,1987.8820240993398,7423601,0.03976822212385933,0
2026-02-12,1989.462158203125,2001.8067980529831,1984.1292496773617,1994.1036945654223,7437690,0.11928181254294845,0
2026-02-13,1979.783935546875,1999.041573938394,1967.2418295336483,1988.8696629147487,4808543,-0.48647432756355746,0
2026-02-16,2004.177001953125,2006.942128959951,1970.2045288241784,1985.0180967100746,3455964,1.2321075026559436,0
2026-02-17,1995.1900634765625,2013.1638103736861,1989.1657829559306,2002.7943131900101,4471158,-0.4484104182317483,0
2026-02-18,1996.6715087890625,2003.3869206454656,1989.9559763795341,1994.9925654101178,2182669,0.0742508365302541,0
2026-02-19,1963.884033203125,2006.7446467170569,1950.2556231901685,2006.7446467170569,4712417,-1.6421066480696411,0
2026-02-20,1952.8232421875,1968.9205798155008,1946.5027626325084,1956.4772072700266,5180301,-0.5632099873832508,0
2026-02-23,1972.4759521484375,1975.6361316809398,1959.2424743189804,1969.2169190561328,3728878,1.006374234819285,0
2026-02-24,1916.8756103515625,1972.475914555702,1897.914292411682,1972.475914555702,10006761,-2.8188096152105047,1
2026-02-25,1889.6187744140625,1937.417245015064,1880.335580943736,1930.7017125761574,8285195,-1.4219407764545,0
2026-02-26,1905.6173095703125,1910.9502180102677,1880.8292972612687,1890.2112233962027,10795028,0.8466541173740572,0
2026-02-27,1855.942626953125,1891.1988710006594,1846.8568994707498,1886.2610149406055,13754648,-2.606750178417949,1
2026-03-02,1849.9183349609375,1872.3362736702609,1824.932855779622,1827.1054642116926,11785758,-0.3245947317928377,0
2026-03-04,1882.2119140625,1896.1366434270433,1792.7379903114106,1837.9686774946206,20565585,1.7456759301887947,0
2026-03-05,1883.2982177734375,1905.1235164802192,1873.6199721037467,1895.1490717919385,11398717,0.05771420862983323,0
2026-03-06,1847.5482177734375,1878.4591234760856,1843.894132063681,1876.385248101966,10896859,-1.898265482471817,0
2026-03-09,1843.4990234375,1849.1282513425515,1795.5030895031166,1808.2427814898845,8073518,-0.21916582728310763,0
2026-03-10,1827.4017333984375,1857.6213873596932,1823.5501816904166,1857.4239213451783,11741600,-0.8731922194917474,0
2026-03-11,1784.5411376953125,1824.7352368477207,1777.134353781248,1818.1185581057389,9548404,-2.3454391511064543,1
2026-03-12,1778.9119873046875,1795.206911523239,1768.7399560864042,1775.554221233877,12922735,-0.31543965402192065,0
2026-03-13,1780.98583984375,1793.4292122498375,1754.5188847456875,1758.9629549302274,8970772,0.1165798282243724,0
2026-03-16,1766.5673828125,1782.467254770144,1748.8898345017506,1775.6529894874043,14261268,-0.8095772975103999,0
2026-03-17,1804.2926025390625,1811.6993866217351,1768.8387719527107,1774.6654662083718,7181491,2.1355098080946933,0
2026-03-18,1832.339599609375,1845.770543606319,1804.09508784673,1804.09508784673,6428092,1.5544594613337015,0
2026-03-19,1804.2926025390625,1838.1663432984026,1793.7256388023666,1803.897549944028,7145082,-1.5306658807292983,0
2026-03-20,1823.1551513671875,1837.771253213415,1811.2055640682022,1811.2055640682022,7691633,1.0454262685321014,0
2026-03-23,1773.5791015625,1807.2552546004413,1769.727549860104,1804.2925410683094,6874051,-2.7192446988129504,1
2026-03-24,1779.7020263671875,1804.0951072151279,1758.8642982636834,1793.7256096678125,7535860,0.3452298687604882,0
2026-03-25,1812.0943603515625,1826.2165557226956,1787.6025471628632,1791.4540988288527,12473682,1.8200987302630534,0
2026-03-27,1820.9825439453125,1833.8209694335987,1795.7994785644432,1817.032259179686,24490425,0.490492315865132,0
2026-03-30,1760.2469482421875,1801.8236720590414,1752.4451115750994,1795.404459196129,14240129,-3.3353200394516835,1
2026-04-01,1759.7530517578125,1794.713094488286,1754.4201434509405,1788.4913480380824,10694662,-0.028058363337502,0
2026-04-02,1767.4560546875,1777.035567259756,1725.1880814226272,1743.0630952863276,10857093,0.4377320398446294,0
2026-04-06,1770.5177001953125,1791.7504810506462,1741.4830827290216,1789.577752073109,8183498,0.17322328890116978,0
2026-04-07,1807.5516357421875,1817.1310282677834,1749.9761859187568,1765.8760583054745,10057628,2.0917009495465377,0
2026-04-08,1838.4625244140625,1848.2395034185392,1817.3284765934955,1840.8327194080457,11587604,1.7100971314262248,0
2026-04-09,1836.2899169921875,1846.6594146125253,1823.155171785176,1846.6594146125253,10113053,-0.11817523572135169,0
2026-04-10,1846.758056640625,1851.3008598351064,1836.783612103083,1844.7829143340575,5857988,0.5700700935930669,0
2026-04-13,1847.64697265625,1870.1635235681833,1815.1558562332882,1815.1558562332882,10371983,0.04813386422919397,0
2026-04-15,1832.6357421875,1867.398319138862,1830.561866874802,1857.127555027025,11049107,-0.8124512253100624,0
2026-04-16,1817.7235107421875,1841.7215389139549,1800.5397479015621,1840.338915135399,15871247,-0.8137040603340417,0
2026-04-17,1823.9451904296875,1828.389260627552,1806.958894230423,1814.266944888646,7344787,0.342278660683637,0
2026-04-20,1823.1551513671875,1841.8202709853854,1816.3408860395123,1841.8202709853854,9243641,-0.043314846665643,0
2026-04-21,1831.944580078125,1845.6718438993087,1807.2553000231637,1807.2553000231637,10485373,0.4820998752819383,0
2026-04-22,1806.2677001953125,1834.808531597159,1802.6137350263361,1827.2041611288694,5687058,-1.4016188132567553,0
2026-04-23,1818.3160400390625,1823.056430006809,1789.577742311552,1799.1572552561386,7489947,0.6670295794165559,0
2026-04-24,1791.9478759765625,1827.6979038701402,1784.8374118213812,1822.0687964600484,6306448,-1.4501419710257646,0
2026-04-27,1797.478271484375,1805.675160458021,1791.4541114275748,1793.5279867844245,4413769,0.3086247977385215,0
2026-04-28,1820.8837890625,1828.981824513503,1790.071495928887,1803.304973845387,10558455,1.3021307656084558,0
2026-04-29,1864.6331787109375,1876.7803528231393,1822.4639362375847,1825.03159727464,7713013,2.402645897076283,0
2026-04-30,1863.349365234375,1882.310683817584,1836.8824091819024,1836.8824091819024,12709188,-0.06885072577385021,0
2026-05-01,1863.349365234375,1863.349365234375,1863.349365234375,1863.349365234375,0,0.0,0
2026-05-04,1804.3912353515625,1871.7436605351234,1799.0583269975498,1849.9182415409805,10707858,-3.164094237121051,1
2026-05-05,1783.65234375,1823.0564592606802,1778.6157546741522,1805.280177426069,11407461,-1.1493567024294382,0
2026-05-06,1810.9091796875,1818.6122829219387,1791.2566101348034,1794.416789611275,5507749,1.5281473451375982,0
2026-05-07,1803.8974609375,1820.9824902664523,1798.5645525504826,1812.1930828114023,7914845,-0.3871932854860205,0
2026-05-08,1811.6993408203125,1817.9210875137167,1792.6391687081764,1797.379558622496,4839183,0.4325012952098639,0
2026-05-11,1737.9278564453125,1797.1821288020824,1734.1750376414666,1791.4541675863443,15803791,-4.071949617291204,1
2026-05-12,1734.965087890625,1754.4201918104775,1729.7309124435978,1729.7309124435978,11945399,-0.1704770738152228,0
2026-05-13,1766.9622802734375,1775.652954747063,1718.8676127570984,1718.8676127570984,9825413,1.8442556917219965,0
2026-05-14,1860.09033203125,1865.7194395798856,1774.9617438728374,1797.3795616123573,21279151,5.270517248585582,0
2026-05-15,1881.7181396484375,1899.0006351989316,1857.0288602905885,1859.7939872467946,15807294,1.1627288871271846,0
2026-05-18,1914.01171875,1929.5166589230141,1866.904620727789,1881.1256701194588,13888648,1.7161751497807076,0
2026-05-19,1889.7174072265625,1917.8631851758478,1884.0882998579534,1904.432241563304,8962228,-1.2692875015051452,0
2026-05-20,1881.224365234375,1890.2112388633832,1874.1137804052098,1890.2112388633832,5778742,-0.44943450061415424,0
2026-05-21,1861.8680419921875,1891.4951781578525,1857.423971567338,1887.248573752857,6419014,-1.028921568309371,0
2026-05-22,1848.1407470703125,1873.0274928100464,1846.0668716841888,1867.7934378406026,5099120,-0.7372861347996973,0
2026-05-25,1851.49853515625,1868.9784971860931,1839.9438797770422,1868.9784971860931,5903841,0.18168465206236384,0
2026-05-26,1823.9451904296875,1850.7083446217582,1821.8713151146414,1850.7083446217582,5803034,-1.4881645436590762,0
2026-05-27,1829.1793212890625,1846.1656181947292,1817.5260535063592,1817.5260535063592,8653155,0.2869675518123449,0
2026-05-28,1829.1793212890625,1829.1793212890625,1829.1793212890625,1829.1793212890625,0,0.0,0
2026-05-29,1806.2677001953125,1836.8824069782838,1795.8982027365641,1836.8824069782838,52886264,-1.252562874896468,0
2026-06-01,1788.0963134765625,1819.1060719295247,1781.4796349432352,1807.255218040733,6391656,-1.0060184720562249,0
2026-06-02,1791.651611328125,1802.3174284409706,1755.3090637330802,1762.8145806943191,10791294,0.19883145134671487,0
2026-06-03,1801.4285888671875,1812.686924576928,1782.4672701846632,1807.1565500072857,5832363,0.5456963550974692,0
2026-06-04,1796.293212890625,1807.057762680342,1776.0480040446246,1792.4416612434447,6735759,-0.2850724146546302,0
2026-06-05,1775.8504638671875,1805.0826675045578,1768.443679949568,1802.2186869457869,3926715,-1.138051899140713,0
2026-06-08,1790.7628173828125,1797.478228881691,1748.9885094496947,1753.0375270605523,6324919,0.8397302486354175,0
2026-06-09,1776.6405029296875,1814.1682067158622,1766.9622574162158,1814.1682067158622,10377475,-0.7886200403560251,0
2026-06-10,1753.1363525390625,1785.232416658435,1748.9886017048862,1776.6405954077302,7999362,-1.3229547762682703,0
2026-06-11,1760.4443359375,1773.6778136690402,1746.61833961714,1750.9636768570203,5020731,0.41685196863627816,0
2026-06-12,1799.8485107421875,1802.3174387404622,1761.8270195687587,1761.8270195687587,5910557,2.2383084770302153,0
2026-06-15,1818.3160400390625,1833.9197131758635,1793.4292940912053,1818.118574020875,5307277,1.0260602037701405,0
2026-06-16,1829.9693603515625,1836.0922533252306,1814.365687794883,1817.3284012762938,5957732,0.6408853057386921,0
2026-06-17,1852.38720703125,1854.6586689578253,1818.6123210254714,1829.9693895521034,7653632,1.2250394550529897,0
2026-06-18,1851.49853515625,1855.448819958757,1838.6601095481026,1855.448819958757,4262944,-0.047974412240958664,0
2026-06-19,1887.051025390625,1893.6677039576514,1843.9928262662233,1851.0046779619659,15918432,1.9202008297227513,0
2026-06-22,1892.7789306640625,1900.5807672252354,1877.372844112846,1891.9889460389197,3798060,0.3035373816800746,0
2026-06-23,1877.96533203125,1903.74091572211,1873.1262091379713,1883.890759112051,5155908,-0.7826375490990523,0
2026-06-24,1853.9674072265625,1870.5585305646887,1849.6220699642718,1867.694550058648,8957457,-1.2778683607929442,0
2026-06-25,1827.6978759765625,1865.521899178507,1825.031482097343,1861.5716145852227,8521503,-1.4169359799748538,0
2026-06-26,1827.6978759765625,1827.6978759765625,1827.6978759765625,1827.6978759765625,0,0.0,0
2026-06-29,1818.21728515625,1826.809226800286,1810.316715673802,1814.2670004150261,10940130,-0.5187176143785166,0
2026-06-30,1828.9818115234375,1853.276038257023,1820.2911369839348,1829.9693826959665,7233634,0.5920374014188434,0
2026-07-01,1847.7457275390625,1863.546866844581,1822.661394780927,1822.661394780927,4307333,1.0259214114324955,0
2026-07-02,1851.6959228515625,1860.3865972707272,1827.2041098907312,1837.6724606170815,5282404,0.2137845729326182,0
2026-07-03,1886.656005859375,1889.2236668160383,1861.5716737837074,1866.5095296823379,5087043,1.8880034554471958,0
2026-07-06,1901.7657470703125,1908.6787452356762,1891.7913023994834,1892.9764601311326,2740217,0.800874200914814,0
2026-07-07,1901.8646240234375,1932.1830109860744,1893.1739494302603,1899.5931620913436,5767438,0.005199218319984489,0
2026-07-08,1864.6331787109375,1900.284475304649,1851.7947529725336,1887.2485835453665,6188780,-1.9576285736750298,0
2026-07-09,1907.0986328125,1941.564890223635,1875.2001568461908,1878.360336320119,11145066,2.277415986500886,0
2026-07-10,1896.53173828125,1906.0123975990975,1882.310689027917,1906.0123975990975,6420887,-0.5540822246653532,0
2026-07-13,1878.1629638671875,1893.1739979457682,1873.1262542846123,1890.2112843339596,7862506,-0.9685455847266433,0
2026-07-14,1912.431640625,1916.9744440624643,1861.5717235105217,1861.5717235105217,6964062,1.8245848425874733,0
2026-07-15,1894.4578857421875,1929.417809863854,1892.7789423662703,1929.417809863854,5763065,-0.9398377699366245,0
2026-07-16,1897.914306640625,1911.9377689145142,1893.1739168435556,1904.037199621479,4644787,0.18244907550866163,0
2026-07-17,1885.075927734375,1901.2719987394955,1879.0516470583107,1894.1615344227657,4715613,-0.6764467110727646,0
2026-07-20,1915.98681640625,1918.3570113416981,1877.570273509941,1877.570273509941,6437294,1.6397688929711274,0
2026-07-21,1924.1837158203125,1927.7389479661829,1914.6042030195495,1922.208573455593,5061312,0.42781606553208285,0
2026-07-22,1924.7762451171875,1931.6892434321287,1915.3943188326245,1918.2582993880105,6589708,0.030793800612860522,0
2026-07-23,1907.0,1924.6775487092787,1901.864677946781,1923.7887105126877,5612121,-0.9235486546700034,0
2026-07-24,1898.199951171875,1905.0,1878.0,1900.199951171875,4483600,-0.46146034756816556,0
