Date,Close,High,Low,Open,Volume,Daily_Change_%,Crash_Signal
2020-01-01,1732.311279296875,1735.3079488104775,1715.7176163363363,1726.4520331225906,543035,,0
2020-01-02,1733.65283203125,1746.6682449948014,1726.451784794463,1735.3971308296675,663275,0.07744293709843753,0
2020-01-03,1724.1707763671875,1735.3972299611075,1716.388368550451,1733.5187290256324,1598825,-0.5469408574121926,0
2020-01-06,1713.4364013671875,1725.9152256143461,1709.6793994066547,1724.0813858502008,683129,-0.6225818896326007,0
2020-01-07,1718.1328125,1727.3465638988878,1715.7176124070777,1716.8357808197518,808935,0.27409311072561504,0
2020-01-08,1725.870361328125,1731.8638088486596,1705.3854965238957,1708.5611381292338,1889685,0.4503463743798841,0
2020-01-09,1730.96923828125,1741.9272872380648,1727.346329437488,1736.7837132379273,1544334,0.29543800434703726,0
2020-01-10,1747.9207763671875,1751.0516477680499,1727.927947975192,1736.2023938203283,1003336,0.9793090316711384,0
2020-01-13,1784.462646484375,1787.1462507678905,1750.6045276132493,1754.1826666579366,2040089,2.090590752810595,0
2020-01-14,1796.9412841796875,1802.4425850292193,1773.3255471128473,1785.0439294206583,1610737,0.6992938585684172,0
2020-01-15,1808.4361572265625,1813.221896188821,1786.698919627345,1799.0435425694423,1559491,0.639691076613147,0
2020-01-16,1833.1251220703125,1838.0002922092515,1803.4712767363308,1808.7490529833703,2468958,1.3652107510177869,0
2020-01-17,1843.010009765625,1846.2302038663631,1824.8956808750436,1838.2689318590178,994719,0.5392369334914049,0
2020-01-20,1845.2908935546875,1856.964396045184,1833.7960359238264,1843.1886497663631,829399,0.12375862187272713,0
2020-01-21,1838.626708984375,1856.1596781201574,1835.7194709343073,1842.518022654455,750000,-0.36114547541471476,0
2020-01-22,1835.3167724609375,1845.872325439211,1813.4006726435105,1845.425058095998,983169,-0.18002221480105662,0
2020-01-23,1839.968505859375,1843.502092962331,1820.3782814892045,1835.3617390886857,708017,0.25345670394545383,0
2020-01-24,1854.9964599609375,1859.7375372842193,1833.8408028460851,1840.0577749849156,914993,0.8167506157690241,0
2020-01-27,1843.9490966796875,1850.5685657634642,1839.8341499137184,1848.1085954645641,429312,-0.5955463268907057,0
2020-01-28,1843.2783203125,1847.2141856999426,1827.2660178853598,1844.5305815560687,777052,-0.03637716292685944,0
2020-01-29,1855.44384765625,1865.8205376259614,1844.5753383109486,1844.5753383109486,873433,0.6599940556826667,0
2020-01-30,1841.041748046875,1858.842899234138,1833.303892719726,1856.0697546165957,952768,-0.7762077859466032,0
2020-01-31,1819.7071533203125,1850.1213321149005,1807.0048046786706,1846.319559765577,1930834,-1.1588327504900908,0
2020-02-03,1949.146240234375,1963.9956028444715,1856.0698658273038,1856.0698658273038,4012542,7.113182287484143,0
2020-02-04,1928.2587890625,1971.7330377371716,1914.303962539434,1947.4017413310034,1932121,-1.0716205249619137,0
2020-02-05,1932.4635009765625,1953.6639312776308,1926.738347431958,1938.8145667873828,1514368,0.21805744840435182,0
2020-02-06,1928.974365234375,1964.6216571617417,1908.9816475332075,1937.5619849344714,1302116,-0.18055377193019195,0
2020-02-07,1932.14990234375,1942.929087599347,1915.7353240064135,1936.6673456043216,908152,0.16462308502420697,0
2020-02-10,1931.5684814453125,1958.6281513579916,1924.7699315649077,1932.2841527578114,1389847,-0.03009191459379945,0
2020-02-11,1925.6201171875,1949.7725551233923,1921.1922139110402,1940.2458475166984,777506,-0.30795513153960563,0
2020-02-12,2021.9615478515625,2032.382789498913,1927.7222321171469,1929.60084229885,4753325,5.003137940040614,0
2020-02-13,2042.58056640625,2047.545277960848,1997.5408726553414,2018.0704015458034,2950407,1.019753247859545,0
2020-02-14,2017.2203369140625,2055.282828643408,2009.34838858584,2033.277189651915,1728651,-1.241577928884674,0
2020-02-17,2015.0289306640625,2047.5899060330673,2006.620173540149,2010.9139837319071,1420851,-0.10863494730339873,0
2020-02-18,1998.748046875,2024.2870536900036,1987.7454458767197,2015.0287515042137,1194605,-0.8079727065604447,0
2020-02-19,2050.407958984375,2064.765286934709,2004.87622270027,2012.882265889928,1299800,2.584613512950984,0
2020-02-20,2011.1378173828125,2048.4398739978574,2005.9942424022938,2041.5072294588974,1555224,-1.915235523227976,0
2020-02-24,1981.5284423828125,2023.4374802028028,1977.0112168866185,2000.895249565998,1409245,-1.4722698138376233,0
2020-02-25,1998.03271484375,2039.2706318595913,1991.010530367503,2003.6681085187229,2237493,0.8329061601099585,0
2020-02-26,2000.3585205078125,2017.8019477511862,1970.0786509181376,2002.6843981638362,2896154,0.11640478390486653,0
2020-02-27,2017.130859375,2021.379898949937,1967.9762241812853,2005.5019089593834,2446802,0.838466639616664,0
2020-02-28,1945.388916015625,1994.2751393888254,1927.7218595303698,1960.0146425387848,3837330,-3.5566330774198684,1
2020-03-02,1931.703125,2005.5022458020433,1915.9594435976014,1959.031206745153,1707337,-0.7034989714886919,0
2020-03-03,1938.1431884765625,1958.672931039499,1915.8245952122409,1942.8394948472849,1753148,0.33338784791594467,0
2020-03-04,1946.3734130859375,1954.6030886421327,1925.03867314791,1949.1911100322006,1515878,0.42464481769504125,0
2020-03-05,1984.0780029296875,2020.440751830262,1951.7406602568783,1954.558357259408,2272645,1.9371714384430527,0
2020-03-06,1958.046875,2012.7030313413268,1931.5240090772268,1954.5582771025774,2479414,-1.3120012364055245,0
2020-03-09,1897.7552490234375,1940.7824527970356,1889.2571698974782,1914.304139952937,2485118,-3.079171737222197,1
2020-03-11,1927.72216796875,1940.6481499641513,1848.1085842336138,1848.1085842336138,2861629,1.5790718513745805,0
2020-03-12,1839.118408203125,1899.0969981490698,1817.381282456067,1880.6694976212498,3655780,-4.596293036303423,1
2020-03-13,1818.767578125,1896.4132196652083,1688.9706385616646,1762.233039028519,3667035,-1.1065535523625325,0
2020-03-16,1737.0966796875,1824.1348266466011,1729.9404032248674,1789.0691156581465,2948679,-4.490452734026407,1
2020-03-17,1792.6922607421875,1867.7884030982668,1746.0869167754101,1749.3073289652402,3732382,3.2004885913827774,0
2020-03-18,1720.9058837890625,1846.1407406429378,1707.9797919746813,1819.5283335614893,3910994,-4.0043892934197745,1
2020-03-19,1644.423095703125,1698.7213054424512,1571.9657888359113,1694.5170362532974,5095006,-4.444332999637313,1
2020-03-20,1835.3167724609375,1859.648072253262,1654.8891698873467,1654.8891698873467,4252245,11.608549968473291,0
2020-03-23,1672.5113525390625,1775.69600937432,1654.8890640222473,1744.3425269423687,3574673,-8.870698637138952,1
2020-03-24,1813.9820556640625,1852.536476974179,1726.4518626039126,1766.7059215765428,5788124,8.458579543285683,0
2020-03-25,1867.9229736328125,1913.36539046372,1790.5458135831702,1798.0599286208371,3959038,2.9736191601412054,0
2020-03-26,1963.4139404296875,2012.7028851062978,1842.741308141766,1868.6828119942472,3201540,5.112146921730942,0
2020-03-27,1914.7962646484375,2028.4914921355587,1896.8608005264325,2002.8631607539178,2918646,-2.4761806351751847,1
2020-03-30,1953.9769287109375,1979.6052601078025,1881.072351802313,1899.0971383682172,2809606,2.046205373692511,0
2020-03-31,2056.08740234375,2069.058151673306,1954.557743798605,1999.1056024157954,2809269,5.225776831468321,0
2020-04-01,1949.7723388671875,2079.7034952037775,1930.450521696887,2051.34679082116,2774626,-5.170746309489238,1
2020-04-03,1926.9173583984375,2016.3708318231406,1903.5251440625163,1998.3905963078678,4121436,-1.1721871324745892,0
2020-04-07,2187.0478515625,2200.5554132037055,1985.8670802082222,1985.8670802082222,8510114,13.499826135785643,0
2020-04-08,2201.315673828125,2338.581971756848,2162.4479686950917,2175.5082619005716,9791862,0.6523781478046553,0
2020-04-09,2122.06005859375,2236.3368727934976,2097.6839866803007,2236.292102377587,4770068,-3.6003748202341312,1
2020-04-13,2098.98046875,2167.457129542124,2070.8474019356245,2129.8866799173743,3249551,-1.087603046402208,0
2020-04-15,2225.19970703125,2251.1859822308343,2130.3342639443204,2170.0962853644746,29485531,6.013359350428682,0
2020-04-16,2179.175537109375,2259.728192431409,2165.757519890752,2205.922030741614,5388243,-2.068316375220014,1
2020-04-17,2133.46533203125,2235.2634280305238,2105.7795258034703,2235.2634280305238,4540936,-2.0975916946442297,1
2020-04-20,2090.12451171875,2164.773367853267,2076.2144573501787,2164.773367853267,2985268,-2.031475255856896,1
2020-04-21,2072.99462890625,2127.2035191480886,2041.3281878452224,2042.2227225462939,3227335,-0.8195627923818671,0
2020-04-22,2134.493896484375,2146.8385190774006,2035.6478116973913,2073.4866733531235,2837815,2.966687261055423,0
2020-04-23,2073.083984375,2158.512040689051,2064.6306758841524,2137.043209782902,4095570,-2.8770244885928387,1
2020-04-24,2042.3123779296875,2091.4222484162565,2039.5392328439116,2067.2698101325786,2169013,-1.4843395963328287,0
2020-04-27,2075.722900390625,2083.7289418893683,2042.4462548409642,2061.902383623529,2013715,1.635916367250645,0
2020-04-28,2048.439697265625,2092.0034935766816,2027.9101695321833,2092.0034935766816,2164023,-1.3143952461027286,0
2020-04-29,1996.37744140625,2050.004742910871,1986.7611951891033,2048.4840778852076,3642151,-2.5415566750083385,1
2020-04-30,1963.5032958984375,2032.3824547978359,1932.1945873078018,2032.3824547978359,8448047,-1.6466898906980165,0
2020-05-04,1863.0023193359375,1932.1946551059991,1848.1084062263863,1905.358618229527,8474573,-5.118452144818731,1
2020-05-05,1826.1923828125,1897.3078833922666,1818.6782703459803,1879.5960546637643,4304136,-1.9758395435899523,0
2020-05-06,1798.193359375,1854.3701743755814,1789.069150386475,1833.7511087389312,5127656,-1.5331913384929896,0
2020-05-07,1781.957763671875,1795.3310127892403,1701.4048760962305,1744.4319702087562,185669922,-0.9028837537676138,0
2020-05-08,1869.0855712890625,1876.7338870046424,1821.2727330512162,1856.1148175418903,16100226,4.889442914609443,0
2020-05-11,1832.0069580078125,1893.3273517699708,1821.2277718274127,1863.3156706690788,11158755,-1.9837836132712616,0
2020-05-12,1799.4012451171875,1813.982094607069,1775.651306135017,1806.9600193414278,14881008,-1.7797810618624288,0
2020-05-13,1785.2674560546875,1856.1593242207073,1767.0636984973373,1856.1593242207073,8432979,-0.785471784064451,0
2020-05-14,1794.481201171875,1812.8191607085841,1771.7600001993628,1778.334807755008,8510002,0.5160988671999434,0
2020-05-15,1817.783935546875,1822.7486467926185,1794.4366017993793,1802.4874140706627,5491136,1.2985777928340658,0
2020-05-18,1793.7657470703125,1831.8729042986313,1778.8717221448271,1826.1926306665218,7675561,-1.3212895111946676,0
2020-05-19,1767.1981201171875,1811.2539553350296,1760.533770896504,1805.1710755249755,5963193,-1.4811090576635655,0
2020-05-20,1780.8843994140625,1798.0147608906298,1766.706046148753,1767.1980839160065,3926496,0.7744620787604406,0
2020-05-21,1763.038330078125,1792.1107056516012,1748.99407082188,1788.1747314270447,4261625,-1.002090272777345,0
2020-05-22,1778.24560546875,1784.6415506054016,1751.498995294837,1766.7060856523508,5339946,0.86256067898145,0
2020-05-26,1769.2109375,1806.9602616642321,1766.706196429138,1793.4974695015944,4628932,-0.508066374012961,0
2020-05-27,1787.369873046875,1793.6316163351003,1754.182655458509,1780.1241633668703,4261645,1.0263861228743343,0
2020-05-28,1797.969970703125,1802.4874146017949,1780.1240471749736,1789.069394145702,5500796,0.5930556297326639,0
2020-05-29,1840.370849609375,1849.897555757712,1789.0692028604567,1797.1200142733287,8778345,2.358264019819445,0
2020-06-01,1886.1710205078125,1916.987694550913,1852.7600650261018,1856.1593402674496,6592547,2.4886381409572333,0
2020-06-02,1885.14208984375,1900.885985836275,1869.5772754813245,1898.202382091565,3268728,-0.054551292161486575,0
2020-06-03,1896.860595703125,1922.3548314859777,1865.1046177981682,1891.9406554643288,4895117,0.6216245407976828,0
2020-06-04,1896.9503173828125,1907.5056518241092,1883.2191227775386,1891.940835850609,3264730,0.004730009147269065,0
2020-06-05,1867.4306640625,1903.5697773661207,1865.1047865640799,1899.991638686861,2981853,-1.5561637566259612,0
2020-06-08,1888.9886474609375,1900.438733875845,1858.9324163130682,1884.7843785720902,4298456,1.1544194819816944,0
2020-06-09,1884.3372802734375,1918.5980017750414,1874.0949019917025,1878.5228049248606,3127904,-0.24623584656011666,0
2020-06-10,1896.0555419921875,1905.3586140654756,1874.9444390052756,1892.745589404208,2421659,0.6218770833345433,0
2020-06-11,1884.6951904296875,1912.694171976442,1874.6316744227108,1891.9410093116205,2566927,-0.5991571085815162,0
2020-06-12,1885.008056640625,1895.518838306553,1847.2139693737765,1847.437603026243,2338438,0.01660036129589315,0
2020-06-15,1864.478759765625,1906.8796181183247,1839.8790549762964,1891.806839128223,2830788,-1.0890827125474623,0
2020-06-16,1857.3670654296875,1896.4134146527874,1840.0577329909358,1887.2892051097936,2806772,-0.3814306973833004,0
2020-06-17,1859.0670166015625,1877.628614385507,1844.7992296942905,1857.0543132274,2293301,0.09152478276994724,0
2020-06-18,1847.5272216796875,1864.9706473069634,1837.4189364838935,1851.9103540957963,2326907,-0.6207304426803395,0
2020-06-19,1884.813720703125,1891.3433584883826,1852.6158516240966,1872.4299249034987,4673528,2.018184012982416,0
2020-06-22,1892.06396484375,1908.365411821042,1879.6350927503088,1900.3498062784627,2487234,0.38466634983538306,0
2020-06-23,1941.734375,1956.1896880804632,1892.7847327366715,1904.8532183656444,4308814,2.625197196245521,0
2020-06-24,1918.6326904296875,1960.6023661913232,1913.8592563079976,1956.1893198592802,3023015,-1.1897448419180612,0
2020-06-25,1957.2249755859375,1972.31068978619,1902.1509487124351,1904.2224638925975,8208033,2.0114472847643894,0
2020-06-26,1940.157958984375,1963.3494307958335,1925.657792033842,1963.3494307958335,3176048,-0.8720007569111066,0
2020-06-29,1966.0513916015625,1977.7146317546265,1927.3689604146482,1937.5913089755506,3295039,1.3346043551393239,0
2020-06-30,1963.394775390625,1981.362495528312,1954.3883773383745,1975.823648679284,2373109,-0.13512445413613738,0
2020-07-01,1954.748291015625,1974.0221122697833,1945.4718781347804,1966.0964390382946,1532931,-0.4403844037569993,0
2020-07-02,1937.9515380859375,1961.2780191285055,1931.872219911391,1952.3617737589361,2588838,-0.8592795812580323,0
2020-07-03,1957.720703125,1970.5998963326117,1942.094734414179,1950.3355006893376,1946252,1.0201062642974046,0
2020-07-06,1946.8228759765625,1963.3945586098982,1939.0772865537208,1963.3945586098982,2375516,-0.5566589315341042,0
2020-07-07,1940.1129150390625,1959.3416605201307,1937.8613157969112,1959.3416605201307,2014667,-0.3446621169444719,0
2020-07-08,1968.8433837890625,1976.0034251497727,1913.859288260377,1939.6176706342915,3349938,1.480865805659648,0
2020-07-09,1959.6572265625,1999.3753104164068,1955.3341114802524,1966.0967132772505,3039571,-0.4665763311698101,0
2020-07-10,2002.8427734375,2010.227975607895,1952.0916342184898,1954.3883096187867,3179516,2.203729626264961,0
2020-07-13,2040.174072265625,2048.955309305506,2012.9297214495848,2016.532280235177,4556662,1.8639155965324727,0
2020-07-14,2012.7047119140625,2044.4071876195228,2005.3645857930624,2039.7689807896033,2403256,-1.3464223825302102,0
2020-07-15,2049.09033203125,2063.3655592748332,2012.9748118758127,2014.9561752455786,2474512,1.8077972343287785,0
2020-07-16,2060.52880859375,2063.6359718581493,2015.6318276083514,2049.1806594128248,2495150,0.5582221722339131,0
2020-07-17,2102.5888671875,2107.4973105367662,2054.3595578351983,2057.9621173403893,3088712,2.0412264278146575,0
2020-07-20,2099.346435546875,2110.4694257596293,2072.012147753452,2102.588826992676,2816219,-0.1542113958285296,0
2020-07-21,2087.68310546875,2116.503579746144,2078.676707257064,2114.702300103807,3037810,-0.5555695753991508,0
2020-07-22,2025.0885009765625,2098.4906414389106,2018.5588627145744,2098.4906414389106,6950011,-2.998280932973929,1
2020-07-23,1991.629638671875,2041.8851567671388,1986.4058845661452,2035.445671026498,3936886,-1.6522172877161956,0
2020-07-24,1989.783203125,1999.4200033085456,1952.6318179283885,1981.407210485946,4203314,-0.09270978454137824,0
2020-07-27,2000.7708740234375,2013.785072283959,1967.6723686800383,1997.393475519009,2209409,0.5522044251444536,0
2020-07-28,2019.729736328125,2021.8461078329676,1991.3595839083018,2009.2822271664538,1567837,0.9475778836465221,0
2020-07-29,2009.5970458984375,2037.426719680394,1994.9165774467813,2012.9293682137952,2404978,-0.501685460556156,0
2020-07-30,1985.89990234375,2024.2954890340188,1980.9252034108476,2018.1901767072752,2044966,-1.1791987653969271,0
2020-07-31,1998.833984375,2009.7331418823103,1969.9808182948047,1987.6183876046068,1715659,0.6512957685322007,0
2020-08-03,1993.94970703125,2010.728053334836,1979.5231248283364,1998.7435518069774,1683773,-0.24435632883624825,0
2020-08-04,1987.8895263671875,2006.9741459320826,1967.3576334829017,1998.8337303620474,1981720,-0.30392846131939155,0
2020-08-05,1984.9501953125,1998.8339956615182,1972.739570336766,1991.6886071530403,1715477,-0.14786189150355344,0
2020-08-06,2008.3758544921875,2016.109292308281,1982.6884130314957,1989.8790682271056,1824483,1.1801635746331307,0
2020-08-07,1999.421875,2021.3557735310258,1994.4019076664606,2010.6827395657785,1777905,-0.44583186320229506,0
2020-08-10,1995.9847412109375,2014.074554204806,1988.7940847104576,2006.1602610199884,1476289,-0.17190638114142898,0
2020-08-11,1999.51220703125,2019.727661791695,1995.3064137539093,1998.0651544560944,1665204,0.1767280955350614,0
2020-08-12,1985.447265625,1998.064864448568,1980.8342755582446,1989.9244496175068,1170430,-0.703418631643804,0
2020-08-13,1988.6583251953125,2005.2558173350787,1981.6937911941404,1989.8794759301638,1453227,0.16172978380777359,0
2020-08-14,1966.2723388671875,2004.3514874958082,1958.2677282813738,1993.4975985743508,1341664,-1.1256828809909525,0
2020-08-17,1986.30712890625,1993.181126711894,1961.2978249941993,1972.6944977671535,1559579,1.0189224372959993,0
2020-08-18,2002.8594970703125,2005.0754555933763,1979.930564605559,1993.4979279993843,1339001,0.8333237052407405,0
2020-08-19,1984.0909423828125,2009.3261452772435,1980.834687444143,1995.3065390419083,1585107,-0.9370879342736615,0
2020-08-20,1976.9451904296875,1987.889615739496,1968.3072604663328,1977.2165817921377,1768939,-0.36015244062065355,0
2020-08-21,1991.7337646484375,1997.7485393974084,1978.5281122680144,1988.9750238841048,1374411,0.7480518069160835,0
2020-08-24,1984.814208984375,2000.4166728144237,1981.9198830471519,1995.3063889325879,1665474,-0.3474136848447662,0
2020-08-25,1970.9757080078125,1987.9799559513594,1967.2672079303632,1984.8142386052646,1774886,-0.6972189595339295,0
2020-08-26,1974.322265625,1977.2165915853357,1953.6998343203684,1973.689166324757,2148146,0.1697919260795988,0
2020-08-27,1963.875244140625,1979.0254619135003,1958.2221778074627,1973.6890556241565,2172203,-0.5291446926506627,0
2020-08-28,1946.4185791015625,1973.9602747908127,1940.1324133487672,1970.8850949589573,1939520,-0.8888886955088271,0
2020-08-31,1915.1234130859375,1960.483531966987,1900.0182422020675,1946.4639265480766,3534275,-1.6078332970943188,0
2020-09-01,1955.1920166015625,1967.1765170481342,1910.058024003633,1944.6095207491696,1738003,2.0922204408258205,0
2020-09-02,1937.1024169921875,1976.312177119121,1932.4896469214996,1963.6493073343763,1667810,-0.9252083404482025,0
2020-09-03,1934.8409423828125,1948.6796924679177,1924.801229404796,1947.3682252870876,1590711,-0.11674522676433652,0
2020-09-04,1921.7261962890625,1936.4241710731665,1912.0934580674252,1912.99794882337,1590491,-0.677820373058613,0
2020-09-07,1956.0516357421875,1966.3627411800169,1902.822270817599,1922.9471884768702,2362992,1.7861774231630267,0
2020-09-08,1937.64501953125,1963.965784750765,1927.605085377933,1948.272784255018,1804209,-0.9410087072652118,0
2020-09-09,1928.600341796875,1939.4089617591374,1908.4754232343328,1919.329311897277,2009898,-0.46678713816027395,0
2020-09-10,1930.0927734375,1938.8665105996906,1915.8923124567036,1937.4192370327673,2137794,0.07738418418170578,0
2020-09-11,1953.021240234375,1961.8400231878475,1921.5901932976403,1922.0424385773056,1934110,1.1879463574198779,0
2020-09-14,1920.68603515625,1962.4734620649954,1912.9978640713298,1960.031381296724,2096908,-1.655650456430502,0
2020-09-15,1921.5450439453125,1932.8964453344827,1907.5707081003388,1932.8059079437705,1224058,0.044724060743872585,0
2020-09-16,1938.77587890625,1952.7502165140459,1910.9175202698593,1922.0428004085752,2087841,0.8967177228153433,0
2020-09-17,1924.9371337890625,1940.1778909691513,1919.5554580923465,1931.0877149379949,1741644,-0.7137877703014661,0
2020-09-18,1898.2545166015625,1924.349160645268,1890.3854919718133,1917.5202119522698,4475166,-1.3861552525083143,0
2020-09-21,1843.171142578125,1898.5259277505265,1828.9705727268265,1898.2545363833103,3483963,-2.901790752593758,1
2020-09-22,1833.2218017578125,1858.502272752459,1809.0266754426266,1845.6585489291697,2345687,-0.5397947369334299,0
2020-09-23,1856.512451171875,1863.250862797504,1832.362482965437,1840.638595045107,2410295,1.2704763488918802,0
2020-09-24,1864.0648193359375,1882.2451709695235,1840.6838669332203,1848.7790146380135,3798089,0.40680406744890707,0
2020-09-25,1880.4813232421875,1909.3797552405304,1873.0645441036093,1883.1495264854495,2528873,0.8806831037183827,0
2020-09-28,1866.235595703125,1892.5110931571924,1863.250732404109,1884.0540172804654,1523704,-0.7575575126957945,0
2020-09-29,1839.0103759765625,1871.6173086155154,1831.3674740216334,1867.7732232891335,2298844,-1.4588308029943597,0
2020-09-30,1870.7130126953125,1896.7171220220332,1839.7342041930451,1844.211389286449,2417367,1.7238965659405414,0
2020-10-01,1894.907958984375,1907.4802910036005,1872.295692170719,1890.3855056216437,2131531,1.293354251820955,0
2020-10-05,1909.4249267578125,1920.5049366163034,1883.3302845986555,1899.4302614555734,1646110,0.766104110999577,0
2020-10-06,1913.8116455078125,1935.6099581318251,1906.7115265196255,1916.6156548043632,1679499,0.22974031021207875,0
2020-10-07,1935.0224609375,1944.6551995269078,1911.1890402792355,1920.233948184012,2428544,1.1083021403634152,0
2020-10-08,1954.423583984375,1958.2224008283247,1941.2631998973634,1941.9415679346018,1617365,1.0026303796740077,0
2020-10-09,1935.293212890625,1959.985850293959,1918.515089014919,1944.6547788762355,2001026,-0.9788242042571893,0
2020-10-12,1934.162841796875,1942.4843329694138,1920.5051645988506,1940.3134227763019,1741166,-0.058408260113806953,0
2020-10-13,1933.9815673828125,1947.5941937444643,1924.7558083307651,1933.755444754954,1679160,-0.009372241578897711,0
2020-10-14,1952.0263671875,1958.2222163397241,1927.469534882195,1928.9168082211243,2123033,0.93303887219085,0
2020-10-15,1946.9613037109375,1971.5181354053225,1936.5596617120138,1953.6997145804423,2344437,-0.2594772059283379,0
2020-10-16,1945.1524658203125,1964.4632092431175,1939.273276431197,1964.4632092431175,1640399,-0.09290569294712059,0
2020-10-19,1969.7998046875,1976.3120932788015,1946.554438876218,1947.8659061694173,1605969,1.2671160384742919,0
2020-10-20,1965.548583984375,1997.5674624520477,1928.8714464974362,1973.6889992717051,5855290,-0.21581993728542193,0
2020-10-21,1956.548583984375,1986.939553847279,1931.9917546456302,1980.8342428248736,3954242,-0.4578874352602402,0
2020-10-22,1971.201416015625,1978.3468024788335,1947.5488574687206,1953.699436897602,2632958,0.7489122504390044,0
2020-10-23,1939.0924072265625,1979.8395351680506,1935.610029825047,1979.8395351680506,2805684,-1.6289055257460272,0
2020-10-26,1959.8052978515625,1964.5538742049584,1937.6905435703336,1944.6550780573943,1646050,1.0681744999778031,0
2020-10-27,1968.8050537109375,1979.9303345658695,1946.8711521059936,1950.9866293552218,2334808,0.4592168349193182,0
2020-10-28,1970.3070068359375,1988.1496510350494,1951.8725045196838,1988.1496510350494,1555483,0.07628754925070869,0
2020-10-29,1931.8450927734375,1966.3471129374393,1926.2918939701951,1949.960886996294,1934367,-1.9520772107624484,0
2020-10-30,1885.5992431640625,1929.9330378374939,1882.5950576641214,1928.2943709964,2414313,-2.3938694558051976,1
2020-11-02,1886.236328125,1900.4831497139912,1871.6707966336874,1886.236328125,1486077,0.03378686978408041,0
2020-11-03,1871.3978271484375,1904.261399614468,1859.8364798738073,1904.261399614468,2227402,-0.7866724203807851,0
2020-11-04,1875.35791015625,1898.0709934208069,1866.1633286732545,1866.2088904137431,1479878,0.21161096536308488,0
2020-11-05,1913.8653564453125,1922.6501034812002,1876.4956212998093,1899.8914611577957,2083827,2.05333851637175,0
2020-11-06,1906.400634765625,1933.5289850037823,1898.9814051374049,1916.2779759416285,2127821,-0.3900337949348742,0
2020-11-09,1941.3582763671875,1946.0009073039193,1919.054800865108,1929.9333903840043,2194404,1.8336985922090987,0
2020-11-10,1945.045166015625,1951.9636616008347,1904.8988223637648,1948.1402532179004,2471703,0.18991289208794004,0
2020-11-11,1940.0833740234375,1946.8656280746955,1915.9138706951446,1945.0449364641336,2759942,-0.2550990629359817,0
2020-11-12,1995.56884765625,2006.4018723127103,1932.8914588874602,1938.1259465307442,3010512,2.859953050251862,0
2020-11-13,1989.42431640625,2019.5110678005942,1982.9607722165333,2007.312522776291,2799165,-0.3079087578069073,0
2020-11-14,1991.5635986328125,2000.0298596032349,1986.3746716678463,2000.0298596032349,258276,0.10753272737848985,0
2020-11-17,1982.369140625,2021.2864243140166,1977.2711151472342,2021.2864243140166,2733542,-0.4616703184434745,0
2020-11-18,1940.9482421875,1975.450256850903,1935.303920794595,1975.450256850903,3315051,-2.0894644488079983,1
2020-11-19,1939.7191162109375,1954.8762833395153,1924.9259984644032,1935.2129494093904,2704650,-0.06332605629798538,0
2020-11-20,1930.1607666015625,1949.9607886148083,1912.181436267696,1943.588367736982,2827038,-0.49276977937127153,0
2020-11-23,1938.4901123046875,1948.1398659622732,1907.17430803316,1948.1398659622732,3244576,0.4315363697807717,0
2020-11-24,1963.9344482421875,1967.2571212535813,1932.1176871974308,1940.8570951007105,1989749,1.3125852835663476,0
2020-11-25,1944.3621826171875,1976.3607488624832,1937.2158791245342,1968.1676365917497,1786536,-0.9965844655618783,0
2020-11-26,1961.06689453125,1968.1676362819135,1932.2545386179975,1948.1400285121622,1630887,0.8591358165368712,0
2020-11-27,1946.501220703125,1973.1743953888454,1935.3950471034304,1972.7192225179367,5687861,-0.7427423240249365,0
2020-12-01,1941.8133544921875,1965.4367860012844,1938.672705607004,1965.4367860012844,2226742,-0.24083551353972776,0
2020-12-02,1947.5028076171875,1957.1523397121914,1931.8449043621233,1952.6917342086622,1634682,0.29299690991608784,0
2020-12-03,1936.988037109375,1963.069352162457,1930.023981499036,1959.9742657250542,3469163,-0.5399104158764989,0
2020-12-04,1988.377197265625,1998.5730254949483,1942.313834402958,1949.0503042368719,3712143,2.6530447876663033,0
2020-12-07,2053.876708984375,2057.0175799816566,1990.926382100141,1992.9746602710256,4147649,3.294119033794174,0
2020-12-08,2057.381591796875,2073.949841581219,2039.3111380299108,2056.926418878336,2768211,0.1706471862292558,0
2020-12-09,2086.694580078125,2090.153938538379,2042.133198007935,2057.381490024711,2123890,1.4247715833623609,0
2020-12-10,2139.72216796875,2146.504199496287,2071.0821858975883,2084.6918106915823,3041370,2.5412242115776973,0
2020-12-11,2161.84375,2171.174794715233,2123.83681176966,2154.1058104800504,2611218,1.033853009629282,0
2020-12-14,2158.2021484375,2177.0006989397907,2144.9110118228778,2167.4876304719187,1575632,-0.16844887899507555,0
2020-12-15,2112.0478515625,2152.011943921522,2100.4409424266287,2149.3264682189956,2207176,-2.138553003870136,1
2020-12-16,2133.80517578125,2143.773418692502,2096.526556536479,2109.3625223141976,1748634,1.0301529959491074,0
2020-12-17,2107.723388671875,2132.029573777275,2102.898512137278,2132.029573777275,1912868,-1.222313424177801,0
2020-12-18,2124.24609375,2133.7591617057046,2104.719223261477,2113.822680109494,2229891,0.7839124036354894,0
2020-12-21,2099.2119140625,2139.3126921683047,2062.0244204032692,2132.9402713831228,2003069,-1.1784971506435205,0
2020-12-22,2103.809814453125,2124.1105767150866,2076.499431747113,2102.8994683629244,1764488,0.21902983495014627,0
2020-12-23,2157.838623046875,2164.1654829827935,2096.754320573565,2112.002615317778,1559556,2.5681412940739,0
2020-12-24,2186.877685546875,2193.932863843467,2148.461146240416,2168.8983602103986,2489444,1.3457476471987917,0
2020-12-28,2174.72509765625,2200.6699542081697,2163.02728691323,2189.381754644436,1532477,-0.5557049656202406,0
2020-12-29,2170.53759765625,2187.561020154119,2143.1360993892317,2180.2782535451997,1749013,-0.19255307277746825,0
2020-12-30,2190.838134765625,2198.1662401305193,2162.9814663735006,2175.72630666358,1924886,0.935276916248573,0
2020-12-31,2180.64208984375,2200.305646666921,2172.9952745527266,2181.1883861869846,1709836,-0.46539471629956086,0
2021-01-01,2173.49560546875,2188.4707456128467,2168.4431431155576,2180.6416848266085,830096,-0.32772385749521016,0
2021-01-04,2208.95361328125,2212.139822902715,2185.4666521925546,2189.3811827493946,1614486,1.6313816196952047,0
2021-01-05,2230.84814453125,2236.6742692723315,2189.381845175265,2189.381845175265,2356303,0.9911720698144055,0
2021-01-06,2200.578857421875,2230.3471194224653,2186.2864733927872,2226.523711668218,1641627,-1.3568510785271437,0
2021-01-07,2156.47265625,2214.598100045808,2152.9677361506615,2213.960902460215,2403881,-2.004299960581657,1
2021-01-08,2176.819091796875,2184.8301802415776,2149.144665081449,2175.726721157238,2797948,0.9435053807849592,0
2021-01-11,2211.32080078125,2223.0186095267645,2186.741467192362,2207.5882945575468,2787672,1.584959867101099,0
2021-01-12,2162.890625,2214.962585635855,2159.3403650713763,2211.9583998680314,2036708,-2.190101760185126,1
2021-01-13,2159.658935546875,2183.0092162863457,2152.6037556360247,2168.3525600867197,1702740,-0.1494152970922924,0
2021-01-14,2183.510009765625,2190.292041670276,2140.359484570807,2153.8782088910525,2120413,1.1043907825524446,0
2021-01-15,2140.359619140625,2191.202525256196,2132.7583644214906,2178.0025100438097,2042957,-1.9761938544825663,0
2021-01-18,2123.47216796875,2161.6155584954677,2112.5933605926457,2161.6155584954677,1733797,-0.7890006436701236,0
2021-01-19,2151.283447265625,2168.534676846025,2114.960741129001,2132.0297237594405,1495269,1.3097077379393474,0
2021-01-20,2144.72900390625,2161.115227243087,2135.9442564071746,2145.684911384708,1380562,-0.3046759536827204,0
2021-01-21,2155.380126953125,2184.738778764539,2139.3126126146562,2162.981603222308,1521133,0.4966185950521451,0
2021-01-22,2193.342041015625,2204.8578280539136,2145.6853429905345,2147.5060348386382,2548089,1.7612630638922822,0
2021-01-25,2184.4658203125,2214.2796445764307,2171.174683037396,2203.036785304192,2124424,-0.40468930687230786,0
2021-01-27,2176.91015625,2207.5887680817254,2125.6576385446715,2207.5887680817254,2460297,-0.3458815419423278,0
2021-01-28,2094.159423828125,2195.34449451213,2084.6919162535214,2155.607766337781,3867335,-3.8012929557195596,1
2021-01-29,2060.931396484375,2114.0957149793453,2049.18802668066,2107.5412708504728,4472694,-1.5866999888198174,0
2021-02-01,2047.003662109375,2080.140160447049,2026.611782764935,2072.538684088878,2717591,-0.6757980590115009,0
2021-02-02,2030.4805908203125,2071.036537578086,2007.3123364218372,2067.4407163918872,4215607,-0.8071832793907108,0
2021-02-03,2032.6656494140625,2054.6504109447947,2018.7828763671382,2031.4365937187904,2353429,0.10761287764229355,0
2021-02-04,2044.2723388671875,2056.470882024288,2026.6114994018828,2038.2639685048168,2908003,0.571008294279518,0
2021-02-05,2066.07568359375,2080.140483991258,2040.0852624176844,2044.2729426649837,4036942,1.0665577336258725,0
2021-02-08,2036.1251220703125,2083.508671866316,2030.3445588042052,2082.871474169983,2780672,-1.4496352559234982,0
2021-02-09,2017.553955078125,2052.5567079531966,2012.319466531391,2045.5470894802243,3131481,-0.9120837806521731,0
2021-02-10,2035.07763671875,2040.0845376366444,2014.3672738310956,2020.967279586502,2055520,0.8685607438908116,0
2021-02-11,2060.112548828125,2064.664277835699,2033.7580823247483,2040.9952869963129,1824480,1.2301698794027205,0
2021-02-12,2040.585693359375,2068.533265255399,2031.8918464297722,2064.664295565736,1222094,-0.9478538189507058,0
2021-02-15,2016.5982666015625,2058.974914238881,2014.595549999179,2049.1886954578185,2449407,-1.1755167565799418,0
2021-02-16,1999.21044921875,2029.206298112142,1993.702812818943,2027.3400448193297,2396356,-0.8622350653962885,0
2021-02-17,1969.897216796875,2004.1718700242418,1966.3469570254263,1999.1194063091834,2447956,-1.4662404567428067,0
2021-02-18,1954.3759765625,1974.130436042084,1951.0530810292792,1969.988318186915,3205806,-0.7879213241192895,0
2021-02-19,1985.5552978515625,1997.2986696793498,1957.2434547906118,1959.8833686891405,3364030,1.5953594222900325,0
2021-02-22,1973.265625,2007.3124686742904,1967.803550255308,2007.3124686742904,2678023,-0.6189539452696402,0
2021-02-23,1983.87109375,1995.7967126856597,1975.6324197717306,1989.1055821240104,2062144,0.5374577358281396,0
2021-02-24,1983.5068359375,1992.2915831238927,1962.295736478213,1992.2915831238927,924143,-0.018360961740282455,0
2021-02-25,1969.3511962890625,1989.1056565281292,1966.3470105724298,1981.8228898223053,2099460,-0.7136672983406589,0
2021-02-26,1940.9024658203125,1986.7382354336394,1929.9327564100581,1964.5258907230686,3413194,-1.4445737521249224,0
2021-03-01,1951.2349853515625,1960.8847391713707,1937.215749747761,1943.7701946761308,1229276,0.5323564534131853,0
2021-03-02,1982.687744140625,1988.1042576194423,1948.6408974859942,1968.1677719571032,2095135,1.6119411052582855,0
2021-03-03,1996.8436279296875,2007.3126052359064,1978.6367108753934,2007.3126052359064,2031893,0.7139744435752382,0
2021-03-04,1999.9385986328125,2005.9469698123087,1979.0917687188378,1989.1055725164033,2290915,0.15499314317035662,0
2021-03-05,2003.7620849609375,2011.8185113592417,1980.2295588248996,1988.7413803427967,2129837,0.19118018576864682,0
2021-03-08,1979.5927734375,2017.417691029283,1974.5403091089358,2011.8644919920464,1440724,-1.2061966689976944,0
2021-03-09,2001.3951416015625,2007.312389006798,1968.2130832949877,1980.9123621219012,1711842,1.1013562211688255,0
2021-03-10,2028.114013671875,2036.352465499052,1996.5703978178844,2012.319424874256,2696085,1.3350123378900403,0
2021-03-12,2007.084716796875,2039.083279804492,2002.7605746470688,2035.5330204140207,2038930,-1.0368892839967447,0
2021-03-15,2012.63818359375,2018.6463327693787,1987.55811132194,2008.3140408659344,1632022,0.2766931933863681,0
2021-03-16,2042.8616943359375,2046.0023431374352,2015.7789046993018,2022.1968875342639,2633605,1.5016862438841594,0
2021-03-17,2026.702880859375,2059.202181178154,2020.2848985763123,2051.9194148433066,3703365,-0.7909891071610331,0
2021-03-18,2016.5982666015625,2048.187226030414,2007.3127825342024,2037.3541983272312,2597091,-0.4985740314104592,0
2021-03-19,2104.765380859375,2116.781902850185,1995.0231330378156,2006.4935808145685,5382214,4.37207131028603,0
2021-03-22,2142.2255859375,2145.2297713790863,2095.615927738025,2102.989817253521,2471516,1.7797805598090077,0
2021-03-23,2127.75146484375,2160.205206489579,2124.2009825685304,2151.1473094550515,1970612,-0.675658118769773,0
2021-03-24,2110.7275390625,2140.131526118811,2107.9509403452325,2127.7509584773006,1762743,-0.8000899570523967,0
2021-03-25,2036.489501953125,2113.8233478559378,2031.027426118872,2110.728260450835,2495833,-3.517177643039071,1
2021-03-26,2110.09033203125,2116.553875778666,2047.1855738487836,2052.8296730670504,1929236,3.614103092971366,0
2021-03-30,2183.691650390625,2190.2916564209877,2116.5536580127996,2116.5536580127996,3327203,3.4880648113544854,0
2021-03-31,2213.505859375,2219.9694035922503,2168.125031387122,2172.0851246015836,2709756,1.3653122215786073,0
2021-04-01,2184.010986328125,2227.434442276655,2177.5930031394214,2227.434442276655,1532653,-1.3324958197853176,0
2021-04-05,2160.4326171875,2200.487832555809,2136.1264286758455,2184.829929180494,2545447,-1.0795902258837198,0
2021-04-06,2192.385986328125,2194.84387570776,2164.2108263185673,2168.716993889966,3683538,1.4790264175062573,0
2021-04-07,2189.609130859375,2216.691917115717,2173.314030718697,2200.3056934984343,1713970,-0.12665905940225652,0
2021-04-08,2193.8427734375,2220.333931384517,2180.8250032202686,2190.2925128786997,1814515,0.19335152189758897,0
2021-04-09,2254.016357421875,2260.3887784646668,2206.6783725325627,2206.6783725325627,2604858,2.74283940093345,0
2021-04-12,2241.271728515625,2265.168309699027,2219.059376240406,2222.6096365438257,2261945,-0.5654186521000804,0
2021-04-13,2234.353271484375,2281.2360933796836,2229.2554669210185,2248.5547588623826,1811781,-0.3086844376443354,0
2021-04-15,2240.042236328125,2273.13339406133,2204.0382388256185,2273.13339406133,3352379,0.2546134900131891,0
2021-04-16,2238.44921875,2256.701696653812,2221.2437718769925,2248.4630226396093,1225517,-0.07111551524744408,0
2021-04-19,2218.1943359375,2239.1778542116886,2197.6206511364308,2221.244083723911,1746316,-0.9048622878213286,0
2021-04-20,2182.508544921875,2235.8093372118306,2170.082413361539,2235.8093372118306,1589508,-1.6087765818111999,0
2021-04-22,2138.766357421875,2175.72648621417,2122.9264292265457,2175.72648621417,1721265,-2.0042160935303865,1
2021-04-23,2100.8505859375,2139.3126971955908,2093.7954057658976,2130.2092389096524,1949756,-1.7727869784748052,0
2021-04-26,2149.0078125,2157.337610264979,2103.809230566844,2115.643726454931,1946867,2.2922728005909,0
2021-04-27,2166.48681640625,2172.4949660984917,2141.9983779221666,2151.147398825548,1668456,0.8133522737600485,0
2021-04-28,2190.79248046875,2225.7952280503982,2154.151066182849,2166.62275777503,1951215,1.121893005691943,0
2021-04-29,2191.7490234375,2229.391695553347,2170.4012328614717,2214.871721933615,3151150,0.043661961471830324,0
2021-04-30,2142.725830078125,2223.88304664781,2121.3327097353376,2193.9327670688394,4010778,-2.2367156474187855,1
2021-05-03,2192.11279296875,2198.4852138785427,2130.2092755593335,2132.940313092102,1692239,2.3048661754744515,0
2021-05-04,2191.7939453125,2201.398137816454,2159.522231611724,2193.2050257329197,1453111,-0.014545221271122788,0
2021-05-05,2179.9599609375,2215.782164953898,2156.29096492731,2215.782164953898,1256857,-0.5399223042982126,0
2021-05-06,2175.726318359375,2199.896042204178,2163.9373854781543,2184.829775758368,1377740,-0.19420735490500718,0
2021-05-07,2195.02587890625,2206.6783502889502,2182.2354752059505,2192.841137757421,1169518,0.8870398994588635,0
2021-05-10,2214.780029296875,2227.5704312058065,2199.3952754186134,2205.7676955046772,988495,0.8999506830629445,0
2021-05-11,2186.741455078125,2208.4986280112557,2179.5951525622213,2207.5882823278216,1019077,-1.2659755753555046,0
2021-05-12,2120.14990234375,2174.816214556524,2116.5996424641457,2174.816214556524,2053932,-3.045241246043684,1
2021-05-14,2163.75537109375,2168.8076121723693,2117.464201098281,2120.1041148556205,1388970,2.056716305851558,0
2021-05-17,2163.209228515625,2180.278212433423,2154.33335687837,2171.174754343931,811243,-0.025240495548672914,0
2021-05-18,2161.388671875,2192.431554799734,2154.7431026041804,2186.741893138486,1153722,-0.08415998862367768,0
2021-05-19,2148.188720703125,2166.6232250337694,2133.8507728904015,2148.416307176343,1323590,-0.610716218866092,0
2021-05-20,2133.98681640625,2150.236576300835,2130.208970594392,2148.4158848729767,856235,-0.6611106445166826,0
2021-05-21,2150.46435546875,2154.0146151703243,2130.209161518415,2130.209161518415,771492,0.7721481189958412,0
2021-05-24,2127.068603515625,2148.370607136598,2116.781651137886,2143.8644397074386,1194864,-1.0879395370413047,0
2021-05-25,2133.89599609375,2157.337399116217,2128.3883598651796,2143.8642375887503,1098457,0.32097660446122056,0
2021-05-26,2142.953857421875,2157.7014138593495,2134.9883322509145,2144.546962456067,811095,0.4244752951739983,0
2021-05-27,2117.82861328125,2142.0439031270444,2114.642402630615,2142.0439031270444,3755182,-1.1724584761172774,0
2021-05-28,2113.5498046875,2139.3126353423136,2111.4106254035937,2124.15546663542,1215325,-0.2020375287649312,0
2021-05-31,2130.254638671875,2134.760805730296,2112.1386247089176,2116.5538905428307,1178704,0.7903685991844878,0
2021-06-01,2146.8681640625,2151.146744113652,2121.6516343225567,2136.5812138953625,1141451,0.7798844837151986,0
2021-06-02,2147.32373046875,2160.842232329019,2139.312642929853,2144.7747177628653,1113091,0.021220045733416626,0
2021-06-03,2151.374755859375,2158.4754976951094,2134.7609446695164,2156.609244316454,868532,0.18865461845105624,0
2021-06-04,2132.075439453125,2157.5195602810663,2124.7015495233586,2157.5195602810663,1283795,-0.8970690184816665,0
2021-06-07,2129.57177734375,2142.9538149150476,2122.015863452411,2142.9538149150476,1128300,-0.11742840159619794,0
2021-06-08,2147.505859375,2150.236896924014,2125.7940219593734,2129.572090586953,1106664,0.8421449899951083,0
2021-06-09,2144.774658203125,2159.294628947189,2135.307150989771,2150.236732884457,1072858,-0.1271801499377445,0
2021-06-10,2165.530517578125,2184.7842413165918,2144.0918306851754,2152.057356008812,1944339,0.9677407971795615,0
2021-06-11,2154.33349609375,2174.40666692871,2148.416247953201,2167.5335111765135,1128097,-0.5170567393756875,0
2021-06-14,2168.178955078125,2177.806747553853,2142.504841809517,2162.49379376596,1761632,0.6426794648776379,0
2021-06-15,2193.257080078125,2196.053769525407,2163.961125711883,2163.961125711883,1215463,1.1566446091206606,0
2021-06-16,2207.882080078125,2217.922671873611,2185.646462895791,2186.884411540869,2153668,0.6668164955600631,0
2021-06-17,2216.867919921875,2224.386722529719,2188.167884540964,2198.8043923299633,1555777,0.40698911979175634,0
2021-06-18,2276.652099609375,2289.3058155765816,2205.2231321899267,2218.9771226193857,3937751,2.6967858188685856,0
2021-06-21,2305.489990234375,2318.9229657149617,2262.07313421068,2268.445772163649,2506277,1.2666797280949549,0
2021-06-22,2283.391845703125,2323.4617632469394,2275.506134284379,2308.928513061951,1945883,-0.9585009965280111,0
2021-06-23,2274.451416015625,2305.1686594893295,2254.0037733490876,2287.7469393102137,1035668,-0.3915416315567577,0
2021-06-24,2283.2998046875,2296.733002654792,2268.583214383539,2283.162354330843,759681,0.38903397142575624,0
2021-06-25,2245.247314453125,2283.116682233866,2241.9005994215163,2281.328708122999,1112942,-1.666556890875881,0
2021-06-28,2255.83837890625,2260.2397017995177,2234.840704080824,2246.5774905093435,694906,0.47171037172377694,0
2021-06-29,2285.500244140625,2290.0390154351567,2241.900057152736,2251.069382539864,1354397,1.3148931905643257,0
2021-06-30,2266.015625,2296.9162094731064,2258.405039493917,2285.500443144233,1447245,-0.8525319212097204,0
2021-07-01,2272.158935546875,2277.6605310324608,2258.404946832911,2277.6605310324608,735043,0.27110627478021954,0
2021-07-02,2280.6865234375,2285.6378699825505,2248.3187575634465,2272.1590054005796,860231,0.3753077197732546,0
2021-07-05,2291.460205078125,2304.6180521149117,2278.6231500995195,2291.4143136811067,761700,0.47238765739654465,0
2021-07-06,2267.115966796875,2290.451857860963,2263.9067025364952,2283.162288098774,461782,-1.06238974725813,0
2021-07-07,2275.506103515625,2283.8961726198904,2242.680089663253,2253.8207331981093,623145,0.37007973308944564,0
2021-07-08,2244.238525390625,2264.5943852046325,2235.8943488313953,2257.671499007976,1114426,-1.3740933534167166,0
2021-07-09,2247.814453125,2259.780468729693,2235.8943289239505,2237.3156192738693,538094,0.15933813157194,0
2021-07-12,2241.121337890625,2255.5630302917048,2228.146827595149,2249.2362831649793,543898,-0.2977610196015057,0
2021-07-13,2234.289794921875,2251.5740653165067,2228.1463907975403,2251.069707575293,994396,-0.30482700125374906,0
2021-07-14,2214.2548828125,2238.5535978555085,2208.890737305972,2237.132307486552,1377829,-0.8967015896913066,0
2021-07-15,2211.962646484375,2223.561755375425,2201.555370992328,2223.561755375425,693792,-0.103521791728578,0
2021-07-16,2216.59326171875,2228.146704545799,2206.1403173404083,2218.9773765435525,545405,0.20934418769389396,0
2021-07-19,2208.56982421875,2216.226301689772,2199.2630470016206,2200.684337436786,463873,-0.3619715731599138,0
2021-07-20,2232.639404296875,2255.6545052565084,2203.389339890809,2203.389339890809,1061476,1.0898265390653528,0
2021-07-22,2180.603271484375,2299.667064507989,2178.1734895289983,2246.4849713096382,3546044,-2.3307002784396236,1
2021-07-23,2162.21875,2193.073440967377,2159.101044993088,2184.1333485457476,1517589,-0.8430933643358451,0
2021-07-26,2153.599853515625,2163.961238114295,2143.7887180979756,2161.439673112255,1311535,-0.3986135299388627,0
2021-07-27,2147.8232421875,2163.4569907702407,2138.287230873618,2153.5999634409563,1656945,-0.2682304848180106,0
2021-07-28,2165.24462890625,2171.70904873767,2148.4649408194014,2154.791686439639,912373,0.8111182697234876,0
2021-07-29,2140.808837890625,2174.41433520097,2136.453407125027,2165.245007273395,1012663,-1.128546432555677,0
2021-07-30,2139.47900390625,2160.7976880873966,2125.449889543974,2145.6224079089297,1708251,-0.06211829663806956,0
2021-08-02,2139.020263671875,2157.9089395876395,2131.5014616525714,2147.455998226715,1229936,-0.02144167965834054,0
2021-08-03,2188.5810546875,2194.2201016351596,2132.8773893409325,2136.4533375720525,1733476,2.3169855778059967,0
2021-08-04,2179.640625,2195.8243962318684,2170.883873689006,2188.580718063268,1588974,-0.4085034761838635,0
2021-08-05,2161.852294921875,2192.3862001986304,2158.459688526799,2192.3862001986304,921757,-0.8161129809243217,0
2021-08-06,2174.506103515625,2182.9877317920404,2161.6690445026716,2161.852386287891,1432661,0.5853225321393873,0
2021-08-09,2186.42626953125,2196.054063966175,2177.5779575233714,2181.7957141023435,921476,0.5481780895603361,0
2021-08-10,2183.9501953125,2195.1367286899463,2163.1358692653607,2195.1367286899463,1061370,-0.1132475516442133,0
2021-08-11,2191.881591796875,2196.0536800948353,2165.9782446308295,2191.469016879606,1300594,0.3631674614832603,0
2021-08-12,2193.578125,2213.0170533085425,2179.961584972414,2196.053798497601,1226064,0.07740076879492186,0
2021-08-13,2204.764892578125,2209.487006900315,2189.6355015498284,2201.555627814547,1033159,0.5099780787668484,0
2021-08-16,2224.84521484375,2234.4273397905654,2193.8987389852377,2204.3060137440793,1146309,0.9107693220815172,0
2021-08-17,2277.4775390625,2280.8242539526877,2229.109337990023,2230.8973120253363,1921902,2.3656622882165967,0
2021-08-18,2279.540283203125,2292.331447910366,2250.1525492688156,2278.577459222904,1545643,0.09057143726975969,0
2021-08-20,2401.8134765625,2411.533052936035,2270.3254140949134,2283.162472171379,5779927,5.363940890202712,0
2021-08-23,2415.33837890625,2450.8238563751975,2378.982083933996,2406.94853356205,2163220,0.5631121015736484,0
2021-08-24,2414.283935546875,2437.207254342421,2393.194482254973,2415.200868298697,1482854,-0.04365613400523216,0
2021-08-25,2425.287353515625,2444.9555180943307,2402.959949393669,2413.3672266363424,1746570,0.4557632102314191,0
2021-08-26,2444.9091796875,2473.7009998175936,2412.449852741006,2412.449852741006,2117291,0.8090516013878446,0
2021-08-27,2455.499755859375,2466.5488391115123,2430.880248417264,2447.2932533786716,1176229,0.43316848985075485,0
2021-08-30,2464.440185546875,2480.990866981281,2449.677702120098,2468.016357701591,1168190,0.3640981704912116,0
2021-08-31,2497.81640625,2510.057323226969,2453.3908387601336,2464.6232641041543,2535891,1.3543124681566931,0
2021-09-01,2505.88525390625,2544.4882096216547,2489.472248332538,2516.9802289770964,1775792,0.3230360580569691,0
2021-09-02,2568.374267578125,2576.5807700986857,2503.3636077813917,2519.7309452780028,1946183,2.4936901470035577,0
2021-09-03,2536.87744140625,2575.434502946992,2527.0663071195054,2569.428549498682,1561823,-1.2263331933151322,0
2021-09-06,2549.62255859375,2590.3342714036585,2544.762771648757,2558.2416344128164,1444978,0.5023938870470257,0
2021-09-07,2546.9638671875,2575.3887803425378,2539.9035303049654,2556.958567742195,1219915,-0.10427784290222286,0
2021-09-08,2568.236572265625,2576.5807489327076,2535.4105624530403,2557.2333804552363,946711,0.8352181729855301,0
2021-09-09,2577.1767578125,2589.0968827002084,2550.9067259695657,2550.9067259695657,879454,0.34810599784380614,0
2021-09-13,2554.895751953125,2587.9968911354485,2544.488475311687,2565.1194629493493,1341412,-0.8645509390006745,0
2021-09-14,2533.072265625,2571.0790781240266,2522.5275404472445,2569.2452128757213,1755061,-0.8541830449027787,0
2021-09-15,2544.90087890625,2553.6576311748436,2520.6939445858234,2543.571371231245,1362350,0.4669670676896942,0
2021-09-16,2538.299072265625,2564.9360132896295,2523.398915153978,2523.398915153978,1259196,-0.2594131148818013,0
2021-09-17,2496.1201171875,2551.82378037756,2474.801431275255,2539.9954377382032,3095032,-1.661701551995487,0
2021-09-20,2567.732177734375,2575.6635548150107,2484.93312299439,2494.0565571722427,2671330,2.8689348743186294,0
2021-09-21,2578.8271484375,2621.7855319964838,2564.3395680104672,2576.5807082504507,2277437,0.43209220958997374,0
2021-09-22,2553.198974609375,2603.996954087745,2543.5711817440856,2592.9937622417,1580594,-0.9937918422974978,0
2021-09-23,2551.18212890625,2583.6414599055934,2542.5171588722387,2566.4948616222055,1054473,-0.07899289178719959,0
2021-09-24,2518.492919921875,2549.0727126920774,2504.509697307287,2539.995169194678,1635284,-1.2813357625074628,0
2021-09-27,2484.428955078125,2535.3187159221316,2479.8442919390254,2535.3187159221316,1465932,-1.3525535281158074,0
2021-09-28,2497.587158203125,2525.6451637627124,2484.795768288935,2498.641541235954,1078052,0.5296268624669143,0
2021-09-29,2462.2392578125,2516.475733810821,2454.6286721443216,2489.426220987415,1503894,-1.4152819562083252,0
2021-09-30,2477.368408203125,2480.577672127919,2459.1672075425986,2462.239021129096,1620199,0.6144468025445216,0
2021-10-01,2479.431884765625,2486.721454877842,2457.4713916157807,2481.219858738732,956111,0.08329308453547402,0
2021-10-04,2463.064697265625,2497.724799832768,2457.1046344172723,2475.7184139311576,1025005,-0.6601184569967389,0
2021-10-05,2483.64990234375,2489.426623670192,2462.8814642759608,2463.0648060611325,562784,0.8357557599269594,0
2021-10-06,2462.92724609375,2506.8941264732125,2453.712027228353,2470.2627080585585,862471,-0.834363016721662,0
2021-10-07,2447.66015625,2479.6153516479353,2444.5426744914103,2473.8845220471962,1082816,-0.619875794868241,0
2021-10-08,2420.748046875,2456.0499533089546,2407.3148494611005,2448.6686008279357,1579941,-1.0995035118041674,0
2021-10-11,2425.37890625,2444.0842448033245,2416.576262306945,2422.7196669590294,1086252,0.19129869302085822,0
2021-10-12,2453.849365234375,2464.7609987237042,2406.9483469886904,2406.9483469886904,1174337,1.1738561307270023,0
2021-10-13,2426.891845703125,2469.850236171567,2423.0866641942894,2464.807105860292,1660007,-1.0985808629159766,0
2021-10-14,2429.458984375,2454.399508060635,2402.363579385024,2426.891528144012,2158809,0.10577886593587937,0
2021-10-18,2433.53955078125,2456.3710870149,2423.49918180767,2450.7779314820264,1758177,0.16796193854244912,0
2021-10-19,2335.244140625,2505.0600242932765,2311.128766922109,2448.118416627324,5431133,-4.039195094433278,1
2021-10-20,2272.75537109375,2369.3543300944098,2264.823992002009,2355.6003382401464,4864654,-2.67589878266542,1
2021-10-21,2242.58837890625,2296.9166469018323,2226.3128218274046,2295.449464888535,3254632,-1.3273312460804876,0
2021-10-22,2250.244873046875,2290.7273666050737,2228.146703032254,2254.737754220705,1845622,0.3414132621323507,0
2021-10-25,2251.84912109375,2258.909457673494,2209.807669863553,2250.24448896833,1560381,0.07129215429353408,0
2021-10-26,2248.158935546875,2277.7270467983776,2229.8920521058185,2277.7270467983776,1595060,-0.16387357004996606,0
2021-10-27,2211.025390625,2265.08771171756,2205.9972174927416,2264.9032432622957,3083879,-1.6517313048795668,0
2021-10-28,2204.613525390625,2228.9232711953796,2184.6400273967956,2214.162189929185,2015791,-0.2899950973680343,0
2021-10-29,2207.842529296875,2216.0073425309993,2189.252882525421,2214.1622073582007,2453400,0.14646575778753945,0
2021-11-01,2220.712646484375,2224.2182233118274,2184.8708037349224,2207.7043527236015,1941114,0.5829273155454118,0
2021-11-02,2231.5986328125,2239.994087898703,2216.007330779524,2228.0007093391137,1350154,0.4902023836969027,0
2021-11-03,2224.63330078125,2245.529365215164,2201.430592289004,2245.529365215164,1591607,-0.3121229744827203,0
2021-11-04,2235.242919921875,2241.839187931794,2232.613512261293,2240.916620364744,245719,0.47691541508882995,0
2021-11-08,2243.592041015625,2259.368036962324,2214.2545717250646,2259.368036962324,2555533,0.37352186732535486,0
2021-11-09,2242.900634765625,2256.7853253136295,2229.338933044708,2250.8809814410465,1696949,-0.030816932729316182,0
2021-11-10,2214.30029296875,2232.613347921181,2210.4717279417973,2224.35641385111,1794509,-1.2751497482127006,0
2021-11-11,2192.205322265625,2220.5742790221566,2182.979645271631,2216.6533662997094,1282647,-0.9978308169531047,0
2021-11-12,2218.72900390625,2226.709349145272,2192.2051842187666,2203.0915274333993,1651974,1.2099086418243532,0
2021-11-15,2236.995849609375,2241.8393296425534,2217.944918240035,2217.944918240035,1007999,0.8233022451576977,0
2021-11-16,2220.29736328125,2246.1292576965247,2214.2547253123867,2246.1292576965247,1245209,-0.7464692583600829,0
2021-11-17,2205.997314453125,2223.4339763480716,2202.3532176657022,2217.8523976046927,956809,-0.6440600734215041,0
2021-11-18,2213.608642578125,2220.0206676833723,2186.4852448254173,2204.936597102425,1236943,0.34502889351371024,0
2021-11-22,2203.598876953125,2223.2955599902784,2193.0814712146957,2222.834276192178,1629290,-0.45219220021394113,0
2021-11-23,2208.811279296875,2214.1622163670077,2155.579174392297,2202.9069368143873,1932539,0.23654043384506718,0
2021-11-24,2190.867431640625,2219.697669450403,2183.7175326638003,2219.697669450403,999070,-0.8123757708246582,0
2021-11-25,2167.157470703125,2202.168866154651,2159.7307564591697,2202.168866154651,1363272,-1.082217965134702,0
2021-11-26,2154.287353515625,2181.872030316052,2145.153800572585,2162.498113767791,2450902,-0.5938708820879657,0
2021-11-29,2149.028564453125,2160.8836464815513,2107.78984378461,2153.641401781509,1724612,-0.2441080598611034,0
2021-11-30,2138.0966796875,2178.1821986087184,2123.750707834506,2142.202060639324,3931035,-0.5086895980094597,0
2021-12-01,2163.28271484375,2174.261179127797,2143.3551647008185,2158.808171914308,1263139,1.1779652153022013,0
2021-12-02,2198.755615234375,2203.0916383194954,2163.421227746741,2174.4920399996026,1673117,1.6397718221119018,0
2021-12-03,2162.17529296875,2204.8440410611165,2156.8705296924018,2198.7552305291224,1890178,-1.6636829492178817,0
2021-12-06,2127.902099609375,2180.903561443795,2122.8279779757954,2162.4983834746913,1079171,-1.58512556640662,0
2021-12-07,2141.832763671875,2160.3300615606295,2132.9760257197345,2147.6447586395025,895313,0.6546665875773794,0
2021-12-08,2159.362060546875,2162.913811069584,2138.742582244387,2138.742582244387,839769,0.8184250970626028,0
2021-12-09,2158.5771484375,2166.741960302965,2141.7864662268844,2159.7303577271878,716666,-0.036349259057377736,0
2021-12-10,2152.16552734375,2165.265940907881,2140.356618196116,2165.265940907881,724539,-0.29702997172887935,0
2021-12-13,2125.918701171875,2169.8789564319695,2122.8280096726025,2169.8789564319695,1804894,-1.2195542507489887,0
2021-12-14,2138.78857421875,2144.9235588423635,2125.5958121085027,2126.518379735286,1219031,0.605379360921976,0
2021-12-15,2141.233154296875,2144.785129532136,2122.366692557421,2136.6664898774125,755122,0.11429741619122247,0
2021-12-16,2130.669921875,2145.246535342089,2125.549626528378,2141.2332760940308,926493,-0.4933247180802125,0
2021-12-17,2057.556640625,2130.1626745452127,2053.635727847214,2124.6734417035645,2439222,-3.431469159036138,1
2021-12-20,2093.398193359375,2098.2416731716976,2030.7095458851932,2053.6354404246763,2175705,1.7419473188105217,0
2021-12-21,2096.85791015625,2124.3964185364493,2078.3142108560264,2112.6798547820667,1591415,0.16526797471450028,0
2021-12-22,2101.2861328125,2137.958197159767,2093.3060126779696,2121.9056100305556,1661605,0.21118372564976617,0
2021-12-23,2122.505126953125,2126.518386236396,2098.4724203909404,2120.936807030046,1423081,1.0098098402345768,0
2021-12-24,2119.092041015625,2133.899299098127,2106.4990807717486,2131.1315957270526,895503,-0.16080460273844022,0
2021-12-27,2123.197021484375,2129.3784047009017,2101.839671267297,2119.0916406401966,584302,0.19371411856101695,0
2021-12-28,2130.30126953125,2138.880969368551,2119.8300355336614,2131.1314904070323,783710,0.33460145125430163,0
2021-12-29,2128.225341796875,2142.0638569909866,2121.029268848687,2135.651831428715,1410236,-0.09744761288302817,0
2021-12-30,2145.5234375,2149.5826451044118,2118.8149235874967,2129.2861566098636,963711,0.8127943673727822,0
2021-12-31,2177.397705078125,2186.8080742426982,2149.5823836417967,2158.80805910807,1123597,1.4856173100241454,0
2022-01-03,2178.459228515625,2193.8660645778978,2170.8018713001657,2193.8660645778978,879278,0.04875193149254109,0
2022-01-04,2215.315673828125,2221.635352622563,2172.9699067945844,2185.516692283363,1484275,1.6918583937700626,0
2022-01-05,2228.7392578125,2232.613997388813,2206.782099898364,2217.6684446023073,1202512,0.6059445226232141,0
2022-01-06,2206.228271484375,2225.2332558870316,2184.3634624003967,2212.3173082989642,1198901,-1.0100322973724318,0
2022-01-07,2229.0615234375,2234.3662869156815,2203.091336677933,2203.091336677933,1026186,1.0349451254997533,0
2022-01-10,2220.666259765625,2237.2263021923413,2216.0072486045374,2237.2263021923413,919447,-0.37662772353310725,0
2022-01-11,2217.529541015625,2231.0452916154236,2206.7817184762353,2229.9842037244166,1321335,-0.14125124548571844,0
2022-01-12,2226.2939453125,2228.923353104157,2212.7784198759605,2220.80471306216,1487554,0.39523280906827996,0
2022-01-13,2227.2626953125,2234.366420914234,2217.1606249563256,2230.7684973033997,1586299,0.04351402033140328,0
2022-01-14,2180.673095703125,2233.536266766787,2177.9977396292516,2232.613699122521,1596037,-2.091787363359854,1
2022-01-17,2204.521240234375,2208.811089064635,2163.420812585561,2180.9495952888133,912205,1.0936139203185036,0
2022-01-18,2186.023681640625,2222.1882824344107,2174.8605248452136,2222.1882824344107,1667579,-0.8390737297583661,0
2022-01-19,2131.038818359375,2185.1937169025064,2126.564500621768,2180.949815829665,2145255,-2.5152912908968816,1
2022-01-20,2086.663330078125,2145.4770114030516,2069.319015087217,2144.9695542032005,2829711,-2.0823406828137214,1
2022-01-21,2145.338623046875,2153.595783317832,2075.777115579289,2089.4311612090123,4596050,2.811919494773174,0
2022-01-24,2107.6982421875,2163.37506733587,2091.184145335836,2157.7934877442076,2231103,-1.7545193311215845,0
2022-01-25,2147.045166015625,2152.9956812093565,2067.381374090465,2106.6828387997334,1843543,1.8668195968740031,0
2022-01-27,2117.615478515625,2145.5231464092967,2098.841139110851,2131.1310027894797,2620474,-1.3707064930829627,0
2022-01-28,2106.729248046875,2139.1574084769786,2101.655126343169,2116.923664880657,1967721,-0.5140796607881248,0
2022-01-31,2097.688232421875,2132.8381506220467,2095.1511713381324,2112.6799570076278,1639875,-0.4291493856356632,0
2022-02-01,2127.117919921875,2140.3568552199918,2101.9779525491404,2124.9500211800946,1270508,1.4029581252892998,0
2022-02-02,2147.64501953125,2152.3502043716894,2118.7226604993693,2144.139442850704,1246111,0.9650193539871399,0
2022-02-03,2120.198974609375,2151.381809460162,2112.680137576698,2148.6602796576985,1448039,-1.2779600293471916,0
2022-02-04,2127.99462890625,2133.668329852112,2106.2219422991557,2127.4409982224497,1014561,0.36768503287816223,0
2022-02-07,2082.78857421875,2137.3121808433843,2063.783592747155,2117.523152102328,1207402,-2.1243500370456747,1
2022-02-08,2089.01611328125,2092.3833950526905,2072.59436433985,2092.3833950526905,1190660,0.29900005884351266,0
2022-02-09,2101.2861328125,2103.77724567414,2080.9436961748984,2091.9683346232428,1049611,0.5873587787686985,0
2022-02-10,2106.35986328125,2108.0667032229794,2081.173951129736,2103.453865797984,1195100,0.24145833304287656,0
2022-02-11,2083.15771484375,2102.5316351323763,2074.8546061486245,2102.5316351323763,2100036,-1.1015282261102377,0
2022-02-14,2055.988037109375,2063.091762468393,2036.1066606004442,2048.1000392084215,1661501,-1.3042544758265162,0
2022-02-15,2112.77197265625,2125.733866154016,2050.4524914852373,2073.8856164543167,1533070,2.7618806394764217,0
2022-02-16,2109.451171875,2125.3654656492595,2098.841642692161,2112.7725058876135,995668,-0.1571774343955834,0
2022-02-17,2128.87060546875,2133.8985531212556,2099.763556811058,2105.298961618117,869374,0.9205917564087951,0
2022-02-18,2133.483642578125,2147.552797780108,2116.3699693999442,2116.3699693999442,890713,0.2166894078731163,0
2022-02-21,2117.108154296875,2125.64190451936,2107.836304953848,2120.060325542813,737919,-0.7675469337773633,0
2022-02-22,2094.182373046875,2103.454222892399,2075.869540502473,2103.454222892399,902667,-1.0828819115107469,0
2022-02-23,2085.37158203125,2097.872417273726,2077.8527466577552,2094.228320529739,1324411,-0.4207270163775645,0
2022-02-24,2003.2635498046875,2068.396923944919,1993.0231827806206,2029.6490779120522,2997629,-3.9373334198112286,1
2022-02-25,2002.617431640625,2025.9584368206404,1994.7294336631348,2025.03586922646,2193728,-0.03225327811338108,0
2022-02-28,2003.9093017578125,2011.1051493073985,1955.8434366402223,1996.4364136270947,2334036,0.06450908180346548,0
2022-03-02,1982.6900634765625,1987.9486536013794,1958.6571331254218,1964.100191717803,2034688,-1.0588921495916392,0
2022-03-03,1929.0888671875,2000.0803995338827,1925.029659809193,1990.8085500317177,2372998,-2.703458159016292,1
2022-03-04,1863.125244140625,1917.0492746170337,1822.3016283677987,1914.327745279424,6320118,-3.4194185746894146,1
2022-03-07,1793.42529296875,1826.8223086278842,1777.7878167426256,1826.2226171468747,2976453,-3.741023390192133,1
2022-03-08,1798.084228515625,1806.3873368053328,1754.3084415243552,1775.5274960424974,3211938,0.25977862390704765,0
2022-03-09,1843.1978759765625,1851.6393922481686,1799.929431946886,1811.9228110423805,2879079,2.5089841034966476,0
2022-03-10,1939.1910400390625,1950.3080253443052,1890.3411276870772,1893.0164837957482,4879791,5.207968461424195,0
2022-03-11,1932.2252197265625,1946.8018308047288,1909.714663545434,1937.391687654788,2481643,-0.3592126906877491,0
2022-03-14,1899.843505859375,1932.7791241690913,1887.665545954839,1932.7791241690913,1730325,-1.6758767837514288,0
2022-03-15,1880.377197265625,1919.6786662839345,1868.1993502519686,1886.6507018593952,2391023,-1.0246269513101036,0
2022-03-16,1911.6983642578125,1918.940610019928,1874.703538600609,1900.4892580005055,2808685,1.6656853230156976,0
2022-03-17,1939.2833251953125,1952.7988508350625,1921.108787992415,1935.6392281162618,2995889,1.4429557221601552,0
2022-03-21,1892.3707275390625,1947.4479714560312,1887.573420783733,1943.3887638714239,1674982,-2.4190687893181018,1
2022-03-22,1839.1385498046875,1894.7232488895797,1816.5356431228643,1894.7232488895797,5356303,-2.812988858879728,1
2022-03-23,1825.3463134765625,1860.4038850316479,1822.3017951100555,1856.206157074513,3212162,-0.749929162737073,0
2022-03-24,1813.6756591796875,1837.1549594464946,1800.2522556130125,1817.4581637989966,3054664,-0.6393665799585779,0
2022-03-25,1801.7744140625,1823.916035126248,1794.3938737079172,1821.9786658067917,2233647,-0.6561947863693796,0
2022-03-28,1822.1632080078125,1827.4219107941271,1781.7548155020881,1808.1862866220808,1794533,1.1315952644338712,0
2022-03-29,1833.1878662109375,1840.3838254159855,1821.1944882510834,1826.6837200393122,1249125,0.6050313251126482,0
2022-03-30,1859.803955078125,1862.6638919725888,1840.568444096235,1845.1351084423861,1476829,1.4519018676575124,0
2022-03-31,1890.0179443359375,1894.9537708833109,1861.7413386769822,1863.0329557864059,2540524,1.624579256072356,0
2022-04-01,1917.23388671875,1924.3378378681969,1880.5619349631133,1895.7841886888157,1714996,1.4399832797553191,0
2022-04-04,1963.638916015625,1967.3291863270024,1909.89935460619,1917.095426760621,1693019,2.4204156633333307,0
2022-04-05,1974.1102294921875,1990.9009150538282,1962.3013189617668,1978.4462522395434,1277652,0.5332606413102514,0
2022-04-06,1976.1859130859375,1996.8051631829535,1957.0426359627131,1969.6817666546574,1736115,0.1051452731838598,0
2022-04-07,1997.1744384765625,2006.5845831987992,1969.774225077371,1974.2485429142564,1824732,1.0620724118941771,0
2022-04-08,2014.011474609375,2023.6522620849355,1995.9752309189687,2009.0756472902751,1693462,0.8430428413481961,0
2022-04-11,1995.5599365234375,2024.2057061865446,1973.2797933471386,2018.5779536071311,1380107,-0.9161585382484572,0
2022-04-12,1967.144775390625,1997.3588644486824,1960.4561602556353,1975.1248950778788,1370233,-1.4239192024628422,0
2022-04-13,1985.5040283203125,1997.3591136157227,1965.7149957753902,1972.1729698147942,1071601,0.9332944458061876,0
2022-04-18,2009.029296875,2013.8727769023644,1969.7280512232717,1981.6752569101895,1828131,1.1848512125452348,0
2022-04-19,1949.4315185546875,2035.9684047628139,1938.360707318754,2016.4559648177424,1775996,-2.966496228452986,1
2022-04-20,1997.3128662109375,2000.7263216009515,1930.6573509157095,1950.6770246491712,1511804,2.4561697705467234,0
2022-04-21,2027.7574462890625,2033.1083835084473,2000.1265912405281,2015.8102407105875,2244813,1.5242769719838956,0
2022-04-22,1962.2552490234375,2019.5006176547327,1955.8434488022078,2013.0426440030271,3520828,-3.230277732945752,1
2022-04-25,1938.0838623046875,1994.5911271225677,1888.4958544032822,1937.39193661304,2437310,-1.2318166421406929,0
2022-04-26,1981.998291015625,1990.8548052693895,1956.76597582038,1976.3243648548817,1447088,2.2658683437318583,0
2022-04-27,1978.999755859375,1985.734318833927,1940.6208554083446,1981.4906432150797,2214481,-0.15128848343827217,0
2022-04-28,2068.25830078125,2075.777136759909,1997.358889371201,2057.325784433154,5865359,4.510285797539915,0
2022-04-29,2061.80029296875,2112.6798060639644,2050.452666430418,2070.610633368373,2678692,-0.31224377584079255,0
2022-05-02,2057.787109375,2077.622313522753,2035.091855464936,2048.1001492098185,1543544,-0.19464463204491578,0
2022-05-04,2003.4014892578125,2076.5611366747426,1982.2745584759145,2068.3501508257027,1608395,-2.642917718233051,1
2022-05-05,1998.8353271484375,2031.4479611518188,1986.841946699023,2009.3525091403424,1101451,-0.2279204709519589,0
2022-05-06,1982.7822265625,2001.9716775512509,1943.1118200488115,1960.4561358508793,1585602,-0.8031227169092992,0
2022-05-09,1952.7528076171875,1973.7412225289304,1946.7561176424038,1957.2273510005652,1341414,-1.5145091852761694,0
2022-05-10,2011.566162109375,2027.711093962965,1954.9206055861223,1968.7591186034851,2162232,3.011817689508467,0
2022-05-11,1995.9749755859375,2020.1462013315515,1952.1530151790357,2015.8101787174826,1858636,-0.7750769930971679,0
2022-05-12,1973.1873779296875,1997.220305912026,1945.879290335057,1997.220305912026,1531515,-1.1416775227635512,0
2022-05-13,2024.2059326171875,2046.255211118596,1987.3491718672285,2001.9719603820347,2057239,2.5855909711438363,0
2022-05-16,2045.56298828125,2049.8990109056344,2004.093620171097,2029.6486973587778,1396818,1.0550831474171796,0
2022-05-17,2071.164306640625,2100.6864704769278,2049.2994990966104,2064.613986444951,2055096,1.2515536556948703,0
2022-05-18,2113.971435546875,2123.75074278888,2062.953624390855,2062.953624390855,2137455,2.066814726818178,0
2022-05-19,2089.20068359375,2106.9601114235707,2071.57955082135,2071.718071115021,1734602,-1.1717637966435879,0
2022-05-20,2145.845703125,2166.1883603295064,2105.9446611385215,2112.679448532611,2599505,2.7113249567682463,0
2022-05-23,2195.526611328125,2203.091621261757,2127.7640602356446,2130.2087744947225,2363306,2.315213443854547,0
2022-05-24,2130.80810546875,2195.7108243415714,2123.7967270537633,2195.7108243415714,3078655,-2.9477440867922478,1
2022-05-25,2120.705810546875,2149.5360441516586,2109.4505323948074,2149.5360441516586,1884260,-0.474106274326036,0
2022-05-26,2103.638427734375,2118.2150396923926,2083.1574737044525,2112.817929570817,2299127,-0.8047972862439967,0
2022-05-27,2150.135986328125,2154.102846538108,2103.9152627481394,2119.1376270697115,1011303,2.2103398559717213,0
2022-05-30,2167.06494140625,2181.872195220209,2150.5048993904047,2160.8376106165097,939562,0.787343460402945,0
2022-05-31,2171.032470703125,2184.5479976046063,2125.5036639702707,2177.2598027661215,3123979,0.1830830826094365,0
2022-06-01,2129.700927734375,2226.893505204606,2123.7504123300405,2186.485003137357,2197599,-1.9037735974240855,0
2022-06-02,2107.882568359375,2128.317351291562,2082.373438220442,2117.2927131483425,1460335,-1.024479967626768,0
2022-06-03,2114.478759765625,2144.923490479133,2089.753903108621,2107.1443924137075,1845303,0.3129297383669627,0
2022-06-06,2103.91552734375,2123.7045584032867,2073.5631417313366,2096.258170795974,2131405,-0.49956673119032624,0
2022-06-07,2040.3507080078125,2084.864597189544,2036.1529801465351,2075.7772157284135,2034730,-3.0212629028975257,1
2022-06-08,2026.9271240234375,2047.1312637050473,2016.7327073311749,2043.4871668520366,1506843,-0.6579057184478709,0
2022-06-09,2027.52685546875,2037.3523359672286,2002.6637026414444,2026.881103168607,1497867,0.029588209571240753,0
2022-06-10,2029.55615234375,2037.8133116544122,1995.3290332491636,1995.5135017018486,1641981,0.10008729943706829,0
2022-06-13,2026.78857421875,2045.3322721937498,1989.0556512628436,2000.126461937776,1519441,-0.1363637129134898,0
2022-06-14,2002.8939208984375,2042.5181475704933,1992.745679014567,2021.2069747560806,1592475,-1.178941583954951,0
2022-06-15,1997.8218994140625,2009.316067845654,1983.3492678056143,2009.12997070331,1432377,-0.2532346536904928,0
2022-06-16,1997.9613037109375,2014.0626820577506,1987.118589496444,1996.3791372522528,1353485,0.006977814034159202,0
2022-06-17,1964.222900390625,2010.711962076599,1954.496996495883,2010.3397678243368,3252189,-1.688641479574604,0
2022-06-20,2043.752685546875,2050.267676864812,1962.0826158113082,1964.7352388806999,2022000,4.048918538748025,0
2022-06-21,2052.22216796875,2077.351419005102,2021.6481549845803,2042.9150379552864,1606187,0.4144083812963162,0
2022-06-22,2050.220947265625,2070.742984376333,2034.584925523086,2037.516580188952,1741378,-0.09751481756509195,0
2022-06-23,2096.524169921875,2100.9450566196474,2040.216034087092,2055.014279722326,1585753,2.2584503742391515,0
2022-06-24,2144.269287109375,2158.1370451866132,2103.457664155553,2108.0646474102273,1930048,2.2773463751328604,0
2022-06-27,2159.85888671875,2170.2830533947563,2138.824910673951,2155.391646400277,1450391,0.7270355315488697,0
2022-06-28,2157.06689453125,2162.977012973852,2120.024698894455,2159.859033532507,1404108,-0.12926734263374318,0
2022-06-29,2078.700927734375,2140.546761833503,2070.8364482410825,2137.1031691398257,1682914,-3.6329873216057407,1
2022-06-30,2076.048583984375,2093.1736129155265,2060.0401380238955,2070.7433379120807,2387212,-0.12759621716679215,0
2022-07-01,2124.212890625,2134.124893111263,2050.919242420677,2071.7671225755216,1235612,2.3199990121708813,0
2022-07-04,2210.629638671875,2213.5149400791533,2118.302947562289,2118.302947562289,2410245,4.06817736716818,0
2022-07-05,2235.107421875,2244.879909041224,2207.279192167795,2219.285299796351,2463079,1.1072765322114764,0
2022-07-06,2325.29345703125,2335.2522687193914,2233.7113812883754,2233.7113812883754,4770394,4.034975423265985,0
2022-07-07,2301.6064453125,2355.6343751823315,2294.672679578048,2331.435839522616,3333262,-1.0186676286868201,0
2022-07-08,2323.850830078125,2330.3192399417867,2282.85287724535,2304.8641486646393,1346970,0.9664721269323939,0
2022-07-11,2318.033935546875,2350.0503725041167,2308.168286657509,2314.683277789203,1587197,-0.25031273332869475,0
2022-07-12,2279.82861328125,2318.034436403633,2275.0818849697343,2303.515219283038,1116476,-1.6481778665855318,0
2022-07-13,2324.688232421875,2344.7917226993836,2290.85672635887,2293.276670878791,2528792,1.9676750646646424,0
2022-07-14,2324.73486328125,2348.0956221051606,2297.1856689370916,2329.3418469612275,1663307,0.002005897338164253,0
2022-07-15,2390.536376953125,2395.562136339821,2328.690542605013,2354.7039259067183,2996964,2.8304954130983884,0
2022-07-18,2376.575927734375,2424.50765292659,2357.5428900690445,2402.170538273907,1566888,-0.583988152338577,0
2022-07-19,2390.024169921875,2396.585741377214,2347.955991867715,2373.2713375549665,1473121,0.5658662965723371,0
2022-07-20,2424.0419921875,2436.6066176029467,2359.9159578089752,2396.585958872264,4012897,1.4233254497479475,0
2022-07-21,2426.787841796875,2447.682305573008,2412.1291103834023,2435.676197400496,1990695,0.11327566181711379,0
2022-07-22,2457.640869140625,2460.0605866356937,2430.1382542048914,2435.6759511785335,1905780,1.271352477227894,0
2022-07-25,2441.818603515625,2470.1121865027353,2431.022242330499,2462.20112637264,1253821,-0.6437989302534919,0
2022-07-26,2370.619140625,2443.1215914391,2362.2427237400657,2443.1215914391,1685576,-2.9158375150437066,1
2022-07-27,2403.054443359375,2411.0120851479155,2350.050382165021,2359.6833528392845,1404133,1.368220739406656,0
2022-07-28,2438.561279296875,2443.1216822137303,2405.893161341902,2443.1216822137303,1442054,1.4775710153225985,0
2022-07-29,2454.662109375,2461.7356182986064,2416.130686239388,2457.082053802768,1463059,0.6602594002791395,0
2022-08-01,2413.3388671875,2455.22095319731,2401.239597895777,2454.75559668609,1559918,-1.6834594883619936,0
2022-08-02,2452.661865234375,2456.245201805445,2418.92351304208,2419.854226206005,1359934,1.6294022601435199,0
2022-08-03,2444.3779296875,2479.419179681581,2417.8989657522525,2434.0469255488947,1767904,-0.3377528579987632,0
2022-08-04,2445.866943359375,2460.292993446503,2433.8142566347733,2451.4978019028654,1189384,0.060915853223453276,0
2022-08-05,2462.10791015625,2473.5091436229527,2445.4948205825285,2455.2207253193606,1176666,0.6640167749504933,0
2022-08-08,2466.715087890625,2473.8349508660503,2444.0987184027517,2462.107877139054,1024511,0.18712330663372967,0
2022-08-10,2459.6884765625,2491.239557844071,2448.8921143690263,2466.7154054852,1098949,-0.2848570296026254,0
2022-08-11,2432.6044921875,2482.909574652417,2425.996566305174,2472.0202781337725,810674,-1.1011144148160956,0
2022-08-12,2415.153076171875,2444.1449155215964,2405.985691649734,2443.027878408922,1473527,-0.7173963573475106,0
2022-08-16,2461.270263671875,2464.853599226256,2411.058348169555,2427.2526617371354,1584117,1.9094933548931659,0
2022-08-17,2498.638671875,2507.3409296886975,2461.2706342100078,2467.320268969836,1711381,1.518257005525947,0
2022-08-18,2496.21875,2526.885696712183,2480.0242080950043,2498.964307798236,1465489,-0.09684961264063707,0
2022-08-19,2452.010009765625,2511.947836813186,2444.5177245784657,2502.6872877942105,1324508,-1.7710282896631124,0
2022-08-22,2444.703857421875,2482.0255406158353,2438.561287791541,2464.5280903001526,1410895,-0.2979658449456468,0
2022-08-23,2413.10595703125,2447.4957544605686,2406.125610033763,2421.7616327531014,1305045,-1.2925042145573995,0
2022-08-24,2408.917724609375,2429.1607306985293,2383.8350567622633,2397.5164912947935,1242489,-0.17356189477181205,0
2022-08-25,2395.841064453125,2446.285657403186,2387.6973267048506,2420.9703123620866,1106593,-0.5428437851014767,0
2022-08-26,2393.375244140625,2433.5354222805295,2384.486888864015,2419.760823379198,1048791,-0.10292086353661523,0
2022-08-29,2397.330322265625,2427.206069883653,2373.3178841108324,2373.3178841108324,1450034,0.1652510668639584,0
2022-08-30,2475.556640625,2482.211146547152,2406.451212191882,2409.336285663628,2227943,3.2630596473433027,0
2022-09-01,2425.43798828125,2471.0429235942897,2414.2694326943833,2466.3893587664284,1702269,-2.024540724347823,1
2022-09-02,2423.204345703125,2441.260086178749,2405.8929938132164,2433.8143825228476,937600,-0.09209233915347115,0
2022-09-05,2420.412353515625,2440.7017154276723,2406.91701482145,2417.0616957774732,1274074,-0.11521901536908352,0
2022-09-06,2394.817626953125,2438.467974227799,2385.4173350938354,2411.663395325669,1250776,-1.0574531453421132,0
2022-09-07,2386.90673828125,2416.9685875045343,2383.3699833064925,2393.6078266821864,1344964,-0.33033365809737036,0
2022-09-08,2398.5869140625,2416.1309449805162,2385.4174160188995,2401.2395369991264,1004533,0.4893436175751331,0
2022-09-09,2409.3369140625,2463.5975322811782,2404.450670373616,2417.992591184927,1785443,0.44818054901303306,0
2022-09-12,2401.611572265625,2424.507201410725,2395.6551003574687,2411.4772202898994,1595709,-0.32064182272660835,0
2022-09-13,2407.38232421875,2428.230204420808,2400.308814565452,2417.9923614738445,1342130,0.24028664833926072,0
2022-09-14,2393.2353515625,2425.4381127133333,2370.246785578454,2373.318183967383,1610054,-0.5876496023888067,0
2022-09-15,2382.99755859375,2418.737075392725,2374.2489469742636,2401.239624928891,1199906,-0.4277804505129823,0
2022-09-16,2352.98193359375,2386.2085688174784,2344.140160268356,2377.971668040198,2516820,-1.2595743076511012,0
2022-09-19,2400.541259765625,2408.6849976828294,2334.2745463871684,2355.634362107898,1166725,2.0212363508986586,0
2022-09-20,2404.54345703125,2439.8639675924364,2400.867186370175,2418.5507321967084,1253333,0.16672061974956076,0
2022-09-21,2441.818603515625,2463.364517568242,2401.239427723081,2403.1008536360446,1960049,1.5501964156803494,0
2022-09-22,2506.177001953125,2514.0880610995746,2438.5142238749268,2441.352943484204,2620240,2.6356748345204517,0
2022-09-23,2496.21875,2535.029435145417,2488.7264651964556,2510.9704141412954,1789791,-0.3973483096111896,0
2022-09-26,2476.2080078125,2539.9152541019766,2459.9205336656387,2483.607129194256,2678551,-0.8016421712840671,0
2022-09-27,2493.612548828125,2525.722144026248,2469.5535293622083,2490.5877318891717,1898501,0.7028707184821847,0
2022-09-28,2514.87939453125,2521.0685443686107,2468.297168875616,2484.9568387403497,1526197,0.8528528505007404,0
2022-09-29,2513.43701171875,2538.05432487034,2504.6418194042685,2523.256079212632,2019666,-0.05735395564639978,0
2022-09-30,2509.620849609375,2526.7924578252405,2483.0489498545553,2519.439916524358,1340054,-0.1518304254923608,0
2022-10-03,2440.794677734375,2544.5691702290874,2436.1876941403398,2534.331327920192,1683197,-2.742492830568921,1
2022-10-04,2483.095458984375,2491.053099797647,2451.637317229616,2466.3892077204423,1327939,1.7330741350708445,0
2022-10-06,2432.88330078125,2505.75815971174,2424.553466523843,2495.520318736762,1752351,-2.022159801446477,1
2022-10-07,2419.57421875,2431.9527454481067,2396.5856561534156,2430.9288703943835,1025923,-0.5470497506796179,0
2022-10-10,2425.06591796875,2429.8124180009304,2365.872479442097,2391.93244381046,1043728,0.22696965342883235,0
2022-10-11,2373.922607421875,2429.6724427075706,2368.664170781382,2429.1605052021246,1129783,-2.108945170022969,1
2022-10-12,2411.802978515625,2424.134924513287,2377.226857742,2385.8359521177263,882873,1.5956868591806783,0
2022-10-13,2388.581787109375,2426.5083424119284,2385.3242915619167,2404.031714024407,753331,-0.9628146085358003,0
2022-10-14,2397.330322265625,2443.0281891110585,2392.1182391596076,2410.5463999400217,1001536,0.3662648356218767,0
2022-10-17,2411.058349609375,2429.114088987452,2390.0707282601,2395.282811392344,778918,0.5726381223416954,0
2022-10-18,2421.947998046875,2458.943841229645,2417.0617546076414,2438.4681544366654,1123374,0.4516542886348729,0
2022-10-19,2404.031494140625,2436.1410901715394,2399.750123779902,2434.0935671739553,1241979,-0.7397559287275479,0
2022-10-20,2420.69091796875,2429.1604956442548,2390.210072668999,2390.210072668999,1428125,0.6929786015170469,0
2022-10-21,2470.01904296875,2481.978795439789,2425.437982906568,2425.437982906568,2458302,2.0377704825443876,0
2022-10-24,2394.817626953125,2457.082233573049,2373.3180665194227,2429.254006741838,719908,-3.0445682688032827,1
2022-10-25,2331.80810546875,2406.823659209532,2326.7823464902667,2406.823659209532,2923789,-2.631078073554216,1
2022-10-27,2344.4658203125,2354.703662322598,2315.613720102223,2321.1979975622767,1846329,0.5428283233969378,0
2022-10-28,2349.352294921875,2374.1557055312574,2337.9510606492026,2351.0742048652405,1164951,0.2084259265815902,0
2022-10-31,2373.96923828125,2393.7934675751053,2365.9186629602423,2368.664220442707,1324443,1.0478183034781319,0
2022-11-01,2390.928466796875,2413.4623429904373,2386.993290598174,2407.0440918840513,1280132,0.7143828252763385,0
2022-11-02,2359.540283203125,2402.359198201214,2343.705563094823,2402.359198201214,1338284,-1.3128031235414062,0
2022-11-03,2385.822265625,2388.3051119623005,2350.170980365437,2357.104375655982,730444,1.1138602976592082,0
2022-11-04,2361.46142578125,2385.494299236469,2356.6828500214174,2384.5104479036286,889055,-1.0210668327956252,0
2022-11-07,2373.126708984375,2391.116252595705,2358.322730322645,2371.5339265095754,1283685,0.4939857613496912,0
2022-11-09,2350.639404296875,2384.463438301821,2335.5074009596337,2351.7637077299682,1436444,-0.9475812902179137,0
2022-11-10,2355.13671875,2377.9983927279977,2343.377855100694,2346.141834275377,1459152,0.19132302661581946,0
2022-11-11,2345.252197265625,2386.2440997960634,2337.709641450133,2384.5575300563482,1162847,-0.4197005382184926,0
2022-11-14,2302.854736328125,2355.277475157068,2300.3716611135987,2348.765664734966,2137131,-1.8077996467472435,0
2022-11-15,2302.573486328125,2313.348499590698,2290.065009867017,2302.854619380513,1558333,-0.012213102092950567,0
2022-11-16,2321.640869140625,2326.4661100882686,2275.0272207407493,2308.2423274687603,1330395,0.8280900881433517,0
2022-11-17,2304.916015625,2340.520409362297,2299.528508677909,2323.6082765871915,960476,-0.7203893478070933,0
2022-11-18,2327.12158203125,2331.6659179626067,2294.4687464064905,2314.285308458912,1075675,0.9634002391288421,0
2022-11-21,2343.705810546875,2353.6376532906284,2314.3323250136264,2327.121705634642,1354881,0.7126498522328717,0
2022-11-22,2357.104248046875,2364.881042072989,2339.583186234649,2347.922017585297,921265,0.5716774451685058,0
2022-11-23,2349.28076171875,2365.817972083248,2344.267946991005,2362.070141632423,734152,-0.33191091716064935,0
2022-11-24,2388.445068359375,2398.611148515925,2352.840684123592,2358.3219768806966,999929,1.667076463520356,0
2022-11-25,2377.4833984375,2394.3017443103663,2359.4469617390005,2393.927052709918,783480,-0.4589458667937696,0
2022-11-28,2366.005615234375,2382.215029721405,2362.8200504505535,2367.692184899111,830905,-0.4827702776249998,0
2022-11-29,2468.1337890625,2473.5212955351185,2367.8793207894287,2367.8793207894287,2542932,4.316480619087981,0
2022-11-30,2515.1220703125,2527.9114492658455,2457.6396335894415,2467.946166555314,3698270,1.9037979812207784,0
2022-12-01,2494.9775390625,2513.857142464212,2479.986218048923,2511.046269774166,1675569,-0.8009365226355425,0
2022-12-02,2450.238037109375,2492.3073440103817,2442.789040807247,2492.3073440103817,2101890,-1.79318255385722,0
2022-12-05,2454.6884765625,2459.5137167355674,2422.175864621739,2436.089776576181,1640511,0.18163294282931286,0
2022-12-06,2487.200927734375,2492.260407447323,2439.6972215426445,2442.4612008071144,1484562,1.3245041675269853,0
2022-12-07,2536.672607421875,2548.337685436268,2488.7939758132748,2492.354460945033,2368561,1.9890503873591037,0
2022-12-08,2534.89208984375,2540.1391443106168,2516.434069441538,2525.1478215474913,1314703,-0.0701910673421402,0
2022-12-09,2550.633056640625,2568.7632793355483,2540.3265221110823,2552.9285572177723,1883397,0.6209718693723776,0
2022-12-12,2545.947998046875,2552.272461746136,2519.1509196139464,2531.846740641604,1163204,-0.18368218750840493,0
2022-12-13,2539.43603515625,2548.524477432509,2527.724066050402,2545.713604847105,1265839,-0.25577752945545873,0
2022-12-14,2515.4033203125,2548.524865486891,2502.9419662859514,2548.524865486891,886858,-0.9463800037109893,0
2022-12-15,2495.3525390625,2514.0916926459977,2481.485519660825,2500.1311147260653,990722,-0.7971199325406353,0
2022-12-16,2502.894775390625,2518.2607878724857,2486.0295393132346,2499.8027696932227,1793864,0.30225133363155354,0
2022-12-19,2546.744384765625,2548.5245125945157,2502.894726078457,2502.894726078457,1546941,1.75195576762337,0
2022-12-20,2505.940185546875,2535.454352193079,2485.982941398127,2535.4074585596272,827567,-1.602210236050261,0
2022-12-21,2498.1162109375,2525.241086660539,2483.031331409457,2518.4950379508336,779092,-0.31221713329392387,0
2022-12-22,2478.58056640625,2519.0101902531287,2475.4416673419255,2507.7667004695923,852567,-0.7820150418029859,0
2022-12-23,2455.859619140625,2482.516016701331,2443.6322768985397,2466.0723653240034,1189702,-0.9166918991287298,0
2022-12-26,2452.43994140625,2471.554016166847,2442.4145395401115,2455.7192934301843,605144,-0.13924565181667736,0
2022-12-27,2429.765380859375,2468.7895747593143,2412.900143471746,2459.5137856958872,870960,-0.9245714916008563,0
2022-12-28,2420.7236328125,2438.994305151716,2415.570366255285,2429.5309423377967,822651,-0.37212432599879053,0
2022-12-29,2406.154052734375,2420.442656385594,2379.3100797727616,2417.5848899054668,1345863,-0.6018687916553911,0
2022-12-30,2399.595458984375,2423.3940920296754,2394.114165177963,2417.303867244519,696432,-0.27257580380386504,0
2023-01-02,2397.112060546875,2417.397328382743,2378.0451120029907,2411.6349023060693,681703,-0.10349237944261569,0
2023-01-03,2381.793212890625,2400.4854720460166,2375.1876157832367,2389.2888740055228,821843,-0.639054298227304,0
2023-01-04,2376.21826171875,2397.1122332067716,2367.738749685802,2389.7103596638617,1672649,-0.2340652891990147,0
2023-01-05,2420.8173828125,2428.547283259781,2377.5299860576115,2377.5768796889943,2008493,1.8768949726651218,0
2023-01-06,2414.0244140625,2447.2395159383605,2412.572084001759,2417.3506593630577,991782,-0.2806064099766137,0
2023-01-09,2458.623779296875,2463.683259131931,2407.981172315986,2426.1113944322215,1267078,1.8475109437406267,0
2023-01-10,2477.175537109375,2486.076634650193,2450.2380050779525,2458.6237301691544,1413088,0.7545586262004411,0
2023-01-11,2429.765380859375,2480.923359101618,2424.9401405510166,2477.3159807161624,1471687,-1.9138795591903457,0
2023-01-12,2426.766845703125,2438.5257082092103,2410.55743502238,2423.065909286707,1703829,-0.12340842370507366,0
2023-01-13,2458.57666015625,2472.865263078271,2404.842052094002,2426.9074485857586,1348015,1.310789889413888,0
2023-01-16,2433.372802734375,2462.277808968446,2421.098566027576,2462.277808968446,930068,-1.0251401890504108,0
2023-01-17,2499.38134765625,2506.361636182838,2437.7763840753073,2441.1961878922,1892865,2.7126359285227997,0
2023-01-18,2516.855712890625,2523.695549809478,2492.3074670477863,2499.803128602817,2038075,0.6991476211007708,0
2023-01-19,2482.703369140625,2510.3905116196725,2447.239432930238,2501.7705475587823,1649842,-1.3569448409410767,0
2023-01-20,2388.07080078125,2440.77466838064,2376.1714844242506,2389.2419978390144,4569549,-3.8116743842874667,1
2023-01-23,2432.716796875,2439.8377666491706,2391.115967929602,2398.611629271074,1388360,1.8695423971158753,0
2023-01-24,2436.55810546875,2445.459202181672,2418.100087508677,2439.8374568893,1462462,0.1579020048155355,0
2023-01-25,2457.031005859375,2475.442132338579,2430.4681647563493,2436.5583895331097,1591810,0.8402385457040529,0
2023-01-27,2447.473876953125,2479.705357929131,2415.664209926572,2469.3519299648224,1581382,-0.38897062688499906,0
2023-01-30,2406.24755859375,2445.4593254849115,2370.6900635765246,2445.4593254849115,2744039,-1.6844436521912143,0
2023-01-31,2414.3056640625,2426.9076989109026,2380.996773311189,2406.1072844911223,2366794,0.3348826449702136,0
2023-02-01,2411.962890625,2438.9004192665343,2386.2903461324786,2436.276892466349,2014615,-0.0970371511931023,0
2023-02-02,2468.74267578125,2473.33367624611,2401.422184759458,2407.5124087941585,1980667,2.354090329372238,0
2023-02-03,2481.766357421875,2489.9178425109067,2465.275812730749,2473.567978704578,1638238,0.5275430999102992,0
2023-02-06,2471.3193359375,2478.2527303373595,2435.8554010187336,2465.13532458132,1697446,-0.420951047754059,0
2023-02-07,2437.2138671875,2478.7680249023792,2431.6859092922364,2478.252652513981,1495745,-1.3800510623634965,0
2023-02-08,2419.97412109375,2443.1169279305927,2415.8047055476436,2429.249909780567,1061956,-0.7073546694383648,0
2023-02-09,2423.6279296875,2435.9957229896086,2404.2329551058538,2423.9090626885595,1102484,0.15098544079052978,0
2023-02-10,2415.00830078125,2423.58137162955,2394.2547806952557,2422.0354830337656,1523011,-0.3556498421505405,0
2023-02-13,2418.287353515625,2427.4226893144537,2389.241670462938,2398.6112456412243,1146525,0.13577811444018817,0
2023-02-14,2416.975830078125,2437.9635880682663,2408.168291703254,2422.035309437536,1944364,-0.0542335647413128,0
2023-02-15,2387.789306640625,2409.6673558708912,2377.061188963765,2389.241636522507,2009134,-1.2075637279565399,0
2023-02-16,2367.78564453125,2400.3915860402444,2363.8035747277663,2398.6114580984527,1982857,-0.8377482072535969,0
2023-02-17,2356.916748046875,2385.728193088593,2348.8588215110553,2365.8178448890317,1395341,-0.45903211337894323,0
2023-02-20,2353.122314453125,2382.683374941272,2350.0772019998967,2359.2594329933636,632091,-0.1609914137567392,0
2023-02-21,2357.52587890625,2383.573347098075,2353.9187292349884,2368.6289184613074,862797,0.18713708276352214,0
2023-02-22,2336.819091796875,2364.4593403317426,2326.231425421773,2357.5257170089444,885515,-0.878327033210835,0
2023-02-23,2333.63330078125,2357.2914796321907,2323.748581330186,2334.898285011658,757215,-0.13633023740726724,0
2023-02-24,2327.590087890625,2352.93483741435,2316.1123569764086,2335.0857488958277,732783,-0.2589615467263773,0
2023-02-27,2312.552001953125,2330.2137456869955,2301.1680576627505,2330.2137456869955,853991,-0.646079651899889,0
2023-02-28,2305.5244140625,2318.360914996789,2282.10047622532,2314.0508189349907,1780454,-0.30388885891818873,0
2023-03-01,2310.771484375,2314.2850750760263,2293.672009630005,2303.041584832742,967339,0.22758684664085926,0
2023-03-02,2300.559326171875,2314.285665848075,2289.924764102306,2310.772074250128,827174,-0.4419371743237144,0
2023-03-03,2315.222412109375,2332.930820645566,2300.840020315843,2310.5376237400724,1176008,0.6373704764179866,0
2023-03-06,2328.19921875,2341.3166253465765,2319.532360820119,2325.48190441963,1214503,0.560499353010413,0
2023-03-08,2328.433837890625,2343.706066490663,2311.6621566143954,2330.213966147852,1448340,0.010077279415598994,0
2023-03-09,2306.227294921875,2334.8513947284646,2302.0109858136857,2328.199133162967,1038910,-0.9537115724476575,0
2023-03-10,2310.02197265625,2314.7536540884407,2290.955023542525,2295.546024090945,772024,0.16454049185570252,0
2023-03-13,2300.32470703125,2331.618999531627,2290.8613437230574,2310.5374534237462,1314549,-0.4197910556603679,0
2023-03-14,2288.47216796875,2316.1593122939944,2285.9424280620037,2306.7897357879506,1250763,-0.5152550431802627,0
2023-03-15,2254.413818359375,2304.4472637094073,2242.139582051885,2297.326294305923,1738040,-1.488257103847812,0
2023-03-16,2304.306640625,2313.6293224916835,2255.9595395760243,2272.0751636758823,1628035,2.213117301682166,0
2023-03-17,2293.10986328125,2326.6529900073347,2285.9891230052194,2315.8310843335667,2127178,-0.48590656930594944,0
2023-03-20,2352.8876953125,2357.9940680831646,2272.122002260381,2293.109759358822,1561128,2.606845532717439,0
2023-03-21,2307.351806640625,2364.178191841623,2303.7444284912676,2356.4482918782055,1595161,-1.9353192573786315,0
2023-03-22,2320.235107421875,2324.9665604311444,2299.668704542479,2316.7215163262267,1063244,0.5583587532760115,0
2023-03-23,2328.433837890625,2342.4413107550927,2310.5378530440703,2318.9704729456907,1578627,0.35335774562346156,0
2023-03-24,2324.404541015625,2340.42637928558,2314.285352832304,2316.3466138744157,1449326,-0.17304751414582986,0
2023-03-27,2341.45703125,2347.0787768232294,2308.663515406163,2328.3396249124653,1387736,0.7336283307605385,0
2023-03-28,2326.2783203125,2355.0428722060337,2316.065345463075,2351.5761749174585,1412387,-0.648259213597302,0
2023-03-29,2371.299072265625,2379.6847964657045,2323.7015836712835,2328.33947772613,2613254,1.935312363959829,0
2023-03-31,2398.939453125,2406.5286723419163,2357.90066500037,2397.4871231129973,2146167,1.1656218813836272,0
2023-04-03,2376.21826171875,2407.9810328704666,2356.4952584817374,2407.9810328704666,918048,-0.9471348423009229,0
2023-04-05,2419.927490234375,2425.361890623062,2344.268156254537,2354.1062120661572,1489612,1.8394450215196034,0
2023-04-06,2403.53076171875,2422.0356764615412,2392.053029789677,2412.6660993765836,797414,-0.6775710669759349,0
2023-04-10,2372.516845703125,2406.9969275050007,2365.8176910677785,2403.5302304996508,853322,-1.2903482039666958,0
2023-04-11,2387.134033203125,2393.9269766790244,2373.313906821123,2379.872610866819,913184,0.6161046875799103,0
2023-04-12,2369.518798828125,2394.863546824328,2359.8680901156886,2394.863546824328,1109809,-0.7379239761984957,0
2023-04-13,2376.311767578125,2400.813345533759,2365.817888436723,2365.817888436723,1261711,0.28668136135319155,0
2023-04-17,2390.9755859375,2416.4138958617837,2381.1841950233493,2410.792149690721,1566977,0.6170831016133915,0
2023-04-18,2380.8564453125,2398.6117482459163,2370.5030168211597,2398.6117482459163,1474786,-0.42322224804450803,0
2023-04-19,2372.002197265625,2387.3682119969135,2351.9980589345573,2387.3682119969135,1320243,-0.37189340265799675,0
2023-04-20,2335.460205078125,2372.75092816882,2323.654449841278,2359.0714868024434,1401364,-1.5405547359789384,0
2023-04-21,2340.47314453125,2351.2950503454836,2328.9485205310198,2334.8982926722233,1206288,0.21464461018112502,0
2023-04-24,2342.159912109375,2346.985152561744,2319.0639972751146,2344.268066845747,1735797,0.0720695121867232,0
2023-04-25,2333.4462890625,2342.1600415375806,2321.828104928687,2333.8212093971197,1701098,-0.3720336515804945,0
2023-04-26,2352.51318359375,2359.2592325517194,2325.7161047822374,2333.02441979896,1245903,0.8171130666525972,0
2023-04-27,2313.3017578125,2363.0074114843746,2302.1051586110657,2355.46485595556,2743893,-1.6667887795361769,0
2023-04-28,2302.385986328125,2312.2240412567344,2266.500464029124,2282.475637067844,3761927,-0.47186976137073566,0
2023-05-02,2297.138916015625,2321.7809467940324,2295.5461338359078,2315.971855388902,1760370,-0.227897074758876,0
2023-05-03,2329.2763671875,2333.0241972231997,2298.028742765095,2302.057705803351,1258140,1.3990207970363988,0
2023-05-04,2348.71875,2351.1549315566235,2323.795583303255,2330.166941509511,1150227,0.8346962638862809,0
2023-05-05,2343.0966796875,2361.1331131910424,2337.4280405507902,2342.3939614990504,1354871,-0.23936754081347322,0
2023-05-08,2357.66650390625,2367.551452542733,2339.7236282415865,2347.781555269767,972810,0.6218191654256966,0
2023-05-09,2357.197998046875,2365.817962298237,2342.440915707787,2365.817962298237,1651327,-0.019871591618181306,0
2023-05-10,2363.6630859375,2375.187711114094,2347.8754863302474,2362.0703036365408,2025658,0.27427003993647503,0
2023-05-11,2428.96875,2435.1527615560435,2364.506251200738,2377.0144977012933,1749356,2.7629007048861176,0
2023-05-12,2458.0146484375,2473.5682371862463,2423.3472148102687,2430.468184568607,2170011,1.195811944369396,0
2023-05-15,2494.4150390625,2502.379177603971,2457.686351774063,2471.6469266587706,1561055,1.4808858298765104,0
2023-05-16,2507.204345703125,2509.546739325087,2483.499505248375,2501.6763882550463,1477905,0.5127176688860757,0
2023-05-17,2493.947021484375,2505.424752681213,2480.1737897980543,2503.55083738377,839404,-0.5287691943207773,0
2023-05-18,2461.9033203125,2500.9275181261632,2456.562707020694,2497.4608202875834,1434067,-1.28485893628979,0
2023-05-19,2474.92626953125,2482.000344197204,2436.698358910386,2462.9331681355734,1174757,0.5289789047076443,0
2023-05-22,2471.787841796875,2488.043918287293,2457.6865847047507,2468.88318184788,768232,-0.1268089386343374,0
2023-05-23,2462.60595703125,2482.7505474861255,2459.513950885963,2466.072654754992,703864,-0.37146734887044675,0
2023-05-24,2450.09716796875,2471.6940858485823,2443.585358564482,2454.828849478122,628872,-0.5079492732803947,0
2023-05-25,2433.512939453125,2460.590920510954,2417.8657944863357,2445.4591479344135,1072231,-0.6768804410061113,0
2023-05-26,2485.139892578125,2489.2155213980545,2438.99472500857,2439.6036560249395,947073,2.121499018476647,0
2023-05-29,2483.218994140625,2510.6250063809107,2478.299966302625,2501.677014754281,698267,-0.07729538458727259,0
2023-05-30,2489.074462890625,2496.9917079219636,2483.733850953765,2488.0906117774016,948051,0.23580154484226235,0
2023-05-31,2499.38134765625,2511.046424287853,2471.69420420573,2489.074813825218,3388305,0.41408503117481565,0
2023-06-01,2527.818115234375,2559.0657463740877,2487.154242105269,2498.8662134845554,1541080,1.1377522523640105,0
2023-06-02,2545.432861328125,2565.577451272608,2521.962025898736,2539.155290676707,1509260,0.6968359783321221,0
2023-06-05,2525.8505859375,2550.3988316606133,2514.934891601561,2545.1986707322853,1000190,-0.7693102296325138,0
2023-06-06,2521.4931640625,2537.187202681926,2501.817055942623,2529.7853296984927,655372,-0.17251304963403769,0
2023-06-07,2544.96435546875,2555.08354396702,2510.4376028778556,2520.416110477185,1428490,0.9308449350873715,0
2023-06-08,2510.952880859375,2549.977306813379,2506.2680922994305,2536.3445263540516,923536,-1.3364224350054021,0
2023-06-09,2470.00732421875,2519.4318325132062,2454.922445666664,2519.4318325132062,1413808,-1.63067801680975,0
2023-06-12,2476.800537109375,2489.49635841686,2467.00937587941,2478.252867148135,775484,0.2750280464359989,0
2023-06-13,2507.204345703125,2526.974239372232,2461.855696681698,2463.823398823897,1787924,1.2275436854206179,0
2023-06-14,2528.6142578125,2531.753157191345,2484.811491141732,2502.613685082793,1536248,0.853935665278649,0
2023-06-15,2520.134521484375,2546.1819855222075,2509.3126166975953,2542.8557406744076,1830192,-0.3353511237202622,0
2023-06-16,2544.448486328125,2552.272172777472,2514.044261884673,2520.1344854981285,1748145,0.9647883728614914,0
2023-06-19,2534.625,2561.215681534716,2526.831966831268,2552.3364390198453,1068263,-0.3860752686057012,0
2023-06-20,2527.870849609375,2531.932488012985,2501.4217702752153,2522.108636507365,1129279,-0.26647533227301956,0
2023-06-21,2528.343505859375,2556.917961609869,2520.644795113001,2537.175471993452,1201840,0.018697800564981826,0
2023-06-22,2507.32568359375,2529.6656181838885,2501.9884986425827,2520.833422303501,830052,-0.831288241368977,0
2023-06-23,2495.28173828125,2513.1820507253838,2481.915369106827,2504.4444086804806,991214,-0.48035025490734684,0
2023-06-26,2505.200439453125,2526.0761834675086,2495.8013848354094,2495.8013848354094,758700,0.39749824718018356,0
2023-06-27,2504.491943359375,2514.1741963527184,2489.992086873488,2505.200400895473,687747,-0.028281014269049276,0
2023-06-28,2513.843505859375,2538.7340730259034,2495.659762322393,2506.003196288723,1397573,0.37339159843559067,0
2023-06-30,2529.807373046875,2537.128101107674,2504.4920076017515,2518.283176287608,1160181,0.6350382253426101,0
2023-07-03,2551.43896484375,2555.973139106291,2512.143095391975,2538.167147813337,980665,0.8550687308189087,0
2023-07-04,2550.447021484375,2556.7758624141525,2526.831771285446,2551.438908116266,721907,-0.038877800842695986,0
2023-07-05,2603.20361328125,2606.5567943547785,2546.7631646422487,2550.399774845032,1717547,2.0685233354178933,0
2023-07-06,2604.38427734375,2611.846603965153,2584.1222087067363,2607.029000802995,1265020,0.04535427257692515,0
2023-07-07,2548.652587890625,2616.239255649272,2541.945763973456,2600.606143081461,1178930,-2.1399180580972677,1
2023-07-10,2509.40380859375,2561.1684840987655,2504.161176830301,2559.7986150680663,1518183,-1.539981537042634,0
2023-07-11,2535.8056640625,2566.2693379928464,2499.4381773549544,2509.9234410943345,2476367,1.0521166572846408,0
2023-07-12,2525.55615234375,2555.1224881670137,2496.1316463752605,2555.1224881670137,2395826,-0.40419153028981025,0
2023-07-13,2507.65625,2538.5922290929466,2504.3501148297614,2536.230703971348,1495067,-0.7087509152049032,0
2023-07-14,2528.62646484375,2537.694813263287,2504.2084342499597,2507.939597697386,1419016,0.8362475855193452,0
2023-07-17,2533.16064453125,2553.4697599614165,2522.1087534206954,2522.1087534206954,912701,0.179313937844916,0
2023-07-18,2534.199951171875,2551.486361639526,2529.0045957679067,2536.797628873859,1215904,0.04102805887453709,0
2023-07-19,2523.620361328125,2547.518811662444,2513.512849060663,2534.152671386877,1166542,-0.41747257704971563,0
2023-07-20,2553.51708984375,2565.8442969854914,2510.962361431316,2521.211472609234,1430764,1.1846761491451474,0
2023-07-21,2459.764404296875,2528.107029051962,2448.4290844614056,2503.2164636661746,5198952,-3.6715119675432395,1
2023-07-24,2437.330078125,2461.606510252722,2432.3708753693927,2459.7645667813194,1777469,-0.9120518262921928,0
2023-07-25,2425.900146484375,2443.328385961522,2420.3743162018372,2437.2827434233677,1653775,-0.4689529638684742,0
2023-07-26,2440.211181640625,2454.852637375737,2429.8204711189323,2436.6216173368666,1300033,0.5899268020981729,0
2023-07-27,2427.506103515625,2439.9276327827215,2411.589332750402,2419.1462127590203,2276136,-0.5206548605542372,0
2023-07-28,2441.439208984375,2450.082298629333,2423.1136357825694,2427.6478101117627,966450,0.573967886159843,0
2023-07-31,2418.95751953125,2439.8332637607236,2412.5341249153757,2432.418213062982,2003252,-0.9208375686928227,0
2023-08-01,2409.794921875,2431.2375250527625,2404.032708009508,2427.6479605439827,1758897,-0.37878290884684196,0
2023-08-02,2426.65576171875,2430.906506628262,2395.530909004859,2397.420128964642,2082908,0.6996794495122804,0
2023-08-03,2409.983642578125,2419.193590473485,2396.664548759299,2416.2652071007064,1475310,-0.6870409640968855,0
2023-08-04,2404.97705078125,2417.2097041108245,2394.6336174444336,2409.983529885594,1359318,-0.20774380823261884,0
2023-08-07,2426.89208984375,2431.426264198894,2398.128759998035,2399.3095225583493,803823,0.9112369307383128,0
2023-08-08,2423.7275390625,2442.0056032742345,2413.9980104274414,2426.891844033029,1002061,-0.1303951994607977,0
2023-08-09,2410.833740234375,2426.655958681791,2400.254153724417,2423.727805877062,1212549,-0.5319821894301024,0
2023-08-10,2396.1923828125,2410.0781050909627,2387.5965693152134,2407.858409737453,1313334,-0.6073151033821,0
2023-08-11,2363.225341796875,2396.1448618938593,2360.5803876759437,2394.586347642464,1472199,-1.3758094405145527,0
2023-08-14,2392.791748046875,2399.3094649763125,2350.2842968957198,2363.225408122646,1060479,1.251103977563095,0
2023-08-16,2411.211669921875,2413.525918386328,2384.5734824149445,2393.6418310067957,1155882,0.7698088180902118,0
2023-08-17,2402.379638671875,2418.8157621774308,2392.697385139432,2411.211835360745,1532873,-0.3662901668971319,0
2023-08-18,2413.24267578125,2425.522607197301,2391.8473490611345,2391.8473490611345,1970819,0.45217820424836574,0
2023-08-21,2420.79931640625,2432.276235843633,2398.412105169986,2413.2424362847983,977004,0.31313223078792696,0
2023-08-22,2423.680419921875,2432.3707859266988,2411.5893656197522,2431.048424154237,960025,0.11901455424656593,0
2023-08-23,2431.4736328125,2440.400151982646,2420.563340218901,2432.3709662687493,1136112,0.3215445743822931,0
2023-08-24,2438.274658203125,2448.193063592426,2424.7666885493973,2441.816945842161,1143934,0.2797079638802602,0
2023-08-25,2421.554931640625,2437.754900358477,2410.172335393052,2424.813789909451,802955,-0.6857195724956355,0
2023-08-28,2414.14013671875,2425.758887795519,2398.3651931903514,2422.9250573191225,619841,-0.306199740711699,0
2023-08-29,2386.226806640625,2417.1627886442957,2382.40132007785,2417.1627886442957,958564,-1.1562431548014507,0
2023-08-30,2391.705322265625,2395.5310390153495,2380.41727851683,2386.226537961375,1227377,0.22958905707344268,0
2023-08-31,2366.295166015625,2399.1203612876757,2353.1179035335426,2391.7996342845563,3235414,-1.062428385865255,0
2023-09-01,2366.05908203125,2375.2217525510832,2361.524908084195,2366.2952345220583,813413,-0.009976945723666475,0
2023-09-04,2362.84765625,2374.7498359805163,2353.9684133903925,2374.7498359805163,1143301,-0.13572889221739048,0
2023-09-05,2368.1845703125,2383.6760822203914,2363.508796889263,2370.9711237168385,844088,0.22586788650480472,0
2023-09-06,2383.7236328125,2386.1797113664225,2368.5625942948077,2374.2302550029017,1094146,0.6561592662496452,0
2023-09-07,2368.5625,2382.1650235285183,2361.5252010244863,2370.971301828584,1894798,-0.6360272895650998,0
2023-09-08,2374.560791015625,2381.409213881592,2362.989317897267,2365.303566397401,1018234,0.25324605179830595,0
2023-09-11,2395.767333984375,2398.270458468714,2370.073985732606,2374.560883647412,1121083,0.8930722283037262,0
2023-09-12,2360.439208984375,2407.8113166309895,2350.190096421303,2407.8113166309895,3946716,-1.4746058391758021,0
2023-09-13,2367.71240234375,2370.026650877306,2353.9682797872647,2355.857499915505,1231305,0.30812881482782384,0
2023-09-14,2362.28125,2374.750058599411,2355.007797535154,2371.9162279805573,2081195,-0.22938395467176909,0
2023-09-15,2332.9033203125,2352.078949842382,2329.4083093619734,2337.720923661659,3750697,-1.2436254018229231,0
2023-09-18,2350.803466796875,2354.865335717462,2325.629703801733,2334.4618991075095,1499641,0.7672905400116337,0
2023-09-20,2330.21142578125,2342.6329558606117,2309.571603660966,2313.9639482061284,1795159,-0.8759575739303749,0
2023-09-21,2336.351318359375,2345.466712934621,2307.587758348168,2329.4083423668044,2223720,0.26349079359038186,0
2023-09-22,2344.947509765625,2352.0793627924154,2321.851836844882,2331.2979387034866,1176741,0.3679323113223498,0
2023-09-25,2338.712890625,2361.241702005508,2323.7407290464666,2344.9471786006093,1122778,-0.2658745713778554,0
2023-09-26,2341.64111328125,2351.13449071523,2324.921560977445,2336.9653395056166,1263548,0.12520658982930755,0
2023-09-27,2363.178466796875,2366.0595739072196,2332.242484069745,2338.854755186994,1086791,0.919754670921602,0
2023-09-28,2324.0712890625,2362.4695930397675,2317.3171892403825,2361.5249830465486,1612346,-1.6548550303685738,0
2023-09-29,2329.03076171875,2335.831908335393,2314.7670569193406,2328.9834850900697,1249567,0.21339589192423958,0
2023-10-03,2332.147705078125,2360.580560377366,2325.441111964675,2352.079069763762,1585626,0.13383006401661568,0
2023-10-04,2368.940185546875,2371.962891301867,2328.605155673671,2330.4000529721457,1587335,1.577622223010855,0
2023-10-05,2379.992431640625,2384.951634682424,2357.1329132667297,2378.5282398571253,1909928,0.4665481281959316,0
2023-10-06,2360.9580078125,2380.417064955631,2355.857206348946,2380.3697883347777,1083342,-0.7997682503134595,0
2023-10-09,2372.199462890625,2377.111389437489,2343.577729860683,2347.35617037638,1468771,0.47613956033638605,0
2023-10-10,2376.827392578125,2381.2199669990946,2364.689293691218,2373.0489529648958,1092373,0.19509024261648023,0
2023-10-11,2414.80126953125,2421.9331222114447,2376.875264659182,2378.8590382001694,1697398,1.5976707888718522,0
2023-10-12,2415.367919921875,2425.33360216398,2398.553814754688,2413.478699804611,1625010,0.02346571528575314,0
2023-10-13,2427.12841796875,2433.976841314084,2401.8600973497582,2411.6369043036275,1531977,0.48690296620546025,0
2023-10-16,2416.595947265625,2438.9831594218304,2411.2117160813764,2418.201738233883,954899,-0.4339478136035191,0
2023-10-17,2414.564697265625,2427.647637676827,2405.4020266243865,2416.595747084089,1253538,-0.08405418383236052,0
2023-10-18,2407.1025390625,2428.8285700243123,2398.8844778222215,2427.695084097668,1084689,-0.30904776382987276,0
2023-10-19,2406.9609375,2412.911796263609,2385.1403533078123,2385.1403533078123,1272343,-0.005882656023248334,0
2023-10-20,2356.94384765625,2402.663115815191,2347.40342381898,2380.4175013752265,3608160,-2.078018345229171,1
2023-10-23,2345.939208984375,2370.924100278848,2342.963779383942,2355.8576151427546,922707,-0.4669028786077334,0
2023-10-25,2340.08251953125,2352.079021024989,2328.463769809878,2337.9571469218904,1435836,-0.24965222588442249,0
2023-10-26,2339.232177734375,2352.0789663438077,2319.63151968151,2324.685275571129,2650560,-0.03633811157417455,0
2023-10-27,2344.5693359375,2356.8019895190832,2327.3774797727606,2330.6363382038703,1784812,0.22815854937041635,0
2023-10-30,2341.593505859375,2353.96798841472,2326.007441730626,2334.1311795235847,875135,-0.12692437935238887,0
2023-10-31,2346.41162109375,2353.968502321105,2331.108982731899,2333.3759548530197,920414,0.2057622393604408,0
2023-11-01,2335.312255859375,2355.8102483452603,2330.1641770787037,2347.3560343050044,1267131,-0.4730357254709272,0
2023-11-02,2366.28466796875,2375.0387708224666,2343.923525695381,2355.056473471797,1595123,1.326264272868194,0
2023-11-03,2387.646728515625,2390.739227018236,2365.3332088586044,2375.990388005785,1125583,0.9027679905145414,0
2023-11-06,2376.37109375,2395.734986484967,2370.3765897293997,2393.1182567807336,1338677,-0.47224887295763684,0
2023-11-07,2375.46728515625,2383.7932436780143,2364.810104710214,2375.0391394655244,1473411,-0.038033142051219215,0
2023-11-08,2397.257568359375,2402.6336656182066,2376.6566294251475,2376.942137312586,745022,0.9173051272601151,0
2023-11-09,2356.67431640625,2399.779037894486,2353.2012953376957,2397.923585100202,1823094,-1.6929032778442377,0
2023-11-10,2366.046875,2367.9975743738846,2345.874315737013,2356.959640581963,771062,0.397702751224549,0
2023-11-13,2358.053955078125,2366.6654209997896,2351.250550859455,2357.150040381176,760809,-0.33781747970969,0
2023-11-15,2365.904052734375,2381.7473002380734,2356.008150196764,2380.6528921237327,1457029,0.33290576915530057,0
2023-11-16,2370.471435546875,2384.363983366674,2355.3896975279267,2360.004517474422,1420578,0.19305021297129077,0
2023-11-17,2406.249267578125,2410.7214495801054,2345.54109856521,2345.54109856521,1756043,1.5093129364368796,0
2023-11-20,2384.982666015625,2411.67335664948,2378.8452916250544,2411.6257332818254,944231,-0.8838070871977743,0
2023-11-21,2383.841064453125,2395.021638251079,2376.9424125352384,2383.6031799042325,1088806,-0.04786624149378804,0
2023-11-22,2399.68359375,2401.9198009778015,2382.6511564418797,2386.219423948532,816610,0.6645799308147016,0
2023-11-23,2397.780517578125,2405.250183815159,2384.744493416554,2384.744493416554,1023670,-0.07930529578280554,0
2023-11-24,2393.30859375,2397.6857619539287,2385.934173440823,2393.2135793250236,735137,-0.18650263422116398,0
2023-11-28,2388.8837890625,2409.05634834171,2378.8450166305024,2409.05634834171,1880641,-0.18488232980298225,0
2023-11-29,2402.681396484375,2406.1067943595876,2386.5528716771605,2390.2637774525856,1265214,0.5775754971860669,0
2023-11-30,2422.187744140625,2430.7039632772917,2394.212385917684,2394.212385917684,3095684,0.8118574391424493,0
2023-12-01,2439.410400390625,2456.8235929635157,2418.80969477302,2424.0431539867304,1345599,0.711037213843646,0
2023-12-04,2476.187744140625,2481.991987399678,2450.210706499218,2452.1137827761104,2188039,1.5076324895602067,0
2023-12-05,2439.02978515625,2509.205712847764,2432.416642500019,2509.205712847764,3108717,-1.5006115377277585,0
2023-12-06,2443.216552734375,2458.488784721016,2438.791993776988,2445.4527600494966,1573754,0.17165709101238935,0
2023-12-07,2396.210693359375,2435.747145781318,2377.51306360873,2427.468811211775,3925967,-1.9239334033813948,0
2023-12-08,2400.064453125,2411.1497784060275,2386.742920518536,2396.924331120229,1605805,0.16082725013726318,0
2023-12-11,2382.318359375,2407.3438587936876,2377.8937999697705,2400.064684982732,2012243,-0.7394007159638449,0
2023-12-12,2381.4619140625,2395.9728696870943,2375.990570138473,2378.8451843597045,1677929,-0.0359500781719535,0
2023-12-13,2390.168212890625,2394.735641759348,2376.9895509561466,2386.3146698320634,1513205,0.3655863138820159,0
2023-12-14,2394.402587890625,2402.443037020629,2379.9866487163035,2399.1602775899255,2166569,0.17715803336197933,0
2023-12-15,2400.635498046875,2409.2945881078767,2385.506134433826,2397.8761303443325,2543337,0.2603117031267921,0
2023-12-18,2412.624755859375,2421.188598416162,2393.118225591137,2398.0185536861045,1969036,0.4994201669622278,0
2023-12-19,2436.603515625,2442.5506286265395,2412.149033424489,2412.196656790322,1656220,0.993886832479407,0
2023-12-20,2433.55859375,2448.2598103471983,2423.5674440982407,2448.2598103471983,1468642,-0.12496583278626128,0
2023-12-21,2429.466796875,2454.9680619649803,2413.1003895903837,2419.047502143593,1945695,-0.16814047072911675,0
2023-12-22,2450.781494140625,2454.7302841239025,2423.3771518428653,2435.17613073748,1174984,0.8773405462071615,0
2023-12-26,2459.488037109375,2466.053556897237,2442.6458596590815,2450.781556654719,893776,0.3552557822705138,0
2023-12-27,2481.896728515625,2485.4173728192854,2455.82444670473,2460.67738365646,1073278,0.9111120309650556,0
2023-12-28,2506.160888671875,2512.060377946143,2480.516985442159,2487.177751595804,1635216,0.9776458414835876,0
2023-12-29,2534.849609375,2537.8470934613206,2494.218983225006,2506.160831590294,1305681,1.1447278118815518,0
2024-01-01,2526.095703125,2540.0356429919357,2510.157440378096,2534.754792526063,526353,-0.3453422332285183,0
2024-01-02,2487.13037109375,2525.334533481902,2480.6598654508516,2519.672928160282,1310629,-1.5425121060554603,0
2024-01-03,2480.2314453125,2501.2129048853863,2469.7645272072045,2473.0472868784123,1008270,-0.2773849678903706,0
2024-01-04,2466.909912109375,2495.884198026478,2462.6279910681556,2480.231444237614,1376844,-0.5371084714010044,0
2024-01-05,2493.0771484375,2502.4496582207557,2469.2410754095913,2469.2410754095913,1150738,1.0607293034770926,0
2024-01-08,2453.302978515625,2498.738920423555,2442.1224064230973,2497.739759008787,1189828,-1.5953846412977146,0
2024-01-09,2454.730224609375,2463.531951357175,2446.9276592515216,2457.3945775462025,1017205,0.05817651167625559,0
2024-01-10,2452.494140625,2468.5752734716893,2440.695161423241,2454.968232542675,881278,-0.09109286071266043,0
2024-01-11,2413.290771484375,2463.5320273096354,2409.1517203256853,2454.9681848045034,2399600,-1.5985102060482093,0
2024-01-12,2420.712646484375,2431.179564374048,2390.1207930304627,2410.7214975896873,2979841,0.30754168074969,0
2024-01-15,2448.497802734375,2453.778885673361,2408.342941207669,2422.616012767572,1391204,1.1478089433850203,0
2024-01-16,2444.596435546875,2459.3452749500357,2432.464325715243,2448.4976020680647,1599406,-0.15933717331267916,0
2024-01-17,2438.696533203125,2446.737214774277,2416.668522457147,2425.470248545435,3047652,-0.2413446349654902,0
2024-01-18,2424.51904296875,2445.452880859375,2414.5755164325237,2445.452880859375,1273095,-0.5813552461877425,0
2024-01-19,2441.07568359375,2449.2113805931954,2409.2944048265504,2440.6951612875596,1323064,0.6828835052055116,0
2024-01-23,2260.42626953125,2360.29014178768,2250.8156422669326,2332.219769208468,4369332,-7.40040201443275,1
2024-01-24,2323.322998046875,2327.3670351269743,2252.4334068780736,2272.273069947619,1551469,2.782516260911616,0
2024-01-25,2310.61962890625,2348.395638707272,2302.912078659475,2335.835384346178,2364765,-0.5467758530046885,0
2024-01-29,2325.939453125,2330.3166209593796,2293.206638020459,2293.206638020459,1587091,0.663018007252103,0
2024-01-30,2339.498779296875,2373.6591324226742,2328.698962527643,2335.074220580043,1793711,0.5829612698498021,0
2024-01-31,2361.28955078125,2365.4286023626296,2323.418285818121,2331.268475582839,1445004,0.9314290598144259,0
2024-02-01,2353.724609375,2389.8354318488737,2348.7290346210502,2355.151916447557,1727534,-0.3203733063463998,0
2024-02-02,2333.742431640625,2366.380002548617,2323.656034880075,2356.959868303827,1956115,-0.8489598848898883,0
2024-02-05,2302.246337890625,2345.3034351378046,2295.8234559808247,2344.5897815922713,1315445,-1.3495959675317803,0
2024-02-06,2308.764404296875,2323.0374748228087,2300.8665921440406,2307.4321116623337,1557511,0.2831176794148904,0
2024-02-07,2307.907958984375,2321.6576375957156,2294.6816727718942,2321.6576375957156,1149076,-0.03709539660721184,0
2024-02-08,2299.9150390625,2323.465605276218,2282.739731180173,2323.465605276218,1758661,-0.3463274993597443,0
2024-02-09,2306.670654296875,2310.7623139893262,2289.4955799550644,2299.9148741619647,886474,0.2937332518651914,0
2024-02-12,2270.03662109375,2312.0947881032084,2266.563600188382,2306.623444399983,1292460,-1.5881778846443928,0
2024-02-13,2277.98193359375,2284.5950761204376,2264.7556485403748,2274.1757816579207,957865,0.3500081199646843,0
2024-02-14,2272.22509765625,2277.98194895984,2255.145037190819,2269.4181070464574,1397975,-0.2527164878967203,0
2024-02-15,2236.92333984375,2269.1327637686886,2233.021940876607,2253.575255883098,2553695,-1.553620627151464,0
2024-02-16,2260.140869140625,2266.563751307428,2243.3463146207005,2255.0976707552395,2363302,1.0379224394206021,0
2024-02-19,2271.4638671875,2278.8859101258126,2258.760974142025,2273.700074434181,576683,0.5009863854716468,0
2024-02-20,2287.5927734375,2291.731824668169,2253.432417243069,2255.240478966608,1032995,0.710066599913417,0
2024-02-21,2290.447265625,2305.386366108225,2278.077271339296,2287.592651559068,1127778,0.12478148299142067,0
2024-02-22,2272.3681640625,2303.0076435378983,2251.101195216598,2303.0076435378983,2258516,-0.7893262522927658,0
2024-02-23,2278.077392578125,2288.9248336823293,2268.4191417555935,2272.796309813276,1210775,0.25124575347941214,0
2024-02-26,2287.7353515625,2289.923935534392,2264.6605539019442,2275.2227191568054,831596,0.423952189501553,0
2024-02-27,2288.734619140625,2292.2076402527696,2273.3671395694214,2287.5451965256293,1120424,0.043679334562996,0
2024-02-28,2304.197021484375,2307.4797813093674,2284.6428680098106,2294.2534952803453,629152,0.6755873841570947,0
2024-02-29,2295.39501953125,2311.095395544037,2281.0743270698945,2307.4795049095815,2848084,-0.38199866899639723,0
2024-03-01,2292.921142578125,2320.610992152407,2287.4974222733213,2299.8197932900557,2326244,-0.10777565221127272,0
2024-03-04,2304.625244140625,2310.239225924015,2287.878080904484,2299.106276780367,1501261,0.5104450103041946,0
2024-03-05,2283.548828125,2302.722228133959,2275.222869655507,2288.449156471972,1587199,-0.914526822493611,0
2024-03-06,2284.452392578125,2292.1123196573326,2260.188174473341,2287.4972676039697,1354111,0.039568431469305665,0
2024-03-07,2302.293701171875,2308.4310745083208,2286.545701584293,2288.401154131255,1820704,0.7809884176931847,0
2024-03-11,2274.033203125,2296.0612151038335,2268.038467208084,2292.25506306885,2040761,-1.2274931748495144,0
2024-03-12,2262.900146484375,2269.4182751248295,2246.3911005141035,2264.6605848205845,1012157,-0.4895731788491897,0
2024-03-13,2200.527099609375,2259.902984034686,2192.201141247142,2259.902984034686,2322669,-2.756332265562067,1
2024-03-14,2221.4609375,2228.216718613334,2190.2980647766744,2193.152679071941,2292515,0.9513101608401575,0
2024-03-15,2214.89501953125,2223.6967462831662,2203.6668243480685,2217.131226818886,2751403,-0.29556756357549396,0
2024-03-18,2188.48974609375,2212.3258191228897,2185.682755494743,2208.3294060404837,2487402,-1.1921681707103393,0
2024-03-19,2157.08935546875,2192.248643531876,2137.9635781031657,2172.599473723718,4220638,-1.4347972468706671,0
2024-03-20,2133.30078125,2155.661926436658,2131.445328430375,2140.9607093608674,2995013,-1.1028089382778772,0
2024-03-21,2133.681396484375,2149.6670495560147,2125.735961002828,2125.735961002828,3504486,0.01784161135272022,0
2024-03-22,2147.193115234375,2156.185102851086,2123.880434290045,2130.541200274139,3507809,0.6332584973681277,0
2024-03-26,2131.445068359375,2149.666927694263,2123.8327645438058,2123.928011265131,3027027,-0.733424802979632,0
2024-03-27,2131.159912109375,2153.330797091852,2127.6392674756435,2140.9608013507145,2168861,-0.01337854088914181,0
2024-03-28,2154.615234375,2177.023769167726,2131.540437113006,2136.20288054334,3186360,1.100589502099325,0
2024-04-01,2175.12060546875,2183.779694129453,2152.378940357657,2159.991244302335,1427873,0.9516952617156349,0
2024-04-02,2175.882080078125,2186.6345068390233,2166.699830533969,2186.6345068390233,1221495,0.03500838562517927,0
2024-04-03,2155.423828125,2171.267075188301,2151.4750383541527,2171.267075188301,1175309,-0.9402279719308293,0
2024-04-04,2155.18603515625,2171.409805184411,2140.2469344044857,2159.991348715431,1890255,-0.011032306762459587,0
2024-04-05,2157.08935546875,2169.9827438199663,2148.6683822548757,2155.1862791751128,1153449,0.08831350433105012,0
2024-04-08,2158.991943359375,2178.0227019906465,2157.326751979139,2166.651870170275,1127294,0.08820162622384942,0
2024-04-09,2154.424560546875,2164.3683179899913,2146.431734675745,2160.942688440038,1189343,-0.21155163763109108,0
2024-04-10,2151.332275390625,2166.556884127424,2148.287400105084,2166.556884127424,2308993,-0.14353183735823505,0
2024-04-12,2124.118408203125,2155.0910177947553,2120.597763925149,2151.3322566982424,3388551,-1.2649774048761775,0
2024-04-15,2087.721923828125,2119.7887068675727,2083.8681485983543,2119.741083507388,4909564,-1.7134866038748364,0
2024-04-16,2113.17578125,2123.1193075676006,2066.7883005804556,2077.2075959305644,2821129,1.2192168473855958,0
2024-04-18,2107.466552734375,2129.256681498311,2101.995208860857,2107.704437250615,3392171,-0.2701729106628248,0
2024-04-19,2123.45263671875,2135.013732362547,2089.577785523411,2112.4147012121916,2337694,0.7585450864514787,0
2024-04-22,2132.872314453125,2144.3383932099023,2121.02571344006,2140.9603870263354,1804108,0.4436019702766192,0
2024-04-23,2153.092529296875,2163.3215624158415,2139.7233744330624,2143.8150341424634,1991778,0.9480274419959578,0
2024-04-24,2150.7138671875,2158.4214182791357,2136.8213188005566,2156.232834312824,1404398,-0.11047653907153565,0
2024-04-25,2122.739013671875,2131.3028571784907,2107.752287535297,2129.590042015343,4951866,-1.3007240964232891,0
2024-04-26,2114.936279296875,2145.7186328739513,2111.0827354487733,2136.203250909987,2307512,-0.36757860126681585,0
2024-04-29,2118.218994140625,2125.7360519827253,2112.414518980148,2125.7360519827253,1395292,0.15521578006318926,0
2024-04-30,2122.35791015625,2131.683029125793,2117.172074458158,2123.8804638974716,2119102,0.19539603917602122,0
2024-05-02,2118.4091796875,2134.4900796001903,2098.188996387385,2098.188996387385,2140383,-0.18605393792695546,0
2024-05-03,2109.607421875,2127.305889730108,2097.1898042040793,2123.832868867289,2595307,-0.4154890328505134,0
2024-05-06,2146.860107421875,2151.9033055615523,2104.8021719664616,2117.1721666480007,1619256,1.7658586692762546,0
2024-05-07,2264.08935546875,2273.7952286210457,2149.524276674114,2156.1850424716877,8277810,5.460497758638483,0
2024-05-08,2227.598388671875,2257.286331905682,2212.326155203166,2251.7197409141054,1813439,-1.6117282080203021,0
2024-05-09,2212.9443359375,2247.6280831254676,2207.0448465882805,2227.1700153936445,1558987,-0.6578408751279463,0
2024-05-10,2248.05615234375,2256.096601996175,2208.519701911903,2208.519701911903,2610266,1.586656104993045,0
2024-05-13,2246.248291015625,2266.230590832508,2234.1161804125177,2258.951417394285,1170617,-0.0804188688187435,0
2024-05-14,2235.733642578125,2257.3335074106412,2233.0216665184257,2246.2005599454214,689430,-0.46809822758934194,0
2024-05-15,2210.70849609375,2241.633484090581,2205.3321664872997,2235.6863710142675,812282,-1.119325934350457,0
2024-05-16,2229.59619140625,2234.306490394986,2189.822088503335,2223.7443255783614,1880021,0.8543729463144523,0
2024-05-17,2207.9013671875,2237.922206273115,2202.905792515625,2237.922206273115,1264582,-0.9730382704442375,0
2024-05-21,2198.71875,2212.135528356664,2190.2025315947476,2195.1981059581112,1663959,-0.41589798004415535,0
2024-05-22,2252.1953125,2258.9513255632746,2198.718920673421,2199.0044285495906,1914851,2.432169303145293,0
2024-05-23,2267.039306640625,2271.130966541499,2240.872011390838,2252.195220775294,1614718,0.6590900024628699,0
2024-05-24,2254.2412109375,2267.7530044687405,2250.101927593456,2263.23319883726,974100,-0.5645290606844267,0
2024-05-27,2268.942626953125,2283.6438443145053,2248.008788499374,2254.2414095917443,1116934,0.6521669439940148,0
2024-05-28,2279.83740234375,2292.255019584135,2263.2807342292895,2274.175797760931,1631747,0.4801697169952268,0
2024-05-29,2258.380126953125,2278.9334400458533,2254.5739750699586,2265.8021695871143,1592495,-0.9411756894840972,0
2024-05-30,2237.446533203125,2257.476456113005,2220.9374870126303,2253.242158147563,1837380,-0.9269295943655997,0
2024-05-31,2216.1796875,2262.2340350676586,2205.284623556336,2238.9689767771592,5529186,-0.9504962638226422,0
2024-06-03,2241.728271484375,2271.7493417150577,2230.6905701180376,2265.6119681036826,1207445,1.1528209616069374,0
2024-06-04,2375.324462890625,2388.408110980156,2228.597343141122,2258.951313785197,7826048,5.9595176233285585,0
2024-06-05,2476.615478515625,2591.9418352796642,2402.633400538643,2410.7690967329754,11061076,4.264302296694877,0
2024-06-06,2426.04150390625,2473.998928676966,2395.9728086186924,2473.998928676966,4102547,-2.042060022966785,1
2024-06-07,2452.874755859375,2470.668470382015,2402.6335019120306,2431.4651503967925,3974253,1.1060508202320518,0
2024-06-10,2441.028076171875,2467.9564154482496,2422.6157231372044,2454.0164768149452,1449122,-0.48297124258794843,0
2024-06-11,2432.46435546875,2451.8280151494614,2427.6590419168024,2441.6466046084306,1402423,-0.35082434269068097,0
2024-06-12,2406.154052734375,2443.54954195271,2395.0211047877615,2443.54954195271,1754677,-1.0816315838389712,0
2024-06-13,2366.855712890625,2384.364152841729,2327.8902752131453,2367.3791052932656,3123098,-1.6332428839745727,0
2024-06-14,2382.56494140625,2412.013628887546,2373.5812878627453,2376.0794838583147,1729552,0.6637172021119797,0
2024-06-18,2388.810302734375,2400.0998034109475,2376.223616661745,2382.709074497223,1820933,0.2621276431793218,0
2024-06-19,2360.70654296875,2397.2172668730286,2355.4220960878674,2397.2172668730286,986976,-1.1764751572552967,0
2024-06-20,2384.9189453125,2392.4132989465716,2350.76215431065,2360.706616671376,2163310,1.0256421924133452,0
2024-06-21,2345.621826171875,2380.88345103012,2331.4499008681246,2378.0010255446114,3646215,-1.6477339499467059,0
2024-06-24,2346.486328125,2371.1312053845827,2331.9301740701367,2339.568554263009,1945519,0.036855981790373527,0
2024-06-25,2336.87841796875,2350.8101414046546,2332.7468944491416,2343.7483395788545,833789,-0.4094594560850262,0
2024-06-26,2349.753662109375,2370.3148728114843,2337.070800628534,2341.4906141230595,1738656,0.550959093191361,0
2024-06-27,2365.654541015625,2385.8796067402795,2340.5294927122213,2353.93272429665,3402726,0.6767040802045488,0
2024-06-28,2376.127685546875,2392.893748211309,2366.327485028409,2366.471512485225,2129791,0.4427165653170029,0
2024-07-01,2406.921630859375,2424.1200103499796,2354.077159765737,2364.597966641717,3312865,1.2959718242335327,0
2024-07-02,2387.75341796875,2416.4336487420296,2382.180915701153,2416.4336487420296,1305210,-0.7963787704953651,0
2024-07-03,2411.9658203125,2421.093501473132,2377.3286254147783,2389.1944701801613,1406405,1.0140244030871326,0
2024-07-04,2398.129638671875,2437.426842313378,2395.1991261867634,2416.4811726317103,1977010,-0.5736475004787689,0
2024-07-05,2447.179443359375,2453.9051033921646,2398.130118634334,2398.130118634334,1754286,2.045335827410266,0
2024-07-08,2485.755615234375,2493.2980557831365,2436.8505564470056,2459.6697583062924,2818809,1.5763523994809514,0
2024-07-09,2488.637939453125,2511.553315058721,2467.356125887833,2485.755514072415,1479529,0.11595364407848141,0
2024-07-10,2508.142578125,2523.0831976684753,2472.160345621092,2479.846813854659,1764036,0.7837475416838213,0
2024-07-11,2506.60546875,2514.4840519117424,2488.542221172962,2514.4359645699687,1432671,-0.06128476859353915,0
2024-07-12,2519.47998046875,2536.053926378974,2499.062800724271,2499.062800724271,1912642,0.5136233794770462,0
2024-07-15,2517.606689453125,2526.2058790576393,2511.2171718547897,2525.004868370629,920101,-0.07435228817640471,0
2024-07-16,2583.085693359375,2618.203292695142,2521.6901209853186,2523.035159123248,3298003,2.6008432604090803,0
2024-07-18,2631.077880859375,2643.376276472366,2550.9465464495743,2594.1829285927874,5569762,1.8579402001017264,0
2024-07-19,2620.125,2635.4979372937296,2609.5080182670367,2631.654702970297,1668862,-0.41628873622689966,0
2024-07-22,2628.099853515625,2642.175605907076,2599.6117373158368,2599.659824661106,1911629,0.30436920053908967,0
2024-07-23,2657.932861328125,2701.121159308212,2624.9289933695,2638.380313247674,3906259,1.1351550350186423,0
2024-07-24,2610.564697265625,2649.3812655791385,2570.258828910882,2640.3016724627655,3611927,-1.7821429860659044,0
2024-07-25,2601.100830078125,2618.0592415362944,2565.358799338894,2610.5648880170047,2166670,-0.36252184048197744,0
2024-07-26,2604.800048828125,2620.1248981828116,2581.9327585778365,2617.2424725522474,2135309,0.14221742991367137,0
2024-07-29,2605.328369140625,2613.3990665465953,2587.2651227956057,2604.943905005056,957011,0.020282566899432197,0
2024-07-30,2585.919921875,2646.403005047723,2580.15507083308,2609.1716754019894,1560399,-0.7449520565435241,0
2024-07-31,2599.611328125,2603.4545619829696,2570.210729854959,2598.9868964520315,1751085,0.5294597924003996,0
2024-08-01,2609.123779296875,2618.155286095555,2589.571230917644,2607.63447908741,1886392,0.3659182074243317,0
2024-08-02,2587.025146484375,2651.3512329439095,2576.0717881089126,2605.7128261438243,1738872,-0.8469752561319766,0
2024-08-05,2609.4599609375,2634.5371590152968,2561.70782083409,2571.0757046052054,3118731,0.8672051171830564,0
2024-08-06,2642.271240234375,2663.120736017322,2602.493630934585,2613.495074992731,2296031,1.2573973077972367,0
2024-08-07,2636.5068359375,2672.8254472458775,2628.291875648209,2672.6811852151554,1713875,-0.21816095974930283,0
2024-08-08,2626.081787109375,2651.1108958474742,2613.783391199029,2646.066651142138,1464161,-0.3954114089910199,0
2024-08-09,2639.533203125,2649.909982385296,2612.0542193230376,2647.988365284219,1284031,0.5122238036017634,0
2024-08-12,2640.974365234375,2655.098203741582,2615.7050539259953,2630.693760855518,1297178,0.054599127893850685,0
2024-08-13,2633.960205078125,2649.573342474069,2623.103257193001,2634.5367839801565,1051237,-0.2655898614005503,0
2024-08-14,2615.368896484375,2635.0654712777045,2600.524451664369,2633.5761711471446,946995,-0.7058310356362618,0
2024-08-16,2640.5419921875,2645.682411553872,2604.4635856599443,2630.5975302627953,1727926,0.9625065028861846,0
2024-08-19,2635.0654296875,2651.591289168054,2629.7809828751347,2642.271493522543,1130327,-0.2074029693980739,0
2024-08-20,2643.232177734375,2648.2283348439128,2627.8592422758707,2635.0653057720447,1097889,0.3099258164471319,0
2024-08-21,2681.80859375,2685.555887581203,2635.449584394862,2641.742926879829,1417729,1.4594410714495076,0
2024-08-22,2683.345947265625,2699.8718060680067,2673.065343530661,2693.0980594265625,1552947,0.057325251295248236,0
2024-08-23,2705.252685546875,2710.4409579614417,2662.736906606856,2689.495284360127,2111401,0.8163963466422786,0
2024-08-26,2710.5849609375,2723.84416591014,2693.7229584562397,2705.252661115509,1152244,0.1971082190995732,0
2024-08-27,2658.4609375,2713.419371206562,2651.39913578788,2698.9110690675607,1357212,-1.9229806181567555,0
2024-08-28,2656.010986328125,2672.728959867446,2638.139854967571,2651.8313756571047,1723549,-0.09215674894131887,0
2024-08-29,2676.091552734375,2699.871560249024,2637.419015261057,2661.3911375381203,2129934,0.7560422946145673,0
2024-08-30,2669.126220703125,2705.925236031188,2651.9278410437555,2686.1324855620223,4029712,-0.26028003504338093,0
2024-09-02,2679.7431640625,2698.815073255556,2670.086991109642,2684.499119525131,957950,0.3977685010556842,0
2024-09-03,2684.787109375,2717.118220016506,2666.243459302135,2671.0475015711477,2022116,0.1882249530530844,0
2024-09-04,2729.897216796875,2732.3954127863854,2663.0248497469543,2671.0476947453803,1640986,1.6802117108039916,0
2024-09-05,2727.206787109375,2743.1082143909866,2712.9867746702093,2728.744174508565,1945173,-0.09855424852430739,0
2024-09-06,2727.687255859375,2754.109489722698,2717.262624333097,2717.262624333097,1672730,0.01761761345970836,0
2024-09-09,2807.29052734375,2823.0476940661742,2731.7708798965596,2741.2830254850464,3342754,2.91834305099965,0
2024-09-10,2784.999755859375,2822.471289295926,2774.334687129243,2819.0122846882073,1536584,-0.7940315142753174,0
2024-09-11,2790.33203125,2834.3851966953944,2784.5193272333395,2797.4902425402506,1913665,0.19146412416757297,0
2024-09-12,2840.5341796875,2847.2598392446016,2780.7719373945893,2796.913567246111,2454564,1.7991460469674259,0
2024-09-13,2818.003173828125,2840.534085684311,2804.119538259187,2840.534085684311,1902001,-0.7931960833456264,0
2024-09-16,2754.734130859375,2795.9527214811214,2697.3736760288116,2795.9527214811214,1489057,-2.24517287831163,1
2024-09-17,2760.88330078125,2799.6998714212546,2748.008560355651,2754.734220040867,1098661,0.22322190199737246,0
2024-09-18,2763.141357421875,2780.1476218120856,2749.5457757201657,2761.363767778583,464796,0.0817874714221345,0
2024-09-19,2797.63427734375,2819.3005569204092,2760.7393230916587,2763.5255740396533,1713010,1.2483226683001947,0
2024-09-20,2860.903564453125,2872.193064647857,2781.924915858446,2810.172827301893,3641632,2.261528164054627,0
2024-09-23,2909.85693359375,2916.054102151715,2853.5534557825476,2863.209629130844,1300470,1.7111156681012707,0
2024-09-24,2834.91357421875,2901.64167780885,2830.6380232967213,2901.64167780885,1929308,-2.5754997955326653,1
2024-09-25,2833.376220703125,2844.3295785071546,2791.244908103834,2834.913608154621,1055354,-0.05422929043079616,0
2024-09-26,2869.0703125,2875.555769777395,2825.929870755823,2835.4420155060993,1902889,1.2597724063632132,0
2024-09-27,2849.998046875,2911.2495851769913,2837.0271328816375,2869.070188316413,2977081,-0.6647542077273472,0
2024-09-30,2842.35986328125,2880.4077395503314,2827.2752165821803,2848.0285396637546,1627702,-0.26800662555278576,0
2024-10-01,2809.163818359375,2846.587262073405,2778.0815699262566,2846.587262073405,1184642,-1.167904365337935,0
2024-10-03,2779.955322265625,2808.5393746775317,2748.9692486426334,2794.7516790969526,1233447,-1.0397576639303518,0
2024-10-04,2737.103515625,2799.7962771500656,2706.6459297372667,2777.6976792178584,2456486,-1.5414566664942453,0
2024-10-07,2722.35498046875,2754.109751462268,2714.3323694403375,2733.5004540047285,1280975,-0.5388373173340621,0
2024-10-08,2708.327392578125,2772.893685109007,2689.01504543291,2732.5397229556534,1761488,-0.5152740179463877,0
2024-10-09,2660.430908203125,2715.1010579197173,2652.5042373063156,2712.746889207585,1476282,-1.7684894561217024,0
2024-10-10,2646.7392578125,2678.1576503885535,2626.081874049611,2661.4396754977797,2065078,-0.5146403294446933,0
2024-10-11,2674.122314453125,2680.65585951984,2629.781093616551,2656.4435309289793,679307,1.0345959300598784,0
2024-10-14,2679.791259765625,2694.7797326210543,2656.6356795435354,2682.1932811757006,874010,0.21199274550234293,0
2024-10-15,2672.44091796875,2689.591444565931,2656.8758662364426,2683.6344784180606,1082666,-0.27428784873034795,0
2024-10-16,2672.24853515625,2687.9097600026075,2647.603891932884,2679.8388281777197,1170797,-0.007198767658678218,0
2024-10-17,2631.318115234375,2672.969257705141,2616.713872890363,2670.5191491058513,1368242,-1.531684623768792,0
2024-10-18,2610.613037109375,2632.615459345749,2587.889773879245,2631.318273958351,1137277,-0.7868709604180957,0
2024-10-21,2587.985595703125,2630.6934835378315,2575.398911430661,2608.594889629369,792345,-0.8667481960981993,0
2024-10-22,2576.60009765625,2603.7910250164714,2568.961717025015,2579.8669872871565,1272253,-0.4399366853424014,0
2024-10-23,2555.078125,2587.5054123069553,2518.2791120453326,2518.2791120453326,1431962,-0.8352857191857965,0
2024-10-24,2406.921630859375,2543.2602724519998,2356.479181179084,2543.2602724519998,9216267,-5.798511313254851,1
2024-10-25,2428.9716796875,2440.453292950492,2402.1171322956857,2404.230863823927,2761166,0.9161099615965451,0
2024-10-28,2474.850830078125,2488.110035625909,2421.333838161093,2444.297069791252,852829,1.8888301899233184,0
2024-10-29,2447.8037109375,2484.3625217211766,2436.6103856054533,2484.3625217211766,1695654,-1.092878763112004,0
2024-10-30,2454.817626953125,2462.840471746598,2434.1121568907006,2456.7873312900288,1200637,0.28653915280398845,0
2024-10-31,2429.1640625,2463.03256173984,2425.176801099299,2454.8176022437847,1901355,-1.045029340324799,0
2024-11-01,2438.051513671875,2446.170298398986,2412.9264657934314,2444.248681442397,118532,0.3658645914071501,0
2024-11-04,2425.849365234375,2447.179267173946,2405.384097122094,2447.179267173946,1097260,-0.5004877201762903,0
2024-11-05,2422.534912109375,2431.0860150133867,2408.7472145592574,2421.2377266411363,702046,-0.1366306239991899,0
2024-11-06,2430.650634765625,2451.4513228337587,2425.1103499635406,2444.744462450784,1219166,0.33500952311078525,0
2024-11-07,2406.15673828125,2439.5930367343426,2397.0201443149404,2430.650792943567,1322446,-1.0077094640438489,0
2024-11-08,2437.45458984375,2444.793147696757,2398.1863642528074,2414.3698717211782,1700877,1.3007403493114245,0
2024-11-11,2421.27099609375,2444.452769822316,2405.719186544309,2438.7181349716725,1175577,-0.6639546770402571,0
2024-11-12,2392.548828125,2427.005760537496,2387.202893306927,2425.11043110781,1624222,-1.1862434240152209,0
2024-11-13,2395.902099609375,2403.5323013697825,2381.7596248219456,2393.1320758129814,1262017,0.14015477740543236,0
2024-11-14,2322.27392578125,2395.6590274804553,2316.9279912203806,2391.479431181601,2443393,-3.0730877459529404,1
2024-11-18,2355.02978515625,2357.0710550111958,2309.20064286303,2333.8890447659433,1374215,1.4105079943995236,0
2024-11-19,2342.831787109375,2371.845491684891,2337.728849202436,2363.7779423907036,1133370,-0.5179551496018897,0
2024-11-21,2316.053466796875,2356.828323206402,2309.5411934961326,2356.828323206402,1291829,-1.1429894565985643,0
2024-11-22,2376.75390625,2383.4121196689493,2311.242003100475,2323.9749048547187,1696471,2.6208565701669295,0
2024-11-25,2402.22021484375,2435.5108110459455,2388.7583205124147,2400.8108793992014,4368045,1.071474355286961,0
2024-11-26,2409.7529296875,2425.061742768364,2391.4795053433168,2416.6054934792924,982442,0.3135730353613697,0
2024-11-27,2417.237060546875,2423.1176358895655,2389.1466999635395,2405.816200610109,948232,0.3105766888867656,0
2024-11-28,2393.22900390625,2468.023439226603,2384.48111118336,2416.3623676782477,2540530,-0.993202405857263,0
2024-11-29,2426.228271484375,2437.2604325704724,2386.3283453708796,2386.3283453708796,1795164,1.3788595877896936,0
2024-12-02,2409.704345703125,2420.736506211275,2391.62550835502,2415.390571345119,1006993,-0.6810540448916824,0
2024-12-03,2413.30078125,2421.659736640615,2396.922686625458,2410.530520207273,1641588,0.1492480002075025,0
2024-12-04,2395.464599609375,2423.1662596170304,2387.7373419097,2411.599696499456,1321495,-0.739078269033111,0
2024-12-05,2424.7216796875,2444.550142583365,2381.4195611129917,2396.5340239678508,2071795,1.2213530553904173,0
2024-12-06,2414.22412109375,2425.8879784428123,2405.670578244081,2425.110340492518,1308086,-0.43293870309696336,0
2024-12-09,2333.500244140625,2407.56568396696,2316.5391006147215,2395.9504745627996,3385021,-3.3436778403387657,1
2024-12-10,2330.196044921875,2345.4075655839893,2321.3995041053026,2341.2279687941573,2063838,-0.14159840895867637,0
2024-12-11,2334.083984375,2341.8598900595666,2318.191882211443,2337.63164642286,1718225,0.16685031551735285,0
2024-12-12,2279.263671875,2332.723022634481,2272.508401375754,2318.240493440362,3231056,-2.348686374054332,1
2024-12-13,2323.14892578125,2327.474225501901,2268.0856558037367,2279.2635193052206,2260902,1.9254136521268839,0
2024-12-16,2299.869384765625,2325.9673583202207,2296.8077173885004,2323.343038096719,1247552,-1.002068389042099,0
2024-12-17,2297.05078125,2313.3315812440496,2287.428194383181,2287.428194383181,2131569,-0.12255493874110401,0
2024-12-18,2293.1142578125,2316.2476218485995,2284.220661696739,2284.220661696739,988403,-0.17137293914580853,0
2024-12-19,2293.74609375,2320.086827512877,2270.5640838465265,2281.2559523920368,1655915,0.027553617764453087,0
2024-12-20,2268.523193359375,2307.0140214802755,2259.532302397213,2286.2135686615097,2069691,-1.099637857012703,0
2024-12-23,2273.3828125,2285.8729541778853,2250.395389459062,2271.536130079183,1066199,0.21421950433879733,0
2024-12-24,2270.126953125,2290.9274044487324,2265.801653352284,2265.801653352284,683646,-0.14321650348977366,0
2024-12-26,2267.4052734375,2276.25046019758,2259.5807216577036,2266.919279380392,1033769,-0.11989107850348679,0
2024-12-27,2275.667236328125,2279.9438892300855,2263.031390488396,2277.368215575781,556816,0.3643796275598854,0
2024-12-30,2277.854248046875,2293.0657677973463,2259.87246712566,2275.910271731068,924180,0.0961041967752152,0
2024-12-31,2261.67041015625,2286.747511129924,2258.1711583776264,2274.451957647109,1878762,-0.7104861035117427,0
2025-01-01,2257.0537109375,2271.681942318693,2255.255437992742,2259.872381567988,559893,-0.20412785160995872,0
2025-01-02,2303.612060546875,2312.991651864243,2250.638703036409,2264.7325320988266,1650744,2.062793161888754,0
2025-01-03,2338.846435546875,2346.9626313452286,2298.5575750577605,2315.130020118565,1274239,1.5295272847128283,0
2025-01-06,2309.63818359375,2351.190676808784,2295.4957086180993,2350.2673355310308,900419,-1.2488315397370386,0
2025-01-07,2323.829345703125,2334.958562700219,2308.714882320198,2310.5615649077026,922768,0.6144322608701458,0
2025-01-08,2333.74365234375,2341.519557890918,2301.668041961683,2324.0237704097904,953351,0.4266366056077775,0
2025-01-09,2367.1796875,2404.358231754575,2319.5522713307405,2337.679991498679,2425267,1.432720989842684,0
2025-01-10,2373.6435546875,2387.2027410371884,2346.184891237052,2367.1796915296013,1651911,0.27306195730019134,0
2025-01-13,2382.343017578125,2391.5769052431565,2341.5681610860565,2349.344066488188,2595013,0.3665024966973407,0
2025-01-14,2301.619140625,2398.8665960829653,2297.8771288752246,2395.950631825166,2052741,-3.3884237642314186,1
2025-01-15,2306.52783203125,2318.0943958552334,2284.2693987793928,2307.40252642736,1215150,0.2132712280502158,0
2025-01-16,2279.312255859375,2313.3318417677237,2260.8931275207856,2310.3672303924936,2762596,-1.1799370375647045,0
2025-01-17,2288.060302734375,2312.651652513846,2277.36843216085,2284.1723497985477,1333005,0.3838020373255757,0
2025-01-20,2279.506591796875,2301.6679693677006,2270.224057382351,2290.441458627697,1382273,-0.3738411495220584,0
2025-01-21,2274.93798828125,2310.7071953095374,2267.1134371654116,2287.5738326938354,1842885,-0.20042071964457842,0
2025-01-22,2277.3193359375,2295.835755601157,2266.8704644841923,2276.93063564134,2658047,0.10467747554072648,0
2025-01-23,2256.664794921875,2275.7158571987056,2190.7155426543577,2250.152521908459,3408925,-0.9069672702323173,0
2025-01-24,2301.76513671875,2314.1093382473864,2257.9283780654696,2267.5025558634734,1688664,1.9985396988672521,0
2025-01-27,2325.82177734375,2342.199634147266,2295.0095652975047,2298.7518143345746,2477358,1.0451388041828436,0
2025-01-28,2321.933837890625,2339.575326759144,2312.7970074864847,2333.7433982337784,1892156,-0.1671641176894223,0
2025-01-29,2317.1708984375,2328.8834020727195,2297.779784014987,2318.3372366543103,699576,-0.20512812963920934,0
2025-01-30,2341.276611328125,2357.071419811397,2317.2199030228335,2317.2199030228335,1419960,1.0403079421927863,0
2025-01-31,2399.64453125,2409.5587634942135,2334.229677503571,2334.229677503571,2116148,2.4929954726180314,0
2025-02-01,2435.85107421875,2529.1132944774954,2366.936968510051,2405.6707931713304,2970999,1.5088294327447516,0
2025-02-03,2373.54638671875,2449.410108368866,2348.809336060859,2434.830286295242,2528480,-2.5578200637731086,1
2025-02-04,2369.755615234375,2381.370825473779,2335.5416818552712,2381.370825473779,1992474,-0.1597091805572659,0
2025-02-05,2324.072265625,2384.28688281628,2320.1356662382636,2384.28688281628,1357416,-1.927766277488352,0
2025-02-06,2306.236083984375,2341.470652098705,2294.1835266397707,2332.7714061901434,1132113,-0.7674538311238099,0
2025-02-07,2297.634033203125,2315.226874422086,2270.6613649765723,2313.3315451962494,855602,-0.3729909024053013,0
2025-02-10,2295.301025390625,2330.827234409639,2286.1644330705235,2304.4862645712956,1326354,-0.10153957413520098,0
2025-02-11,2250.3955078125,2311.3391158277254,2232.2193773239997,2304.5838458151115,1389260,-1.9564108185105122,0
2025-02-12,2267.162109375,2274.354725969566,2240.5297319283436,2260.5525432249356,1341909,0.7450513256133329,0
2025-02-13,2256.470458984375,2279.8954679957756,2248.5488505922667,2264.8296518793604,1334967,-0.4715873799413628,0
2025-02-14,2253.40869140625,2299.7238291391645,2248.597160502172,2256.9563530266864,1135380,-0.13568835195401086,0
2025-02-17,2264.14892578125,2270.564141993552,2235.572571312144,2253.4086473996276,1409168,0.47662168056596954,0
2025-02-18,2231.684814453125,2273.042958104678,2223.908909176285,2264.149124063214,1035705,-1.4338328613663576,0
2025-02-19,2187.36181640625,2241.1128031202393,2185.0291400031115,2234.3575336219537,1521343,-1.9860778618837505,0
2025-02-20,2185.077880859375,2191.2985097365113,2164.1314899859503,2187.3619104978293,2206196,-0.10441507800604821,0
2025-02-21,2178.857177734375,2190.4239792926655,2164.034358200554,2185.078044378828,1781509,-0.28469022452204396,0
2025-02-24,2178.662841796875,2187.9453763046404,2156.647404610398,2167.533624682074,1627949,-0.008919168244980735,0
2025-02-25,2196.0126953125,2206.024219899787,2175.2606550849946,2180.169242301758,1988040,0.796353303630748,0
2025-02-27,2182.064453125,2206.072509704585,2170.546537494994,2206.072509704585,1699658,-0.6351621835917975,0
2025-02-28,2128.89697265625,2186.584562304575,2124.620319863376,2182.1619689131203,3683249,-2.436567828810343,1
2025-03-03,2115.87255859375,2137.4020017993853,2098.0364806202697,2137.4020017993853,1306470,-0.6117916568902482,0
2025-03-04,2096.918701171875,2118.934137542599,2076.166659537152,2118.8854906754163,1800330,-0.8957939052091191,0
2025-03-05,2109.651611328125,2130.500709473983,2089.7745013224167,2091.7184776027166,1145673,0.6072200199814137,0
2025-03-06,2156.792724609375,2167.338889327485,2103.139034482918,2114.0738994802296,1856868,2.234544937567784,0
2025-03-07,2142.79638671875,2164.3258279458114,2127.876274648227,2164.3258279458114,1738356,-0.6489421876717416,0
2025-03-10,2184.786376953125,2203.642852252801,2133.173710965246,2146.149847764431,1242387,1.9595884375497752,0
2025-03-11,2154.84912109375,2199.074582727622,2149.3088359977787,2177.2534958213787,1325891,-1.370260093855269,0
2025-03-12,2131.47265625,2167.4848636040488,2123.794045012546,2155.237955656902,1526212,-1.0848307018305192,0
2025-03-13,2113.879638671875,2148.0449233865756,2103.8194675285085,2123.793869228055,1845629,-0.8253926001132617,0
2025-03-17,2110.42919921875,2133.951264191827,2096.0923744917604,2100.4663210186386,1111886,-0.16322781060954528,0
2025-03-18,2110.42919921875,2110.42919921875,2110.42919921875,2110.42919921875,0,0.0,0
2025-03-19,2138.422607421875,2150.8641033799995,2132.007390619496,2145.177877700536,1341405,1.3264319984526152,0
2025-03-20,2179.5859375,2185.9038599093537,2127.1472289627195,2142.164397075367,1426689,1.924938968343226,0
2025-03-21,2183.27978515625,2192.027678706935,2163.451321362083,2182.1134468098517,2152415,0.1694747425507348,0
2025-03-24,2192.99951171875,2202.525042593678,2178.225340005486,2187.2162299631173,1454404,0.4451892344986108,0
2025-03-25,2207.676513671875,2227.7966189216772,2180.5094950332496,2187.7021117094087,2229340,0.6692660839501041,0
2025-03-26,2183.03662109375,2216.035569558241,2175.1150130163032,2208.3569585052783,1416907,-1.1161006798565465,0
2025-03-27,2181.773193359375,2197.5680014294758,2138.3740156444046,2181.3358461347175,3752627,-0.05787478424168491,0
2025-03-28,2195.575439453125,2231.684702856062,2177.5450125337175,2184.057285417061,2280152,0.632615990321983,0
2025-04-01,2171.27587890625,2220.652688338022,2157.8137477663568,2195.7212865784686,2495962,-1.106751337723455,0
2025-04-02,2175.212158203125,2180.8497368615344,2128.7026682002793,2180.8497368615344,1351493,0.18128876828207297,0
2025-04-03,2181.676025390625,2189.791983972201,2158.3969569161945,2163.110957010432,1310088,0.2971603097713382,0
2025-04-04,2181.676025390625,2203.5457585235163,2159.7576453904135,2167.5335505043304,1120226,0.0,0
2025-04-07,2186.39013671875,2198.248582462212,2089.7746056836772,2089.7746056836772,3435185,0.21607751440917422,0
2025-04-08,2225.123779296875,2241.598930289759,2189.2575129830993,2204.760675866648,2774874,1.7715796429751185,0
2025-04-09,2284.17236328125,2288.206019555254,2225.367074779754,2229.69237498603,2989089,2.653721313563695,0
2025-04-11,2299.869384765625,2327.765631098383,2278.6802355299874,2327.522634090619,3836083,0.6872082745028152,0
2025-04-15,2295.349853515625,2332.7713946379417,2279.506400333353,2332.7713946379417,3042779,-0.19651251849072127,0
2025-04-16,2300.30712890625,2309.443722111737,2285.14401964844,2285.14401964844,1131979,0.2159703621228859,0
2025-04-17,2308.4716796875,2313.2343263375133,2277.4653549947234,2291.0731880539342,1962402,0.3549330730080458,0
2025-04-21,2285.143798828125,2305.9442472059845,2283.005472678344,2301.764888627587,1478430,-1.010533551901005,0
2025-04-22,2331.508056640625,2338.603617987649,2289.1295133424655,2303.612042656163,2352346,2.028942679068013,0
2025-04-23,2355.90478515625,2369.706968604088,2326.35620477454,2342.49130202455,2226066,1.0463926318477812,0
2025-04-24,2260.1640625,2417.723197131752,2252.193807236699,2355.904893997615,7065430,-4.0638621416060445,1
2025-04-25,2266.870849609375,2276.2990877598427,2230.1296479129974,2266.5792056868227,2859858,0.29673895009003637,0
2025-04-28,2253.65185546875,2283.2002007794895,2250.1526031522,2279.3122481174555,1555660,-0.5831383884486785,0
2025-04-29,2256.664794921875,2267.1623141907044,2247.8198453161813,2262.7883676038414,1896387,0.13369143267687456,0
2025-04-30,2276.493408203125,2286.601989452575,2251.1244240476785,2255.012376420818,2083807,0.8786689687307447,0
2025-05-02,2253.65185546875,2279.3122481174555,2245.2926623246576,2268.7176720341317,1424284,-1.003365643496601,0
2025-05-05,2282.8115234375,2288.934859100469,2254.1378722660597,2258.997813142575,2074103,1.2938852067141848,0
2025-05-06,2315.08154296875,2323.1490924917193,2274.646738914956,2274.646738914956,1888125,1.413608578716885,0
2025-05-07,2304.3896484375,2320.038515916267,2289.3238314916816,2302.640022235044,1610400,-0.461836627902934,0
2025-05-08,2288.9345703125,2305.4583672078948,2275.424031301092,2295.544136531012,2323073,-0.6706798971901073,0
2025-05-09,2267.551025390625,2277.0765565746965,2237.8083308384716,2264.73235471963,1805685,-0.9342139001795702,0
2025-05-12,2315.76171875,2320.135665333158,2280.381445753612,2293.891985834208,1274873,2.1261128336051316,0
2025-05-13,2293.89208984375,2330.827640442929,2286.893822453739,2309.0552002736067,1929665,-0.9443816576281794,0
2025-05-14,2284.657958984375,2303.611726353103,2272.994102142081,2303.611726353103,1568111,-0.40255297536703205,0
2025-05-15,2289.226318359375,2303.514495923454,2274.4521467468458,2285.727303591603,3236681,0.19995813189606082,0
2025-05-16,2314.692626953125,2320.135855846509,2283.2003038891703,2293.8921741926106,1473000,1.112441718388113,0
2025-05-19,2315.9560546875,2337.6314373045693,2308.4717935959884,2308.4717935959884,936655,0.054582959295035316,0
2025-05-20,2275.521484375,2327.5228488343587,2272.9942203403725,2327.5228488343587,1617408,-1.7459126752712106,0
2025-05-21,2297.6826171875,2309.1521244400974,2279.3121366782702,2280.284124796257,1570754,0.973892488586503,0
2025-05-22,2265.412841796875,2296.9054017400363,2248.305991922015,2289.0322024287943,2423653,-1.4044487758768542,0
2025-05-23,2293.1142578125,2298.2658421573706,2264.3435526876015,2271.438875913527,844118,1.2227976951721065,0
2025-05-26,2327.037109375,2330.147424241296,2297.8774625625742,2301.6681217274645,892618,1.4793354254776903,0
2025-05-27,2313.526123046875,2342.0054230052847,2294.183653984274,2327.0369005720772,1865258,-0.5806089758385369,0
2025-05-28,2295.8359375,2321.107628598645,2286.1160563082135,2321.107628598645,897517,-0.7646417030112151,0
2025-05-29,2300.404296875,2309.4438340900037,2289.518077103958,2302.6399170703785,1111275,0.19898457465452601,0
2025-05-30,2282.519775390625,2308.374517293052,2277.8541849016656,2293.891989062484,3288892,-0.7774512292761049,0
2025-06-02,2305.167236328125,2317.2197947019963,2277.9515675984035,2282.1309268833143,1178205,0.9922131313681248,0
2025-06-03,2286.407958984375,2312.8459913579845,2276.979720621593,2298.8494557783715,1643913,-0.8137924679873287,0
2025-06-04,2298.26611328125,2301.279371640828,2276.493672385733,2293.406172250839,3287896,0.5186368535098351,0
2025-06-05,2309.832763671875,2313.332016264262,2283.1030870133595,2298.2661985112804,1787978,0.5032772455628054,0
2025-06-06,2322.857177734375,2329.369450456811,2303.7090598811487,2306.8193742991416,997488,0.5638682707831855,0
2025-06-09,2326.162109375,2331.79968838711,2311.67958013692,2326.939747394223,1293622,0.1422787277799209,0
2025-06-10,2328.105712890625,2332.9656531051187,2311.776266309573,2326.356086953054,1778782,0.08355408712883428,0
2025-06-11,2309.832763671875,2335.5904520882627,2304.875766018113,2328.106190084242,1977707,-0.7848848580016554,0
2025-06-12,2267.356689453125,2321.107681120332,2258.997733820115,2320.038399244325,3339584,-1.838924223727223,0
2025-06-13,2254.04052734375,2259.7751625270976,2237.5167287388153,2240.4326931985097,1740682,-0.5872989535046114,0
2025-06-16,2262.205078125,2271.1475587596,2248.3058377118327,2255.0124608859933,1105297,0.36221845535631125,0
2025-06-17,2263.37158203125,2267.745528476323,2248.3057664982202,2255.012389459953,1119284,0.051564905301026975,0
2025-06-18,2232.9482421875,2266.09289301594,2221.4787354933574,2262.496584614853,2056563,-1.3441601938134595,0
2025-06-19,2229.93505859375,2243.154191716161,2226.144399912506,2235.6699307829094,1214549,-0.13494193626262252,0
2025-06-20,2241.59912109375,2248.2086882601934,2228.1856365828094,2230.712900802916,2685864,0.5230673626592353,0
2025-06-23,2234.62548828125,2245.3314785900775,2218.517104573964,2242.777637332428,842856,-0.3111008006238536,0
2025-06-24,2222.839111328125,2260.0647671143856,2220.0888759075924,2254.171508269237,2440747,-0.5274430554441767,0
2025-06-25,2238.1611328125,2249.751254907696,2230.9909542436453,2238.455843673713,1047270,0.6892996171558474,0
2025-06-26,2240.22412109375,2250.2426129211913,2231.187839049338,2248.179876457905,1874722,0.0921733583433948,0
2025-06-27,2265.859375,2269.395425704689,2238.7505321874146,2240.223846681488,1050745,1.1443164844477272,0
2025-06-30,2253.7783203125,2275.7797201777867,2247.295640814318,2268.8059358629935,1403754,-0.5331776023170032,0
2025-07-01,2254.662353515625,2261.636138264844,2245.9207831543013,2259.082297140465,759914,0.03922449671103223,0
2025-07-02,2266.05615234375,2267.9222549022306,2246.9030627072866,2254.171318752975,1128034,0.5053439070537014,0
2025-07-03,2272.243896484375,2285.503727857006,2263.011220929018,2268.9044793168537,1060039,0.27306225991907684,0
2025-07-04,2297.683349609375,2299.7458462360423,2269.199266444391,2276.762233670115,1242346,1.119574054720096,0
2025-07-07,2367.51806640625,2372.723825559003,2299.3528119827433,2299.3528119827433,2701583,3.0393533908293913,0
2025-07-08,2350.133056640625,2375.474114379278,2343.552299734942,2362.607071634493,1471046,-0.7343137107297504,0
2025-07-09,2380.286865234375,2396.29693113012,2354.45494224249,2356.3210447333263,1741690,1.283068144101307,0
2025-07-10,2365.5537109375,2390.6983748083844,2354.946038170592,2380.2868562218573,1053695,-0.6189654915994436,0
2025-07-11,2474.77587890625,2484.9907647872415,2417.218289383953,2455.5244711336377,7242235,4.6171924764905725,0
2025-07-14,2471.828857421875,2487.445894661949,2445.7019852747294,2455.5240816011337,2427712,-0.11908235850744964,0
2025-07-15,2481.94580078125,2484.8924301255456,2465.3465513939755,2475.8561480958347,1700294,0.4092897988870803,0
2025-07-16,2472.811279296875,2487.8388961282812,2462.890865236824,2481.356455874828,1284379,-0.36803871710251457,0
2025-07-17,2465.14990234375,2480.472229470397,2461.613851577524,2468.2929253596812,807474,-0.30982457162292976,0
2025-07-18,2445.309326171875,2470.1590393490687,2437.353331809416,2470.1590393490687,771112,-0.8048425839342066,0
2025-07-21,2421.048828125,2449.2384410834075,2411.717835071157,2446.5862827986753,1169960,-0.992123891534602,0
2025-07-22,2435.585205078125,2440.7909641482383,2408.967467617087,2426.057819495432,861632,0.6004165130524264,0
2025-07-23,2406.806640625,2442.755612873297,2398.5561747634065,2436.8623544586453,1320795,-1.1815872585004383,0
2025-07-24,2394.430908203125,2422.1291744035116,2377.9297369143965,2412.2087602925917,693984,-0.5141972027574826,0
2025-07-25,2372.42919921875,2385.3945590187477,2362.6071022777146,2382.9390347834888,769388,-0.9188700709216069,0
2025-07-28,2398.163330078125,2404.7440871927433,2369.384537540986,2372.429243771511,987995,1.0847164951371058,0
2025-07-29,2409.949951171875,2413.7804732980653,2386.4749941452433,2401.3064573670335,732282,0.4914853357117277,0
2025-07-30,2394.037841796875,2409.262092241855,2355.829980147422,2398.5561023639793,1224146,-0.6602672129046749,0
2025-07-31,2476.34716796875,2503.652646914568,2377.0459063535795,2377.0459063535795,5505507,3.4380962879891896,0
2025-08-01,2508.268798828125,2678.976888284892,2491.767628330378,2504.6346709904583,4259653,1.289061213721454,0
2025-08-04,2498.44677734375,2537.2440606709806,2489.9999177635377,2501.688117328015,1293028,-0.39158568208335076,0
2025-08-05,2489.60693359375,2507.5814194600316,2472.516580355361,2492.357168773925,756361,-0.3538135705015155,0
2025-08-06,2490.4912109375,2517.501979853343,2481.651322928679,2493.535917373264,885487,0.03551875325449316,0
2025-08-07,2472.712890625,2498.741447368421,2450.613172635303,2490.5890589949863,847151,-0.7138479443100532,0
2025-08-08,2454.1494140625,2484.892387860569,2442.362896885792,2471.2397680498043,839794,-0.7507331980547094,0
2025-08-11,2473.596923828125,2479.5884991865532,2434.4068509541976,2445.800579905625,992436,0.7924338124724262,0
2025-08-12,2439.612548828125,2491.47326996814,2435.9784208260676,2473.2040732697083,1406211,-1.3738849152272525,0
2025-08-13,2450.71142578125,2456.9974717047967,2429.397284258838,2440.7910122672074,969803,0.4549442475386689,0
2025-08-14,2436.469482421875,2464.3641420365734,2429.200986749531,2454.44372812859,1104362,-0.5811350618253552,0
2025-08-18,2522.412841796875,2550.798606380226,2476.445379598451,2493.830443434499,3089136,3.527372700337361,0
2025-08-19,2558.4599609375,2568.47845225644,2512.8852854397333,2526.439827717028,1400717,1.4290729314138106,0
2025-08-20,2622.303466796875,2632.3219576313877,2542.449771391361,2552.762973091036,3156954,2.495388117622954,0
2025-08-21,2600.891357421875,2619.651659128844,2580.559664029887,2619.651659128844,2235686,-0.8165381942294658,0
2025-08-22,2583.11328125,2611.20457553655,2572.4072910777595,2599.9091636055095,1223445,-0.683537823336744,0
2025-08-25,2584.782958984375,2595.980052850747,2568.674577169291,2595.980052850747,667598,0.06463819246700364,0
2025-08-26,2644.697998046875,2656.877302702266,2577.9077368329176,2577.9077368329176,4348648,2.3179911046009805,0
2025-08-28,2607.17724609375,2699.1121669118434,2599.7125964973993,2699.1121669118434,3198743,-1.4187159358397206,0
2025-08-29,2612.4814453125,2674.5570512791683,2594.4086426961376,2617.392493882605,1972773,0.2034460536466165,0
2025-09-01,2602.364501953125,2625.7411398904956,2592.346011350618,2612.4813094408382,1096729,-0.3872541708392796,0
2025-09-02,2629.37548828125,2644.5014224406004,2598.043093323752,2601.8736154116664,1525106,1.0379401620277617,0
2025-09-03,2617.294189453125,2639.099197248745,2611.00814317238,2633.304255827349,1010692,-0.45947407975656107,0
2025-09-04,2619.16064453125,2701.0768426775303,2608.2580202655204,2701.0768426775303,2494678,0.07131239146314083,0
2025-09-05,2586.551025390625,2625.348310000531,2577.1219557941918,2620.1427902324845,944879,-1.2450408190392226,0
2025-09-08,2577.219970703125,2597.5519036054347,2572.210845043877,2583.2115458729263,903410,-0.3607527783485609,0
2025-09-09,2594.998291015625,2599.123524215233,2564.844498121878,2590.087242016731,1610956,0.6898254908233481,0
2025-09-10,2596.471435546875,2605.704111140776,2572.407297029418,2594.9981209437656,1031486,0.05676861277135181,0
2025-09-11,2575.353759765625,2610.418597093595,2567.4960823902916,2596.765978572866,1212707,-0.8133220913636663,0
2025-09-12,2534.59228515625,2582.131141611505,2523.296872918584,2578.300619467218,1368380,-1.5827524453605357,0
2025-09-15,2535.083251953125,2547.262556392294,2522.7073137348634,2534.5921470999765,752745,0.01937064196677607,0
2025-09-16,2534.985107421875,2543.9233122758214,2526.8329581431617,2542.1552867248165,1040928,-0.003871451999626352,0
2025-09-17,2523.984130859375,2545.0035615909655,2520.8411078875088,2540.9764060412954,970247,-0.4339661219425528,0
2025-09-18,2540.780029296875,2563.468928857849,2525.162751622593,2525.162751622593,1550153,0.6654518240485574,0
2025-09-19,2514.064208984375,2558.3617254823207,2509.3495541555926,2553.745387548905,2214708,-1.0514810414301468,0
2025-09-22,2526.439697265625,2541.1728425025335,2514.6531810760985,2523.2966742412086,1174161,0.49225028688704153,0
2025-09-23,2477.3291015625,2529.484529270965,2473.4002630096147,2523.1982437079832,1430474,-1.94386573945452,0
2025-09-24,2504.143798828125,2530.1723576313984,2465.3465130647555,2477.3294242524616,1882881,1.0824035146849154,0
2025-09-25,2493.142822265625,2521.8232963129217,2486.758459490149,2500.7057886709636,1624258,-0.43931089610941276,0
2025-09-26,2467.1142578125,2500.1163583210514,2454.9347142199126,2489.901473834488,885612,-1.0440061524221722,0
2025-09-29,2453.461669921875,2472.6147602913434,2399.538449877524,2450.6133575294402,2403556,-0.5533828782915862,0
2025-09-30,2469.66796875,2481.3564080346573,2447.273779473271,2453.461508732884,1678088,0.6605482786548267,0
2025-10-01,2491.080322265625,2504.6348647874647,2453.4616408468078,2470.650311487506,1483899,0.8670134522764439,0
2025-10-03,2499.625244140625,2503.2596116860273,2463.676514803471,2491.080068139014,1242611,0.3430207287426379,0
2025-10-06,2496.58056640625,2504.2418497280028,2475.3647417917477,2490.0978867192407,818923,-0.12180536828518829,0
2025-10-07,2472.418212890625,2513.8674143383946,2463.676642465363,2494.812642046405,1291750,-0.9678178962358119,0
2025-10-08,2455.62255859375,2480.0794841222178,2441.8716228402013,2466.328548368669,1225128,-0.6793209259382649,0
2025-10-09,2472.811279296875,2478.1151158494545,2453.854583800399,2456.506502076689,1259173,0.6999740511004493,0
2025-10-10,2483.909912109375,2489.8031700666565,2461.908511654435,2465.3462454628498,1018875,0.4488265200592201,0
2025-10-13,2448.452392578125,2486.5621769669815,2441.183896906515,2474.3826327864285,1114750,-1.4274881451372345,0
2025-10-14,2457.783447265625,2464.560598461446,2438.139252730148,2448.648848847169,1461017,0.38110010698124697,0
2025-10-15,2474.186279296875,2486.75861164498,2458.07813584284,2458.07813584284,881070,0.6673831272441255,0
2025-10-16,2515.93017578125,2522.8056437611326,2462.498063399367,2473.0076593520143,1446646,1.6871767834812257,0
2025-10-17,2557.37939453125,2568.478412302955,2514.4568778185712,2519.85903126701,2050690,1.6474709492734219,0
2025-10-20,2548.244873046875,2578.00587635619,2539.6016191065405,2562.585231279587,1011485,-0.3571828843193292,0
2025-10-21,2545.5927734375,2560.3259186012747,2539.11033344381,2547.8519036554026,82020,-0.1040755398912685,0
2025-10-23,2555.31689453125,2619.7497080594576,2549.914741090149,2554.727472782394,3386744,0.3819982989902604,0
2025-10-24,2471.632568359375,2538.0300447047853,2430.478074931111,2538.0300447047853,3110800,-3.2749099084724675,1
2025-10-27,2467.1142578125,2480.0793772907623,2461.4173938576832,2471.6322783442465,2127832,-0.1828067247824805,0
2025-10-28,2452.676025390625,2481.0617908155573,2437.7462455795494,2474.186322669988,2294976,-0.585227553857881,0
2025-10-29,2443.836181640625,2468.8825303347708,2439.8090257355866,2467.900320582059,1870143,-0.3604162823988233,0
2025-10-30,2425.665283203125,2452.5777343086565,2411.22660810764,2446.684475836149,1195631,-0.7435399546831034,0
2025-10-31,2421.63818359375,2435.389120349099,2409.2622445950133,2425.075917782587,1401937,-0.16602041663625888,0
2025-11-03,2416.23583984375,2430.8706683206365,2396.8863568906377,2412.405317967791,1049185,-0.2230863300141217,0
2025-11-04,2402.1904296875,2419.4774178690022,2397.86880254078,2416.236077610307,1251588,-0.5812930147231943,0
2025-11-06,2392.662841796875,2420.066396652233,2389.3234247182095,2420.066396652233,1329256,-0.39662084124880703,0
2025-11-07,2389.693115234375,2400.582354781839,2376.4281382767645,2392.662907838229,817896,-0.12411805418726107,0
2025-11-10,2384.54541015625,2404.8389919884094,2379.7936938785956,2380.7836246996762,780558,-0.2154128095071428,0
2025-11-11,2403.05712890625,2409.194651815599,2378.9029129343594,2397.8104470854564,1422399,0.7763206635174491,0
2025-11-12,2400.08740234375,2410.283738675327,2391.870927758796,2406.126077343887,1680827,-0.12358118859420175,0
2025-11-13,2383.357666015625,2406.5219517661053,2380.7837490734196,2404.542090020514,1256059,-0.6970469621976227,0
2025-11-14,2403.255126953125,2405.729954130381,2367.91464319838,2380.882834280137,975973,0.8348499774590401,0
2025-11-17,2400.582275390625,2413.847251909541,2391.672897873711,2406.9177360630524,920038,-0.11121796984944199,0
2025-11-18,2379.793701171875,2398.503297074712,2377.7147497683018,2391.474933232895,1229034,-0.8659804928105364,0
2025-11-19,2417.015380859375,2426.023607035294,2386.7233986621463,2387.7133295616327,1465143,1.5640716953394307,0
2025-11-20,2403.947998046875,2434.239978963932,2400.5823298037967,2420.480036715518,1396929,-0.5406412766746138,0
2025-11-21,2409.19482421875,2418.5991679296735,2388.703302574577,2411.6696515110984,1840712,0.21825872174181526,0
2025-11-24,2399.790283203125,2420.281803162537,2388.703106181435,2417.312010655888,4092327,-0.39036033620380994,0
2025-11-25,2389.792236328125,2399.7903932161203,2381.7736995196474,2397.612593614541,1240672,-0.41662169169445207,0
2025-11-26,2400.7802734375,2403.2551005876053,2384.7434418412868,2387.713234421413,1242683,0.4597904764414906,0
2025-11-27,2427.013427734375,2434.932874570679,2400.5823222546774,2401.6713428676044,1872248,1.0926928460351704,0
2025-11-28,2441.763671875,2445.129340285854,2422.5588672698223,2425.3307221458876,973225,0.6077528855863878,0
2025-12-01,2439.6845703125,2462.9479451967945,2434.042012825968,2441.7635217623283,1924828,-0.08514753440096445,0
2025-12-02,2452.850830078125,2459.3842290026473,2435.2300117380223,2446.119251627908,2179406,0.5396705756899767,0
2025-12-03,2423.350830078125,2459.879183417393,2378.903029581739,2453.2466947597763,3535932,-1.2026821867133441,0
2025-12-04,2437.40771484375,2457.9983250655837,2398.8004113086886,2415.431298091029,2587753,0.5800598324911865,0
2025-12-05,2315.052490234375,2397.6126302941066,2263.674931718664,2397.6126302941066,4008271,-5.019891578427149,1
2025-12-08,2290.699951171875,2331.3862051452247,2278.8207811571547,2326.4365509724244,1898154,-1.0519216806196274,0
2025-12-09,2283.275634765625,2306.934886746879,2274.960311827886,2294.659840185007,1471488,-0.32410689153993255,0
2025-12-10,2278.52392578125,2293.570827267341,2271.891437024881,2283.2756424827394,2857290,-0.20810930191802468,0
2025-12-11,2282.384765625,2289.710157566845,2268.9216087951613,2273.1783599753567,1108032,0.16944477958142912,0
2025-12-12,2237.837890625,2285.750449542293,2222.097844295659,2283.6714979780418,3203114,-1.9517688547049827,0
2025-12-15,2270.406494140625,2275.8511140306505,2229.32436224316,2237.83786456232,1274115,1.4553602676970145,0
2025-12-16,2258.13134765625,2279.513708903146,2253.0826036728013,2270.3073037063286,1256042,-0.5406585347625725,0
2025-12-17,2252.686767578125,2263.179889712154,2245.460223944765,2258.230235399214,808100,-0.24110998165700614,0
2025-12-18,2242.6884765625,2255.35964054673,2232.5912296171614,2247.1431656574155,1057295,-0.44383849363904826,0
2025-12-19,2257.04248046875,2261.7941971851546,2240.906558258753,2240.906558258753,1237214,0.6400355669661018,0
2025-12-22,2266.44677734375,2271.8913972500136,2257.0424338692947,2257.0424338692947,790773,0.41666459343940865,0
2025-12-23,2279.414794921875,2286.7401862916095,2257.7351650294536,2266.2486667249427,1128801,0.5721739291545846,0
2025-12-24,2259.22021484375,2281.790687332576,2255.161643229268,2279.414949884213,519380,-0.8859545933945334,0
2025-12-26,2262.387939453125,2266.9417181800486,2252.092754960529,2259.3192987304974,533626,0.14021318455643694,0
2025-12-29,2270.20849609375,2275.554026080165,2257.0423672814736,2265.8526552878384,1086695,0.3456770832377831,0
2025-12-30,2267.1396484375,2274.8611576222947,2260.0121944524367,2270.208530832208,1556717,-0.13517911070857203,0
2025-12-31,2292.580810546875,2302.0842435941418,2263.773967171593,2266.941697626568,1324220,1.1221700492472397,0
2026-01-01,2299.609375,2302.5791675634955,2276.8409653465346,2298.6194441455013,758866,0.3065787003359022,0
2026-01-02,2324.357666015625,2333.959947048983,2298.61946358104,2302.5791870325143,973413,1.0761954306098165,0
2026-01-05,2360.09423828125,2369.8944570321323,2312.8743433478985,2317.923087360375,1344113,1.5374816358139975,0
2026-01-06,2400.285400390625,2403.65131045372,2343.958428959233,2374.646286801663,1584720,1.7029473424181818,0
2026-01-07,2375.239990234375,2397.5134344101753,2358.0152900780245,2391.672939054789,892690,-1.0434346745672007,0
2026-01-08,2362.66796875,2393.7519432044614,2344.255399502143,2364.944858096775,1163828,-0.5292947885714216,0
2026-01-09,2348.7099609375,2361.9749372567057,2337.2266667489866,2358.0152139754705,1189464,-0.590773142782508,0
2026-01-12,2381.9716796875,2389.5940992696505,2337.226851410769,2338.216782309291,1057665,1.416169697544234,0
2026-01-13,2365.439697265625,2397.8103867825116,2341.1863921461404,2390.782022961365,1519683,-0.6940461367720308,0
2026-01-14,2329.80224609375,2374.7450098298477,2317.428110518576,2374.7450098298477,1027639,-1.50658886857572,0
2026-01-15,2329.80224609375,2329.80224609375,2329.80224609375,2329.80224609375,0,0.0,0
2026-01-16,2336.6328125,2349.0069488178538,2325.2486070875743,2346.1362458650515,1367606,0.29318223972452095,0
2026-01-19,2389.593994140625,2400.978198972787,2329.30730174585,2329.30730174585,1505238,2.2665598701389955,0
2026-01-20,2355.14453125,2414.441291216623,2344.6511677927724,2398.602397957309,1460806,-1.4416450231753308,0
2026-01-21,2344.15625,2376.329002586571,2336.2368032094596,2355.1445790948096,1020245,-0.4665650495839446,0
2026-01-22,2366.52880859375,2377.8139237153,2341.879385191128,2345.04711560399,1745964,0.9543970711743288,0
2026-01-23,2385.238525390625,2409.7888602718917,2352.8678330006896,2375.8341817545133,1378097,0.790597466167875,0
2026-01-27,2376.724853515625,2397.216615218734,2356.5303610828705,2387.713182496065,2060117,-0.35693167724623054,0
2026-01-28,2354.451416015625,2395.8305735138733,2317.0322235644744,2378.902901138909,1797593,-0.9371483395334335,0
2026-01-29,2328.911376953125,2350.7887033771153,2288.720088416137,2346.6310422104034,1478536,-1.0847554079378985,0
2026-01-30,2349.10595703125,2360.985127484,2316.4382382861886,2317.428169157251,2090462,0.8671253134820978,0
2026-02-02,2333.56396484375,2336.236729715009,2279.810673107486,2332.3760961990047,1375089,-0.6616130762846284,0
2026-02-03,2344.750244140625,2375.734885556113,2319.704945981085,2365.934667080886,1553270,0.4793645884750397,0
2026-02-04,2347.1259765625,2369.3994200347297,2333.0690072409366,2336.830792697157,1232755,0.10132134233962198,0
2026-02-05,2330.693115234375,2398.6024687612185,2327.921502178045,2338.7116518565326,1962066,-0.7001269421504142,0
2026-02-06,2399.790283203125,2404.5419995502302,2313.963328097432,2330.693062545289,1421995,2.964661778811739,0
2026-02-09,2410.481689453125,2414.441412967627,2377.813970458483,2400.58238066687,958484,0.44551419033707074,0
2026-02-10,2428.89453125,2433.3492202602692,2405.6311553074825,2410.4817200012817,792532,0.7638656571190339,0
2026-02-11,2438.1005859375,2445.723246803812,2422.360782146142,2435.2298831546827,1137856,0.37902241406762016,0
2026-02-12,2385.436279296875,2454.6325895142136,2326.436546675471,2450.078811010715,4656164,-2.1600547140828708,1
2026-02-13,2281.988525390625,2375.834017414984,2277.13796094467,2375.834017414984,2791519,-4.33663874420247,1
2026-02-16,2295.649658203125,2303.5691050619544,2265.0608913838323,2284.8595085309053,2036833,0.5986503727121839,0
2026-02-17,2289.01708984375,2302.579093779329,2280.206560511637,2286.047297375419,1233244,-0.28891901408713005,0
2026-02-18,2300.1044921875,2305.4500224815533,2282.7807010907572,2289.3143418344703,830787,0.4843739434250649,0
2026-02-19,2256.349365234375,2313.864200838222,2252.686669538672,2312.4783943638467,940180,-1.9023103994511126,0
2026-02-20,2291.195068359375,2307.7268660551376,2255.359618111006,2261.992106805432,1716316,1.5443398820191412,0
2026-02-23,2321.78369140625,2326.3374699352266,2297.4315377942003,2301.589198978469,1300035,1.3350510163579576,0
2026-02-24,2334.85107421875,2348.116051360412,2306.835981930553,2307.627974972371,1544803,0.5628165475046965,0
2026-02-25,2350.98681640625,2356.0355607092815,2325.3477025655893,2345.0472309590837,1158620,0.6910822863894772,0
2026-02-26,2359.30224609375,2363.261969498705,2331.485092501007,2354.0555642457175,1470677,0.3536995456321135,0
2026-02-27,2314.557373046875,2354.946357613014,2307.1328918130507,2345.443166643118,3053227,-1.8965299219698584,0
2026-03-02,2297.233642578125,2330.29723651677,2267.139599527044,2279.810762828429,2273224,-0.7484683970458317,0
2026-03-04,2238.53076171875,2288.3243336403816,2229.4234459004774,2269.812432719107,2648737,-2.5553726783094755,1
2026-03-05,2232.294189453125,2254.86466241023,2205.961930722778,2252.5877729936083,1751288,-0.2786011419756651,0
2026-03-06,2203.2890625,2227.344430687897,2197.15153951635,2222.4938661562232,1674258,-1.2993415962002208,0
2026-03-09,2172.50244140625,2177.8479715726257,2148.545920373073,2176.8580406764563,1512817,-1.3973028604252868,0
2026-03-10,2168.146484375,2201.606195210621,2153.0995838952795,2201.606195210621,1084986,-0.2005041259438345,0
2026-03-11,2139.636474609375,2172.8982483412015,2134.290944612132,2168.1465318534633,1313256,-1.3149485042217246,0
2026-03-12,2115.383056640625,2143.2992989000727,2088.061111223958,2143.2992989000727,1791973,-1.133529842875658,0
2026-03-13,2138.250732421875,2169.8294312879443,2098.950524241146,2114.492390950521,2298875,1.081018197128114,0
2026-03-16,2153.79248046875,2164.681719709848,2132.3110295750503,2147.7540473535414,1981511,0.7268440417776301,0
2026-03-17,2136.46875,2162.8010077496438,2123.8966763186418,2150.921837339099,1705956,-0.8043361013582717,0
2026-03-18,2113.79931640625,2153.099521402979,2108.2556071724653,2143.2002132585976,2441148,-1.061070216624982,0
2026-03-19,2056.383544921875,2112.1167039586576,2049.256090646583,2090.734099450428,2098905,-2.7162356917585617,1
2026-03-20,2061.72900390625,2078.656918696704,2048.166999131025,2078.5578289353593,2429744,0.2599446488265933,0
2026-03-23,2031.5361328125,2075.8850852106953,2012.8265355843985,2041.534531517212,2599535,-1.4644442134026936,0
2026-03-24,2064.005859375,2093.7037854091727,2045.1971728866906,2049.1568963579134,1702418,1.5982844724276912,0
2026-03-25,2113.304443359375,2133.0039707547157,2064.9957691670343,2076.874939459462,2069217,2.388490505511598,0
2026-03-27,2053.512451171875,2105.5829103672913,2048.6618866972776,2101.920214571949,2789151,-2.829312755925162,1
2026-03-30,2034.505859375,2061.4319304866403,2025.5964816164349,2043.2172992976207,2482193,-0.9255649648497899,0
2026-04-01,2043.91015625,2098.5542902611737,2031.338082923151,2098.5542902611737,2028470,0.46223985208324603,0
2026-04-02,2044.5042724609375,2049.0578094497764,2002.13518292342,2034.3079361718803,1431905,0.029067628492418507,0
2026-04-06,2063.807861328125,2071.727308039528,2021.3398041699922,2044.5042099690797,1661298,0.9441696516462761,0
2026-04-07,2089.34814453125,2098.1584324058085,2030.1502314824131,2043.9101735971367,2709707,1.2375320242597132,0
2026-04-08,2123.995849609375,2170.720540058606,2108.552830795398,2108.552830795398,3794437,1.6583021440832457,0
2026-04-09,2111.720458984375,2141.1213571449207,2093.7037656964103,2123.896656880212,2506245,-0.5779385410408233,0
2026-04-10,2133.59814453125,2148.1500806118274,2100.039341580484,2111.7205746871014,2144484,1.0360123876148375,0
2026-04-13,2105.781005859375,2119.145073286812,2092.2190005842986,2109.5427916939393,1994541,-1.3037665383790586,0
2026-04-15,2135.875,2146.1701846556675,2119.342960674532,2119.342960674532,1552971,1.4291131915848743,0
2026-04-16,2117.561279296875,2141.9134343634555,2107.6619703228953,2136.270876584757,1845734,-0.8574341056066026,0
2026-04-17,2218.237060546875,2222.3947217120526,2111.522468334881,2120.4318458384037,4882697,4.754326698088707,0
2026-04-20,2209.03076171875,2230.710151347242,2200.814287067127,2218.2371672517165,1460822,-0.41502772593003945,0
2026-04-21,2287.43310546875,2312.1813760556415,2204.773881708532,2216.1580861785023,3217281,3.549173923182436,0
2026-04-22,2344.9482421875,2383.753483110979,2287.136135627566,2287.136135627566,5558325,2.5143964464466206,0
2026-04-23,2342.572265625,2375.8340388417187,2312.478464472606,2312.478464472606,2063531,-0.1013231985147578,0
2026-04-24,2303.8662109375,2364.5490228916565,2275.8511183860137,2364.5490228916565,1676706,-1.6522886083590316,0
2026-04-27,2304.856201171875,2339.0088177903613,2301.5893808110277,2311.3896002112174,1099681,0.042970821381693725,0
2026-04-28,2266.44677734375,2310.8945777237636,2258.131454523486,2297.62960044326,1629120,-1.6664564066337983,0
2026-04-29,2291.095947265625,2326.0405558989446,2267.9316611922086,2281.7906936045574,1778765,1.0875688839586894,0
2026-04-30,2228.2353515625,2344.948348918507,2189.331260792845,2288.720225829817,4434979,-2.743691104606416,1
2026-05-01,2228.2353515625,2228.2353515625,2228.2353515625,2228.2353515625,0,0.0,0
2026-05-04,2286.04736328125,2341.978456380622,2245.955163802939,2245.955163802939,2554255,2.594519994407718,0
2026-05-05,2303.965087890625,2311.884535117792,2265.0609967330465,2278.3259741656116,1741424,0.7837862372044979,0
2026-05-06,2293.768798828125,2315.84406275992,2265.258742886433,2306.5388097283676,1196175,-0.44255397428071275,0
2026-05-07,2249.32080078125,2304.4599000972157,2245.262229356629,2286.7402347777156,1859012,-1.9377714994459505,0
2026-05-08,2264.664794921875,2274.16822791307,2233.2840347907604,2249.3208664913536,1104526,0.6821612166346247,0
2026-05-11,2283.968505859375,2293.7689667003274,2236.4518230397666,2254.1717310173203,1903862,0.8523871162207097,0
2026-05-12,2239.2236328125,2283.770522059433,2233.2840475795756,2262.289070470158,983506,-1.9590845027891102,0
2026-05-13,2244.47021484375,2272.683243444049,2227.3443631814885,2242.193325602698,1308559,0.23430361998548754,0
2026-05-14,2226.057373046875,2262.882750990242,2222.3946773716366,2245.1630860930386,1380764,-0.8203647201509789,0
2026-05-15,2249.32080078125,2275.7519058077983,2223.582599004531,2226.0574260984463,1038522,1.0450506809055682,0
2026-05-18,2231.502197265625,2242.193499373944,2202.299235574,2240.312727327763,1118204,-0.792177065602917,0
2026-05-19,2210.41650390625,2259.022205437637,2207.0508356806363,2219.424971337065,1145022,-0.9449102665107123,0
2026-05-20,2187.05419921875,2204.4768365637315,2178.83772511289,2202.4969749325523,1071994,-1.0569186687764076,0
2026-05-21,2157.059326171875,2206.5558687641624,2154.0895336163376,2201.6062145049336,1581812,-1.371473695420522,0
2026-05-22,2181.411865234375,2202.101324725408,2153.4956200308816,2158.0493989217307,1382889,1.1289693689472413,0
2026-05-25,2174.383056640625,2215.56427562462,2170.8192089984664,2192.696776899151,780722,-0.32221373257245167,0
2026-05-26,2187.153076171875,2197.6464396286196,2167.9485147687737,2177.451947396857,2302703,0.5872939219357054,0
2026-05-27,2176.263916015625,2192.3009893676626,2164.9788008323703,2182.8966461541704,616538,-0.4978691375049582,0
2026-05-28,2176.263916015625,2176.263916015625,2176.263916015625,2176.263916015625,0,0.0,0
2026-05-29,2131.816162109375,2185.569457533162,2096.77270543257,2112.017544397656,17701621,-2.0423880384703663,1
2026-06-01,2063.31298828125,2145.6751894306544,2059.3532647482753,2136.7658114814612,1470488,-3.213371539520693,1
2026-06-02,2072.6181640625,2075.88498419097,2044.9001003727778,2058.066228961863,2148903,0.45098227142945646,0
2026-06-03,2069.549560546875,2078.4589383211337,2051.334687643431,2070.9353670832684,1544973,-0.14805445444955323,0
2026-06-04,2058.462158203125,2089.64498066566,2052.621662732285,2067.9655912455964,2142735,-0.5357398805573954,0
2026-06-05,2100.138427734375,2106.07801320051,2056.284440039605,2065.688783694319,1822999,2.024631318344472,0
2026-06-08,2088.853271484375,2103.603145099428,2070.440460223743,2084.101554867211,1601497,-0.5373529716407477,0
2026-06-09,2111.32470703125,2117.0663546833757,2088.8533235633454,2098.3565153522595,1460636,1.0757785553269894,0
2026-06-10,2147.655029296875,2182.6984855334144,2112.017517863509,2113.403324412981,2325534,1.7207359031339742,0
2026-06-11,2118.254150390625,2143.2003602893956,2113.7994614200466,2142.2104294070446,1178896,-1.3689758599580881,0
2026-06-12,2146.962158203125,2157.455280606382,2123.40175473256,2129.539277901612,1156153,1.3552673935375514,0
2026-06-15,2134.39013671875,2188.7372471319904,2128.351461480678,2177.848007096508,1439449,-0.5855725698908909,0
2026-06-16,2177.748779296875,2186.7572467009,2138.3497248298445,2139.2405659215233,1337309,2.0314300479658876,0
2026-06-17,2175.47216796875,2202.2003013528906,2161.0190806510564,2178.9369260000276,1511401,-0.10453966728246611,0
2026-06-18,2196.16162109375,2199.2305034441215,2174.68016968817,2186.460250293131,1120482,0.951032765650961,0
2026-06-19,2172.50244140625,2188.34133574496,2157.950263886682,2187.3514048487905,1508994,-1.0772968373665037,0
2026-06-22,2162.89990234375,2185.9653403900866,2160.524164883483,2181.5106513903265,765860,-0.44200360282606876,0
2026-06-23,2160.10009765625,2179.699951171875,2156.0,2160.10009765625,710082,-0.12944679892333832,0
2026-06-24,2157.800048828125,2166.0,2140.0,2160.0,942271,-0.10647880765435325,0
2026-06-25,2174.199951171875,2200.89990234375,2161.0,2161.0,1898262,0.7600288243879039,0
2026-06-26,2174.199951171875,2174.199951171875,2174.199951171875,2174.199951171875,0,0.0,0
2026-06-29,2151.300048828125,2189.89990234375,2143.0,2172.0,1423514,-1.0532565016114104,0
2026-06-30,2118.199951171875,2151.300048828125,2114.199951171875,2151.0,2364422,-1.5386090691663634,0
2026-07-01,2182.0,2190.0,2120.199951171875,2133.5,2497576,3.011993687981551,0
2026-07-02,2210.60009765625,2216.0,2179.199951171875,2186.0,2585362,1.3107285818629633,0
2026-07-03,2201.199951171875,2239.300048828125,2190.0,2224.89990234375,1536616,-0.4252305287754776,0
2026-07-06,2202.0,2221.39990234375,2190.300048828125,2202.10009765625,2131061,0.03634603152244953,0
2026-07-07,2208.800048828125,2219.39990234375,2193.699951171875,2200.0,2552492,0.3088123900147677,0
2026-07-08,2135.800048828125,2199.0,2130.0,2199.0,1326689,-3.3049618972405437,1
2026-07-09,2144.5,2166.800048828125,2137.10009765625,2139.0,2201039,0.40733921589002353,0
2026-07-10,2150.60009765625,2178.0,2145.0,2151.5,1665179,0.2844531432151909,0
2026-07-13,2130.60009765625,2143.0,2120.0,2143.0,1833988,-0.9299729885531183,0
2026-07-14,2120.199951171875,2145.0,2116.10009765625,2125.0,2681897,-0.4881322635728602,0
2026-07-15,2102.60009765625,2128.5,2091.0,2121.0,2029614,-0.830103477075228,0
2026-07-16,2098.39990234375,2123.0,2096.0,2104.89990234375,2143092,-0.1997619669656614,0
2026-07-17,2143.800048828125,2154.5,2092.10009765625,2100.0,1059832,2.163560264831621,0
2026-07-20,2139.699951171875,2153.800048828125,2128.39990234375,2153.800048828125,689849,-0.19125373462377526,0
2026-07-21,2142.5,2147.699951171875,2127.5,2139.699951171875,1032417,0.13086175127459132,0
2026-07-22,2154.60009765625,2159.89990234375,2130.0,2139.699951171875,819175,0.5647653515169271,0
2026-07-23,2161.800048828125,2166.0,2139.89990234375,2150.0,833281,0.3341664738485406,0
2026-07-24,2145.0,2163.0,2139.0,2148.0,1603494,-0.7771324104295374,0
