Date,Close,High,Low,Open,Volume,Daily_Change_%,Crash_Signal
2020-01-01,168.79664611816406,169.15110291258225,168.0877100612246,169.15110291258225,4370931,,0
2020-01-02,170.03726196289062,170.81709609436126,168.79664075375123,168.86752761676144,8726602,0.7349765965480648,0
2020-01-03,169.08021545410156,170.85254435618046,168.72574742687547,170.85254435618046,9642051,-0.5628451656660594,0
2020-01-06,166.66983032226562,168.93841196691403,166.59893223097336,168.3712609387268,7930726,-1.4255867402122258,0
2020-01-07,166.8470458984375,168.65481789611448,166.3153495737148,167.34329879725854,8740894,0.10632732740485373,0
2020-01-08,166.0318145751953,167.16610554876365,165.35832193729263,165.89002960775574,7314466,-0.4886099833846802,0
2020-01-09,167.1660919189453,167.7332317424621,166.63438429183475,167.02429572901525,9816703,0.6831686726138209,0
2020-01-10,168.72573852539062,169.25743492115322,167.87501755173992,168.4421686121907,10357864,0.9329922046640515,0
2020-01-13,169.61190795898438,170.49807238954875,168.9029719209124,169.080211547456,12715178,0.5252129528894534,0
2020-01-14,172.4476318359375,172.83755452567107,168.93842873479804,170.32084616278075,12299570,1.6718896161694419,0
2020-01-15,171.8450469970703,172.2704018810392,170.92342789739413,171.95138852657536,5687654,-0.3494306256640711,0
2020-01-16,170.67529296875,172.90843127580052,170.21449467574408,171.91592536155585,9730522,-0.6807027893799278,0
2020-01-17,170.10813903808594,171.6323412130597,169.71822763756123,170.67527880828555,7677106,-0.33229996023379504,0
2020-01-20,171.4905548095703,172.44760597214147,170.17902444256953,170.17902444256953,8329721,0.8126687995656967,0
2020-01-21,169.0447540283203,171.17153949719685,168.72572946755864,171.17153949719685,9939680,-1.4262014511329246,0
2020-01-22,168.76119995117188,169.86004752455625,168.08771852699545,169.86004752455625,7949731,-0.16773905749298823,0
2020-01-23,168.65484619140625,169.25744070307923,167.94592138418918,168.79664238690097,6356150,-0.06302026757121215,0
2020-01-24,168.8320770263672,169.5055583666629,168.0167994979612,168.30038064013107,7063834,0.10508493468357472,0
2020-01-27,166.31536865234375,168.3003804753357,166.10268560443726,168.01679933344346,7100949,-1.4906577105193053,0
2020-01-28,163.58596801757812,167.23696688239568,163.4087396438501,166.42170063557674,15144538,-1.6410994707717008,0
2020-01-29,167.7686767578125,168.47761277795658,163.86956234917295,164.1176888328183,21258057,2.5568872385099306,0
2020-01-30,165.92547607421875,168.01681842474687,165.1810965560149,167.98137499075202,10794458,-1.0986560299659276,0
2020-01-31,166.7052764892578,169.0093016003741,165.92545364248465,167.1306313418476,19166671,0.4699702742996914,0
2020-02-03,147.17422485351562,153.7672989471025,145.3310090186198,152.4203248877156,82836335,-11.715916884610866,1
2020-02-04,152.88111877441406,154.26352489169392,148.2730571919617,149.44279149414893,37145337,3.8776449657394796,0
2020-02-05,153.44827270507812,154.19265221148524,149.93905824174507,153.34193117072684,22072147,0.3709770933197687,0
2020-02-06,151.39236450195312,155.89407346266808,150.1517320676435,154.5471107346043,28443398,-1.339805373421421,0
2020-02-07,151.2860107421875,152.916554490581,150.82520123697296,151.56958063737326,17793265,-0.07025041197784576,0
2020-02-10,149.2655487060547,151.746813259799,148.91108073636983,151.71135859899573,9987781,-1.3355246967123535,0
2020-02-11,150.7188720703125,153.80273144386646,150.15173223345957,153.48370686009835,30951617,0.9736495640529919,0
2020-02-12,151.0378875732422,152.27851993433143,150.1517232058999,151.28601404546004,10310789,0.21166261301428513,0
2020-02-13,150.22259521484375,151.32144251662416,149.72635355351156,151.0378726432774,9505645,-0.5397932740571987,0
2020-02-14,147.2451171875,150.93155994694317,146.60707923363583,150.47075038924348,14260540,-1.982044061404642,0
2020-02-17,145.18919372558594,147.91857347406946,144.62204273280457,147.45777522861226,16161290,-1.396259177339021,0
2020-02-18,144.51573181152344,145.04743949045167,142.14080829248383,145.01198482248847,21741128,-0.46385126660002385,0
2020-02-19,146.5361785888672,146.8552031772824,144.51572323105813,145.50822919405925,9403278,1.3980808539092449,0
2020-02-20,147.06790161132812,147.84773589053333,145.65004050795622,146.74888819924476,16193373,0.3628612589610336,0
2020-02-24,143.91314697265625,147.06789365486296,143.06243709708903,146.74888026003842,17233132,-2.1451007351755647,1
2020-02-25,143.06239318847656,145.61454449997908,142.84971016783493,144.4802537799725,15903285,-0.591157793485908,0
2020-02-26,140.7938232421875,143.16874638639868,139.16327949694028,142.24712737774794,18557438,-1.5857206745453767,0
2020-02-27,140.04945373535156,141.18374462807463,138.87971941180774,140.65204822955934,17936226,-0.52869471805983,0
2020-02-28,140.04945373535156,141.71544102658993,136.1503280894878,138.24168148677919,33885063,0.0,0
2020-03-02,138.454345703125,144.23214137599064,137.28461144381214,141.4318633457945,19274852,-1.138960552635071,0
2020-03-03,137.42640686035156,139.97855861470816,136.5047990010675,139.6595452624392,18638624,-0.7424388433264206,0
2020-03-04,132.9246826171875,138.63157997854913,132.25119009019735,138.20621391222906,28729502,-3.275734515665951,1
2020-03-05,133.31459045410156,135.54771730631794,132.25118655081076,132.96012248633795,20797182,0.29332989873442905,0
2020-03-06,128.84832763671875,131.0460225242147,127.43046685275249,131.0460225242147,27795285,-3.350168051501079,1
2020-03-09,125.62268829345703,126.89876405802401,123.70857464660656,126.89876405802401,22633662,-2.503439045290712,1
2020-03-11,124.52384185791016,125.3036646939953,122.1843621156044,123.35410760378242,29032759,-0.8747197265671858,0
2020-03-12,110.4515609741211,119.91578838661823,106.72966369140778,119.8094580934416,54043896,-11.300872727526713,1
2020-03-13,115.024169921875,116.26480237010445,95.42221094200336,106.33975401832006,63962722,4.13992243063479,0
2020-03-16,104.39021301269531,112.08211292067585,102.97234071746014,112.01122604634588,34535653,-9.244976004958193,1
2020-03-17,105.7371826171875,110.45158695071652,103.53949839580629,104.92191610678834,49492914,1.2903217319121474,0
2020-03-18,106.83602142333984,109.63630005085548,104.46109773520097,107.82852751593835,52178352,1.0392170274959867,0
2020-03-19,114.7406005859375,115.94577837461496,102.6178684311954,106.83600754264344,93204936,7.398795890456844,0
2020-03-20,124.4175033569336,125.12643935278756,117.04461842987477,117.04461842987477,64384067,8.433721561138574,0
2020-03-23,109.3881607055664,114.8469323409452,105.7726048254836,112.01121060938917,53330913,-12.079765503934315,1
2020-03-24,106.12705993652344,116.05210725735742,104.49651620737106,115.52041090164579,54576761,-2.9812191264653176,1
2020-03-25,104.4610824584961,107.75761365021627,98.54150143909015,107.04868885493033,64913270,-1.569795186094669,0
2020-03-26,110.87692260742188,113.00371957945991,101.55446835091522,106.33975872948787,60694283,6.14184727740581,0
2020-03-27,115.69763946533203,117.6826511795652,109.88440050283496,114.8469185543678,33893412,4.347809034147443,0
2020-03-30,112.86192321777344,116.90283368645207,110.6287849374877,110.6287849374877,29203338,-2.4509715674953747,1
2020-03-31,121.72357177734375,123.24777412018514,114.52791493763289,116.26480033474783,44272500,7.851761078420805,0
2020-04-01,117.96621704101562,122.46793667224404,116.6546979083828,121.7235573048417,18840671,-3.0867930356176743,1
2020-04-03,126.11894989013672,129.55726600493227,118.39158544700312,119.02962337310899,65288649,6.911074249576443,0
2020-04-07,128.70652770996094,131.64859046041482,123.10597208605,131.64859046041482,37509626,2.0516962931250937,0
2020-04-08,126.65064239501953,130.44342640414533,125.23278162883386,128.21028811441872,39007671,-1.5973434693027588,0
2020-04-09,131.32962036132812,132.03854528703812,127.60772237365116,130.44345577865073,44268652,3.6943973420324294,0
2020-04-13,128.74200439453125,132.32211714416778,128.35209290442072,130.79791461899413,18427550,-1.970321668240227,0
2020-04-15,134.23622131347656,137.35552423961815,129.52182910862115,130.47888042903912,50983406,4.26761797346904,0
2020-04-16,132.1094207763672,135.54773697098562,131.47138283544885,134.44890071576867,28122965,-1.5843715774319533,0
2020-04-17,133.35006713867188,135.68953608809468,132.53478948607733,135.01605464520978,27694463,0.9391051410367224,0
2020-04-20,128.10394287109375,134.66156136258832,127.25323317651578,134.66156136258832,37141676,-3.9340994572748422,1
2020-04-21,127.32413482666016,130.65612083671286,124.80742641119386,126.18984386805636,24232310,-0.6087307126981134,0
2020-04-22,129.2028045654297,130.1244124535568,124.7719822882107,126.89877922808613,26132520,1.4755016724261827,0
2020-04-23,127.99761199951172,130.44343346854174,127.35957405847155,129.69905399831967,34237726,-0.9327913352744965,0
2020-04-24,127.6431655883789,129.59272300165796,127.11145789925537,128.31664701586584,18744844,-0.27691642492061463,0
2020-04-27,127.50138092041016,129.2382552621871,127.11145820277112,127.78495086591836,13589672,-0.11107893424233684,0
2020-04-28,127.2177734375,128.1748358482747,126.22526759937803,127.60768484046936,18488267,-0.22243483236247252,0
2020-04-29,129.13189697265625,129.66360459407437,127.35956819206447,127.96216267363786,22287597,1.5046038642522186,0
2020-04-30,129.06101989746094,131.08147530988154,127.92672894252216,131.08147530988154,31326446,-0.05488734918090987,0
2020-05-04,123.38953399658203,128.848304329557,120.97916772963141,128.848304329557,31461042,-4.394422038028911,1
2020-05-05,123.28319549560547,125.79990332941138,121.93623301698332,124.06301824302862,18389548,-0.08618113508679359,0
2020-05-06,116.19389343261719,121.5108795140877,113.78352685837923,121.5108795140877,68112675,-5.750420431989034,1
2020-05-07,114.13800048828125,117.57631652688166,113.78353248517743,116.26479727285337,25183509,-1.769364020432096,0
2020-05-08,112.18843841552734,116.3711341263295,111.3731720730542,116.22934916390162,26281664,-1.7080744926437297,0
2020-05-11,112.33021545410156,115.91032763055442,112.01120211965512,113.42906287796835,18792383,0.12637401908484058,0
2020-05-12,117.00918579101562,117.6117803775135,111.65675508719103,112.33023654618707,22211224,4.165371105182203,0
2020-05-13,117.2573013305664,123.07054109737282,116.61926336757797,122.92875613160336,20785966,0.21204791561744152,0
2020-05-14,116.12300109863281,119.27774722875792,114.81148184444345,116.61925405622895,15525762,-0.9673600015199235,0
2020-05-15,116.72559356689453,117.32818803844432,114.24434005576978,114.98870824527182,15526021,0.5189260203065871,0
2020-05-18,116.7965087890625,118.60428123478562,115.66221777263675,117.682673294581,21602419,0.06075379015084703,0
2020-05-19,121.05007934570312,121.68812850937877,117.04462337852407,118.03712932106257,20917906,3.641864470728895,0
2020-05-20,124.59477233886719,125.48093692552095,121.22734241596163,121.90082390692145,26295911,2.9282863855387253,0
2020-05-21,133.95263671875,135.01602945480454,122.39704540110243,124.48839867847343,60630670,7.510639655435725,0
2020-05-22,132.1094207763672,136.04398995103895,130.86878832623393,133.27915512904232,40516307,-1.3760206499352945,0
2020-05-26,135.90219116210938,138.20621620132133,133.137356621435,134.6970135003578,55283582,2.8709310535563803,0
2020-05-27,136.2212371826172,137.46185846796058,132.49933962443131,136.46936368649625,25491463,0.2347614985303892,0
2020-05-28,135.1578369140625,136.75293751785293,133.98810246277736,136.32757136534764,25524647,-0.7806420573974848,0
2020-05-29,139.90765380859375,140.36845206211345,133.9880734944968,135.01602275072116,37214719,3.5142741279230005,0
2020-06-01,142.1762237548828,145.50819770908646,141.07737650017785,142.49523704021883,29606349,1.6214766558752203,0
2020-06-02,139.8367462158203,143.13327679069957,139.4468348428598,143.13327679069957,23502975,-1.645477335996659,0
2020-06-03,139.4468536376953,142.4243713242157,138.6670307866687,141.78633342482573,19710133,-0.27881983003469335,0
2020-06-04,141.89266967773438,143.55865684015956,138.24167079801106,140.1912278531788,22843181,1.7539413591888486,0
2020-06-05,141.78634643554688,143.2042073160705,140.8292838816138,143.06242235142327,15193091,-0.07493215994102131,0
2020-06-08,140.12033081054688,144.37392416968675,139.65953253990767,143.84222780830683,20304292,-1.1750183758048482,0
2020-06-09,140.72291564941406,146.18168630583824,140.12032123845862,140.54568728574455,41451482,0.4300481132048839,0
2020-06-10,141.1128387451172,144.01945829519107,140.5811423759434,141.39641987818686,28247205,0.2770857140812488,0
2020-06-11,137.7099609375,142.67249014897743,137.24916267789848,141.78632582322072,20611505,-2.4114586864513288,1
2020-06-12,137.4618377685547,138.38345677792645,133.17280098110203,133.95263504304359,23431727,-0.18017808389177992,0
2020-06-15,132.71202087402344,137.4973112494431,132.0739829062376,137.4618565821954,25404661,-3.4553713027818955,1
2020-06-16,131.15232849121094,135.37047786462097,128.95464524535143,135.26413635958684,28700454,-1.1752457483056755,0
2020-06-17,128.4584197998047,131.15235648819663,128.10395178537257,130.44343169338353,24952658,-2.054030395340467,1
2020-06-18,132.28663635253906,132.92468546569222,128.10394109307495,128.45840907792112,30000032,2.9801211619296275,0
2020-06-19,130.47886657714844,133.24370118092733,130.15985324889337,132.64110671927287,31707306,-1.3665550997706055,0
2020-06-22,131.15232849121094,132.92466818503144,129.84080947523734,132.21573230750326,32605144,0.5161463551373702,0
2020-06-23,131.7549285888672,132.92467396102268,130.97510583012965,131.43591529395147,27569189,0.45946580178073404,0
2020-06-24,136.00852966308594,138.02898476459703,131.96761946006376,132.8537837811818,56757828,3.2284189440015876,0
2020-06-25,143.27508544921875,144.26759137531073,135.8667569021193,136.29211177013693,78484846,5.342720639751919,0
2020-06-26,138.3834991455078,148.450323367521,137.03652488145485,146.03995605514712,74727243,-3.414122063423697,1
2020-06-29,139.8367462158203,143.9130995366206,139.09236689451868,143.5586428223285,95027403,1.0501592164427365,0
2020-06-30,137.99356079101562,141.36097894555812,137.5327512348134,141.36097894555812,42797633,-1.318098049821581,0
2020-07-01,143.84222412109375,144.51570541264115,137.9935418277376,137.9935418277376,46004000,4.238359599210306,0
2020-07-02,145.93362426757812,146.5716623369545,143.59414385716246,144.94111810764744,40835235,1.4539542608321465,0
2020-07-03,147.13876342773438,147.81224475804927,146.0399160074938,147.45778799517862,39352660,0.8258132189923328,0
2020-07-06,149.2231903076172,150.8289444877225,148.5883542320786,149.63396380705404,36046969,1.416640205017461,0
2020-07-07,145.07809448242188,149.74598600253603,144.89138355566718,149.37256414902663,32467210,-2.777782606477164,1
2020-07-08,146.6091766357422,147.8414972203398,145.07810198371538,145.07810198371538,22093693,1.055350333062055,0
2020-07-09,145.97434997558594,147.13199099469085,145.00343174011545,147.05729951421188,19492371,-0.4330060878341202,0
2020-07-10,145.1527862548828,146.75854046772344,144.89138385580995,145.75027068983528,16815128,-0.5628137551840662,0
2020-07-13,147.54273986816406,148.43897830835644,145.71292317134913,146.31041940985207,21079233,1.646508947533798,0
2020-07-14,146.3104248046875,148.99912838927986,143.95780325060693,147.43071401989283,19185879,-0.8352258230921339,0
2020-07-15,148.40164184570312,149.37257185325456,145.26482473666283,146.6465164372356,24692471,1.4293014621529654,0
2020-07-16,144.77932739257812,148.51363996711717,143.39763600064282,148.40160869626138,22997164,-2.440885699156359,1
2020-07-17,144.9287109375,145.93698062677876,144.14450380919953,144.36856637017786,15455455,0.10318016225949744,0
2020-07-20,143.92047119140625,145.89965916873956,143.65906878241648,145.6382567597498,19643434,-0.695679785993919,0
2020-07-21,143.58436584472656,145.0407488878113,143.02422125164568,143.47233455908554,29089491,-0.23353546851072604,0
2020-07-22,146.79588317871094,147.80415297646684,143.77109745569308,144.14451931733421,33826583,2.2366761973635407,0
2020-07-23,149.89535522460938,150.4928396036302,146.98258928907396,147.61741348300268,32700809,2.1114161915052554,0
2020-07-24,149.07382202148438,150.6422365381304,147.35603638446145,150.11943169924837,62500933,-0.5480711539686989,0
2020-07-27,146.68385314941406,149.7459905530672,145.75027481702136,149.7459905530672,23517850,-1.6032116435076516,0
2020-07-28,145.93701171875,148.36431325103314,145.6756092869579,147.13199257335302,20029937,-0.509150403830283,0
2020-07-29,146.9079132080078,148.02821428867267,144.4432721337698,144.48061195258785,15402845,0.6652880429872887,0
2020-07-30,144.40591430664062,148.17757906464908,143.7710900733725,148.17757906464908,16943579,-1.7031069645816799,0
2020-07-31,145.00343322753906,147.09465268088942,144.51796818726098,144.51796818726098,17294202,0.4137773191405625,0
2020-08-03,143.84576416015625,144.89137368303585,143.32295939871645,144.89137368303585,13776301,-0.7983735568289574,0
2020-08-04,144.6300048828125,146.23575935574107,143.8457975585739,143.8457975585739,17849565,0.5451955622294724,0
2020-08-05,143.9951171875,145.33946873816961,143.17357033265995,145.26478911597818,50646546,-0.4389737079985023,0
2020-08-06,145.89967346191406,146.08638441443014,144.21922754876428,145.04077467603705,18574935,1.3226533729849166,0
2020-08-07,146.42247009277344,147.13199776704153,145.00343841449046,146.01169651904664,21717194,0.3583261144143979,0
2020-08-10,148.51365661621094,149.11115284938316,146.68383993572124,146.68383993572124,17108987,1.4281868910642759,0
2020-08-11,151.65049743652344,155.1234083267358,149.37256727386398,149.37256727386398,57266693,2.1121564789282177,0
2020-08-12,152.5093994140625,153.03220427391895,149.67132434278903,151.23973892235836,22106836,0.5663693769936806,0
2020-08-13,150.4555206298828,152.50938826117394,147.20666040477204,151.98658343954978,23573090,-1.3467227541847482,0
2020-08-14,146.68385314941406,151.87454962432759,146.01167722349632,150.5675494270778,29858596,-2.5068322283414046,1
2020-08-17,148.43899536132812,148.99914001262738,147.01995198759462,147.9161905307487,12192938,1.1965476596297542,0
2020-08-18,148.28961181640625,149.29786973722614,147.31868187805262,149.29786973722614,12969115,-0.10063632171468662,0
2020-08-19,148.21495056152344,150.64225223199364,147.9535481148496,148.3269818722589,16070316,-0.05034827050141022,0
2020-08-20,146.23574829101562,147.2813579775525,145.30216990448284,147.13198685592232,17561721,-1.3353593972871503,0
2020-08-21,146.98260498046875,148.77507014401266,146.60917128615236,147.87883164467829,17897538,0.5107210091795489,0
2020-08-24,146.9079132080078,148.62569873026075,146.64651080603184,147.3186867203808,15304895,-0.05081674288659466,0
2020-08-25,145.93701171875,148.10291081924103,145.712949110035,147.3187035238647,15784633,-0.6608912127715749,0
2020-08-26,145.60089111328125,146.7958717488135,144.62997304538754,146.75853193258175,23502769,-0.23031895850829098,0
2020-08-27,145.07809448242188,148.5510171351065,144.8166920838905,148.25226308312443,49030500,-0.35906142253802065,0
2020-08-28,146.04904174804688,146.60918642981792,144.92874054937872,145.33951410501922,35979788,0.6692583529504859,0
2020-08-31,142.72549438476562,148.6257068248524,141.90394731527576,148.6257068248524,100730476,-2.2756379114179937,1
2020-09-01,142.0532989501953,143.65905304808285,140.59691595035267,142.72547480895932,41311165,-0.4709708223242681,0
2020-09-02,142.91221618652344,144.14453688442364,141.64255566493347,142.87487636283365,21378178,0.6046443431273474,0
2020-09-03,143.09893798828125,144.33127061472968,141.90396885860784,142.94956684707208,16295787,0.13065489203114566,0
2020-09-04,139.43930053710938,141.90395369144875,138.69243307576386,141.90395369144875,42983034,-2.5574176179222086,1
2020-09-07,141.2317352294922,142.2773447144402,135.03278161890526,139.85004374445285,33918419,1.2854587519289806,0
2020-09-08,140.52224731445312,142.31472445246388,137.8708832643596,141.60519682756865,26574542,-0.5023572881025617,0
2020-09-09,137.2733917236328,139.1031967543211,136.15309061114237,138.54305211563846,28901363,-2.311986644755404,1
2020-09-10,138.09494018554688,138.6924246502254,136.82526794541704,137.49744388574305,18469229,0.5984761151440532,0
2020-09-11,137.38540649414062,139.28990277064526,136.48916807896987,138.09492216212547,19997552,-0.5138013677060904,0
2020-09-14,136.9373016357422,138.8044583731987,136.67589921909325,138.76711855228473,32185628,-0.32616627182855407,0
2020-09-15,135.77964782714844,137.57212475321688,135.0327923038902,137.42275364856525,31956903,-0.8453896745191813,0
2020-09-16,134.92080688476562,137.04936656115171,134.47269341846848,135.81704565248828,52591750,-0.6325255339269531,0
2020-09-17,133.38970947265625,135.55560842392052,132.79221316895814,135.03280359635667,35240133,-1.1348119296507586,0
2020-09-18,133.7631378173828,134.32329432766832,132.19473509396113,134.0992317235541,30929813,0.2799528885720548,0
2020-09-21,131.2611541748047,134.88343641789464,130.73834933197463,134.43531121825418,24811451,-1.8704582468705988,0
2020-09-22,130.103515625,132.00801225375034,129.76742171897737,131.2611566322433,19242719,-0.8819353730982971,0
2020-09-23,128.83383178710938,132.60549671993633,128.23634734336937,130.66364860753163,64164525,-0.975902789245342,0
2020-09-24,124.39000701904297,128.2736915413081,124.09126478697456,128.23635172108087,32698988,-3.4492684929293804,1
2020-09-25,127.52681732177734,127.86291119126585,124.72608241653826,126.14512569583759,27650738,2.5217542613806154,0
2020-09-28,129.4313507080078,130.55164015356024,127.34013111884126,127.7135648790677,24087933,1.4934375578627757,0
2020-09-29,126.5185775756836,130.51429375510753,126.21983531659848,130.51429375510753,26602326,-2.2504386428720213,1
2020-09-30,128.23634338378906,128.53508559643473,125.99575311869752,126.9666712273582,19193371,1.3577182426651069,0
2020-10-01,127.60150146484375,130.40223620922845,127.04135688299161,130.3275565770476,20517295,-0.4950561612984683,0
2020-10-05,126.40655517578125,129.05791954099905,126.03312140805123,127.78824709774243,25234767,-0.9364672635860272,0
2020-10-06,126.89198303222656,128.16164326788765,125.54763133088015,126.59322900460893,22728054,0.38402111011590634,0
2020-10-07,126.59327697753906,127.63888688262878,126.21985501297404,126.96671077723228,16913783,-0.2354018335513297,0
2020-10-08,124.83810424804688,127.26540528165877,124.65139333589356,127.04135455409953,26484289,-1.3864659888720654,0
2020-10-09,125.36093139648438,126.14513867082799,124.24064205320829,125.09952897170318,23234939,0.418804139638862,0
2020-10-12,128.60980224609375,130.8503811147162,126.96669608460996,127.34012984108931,68801924,2.5916135221858205,0
2020-10-13,127.07868957519531,130.58893980413714,126.59322465273861,129.09521705789317,37058708,-1.1905100887789732,0
2020-10-14,125.32357025146484,127.71353148993583,124.76342567513156,127.37743764306155,39688050,-1.3811279685032707,0
2020-10-15,123.26972961425781,125.32360948394418,122.89630766988533,125.24891799399316,28161148,-1.638830295917959,0
2020-10-16,123.75518035888672,124.57672747743314,122.33613689540806,123.6058092314352,21006060,0.39381180290409823,0
2020-10-19,125.65966033935547,126.14512531544452,124.09125779184585,124.5767109328103,19748904,1.5389093005608423,0
2020-10-20,125.06217956542969,125.69701566769392,124.50203493671859,125.47295308215949,16770677,-0.47547540102546026,0
2020-10-21,125.2115478515625,126.14512615671977,124.42734065501543,125.58498154065035,17113482,0.11943521746689001,0
2020-10-22,125.88374328613281,126.29451685731507,124.7261022209138,125.13688762722258,22893091,0.5368477956739337,0
2020-10-23,127.52681732177734,127.7135400832014,125.28623886568579,126.18246551407255,20921450,1.3052313132362325,0
2020-10-26,125.88374328613281,128.16167375728043,125.65968067089648,128.08699410895267,16699886,-1.2884145234321243,0
2020-10-27,124.87548065185547,126.44388339615969,124.53938674120923,125.84639889073448,47652264,-0.8009474519561799,0
2020-10-28,123.60580444335938,125.84639493859146,123.23237072163307,125.84639493859146,17468592,-1.016753810971005,0
2020-10-29,122.37350463867188,123.94191943575811,122.07475050937374,123.23239169319373,21816186,-0.9969594957429218,0
2020-10-30,123.41910552978516,124.576734794308,122.00006198296057,122.48552705203588,16976909,0.8544340494297309,0
2020-11-02,124.53936004638672,124.87545388499176,122.82157470880479,124.57669986119053,14924105,0.9076832244025779,0
2020-11-03,127.04137420654297,127.52682738728744,124.80078373848018,124.87547521597003,23473408,2.0090147879548548,0
2020-11-04,126.81729888916016,128.31102177300332,125.62231821506076,127.0040216465933,19533203,-0.17637979656809355,0
2020-11-05,130.51426696777344,130.70097788259866,127.11603600398789,127.90024314947686,28037401,2.9151922576780898,0
2020-11-06,129.91677856445312,132.34409161416744,129.50600505898987,131.8212868190097,35571152,-0.4577954711019072,0
2020-11-09,129.05789184570312,132.41877136378793,128.34837612386428,129.9167786755541,36645472,-0.6611053077519857,0
2020-11-10,133.20298767089844,134.09922621541625,128.34838490541728,130.7009948114791,59672371,3.2118112003185706,0
2020-11-11,138.3936767578125,138.8418019231191,133.38970314784552,134.13655869814855,65757234,3.8968263232492806,0
2020-11-12,140.4102020263672,140.97035847314675,137.3107249181017,138.31899468718032,48153554,1.4570935000763008,0
2020-11-13,139.738037109375,141.00770937504433,138.58040797699326,139.81272858652488,29284742,-0.4787151555169511,0
2020-11-14,140.85833740234375,141.90394706535312,140.44756386832228,141.19441945966793,8066280,0.80171463414207,0
2020-11-17,139.92474365234375,141.45580632260885,139.21521612466984,141.15706411891676,21757459,-0.6627891307088962,0
2020-11-18,137.46011352539062,140.74631381265243,136.48919528590744,139.51399314310154,27620283,-1.7613969213884917,0
2020-11-19,140.33554077148438,143.24830733575644,136.45185596416366,136.52653561009947,50871154,2.091826619627102,0
2020-11-20,143.17359924316406,143.39766182522723,138.953821013348,141.00770040030264,47052232,2.0223376459574505,0
2020-11-23,142.5387420654297,143.77107424935735,140.8956482670235,143.39764061286786,24073204,-0.4434177677241635,0
2020-11-24,146.04904174804688,146.72121773319734,142.35206791215623,142.35206791215623,47160760,2.462698654240869,0
2020-11-25,144.77932739257812,147.84146417710505,143.77106962512127,146.38508132622502,43263598,-0.869375341509715,0
2020-11-26,145.48886108398438,146.27306824235737,143.8084273175772,145.71292365355498,25155854,0.490079422376577,0
2020-11-27,144.6300048828125,146.1984195312897,144.29392279249686,145.2275012496676,32594141,-0.5903243690086324,0
2020-12-01,145.19012451171875,146.64650760015735,143.6964016052784,145.63824966823805,16505446,0.38727761183448006,0
2020-12-02,146.3477783203125,148.4389976752286,144.5553012060628,145.63826253994836,29520716,0.7973364665723626,0
2020-12-03,146.5345001220703,147.28136761421462,145.30217941164608,147.28136761421462,29087754,0.12758772555407916,0
2020-12-04,148.02822875976562,148.88711568729363,146.75855644458184,147.01995887211226,23005484,1.019369934350589,0
2020-12-07,151.72520446777344,152.17332971846506,147.58011690963824,148.02824216032988,37068111,2.4974802029196885,0
2020-12-08,151.202392578125,152.88283852030887,149.03649341696135,152.28535399383333,32042241,-0.3445781414382454,0
2020-12-09,153.40562438964844,155.1980895820926,152.84547975670495,153.1068821634286,41212760,1.4571408388164508,0
2020-12-10,158.8577117919922,159.56722748675287,151.72516768709164,154.33919156535345,67739601,3.5540335786486743,0
2020-12-11,161.54644775390625,162.7787684718573,159.34320875833865,160.16475590363933,62645643,1.6925435545960044,0
2020-12-14,161.2476806640625,163.2642083925583,160.57550475456392,162.77874341092746,28029531,-0.18494191237116153,0
2020-12-15,159.49258422851562,161.62114363338088,158.03620085491693,160.76224480529606,24151252,-1.0884475536757532,0
2020-12-16,159.82864379882812,160.98628473650103,159.4552100929538,159.64193286345358,20304621,0.21070545187920064,0
2020-12-17,159.11911010742188,160.65017274327286,157.77475838590064,159.97799688251226,23248344,-0.4439339999026237,0
2020-12-18,160.20208740234375,161.28503693169873,156.65448473004648,159.15647769534556,24690701,0.6806079384121366,0
2020-12-21,151.5758056640625,160.35144425516827,148.73773087989687,160.20207314390953,43445980,-5.384625055862447,1
2020-12-22,151.9119110107422,154.04047021836303,147.05729627022717,151.68784840937394,42564860,0.22174076212704286,0
2020-12-23,155.1607666015625,155.53420034242708,150.86630816943568,151.6131638160385,24608258,2.1386444085945255,0
2020-12-24,155.79556274414062,157.32662530259785,153.5549727098237,156.84117221583008,23645158,0.4091215559718364,0
2020-12-28,156.46775817871094,156.99056298007105,155.23543764770127,156.09432448700733,16347233,0.4314599355273341,0
2020-12-29,157.99884033203125,159.45521167972097,156.91587902368136,157.2146330924289,27568853,0.9785288491010125,0
2020-12-30,157.70010375976562,159.45522937093023,156.50512285757085,158.85774483739618,19654130,-0.1890751676644209,0
2020-12-31,156.09434509277344,157.81213083327245,155.75826301046186,157.25198613933557,18947950,-1.0182356439272455,0
2021-01-01,159.7166290283203,159.97803146596533,156.3184091740616,156.76652256639886,20279389,2.3205734540825196,0
2021-01-04,159.38052368164062,161.3223599334888,158.40960555571652,159.8286370085768,27927482,-0.21043854276444618,0
2021-01-05,157.92413330078125,159.26848505479006,157.2892972405204,158.6710006463969,18718244,-0.9137819020901716,0
2021-01-06,153.40562438964844,157.9614847624388,152.73344846309126,157.92414494294258,50957586,-2.8611896210485432,1
2021-01-07,151.46380615234375,155.0487490801294,150.94100123567955,153.92845959306462,36298522,-1.2658064168315608,0
2021-01-08,150.49285888671875,153.8537385371591,149.55928054853393,152.62141797118514,58600546,-0.6410424313835206,0
2021-01-11,151.23973083496094,153.92843463608904,150.30615246872895,152.36002014038917,44625924,0.4962839790321194,0
2021-01-12,154.18984985351562,154.52593193899682,150.56756738541873,151.61316530090303,36989137,1.9506243513313093,0
2021-01-13,157.77479553222656,159.08180774562814,153.29361418202876,154.9367084873755,66387977,2.3250205393654078,0
2021-01-14,159.940673828125,161.69579921320437,158.03617732890325,158.33491955718802,50164605,1.3727657124144699,0
2021-01-15,162.70404052734375,163.18950543961336,157.73740747037604,160.5007903506468,60567280,1.7277448150482932,0
2021-01-18,164.1230926513672,165.8035263599716,160.27674846003853,163.11482295810558,70211602,0.8721677220947299,0
2021-01-19,163.450927734375,165.579486863213,162.44266973578746,165.05669387124652,33009228,-0.409549263381237,0
2021-01-20,162.5546875,163.56294541465226,161.09830443650287,163.18952357078066,46392916,-0.5483237365476956,0
2021-01-21,159.60458374023438,163.93638133753066,158.48428268791238,163.56294765342332,30116008,-1.8148377048589404,0
2021-01-22,157.364013671875,160.38879968065626,156.20637265307076,159.82865500015055,25663922,-1.4038256394979465,0
2021-01-25,155.19810485839844,158.70836778493802,154.48858904250667,158.33493404784323,25929487,-1.3763685628867983,0
2021-01-27,157.32666015625,158.82039506679413,154.67530791082373,155.34748388651823,50338134,1.3715085630676027,0
2021-01-28,154.30186462402344,157.58805281933553,153.66702850988355,156.2810526062683,22984352,-1.9226210797473664,0
2021-01-29,151.7998809814453,155.9449681307197,151.12770500683666,155.75825718476625,24679902,-1.6214863304954474,0
2021-02-01,161.28501892089844,162.77874183475117,150.71691539911896,152.3600094208445,59968324,6.248448864470779,0
2021-02-02,162.96548461914062,166.92386088706314,162.06924602666032,164.30983659029806,50324035,1.041922994141431,0
2021-02-03,161.8825225830078,165.80354689039115,161.09831535450613,165.43011318608674,55709225,-0.6645346029337196,0
2021-02-04,171.7411346435547,172.824084251586,161.3223884741333,161.3970799593992,109894300,6.0899792659777185,0
2021-02-05,175.0272979736328,178.38818945700945,169.72458201089154,173.38420388673765,130323308,1.9134398622080218,0
2021-02-08,174.09373474121094,177.79070859261626,172.8987657271518,177.3799350352519,43093963,-0.5333815029027744,0
2021-02-09,171.03160095214844,178.64961143624902,170.43411643150407,175.21403993716467,73377134,-1.758899476545972,0
2021-02-10,169.94863891601562,172.60000291092584,166.6250989671229,171.03158840659154,49104142,-0.6331941174051225,0
2021-02-11,169.12710571289062,171.25566504758524,167.67072238730344,171.0316024328406,45311749,-0.4834008723841432,0
2021-02-12,162.4053192138672,168.60427341930617,161.1729868682818,168.60427341930617,114826417,-3.974399296133113,1
2021-02-15,163.2642364501953,165.0567137403194,162.44268929019128,163.15220514017173,33000365,0.5288726012705469,0
2021-02-16,163.00282287597656,165.65418697004534,162.25596725202294,163.60031921026544,30271502,-0.16011686325344554,0
2021-02-17,162.62937927246094,163.11484427490046,161.73315257813064,162.51734797688835,20615018,-0.22910253756756038,0
2021-02-18,163.450927734375,164.75793980210452,162.74141196980412,162.96547456287928,24997592,0.5051660810545755,0
2021-02-19,161.28501892089844,163.4882693910528,159.82863582523277,163.45091773774112,29208388,-1.3251125848587342,0
2021-02-22,158.44786071777344,162.2359189757715,157.64433247354873,162.2359189757715,53531490,-1.759095929744392,0
2021-02-23,159.5574951171875,161.12629185630135,158.40960452893054,159.17487300557852,27703323,0.7003151663817819,0
2021-02-24,159.82533264160156,160.55234130864272,158.02696511971078,160.01665581786065,13667471,0.1678627031699964,0
2021-02-25,160.05490112304688,161.62369766890586,159.78705840188624,160.3227438442075,26953713,0.14363710536433594,0
2021-02-26,155.99903869628906,159.17489234621866,155.3485616247732,158.60093485563613,45101885,-2.5340445049163107,1
2021-03-01,158.3330841064453,158.98356114524904,156.15208213206262,157.22345322498268,16850430,1.496192175068689,0
2021-03-02,160.6288604736328,161.31759722766054,158.02696472211525,158.40959894695615,26590262,1.4499663037221389,0
2021-03-03,160.66714477539062,162.23592945349318,159.78708477771534,162.23592945349318,21648963,0.023834011923473675,0
2021-03-04,160.47581481933594,161.70023710560426,158.8687582948497,159.78707804122968,25858155,-0.11908468051894383,0
2021-03-05,159.5957794189453,160.70541030752366,158.56266810794287,159.1748853621299,17990773,-0.5483912958356818,0
2021-03-08,159.1748809814453,161.31761099533963,158.94529800160407,160.4758229048759,23874105,-0.26372779971525206,0
2021-03-09,159.02182006835938,160.51408520727452,156.68776682579283,159.71055689195745,23463213,-0.09615896185515282,0
2021-03-10,158.0269775390625,160.09318796872793,157.49129200618083,160.0166683935823,20358192,-0.625601272120524,0
2021-03-12,157.03213500976562,159.17487709809967,155.73118099135843,159.17487709809967,31973696,-0.6295396803694286,0
2021-03-15,157.2234344482422,157.64432845209234,154.27717642129102,157.52954910017226,42699297,0.12182184141142915,0
2021-03-16,159.06005859375,159.86358674039155,156.8407851820533,157.9504279512583,50641203,1.1681618277537442,0
2021-03-17,161.16456604003906,163.68994253721434,159.59578128749007,162.38898843603275,81604999,1.323089822105561,0
2021-03-18,166.5596466064453,167.66927727627873,162.15937158164385,163.00117165604388,95536034,3.347560012084738,0
2021-03-19,170.6155548095703,173.06439937312763,164.95260933554087,167.59276495414815,139352860,2.4351085546599816,0
2021-03-22,172.94961547851562,173.25571800925047,169.50591956424753,170.88339307926893,47823778,1.3680233736897085,0
2021-03-23,170.04159545898438,174.55664997598785,169.35285874034702,172.18433730661786,43165463,-1.6814261260340801,0
2021-03-24,165.2587127685547,170.50077637518305,164.72302725945815,169.12330281656764,28672557,-2.81277217937147,1
2021-03-25,161.9298095703125,165.25870176077854,159.97839084670926,164.6464967207125,42248040,-2.0143586637421773,1
2021-03-26,161.39413452148438,164.11082184735753,160.97324049757452,163.9577705774553,27083832,-0.33080694051920156,0
2021-03-30,164.18736267089844,164.53173716778954,161.01152112424666,163.1925232244073,28862387,1.7306875232459218,0
2021-03-31,167.21014404296875,167.82234912489022,162.7716086921781,163.80471992631433,37890481,1.8410560489538152,0
2021-04-01,168.39627075195312,168.81716471829418,166.29180092024785,168.3580109713894,30182056,0.7093628892990811,0
2021-04-05,162.65684509277344,168.35806349745377,161.08806020636823,166.52142368339435,32586507,-3.4082854884796343,1
2021-04-06,162.7333526611328,164.49346050234212,160.82019354591165,163.6134005183798,26663018,0.047036181179915815,0
2021-04-07,163.6134033203125,164.68477438345838,162.5803041713615,162.77161523547375,15790468,0.5407930487441259,0
2021-04-08,163.19252014160156,165.37352220056175,162.88641756795855,164.41694256289003,14660557,-0.2572424814652585,0
2021-04-09,163.0776824951172,165.25868393687128,162.65678854378856,163.57510813155685,16994483,-0.070369430158157,0
2021-04-12,157.108642578125,161.47064599507968,156.87907174814248,160.70538968394735,35840817,-3.660243281401121,1
2021-04-13,159.71054077148438,160.4758092212242,157.64433050924424,158.4095989589841,21027436,1.6561139798948687,0
2021-04-15,158.18003845214844,161.04977735595634,157.64435288663367,159.94014643502325,18205903,-0.9582976251553688,0
2021-04-16,159.13658142089844,160.13143274290226,158.0269507556297,159.17485332870024,13824608,0.604717875978622,0
2021-04-19,157.33824157714844,157.72087583508548,155.92250816216855,156.87908774365337,16400507,-1.1300606232036547,0
2021-04-20,155.76943969726562,158.40959517030885,154.96591148227108,157.79737799981643,22187707,-0.9970887332648726,0
2021-04-22,157.5678253173828,157.87392787452288,153.47366420380845,154.58329506847798,24030915,1.1545176150163483,0
2021-04-23,157.1469268798828,158.4096089878505,156.30513880790437,156.30513880790437,20381213,-0.2671220705446675,0
2021-04-26,157.108642578125,158.21828545101707,156.6494887914456,157.49127679704836,20652091,-0.024362106544451034,0
2021-04-27,157.1851806640625,158.3713431529424,156.91733791259657,157.10864896648013,11885588,0.04871666171988309,0
2021-04-28,157.26171875,158.0269751233358,157.10865534861748,157.6443408733102,13197445,0.04869294014495651,0
2021-04-29,156.34339904785156,158.83050348409924,156.15207585939228,158.48614114761713,13601150,-0.5839435747286292,0
2021-04-30,155.0424346923828,157.4147596095508,154.58328089876056,156.0372861019695,17130954,-0.8321197846482553,0
2021-05-03,153.77975463867188,154.46849140130257,153.05275809109358,153.97106569012468,21405441,-0.8144093300754718,0
2021-05-04,152.7466583251953,154.85114072995088,152.36403618498147,153.9710807033409,18962501,-0.6718025502797653,0
2021-05-05,154.1241455078125,154.58329935625846,152.67014013099293,154.16240529683733,14396547,0.9018116649626151,0
2021-05-06,155.1572265625,157.606071054737,154.65980085645623,154.8128642480963,14872429,0.6702915051263858,0
2021-05-07,157.1469268798828,157.98871495186125,155.31028733491587,155.31028733491587,20213092,1.2823768260522117,0
2021-05-10,157.2999725341797,158.75396565138877,156.8790785132281,158.52439481150648,16922951,0.09739016685565982,0
2021-05-11,156.1138153076172,158.02697442254558,155.92250424681046,156.0372957339806,14277000,-0.7540733844087377,0
2021-05-12,155.53985595703125,157.07038068546188,155.23375343668795,156.03728164762475,17174525,-0.3676544253658598,0
2021-05-14,162.42723083496094,163.15423951290225,156.11380845804487,156.87907692112583,64021335,4.428045040643713,0
2021-05-17,162.69508361816406,166.06224808598063,161.96808702210188,165.90919680926837,39465392,0.16490632871484223,0
2021-05-18,160.74366760253906,164.22562362283887,160.43756504355238,163.84298936074762,31653409,-1.199431459284206,0
2021-05-19,158.98355102539062,161.77677007223627,158.83049975424655,160.74365883361997,25345241,-1.094983462428245,0
2021-05-20,158.4095916748047,160.16969932689932,158.25654041723743,159.51922238720292,21688686,-0.36101807192259194,0
2021-05-21,159.9783935546875,160.5905986051164,158.71569941642764,158.86875067903486,23509878,0.9903452583246208,0
2021-05-24,161.85330200195312,162.27419606141333,158.9835631637884,160.3227770469418,29977506,1.1719760435178417,0
2021-05-25,161.39413452148438,163.30729358533463,160.8967087992659,163.0011910455302,26310600,-0.2836936131603962,0
2021-05-26,161.16456604003906,162.58031163564445,160.93499517790755,162.08288586871336,18253046,-0.1422409074071762,0
2021-05-27,161.58544921875,163.8812425724524,160.9349843386851,161.4706577320576,49385674,0.2611511879145878,0
2021-05-28,162.92465209960938,163.38380588889083,161.89155304204746,162.61854957342172,26583388,0.8287892798109597,0
2021-05-31,165.75613403320312,166.75097332617355,164.07254585273623,164.53171177773388,75852502,1.7379088413597588,0
2021-06-01,164.72303771972656,167.89889119010536,163.95778132007536,166.8275201038779,40247686,-0.6232627947691083,0
2021-06-02,159.94012451171875,162.58029218749618,159.63402198101588,161.08802719192644,100377464,-2.903609157661269,1
2021-06-03,159.9783935546875,161.27933535020617,159.71053868673184,161.27933535020617,48454441,0.023927105900156675,0
2021-06-04,159.74879455566406,160.475791011723,159.17484934684313,160.32273976448496,31286264,-0.14351875520299817,0
2021-06-07,161.81503295898438,162.54202954252787,160.85845340096802,161.0115046750448,32643869,1.2934297307641618,0
2021-06-08,163.49859619140625,163.95776210409815,161.62370913696216,162.38896544692474,22080199,1.0404244906272675,0
2021-06-09,162.6185760498047,164.34041213498296,161.85330748302562,163.76646677325687,25846432,-0.5382432400650949,0
2021-06-10,164.80075073242188,166.45427259954425,163.38344983984226,164.32830878333627,31902690,1.341897546777715,0
2021-06-11,163.6984405517578,165.7062818661419,163.5803300372632,165.58818382898878,22249404,-0.6688744898097121,0
2021-06-14,163.22598266601562,164.13147565788321,161.57246070451205,163.73777817028625,18358717,-0.2886147749176726,0
2021-06-15,163.0291290283203,164.09211100586631,162.9897630224377,163.42282651916474,15426377,-0.1206019008003767,0
2021-06-16,163.65904235839844,164.8401223164209,163.0291238974045,163.0291238974045,20878518,0.3863808472955199,0
2021-06-17,161.92678833007812,163.7771653725626,161.41499279855987,162.95040434779463,22304032,-1.058452990655312,0
2021-06-18,161.06065368652344,162.55669915740688,159.4465101982597,162.2023676732479,24475206,-0.5348927453492913,0
2021-06-21,160.98191833496094,162.202364307951,159.36776240284755,159.91893638187756,19809308,-0.04888552837724047,0
2021-06-22,161.49374389648438,162.3992495208972,160.9032038025386,162.28113900663973,18737552,0.31793978281366986,0
2021-06-23,160.5882568359375,162.08430261099838,160.31266978467212,161.92681360112508,13059519,-0.5606948224120001,0
2021-06-24,160.0370330810547,161.13938094410682,159.4858591495286,160.98190446043338,23299321,-0.3432528416109304,0
2021-06-25,161.45436096191406,161.88742448390704,160.43075740787063,160.6275999261074,14411660,0.8856249416605566,0
2021-06-28,160.31265258789062,162.12365123374792,160.11579758533665,162.12365123374792,15190488,-0.7071400036650299,0
2021-06-29,160.07643127441406,161.65120890517827,159.95832076857215,160.3126522860979,13839294,-0.147350386674594,0
2021-06-30,159.60401916503906,160.94257593035604,159.48590864629364,160.8638439027537,16556397,-0.2951165925014654,0
2021-07-01,159.84022521972656,160.470143817381,159.17095308622973,159.76149319335835,10583793,0.14799505421179138,0
2021-07-02,159.3677978515625,160.39140155001365,159.2496873330216,160.0764484854659,13187847,-0.2955622513135414,0
2021-07-05,160.35203552246094,160.70636707805306,159.604018874889,159.8402274346085,10642939,0.6175888003517205,0
2021-07-06,159.44654846191406,160.47015219956117,159.24969343102728,160.0370885998896,11515716,-0.5646869761251283,0
2021-07-07,160.43077087402344,161.57248502577758,159.2890567222693,159.4465332455449,18568033,0.6172742035519541,0
2021-07-08,159.05282592773438,161.02130106376384,158.89534941413285,160.23390601841587,21730892,-0.8589031510489176,0
2021-07-09,158.54100036621094,159.3283953244746,158.18668136912962,159.0528083368162,12289809,-0.32179595586436793,0
2021-07-12,158.3441925048828,159.4859067099906,158.22608198757135,159.0528431314098,13589278,-0.12413688627769259,0
2021-07-13,158.93472290039062,159.21030993149353,158.54102535919486,159.05283341048343,11247522,0.3729409877091694,0
2021-07-14,160.70635986328125,161.53312097853757,158.81661660631212,158.93472711954036,21269167,1.114694719039444,0
2021-07-15,162.3992156982422,164.17083561110678,159.76145635365975,160.94253629556948,29963443,1.0533844686676508,0
2021-07-16,163.6984405517578,165.07637575862591,163.1472664690106,163.54096402487883,30137464,0.8000191675369583,0
2021-07-19,163.58033752441406,164.95827279435093,162.4779893084646,162.8323208681664,17099088,-0.07214670276984858,0
2021-07-20,162.83230590820312,164.8007811194503,162.5173528689654,163.9346540228761,24567907,-0.4572869988725192,0
2021-07-22,162.9897918701172,163.97402953275946,162.0842987105166,162.9897918701172,19016769,0.09671665646180383,0
2021-07-23,167.24166870117188,168.18654019911614,162.59606817917705,162.98976567643214,46241640,2.6086767657467202,0
2021-07-26,166.25741577148438,169.5644594687948,165.9818287967085,168.5014775725626,49084040,-0.5885213519641219,0
2021-07-27,164.28895568847656,167.71411017911274,163.73778168946245,166.92671518699555,25378089,-1.1839833272239697,0
2021-07-28,164.64329528808594,165.3519458249621,163.34409223936285,164.01337676789592,15304399,0.21568071823481194,0
2021-07-29,162.2417449951172,165.50941043138877,161.926779519006,164.6432834460965,16204679,-1.458638378663779,0
2021-07-30,161.37559509277344,163.06849542566854,161.10002059468,162.28110050233772,15515733,-0.5338637736975849,0
2021-08-02,163.22598266601562,163.38345916558654,161.76930320964087,162.55669818483474,10046707,1.1466340819244802,0
2021-08-03,165.273193359375,166.06058835229933,162.55670184526338,163.38346284463205,19179805,1.254218635980453,0
2021-08-04,164.2495880126953,166.21806299564176,163.85589052063813,166.06058649428675,11421835,-0.6193414224495153,0
2021-08-05,169.48573303222656,170.66682554017152,162.91102341775309,164.2495924312894,48995450,3.1879197280705096,0
2021-08-06,168.69834899902344,170.07627152998805,167.39914600414244,169.6038420174293,24489836,-0.4645724564045772,0
2021-08-09,168.3440399169922,170.98179978727154,167.4779127899969,169.2889115452331,21142199,-0.2100252220211707,0
2021-08-10,165.23382568359375,168.85582265070977,164.21022218500514,168.5014911642717,18855165,-1.84753451023989,0
2021-08-11,164.28895568847656,165.82436718896733,163.34408419340386,165.23382718354924,16012451,-0.5718381155965679,0
2021-08-12,164.48582458496094,168.65898345953536,164.05276104587622,165.54879418913586,28758718,0.1198308770418377,0
2021-08-13,166.49366760253906,167.16295216209318,164.72203493956422,165.23384298110693,19576945,1.2206784521671787,0
2021-08-16,166.0605926513672,167.91095720756906,165.7456396369796,166.4542901580216,11621038,-0.26011496857990535,0
2021-08-17,164.72203063964844,166.5330292655165,164.40707761184717,165.981855228194,8161139,-0.8060684298104137,0
2021-08-18,164.5251922607422,166.53303346022534,164.0527627071405,165.03700030181625,11149120,-0.11949729987050794,0
2021-08-20,164.48582458496094,165.9031257087546,162.7535579512815,162.98977896436065,20168965,-0.023928053351773837,0
2021-08-23,162.4385986328125,165.50942177464665,162.20237762887444,164.9582477503513,10319044,-1.2446215090656576,0
2021-08-24,162.00552368164062,162.9897611588283,161.17876270352227,162.9897611588283,12971124,-0.26660840146178755,0
2021-08-25,162.517333984375,163.6984139829449,162.20236850439548,162.517333984375,10994627,0.3159215137257476,0
2021-08-26,161.1000518798828,162.87167208541337,160.90319687215214,162.51735303524362,15407558,-0.8720805773422602,0
2021-08-27,162.12364196777344,162.871658493641,161.33624695724134,161.41499144923048,10879860,0.635375393084181,0
2021-08-30,163.7771759033203,163.93465242140078,162.20238576783393,162.20238576783393,12550267,1.0199215336376133,0
2021-08-31,166.3755645751953,166.6117856015037,163.18663062939757,163.81654920710614,26802390,1.5865389408160624,0
2021-09-01,164.958251953125,167.1629481064773,164.80077543893418,166.13933204822632,16867486,-0.8518754696274722,0
2021-09-02,165.1551055908203,166.53304077939512,164.5645655035286,164.5645655035286,14872714,0.11933542903403982,0
2021-09-03,165.8243865966797,166.33619464919067,165.1551020227825,165.1551020227825,10622796,0.40524390903031726,0
2021-09-06,164.80075073242188,166.29679610896193,164.6039082385286,166.139307141041,11041632,-0.6173011613469837,0
2021-09-07,166.72987365722656,168.77708068501587,165.47004914884096,166.06058915772866,38933378,1.1705789665587663,0
2021-09-08,166.336181640625,167.71411669166727,165.1157230986533,167.12356418597767,17897021,-0.23612566120631007,0
2021-09-09,167.4385528564453,168.42279053236845,165.7850305663324,166.17872813217002,19784972,0.6627368771768616,0
2021-09-13,168.61961364746094,169.40700868840878,166.76924902630796,167.98970759657496,16661794,0.7053696839032231,0
2021-09-14,170.15501403808594,171.06051952328042,168.65896854973911,169.2101425466385,20377545,0.9105704593981079,0
2021-09-15,170.07630920410156,171.02118091586013,169.52514755603008,170.94244888499668,21028598,-0.046254783868293625,0
2021-09-16,181.69027709960938,183.97371757815284,170.31249062252212,170.82429861341524,154986538,6.828680578651536,0
2021-09-17,182.00526428222656,186.84770786057976,180.39110810454815,183.46193146136088,82563658,0.17336490848351982,0
2021-09-20,184.05245971679688,188.46185193671064,181.29658957935078,181.88714209261795,73101936,1.1248001219326342,0
2021-09-21,190.1547393798828,190.90275592435293,182.43831549865877,184.99733063051883,58854434,3.3155110627022255,0
2021-09-22,191.72952270507812,193.54052134670755,189.52482653660044,191.72952270507812,54648494,0.8281588617411684,0
2021-09-23,190.94210815429688,193.38302508510975,190.3122021575318,192.91058311019665,22630330,-0.4106902993716077,0
2021-09-24,187.75320434570312,192.1232181484446,187.16265182316474,192.1232181484446,25779310,-1.6700893477183398,0
2021-09-27,187.9500274658203,190.43031037241508,185.4303785542336,188.81615443967712,23772123,0.10483076483467357,0
2021-09-28,187.20201110839844,190.23345551890728,186.0602846668238,188.85552056988547,16319138,-0.3979868305993728,0
2021-09-29,187.47763061523438,190.07601198920358,185.5878873638556,185.82410838961326,16045073,0.1472310608224836,0
2021-09-30,185.94219970703125,189.2885973473177,185.23354918025598,188.89491231481816,16987893,-0.8189941931548761,0
2021-10-01,185.31227111816406,186.6114616003761,183.38316215899692,185.19416062390127,16570661,-0.3387765605976978,0
2021-10-04,186.29653930664062,187.6744745045906,185.35166767414046,185.82410972906123,11098123,0.531140319277057,0
2021-10-05,184.8004913330078,186.96582161109455,184.6430148090755,186.13906050244412,9578825,-0.8030465725240021,0
2021-10-06,182.08399963378906,186.13906068027865,181.5721915725142,184.8792360102755,18179336,-1.4699591324807026,0
2021-10-07,183.4225311279297,184.99730852262542,182.9107231717846,183.46189713152893,10770973,0.73511758135405,0
2021-10-08,182.43832397460938,184.87922871762098,182.0446264412615,184.8398627074884,10114327,-0.5365792017306026,0
2021-10-11,187.43821716308594,188.57993111238127,182.43829788435596,182.67450638871222,22000303,2.7405936864298486,0
2021-10-12,189.99725341796875,191.33582249501308,187.39887223642205,187.87130177561045,30347455,1.3652692036951297,0
2021-10-13,196.21762084960938,197.55617728927598,189.09173774077885,190.98148062627615,52091422,3.2739249224601474,0
2021-10-14,202.0049591064453,206.17813037151106,197.12313729423073,199.40657792601294,88696178,2.949448796584697,0
2021-10-18,206.72930908203125,208.8946267813726,202.63488221951442,205.50885048203483,62614961,2.338729700737918,0
2021-10-19,193.6586151123047,206.7292895233663,192.94996461617106,205.82378404215478,61336411,-6.322612902721037,1
2021-10-20,194.17041015625,195.66645563441728,190.82400019137077,193.65861464642552,49663940,0.2642769306433923,0
2021-10-21,192.6743621826172,195.54832994298033,191.41453779294082,195.2727429678218,23385990,-0.7704819557361686,0
2021-10-22,186.29653930664062,193.5405343602396,184.0131109656615,192.67440722934003,36905793,-3.3101564752718082,1
2021-10-25,183.77685546875,186.3358703693466,181.4934275560539,184.328029444551,23194065,-1.35251242308011,0
2021-10-26,186.37527465820312,188.18627333269242,183.1469748432162,184.32805496785062,19663381,1.4138990368648185,0
2021-10-27,187.75320434570312,189.9972540219873,185.98157173276883,189.1705054451144,26909428,0.7393307347377531,0
2021-10-28,177.24154663085938,185.78473183439743,176.4935175841915,185.11544728429377,48064941,-5.59865689188932,1
2021-10-29,175.7454833984375,179.7217993361874,175.03683290975596,177.1627843758006,27668175,-0.844081571651889,0
2021-11-01,178.61947631835938,179.17065038405704,175.1943338906735,176.4935245552432,24090945,1.6353153801433207,0
2021-11-02,177.63522338867188,180.50920398031298,176.76909635360414,179.5249664445833,14896284,-0.5510333755168073,0
2021-11-03,175.15496826171875,178.61947670813132,174.56441570622468,177.95020460747324,18530527,-1.3962631282458227,0
2021-11-04,178.38327026367188,178.97381034877822,176.37541650603256,177.04470109191234,7295341,1.8431118648769118,0
2021-11-08,180.9422607421875,181.6509112423611,177.7139612464323,180.86351625223952,21051238,1.4345462299985456,0
2021-11-09,180.11550903320312,181.8083971196507,179.4068584964888,180.98163608059394,11964518,-0.4569146564175841,0
2021-11-10,181.76902770996094,183.34380526459802,178.89504713120877,179.09190212387588,13948380,0.9180323702458137,0
2021-11-11,181.09976196289062,182.2808546092793,179.95804780552047,181.4147150109911,8448263,-0.36819570171119365,0
2021-11-12,183.38319396972656,184.20995509564162,180.43048101031914,182.04463724967945,12312123,1.2608696897701277,0
2021-11-15,187.47763061523438,188.1862812151661,183.54066758775213,184.209952175838,40247848,2.232721852463615,0
2021-11-16,185.39102172851562,188.6980532903774,185.036690234027,188.22562377506563,15241184,-1.1129908564937896,0
2021-11-17,188.57994079589844,193.10744329840165,185.5484962693945,185.8240832697439,48496295,1.7201043705625807,0
2021-11-18,187.00518798828125,191.3358360755786,186.06031636549935,188.97366325729448,21005037,-0.8350584908293879,0
2021-11-22,181.8083953857422,189.56418520729864,180.74542582947836,187.3201231162149,23443628,-2.7789563800041273,1
2021-11-23,182.3595733642578,183.22570042218587,180.43046424965607,180.43046424965607,13950744,0.3031642061117168,0
2021-11-24,179.2887420654297,183.22569213417566,178.69820205058576,183.02884962167428,14684422,-1.683943015535705,0
2021-11-25,182.12335205078125,182.8320025949266,177.75333828232814,178.73757584238228,24825493,1.5810306618789793,0
2021-11-26,176.3754119873047,181.13912351250804,175.6667614078644,180.23363040218916,28067913,-3.156069772905268,1
2021-11-29,174.40692138671875,176.09980942592364,173.38331785721667,174.80061889109334,22985358,-1.1160799447077263,0
2021-11-30,174.13133239746094,177.3202659260209,173.2258393773218,174.80061689953843,24408641,-0.1580149383215934,0
2021-12-01,174.72189331054688,175.82422889511213,173.6982772660115,174.8006253279171,13496307,0.3391468410394838,0
2021-12-02,177.51712036132812,178.06828188664724,174.24944235203955,174.7218843413698,16517389,1.5998149961739871,0
2021-12-03,174.52500915527344,178.10763975793137,174.28880066528484,177.16276836596228,14325920,-1.685533879754464,0
2021-12-06,171.5723419189453,174.9581184433389,171.2573888648951,174.52505487468446,13644352,-1.6918304434530462,0
2021-12-07,173.73765563964844,174.76125920618134,171.729802037902,172.35972056315785,9246755,1.26204124539262,0
2021-12-08,177.12342834472656,177.6746023644445,174.0132392205126,174.0132392205126,10241656,1.948784615869692,0
2021-12-09,185.35165405273438,186.17841511074607,175.58802282556195,175.58802282556195,39714672,4.645475635212759,0
2021-12-10,185.90281677246094,188.1468787997626,184.052452245576,185.9815612634802,36517117,0.29736056176210557,0
2021-12-13,184.72177124023438,187.9894373968941,184.36743968049578,187.3988972746718,22903720,-0.635302655834491,0
2021-12-14,179.9973907470703,186.69021078676872,179.17062974376594,185.03668878015998,38953007,-2.557565608777057,1
2021-12-15,176.41476440429688,182.8319846816125,175.90295643137156,181.09973073838705,35987634,-1.990376820410522,0
2021-12-16,175.50929260253906,178.06830800315197,173.85577035204773,177.95020996583816,25131188,-0.5132630507516445,0
2021-12-17,171.61167907714844,175.46989701125088,170.66682007386325,175.43053100544884,30827201,-2.220744820741327,1
2021-12-20,167.24166870117188,170.27312570496238,165.19446167918886,170.27312570496238,38778895,-2.546452781929842,1
2021-12-21,167.3204345703125,169.6432288894266,166.17872041653217,168.50151473564628,20142586,0.047097036134791104,0
2021-12-22,166.92674255371094,168.65899684755473,166.21809193556197,168.5015203187818,17903428,-0.23529225083152028,0
2021-12-23,171.0998992919922,172.00539237268066,167.87159954077234,168.42277358200553,23065082,2.499992915717786,0
2021-12-24,171.65106201171875,173.58015855145786,170.43060350415095,171.65106201171875,17220191,0.3221291900271428,0
2021-12-27,171.29673767089844,172.00538820999964,169.80070457576272,171.96602220153298,8467106,-0.20642129251500219,0
2021-12-28,173.26519775390625,173.6982612415112,171.6510542959858,171.6510542959858,12014352,1.1491521144959993,0
2021-12-29,170.66680908203125,173.46204486073586,170.31247762061557,173.22582388645873,11923119,-1.4996598887478618,0
2021-12-30,170.07630920410156,171.57235504127408,169.6826240950994,170.54875129865206,10116360,-0.34599573350309054,0
2021-12-31,171.69044494628906,172.28098501621568,170.19439928877944,170.78495183604701,7875890,0.9490655986957197,0
2022-01-03,172.51719665527344,173.1077366930921,170.9030405760728,171.6904356113912,8064567,0.4815362376415333,0
2022-01-04,173.42269897460938,174.5644131026343,172.4778398545935,172.8321589052642,9398805,0.5248765554342505,0
2022-01-05,173.65892028808594,174.4069368787036,172.16287462950967,172.95026970820055,11663111,0.13621130040835094,0
2022-01-06,172.20225524902344,173.54081192655678,171.808557704805,172.43846379368162,9295303,-0.8388080708126133,0
2022-01-07,171.9660186767578,173.73765122686788,171.25736815218178,173.06836670995165,9196075,-0.1371855275205336,0
2022-01-10,175.82424926757812,176.92659745721096,172.35974064569405,173.14712329733055,16451394,2.2436005790612557,0
2022-01-11,174.76124572753906,176.57224419163154,174.17070573382918,175.8635937037118,8329596,-0.6045830108572403,0
2022-01-12,175.39117431640625,176.09982489559673,174.48568120640655,175.19433178559703,13665682,0.36045096053463066,0
2022-01-13,176.33602905273438,177.79270855985848,175.39115754505113,176.296663045805,11944029,0.5387128172273936,0
2022-01-14,175.27305603027344,177.0053100287112,175.03683503872665,176.33602553755497,10976796,-0.6028110240267726,0
2022-01-17,176.8478546142578,177.635237217736,174.28883931760697,175.27307692996044,12792728,0.898482984008897,0
2022-01-18,173.81640625,178.97381559768957,173.4620871794813,176.84786374255245,14948456,-1.7141561433527297,0
2022-01-19,173.5014190673828,175.1155625283592,172.20222860210828,173.81637206308469,11915686,-0.1812183265163969,0
2022-01-20,172.24159240722656,174.91871779117625,171.65105242849364,173.65889334712116,17997322,-0.7261189371984167,0
2022-01-21,170.9030303955078,173.61953437139798,170.0762694008751,172.04475687190978,17225050,-0.7771421484272012,0
2022-01-24,166.76922607421875,171.45419223425753,166.0605756258319,170.903018276919,18023332,-2.4188010661499226,1
2022-01-25,168.73773193359375,169.05268497356252,164.99762403260675,166.92673323776202,19028606,1.180377162929891,0
2022-01-27,168.9739227294922,169.68257318134283,166.2180529293293,166.33616341752753,24041247,0.13997509222856142,0
2022-01-28,171.3361053466797,172.63530841212494,169.36763022142728,169.36763022142728,15865353,1.397956903071429,0
2022-01-31,173.38333129882812,173.81639484401165,170.9424265462173,172.04477465299018,15618203,1.1948596286848634,0
2022-02-01,179.328125,180.1548860897589,172.5565722389359,174.0132518873715,44871108,3.428699666016888,0
2022-02-02,182.79263305664062,183.69813858171662,180.31234996135345,181.0997449851291,42714702,1.9319379247625612,0
2022-02-03,184.6036376953125,185.19417774387864,182.51705204335036,182.7926390629933,28918394,0.9907426838754008,0
2022-02-04,184.48550415039062,187.79254797310082,182.32018675028675,186.80831052262835,58889867,-0.06399307532436449,0
2022-02-07,181.25721740722656,184.83984846407847,179.91866086979937,184.24930844823294,25101983,-1.7498863978670065,0
2022-02-08,182.08399963378906,182.9107607432294,180.3517453915377,181.33598302506076,16825239,0.4561375477286411,0
2022-02-09,181.21783447265625,183.46189630512438,180.11548655813314,182.91072234786282,12351873,-0.4756953729459279,0
2022-02-10,182.8713836669922,183.77687674501678,179.32811841881986,180.07614745963028,20317032,0.9124649343414504,0
2022-02-11,183.02883911132812,183.69812357914313,180.94225369833958,182.6745076363652,18793513,0.08610174056684627,0
2022-02-14,176.94302368164062,182.22430618154957,176.17704082514516,182.22430618154957,23621214,-3.3250582035248444,1
2022-02-15,179.805419921875,180.20857355135138,176.21737434048643,178.1928181809996,13371177,1.617693752868421,0
2022-02-16,179.6038360595703,181.17612626483762,178.8781646399877,180.45045484525502,11664158,-0.11211222798082066,0
2022-02-17,179.52322387695312,180.89393096275387,178.07188094985545,179.84574168807907,14564261,-0.04488333010350676,0
2022-02-18,178.91848754882812,180.16824717571552,178.59595698273242,179.52321159758395,9004891,-0.336856878494729,0
2022-02-21,175.77389526367188,178.4346860088846,175.08853542553078,177.62839159080303,16750193,-1.757555816750389,0
2022-02-22,173.2340545654297,174.88698062987757,171.74240017602617,173.35500193319785,26741024,-1.4449476097871505,0
2022-02-23,174.1209716796875,175.37074401574475,173.395300305177,174.8063315270111,11438476,0.5119761911032583,0
2022-02-24,168.114013671875,171.9842651736251,166.90456566752826,169.32347445325067,42933709,-3.449876226778059,1
2022-02-25,172.5083770751953,174.56444392392865,169.7669503512076,170.53293328412147,24543858,2.613918558804529,0
2022-02-28,174.0403594970703,174.52413618462094,169.96852446299005,171.90365676725256,20806226,0.8880626250441281,0
2022-03-02,173.5968780517578,174.6450671649544,171.29891664169264,172.87119392297308,20039140,-0.25481528916283525,0
2022-03-03,176.90272521972656,177.54776077240024,174.1612857897752,174.20161009458937,29631546,1.9043240898509284,0
2022-03-04,181.8211669921875,183.35313282642218,174.96759393504138,175.53200643513716,69409780,2.780308650616803,0
2022-03-07,181.37770080566406,183.03061399137795,177.46713763260496,178.99910345799256,47001716,-0.24390239808684822,0
2022-03-08,182.94998168945312,184.19974120325904,180.41012558205549,180.531072936269,37424203,0.8668545674606731,0
2022-03-09,184.8448028564453,186.5783519123669,182.30494656552446,183.5950304753054,43923809,1.0357044857257858,0
2022-03-10,187.06211853027344,187.46527212609863,183.71596796127955,186.25582411565208,37523806,1.1995553240142343,0
2022-03-11,190.56954956054688,191.17427359369893,185.57047285089945,186.98150411294063,43305144,1.8750087178691865,0
2022-03-14,192.70623779296875,193.06906707488895,189.72291660182765,190.48889946801484,36465969,1.1212117766710827,0
2022-03-15,191.77899169921875,194.6413656631645,190.20670159540308,192.70624626148398,34269168,-0.4811707728663017,0
2022-03-16,195.60894775390625,195.93146555106438,192.7868850861971,193.51255651831798,22462538,1.9970675728102183,0
2022-03-17,197.4634246826172,197.86657827762363,195.68955141999467,197.7456309214188,35541798,0.9480532204713121,0
2022-03-21,197.14089965820312,199.76139171057582,196.5764999418318,198.2697246450044,29052540,-0.16333405790589506,0
2022-03-22,201.37400817871094,202.18031545063138,196.37493120227074,197.1812384741912,38368305,2.1472502803056237,0
2022-03-23,203.1881561279297,204.55886290799373,200.36609396746263,202.74467826526092,42051087,0.9008848587891194,0
2022-03-24,205.4861297607422,206.81652509782592,202.74469048137638,203.14784406816716,39712133,1.1309584557505747,0
2022-03-25,204.27667236328125,206.21180450092265,200.9708333404203,205.84896243372904,30412482,-0.5885834722125338,0
2022-03-28,207.25999450683594,208.0259773936977,203.63163770455793,204.80077418656813,25876007,1.4604321232770001,0
2022-03-29,205.2845458984375,207.62281880623382,204.5991860808676,207.2599895232448,18820674,-0.9531258616014671,0
2022-03-30,200.93051147460938,206.7358820347403,200.48704637776763,205.6876929673896,18281803,-2.1209752564531725,1
2022-03-31,202.0996551513672,205.08297636394835,201.1724134002152,201.25303645143083,26644916,0.5818646795738402,0
2022-04-01,204.2363739013672,205.88928713001454,200.60801688248176,201.57557023616474,14856664,1.0572599683060568,0
2022-04-04,205.9699249267578,207.94536873581413,202.4625152379283,204.07511695312473,16520039,0.8487964177369411,0
2022-04-05,209.1951141357422,211.13024628404852,205.68770468535183,206.45368757316572,28230046,1.5658544373074124,0
2022-04-06,209.31605529785156,212.3396880102015,207.46155903436684,207.62281791244874,20352716,0.057812613171681626,0
2022-04-07,206.93748474121094,211.41246043318327,206.2521248806672,208.02598543545855,16679649,-1.136353612844454,0
2022-04-08,215.92776489257812,216.77437088247606,206.4133880353562,208.02598973458663,39283623,4.344442555977768,0
2022-04-11,215.68588256835938,220.2414816723696,214.47643441864687,216.6937602854633,47924937,-0.11202001944450313,0
2022-04-12,213.50885009765625,216.6131317873587,212.13814308084844,215.2020876863866,24460888,-1.009353252414713,0
2022-04-13,217.33880615234375,218.18541223089383,212.58162361410038,213.91201919700032,22239115,1.79381606567397,0
2022-04-18,217.78224182128906,219.71737402227495,215.48429309529098,216.08900433968375,25339139,0.20402967918875525,0
2022-04-19,210.8883514404297,219.71736790467094,208.67102583127604,219.3142015322425,24280577,-3.1654970227170565,1
2022-04-20,209.27577209472656,214.03295436155142,207.66317031863906,211.9768874164656,25454589,-0.7646602264604674,0
2022-04-21,209.96112060546875,213.2266355111114,209.31607226382857,209.3967080979197,24313956,0.3274858354993748,0
2022-04-22,210.52552795410156,212.05749377102563,208.46944839397293,209.6385849089521,16274820,0.2688151725449117,0
2022-04-25,205.8086395263672,208.83227214432603,203.5913012736471,208.67101327127827,25140992,-2.2405303877270133,1
2022-04-26,208.79197692871094,210.2029953723481,206.61495002995184,206.89715627408512,21327644,1.4495685940149938,0
2022-04-27,207.62283325195312,208.42914047896247,206.2118147702311,206.5746440784646,17219401,-0.5599562272246672,0
2022-04-28,210.52552795410156,212.62190626474379,208.14693061957095,209.23544407946432,28999835,1.3980614061970709,0
2022-04-29,209.27577209472656,212.0575104779033,208.4291532874488,212.0575104779033,21206335,-0.5936362547194096,0
2022-05-02,212.17843627929688,213.26694971430175,207.25999561252246,208.02597850347055,19696250,1.387004408353798,0
2022-05-04,209.43702697753906,214.51672694674448,208.5097851266085,212.86381367164174,26951488,-1.292030118531562,0
2022-05-05,211.29150390625,213.83136004436236,209.9611085478702,211.25119238003424,18623544,0.8854580087740649,0
2022-05-06,215.00050354003906,215.5649160336017,208.7516545833183,208.83229041541125,35818441,1.7553945924085657,0
2022-05-09,212.0172119140625,214.5973928014477,210.0820922198125,214.5973928014477,22228031,-1.3875742506905264,0
2022-05-10,209.43702697753906,215.12146378107974,208.9129259801252,211.25121192648461,18727774,-1.216969562626491,0
2022-05-11,206.1311798095703,211.41246278167694,202.98659949875966,208.83229497675688,18012072,-1.5784444688108024,0
2022-05-12,203.91384887695312,206.73589855721096,200.89021600572949,205.60707357429612,20816708,-1.0756892453949063,0
2022-05-13,208.50978088378906,210.3239530187892,205.20394162382166,205.56677094000975,12380764,2.253859672674441,0
2022-05-16,204.8813934326172,209.5982635764521,203.99446320598744,209.5982635764521,8502159,-1.7401521577513512,0
2022-05-17,213.42822265625,214.0732582327937,205.4458243458276,205.60708323996352,18483427,4.17159854315603,0
2022-05-18,215.1214599609375,215.92776720771263,212.1784500095351,214.47642438514129,20978307,0.7933521085515816,0
2022-05-19,222.25723266601562,225.15991838895616,211.73499053184108,211.73499053184108,81302807,3.317090124980493,0
2022-05-20,225.7646484375,227.65945640647539,223.34572670510656,223.34572670510656,33617466,1.5780884740677736,0
2022-05-23,221.32997131347656,226.1274904708716,220.16084753074523,225.76464837799926,22535903,-1.9642920867883884,0
2022-05-24,218.38699340820312,221.73314429342133,217.70163350823404,221.73314429342133,16146766,-1.3296788897628309,0
2022-05-25,219.87863159179688,220.846210519746,218.10477096263685,220.0802275711596,15877459,0.6830251931742248,0
2022-05-26,220.28396606445312,221.56418425757377,217.929962440469,221.56418425757377,19129574,0.18434464036902742,0
2022-05-27,222.34884643554688,223.58778318265777,218.9210970032313,222.18364265327773,13986762,0.9373720693269139,0
2022-05-30,222.22494506835938,223.835570655958,221.02728966132824,223.4225742982746,12274291,-0.05572386327780121,0
2022-05-31,223.54649353027344,226.7264375429228,220.03616810384014,222.22496787513762,24102167,0.5946895212450398,0
2022-06-01,224.53765869140625,226.39605082828868,223.17479939791943,223.5464882961431,15265925,0.44338211057584065,0
2022-06-02,225.9004669189453,226.6851259439993,221.23376790201527,223.58777115429237,14789457,0.6069397158059875,0
2022-06-03,225.2397003173828,227.71760010090682,224.3311449165593,227.13942610246298,12968807,-0.29250342443939426,0
2022-06-06,226.97422790527344,227.80019452013295,222.7618321997438,224.9919394421526,11345943,0.7700807563882028,0
2022-06-07,226.2308807373047,227.13943617843194,224.8680475756138,225.6527067132129,11245578,-0.3275028952974268,0
2022-06-08,221.2751007080078,226.64384438903687,219.87096009350418,226.27215548923564,14915091,-2.190585128407574,1
2022-06-09,223.71168518066406,224.41375546325983,219.4992765736481,221.1925041323462,10239939,1.1011561919348267,0
2022-06-10,223.13351440429688,223.83558469699466,221.977166413632,222.2249590083627,8693455,-0.2584446028826237,0
2022-06-13,218.59071350097656,222.26622930546105,217.22786738607,220.0361484176604,11519902,-2.0359115104014336,1
2022-06-14,219.25148010253906,220.90340014110433,217.26917867397242,217.39306187880416,7708043,0.3022848459477423,0
2022-06-15,217.55825805664062,220.77949612937883,217.26917107835615,219.70576319369067,5254329,-0.7722739409132151,0
2022-06-16,215.3281707763672,221.27510157661789,214.33702655012465,220.53172377409734,14843837,-1.025052921545655,0
2022-06-17,217.47567749023438,218.17774780469682,213.552355698647,213.92404460226564,17296080,0.9973180499905476,0
2022-06-20,218.13644409179688,219.82967165509365,215.86504253991671,217.47566820974785,17738981,0.3038347134668218,0
2022-06-21,222.92701721191406,223.71167626793147,218.13643480874302,218.87979946406426,14417711,2.1961360652331896,0
2022-06-22,219.1275634765625,223.25738282261216,218.7971821172168,220.53169079806025,11756920,-1.7043487069760666,0
2022-06-23,219.29278564453125,220.73823374847439,216.73231010910726,219.29278564453125,9416459,0.07539999320369528,0
2022-06-24,219.5818634033203,221.64677983019354,219.04499691203588,219.78836159028685,7283228,0.1318227400593397,0
2022-06-27,222.9683074951172,223.54648148235842,220.1187450498274,220.5317152505209,8487729,1.5422239520650916,0
2022-06-28,224.53765869140625,224.86804009745464,221.81196628155058,222.10106637254168,11673046,0.703844960711919,0
2022-06-29,226.3547821044922,227.13944125964449,222.30756384531153,222.39015265713823,16635367,0.8092733413521902,0
2022-06-30,225.9004669189453,226.8916110278901,224.66150406137047,226.27212959910267,20003893,-0.20070933837711413,0
2022-07-01,234.86216735839844,235.39903385180315,224.00075795552715,225.900483693465,36520000,3.9671013352392315,0
2022-07-04,241.09814453125,242.25449243143217,235.23381623093056,235.93588646869227,41417701,2.655164619738648,0
2022-07-05,236.9683837890625,242.00674653577872,236.01854696986493,242.00674653577872,19283789,-1.7128961113395125,0
2022-07-06,238.95066833496094,239.5288423233504,235.64682819150005,236.30759098476878,18997440,0.8365185744200199,0
2022-07-07,241.1394805908203,242.13062483250513,238.28991799099774,240.35482146068003,14326277,0.9160100999554777,0
2022-07-08,242.0480194091797,243.20436736699975,239.85921978738577,241.92412311533346,11538313,0.37676900362120236,0
2022-07-11,243.65866088867188,245.26928663623846,241.22206852081908,242.00672764809948,12828405,0.6654222924127318,0
2022-07-12,241.7589569091797,243.94773045707524,240.2722013129126,242.0067233314395,14616684,-0.7796578921363095,0
2022-07-13,242.8739471435547,243.49340233662647,241.75890685433535,242.00667322529648,9634877,0.46119914175253296,0
2022-07-14,240.23094177246094,244.7737192490885,238.82680103345953,243.08050456935644,13930984,-1.088221030776737,0
2022-07-15,242.46099853515625,242.83268743038633,239.115877009439,241.18078041344899,11450042,0.92829705709081,0
2022-07-18,243.9064483642578,244.7324149671778,242.62620405629954,243.65865576567,11751684,0.5961576657006029,0
2022-07-19,243.3282470703125,244.15421358059913,241.7589290247484,243.65862843900416,9542292,-0.2370586336781888,0
2022-07-20,246.30169677734375,247.37545582011504,242.50227190728475,243.57603095005604,16397373,1.2219911756369273,0
2022-07-21,247.41676330566406,249.60556293169768,246.13651905151798,246.96248561972033,16660697,0.4527238516461862,0
2022-07-22,248.24270629882812,249.85333179187438,246.21911064945797,247.78842865602607,10351425,0.3338266098581455,0
2022-07-25,248.69703674316406,250.22507376479004,246.7973369727836,246.96251459953672,11050533,0.18301864780230215,0
2022-07-26,249.81204223632812,250.88580136780237,248.16013531534804,248.6144129907571,10114261,0.44833887358117774,0
2022-07-27,251.21624755859375,251.91831799754294,248.28409565674525,250.14248815012036,9706094,0.5621047367032839,0
2022-07-28,250.63804626464844,252.08349448590755,249.7707982735891,251.83570186642768,11256515,-0.23016078759414693,0
2022-07-29,250.3075714111328,252.6615742405092,248.90343120954765,251.91819665951337,17584873,-0.13185342705978043,0
2022-08-01,253.983154296875,255.0569134199065,250.34893292217774,251.0922844864949,16501510,1.468426570167547,0
2022-08-02,256.0067443847656,261.54069130203305,254.5613226002641,256.0480518729657,40483892,0.796741852227445,0
2022-08-03,254.52000427246094,256.7914186615352,250.80319433755776,256.7914186615352,18376724,-0.5807425565594437,0
2022-08-04,255.6350555419922,256.3371257068625,253.69404880616196,254.39609279391948,16514348,0.43809965849976873,0
2022-08-05,256.7501220703125,257.53478110618533,255.30470028603258,255.63508166023612,10477269,0.43619468619284785,0
2022-08-08,258.6498107910156,259.3105996891377,256.0893487028322,256.83270021968724,8627072,0.7398978841314463,0
2022-08-10,257.0392150878906,259.43452603910265,256.6675523749457,258.6498407677098,9267241,-0.6226935555063373,0
2022-08-11,252.95071411132812,258.89763160348264,252.16605502237957,258.5259427159437,11305242,-1.5906137027241196,0
2022-08-12,254.85044860839844,255.55251898869452,251.50532669351128,252.9507487736309,6669853,0.7510295053898108,0
2022-08-16,256.5023498535156,257.2870089516655,254.8504166742715,254.8504166742715,8941455,0.6481845545641907,0
2022-08-17,258.15423583984375,258.73240972917205,256.87399178653726,257.4521656758656,8283028,0.6440042312561678,0
2022-08-18,260.7147216796875,261.00382173942165,258.1955408259595,258.52592219628764,10264507,0.9918434348031635,0
2022-08-19,257.6999816894531,261.1277178536069,257.03919277211645,261.1277178536069,10823811,-1.1563366927695995,0
2022-08-22,259.6822814941406,261.8297997613308,256.87402663436967,257.03920423823575,11793184,0.7692277631111022,0
2022-08-23,260.9212341308594,261.00382292953924,257.78257183275747,258.4846420643243,9698555,0.47710326233663114,0
2022-08-24,259.4345397949219,263.8534206873481,258.567265672125,260.79737295362673,11783894,-0.5697866411255248,0
2022-08-25,257.98907470703125,261.334222321047,257.3696194085465,260.54956323669603,8057930,-0.5571598481193929,0
2022-08-26,258.4433288574219,260.50823201853126,257.6999773315222,259.97136557331953,7224507,0.17607495623854774,0
2022-08-29,258.9802551269531,260.13657696446035,255.09821469092915,256.0480775980396,11798961,0.2077539675351625,0
2022-08-30,264.72064208984375,265.4639935842234,259.5583582288505,259.5583582288505,18516092,2.2165346003218067,0
2022-09-01,262.3253479003906,265.87698036201425,261.00382241565404,263.89469213490935,13765474,-0.9048384631222595,0
2022-09-02,266.909423828125,267.81800529258237,262.69702875252466,263.2338951921961,26750910,1.7474773080163875,0
2022-09-05,271.617431640625,272.2369131163737,267.4050361368849,268.4374878117214,18144801,1.7638971846613005,0
2022-09-06,270.21331787109375,272.56729513005047,269.5938363939382,272.56729513005047,12431779,-0.516945381984546,0
2022-09-07,269.3460388183594,271.16314954823065,268.6439685496152,269.26345001530615,8397233,-0.32096088363346986,0
2022-09-08,272.4847106933594,273.06288468893354,270.5023961118026,271.7413329088565,11331350,1.1652934970826312,0
2022-09-09,272.98028564453125,275.2929553629705,272.56728927625824,273.0628744473392,9770432,0.1818725718264469,0
2022-09-12,273.3106689453125,274.54960570456757,272.5672911834894,274.2192243139073,9048240,0.1210282640012661,0
2022-09-13,276.2015686035156,276.6971276543581,273.06290578828856,273.97146125480594,10925371,1.0577339221183424,0
2022-09-14,276.9861755371094,280.0009152997951,273.35192817916004,273.3932356660749,12739464,0.2840704118954651,0
2022-09-15,275.9537353515625,278.39032746072826,274.9625650416018,277.8534348171276,8742900,-0.3727406913160425,0
2022-09-16,273.64111328125,276.3667800140158,272.3195612374975,274.50836135908537,12973988,-0.8380470252980055,0
2022-09-19,277.19268798828125,278.2664471600607,271.8239444836186,271.8239444836186,14918717,1.2978951387984328,0
2022-09-20,277.5230712890625,280.49653005595815,276.6971047033432,279.7944597669526,9892945,0.11918903892413901,0
2022-09-21,281.61151123046875,285.1218619360744,277.1100427141573,277.52301283147,21800547,1.4731892099694388,0
2022-09-22,284.998046875,288.0540946744189,281.57031015782064,281.6528989693943,25111230,1.202555829388574,0
2022-09-23,286.1131286621094,288.71492528406907,283.55266571756914,287.02168425164353,23718397,0.3912594487352594,0
2022-09-26,274.7148132324219,285.7413740994733,274.0127429512819,284.8328187184961,16829922,-3.983849144912377,1
2022-09-27,276.57318115234375,280.4552211049659,275.87111093252213,276.6970774368484,10375837,0.6764716827809325,0
2022-09-28,268.39617919921875,275.29293264978725,267.85928658247207,274.17789228396856,16151900,-2.956541888499631,1
2022-09-29,275.08642578125,276.6144623602292,270.7088272836108,271.7412787716535,18985406,2.4926757906882813,0
2022-09-30,274.3844299316406,277.3166076109009,272.69121531523365,275.0865002748844,12906555,-0.25519101773767705,0
2022-10-03,267.94189453125,275.0451859223406,266.9920578666383,274.9625709433268,9462192,-2.3479959857764854,1
2022-10-04,274.9212646484375,275.8711012267362,270.9153547293627,271.49352864433814,9142294,2.604807333096426,0
2022-10-06,278.0599365234375,280.2487361859203,274.673507567667,276.6971034429115,23091432,1.1416620969693536,0
2022-10-07,275.9537353515625,278.2251236833629,273.6410395311418,278.18381619474263,10910698,-0.7574630125463888,0
2022-10-10,270.7914733886719,273.76493192198603,269.3047441220148,272.56727654020784,9750594,-1.8706983459796045,0
2022-10-11,269.5112609863281,272.93899758370264,268.52009057360976,271.7413420607075,11018577,-0.4727668808486629,0
2022-10-12,272.6498718261719,273.7649384355314,268.23099140909665,270.87406863238516,10735673,1.164556474693268,0
2022-10-13,271.4522705078125,273.64107028548585,270.9154039809895,272.5260297385771,7546587,-0.43924514262119185,0
2022-10-14,274.30181884765625,275.78854822524454,273.2693671638556,274.467022634996,6672357,1.049741943404281,0
2022-10-17,274.4256896972656,276.49059287339514,272.2368902363991,273.4758269066539,7195922,0.04515859578684278,0
2022-10-18,281.0747375488281,281.65291161003097,275.4995082406808,275.82988967892237,21691854,2.4228955601414137,0
2022-10-19,286.0717468261719,286.9803020964805,280.66169651298895,283.38736232391483,16923690,1.777822269237439,0
2022-10-20,288.8387756347656,289.8712273837353,284.7915574492113,286.60866833905885,19186222,0.9672499431672588,0
2022-10-21,285.4523010253906,291.72959990597735,284.54374564177084,291.72959990597735,28426343,-1.1724445936778127,0
2022-10-24,287.18682861328125,288.83876180337546,286.60865461446,288.2192803128107,3292671,0.607641830757677,0
2022-10-25,286.03045654296875,288.6735337184043,283.8416570300089,288.63222623013723,17906260,-0.4026549810435931,0
2022-10-27,285.6175231933594,287.723708001335,284.0068974229033,286.31956734460533,19273344,-0.14436691623688214,0
2022-10-28,285.6175231933594,287.9301931150614,285.03934916865416,287.062945166563,13572499,0.0,0
2022-10-31,288.0127868652344,289.4995162224048,284.7502280712986,287.43461288316155,14358449,0.8386263017390094,0
2022-11-01,288.67352294921875,289.4994894439382,286.7738235707671,288.4670378698175,20422565,0.22941206575439743,0
2022-11-02,292.92724609375,294.24877163638735,287.8475766628655,287.8475766628655,17427813,1.473541148170887,0
2022-11-03,292.142578125,296.1071808091715,291.56440417344214,292.39037070096987,11149636,-0.2678712817649198,0
2022-11-04,292.05999755859375,294.04231222279236,291.1514421244024,292.3904051502257,8709851,-0.028267213542187974,0
2022-11-07,291.9774169921875,294.33142063059,289.08654681218417,293.2163538758691,10437370,-0.028275206155092825,0
2022-11-09,297.92431640625,298.54379789803886,291.72960619683226,291.9773987935478,21404869,2.0367669100318286,0
2022-11-10,294.04229736328125,297.26354871339765,292.47297917936925,296.5201971125878,20071989,-1.3030218848183006,0
2022-11-11,294.3314208984375,298.1308465417395,292.92728021299814,297.346161210145,11372654,0.09832719229474485,0
2022-11-14,286.77386474609375,294.82696723881736,286.27827954268247,294.33140821252437,18319254,-2.5677028056585116,1
2022-11-15,285.1632080078125,288.21925534997126,280.1248200675382,288.21925534997126,16046491,-0.5616469756430931,0
2022-11-16,284.21337890625,286.48476748246463,282.1897567570709,285.5349045589136,7897812,-0.3330826259804409,0
2022-11-17,283.8829650878906,286.98031993201676,282.9744097611162,284.21334646334356,10379179,-0.11625554702278107,0
2022-11-18,281.6941833496094,284.7502308982674,280.6617316697377,283.8829830051067,8140173,-0.7710155266285823,0
2022-11-21,278.5141906738281,280.82688643696554,276.2015210878058,280.08353490002287,9553090,-1.1288811994511705,0
2022-11-22,281.03338623046875,281.6528676912749,277.27526850722194,278.3490276469138,6746019,0.9045124596867904,0
2022-11-23,280.6617431640625,282.4788540067165,278.7620173361109,282.4788540067165,8067471,-0.1322416070884458,0
2022-11-24,281.4464111328125,282.8918331184242,278.80333359391636,280.66175198764506,8454385,0.2795778148827699,0
2022-11-25,281.0747375488281,282.3962894789149,279.00983392697793,281.65291161003097,7200274,-0.1320583845743184,0
2022-11-28,280.86822509765625,282.27236570642077,279.79446589499196,280.8269176054745,10284123,-0.07347243404826065,0
2022-11-29,282.7266540527344,284.95673517212254,280.82692817476186,280.82692817476186,10582296,0.6616729088639195,0
2022-11-30,280.8269348144531,284.2546715620514,280.0009681600286,281.8593865882039,23425220,-0.671927889022772,0
2022-12-01,280.45526123046875,282.2310646005803,278.1838464743152,282.2310646005803,17270904,-0.1323496922508327,0
2022-12-02,278.472900390625,281.4876662830838,278.1425190318385,280.2900109525078,8711914,-0.7068367450645541,0
2022-12-05,278.1425476074219,279.87706955208654,275.99502928900836,278.88589919678276,10090597,-0.11863013698629743,0
2022-12-06,278.5968017578125,279.34015328437266,275.95372466215963,275.95372466215963,6571118,0.16331703088869887,0
2022-12-07,280.9095153808594,282.06583714281305,278.0599268457191,279.5879636603009,10191144,0.8301292794657966,0
2022-12-08,279.5053405761719,282.60269513797294,278.7619629163253,280.99206971875185,6439244,-0.4998672981168739,0
2022-12-09,281.9832763671875,282.8918318128852,279.1750212196999,280.620443198641,8445424,0.8865432717341415,0
2022-12-12,283.469970703125,284.1307596357325,280.9095084813154,281.65286003696474,11646572,0.5272278395693109,0
2022-12-13,285.4523010253906,285.78268242151444,282.809223679283,284.54374564177084,11105261,0.6993087547681354,0
2022-12-14,285.287109375,286.8977351103185,283.9242762415949,285.7826945788267,7664099,-0.05787014145524072,0
2022-12-15,279.8770751953125,285.86527405280185,279.17500490518864,284.7502335577192,8469001,-1.8963472242190194,0
2022-12-16,276.77972412109375,279.9183605491572,273.64106151591244,278.762012546044,12907968,-1.1066826649011041,0
2022-12-19,281.2398681640625,282.7678786461262,276.98616571590406,278.18379484570767,8113695,1.6114417546776005,0
2022-12-20,280.9508361816406,281.6115990462333,278.1425809185616,280.86824736784655,5693354,-0.10277062932388947,0
2022-12-21,276.82098388671875,281.85934571787766,276.28411741889363,281.6528606284923,7316532,-1.4699555093161676,0
2022-12-22,274.59088134765625,278.67938003214726,272.48467077722,277.23395834350976,6838031,-0.8056118101130272,0
2022-12-23,269.8416442871094,274.1366550256779,268.7266037421143,273.3106884016703,10461859,-1.7295683808720264,0
2022-12-26,276.36676025390625,276.77975669054103,268.8505235263316,269.6764640453593,9934633,2.4181278557042107,0
2022-12-27,275.1690979003906,277.85345662057523,272.69119810816125,277.19269381349454,6986433,-0.43335976888656536,0
2022-12-28,276.2015686035156,276.6971276543581,273.80625745311204,274.9213242160267,8035558,0.37521317291913103,0
2022-12-29,276.9861755371094,277.3165569010839,273.8475133136792,276.1602090386157,8417520,0.2840704118954651,0
2022-12-30,273.8475341796875,278.1425445928473,272.9802863053131,277.02747795521594,7228324,-1.1331400750725806,0
2023-01-02,274.9212646484375,275.8711012267362,272.2781876338518,273.3106391836569,6181118,0.3920906105531863,0
2023-01-03,273.475830078125,275.3342481936164,272.7737598488454,273.80621144888335,6228015,-0.5257631024507603,0
2023-01-04,270.0894470214844,274.6322243582212,269.2634803664996,274.09535781218494,6947412,-1.238275081082385,0
2023-01-05,275.4168701171875,275.7885590204129,271.08057811091294,271.45226701413833,8486143,1.9724662160826023,0
2023-01-06,276.7384033203125,278.80330662983584,275.1277776917996,276.4493032448786,8603181,0.47983015803014784,0
2023-01-09,279.21624755859375,281.900632050493,277.6469295845003,278.30769229179083,11027747,0.895374190409437,0
2023-01-10,275.3755798339844,279.5053865963529,274.67350954312764,279.09239021384553,7217255,-1.3755172767313306,0
2023-01-11,274.0539855957031,276.779677531154,273.6410154542993,276.779677531154,4760847,-0.4799242689123018,0
2023-01-12,272.4433898925781,275.5407448224612,270.9979680628125,275.3755672187192,6894087,-0.5876928589905739,0
2023-01-13,271.5348205566406,274.42569024440866,269.59381366137814,272.4433758617799,14967746,-0.3334892200158479,0
2023-01-16,272.73248291015625,274.3843897904284,270.5436833888196,272.8563791983161,8571826,0.4410713701691993,0
2023-01-17,274.4256896972656,275.4581412853304,271.8239200720192,272.732475375347,14240647,0.6208306282560194,0
2023-01-18,276.40802001953125,277.9773381472333,274.5496018183956,275.87112736233075,13039078,0.7223559588945383,0
2023-01-19,274.3431091308594,277.23397889959773,273.93011277697354,275.87111972660165,8667564,-0.7470517275605659,0
2023-01-20,276.36676025390625,276.86234550701965,271.94787900404833,274.21926778561647,13608325,0.7376351202907694,0
2023-01-23,278.9684753417969,279.2988828966497,275.08646143199167,277.52305354205777,7399204,0.9413994235415224,0
2023-01-24,279.9596862792969,281.4464157834227,278.8446456954824,279.0098233197633,12776694,0.35531288482884005,0
2023-01-25,280.20745849609375,281.652880400375,276.90359212553494,279.9183584089669,12978859,0.08850281984873476,0
2023-01-27,285.7826843261719,288.1366877827789,282.06584778505237,282.313640378076,21850457,1.9896778836655526,0
2023-01-30,284.79156494140625,290.5319978637795,282.3549724672283,286.5260870665607,14634225,-0.34680876033568175,0
2023-01-31,291.02752685546875,293.2163264889536,281.694180516648,285.7826797040602,17794183,2.1896582208625004,0
2023-02-01,298.5024719238281,302.05410451023636,271.8239331250567,291.56441053096563,67003785,2.5684666839338677,0
2023-02-02,312.70904541015625,317.7474075810031,297.676547703515,298.66769190565753,57892084,4.759281688613082,0
2023-02-03,314.4022521972656,315.7237777677234,307.257679322767,315.4347038656046,23153980,0.5414639620956674,0
2023-02-06,316.6736145019531,320.63824324042014,313.53495226542634,315.9302629741873,26783409,0.7224383059642792,0
2023-02-07,308.2901306152344,317.0866104420805,304.3255277315778,317.0866104420805,21438758,-2.647357879785417,1
2023-02-08,310.18988037109375,311.63530234613074,306.8860138388054,309.5290913583647,10821785,0.6162213990010601,0
2023-02-09,309.1160583496094,313.86534589236504,307.38153662557113,308.90957327755774,12318006,-0.3461821579091251,0
2023-02-10,306.72076416015625,311.34612909990295,305.85349023718874,307.42283432447334,10674456,-0.7748850714006106,0
2023-02-13,309.07476806640625,309.8594270901421,305.60572442525455,308.0836239591265,10282470,0.7674745831752094,0
2023-02-14,319.19281005859375,320.1839803775418,308.7030899714619,309.73556777940473,30246745,3.2736551273617964,0
2023-02-15,320.85595703125,321.4016217851001,317.79178430847446,320.4781768449944,12679568,0.5210477555402715,0
2023-02-16,321.1497497558594,323.41640413620297,319.84852470474647,320.6880273125074,10151755,0.09156530155391973,0
2023-02-17,321.86334228515625,322.8287716643076,318.3794315586062,319.8905256882678,7967611,0.22219931039626495,0
2023-02-20,322.40899658203125,325.3052846255775,320.10038432075044,322.9546879209602,8105569,0.16952980510329674,0
2023-02-21,320.89788818359375,323.96206065154666,320.43616575193863,323.20652694797917,8577674,-0.46869300002707615,0
2023-02-22,322.24114990234375,323.1226104671408,319.0090923566023,320.6880711957667,9306194,0.41859475185499484,0
2023-02-23,325.38922119140625,330.7620059629958,321.6114727530318,322.74481324821056,19555814,0.9769302554985648,0
2023-02-24,323.2904968261719,326.5645385687466,319.84854390951875,326.5645385687466,13407431,-0.6449889020754718,0
2023-02-27,320.85595703125,324.71764796537934,317.41400412221884,323.29049611026613,8455904,-0.7530502191751332,0
2023-02-28,316.2386779785156,322.5768918805146,314.8115528547274,321.1077823154553,16997837,-1.4390504372916113,0
2023-03-01,317.9176940917969,319.344845870841,313.63626536077516,314.18193008554056,8065784,0.5309331938819106,0
2023-03-02,315.27325439453125,318.7991224382744,314.5596785768632,318.58925345804454,5212922,-0.8318000999661401,0
2023-03-03,323.1645812988281,323.54236149901516,315.7350370590492,316.4905708533101,8495772,2.503011845851577,0
2023-03-06,325.8509216308594,329.50274310094,323.41638285284193,323.96204753922774,11126980,0.8312607530301053,0
2023-03-08,329.4187927246094,330.0484263258889,323.29047429863346,325.72501321339706,9261146,1.0949396969304415,0
2023-03-09,325.3052978515625,330.42622947791915,323.7522192644157,329.1669887938517,10005328,-1.2487128736719422,0
2023-03-10,325.7250061035156,327.5718958188082,321.9472577905193,324.84354568707505,8684320,0.12901980223656295,0
2023-03-13,322.0732116699219,328.15957264032426,321.1078088957629,326.732420792291,9130473,-1.121128057461207,0
2023-03-14,318.75726318359375,324.42386043277224,316.65851952002896,323.79425329737256,10623744,-1.029563579390913,0
2023-03-15,318.50537109375,322.61891562561215,317.3300726560751,319.84855410474245,8748113,-0.07902316870460613,0
2023-03-16,320.22637939453125,320.9819398991888,316.36468778499875,319.5128033421714,16315136,0.5403388630060846,0
2023-03-17,315.27325439453125,323.2065040536425,310.32020810934387,323.2065040536425,50787703,-1.546757331287052,0
2023-03-20,318.00164794921875,318.463370411472,312.2930672313096,313.3844233266862,10512002,0.8654059666200586,0
2023-03-21,316.4485778808594,318.00165648015326,314.0140387776578,318.00165648015326,12057999,-0.48838428302968584,0
2023-03-22,317.1201477050781,318.0435925137934,314.1399176901358,316.44852971192387,4958761,0.21222083812668657,0
2023-03-23,319.5547180175781,321.3176655373776,314.3078599013099,316.4905454279664,10127917,0.7677122788061208,0
2023-03-24,317.9176940917969,321.52753137601337,317.3300449243146,320.2682907617259,10317108,-0.5122828215264219,0
2023-03-27,319.1768798828125,322.7027742820824,315.9448233198682,317.28800598276746,11232922,0.39607288754808234,0
2023-03-28,318.7991638183594,320.9818759931685,317.45598088565663,319.17694399547383,9523719,-0.11834067197843412,0
2023-03-29,321.31768798828125,322.3670596848559,316.6164942736706,319.1769601490683,10551626,0.7900033801082396,0
2023-03-31,321.947265625,322.78676822677375,319.00904642795757,320.6880250253946,9877493,0.1959361903356216,0
2023-04-03,318.0855712890625,322.3670265271102,317.7497755734311,322.3670265271102,7331070,-1.1994803957849243,0
2023-04-05,324.3818054199219,324.9274700950395,318.08554970913366,318.08554970913366,12055499,1.9794151948934635,0
2023-04-06,325.1793518066406,327.65584858262633,322.53491726045695,324.591702641501,13394394,0.24586656014393693,0
2023-04-10,326.18670654296875,327.4039891947738,322.9966075913583,325.1793194769324,7044256,0.3097843484622942,0
2023-04-11,332.4410095214844,334.2039571512757,325.72504135609034,326.18676383488474,18939829,1.9173997140474297,0
2023-04-12,330.3842468261719,333.95212649086005,329.16699058054064,333.91014204558877,10122932,-0.6186850106949859,0
2023-04-13,332.1051940917969,332.9446967142466,330.51015773342004,332.02125181138524,6292395,0.52089265216404,0
2023-04-17,335.9249572753906,337.4780093303229,329.83859597233095,329.83859597233095,11466474,1.1501666494676765,0
2023-04-18,334.5397033691406,337.47794898377504,333.2804628503284,335.7989704940616,9860308,-0.41237004760987794,0
2023-04-19,334.7496337890625,336.93231935583754,332.4409948905821,332.4829793344839,10119480,0.06275201950849407,0
2023-04-20,336.0508728027344,338.0236894439417,333.8681605394353,335.7990193411143,6924577,0.3887200708610372,0
2023-04-21,342.724853515625,343.3544871641832,335.00149819461507,336.0508698714704,14801099,1.9860030885288982,0
2023-04-24,343.1026306152344,344.1939867275371,339.3248819701276,344.1939867275371,6212135,0.11022751800291442,0
2023-04-25,345.4952087402344,347.17418742929436,342.0112714224472,343.1026275249201,9180650,0.6973359897328057,0
2023-04-26,346.08282470703125,346.712431677691,343.3964324563322,345.87292911070205,7914219,0.17007933885377913,0
2023-04-27,349.2309875488281,350.40628598350224,345.03350074102445,346.04088799669665,13100076,0.90965590230081,0
2023-04-28,357.2481384277344,359.51476613463143,347.30008736382564,350.9099245244589,13208557,2.2956585081916003,0
2023-05-02,356.3247375488281,358.4654388022184,353.5963604694285,357.62596272189217,10648421,-0.25847605055975276,0
2023-05-03,358.59130859375,359.7246490132277,354.3098801607166,355.94690082718654,7607609,0.636097022203308,0
2023-05-04,356.45062255859375,358.46539684287774,355.9469156844678,357.0382717097041,8292456,-0.5969709761095898,0
2023-05-05,359.9345397949219,362.57894772161086,356.2407602648026,357.58394314626037,12890455,0.9773912614657876,0
2023-05-08,362.2011413574219,363.88014644389597,360.4382206045652,361.8233878281575,7522610,0.6297260506844982,0
2023-05-09,355.7790222167969,363.62833056708234,353.8481901134796,363.33451927997135,10377820,-1.7730808678727006,0
2023-05-10,357.08026123046875,357.9197638931349,354.43585311887716,355.9049628239586,10130159,0.36574360274646,0
2023-05-11,352.9247131347656,358.80120440414595,351.66547260735814,358.6752776907943,16597954,-1.1637574368808412,0
2023-05-12,352.9667663574219,354.8556142135596,349.2729597228077,352.9247819094202,11564770,0.011915635570747263,0
2023-05-15,359.13702392578125,359.89255764989645,351.79142265487985,352.5889408216,9503538,1.74811289800334,0
2023-05-16,355.90496826171875,360.9839421544759,355.52721467294293,360.9839421544759,8302077,-0.899950561691587,0
2023-05-17,358.9690856933594,360.1023994971298,354.7715995693563,356.0728245247746,9844782,0.8609369648887366,0
2023-05-18,352.33709716796875,363.040682567462,350.99391424061633,360.9839237326619,24919291,-1.8475096574349092,0
2023-05-19,352.4629821777344,355.19135875940754,345.3272505539115,353.3864269825235,26759905,0.035728570955906314,0
2023-05-22,356.5765686035156,357.4160446310784,351.83339069600646,354.2259718716724,16015615,1.1670974354143437,0
2023-05-23,360.2703552246094,361.99131836291735,356.11485302589,357.6259471532527,9068926,1.0359027895635364,0
2023-05-24,363.92218017578125,364.9715518454359,358.4654262086875,359.5567823233287,11921823,1.0136345936359703,0
2023-05-25,370.34429931640625,371.43562871411757,365.01347261947217,366.8184044789324,18905572,1.7646957208057534,0
2023-05-26,372.4010925292969,373.36652190656764,368.9591662541491,372.2331813569451,13496209,0.555373261229386,0
2023-05-29,377.0183410644531,379.28499570110534,372.8208541571157,373.576414571371,20589822,1.2398590196920578,0
2023-05-30,386.17340087890625,387.5038534045596,378.5340511282782,378.5340511282782,19627897,2.4282796928672523,0
2023-05-31,382.39666748046875,387.97598863487576,379.7786896234105,385.65842153341305,14821960,-0.9779890043803863,0
2023-06-01,377.418212890625,383.6842103628602,376.8173641905987,383.6842103628602,9142172,-1.3019084665788938,0
2023-06-02,380.5941162109375,381.8816685853723,377.5040449197469,377.67572763758034,9558309,0.8414812035668406,0
2023-06-05,378.2336730957031,383.5554840410403,377.76157959607434,381.9675208133215,7427630,-0.620199581310954,0
2023-06-06,380.0791320800781,380.76580856133046,378.01907543259387,378.36241367322003,6703067,0.48791504184981793,0
2023-06-07,381.06622314453125,382.5254037767352,380.036181282122,381.109123419648,7833952,0.2597067245052376,0
2023-06-08,380.1649475097656,382.61126980001274,379.30658833417493,382.568342319929,7294955,-0.23651417523399276,0
2023-06-09,376.34527587890625,381.7099867726844,373.5127150558858,373.5127150558858,7329661,-1.0047406147988602,0
2023-06-12,375.0577697753906,378.491179481239,372.3968643315873,377.6757477365194,9054977,-0.34210768303356565,0
2023-06-13,382.310791015625,383.1691500995419,376.21647688465555,378.53404369085877,16732376,1.9338410838890097,0
2023-06-14,381.538330078125,384.3279634120257,380.8945538913721,383.0404382422464,9039402,-0.20205051901567295,0
2023-06-15,384.6283874511719,385.1863086570211,381.7528992605887,381.9674822471672,7787525,0.8098943486003485,0
2023-06-16,388.920166015625,391.0660503441356,384.4567146426835,385.40090157093005,12181426,1.11582470365581,0
2023-06-19,389.3493347167969,391.32356354688983,388.19056478835836,390.3364491318434,4350517,0.11034879100473294,0
2023-06-20,388.7055969238281,390.3793606443439,386.3880297965198,390.3793606443439,4644353,-0.16533681595655159,0
2023-06-21,383.72711181640625,389.8643540714859,382.01042067086826,387.975980209531,6292873,-1.2807855474222807,0
2023-06-22,384.24212646484375,385.95884478597384,382.697090857317,384.5425372089923,6892713,0.1342137765558471,0
2023-06-23,381.7528991699219,384.24212166183725,379.99328059518047,384.11336642917564,6325479,-0.64782779489162,0
2023-06-26,382.5683288574219,387.4609460620195,381.10912103063964,383.5983435096489,5688287,0.21360143937951825,0
2023-06-27,382.05328369140625,383.8558296212413,380.37949298539684,382.91164278233583,5052984,-0.13462828132005944,0
2023-06-28,385.70135498046875,386.7742971877239,381.5383413926168,381.96750739402796,12548096,0.9548592944457202,0
2023-06-30,387.6326599121094,387.933070675078,383.34086384041257,386.2592797284209,9456776,0.500725472364083,0
2023-07-03,397.6324462890625,399.9499860582149,386.3021762961916,387.6326288913875,11111199,2.579706874859422,0
2023-07-04,400.2933349609375,401.70964255111215,394.67114089487524,399.1345650454297,8022597,0.6691829846150465,0
2023-07-05,407.803955078125,412.5678446751099,398.5337407783372,400.2933594993313,16878943,1.8762790836675869,0
2023-07-06,406.77392578125,409.7781693460262,403.8555371781294,409.73524186519836,9835812,-0.2525795260317376,0
2023-07-07,402.052978515625,408.147293213273,401.3662748624045,406.0014089058079,7605499,-1.1605825659936175,0
2023-07-10,399.8641357421875,404.1988315007018,398.0186623229895,403.4263001520913,6772454,-0.5444165048891558,0
2023-07-11,406.1301574707031,407.3318276357208,399.9929153943561,399.9929153943561,8783282,1.5670376931617769,0
2023-07-12,405.40057373046875,410.0785810019085,403.81261058479845,410.0785810019085,12816220,-0.17964283784737134,0
2023-07-13,405.14306640625,409.22025219887996,404.28470720721316,406.7739298418112,8214385,-0.06351923033782736,0
2023-07-14,405.9155578613281,407.718103961429,404.58510522527325,406.00141282113736,5277090,0.19067127618161983,0
2023-07-17,405.4434509277344,408.4047668496178,403.9413428294161,407.28892444643,6325310,-0.1163066860706663,0
2023-07-18,405.5722351074219,407.03144303513886,404.2847099021475,405.6151625889643,5558415,0.0317637834309048,0
2023-07-19,411.0227966308594,412.3961495805734,401.7954828864581,405.7868136998256,14401395,1.3439188020338388,0
2023-07-20,422.4388427734375,423.76929528119314,408.8339341804201,411.92400513868716,21030102,2.7774727426690404,0
2023-07-21,420.97967529296875,427.2027452802702,418.01835927513474,422.1384452121807,14510084,-0.3454150832553404,0
2023-07-24,404.5850830078125,428.9194404210098,401.8383501304543,423.55470269148583,40477929,-3.8943904533507268,1
2023-07-25,396.8170166015625,402.13879980516936,390.89435750965157,401.6237788744661,45211370,-1.9200081101605981,0
2023-07-26,405.357666015625,406.0014422422148,396.6024453526449,399.0487678099579,18842179,2.15228910473817,0
2023-07-27,399.177490234375,407.8468552185177,395.78698105932125,407.203106248586,14528232,-1.5246228946393714,0
2023-07-28,402.09588623046875,402.95424541008026,397.7612172595792,401.45213724855495,10362522,0.7311023460717214,0
2023-07-31,399.7354431152344,403.16885283803526,397.84706912788033,402.5680040962655,8510403,-0.5870348829884464,0
2023-08-01,398.962890625,402.4392002067626,398.10453149712134,399.9929052562195,6686176,-0.19326594715086687,0
2023-08-02,394.9286193847656,398.96290470782736,393.12607331371055,398.7912219947016,10715605,-1.0111895955822958,0
2023-08-03,391.4523010253906,398.0616092694034,389.9501657308603,394.92861065300184,11026824,-0.8802396657883516,0
2023-08-04,390.5080871582031,396.0444804861132,389.9072384807844,391.6668842384768,7097614,-0.24120789805402998,0
2023-08-07,390.4651794433594,391.8814597552039,387.074670427447,389.7785030261726,9513953,-0.010987663573369666,0
2023-08-08,388.2763977050781,392.26775569479224,387.160528038295,392.26775569479224,6638681,-0.5605574718343775,0
2023-08-09,393.68402099609375,394.75696314088793,383.5983485127932,388.2763827929899,10134166,1.392725214042767,0
2023-08-10,387.7613525390625,394.24193273120994,385.4008853179906,393.8985945175745,13702317,-1.50442185640296,0
2023-08-11,385.1863098144531,389.6068336069002,381.75290040770386,389.6068336069002,12028396,-0.6640792610578594,0
2023-08-14,385.57257080078125,387.3321893597199,382.01040620449373,385.18630510626537,7854074,0.10027900174183202,0
2023-08-16,386.47381591796875,392.6110577135574,384.7141974241364,387.11759205167533,15494896,0.23374202042321102,0
2023-08-17,378.53411865234375,386.25929752997376,377.67575939844517,386.25929752997376,16896158,-2.0543946157817405,1
2023-08-18,379.09197998046875,380.55118776098124,376.38817460177904,378.53405879533585,20068497,0.14737412049172782,0
2023-08-21,384.37091064453125,384.9717593818017,378.83451676513033,379.3924652235636,9940689,1.392519742658349,0
2023-08-22,389.9072570800781,390.67978850377847,383.6842142287713,385.400905386339,10234488,1.440365616186523,0
2023-08-23,386.6455383300781,391.10896263642394,385.0575751730007,391.0660623589204,8770272,-0.8365370715144538,0
2023-08-24,387.03173828125,389.26345005518573,385.658358356251,386.77422784508,6322751,0.09988475564464139,0
2023-08-25,380.5511779785156,387.117585618301,379.43530843320985,387.03175786980785,9628041,-1.674426064258594,0
2023-08-28,378.87738037109375,383.55541423659986,378.53404217964237,381.9674512978794,7176903,-0.43983508770438773,0
2023-08-29,377.76153564453125,381.1091172355908,376.9890314639849,380.2078578243325,9845106,-0.29451341895089245,0
2023-08-30,380.0791320800781,381.1091468019567,378.1049031918186,378.5340963953967,7648569,0.6135077864909189,0
2023-08-31,377.418212890625,381.88166426278127,374.3281416344115,380.25077367486637,20666732,-0.7000961023275853,0
2023-09-01,378.57696533203125,381.9674743835826,376.21649812081193,377.67570592546565,11879159,0.3070208065825586,0
2023-09-04,375.5298156738281,380.5511879537414,374.8002117832023,380.5511879537414,14128562,-0.8048956849581734,0
2023-09-05,380.3366394042969,381.5383368383768,376.388208864281,376.73154710205716,8701612,1.280011208123022,0
2023-09-06,384.0704345703125,384.97172118866524,379.39242758395017,381.0662183857372,13358433,0.9817079868675416,0
2023-09-07,382.739990234375,385.40086807191096,381.62412068719937,385.229212574637,8401953,-0.34640634013549665,0
2023-09-08,379.9503479003906,384.456699370507,379.26367147143907,384.456699370507,10322317,-0.728860951340915,0
2023-09-11,383.8558654785156,384.6283968936341,379.950362534242,382.8258507954172,9679540,1.0279020929200078,0
2023-09-12,387.246337890625,389.95014317919737,382.4824762278565,385.3150367400489,14961276,0.8832670585566804,0
2023-09-13,389.26348876953125,392.26773215076497,387.2034322790102,388.147619169723,12268130,0.520896050274855,0
2023-09-14,386.21630859375,391.323535820513,383.81294115046234,391.323535820513,14986708,-0.7828065728469502,0
2023-09-15,384.8429260253906,388.0617520637795,383.68415626861287,384.58541558972394,15657801,-0.3555993203290586,0
2023-09-18,388.0188903808594,389.6926812927718,382.9975176451221,384.84299127782964,8513132,0.8252625007999281,0
2023-09-20,388.7914123535156,390.6368587375678,385.8729965971384,387.7184701849169,10343224,0.19909390800483262,0
2023-09-21,384.1134033203125,389.30643178942125,381.5383528272174,388.6626827680115,11132308,-1.2032181999301894,0
2023-09-22,380.3366394042969,384.88591866135266,379.607035447625,384.1133872235612,7795399,-0.9832418976710833,0
2023-09-25,379.9074401855469,381.79581406526216,376.2594476637083,380.33663337876266,6005673,-0.11284719227214746,0
2023-09-26,379.77862548828125,381.5382710586338,377.4181585082013,380.76573975403187,5533023,-0.03390686352515715,0
2023-09-27,385.5296325683594,386.08755375350273,376.6456850646556,379.7786564006256,10894817,1.5143050962081128,0
2023-09-28,378.3194885253906,386.21632194812275,377.3323741461521,386.21632194812275,10610213,-1.870191921418729,0
2023-09-29,381.4524841308594,382.4825260540032,376.98905980966003,379.39245469202604,8474326,0.8281348702601887,0
2023-10-03,377.461181640625,380.16498748450357,377.0319884058364,378.5341239220027,7770032,-1.0463432947169227,0
2023-10-04,374.328125,379.13491438660606,371.9247303066969,377.46112359689323,13912656,-0.8300341314588344,0
2023-10-05,374.28521728515625,378.1048925093312,373.4268853097046,377.6757265216054,10416552,-0.011462594440037055,0
2023-10-06,379.5211486816406,380.76577349254103,374.800214303173,375.8302289301865,8742804,1.39891482609511,0
2023-10-09,378.0619812011719,380.42244847223975,375.31524823018594,378.4911471763749,5827256,-0.38447593382806566,0
2023-10-10,381.4524841308594,381.8387498520383,378.0620020104501,378.0620020104501,5207891,0.8968113955588164,0
2023-10-11,384.7571716308594,385.78718636616406,381.7958282598694,383.85588493420624,7946195,0.8663431587107695,0
2023-10-12,386.860107421875,388.4051430421808,382.95460449328624,385.95884797824914,12227957,0.5465618177049159,0
2023-10-13,384.8429260253906,387.80424162811283,383.68415626861287,386.13045100000176,7926432,-0.5214239870653392,0
2023-10-16,385.3580017089844,387.11762033136023,382.9975071821044,384.5425428121438,4377288,0.133840496670512,0
2023-10-17,389.2206115722656,390.1218983049298,385.4009360377699,386.08761255540924,7203352,1.0023432356798923,0
2023-10-18,387.6755065917969,393.29772738412527,387.11758542128985,389.90721847754884,7160492,-0.39697408989397553,0
2023-10-19,386.6025695800781,390.46517195923667,383.555426034889,386.0446484022732,9830006,-0.2767616198277145,0
2023-10-20,376.21649169921875,385.40087713097085,375.40106005869103,381.9674678638267,13521824,-2.6864999609652274,1
2023-10-23,374.1564636230469,377.632800630929,371.7530959964487,375.9590097457904,7555671,-0.5475645330877299,0
2023-10-25,371.40972900390625,375.9590081702813,366.56003908686273,375.0148212342857,11308597,-0.734113903189948,0
2023-10-26,372.8260498046875,374.75732402155757,368.7059364802493,368.7059364802493,19525305,0.3813364837210065,0
2023-10-27,372.3110046386719,374.92898237526947,370.98055203087665,372.8260255716831,13638258,-0.1381462390531607,0
2023-10-30,369.4784240722656,375.22937296590027,367.67587810725513,372.9976610489118,7911426,-0.7608103255382637,0
2023-10-31,367.7187805175781,371.9676486039867,367.2896145631058,369.09216053859353,8952141,-0.4762506928803312,0
2023-11-01,367.4613342285156,370.03638462181203,365.22959487034984,369.09219766402157,8297973,-0.0700117325256322,0
2023-11-02,370.0793151855469,371.40974067080435,367.93343077201723,369.135128219892,8465990,0.7124507296877081,0
2023-11-03,371.8818054199219,372.86891979091905,370.03635911281424,371.4955669301622,14334179,0.48705511505588994,0
2023-11-06,373.6843566894531,374.9289815402163,371.2809891494467,372.0964208224146,7589690,0.4847107987700161,0
2023-11-07,371.40972900390625,373.2981300796239,370.93763553590844,373.2981300796239,5321353,-0.6087029453676562,0
2023-11-08,375.0577697753906,375.52986326989816,371.0664116096857,371.7960155927843,7248663,0.9822146504530505,0
2023-11-09,372.86895751953125,375.959028972627,372.43979150805103,375.78737344952606,8085620,-0.583593364075663,0
2023-11-10,374.71441650390625,375.9590142105664,371.23807945474016,372.86894287880256,4236307,0.49493500254129685,0
2023-11-13,374.2423095703125,376.3023389149238,373.3839504081949,376.3023389149238,3888975,-0.12599113159256214,0
2023-11-15,379.3495178222656,379.8216112907805,375.52984259383584,376.04486354266163,7722827,1.364679546205494,0
2023-11-16,376.5169372558594,381.5383096322674,375.61565064270343,379.349497918328,11276031,-0.746694125952041,0
2023-11-17,377.0319519042969,378.96325326454786,376.2165202019907,377.0319519042969,6911592,0.13678392589482335,0
2023-11-20,374.9289855957031,377.93322905786397,372.9547840084122,377.54696335478775,4502356,-0.5577687243673024,0
2023-11-21,374.4568786621094,377.07485632698126,373.81310251348316,375.22938283673597,6228803,-0.12591902779766073,0
2023-11-22,377.418212890625,378.0190615906513,373.21227199044085,375.10067305032794,5074887,0.7908345118658566,0
2023-11-23,377.97613525390625,379.6070258467537,376.17361635210193,378.4911561994082,6611803,0.14782603070693234,0
2023-11-24,375.7873229980469,379.6069979208294,374.97189136347384,378.53405583244916,7084608,-0.5790874215878872,0
2023-11-28,373.5985107421875,376.8173370021395,373.2981000157129,375.95897789207413,9082513,-0.5824603763631364,0
2023-11-29,375.2723693847656,376.38823915012097,372.65439130780766,374.24235458855776,14316126,0.44803675455045155,0
2023-11-30,374.07061767578125,376.34525715789107,372.95477527576713,374.8431490638451,15710110,-0.3202345301772547,0
2023-12-01,386.08758544921875,387.074699876353,375.4440185618797,375.87318455434155,20081576,3.2124864144911225,0
2023-12-04,389.7356262207031,391.752755460777,387.1176482365395,390.5510579725975,13293194,0.9448738858670591,0
2023-12-05,387.7613525390625,392.95440762914575,386.3450722064194,390.5510129299725,12603697,-0.5065674136042753,0
2023-12-06,397.6324462890625,398.70538842019147,388.061794862349,389.60683044302573,21203900,2.5456620896755267,0
2023-12-07,393.2119445800781,398.9629212542833,392.61109586480706,398.91999377329,11746535,-1.111705483352543,0
2023-12-08,385.5296325683594,396.216153262856,384.97171138321596,394.7998457558044,19386851,-1.953733124745971,0
2023-12-11,388.3621826171875,389.3492969364497,385.6583773119515,387.5467509983845,6854157,0.7347165586100157,0
2023-12-12,388.920166015625,394.8427980571218,388.27638983558137,389.86435294387155,10549319,0.14367603835090392,0
2023-12-13,391.1089782714844,393.8557114943193,388.92019351204266,391.66692673487756,11718443,0.56279217359263,0
2023-12-14,394.9286193847656,395.7011507882431,385.7871609993032,394.84279163006556,14924265,0.976618110420846,0
2023-12-15,393.2977600097656,397.3749456496042,390.5510269980168,396.4736590030865,16397959,-0.4129504155815811,0
2023-12-18,387.6755065917969,391.4093536958949,386.559637047059,390.5509946002291,12490839,-1.4295157485334165,0
2023-12-19,391.4952087402344,393.1260720931,388.0188718428308,389.1347414653695,10664235,0.9852833319334398,0
2023-12-20,387.11761474609375,394.19901661338577,385.6584068932969,393.98443362414525,10766954,-1.1181730699149517,0
2023-12-21,387.5038757324219,389.47807729462164,381.49538888446534,385.40089173377436,11584223,0.09977871623885193,0
2023-12-22,390.72265625,391.3235048642219,386.73129891187114,388.8342554597867,11450973,0.8306447287770524,0
2023-12-26,391.7956237792969,393.8985804641823,390.29348854404384,391.45228557791097,6097422,0.2746110347413122,0
2023-12-27,392.3535461425781,393.55524345292497,389.4780580930857,392.26771839290313,7833901,0.14240137699841338,0
2023-12-28,398.362060546875,398.8770542846564,391.4952144071042,392.4394013307172,21493169,1.5314031091013591,0
2023-12-29,396.64532470703125,401.6237695761511,396.0015485585568,398.36204296714664,13384631,-0.43094862936671197,0
2024-01-01,401.75250244140625,403.3833928588462,397.117396041588,397.8469999013358,9706230,1.2875930752864084,0
2024-01-02,403.7267761230469,404.5851080974229,397.93287207365034,403.4263381690342,10924918,0.4914154036734564,0
2024-01-03,409.6494140625,412.6107301461247,402.86842270487585,403.6409269336043,24961710,1.4669916115863657,0
2024-01-04,408.9197692871094,413.25446508333243,407.03139557904353,412.00984030098505,12240910,-0.178114443800792,0
2024-01-05,406.81683349609375,411.49486773368767,405.14304267730904,411.49486773368767,9564086,-0.5142661101178336,0
2024-01-08,399.5637512207031,408.1472883482497,398.7482923424567,407.71809516963697,8311403,-1.7828864683546275,0
2024-01-09,398.7482604980469,403.3833941160344,397.9757563641979,401.2804102773474,5916180,-0.20409527144663597,0
2024-01-10,397.67535400390625,400.63669719235435,394.8857207330158,398.74829615510856,6123200,-0.26906863312721185,0
2024-01-11,397.117431640625,400.4650133189814,395.7869790243903,398.3620565020552,6786448,-0.14029593678962504,0
2024-01-12,400.5937805175781,401.45213970243634,395.1432418595045,397.6324644529848,9714589,0.8753956890260817,0
2024-01-15,401.3663024902344,403.8555523975188,400.07877725787444,403.42635918424696,7167978,0.19284422530427836,0
2024-01-16,405.40057373046875,407.71811362572754,398.4908271181607,401.5379709667349,12531058,1.0051345155794422,0
2024-01-17,400.5079345703125,409.4348098392072,399.3062372068339,404.62802038529264,11536527,-1.2068653764188086,0
2024-01-18,399.5637512207031,401.5808802693785,390.1647552149102,399.349141029534,9495938,-0.2357464779374041,0
2024-01-19,404.7138671875,406.00141956877525,400.33627070234405,402.18174431302083,12673308,1.2889347322080136,0
2024-01-23,394.2419128417969,406.64512419993554,391.7526905157267,406.64512419993554,8728196,-2.5874958074642795,1
2024-01-24,397.9328918457031,401.1946460030682,393.2119569371608,394.9286481749363,22459072,0.9362218687761326,0
2024-01-25,391.1089782714844,399.09166744976585,388.0618342792077,397.88999716827067,20435547,-1.7148402944445973,0
2024-01-29,386.08758544921875,392.48233828149625,384.1133837986769,391.3235683388679,18557346,-1.2838858479950477,0
2024-01-30,376.00189208984375,389.4351178351049,375.4439709296809,383.68416912859067,45190319,-2.6122811868297013,1
2024-01-31,379.00616455078125,379.8215962182456,376.5598423446629,377.6757119549288,20648695,0.7990046125139205,0
2024-02-01,380.1649475097656,384.3279609474678,377.07487624062026,379.3924432943424,19903526,0.3057425095863042,0
2024-02-02,377.76153564453125,383.85585015123644,377.2465419254087,381.9674763724285,17816750,-0.6322023850377834,0
2024-02-05,376.00189208984375,380.8086811734719,374.7143670720786,379.3924009335579,12505666,-0.46580802666561505,0
2024-02-06,370.2939147949219,378.44825960984446,368.6630240689546,377.67575533226284,19487043,-1.5180714286293973,0
2024-02-07,370.63720703125,373.3839399508634,369.7788478931724,373.3839399508634,13376903,0.09270804153458378,0
2024-02-08,361.2610168457031,373.9406548583127,356.07587448707574,373.8535172676072,50039587,-2.5297487698681898,1
2024-02-09,362.0888671875,369.67052751049914,356.07584909868194,357.3830233416138,33527317,0.2291557359344054,0
2024-02-12,354.5508117675781,364.2675230445882,353.8536558100145,363.87536246137586,11326971,-2.0818246853246847,1
2024-02-13,354.4636535644531,357.99304337034437,351.4571445057712,354.5943737512555,16207766,-0.02458271148513269,0
2024-02-14,358.6466369628906,359.2566552825192,352.4157335824784,353.810073006866,12618012,1.18008810109973,0
2024-02-15,351.98004150390625,361.26100948205914,351.3264405397178,359.9102525686611,21169031,-1.8588200116523512,0
2024-02-16,352.5900573730469,356.9037408495518,348.0584884974271,352.93863534518886,38963810,0.1733097895364244,0
2024-02-19,356.6423034667969,359.6923952723139,352.59006034002135,352.93863831509657,17602580,1.149279739746789,0
2024-02-20,353.897216796875,357.68804696525905,352.3286021787309,357.68804696525905,14626643,-0.7697030451064957,0
2024-02-21,351.5007629394531,357.3830614696527,349.71426274400176,354.6815474921949,20162369,-0.6771609788605248,0
2024-02-22,361.1738586425781,361.7838769804783,351.5878680265273,354.5943771137186,19321180,2.7519415952992343,0
2024-02-23,358.5158996582031,362.437422138074,357.7315785908986,362.437422138074,11576964,-0.7359223046663921,0
2024-02-26,356.5987243652344,359.9538113149577,354.94294457199726,358.2544765395862,8289561,-0.5347532131201205,0
2024-02-27,358.2980651855469,359.69240474144175,356.0322944784666,357.2959138379061,8083518,0.4765414748292729,0
2024-02-28,355.8144226074219,359.34381253424715,354.50724831349424,358.2980510039956,8949664,-0.6931777811411965,0
2024-02-29,354.0715026855469,358.210910936739,352.5028880199136,356.42443849344016,15468800,-0.48983959365750396,0
2024-03-01,356.86016845703125,360.04098051981117,355.11727854645085,356.337315293301,12873024,0.7875996092125526,0
2024-03-04,356.5115661621094,359.86668079658443,355.94513043216057,359.25666246476044,7103794,-0.09768596378495475,0
2024-03-05,353.9407958984375,358.5159474971022,352.0236031921604,356.9908877579181,10108373,-0.7210902836467636,0
2024-03-06,355.4222717285156,357.25232683748783,349.19139545598193,354.245817593779,11534613,0.4185659995247448,0
2024-03-07,360.3894958496094,361.60953238436093,351.76210253069,355.4222121349447,23907135,1.3975556728442529,0
2024-03-11,356.77301025390625,364.5289458598365,355.55297357754284,363.22177159770035,18298683,-1.0034936193623945,0
2024-03-12,352.4593200683594,354.245792445932,348.0148889968415,354.245792445932,36226074,-1.2090853460234974,0
2024-03-13,368.1455078125,381.69660509257994,367.01263623455105,379.08225632312536,105525827,4.450495944070454,0
2024-03-14,365.7054138183594,370.8034184912404,364.2675193135294,367.7097716994342,31949569,-0.6628069451776075,0
2024-03-15,365.2261047363281,373.4613385589126,361.87101765864895,363.57035249882944,76074975,-0.1310642566175746,0
2024-03-18,363.7882080078125,366.62044193009535,363.3089098568447,365.13896487478166,16547358,-0.39370042553603657,0
2024-03-19,356.9036865234375,365.6182173571653,356.16294808830474,364.26746065891626,21803126,-1.8924531727062321,0
2024-03-20,362.26318359375,363.09105972476596,356.9037386154801,357.2958991887677,20364534,1.50166481117604,0
2024-03-21,367.0997619628906,367.75333532468477,362.69891313703715,365.13898663973265,19968509,1.3351007190850694,0
2024-03-22,373.5049133300781,374.419927016119,367.0997346711346,367.0997346711346,40358503,1.7447985618239015,0
2024-03-26,372.67706298828125,374.0278199287093,370.84700787081954,370.84700787081954,10669833,-0.2216437621706091,0
2024-03-27,372.9820251464844,373.7663462493522,371.6312683263577,372.1105664607041,12698464,0.08183013887621549,0
2024-03-28,373.2870178222656,377.5571180839597,372.1105362634369,372.9819948784972,29009002,0.08177141396061849,0
2024-04-01,371.8491516113281,375.90139442993103,371.02124791223844,373.94061930272346,9743648,-0.3851905215793261,0
2024-04-02,371.1084289550781,373.5920573017108,370.01911246222807,373.5920573017108,9194659,-0.19919977040158132,0
2024-04-03,370.5419616699219,373.679218545448,366.88187928309895,371.23914520830874,13152268,-0.15264198842134258,0
2024-04-04,368.4069519042969,372.4156403114754,365.9233233103204,370.8470255103089,19065447,-0.576185691899278,0
2024-04-05,372.58990478515625,376.20643221522545,365.96684064487147,368.1890562257562,16768902,1.1354163810529894,0
2024-04-08,373.9406433105469,375.94500116709133,372.76418920624536,373.24348736865613,8844633,0.36252687151292484,0
2024-04-09,371.5441589355469,376.0321452699147,370.8470029815778,375.1171315326912,6967273,-0.640872934748038,0
2024-04-10,380.78155517578125,381.5222937012438,371.02126177569613,373.24347735208397,14547618,2.4862175916582796,0
2024-04-12,374.8121032714844,379.73583272202484,373.2434885876637,379.0822317625633,18785009,-1.567684102120226,0
2024-04-15,371.1520080566406,373.9842421696475,368.5376593514713,372.9820631978144,9083087,-0.9765146810621128,0
2024-04-16,371.1520080566406,372.11060442312856,368.79909974576583,368.84265473222285,10357752,0.0,0
2024-04-18,365.00823974609375,372.0234367437925,363.96250587237773,371.2391432432269,22133191,-1.65532401204449,0
2024-04-19,370.1498107910156,371.4569849814609,362.52459579138616,364.26748550568493,17221280,1.4086178022990614,0
2024-04-22,370.6291198730469,372.63345000847283,368.92978508955906,372.1105692692811,7386048,0.12949056518682944,0
2024-04-23,374.0278015136719,375.1606729933093,370.45482904533475,370.62913183698697,12484384,0.9170034026978691,0
2024-04-24,373.766357421875,375.42210964113116,373.243476671,374.07135278062805,6070285,-0.06989964134720417,0
2024-04-25,381.3044738769531,381.9580472629004,373.85353289737685,375.59645049768056,30337038,2.01679907926271,0
2024-04-26,383.4394836425781,386.31527251993987,380.30225439111325,382.78588270732047,15342965,0.5599225584523193,0
2024-04-29,381.8708801269531,385.5745452174713,378.7336507842141,385.182412263794,12075706,-0.40908763508745727,0
2024-04-30,379.648681640625,383.8752276853702,379.1693834588154,383.3959295035606,12528665,-0.5819240486704236,0
2024-05-02,382.5680236816406,385.70525292282576,378.9514962957991,379.9536751869483,24123523,0.7689588248798618,0
2024-05-03,380.3457946777344,383.48305142686223,375.9013913463709,383.48305142686223,23786388,-0.5808716009562565,0
2024-05-06,378.8643798828125,383.8316643954197,377.6443431520748,381.696586307185,10753860,-0.3894915667930765,0
2024-05-07,383.7444763183594,388.6682055521619,379.2564902446458,380.73796727495403,26969062,1.2880853135510684,0
2024-05-08,384.31097412109375,387.53534122419063,381.870900586258,384.52883191122805,10916481,0.14762370214924658,0
2024-05-09,370.4548034667969,384.74663711557434,368.92977152540453,383.4830455341657,24314298,-3.60545797215015,1
2024-05-10,377.6443176269531,380.2586660910364,371.6748545706709,371.6748545706709,14524604,1.9407263970868227,0
2024-05-13,376.3371887207031,379.474418303003,374.2892481138932,377.55719789702965,7584217,-0.34612698913722983,0
2024-05-14,374.4635009765625,377.6007301404288,373.4613221101125,375.1606568754472,11423749,-0.4978747251925597,0
2024-05-15,372.8077392578125,377.5571378637732,371.89269799745216,375.3785050214278,7856433,-0.4421690537080192,0
2024-05-16,375.9885559082031,376.9907348358264,368.5376430939357,374.7249642167052,23911954,0.8532056380382569,0
2024-05-17,380.21514892578125,381.26088289164886,373.7663870890437,376.8164790131012,11894830,1.1241281020824667,0
2024-05-21,378.90789794921875,380.91225564823026,377.51358617502353,379.9536593987499,11175153,-0.3438187511086488,0
2024-05-22,383.3523254394531,385.13879774122665,379.43077527659403,381.1301099979817,11036895,1.1729572052441073,0
2024-05-23,384.615966796875,387.70964129923095,380.43300335151315,384.65954940215045,27244733,0.329629240144369,0
2024-05-24,380.1279602050781,385.5745427258716,379.34366668390487,384.310951047624,13252938,-1.166879947593824,0
2024-05-27,376.0321350097656,382.48089645524146,375.33497907481865,382.3937588680947,12282545,-1.0774859058257147,0
2024-05-28,373.853515625,376.90360747517,373.1999146503608,376.5550294949917,9668761,-0.5793705329756094,0
2024-05-29,375.5528564453125,376.81647580985464,370.80342960528895,370.80342960528895,10832067,0.454547235558711,0
2024-05-30,369.3655090332031,375.55282998521824,368.0583347743574,373.4177796163997,21314885,-1.6475303824537324,0
2024-05-31,371.63128662109375,374.3328003943377,369.7140939893284,371.8927270015866,29300711,0.6134242457616512,0
2024-06-03,375.02996826171875,378.9951014605376,373.548518756603,378.21078029410506,16116836,0.9145305476097265,0
2024-06-04,368.4967956542969,378.34825137293643,357.5359728112726,378.0819920118962,47791986,-1.7420401462057589,0
2024-06-05,381.8983459472656,386.9571898919485,371.02626584102927,374.5319394116942,28197030,3.6368159644843523,0
2024-06-06,386.42462158203125,388.4658963975464,382.60830317461443,386.95714028519546,32318523,1.1852043044435323,0
2024-06-07,389.7528381347656,391.97162873664547,382.60833352183147,382.8745928945324,29543660,0.8612848061049005,0
2024-06-10,387.7559509277344,391.3947824225192,386.82407117924964,390.50726048759805,11872688,-0.5123470598925484,0
2024-06-11,384.29461669921875,388.55471053198954,383.6289963758289,387.844704269185,13158571,-0.8926579257479195,0
2024-06-12,383.67333984375,385.53712730991356,381.80955237758644,382.1201976859324,10751658,-0.1616668119905018,0
2024-06-13,381.8983459472656,387.7559399211235,381.4102131161108,387.7559399211235,9641349,-0.46263154411698704,0
2024-06-14,382.6527099609375,383.3183302481955,380.7889225262687,382.51958027789186,9572809,0.19753005522993305,0
2024-06-18,380.5226745605469,385.3596448481991,380.0345417507453,384.29460735192566,14641141,-0.5566497622891742,0
2024-06-19,375.996337890625,382.2976782837194,375.4638191590513,381.6320579972225,11329972,-1.1895051129736767,0
2024-06-20,375.6856994628906,378.5257525366393,374.08817136690516,376.351347889539,15147549,-0.08261740778569004,0
2024-06-21,372.4018859863281,377.4607294610519,371.46997822289575,377.1944701000712,26176371,-0.8740853008930904,0
2024-06-24,375.6856994628906,376.26257601400545,372.7569026415791,372.7569026415791,9723008,0.8817929232192601,0
2024-06-25,375.6856994628906,376.3069619517722,372.53502920868647,375.41944009223124,10655609,0.0,0
2024-06-26,376.2625732421875,378.43700600124004,374.5763014110614,375.41943732662446,11511714,0.15355223265660634,0
2024-06-27,377.7270202636719,379.19141874299106,373.7331857724581,376.2625936563807,38438054,0.38920879344057635,0
2024-06-28,377.1057434082031,379.8570246308186,375.86321841942026,377.63823402627366,18554411,-0.16447773713277325,0
2024-07-01,380.7889404296875,381.8539498161556,376.8838497566948,378.3482763390493,13391362,0.976701385716483,0
2024-07-02,377.63824462890625,382.20895565283456,375.02006489132174,381.6320790804071,11177863,-0.8274126336825782,0
2024-07-03,380.123291015625,381.32143008834834,377.63824099221983,378.1707597480842,7435499,0.6580494486623678,0
2024-07-04,380.7889404296875,382.9633451417158,379.0138966576025,381.6320763766379,9478861,0.17511408266617234,0
2024-07-05,384.87152099609375,385.1821381877556,379.5020318353326,380.7445568579234,13427543,1.0721373792525135,0
2024-07-08,393.7022705078125,394.5454064017364,384.871494397807,386.20276307915896,21311436,2.294466862308675,0
2024-07-09,401.68994140625,403.8199883358948,394.0573037136591,397.25236004414035,27489709,2.0288607653023316,0
2024-07-10,400.6693115234375,404.1306271806451,396.2760880434586,402.6662006020045,12065662,-0.2540840030097469,0
2024-07-11,407.0594177246094,407.81380990765183,398.22861309156133,399.38239433526815,19556596,1.5948579083522096,0
2024-07-12,407.4144592285156,411.14203455660714,404.5744058539659,407.0594560726936,19693114,0.087221051386277,0
2024-07-15,411.2751159667969,413.98203932408734,405.77249737770325,407.41441139257415,16876907,0.9475993428391893,0
2024-07-16,413.1832580566406,414.24829551887325,409.5000691316833,411.31947062570373,13497253,0.46395758356501116,0
2024-07-18,417.3546142578125,417.9315189735093,410.6094983275924,410.92014365573266,21907158,1.00956563941903,0
2024-07-19,421.1709289550781,425.47540879743394,416.6002178558093,418.0202585325393,25939326,0.9144057755422708,0
2024-07-22,414.0707702636719,425.51972582046176,413.4495078011498,421.2152745186909,18762384,-1.685814049184664,0
2024-07-23,436.8355712890625,441.4506680930601,413.93765914854197,414.07078883419376,56125835,5.497804399691009,0
2024-07-24,438.4774475097656,453.21023038482934,435.45990719384116,440.2081051460057,43693692,0.37585680485179296,0
2024-07-25,434.8387145996094,440.20817585100497,430.13487369800487,434.8830724128117,18567567,-0.8298563428567718,0
2024-07-26,445.71075439453125,449.43830114712074,432.57549856626446,438.4774780631656,21534703,2.5002465120734785,0
2024-07-29,440.2525329589844,449.2608250855603,438.47748921984754,448.63956258965953,12978187,-1.22461066548899,0
2024-07-30,434.7943115234375,441.8056866583547,433.6849161895334,440.47441788326415,13891052,-1.2397933065510292,0
2024-07-31,439.63128662109375,441.9388210644049,435.3268349298526,437.057492794329,11982586,1.1124743285413352,0
2024-08-01,438.1668701171875,440.8737935243366,435.72617795456915,440.16375915500845,12114803,-0.33310106638710923,0
2024-08-02,434.0843200683594,443.2701002450131,430.26800111466224,430.26800111466224,22141163,-0.9317340783287054,0
2024-08-05,431.3330078125,436.5693674354034,425.6085153542388,426.0522903769102,25022076,-0.6338197738693041,0
2024-08-06,431.5992736816406,436.3918583538408,429.602356369564,431.5548877403152,14251363,0.06173092815016101,0
2024-08-07,437.2349548339844,439.8531344481693,433.19676276137596,434.8830345877464,11320399,1.3057670612534045,0
2024-08-08,439.0987548828125,441.98319394772153,437.1018376938733,438.4331345718136,21349889,0.4262696813743583,0
2024-08-09,440.119384765625,441.9831721749572,437.6343348865154,441.9831721749572,9556181,0.2324374349649272,0
2024-08-12,438.96563720703125,443.7582217148487,436.65810276874254,436.65810276874254,9425644,-0.2621442268915586,0
2024-08-13,434.883056640625,441.85007398597685,433.32991441946837,440.16377394612385,8056478,-0.9300455936328222,0
2024-08-14,436.8355712890625,442.87070869735584,434.7942963223527,436.61369785563306,9609981,0.4489746424062302,0
2024-08-16,446.1101379394531,447.48579265284656,437.23497527546624,438.87688936925474,13643352,2.123125326772768,0
2024-08-19,445.0451354980469,452.01212479668385,443.40322137860943,447.97393247220106,10591508,-0.23873083143221008,0
2024-08-20,442.6932067871094,446.7757849749655,441.7169411474016,444.645738066525,6888634,-0.5284697041583186,0
2024-08-21,448.5508117675781,451.7458679452625,442.91506345507685,443.75819937308097,8801221,1.3231748060877013,0
2024-08-22,447.79644775390625,451.30212133109177,445.04513826702214,450.7252447462828,8686423,-0.16817805115527662,0
2024-08-23,448.9058532714844,449.9264767710972,443.7138795067736,448.24020479089086,8195369,0.24774772625884012,0
2024-08-26,448.81707763671875,450.85838087482534,445.5332774585128,449.08333702673025,8126402,-0.019776002945526283,0
2024-08-27,444.2907409667969,450.50336614741735,443.7582222004659,450.4589802075658,8260450,-1.0085036633979416,0
2024-08-28,441.3619384765625,445.79951979911414,440.65193221566744,444.11321976952377,8081932,-0.6592085362528977,0
2024-08-29,448.2845764160156,450.5921108617591,441.4063027627872,441.9832074702022,19389694,1.568471890292078,0
2024-08-30,445.44451904296875,451.87901762056,443.9357346345459,445.4888768545288,15523349,-0.6335389443359429,0
2024-09-02,452.677734375,455.20717018302713,446.6870112489918,447.3082737169309,16497266,1.6238195830923452,0
2024-09-03,452.1008605957031,457.91409626795934,450.76959190714877,452.67773713088366,12481552,-0.1274358634169026,0
2024-09-04,449.3939514160156,452.677751368125,443.71384524676586,443.7582030567318,8739052,-0.598740107709772,0
2024-09-05,453.69842529296875,454.3196878148697,450.01523610168874,451.16898926523896,11318636,0.9578397447028264,0
2024-09-06,445.2669982910156,454.40842025952134,441.2288060631329,454.40842025952134,14245025,-1.8583769596530297,0
2024-09-09,454.1865234375,454.9852734029617,444.068836355185,445.5332347318398,14265060,2.00318576959857,0
2024-09-10,455.8284606933594,457.0709575777058,451.5239809612763,454.3196763029774,11332248,0.3615116634092086,0
2024-09-11,456.49407958984375,461.06479055779437,454.36403269993195,455.29594052025584,15497555,0.14602398794316684,0
2024-09-12,461.0648193359375,461.95234127279457,451.3465202280897,457.1597565673343,19085324,1.001270323199055,0
2024-09-13,456.0503234863281,461.50852809733834,454.4084094452432,461.06478122957145,9165077,-1.0875902127669757,0
2024-09-16,453.60968017578125,458.84601159207153,452.36715513571806,457.8697459360179,7821668,-0.5351697356311691,0
2024-09-17,450.636474609375,455.78406201482926,449.30517775626555,453.56527143027444,10889862,-0.6554546113861748,0
2024-09-18,450.2814636230469,454.76343093157726,448.2845745094767,450.72523863670733,5638729,-0.07877990494130627,0
2024-09-19,451.0802307128906,456.89346666395045,450.4145822727039,452.63337290269794,14461616,0.1773928430046201,0
2024-09-20,456.5384521484375,459.15663177722325,450.8583460271267,454.4084053209533,24725118,1.210033396258714,0
2024-09-23,458.8016357421875,461.0204264871007,455.8284808966198,457.4703669208341,8105508,0.49572682938308077,0
2024-09-24,457.2928466796875,459.55599507559924,456.31658107204504,458.84598883876305,7015487,-0.32885433376000917,0
2024-09-25,459.3341064453125,460.88727668097147,454.6746519942752,457.5147049756264,8802667,0.44637911579989975,0
2024-09-26,463.94921875,464.83674061062754,458.8459891473696,459.4228656991907,16086557,1.0047397395335667,0
2024-09-27,463.90484619140625,469.0524337523458,461.730441478933,461.730441478933,17916386,-0.00956409813843706,0
2024-09-30,459.8666687011719,465.3692595674388,456.22783728937105,462.041073483364,10936940,-0.8704753837747603,0
2024-10-01,458.135986328125,461.28665660969307,456.1834550969594,459.8666441244711,5285319,-0.3763443821521051,0
2024-10-03,455.0740661621094,457.6922177343659,450.9471020792447,451.3464911442906,16481353,-0.6683430809608204,0
2024-10-04,446.9089050292969,459.15663932880176,445.1338612892048,452.63336905434744,18930962,-1.7942488355079833,0
2024-10-07,452.8109130859375,457.0266211371439,449.74898635096883,449.97085980040646,17114457,1.3206288776576702,0
2024-10-08,450.8139953613281,454.89657371344003,449.0833374525847,452.63339702416863,9868331,-0.44100476973937264,0
2024-10-09,436.3918151855469,452.4558677197935,435.37116365980967,452.4558677197935,24874940,-3.199142068387173,1
2024-10-10,436.7024841308594,439.8975404359125,434.39492158878744,439.63128105582945,13292273,0.07119036941158896,0
2024-10-11,433.2855224609375,438.38875219322694,432.57551620558445,437.5456162489988,14949380,-0.7824461261589644,0
2024-10-14,441.0513000488281,442.8707297967612,433.6849216890066,435.7705826929564,6970606,1.7923002697582069,0
2024-10-15,442.4713439941406,443.2257362116992,438.87689853964406,441.9832111625406,8347216,0.32196797632277896,0
2024-10-16,437.7231140136719,442.73760011362725,436.9687218016791,440.2081640936547,6939430,-1.073115817536796,0
2024-10-17,433.90679931640625,439.3206464164686,433.1080492847109,439.3206464164686,7669729,-0.8718558776282581,0
2024-10-18,431.9542541503906,436.25870575391593,424.58787595548876,433.77365572961855,22616838,-0.44999183444273116,0
2024-10-21,429.2473449707031,432.7530466847723,423.65598222997573,431.9542685241088,7680088,-0.6266657067683479,0
2024-10-22,427.60540771484375,433.46302952571807,426.71788584919966,429.24732175988674,12772970,-0.38251541333853556,0
2024-10-23,426.31854248046875,428.9366941192119,425.56415026999287,426.8954190593147,10553961,-0.3009469036540313,0
2024-10-24,418.6415100097656,428.1379350949523,417.13272562053703,427.7829319671288,13596626,-1.800773765559316,0
2024-10-25,428.0491943359375,437.98936636836663,420.86030359535795,422.2803161165742,32154050,2.2471933865211735,0
2024-10-28,429.69110107421875,431.24427148836685,422.4578521725881,427.73856969915084,8946214,0.3835789811095003,0
2024-10-29,433.06365966796875,434.173055017219,427.1616797853139,430.44547989302475,7131161,0.7848797858086121,0
2024-10-30,436.2586975097656,437.76748187143,431.7767303629288,433.0636412897533,6640080,0.7377755603521496,0
2024-10-31,433.81805419921875,437.5456293433338,430.17922280768573,436.6581074335961,8111694,-0.5594486309335345,0
2024-11-01,435.1492919921875,436.74682006469067,434.26177014569237,435.7705544719371,1517892,0.30686546585205754,0
2024-11-04,430.0904541015625,437.9449648846851,425.60848700060944,437.9449648846851,8754385,-1.1625522513123654,0
2024-11-05,426.1853942871094,430.48984579156854,423.3009552621551,428.6260583162402,7610046,-0.9079624477159376,0
2024-11-06,426.9841613769531,429.91298645719,424.2328800557218,426.18541135723177,11749720,0.18742244585361334,0
2024-11-07,424.14410400390625,428.40419782708676,422.54657585220644,427.5610618759079,9267980,-0.6651434947582469,0
2024-11-08,424.2772216796875,426.62914196530926,421.21529515296464,424.14409199348466,6325023,0.03138501149129169,0
2024-11-11,423.30096435546875,427.3391565747761,420.771556524025,424.2772299880931,5700343,-0.23009892455546632,0
2024-11-12,419.6621398925781,424.1884646983555,418.153355581329,423.8778475255531,5236095,-0.8596305629568368,0
2024-11-13,419.08526611328125,421.30405680700125,415.57959256886795,417.1771207432275,11548660,-0.13746147780796525,0
2024-11-14,413.5382995605469,419.75092490711046,410.25449937906205,418.19778263445596,12087836,-1.3235890166644504,0
2024-11-18,414.0707702636719,415.1801655090349,410.0325783212632,413.58263748083095,8448573,0.1287597070672497,0
2024-11-19,414.7807922363281,420.4608983587322,413.80452663353714,415.35769691286504,7121472,0.17147357979510058,0
2024-11-21,405.7281494140625,411.8520025055283,404.17497910804383,409.14507908254996,20313155,-2.182512544386994,1
2024-11-22,421.25970458984375,422.90159059798174,404.2637428976069,404.8850054252185,20214206,3.8280694100745416,0
2024-11-25,423.1678161621094,427.9604003657754,419.26275380237485,425.12034734197664,14427013,0.45295373648981396,0
2024-11-26,423.3453674316406,428.3598254865603,420.7715735570813,426.00790505967507,6791715,0.04195764960142068,0
2024-11-27,423.30096435546875,426.0966596925035,419.79529089140067,423.78909717178095,7339184,-0.010488617471182682,0
2024-11-28,421.4815673828125,429.3804644079403,417.6208626211006,423.3453549185364,14967609,-0.42981167676443555,0
2024-11-29,423.12347412109375,425.03161943508326,419.4402569251216,419.9727756769193,8668142,0.38955600086538755,0
2024-12-02,423.5228576660156,425.38664526883133,420.15031373251634,422.45784823353785,5689595,0.09438936134458231,0
2024-12-03,419.39593505859375,420.15032731230485,410.69825929766745,413.5826986131527,23073942,-0.9744273615277521,0
2024-12-04,414.5589294433594,424.41035759923045,413.93766694127874,421.0378138404822,13957078,-1.153326775701491,0
2024-12-05,414.9139404296875,419.57339521958045,410.4763590816044,414.9583263692382,27432375,0.08563583151008913,0
2024-12-06,418.15338134765625,421.5259532874458,415.09145472778096,417.1327297650406,7842234,0.7807500790679489,0
2024-12-09,412.6507568359375,418.9077678081534,410.87574120351246,418.4639928040686,12154116,-1.3159344769578252,0
2024-12-10,413.0945129394531,413.982034779044,410.5650771030177,413.00576919388504,9163636,0.10753793520656973,0
2024-12-11,412.9169921875,415.5351717369577,412.42885940098836,414.64764990839933,7005617,-0.042973398675749674,0
2024-12-12,408.7900390625,415.26889469194026,407.5031282466963,413.1388761476678,13380617,-0.9994631374060758,0
2024-12-13,417.1327209472656,421.0378115655174,400.84679442097826,408.2575584671943,32976794,2.0408231824577516,0
2024-12-16,417.2214660644531,421.0378129462512,415.3577066901408,417.35459575232846,9354160,0.02127503135835873,0
2024-12-17,416.73333740234375,422.2803140258282,410.96448733951416,417.1327264699478,20608409,-0.11699509776277317,0
2024-12-18,417.57647705078125,420.50527378595007,414.38139282481444,419.5290082075605,12841386,0.20232114226643727,0
2024-12-19,414.0707702636719,420.99340109521216,412.9613750183089,416.24517481851433,15161531,-0.8395364633250302,0
2024-12-20,412.384521484375,414.8695714730185,407.63629494293747,414.02640741203714,20231570,-0.40723685427568324,0
2024-12-23,420.9046936035156,423.96662024396306,415.00268563723716,418.19777009680405,19562956,2.0660746646048445,0
2024-12-24,424.63226318359375,426.22979143446037,419.4846752783541,421.4815926239306,12009880,0.8856089363521003,0
2024-12-26,423.30096435546875,427.64980189132285,422.4578284116542,426.49602063096154,9188830,-0.3135180586948061,0
2024-12-27,424.765380859375,427.6942060097115,422.4578463685404,425.78603247431005,16906420,0.34595161060784196,0
2024-12-30,423.3453674316406,427.294816060941,422.45784551297163,426.67355353066995,13578360,-0.33430535813946394,0
2024-12-31,429.2473449707031,430.13486688433846,421.1709321229858,424.6322478965829,13787501,1.3941282917228293,0
2025-01-01,429.51361083984375,432.0874047386494,427.9160826223791,431.3330125070726,18931186,0.06203087153837661,0
2025-01-02,434.0399169921875,434.8830529409553,428.0491934724373,430.75611694752047,27131131,1.0538213546931186,0
2025-01-03,427.4279479980469,435.7705921957735,425.8747776002328,435.1049437212856,38500784,-1.523355049913444,0
2025-01-06,407.98931884765625,425.5937435344478,406.69894820698454,419.9253105618029,22009958,-4.547814255346594,1
2025-01-07,406.5606994628906,412.5517321310893,405.6850757448119,410.6161621050003,14294780,-0.35016097695906856,0
2025-01-08,414.3490295410156,416.65327289988676,402.8739144906199,408.31192319196157,13482926,1.9156623078458335,0
2025-01-09,414.8559875488281,424.57988345002826,411.1230963623607,414.21078814534843,19732649,0.1223504754853888,0
2025-01-10,410.0631408691406,416.60719760759747,407.8510728791192,414.71772931211405,9145729,-1.1553037255183418,0
2025-01-13,404.6712341308594,409.23364753360545,400.93837089441075,400.93837089441075,17799607,-1.3148967075784834,0
2025-01-14,402.4130859375,406.9293975210864,401.72181289527845,406.468548826272,18048459,-0.5580204380499998,0
2025-01-15,403.1043395996094,407.2058759094838,401.2609449089771,402.4130665906223,9786805,0.17177713306686382,0
2025-01-16,398.95672607421875,405.0399345529054,397.34375562074734,403.74953568775027,15774070,-1.0289181033154682,0
2025-01-17,405.731201171875,407.20589448929087,398.63412003792996,399.09496873161544,11270061,1.6980475963691344,0
2025-01-20,403.4269104003906,406.65285087793734,401.8600137743947,404.6251056122919,8742771,-0.5679353140278343,0
2025-01-21,403.2886962890625,411.99874818990406,401.16880346679136,403.70347138071133,15686500,-0.034260012846176746,0
2025-01-22,402.78173828125,407.34415137338146,402.36696322633964,405.45465494630946,9619648,-0.12570597997845212,0
2025-01-23,405.731201171875,407.2519962354426,400.10884148331786,400.9383635063573,8888248,0.7322732413864941,0
2025-01-24,407.0215759277344,410.15534145029955,404.6712306898313,404.9938304042069,9665384,0.31803685596087927,0
2025-01-27,405.6390075683594,410.1553189378108,402.36696511353375,406.2841788337263,10480203,-0.33967937847610985,0
2025-01-28,401.3531188964844,407.205874516849,400.47749517024033,405.5468305521421,20813072,-1.0565770529730734,0
2025-01-29,399.41754150390625,403.24257977791996,396.4220251969846,401.81396017503766,15158510,-0.4822629503664966,0
2025-01-30,402.0444030761719,403.70344708698457,397.66634057922397,399.0949602480921,22496695,0.6576730612217974,0
2025-01-31,412.4595947265625,413.1047941706201,401.0305523642032,402.3209231243453,13546181,2.5905575530216662,0
2025-02-01,426.33111572265625,434.5803185994335,405.1320757909766,412.92042997358686,30393007,3.363122393913476,0
2025-02-03,418.7732238769531,428.77364640147414,416.88372730958895,425.8242034381593,16991730,-1.7727750959232846,0
2025-02-04,419.51055908203125,424.30339673436174,413.61170144468196,422.13740225440523,18923681,0.17607028411510406,0
2025-02-05,413.0586853027344,420.1557665531382,411.5378902142114,419.51056712020244,12836283,-1.537952654496899,0
2025-02-06,406.5606994628906,414.7638001060609,403.8877828211345,414.7638001060609,17469129,-1.5731386534291847,0
2025-02-07,397.1133117675781,410.6161724179037,394.8551419924304,405.5468369559543,18875982,-2.3237336289005484,1
2025-02-10,393.7491149902344,399.37144626315796,393.103915600897,393.5647642710035,12227140,-0.8471629325064622,0
2025-02-11,385.5459899902344,396.83678252001545,384.8086433619268,395.22381215861816,14288751,-2.08333801593521,1
2025-02-12,383.7671203613281,387.41847300677006,381.61376660354125,386.8099189945218,13884574,-0.46138973691602914,0
2025-02-13,383.57989501953125,387.55893945511997,382.92451156606495,383.81395645691885,12989029,-0.0487861861695138,0
2025-02-14,384.0948486328125,389.6655227047761,382.3627881470121,385.4992173663877,14124236,0.13424937541499649,0
2025-02-17,382.5500183105469,385.1714949759147,380.81795796252226,383.6734960648676,11975265,-0.4022002189731144,0
2025-02-18,379.4136047363281,384.6565868517638,378.243297503952,381.98828064755554,12998403,-0.8198701932024655,0
2025-02-19,380.49029541015625,382.7372796630362,378.7114340671244,378.9922963842513,7079032,0.28377756105408825,0
2025-02-20,376.4176025390625,378.1496629377972,370.940587610997,374.45150926845105,15355585,-1.070380222629208,0
2025-02-21,375.3409423828125,377.54112576751635,373.7493416368229,376.41761935814907,8240986,-0.2860281105313778,0
2025-02-24,376.2771911621094,377.6815598988965,373.3280225292474,374.49832980990334,7037625,0.24943955576846033,0
2025-02-25,379.03912353515625,381.05204632098673,374.96644852961964,376.3708172507043,15760891,0.7340153583364373,0
2025-02-27,375.9963073730469,380.5839059368619,374.0301855394252,379.03910612899966,19051003,-0.8027709999247956,0
2025-02-28,369.8171081542969,376.8389519800114,367.19563122147906,373.5620915280113,31954776,-1.6434201872677634,0
2025-03-03,372.11090087890625,373.5620704254616,366.2593646880312,370.7065321930963,10702826,0.6202505708990502,0
2025-03-04,369.6766662597656,371.8768496423385,367.80417462727036,370.1915900299199,13404774,-0.6541691236110259,0
2025-03-05,379.2263488769531,386.435452947024,369.3489671413712,369.3489671413712,15665018,2.5832527418641726,0
2025-03-06,379.8349304199219,383.57991359952393,375.01324171862086,383.06496126915613,17869996,0.1604797622240639,0
2025-03-07,378.149658203125,379.97534887092377,376.0899346663798,377.8219664714748,11180761,-0.4436854227529152,0
2025-03-10,379.1795654296875,380.9116259491278,374.8728288486876,375.4813829306651,9785018,0.27235439837665076,0
2025-03-11,380.3030700683594,382.36279376469145,375.6218408876654,375.9027032097249,11099475,0.29629883598782936,0
2025-03-12,386.1077575683594,386.9503730638485,378.2432986572043,380.49028283582663,13844306,1.526332011718079,0
2025-03-13,385.7800598144531,387.9802430981233,382.17553644149433,386.66950472868797,8196569,-0.08487209787496619,0
2025-03-17,381.9414978027344,389.7123267634701,381.052052835393,386.66952781576737,5257805,-0.9950130687327308,0
2025-03-18,383.0181884765625,385.6864949019589,381.754250846432,383.86080403933073,13861897,0.28189936941185323,0
2025-03-19,377.35382080078125,384.5629241739053,376.9325273757762,383.8607398936121,12830387,-1.4788769427141357,0
2025-03-20,378.1965026855469,380.72434920469203,376.27718165061447,379.17954934766647,16994037,0.22331346293973375,0
2025-03-21,379.6944580078125,381.5201486756552,376.0899346754333,380.0689791708236,25302035,0.39607857598595864,0
2025-03-24,384.703369140625,386.5290597637776,379.74127814367813,381.05201646627233,14362572,1.319195217937419,0
2025-03-25,383.67352294921875,388.77607406165146,382.64367541191723,385.7332751677312,20338110,-0.26769877105750073,0
2025-03-26,381.3797302246094,384.9842822489654,380.34985413594273,384.14163817608556,13891436,-0.5978501479532605,0
2025-03-27,383.3458557128906,384.5161629673909,379.78810451603715,381.98828786888856,18642328,0.5155296237488338,0
2025-03-28,383.626708984375,389.10375252075136,382.12871001952664,384.70338591875066,12981873,0.0732636775118145,0
2025-04-01,380.724365234375,387.9802704965241,379.74131853086607,383.67353391685737,15206240,-0.756554140269261,0
2025-04-02,382.9713439941406,383.86078895831395,380.1626065139579,381.0988523406854,8001323,0.5901851746163755,0
2025-04-03,383.29901123046875,384.0480249871138,380.77116480316903,381.09882796400086,7059566,0.08555920474644374,0
2025-04-04,383.57989501953125,386.4822339855749,378.7114056930887,381.52014294173955,18627592,0.07328059317470714,0
2025-04-07,380.16259765625,382.0819186994949,365.27629507252,365.27629507252,26762866,-0.8908958492486296,0
2025-04-08,386.2481689453125,389.29096760296807,381.28607794776286,385.6396149281719,18600796,1.600781172735255,0
2025-04-09,389.75909423828125,392.3337700503985,385.0310646302652,386.66949469252165,21785572,0.9089817312417647,0
2025-04-11,394.6744079589844,395.51705204166717,390.4145009718859,393.2232383889498,8939356,1.261115851654293,0
2025-04-15,393.59771728515625,401.8366972313636,392.2869789172459,401.8366972313636,11685880,-0.27280478594903235,0
2025-04-16,397.3895568847656,398.8875273661801,391.35075980822495,391.35075980822495,13034594,0.9633794692112563,0
2025-04-17,400.0110168457031,400.5727700384027,394.6744043729881,397.9044638020452,22410217,0.6596700682040435,0
2025-04-21,395.8915100097656,401.74304578331675,394.62757256828814,400.75997063018895,27388236,-1.0298483447835904,0
2025-04-22,405.9561767578125,407.0796545529523,396.5468895062768,398.7939022404639,32031936,2.542279006639614,0
2025-04-23,403.3815002441406,409.5607281098517,401.5090086831345,408.39042088422286,19566317,-0.6342252344168409,0
2025-04-24,402.6324768066406,408.2499513547456,401.9302924881275,404.317736314244,26064089,-0.18568611526474932,0
2025-04-25,400.52593994140625,405.11356719755287,396.3128338610747,402.63249298157206,22944377,-0.5231909959032,0
2025-04-28,401.4621887207031,403.05381801388353,397.6704046490059,399.4492659595311,6287095,0.23375484230405696,0
2025-04-29,398.8407287597656,402.2112195059294,397.9044829176066,401.5558359876358,11189930,-0.6529780473949587,0
2025-04-30,398.6534729003906,401.93033338689156,395.0957500866863,400.1514719800394,10026546,-0.046950034405279784,0
2025-05-02,402.1175537109375,403.990045229964,397.06183232395665,397.06183232395665,9263372,0.8689453487872756,0
2025-05-05,409.0926208496094,410.5437904360518,401.9771469315377,402.8197624517931,11525305,1.734584097188141,0
2025-05-06,407.7818298339844,411.62044316903246,405.39441457186894,409.6075204969808,15026568,-0.3204142408882227,0
2025-05-07,403.662353515625,407.2669054042834,402.30481430744925,405.76890647461266,9710361,-1.010215761706812,0
2025-05-08,403.1474609375,403.9900764718335,396.5469106793177,401.64946189204306,19937960,-0.12755526336321044,0
2025-05-09,396.5469055175781,401.7898878224534,396.031981745509,398.7939183424925,8226512,-1.637255857837383,0
2025-05-12,407.73504638671875,408.3904298762828,400.85363403411344,402.1175715800131,8031891,2.821391546237817,0
2025-05-13,400.6195983886719,410.0288864391506,398.2321828708248,407.1733194186355,14976369,-1.7451156237617615,0
2025-05-14,401.7430725097656,404.3177484214116,398.74707456561424,399.8705809376595,9557309,0.2804341389219367,0
2025-05-15,405.0667419433594,407.64141790790075,398.8407130525867,401.7430807633696,24263510,0.8273121955358675,0
2025-05-16,407.92230224609375,408.3904251412249,404.5518116867584,407.17328847071144,16402035,0.7049604440578117,0
2025-05-19,407.5946044921875,410.54377297361634,405.0667294669892,407.266912756039,7543854,-0.08033337527806328,0
2025-05-20,407.17327880859375,412.69712312567145,405.30078727250276,409.13940063587995,9868414,-0.1033688078669881,0
2025-05-21,405.3944396972656,410.2629293856914,404.4581938781033,408.7649303606408,5776672,-0.43687520864166274,0
2025-05-22,398.934326171875,405.3944162358384,395.9383282951614,405.3944162358384,19451749,-1.5935377727959943,0
2025-05-23,408.4840393066406,411.01191444613914,401.6494562583,406.3306853522196,18536884,2.393805824232653,0
2025-05-26,414.66326904296875,415.2718231131618,408.90536294937203,410.30973168302756,13107662,1.5127224424280383,0
2025-05-27,406.2370300292969,415.88037851185567,403.38149188670627,414.6632418792466,26986022,-2.0320678590894703,1
2025-05-28,400.65911865234375,402.9475037342144,393.79393430833676,398.2753781298962,431851622,-1.3730681756290997,0
2025-05-29,399.2765197753906,403.1381676108757,397.22650883681956,402.37538231693094,21478547,-0.34508109577129353,0
2025-05-30,398.60906982421875,400.5160622005545,397.03580693342064,399.61025828083166,30656239,-0.16716483893101097,0
2025-06-02,399.8009338378906,400.8974777159352,395.2718270145734,398.8474376645607,14973380,0.29900574369707833,0
2025-06-03,397.5602722167969,402.0893793944988,396.32070963544066,399.5149278857097,13216486,-0.5604443190226016,0
2025-06-04,397.60791015625,399.5149025311001,396.60675079881145,397.7509287646849,12598933,0.011982570388013869,0
2025-06-05,399.6102600097656,401.37423378518696,396.4160419459044,399.0381564747108,13212523,0.5035990991046235,0
2025-06-06,401.4695739746094,401.7079480309055,399.5149183523392,400.7544518057209,8774988,0.4652818385589841,0
2025-06-09,403.3765563964844,403.9009967663349,400.94515272206996,402.375397024289,10473123,0.47500048459354627,0
2025-06-10,407.14288330078125,408.62079079284285,403.3765616168375,404.75914276623337,13041075,0.9336999993115436,0
2025-06-11,406.3323974609375,408.1917266795449,405.09286404746234,408.0963712404173,20789182,-0.1990666847159428,0
2025-06-12,401.4219055175781,407.3335936752473,400.03932436990533,407.14288279336307,18508835,-1.2084913666849384,0
2025-06-13,394.6520690917969,399.8486349912841,394.27067643366814,395.70092072544685,17873926,-1.6864641248345635,0
2025-06-16,398.7521057128906,399.4195355657901,394.0322880819885,395.65324319318955,7006629,1.0388990562064215,0
2025-06-17,397.98931884765625,399.5625818006199,396.3683927227586,398.65677784510535,9028406,-0.1912935014777295,0
2025-06-18,396.5590515136719,398.99048420762057,395.60555534311806,397.6079031209599,8036215,-0.35937329627980796,0
2025-06-19,396.6544189453125,398.799785393935,395.51021186668925,396.3206894558478,12601006,0.02404873404771024,0
2025-06-20,399.0858154296875,399.9916484421562,396.6544118043789,396.6544118043789,13203184,0.6129760235219273,0
2025-06-23,394.6520690917969,398.08466121174473,392.6020580932596,397.60791311448514,14839890,-1.1109756765263379,0
2025-06-24,395.0811462402344,401.0881605080796,394.5090427151077,397.5125498490303,16690068,0.10872289341468111,0
2025-06-25,396.9881591796875,398.7044407456806,395.7962888981935,397.035822351589,9946718,0.48268892545269004,0
2025-06-26,400.7544250488281,401.32652856542074,396.89277723401676,397.7986102268212,13703918,0.9487098751063572,0
2025-06-27,399.18115234375,402.3753702256464,398.3706748067923,401.4218740876709,21409935,-0.3925777500489058,0
2025-06-30,397.08349609375,401.1835180314217,396.46370029757674,400.27768502039476,12317124,-0.525489802733381,0
2025-07-01,395.7962646484375,399.3718752738479,395.6055537757248,397.60790154563335,13670465,-0.32417147979592054,0
2025-07-02,393.74627685546875,397.5125694765953,392.55440657693595,397.5125694765953,15990899,-0.51794015660801,0
2025-07-03,394.1276550292969,396.65441410717574,392.125307215327,394.7474217316605,14185298,0.0968588647679125,0
2025-07-04,393.3648376464844,395.70091492818915,392.60205234140216,395.60555949045533,8256733,-0.193545764444214,0
2025-07-07,396.79742431640625,397.79861275139564,392.8404210406513,393.79391720822565,6845218,0.8726216330008363,0
2025-07-08,397.7986145019531,398.6567552368677,395.3671818049024,396.7974260625579,6807192,0.25231771281573057,0
2025-07-09,399.9440002441406,400.7544487506528,396.13001537247743,396.84513753591426,9930533,0.5393145335293781,0
2025-07-10,397.46490478515625,400.75444928229246,397.0358198471668,400.75444928229246,6220360,-0.619860644858039,0
2025-07-11,397.4172058105469,398.6090760644153,396.1776723858816,397.6079166905238,8578844,-0.01200080158905159,0
2025-07-14,399.8962707519531,400.42071108202924,397.1788009641555,397.6555490287378,6896989,0.6237940645649864,0
2025-07-15,402.4707336425781,402.75677085028747,399.5148897365432,401.3265266149538,8532755,0.6437826703870053,0
2025-07-16,404.8544616699219,405.6649391982031,400.7544108614845,402.4707213505022,9780773,0.5922736308724197,0
2025-07-17,404.2347106933594,406.0940107556235,403.3288776974709,405.99865531946784,7240795,-0.15307994235908007,0
2025-07-18,403.09051513671875,405.4265924462953,400.56375604779373,405.4265924462953,6730256,-0.28305227789025,0
2025-07-21,400.5637512207031,403.09051027917883,398.9427960746048,402.3753881438521,4822343,-0.6268477726791954,0
2025-07-22,396.6544189453125,400.8497964029397,395.8916336251602,400.5637591824813,9869507,-0.9759575756610683,0
2025-07-23,395.65325927734375,398.46605560438246,394.74742624924966,397.7032702848046,12196187,-0.2524009868920096,0
2025-07-24,390.8857727050781,396.5113943772586,390.4090246125477,396.5113943772586,9005157,-1.2049658281530151,0
2025-07-25,390.361328125,391.1718056932205,388.7880652563331,390.93343164953177,5824089,-0.13416824471476074,0
2025-07-28,390.83807373046875,391.74390673009134,389.5985403505162,391.69621446262005,8123337,0.12212931228579027,0
2025-07-29,389.45550537109375,392.2683014914648,389.02642047386115,390.9334127310859,6811772,-0.3537445434060871,0
2025-07-30,388.6450500488281,390.26597610105154,386.8810762904252,389.979938885481,10915863,-0.20809959317261706,0
2025-07-31,392.79278564453125,394.7474412869076,386.6903864618624,387.07180823457605,19364174,1.0672297499175754,0
2025-08-01,397.08349609375,399.8486291981142,392.6497155747587,393.22181910286025,14324065,1.0923597902079862,0
2025-08-04,397.46490478515625,402.85215260384814,395.79628640159,400.6591229390907,18352458,0.09605251670197212,0
2025-08-05,394.89044189453125,398.5137448813091,393.7939270939727,397.798622737676,8495104,-0.6477208074550878,0
2025-08-06,392.8404235839844,395.700912105227,391.4101793233631,394.8904345378628,9080543,-0.5191359660952188,0
2025-08-07,394.36602783203125,395.4625426248142,392.5066986324122,392.84042811675334,11514878,0.3883521543247559,0
2025-08-08,395.22418212890625,396.03465973340934,393.74627463123227,394.6520785787631,9814361,0.217603504437891,0
2025-08-11,397.46490478515625,397.6079233983543,394.74743474081214,395.22418285040254,8514272,0.566949786366866,0
2025-08-12,396.9881591796875,400.2777036975735,395.9869706841952,397.6079259063852,13635738,-0.11994659144218822,0
2025-08-13,394.8427734375,398.08465462555023,394.3660253481281,397.79861741128474,10874910,-0.5404155495772445,0
2025-08-14,392.3160095214844,395.7485724437067,391.8869246070097,394.98578714952254,9580361,-0.6399417910115557,0
2025-08-18,387.4054870605469,394.4613820852118,386.02293505585004,393.79392311853456,30950814,-1.2516752673251808,0
2025-08-19,390.0753173828125,390.36135461529216,385.68922886161675,387.45320272429717,16681331,0.6891565585513737,0
2025-08-20,387.1671142578125,391.17180987394187,386.5950398255606,390.07529508093324,18188129,-0.7455491274127257,0
2025-08-21,386.69036865234375,387.9299311597819,384.59269449100873,387.16711674788274,15028966,-0.12313690597990368,0
2025-08-22,379.77752685546875,387.5962073767187,379.0147415307397,387.1194592741643,13087624,-1.7876943304709125,0
2025-08-25,380.7787170410156,381.92289503325094,377.82287297221643,380.44498754804886,10440286,0.2636254424627671,0
2025-08-26,384.5926818847656,386.5473373730478,379.87286425427845,380.7310049784415,13715752,1.0016223788419376,0
2025-08-28,382.2566223144531,385.6892144680879,381.39848155064317,385.6892144680879,12471719,-0.6074113420110439,0
2025-08-29,390.695068359375,391.3625273394323,383.21011736185324,383.3054728016321,25255050,2.2075342982495805,0
2025-09-01,386.9764404296875,391.12415473908817,386.1659628361549,390.69506980769,12268090,-0.9517980212299437,0
2025-09-02,387.8345947265625,388.88344640782555,385.6415650189729,387.6438838396435,19808255,0.2217587964585377,0
2025-09-03,392.6020812988281,394.0323256751445,388.35901134306454,389.50321848347613,12936588,1.2292576879653794,0
2025-09-04,396.5590515136719,407.1428648264985,395.7009107798522,404.2347131456668,27274123,1.007883147677946,0
2025-09-05,388.40667724609375,397.60790962272006,385.59385185760647,397.5125541844266,16000675,-2.055778133536579,1
2025-09-08,388.5973815917969,391.4578703163545,387.88225941065747,388.5020552463618,7419022,0.049099141923947265,0
2025-09-09,390.9811096191406,391.8392794876205,388.4543504800707,389.5032021316832,8825896,0.6134184480552474,0
2025-09-10,393.8415832519531,394.46137904411546,389.9322722150785,391.8869277335158,9252397,0.7316142806998771,0
2025-09-11,395.74859619140625,397.32188823995943,393.26952928734954,393.8416037431192,8274406,0.48420812340508324,0
2025-09-12,394.5090637207031,397.65558962884535,393.65092293651844,396.0346635028067,7803379,-0.3132120954141393,0
2025-09-15,393.4601745605469,395.0334373647078,392.60203385813116,393.8415671951324,5707331,-0.26587200564264224,0
2025-09-16,393.8892822265625,395.0811524650244,392.84043059703714,393.98463766531836,8239087,0.10905999990846738,0
2025-09-17,390.2659912109375,395.31953863603036,389.0741209359244,394.6997719127026,14113882,-0.9198755028680616,0
2025-09-18,392.4113464355469,393.84159072448466,391.02879441527705,392.22066465605855,15647808,0.5497161610092283,0
2025-09-19,391.55322265625,393.4125519518315,389.9322965175544,392.4113634471354,19505321,-0.2186796551862269,0
2025-09-22,388.0252990722656,391.8869471309128,387.16712919399254,391.5532176336283,8930779,-0.9010074186215022,0
2025-09-23,384.4496765136719,389.1218020379517,383.4008248820839,388.16830584530703,14936357,-0.9214921210402349,0
2025-09-24,382.35198974609375,385.83224517971445,382.06595251531786,384.4496930997698,12380865,-0.5456336409489837,0
2025-09-25,381.49383544921875,384.2589686096089,379.4914876094897,382.7810611389299,22006368,-0.22444091305627856,0
2025-09-26,386.2613220214844,387.02410735314936,381.2077746294194,381.4938409525902,14414044,1.2496890196539656,0
2025-09-29,388.3113098144531,389.02643193197514,384.44966201919163,387.97758033993085,19717660,0.5307256191845022,0
2025-09-30,382.87640380859375,387.83459589952565,381.77988895148263,387.83459589952565,9465490,-1.3996259878334083,0
2025-10-01,386.7380676269531,387.1194602903188,381.16010899274613,383.6392049522153,17643039,1.0085927939006423,0
2025-10-03,385.4985046386719,386.6427117258004,383.5915122257209,386.0706081822361,16987141,-0.3205174488995266,0
2025-10-06,382.11358642578125,385.1170935125061,381.20775343369894,384.25895278749806,13989077,-0.8780626052138141,0
2025-10-07,381.2077941894531,383.8776011840606,380.92175695000077,383.78224573811093,12298968,-0.23704790107065277,0
2025-10-08,381.16009521484375,383.0670875611344,379.4914769118394,381.3984692581301,8402463,-0.012512591645930105,0
2025-10-09,381.3031311035156,382.73337542805876,380.3973271570088,380.4449903284688,15656267,0.037526459476633356,0
2025-10-10,384.0682373046875,385.0694257205041,380.9217116513056,381.82754463251206,15085738,0.7251726974204065,0
2025-10-13,380.683349609375,382.3043047536442,380.0158906444655,381.3984717438948,9508594,-0.8813245581219986,0
2025-10-14,378.3472900390625,382.20896720525104,377.7752155833861,381.3984895951822,10291102,-0.613649000595784,0
2025-10-15,381.3031311035156,382.20896414841775,378.7763719498352,379.49149411210675,16043867,0.781250756189622,0
2025-10-16,386.3089599609375,387.11943750939196,380.9693756928534,382.35195675188714,22962049,1.3128213353335694,0
2025-10-17,392.98345947265625,394.6044146786696,386.4043414041463,386.49969684539326,21071344,1.72776202560605,0
2025-10-20,393.8415832519531,395.5578938251509,392.17296494651845,393.3648351646861,13083621,0.21836129705010698,0
2025-10-21,393.6509094238281,394.6997610566706,393.1741613269356,394.27067613010945,1142130,-0.04841383851613701,0
2025-10-23,396.60675048828125,400.89748332833454,394.3183363615374,396.65441365825745,24305990,0.7508787592487742,0
2025-10-24,397.4172058105469,398.5137497228218,394.22301680889524,396.6067573166322,14935678,0.20434733429721685,0
2025-10-27,401.0881652832031,403.0428499257912,397.22651736481293,397.60791001997336,11603679,0.923704212848353,0
2025-10-28,398.466064453125,402.04167527754,396.559072013437,400.9451604443985,17163147,-0.6537467462363722,0
2025-10-29,401.9940185546875,402.56612211545064,396.7020969906232,398.7521371748908,11470661,0.8853838297131933,0
2025-10-30,399.2765197753906,402.08934510630013,396.7974239224796,401.9939896699586,12938674,-0.6760047796400714,0
2025-10-31,400.8021240234375,406.5707642578344,398.7521130615341,400.9451426303807,18599864,0.3820921523021381,0
2025-11-03,394.69976806640625,402.041671429904,394.07997225072296,400.42074533071906,7635440,-1.522535832837657,0
2025-11-04,389.88458251953125,395.22416695182824,389.36017125943533,394.7474188614159,10085404,-1.219961585096463,0
2025-11-06,388.5497131347656,394.0799796210065,387.64388007828336,390.9334537061446,10095563,-0.3423755246076632,0
2025-11-07,385.2601318359375,390.0753051532848,384.3543278958865,387.1671242550703,8411611,-0.8466307367178905,0
2025-11-10,386.69036865234375,388.1683052075514,384.8787317089743,385.26012436572665,6650003,0.3712392480349713,0
2025-11-11,387.929931640625,389.07410961230016,385.7845652080402,387.11945405752516,12005318,0.32055698532167387,0
2025-11-12,388.07293701171875,389.1217886071048,386.6903559407471,389.0264331714527,7987236,0.036863711570012114,0
2025-11-13,386.8334045410156,388.5496859931617,385.6891975073225,388.0729379121885,6617185,-0.31940708884466984,0
2025-11-14,389.1694641113281,389.74156764498133,381.49383142153096,385.87991971501265,64020258,0.6038929272626392,0
2025-11-17,388.1683044433594,392.8404299507648,387.1194528155595,390.69506352506284,7855399,-0.25725545303378894,0
2025-11-18,386.9764404296875,390.74273297855876,385.73687790475674,389.26482550088946,7661681,-0.30704825716798556,0
2025-11-19,384.78338623046875,386.6903786619881,384.06826406864894,386.0229487699935,7882450,-0.5667151718031338,0
2025-11-20,386.59503173828125,388.07293915467255,384.49732853592553,384.78336574606783,6693410,0.4708221749281538,0
2025-11-21,388.8834228515625,389.5031895489138,385.8799157040955,386.1659529187517,5808131,0.5919349514120098,0
2025-11-24,384.78338623046875,389.78924136320717,384.1159563384741,389.40784869658233,11037491,-1.0543099500177844,0
2025-11-25,382.1612854003906,385.6892331651161,381.49385548435896,384.7834000881633,8199785,-0.6814485562294026,0
2025-11-26,383.5915222167969,385.16481427717554,382.3043255832445,382.3519887554517,11443953,0.3742495305111282,0
2025-11-27,385.4985046386719,387.07179665807234,383.40083044346284,384.7357193128495,8679529,0.4971388342616123,0
2025-11-28,385.4508361816406,386.1659583266901,383.782217843192,385.4984993519528,6883500,-0.012365406469194706,0
2025-12-01,385.4508361816406,386.6427064233897,379.6821958509331,384.0682550618539,13442658,0.0,0
2025-12-02,382.3043212890625,386.64271745343586,381.8752363504342,385.45084717768543,8093808,-0.8163206814514101,0
2025-12-03,381.8752136230469,383.49616874095415,380.3019507723685,383.01942065902773,10772192,-0.11224243151862767,0
2025-12-04,384.3066101074219,384.7833581805478,380.49262552241476,381.493813935015,8057989,0.6366992142032624,0
2025-12-05,386.1182861328125,386.49967878158014,383.3054607886625,384.3066201289768,4419747,0.47141422440906133,0
2025-12-08,383.5915222167969,386.40434773852076,381.92290381200377,386.11831050848593,6056866,-0.6544015154844263,0
2025-12-09,382.3996276855469,385.68920111438433,381.39846834549746,383.305460687225,9426717,-0.3107197271623674,0
2025-12-10,384.4019775390625,385.5938477590759,382.35196658031816,382.447322017598,6969146,0.5236275635608578,0
2025-12-11,384.16363525390625,385.2124869539056,382.4473536345593,384.40200931761535,6980147,-0.06200339724632409,0
2025-12-12,381.49383544921875,385.21246480963276,381.2554613992128,384.1636131699276,12407516,-0.6949642182875859,0
2025-12-15,383.5915222167969,384.5927107187102,380.9217444084862,381.49384796695153,7756564,0.549861248769079,0
2025-12-16,383.0194091796875,386.8810568881978,382.39961341304394,382.7333428800691,12347384,-0.1491464237277973,0
2025-12-17,381.2077941894531,384.35434931541226,380.54036426459874,382.35200134405585,8087490,-0.47298255566586844,0
2025-12-18,381.7798767089844,383.2578132936943,381.2554654327811,381.3984840446188,7227668,0.15007104478219624,0
2025-12-19,382.3996276855469,383.92522737860764,381.63684238821344,381.63684238821344,10654835,0.16233201757642757,0
2025-12-22,383.9729309082031,384.87873483805475,382.5426866099581,382.92407926981116,6847871,0.41142906759050746,0
2025-12-23,388.40667724609375,389.8845846952617,383.114755953949,383.78221492360865,10081997,1.1547028399641501,0
2025-12-24,387.6915588378906,390.45669198464753,386.7857258129762,388.9787845212552,5777430,-0.18411588937489176,0
2025-12-26,385.35546875,388.2159572411766,385.0694315402398,387.5961905544338,3152453,-0.6025640833896562,0
2025-12-29,383.8775634765625,385.97523758942174,382.7810487018413,385.30780773012765,6647710,-0.3835173997222552,0
2025-12-30,381.9705810546875,384.6880510266874,381.68451473751173,384.258966100121,12340527,-0.4967683978726267,0
2025-12-31,384.25897216796875,384.97409432460887,382.2089611386127,382.4473351908261,9945109,0.5991014038208453,0
2026-01-01,346.9295959472656,383.9729288975114,345.833081144032,383.9729288975114,282626710,-9.714640105888162,1
2026-01-02,333.7713317871094,343.258630577141,329.19456168543866,343.258630577141,118790358,-3.7927764923683105,1
2026-01-05,333.4376220703125,337.4899807901625,329.9573377733733,333.91437015500077,48358124,-0.09998153975959712,0
2026-01-06,326.5248107910156,334.39115505441515,322.04336666220496,333.96207009159815,72582738,-2.0731947512027227,1
2026-01-07,325.38055419921875,328.52707978728273,323.52122510729475,327.0491724258814,29440734,-0.35043480739637145,0
2026-01-08,325.0468444824219,329.0992032790893,323.2828707159584,325.61894801457146,36706319,-0.1025598218732382,0
2026-01-09,321.4712219238281,325.1421879298111,320.47006260328425,325.04683249490375,35193201,-1.1000330011778137,0
2026-01-12,322.6630859375,323.71193750461623,320.1839901693325,322.52006733707344,16156143,0.37075294221959876,0
2026-01-13,319.13519287109375,323.71196303607496,318.18169666185645,323.23521493145626,24922339,-1.093367422603031,0
2026-01-14,319.182861328125,320.37473160941005,317.9433278749468,320.37473160941005,14913422,0.014936759748240824,0
2026-01-15,319.182861328125,319.182861328125,319.182861328125,319.182861328125,0,0.0,0
2026-01-16,313.8909606933594,321.8049675143545,313.2711648846159,321.8049675143545,30526898,-1.657952627138548,0
2026-01-19,317.7049255371094,319.0874774812901,312.07927503151404,314.65372624927437,15507440,1.2150604258642117,0
2026-01-20,311.12579345703125,318.9444738116522,310.3630081485584,318.5153888891398,18771011,-2.0708309979631245,1
2026-01-21,309.64788818359375,313.9862842154765,309.2664955266801,310.8397584229455,14177965,-0.4750185630757131,0
2026-01-22,309.7432556152344,313.4142219142513,306.1199524882791,310.9351259007337,18622852,0.03079867012820703,0
2026-01-23,308.3606872558594,311.2211760598996,307.6932573272881,310.41069841240886,11950089,-0.44635947169497925,0
2026-01-27,303.8315734863281,309.6002432435028,303.06878812758583,308.551391551435,47847784,-1.4687714604077473,0
2026-01-28,306.2153015136719,308.64673430417406,304.499019977878,305.07112352260765,28400238,0.784555732635539,0
2026-01-29,303.7839050292969,307.5978899534603,303.25946464318696,307.5978899534603,17719420,-0.7940153455285315,0
2026-01-30,307.1687927246094,310.02928130332384,301.7338818840886,303.9745746586993,41975824,1.1142419460919317,0
2026-02-02,300.06524658203125,300.7326764202941,287.9558339773994,295.0593918522917,35227572,-2.3125871868587833,1
2026-02-03,301.924560546875,309.64788544935533,297.1094164617701,306.26298563884325,33168353,0.6196365577229468,0
2026-02-04,305.5264587402344,306.5972918224836,303.09276069340797,304.2122558533025,11196759,1.1929795266854892,0
2026-02-05,301.9732666015625,306.98667865411124,301.09711153502366,305.62381368471375,15816704,-1.1629736270052038,0
2026-02-06,317.1595153808594,319.0091496502099,300.12362917115206,301.7785557148148,68057745,5.029004371878498,0
2026-02-09,314.23907470703125,319.9826257687896,313.11957956571865,319.25251636686045,20059198,-0.9208113054155476,0
2026-02-10,312.876220703125,314.9691951201795,312.2434651409776,314.43379342333833,11489090,-0.4336997253371,0
2026-02-11,309.80975341796875,313.6550081166595,307.91145710682224,313.41163831821643,24843366,-0.9800895952607025,0
2026-02-12,309.0309753417969,311.90272107711473,308.49554397172875,308.8849296992704,13294561,-0.25137300152110464,0
2026-02-13,305.4291076660156,309.9557801328065,304.9423680522052,307.6194359281623,8730618,-1.1655361317089552,0
2026-02-16,309.5177307128906,309.80976259638305,304.8450126194144,305.4291060946274,11693763,1.3386487876413833,0
2026-02-17,316.8188171386719,319.34983928901715,309.7124011623626,310.0044627469445,39360672,2.3588588637442953,0
2026-02-18,323.6331787109375,324.11991832114603,316.18603890816456,317.35422585595626,35473203,2.1508702146574077,0
2026-02-19,317.3542175292969,325.38542088701683,316.3807383344217,325.19071316475083,19911747,-1.9401475481130692,0
2026-02-20,318.32769775390625,319.1551610138723,316.4294014344681,316.4294014344681,11282027,0.3067487907324029,0
2026-02-23,316.7701416015625,319.39854745647875,315.79666235281263,318.3277143412081,13486092,-0.48929331733736925,0
2026-02-24,314.9205322265625,316.7701368296786,313.5089754538475,315.4072718436051,13135859,-0.5838963753491799,0
2026-02-25,311.2699890136719,317.93832779267075,309.6637541988749,316.86749468006315,13492101,-1.159195047423689,0
2026-02-26,309.8584289550781,312.87622052851447,309.1770113147723,311.5133555396741,11270119,-0.4534841483005092,0
2026-02-27,305.2830810546875,309.32301376648314,304.3582639374763,307.6194251776827,13892595,-1.4765930092074164,0
2026-03-02,306.548583984375,307.376047218612,298.85810450075655,298.85810450075655,22194311,0.41453424975779196,0
2026-03-04,303.6768493652344,307.13268865380064,302.2652926371002,302.3626464990797,24165489,-0.9367959172458584,0
2026-03-05,303.23876953125,305.28308178434213,300.026300067982,303.9202168516899,19938009,-0.14425855474333726,0
2026-03-06,301.48651123046875,304.0175333092302,300.9997716448259,301.8272051738374,21288269,-0.5778477150167549,0
2026-03-09,297.8846435546875,299.05283051074235,295.54829935080625,296.9111643273846,14084931,-1.1947027616860173,0
2026-03-10,300.8537292480469,301.77854635403554,295.69430146786544,300.8050671722483,18352950,0.9967233147466059,0
2026-03-11,300.8050842285156,302.41131902789596,299.53957310372596,300.85374630707344,14842485,-0.016168993368581575,0
2026-03-12,296.0350341796875,299.83159716315987,294.8181851652266,298.9067800288785,23319679,-1.5857611120709714,0
2026-03-13,293.455322265625,297.8846408259882,292.67652106597967,295.937682389217,25659996,-0.8714211550031159,0
2026-03-16,300.0749816894531,301.2431686839447,293.99073631862075,294.52613802796225,37472204,2.2557639686753506,0
2026-03-17,296.76513671875,301.7298865244703,295.98633554258623,301.7298865244703,25649286,-1.103005972729998,0
2026-03-18,295.986328125,298.8094414690324,295.45092646773946,297.7872705212262,16702554,-0.26243264365924945,0
2026-03-19,290.0968017578125,297.3978957617843,289.2206764189814,293.50397895966603,17851126,-1.989796760038276,0
2026-03-20,291.9950866699219,300.56169141647746,290.2428063525175,293.0658899820715,58679529,0.6543625784934282,0
2026-03-23,282.7470397949219,291.07027490300464,281.87088476609046,290.9729210433315,31788160,-3.167192633434346,1
2026-03-24,283.52581787109375,288.14984408530046,281.0921198636166,288.1011820084419,33335721,0.27543279559592015,0
2026-03-25,287.8578186035156,290.58354854916115,284.49930339528424,284.9373809296547,26184716,1.5279034427797544,0
2026-03-27,286.88433837890625,288.9773127628988,283.81785506545845,286.88433837890625,22179022,-0.3381809218634513,0
2026-03-30,280.0699768066406,286.64096138513423,279.38852948557997,285.813498126197,24586921,-2.3752992619853197,1
2026-04-01,283.9638977050781,286.64096553507443,283.1850965114152,285.22940879596706,18604340,1.3903385656813372,0
2026-04-02,285.0834045410156,285.86217605837106,280.75140999162466,282.5523525472668,18082775,0.3942426642911556,0
2026-04-06,287.0303649902344,287.51710461894146,282.552354464483,285.2294224223722,18047063,0.6829441553616089,0
2026-04-07,290.5348815917969,291.0702832730548,284.98603822136056,286.3489031712945,26963485,1.2209567450056191,0
2026-04-08,294.4288024902344,296.52177687527063,293.5526474241106,295.8403295367806,22310207,1.3402593441115496,0
2026-04-09,294.9642028808594,296.32706784361375,293.26061425035937,293.5039840547165,17691477,0.1818437551274421,0
2026-04-10,296.1810607910156,297.30055598300885,294.57482597570106,294.96421173271233,17744386,0.4125442674980384,0
2026-04-13,290.72955322265625,293.4553127708808,290.19415155315835,292.0437560666014,16522014,-1.8405996500248656,0
2026-04-15,294.0393981933594,295.9376946310278,292.57917930537735,292.725224960759,18701403,1.1384618226851773,0
2026-04-16,295.35357666015625,297.2518729405252,293.84469581756434,294.91552885499743,16512053,0.4469395852635616,0
2026-04-17,298.6634216308594,301.729905030981,295.7916756720069,295.7916756720069,35111203,1.1206381883472227,0
2026-04-20,296.9111633300781,299.7829389242669,296.37576164015127,298.8581217781442,13540471,-0.5867000020333912,0
2026-04-21,301.4378356933594,302.849392451092,296.4730857105753,296.91116324455527,24411865,1.5245881335384182,0
2026-04-22,297.39788818359375,302.3139461377078,297.0085024549496,301.77854447435044,24500511,-1.3402257551621055,0
2026-04-23,297.20318603515625,298.22535701375915,295.2075655708127,295.93767496628874,10701849,-0.06546857128901795,0
2026-04-24,293.6013488769531,298.5174072251711,293.114609250071,298.5174072251711,17011704,-1.21191068179769,0
2026-04-27,295.7916564941406,297.5439071449768,294.8181773085145,295.5969487737246,14382348,0.746014153397323,0
2026-04-28,296.3757629394531,297.6899361310764,294.526128639099,296.32707115310103,12907339,0.19747225200184015,0
2026-04-29,307.86279296875,309.0796419528162,297.00850597252486,297.00850597252486,31199038,3.8758331367479526,0
2026-04-30,306.548583984375,309.07963576218305,304.99101137432183,307.86278680248944,11541956,-0.4268813946959771,0
2026-05-01,306.548583984375,306.548583984375,306.548583984375,306.548583984375,0,0.0,0
2026-05-04,302.8493957519531,309.4690426623296,302.26530226968964,309.4690426623296,20245091,-1.2067216831803784,0
2026-05-05,303.19012451171875,305.38045282577866,301.4378440355334,302.8494008323303,26795704,0.11250765712100819,0
2026-05-06,302.4599914550781,305.28307511999276,301.04843476850743,304.504273955316,20287609,-0.24081689923657335,0
2026-05-07,299.24749755859375,303.38478412292693,298.85811182359606,303.1901061095417,25718615,-1.0621219292606843,0
2026-05-08,299.29620361328125,300.70773068347654,297.59261494674206,300.70773068347654,17739844,0.01627617777419932,0
2026-05-11,297.7386169433594,299.83159126541733,297.05716962537434,298.85811207299713,14968661,-0.5204164473580852,0
2026-05-12,292.7252197265625,298.1280176321973,292.141126240168,297.25189225671994,15968338,-1.6838249832236585,0
2026-05-13,296.3757629394531,297.6899361310764,293.0659097966479,293.99072694682496,13024778,1.2470887258366758,0
2026-05-14,299.0528259277344,300.9997843525029,296.7651438369858,296.91115977719784,11113377,0.9032665025406006,0
2026-05-15,301.2431640625,303.77418633135375,298.17668067606064,299.0528357626027,11954564,0.7324251586557251,0
2026-05-18,301.924560546875,304.01753483399096,298.371367495507,301.24314294849347,14422870,0.22619483714945154,0
2026-05-19,302.0705871582031,305.91584192326644,300.17232052251813,303.67685162223455,17519355,0.04836526417846265,0
2026-05-20,299.3935241699219,301.43783648682927,298.07935098097914,300.8050809313701,12127920,-0.886237555753544,0
2026-05-21,299.8802490234375,303.0440563532439,297.68992087203304,301.6325293694972,21868988,0.16257026763191185,0
2026-05-22,293.6986999511719,298.8581280637695,293.01725259672514,297.7872949531656,30751752,-2.061339182022126,1
2026-05-25,295.8890075683594,297.3978884085819,294.33143494437775,295.8890075683594,15734247,0.7457668752199664,0
2026-05-26,293.6499938964844,296.32706168880947,293.1145922213104,296.27839961224,37560542,-0.7567072836789035,0
2026-05-27,291.95001220703125,296.3500061035156,291.04998779296875,295.6499938964844,25446093,-0.5789142601012265,0
2026-05-28,291.95001220703125,291.95001220703125,291.95001220703125,291.95001220703125,0,0.0,0
2026-05-29,286.8999938964844,292.3999938964844,285.8999938964844,292.0,31930439,-1.7297544440469936,0
2026-06-01,279.6499938964844,288.54998779296875,278.29998779296875,287.79998779296875,23477875,-2.527012950239327,1
2026-06-02,283.25,283.6000061035156,277.1000061035156,279.5,20206131,1.2873256506660935,0
2026-06-03,277.0,282.3500061035156,275.20001220703125,282.3500061035156,28001438,-2.206531332744921,1
2026-06-04,280.29998779296875,280.6499938964844,275.04998779296875,277.0,22017634,1.1913313332017061,0
2026-06-05,280.70001220703125,281.3999938964844,277.8500061035156,280.0,16065822,0.14271296164234393,0
2026-06-08,279.45001220703125,283.45001220703125,276.95001220703125,279.0,15779677,-0.44531526385472864,0
2026-06-09,280.0,281.70001220703125,277.1499938964844,281.70001220703125,12302522,0.1968107958289389,0
2026-06-10,283.6499938964844,285.8500061035156,278.6499938964844,280.0,19823743,1.3035692487444184,0
2026-06-11,282.3999938964844,283.25,281.20001220703125,283.0,12603100,-0.44068395095970825,0
2026-06-12,285.1000061035156,285.8500061035156,283.0,283.54998779296875,12893433,0.9560949948252961,0
2026-06-15,287.8999938964844,288.8500061035156,286.70001220703125,287.0,11194950,0.9821072371188011,0
2026-06-16,291.6499938964844,292.1499938964844,287.5,288.1499938964844,14467499,1.3025356302537316,0
2026-06-17,290.75,292.3500061035156,290.0,291.95001220703125,8626353,-0.3085869759365756,0
2026-06-18,291.1499938964844,291.8999938964844,288.0,291.04998779296875,10409670,0.13757313722593256,0
2026-06-19,292.5,294.54998779296875,288.3999938964844,289.79998779296875,13874008,0.4636806222965584,0
2026-06-22,291.25,293.95001220703125,290.04998779296875,292.79998779296875,9947873,-0.42735042735042583,0
2026-06-23,290.0,293.1499938964844,289.6499938964844,291.25,9410364,-0.42918454935622075,0
2026-06-24,290.3500061035156,291.3999938964844,289.45001220703125,290.0,6218635,0.12069175983298042,0
2026-06-25,290.0,292.25,289.20001220703125,290.3500061035156,11230239,-0.12054627041779842,0
2026-06-26,290.0,290.0,290.0,290.0,0,0.0,0
2026-06-29,290.70001220703125,291.8999938964844,289.3500061035156,290.45001220703125,10110022,0.24138351966593863,0
2026-06-30,286.95001220703125,291.6000061035156,285.5,291.5,18180676,-1.2899896259135013,0
2026-07-01,290.29998779296875,291.0,287.1000061035156,287.8500061035156,6551425,1.1674422176084498,0
2026-07-02,289.8999938964844,291.0,287.70001220703125,290.70001220703125,12722639,-0.1377863979689975,0
2026-07-03,289.95001220703125,291.6000061035156,289.0,291.29998779296875,6517591,0.017253643187298273,0
2026-07-06,288.25,290.3999938964844,287.6000061035156,289.95001220703125,27126124,-0.586312169498171,0
2026-07-07,288.75,290.70001220703125,286.54998779296875,288.29998779296875,18491160,0.17346053772766545,0
2026-07-08,280.6499938964844,287.8500061035156,280.0,286.8999938964844,21593793,-2.805196918966446,1
2026-07-09,282.04998779296875,284.3999938964844,281.0,281.25,12512120,0.49883981005920397,0
2026-07-10,281.75,283.6499938964844,280.8500061035156,282.8500061035156,11774274,-0.10635979647301008,0
2026-07-13,279.6499938964844,281.5,279.5,281.3500061035156,12559492,-0.7453437811945407,0
2026-07-14,275.54998779296875,280.6499938964844,275.0,279.25,15018851,-1.4661205767926067,0
2026-07-15,276.6499938964844,277.70001220703125,275.29998779296875,276.6499938964844,8523722,0.39920382952152167,0
2026-07-16,279.3500061035156,280.45001220703125,276.0,277.0,11220653,0.9759668413517275,0
2026-07-17,280.70001220703125,281.95001220703125,277.79998779296875,279.3500061035156,15215868,0.48326689601552175,0
2026-07-20,282.70001220703125,283.70001220703125,279.5,280.70001220703125,9913943,0.7125044221675703,0
2026-07-21,281.0,283.95001220703125,278.79998779296875,283.0,9858768,-0.6013484731604013,0
2026-07-22,280.79998779296875,282.20001220703125,278.5,280.5,12995017,-0.07117872136342962,0
2026-07-23,281.29998779296875,284.0,279.6499938964844,279.95001220703125,21143589,0.17806268580347062,0
2026-07-24,283.45001220703125,284.8500061035156,279.54998779296875,279.54998779296875,24954082,0.7643172795460229,0
