Date,Close,High,Low,Open,Volume,Daily_Change_%,Crash_Signal
2020-01-01,332.8424377441406,337.3557662662573,332.43484352838954,335.8148568645296,7375280,,0
2020-01-02,332.3453674316406,334.72133674845037,330.97347238457314,334.0254382833988,9260445,-0.1493410263032957,0
2020-01-03,329.4723815917969,332.6336866364078,327.1759286892439,332.22609241293463,7970445,-0.86445791678883,0
2020-01-06,328.5677185058594,329.54193997354145,325.7941058613682,329.4723743960192,7400435,-0.2745793385068418,0
2020-01-07,332.2062072753906,332.9816222609895,328.1402161489798,330.25770370071734,12489655,1.1073786512190154,0
2020-01-08,329.0249938964844,330.33724394994096,325.6748031880389,328.9951714106438,15629655,-0.9576020282694775,0
2020-01-09,331.05303955078125,332.7828045397794,329.79048343000557,332.733110505614,13342120,0.6163804245628013,0
2020-01-10,334.9599304199219,336.41134204413737,332.27578518799027,332.8523937314956,12680415,1.1801404616136546,0
2020-01-13,336.23236083984375,338.8966038212144,335.1288682761166,336.41129574048057,9039790,0.3798754132551707,0
2020-01-14,333.3892517089844,337.22658430204416,332.23609511443004,337.2067127532561,10684460,-0.845578671772651,0
2020-01-15,333.1506042480469,335.3376877011522,331.2220025680094,333.220200162063,12451225,-0.07158222999517072,0
2020-01-16,338.3100891113281,339.1153265365984,333.8067118914618,333.8067118914618,16606410,1.5486944335360686,0
2020-01-17,337.6241760253906,339.1650854607791,336.0335725565087,338.7773627818741,11479375,-0.2027468609462013,0
2020-01-20,321.67840576171875,339.7913335967763,320.3065410846013,339.7913335967763,40020170,-4.722934966147885,1
2020-01-21,323.1099548339844,324.2034965681486,315.1768700515422,319.11358995629683,28727345,0.4450249213576507,0
2020-01-22,315.2365417480469,325.65493574668136,313.3477133224977,324.7204876454375,27395810,-2.4367596751956766,1
2020-01-23,319.2826232910156,319.78960559114563,314.40147379366533,315.7335954989139,17478415,1.283506512453303,0
2020-01-24,326.65899658203125,327.8618773726631,315.5347535740321,319.2030712596853,21264685,2.31029587986451,0
2020-01-27,321.7679443359375,323.8854017603421,319.7896180777814,323.82575678152733,9372145,-1.497296047949348,0
2020-01-28,323.2988586425781,325.674828103177,320.15742509468714,322.09597783733676,9905520,0.4757821074439672,0
2020-01-29,326.16192626953125,327.30516205441404,322.70236608967446,324.68069218622793,11137465,0.8855792559782527,0
2020-01-30,323.7362365722656,326.1320772918103,321.5988776109679,325.635015657172,7950780,-0.7437071901706616,0
2020-01-31,336.36163330078125,343.76783387392004,334.65173996713656,339.92058145777855,47475230,3.8999022359047286,0
2020-02-03,333.27984619140625,334.1845020617759,324.8794919224282,327.18586532788254,12551470,-0.9162124345552858,0
2020-02-04,337.6639404296875,338.55864537631965,332.06702111957645,334.83068281682154,10352085,1.3154393487577964,0
2020-02-05,335.9640197753906,339.48319481614897,333.4488887524075,338.3996039358686,10482560,-0.5034356502899517,0
2020-02-06,332.83251953125,337.5844284173802,331.63958959202006,336.7891417912269,12663090,-0.9320939326283195,0
2020-02-07,328.6671142578125,333.61785958423746,326.867753377154,333.1804428724294,11450755,-1.251501890291229,0
2020-02-10,331.8979797363281,332.9517783117242,327.2057470354483,330.0489250199544,6775620,0.9830206121508311,0
2020-02-11,333.5184326171875,335.1786319586895,331.3512509977431,334.51255596609633,9573830,0.48823824783348346,0
2020-02-12,340.96441650390625,341.97841133668646,333.0313017377615,334.04529657054167,15052685,2.2325554327803143,0
2020-02-13,335.97393798828125,340.924683474745,334.4827528784325,340.924683474745,11234600,-1.4636361667282105,0
2020-02-14,334.21429443359375,338.5983815619382,330.7646855777708,337.20661509378925,9460785,-0.5237440633710344,0
2020-02-17,336.23236083984375,337.84283562204195,332.4845271758612,335.0195292829163,9063825,0.6038240852833887,0
2020-02-18,336.2125244140625,337.96216085564834,333.68744264558904,334.5225026073489,11095195,-0.005899618267468654,0
2020-02-19,338.2206726074219,345.9549516344557,337.0873573414369,345.9549516344557,15842670,0.5972853619474972,0
2020-02-20,335.20843505859375,337.85280665434044,333.2698825050444,337.4650840083365,10499515,-0.8906130797996736,0
2020-02-24,333.677490234375,334.7710319669477,330.5062343790323,332.434836069687,9630665,-0.45671429000619934,0
2020-02-25,333.1903991699219,335.9540609817281,331.70916502644934,333.26991569232973,7677775,-0.14597660277023694,0
2020-02-26,331.3412780761719,333.56813486000806,329.4524499061897,332.0570480534344,12929475,-0.5549743024879206,0
2020-02-27,334.5721740722656,335.7949566149937,330.1682152714348,331.24188539144836,13446760,0.9750961349738629,0
2020-02-28,322.16552734375,330.0687889399194,320.8532773789481,329.03492260846986,18716560,-3.708212364915875,1
2020-03-02,317.9206237792969,325.5356120074579,314.9780272636615,324.28303726143463,23814235,-1.317615698815544,0
2020-03-03,323.34857177734375,325.3467390885554,315.53474644029956,318.8750166850761,14591930,1.707328053626056,0
2020-03-04,319.70013427734375,324.7005736674624,313.6657980768537,324.521638740159,12651105,-1.1283295546801742,0
2020-03-05,328.32916259765625,333.3296026679328,319.71012870623673,321.10189556052245,25304810,2.6991006243452853,0
2020-03-06,324.29296875,326.867744579887,317.7616014128425,319.15336803193856,17711215,-1.2293132342320434,0
2020-03-09,313.775146484375,320.0977561997154,306.70691394522163,317.1253371987836,27677505,-3.2433087606451583,1
2020-03-11,315.99200439453125,319.09369444526686,306.687025257027,313.33771228366277,23571010,0.7065116326116172,0
2020-03-12,291.2880859375,307.47241249780905,268.6021843197757,300.2053733998827,39039565,-7.817893526884056,1
2020-03-13,292.2822265625,299.2311393256468,233.03246666160138,278.35454820990395,57044450,0.34129120722545814,0
2020-03-16,275.1136779785156,287.25194556409673,273.3839131092599,281.73454293295003,32902600,-5.87396256895325,1
2020-03-17,262.9853820800781,278.9410486551691,259.0884054574411,276.76391623585215,24105575,-4.408467069886878,1
2020-03-18,233.0125732421875,264.2379763840596,231.05414901367257,263.64152663993303,55827210,-11.397138730989997,1
2020-03-19,240.74684143066406,249.2465988097645,199.02348467663532,217.7229418091855,49586245,3.319249292370907,0
2020-03-20,250.98631286621094,255.21133692658998,227.95247763262688,241.96960717853133,51895950,4.25321112198096,0
2020-03-23,218.3591766357422,239.4743609749309,214.36281189409868,226.1630506033283,33472025,-12.999567927778099,1
2020-03-24,229.2249755859375,235.60724599903475,206.99637573639458,229.27468478980333,36859170,4.976112805335031,0
2020-03-25,256.51361083984375,263.24381405442585,223.68765817563119,226.66009203646496,32245300,11.904739081835181,0
2020-03-26,272.976318359375,276.36628251571364,249.08753623170804,258.4720627844804,36274745,6.417869003376153,0
2020-03-27,278.17559814453125,288.29576638686586,273.2944489420135,285.51223319152865,51116430,1.9046633116032385,0
2020-03-30,257.2194519042969,274.37802970185857,253.66050385336442,267.4589400562567,27851625,-7.533423628821034,1
2020-03-31,257.68670654296875,264.4368126230531,255.48970242152123,264.0988143226948,22384305,0.18165602764976807,0
2020-04-01,234.94117736816406,257.45808075372645,230.2389780851089,257.45808075372645,54192310,-8.826815119782639,1
2020-04-03,226.82911682128906,235.20958432332762,216.12240438368377,234.9411667787259,50557355,-3.4528049266404293,1
2020-04-07,238.20188903808594,244.36545058117562,232.82367824248135,242.76491143105116,42762850,5.013806153359535,0
2020-04-08,236.13412475585938,247.04959519862476,230.70621960684576,235.56748231835792,37025435,-0.8680721595352048,0
2020-04-09,253.08389282226562,254.7341258497244,236.6212146185102,241.57194403911976,40487010,7.178025659751941,0
2020-04-13,248.7097625732422,249.9524167115347,241.77078611236973,248.53082765850465,21252680,-1.7283321353426806,0
2020-04-15,233.37045288085938,252.69621293945784,229.3044920814788,251.68220289044987,45228380,-6.167554314586088,1
2020-04-16,224.8408660888672,231.62079431066576,221.58014286174557,231.62079431066576,55276025,-3.654955752409117,1
2020-04-17,235.8557586669922,238.1820036050372,225.66599459391878,236.07446701184614,42926975,4.8989726688614565,0
2020-04-20,234.165771484375,243.46081623564228,233.0722296693462,242.566111237251,32800900,-0.7165342038577549,0
2020-04-21,224.70172119140625,229.6425159294792,223.67777525598623,228.64839248389703,23998980,-4.041602764134233,1
2020-04-22,229.07583618164062,231.9786897114805,220.33749861251604,224.08534788809828,34818460,1.9466317245110831,0
2020-04-23,248.4612274169922,249.5249466220155,230.25883234345696,233.02249388534273,52791235,8.462433907686506,0
2020-04-24,246.453125,250.1214426132807,241.2439131500111,242.36727739719967,33921175,-0.8082156068648816,0
2020-04-27,259.1878356933594,263.42281078547074,248.90860410641844,248.90860410641844,38857060,5.167193839948014,0
2020-04-28,263.770751953125,265.72917629123464,260.4802058815241,260.4802058815241,33391940,1.768183390052136,0
2020-04-29,264.0093688964844,268.8109717565753,261.49423781010535,263.84035456308004,33516145,0.09046376127470612,0
2020-04-30,269.8448486328125,274.37804875032407,265.2420525985713,266.42506183002484,31362610,2.210330550282924,0
2020-05-04,254.0581512451172,259.6451194057029,251.2547313925845,257.4779378662294,25482195,-5.850286736129928,1
2020-05-05,246.21453857421875,259.04866003108475,243.56023093897403,257.8756017101885,25024205,-3.0873296654555515,1
2020-05-06,247.72560119628906,253.9786304232311,241.42286276778597,244.75316690471493,23021370,0.6137178701227652,0
2020-05-07,238.54983520507812,246.54257991167376,235.45811111635652,244.65375169773952,34216360,-3.7040039248670054,1
2020-05-08,242.05909729003906,247.12911721780415,240.78662062956417,242.9637380000591,17556020,1.4710813285383706,0
2020-05-11,236.29319763183594,248.98815792599407,235.60725004641384,246.65196182624047,23370405,-2.382021466144002,1
2020-05-12,230.0799102783203,234.21546705000642,226.06364345437487,234.21546705000642,51342750,-2.62948210773144,1
2020-05-13,235.94522094726562,242.5660857817323,233.16167266676644,241.5818982514896,59574620,2.549249372468121,0
2020-05-14,233.24119567871094,241.37313187778705,232.05818656580243,234.3943823071862,35499850,-1.1460394313979494,0
2020-05-15,234.2751007080078,236.58145887793137,229.48341911695707,234.58327650419815,19319900,0.4432771947889824,0
2020-05-18,221.42108154296875,233.8178004856111,220.69537577089497,233.61897885657802,31987080,-5.486720153440405,1
2020-05-19,224.76133728027344,232.60496965093188,223.73739147647134,228.64836309345043,31914605,1.508553618304176,0
2020-05-20,230.656494140625,234.21545740311342,221.68949765623506,224.67186757986153,26271940,2.6228518355007058,0
2020-05-21,228.6980743408203,236.5118842954355,227.57471012753317,231.63073512075735,29885640,-0.849063368929337,0
2020-05-22,230.67637634277344,232.0681581395732,221.9877479387433,226.66012466780865,25948740,0.8650278353480756,0
2020-05-26,229.2846221923828,233.61900085761224,227.56479294406105,230.63663063389802,27353985,-0.6033362290738253,0
2020-05-27,242.07896423339844,247.13906346158686,230.8354319093493,231.4219610276605,58726830,5.580113449684587,0
2020-05-28,244.44500732421875,249.50509189530482,240.498336130267,243.36141643617768,53550015,0.9773848373455074,0
2020-05-29,243.3613739013672,244.51456050848446,238.5995150534937,241.8701890308553,27486760,-0.44330356128496895,0
2020-06-01,248.21270751953125,254.33651091649725,246.14494432724084,248.3320126349806,34717880,1.9934690293663015,0
2020-06-02,267.00164794921875,269.0594906570359,258.0843598869162,263.0450562555334,86600150,7.569693194780958,0
2020-06-03,275.68035888671875,283.96142383597436,266.86248914254185,271.1968526239941,61722075,3.2504334726617845,0
2020-06-04,265.3116760253906,274.38802814342444,264.5064384432745,274.38802814342444,30020720,-3.76112498663308,1
2020-06-05,265.98760986328125,270.00387622034634,262.64737036188853,267.22031296428565,28440585,0.2547697289530193,0
2020-06-08,265.77886962890625,271.3956601915981,261.5538456149345,269.4074135967879,26511485,-0.07847742775773936,0
2020-06-09,259.29718017578125,270.4015513502768,258.2931362217244,266.8127806171361,27386665,-2.4387527353754823,1
2020-06-10,264.8841857910156,267.27999643061645,259.1878479221782,259.36678284876257,24381800,2.1546727239559083,0
2020-06-11,258.2135925292969,265.31164790159914,256.3247642077424,265.2321010431672,21884065,-2.5183055914789976,1
2020-06-12,254.455810546875,256.42417046449884,244.87246239082307,246.54258227992986,44962120,-1.4552998336040401,0
2020-06-15,248.3121337890625,252.7359797453962,245.98588874718618,252.50733561797728,37767895,-2.414437597085539,1
2020-06-16,253.8593292236328,257.6370008380645,246.16480933803794,253.70026585333468,26331460,2.2339606808270407,0
2020-06-17,247.29811096191406,255.47974161631217,245.86658612699605,252.3979684340128,27146320,-2.584588197638682,1
2020-06-18,259.1381530761719,260.4404522681823,244.22628730702152,246.54259658718735,33362610,4.787760839823507,0
2020-06-19,258.9691467285156,261.60356768133073,253.76988557321977,259.2673716144046,42463075,-0.06521862784387711,0
2020-06-22,269.4770202636719,275.37216437138426,257.666830165034,260.4205408869827,38169335,4.057577386302302,0
2020-06-23,276.346435546875,277.4996223393635,268.42327078106786,269.40744324557363,23349125,2.5491655193758955,0
2020-06-24,267.20050048828125,277.9569235310989,265.818684664473,276.76396325218286,26663085,-3.309590384436989,1
2020-06-25,274.7160339355469,276.3165882527105,263.44267915493896,265.82856904944964,49925190,2.8126943750224065,0
2020-06-26,266.4449462890625,274.9645912215226,263.8304271964185,274.3780620483123,33470980,-3.010777175250323,1
2020-06-29,269.5366516113281,271.77342900668725,261.0567811882293,265.64962591924916,19098405,1.1603542740538542,0
2020-06-30,270.4909973144531,272.96635455236844,267.42911098691366,271.37578158848197,23888320,0.3540689911445405,0
2020-07-01,269.75537109375,271.35589508931815,261.6532720389991,262.24972176515104,44697925,-0.27195959496127964,0
2020-07-02,268.8109130859375,272.76753443015434,266.8823116087385,270.0336955704193,24964910,-0.35011647923194333,0
2020-07-03,269.1688232421875,272.1312911367354,268.4232307981394,270.38165483136845,13840515,0.1331456941763287,0
2020-07-06,271.9722595214844,274.62658228095205,270.6003947484178,272.38980468771354,16240365,1.0415159696167464,0
2020-07-07,272.04180908203125,273.2645915464009,268.7114902763931,272.3897582715575,17871440,0.025572299420995037,0
2020-07-08,268.9600830078125,274.1494085482577,268.015683948195,271.9921776852951,16915525,-1.1328134026963088,0
2020-07-09,272.02197265625,273.3044002514377,267.9659324653147,269.55653586689255,17229575,1.1384178701151493,0
2020-07-10,268.2840576171875,273.38391514287974,267.52851417982976,271.07754174122493,15089795,-1.3741224661237394,0
2020-07-13,265.5403137207031,271.3758441541786,263.26379274753907,270.401592201685,16783485,-1.0227010582937401,0
2020-07-14,258.1340637207031,264.7151552146188,257.13994040529025,264.19822201236906,14574715,-2.7891245198233605,1
2020-07-15,256.48382568359375,260.84804177599017,254.49557897286823,259.74454907565416,21862715,-0.6392949513609691,0
2020-07-16,262.9754333496094,264.0192506714328,251.9108362500461,256.20545615479176,21020285,2.531000794577931,0
2020-07-17,263.9298095703125,266.0075238185038,258.69079021749934,261.8520953221212,21000815,0.3629145918867316,0
2020-07-20,262.2596740722656,265.76892822450174,260.261476464543,264.4368065987655,17408710,-0.6327953256837215,0
2020-07-21,270.2027282714844,270.99804519527163,263.44270127960505,263.46257282586026,22021225,3.028698265304053,0
2020-07-22,266.8923034667969,271.6640835273363,264.625703387305,271.39568113808616,20862875,-1.2251633526665806,0
2020-07-23,273.195068359375,274.34825522514586,265.4906114669953,266.42508995583995,21543595,2.3615386471278477,0
2020-07-24,268.4132995605469,271.3956695556641,266.743179644458,270.40154622395835,15561890,-1.7503130007229584,0
2020-07-27,262.9654846191406,274.27861263693404,260.4901273082589,271.39566113211544,37804195,-2.0296367394333825,1
2020-07-28,275.18328857421875,278.71241441462735,262.32928063684693,264.4566888801199,33758855,4.64616258395032,0
2020-07-29,276.2569274902344,277.94691883055697,267.59809204563385,275.3721432258206,20338950,0.39015411203868755,0
2020-07-30,275.3721618652344,283.26550351687797,273.58275201006893,277.38028006609665,30485515,-0.3202691179685524,0
2020-07-31,271.5447998046875,276.35635340525613,268.4829130909578,273.38393415666184,16115350,-1.389887065788431,0
2020-08-03,260.17205810546875,269.60631094683595,258.4919869284407,269.60631094683595,26206300,-4.188164055212528,1
2020-08-04,263.23394775390625,264.7052309927587,258.8697313963633,262.4485817607486,24732980,1.1768710563054618,0
2020-08-05,265.2718505859375,269.0097638014868,262.84618737221734,264.8344339186611,17378010,0.7741793372093797,0
2020-08-06,266.4449462890625,271.8728819687677,264.56606881396374,267.4191981557827,18389150,0.4422239678027795,0
2020-08-07,266.922119140625,267.97588746324595,263.0947381802722,266.72328233557926,14035345,0.1790887229081939,0
2020-08-10,270.44134521484375,274.3780654858026,267.6577814200152,268.2144881113331,14800280,1.318446775991866,0
2020-08-11,271.316162109375,275.3721720895225,269.8348976656068,272.9862820813041,12514625,0.3234774970654941,0
2020-08-12,265.4507751464844,269.3775740579353,265.1425993708573,268.4132733069698,19200950,-2.1618273372620234,1
2020-08-13,265.67950439453125,270.10336608850196,265.22221608092644,266.8028687995042,16656640,0.08616635152813856,0
2020-08-14,259.95330810546875,267.7770541068093,258.9293622565939,265.9379501585176,16657510,-2.1553022323314686,1
2020-08-17,263.94970703125,265.14263687842833,260.8977409885135,262.4684425723481,14156700,1.5373525941665633,0
2020-08-18,272.26055908203125,273.37397238838537,262.05092312161077,262.1702130704005,21309745,3.148649848585472,0
2020-08-19,269.5267333984375,274.5569954135366,268.4033690937978,272.85705288134807,16983820,-1.0041210863634742,0
2020-08-20,266.0970153808594,268.41330948051484,264.46663849425335,267.02154283233745,14206945,-1.2724964141156314,0
2020-08-21,266.3057861328125,268.8109662250165,264.64558667552296,266.82271938853233,12425830,0.07845663043395401,0
2020-08-24,275.819580078125,277.6586843016538,266.8923400335372,267.9361575840937,30145690,3.5725074109233868,0
2020-08-25,278.3744201660156,279.34867200795145,274.48739407862604,276.7639451316893,22811185,0.9262721983577027,0
2020-08-26,285.6513977050781,286.6355701063023,278.99078951066525,280.3427826946404,28593240,2.6140970620514237,0
2020-08-27,282.33099365234375,287.4706240334994,280.65092298841023,286.5063232993969,21417855,-1.1623972714331132,0
2020-08-28,291.6957092285156,293.0675740733223,278.55339631322914,280.3428063461,53228510,3.316927927404034,0
2020-08-31,278.6229553222656,298.53524587691663,273.1850990926628,295.8511308909388,34868765,-4.481640796439946,1
2020-09-01,284.448486328125,286.7051351517424,275.5908446561058,282.3011764980991,21291070,2.090829522327531,0
2020-09-02,283.02691650390625,285.8104496170564,279.7761138865737,283.3251413595168,16626250,-0.4997635398132916,0
2020-09-03,277.69842529296875,285.7110574230962,276.36630358534023,285.0748342266973,11975745,-1.8826800209526873,0
2020-09-04,274.38800048828125,277.3007746751146,269.2085958978786,274.378049546366,20508780,-1.1920934737728706,0
2020-09-07,272.1412658691406,274.1792065924093,269.68577999187863,274.1792065924093,11607735,-0.8188166447302692,0
2020-09-08,268.552490234375,272.81725746552087,267.95601017026956,272.76756343444384,14119345,-1.31871791780791,0
2020-09-09,263.6713562011719,268.4630078575549,261.0766783916597,267.0215471529264,17217005,-1.8175716892229077,0
2020-09-10,262.34912109375,267.03143313307316,261.47428777467604,264.43678599822493,16449740,-0.5014708940978219,0
2020-09-11,264.5064392089844,265.6695466806345,260.6591862303498,261.85211619260014,17501570,0.822308116086079,0
2020-09-14,259.40655517578125,268.00571627789094,258.47207677882955,265.82858366565637,19455565,-1.9280755691447493,0
2020-09-15,263.23394775390625,264.2081692848785,256.28500444773846,260.0825631771206,25149565,1.4754417348981308,0
2020-09-16,263.5221862792969,264.83443629289036,258.5813923535608,263.2438329738287,16429435,0.10949899427870058,0
2020-09-17,259.4860534667969,263.76080186999417,258.7106385044659,261.4544285272842,16544955,-1.5316102486423122,0
2020-09-18,253.91897583007812,261.25559559518024,251.01613756447813,261.07666067928125,32645685,-2.145424604652635,1
2020-09-21,256.0563659667969,262.3392330021888,253.13364080597333,253.70028324396543,34298955,0.8417606954074452,0
2020-09-22,252.61666870117188,258.77027909674797,250.8570662383725,256.09608503152475,21191625,-1.3433359692650804,0
2020-09-23,253.58099365234375,255.9768194701958,251.5430376890245,254.50553628391037,14176745,0.38173448970328927,0
2020-09-24,247.75543212890625,255.46983933294266,245.74729863651214,251.9108606122194,28080625,-2.2973178863019528,1
2020-09-25,249.13722229003906,250.20092625398422,244.67360354414092,249.53486551281702,18199870,0.5577234570638412,0
2020-09-28,254.23709106445312,255.28092353396812,249.25652376306135,250.12142132477697,9460495,2.047011974981783,0
2020-09-29,251.1652374267578,257.0603811209301,250.34012846368563,255.84754952124132,11747350,-1.2082633674079246,0
2020-09-30,252.14944458007812,253.88916043355934,248.92847948189313,251.16525700779755,14753080,0.391856438177407,0
2020-10-01,259.47613525390625,260.42053419692996,254.2768594127748,254.49556775484356,15811955,2.9056937587270015,0
2020-10-05,261.3748779296875,265.1724053925574,260.1819179870883,260.4602712619306,19300040,0.7317600417946934,0
2020-10-06,266.0771179199219,266.82271045865036,260.6690842786189,263.4426970173955,13162655,1.799040530398388,0
2020-10-07,263.38299560546875,266.42501008460005,262.8163381162774,266.40513854292425,14173350,-1.0125343868404135,0
2020-10-08,262.4684143066406,266.673566652222,260.708827043971,263.7408908762048,25856265,-0.3472438669495981,0
2020-10-09,262.4187316894531,266.07709819374986,259.58547418468663,263.04503422967093,26563380,-0.01892898896758144,0
2020-10-12,261.0368957519531,270.0436812092239,259.96325588336236,264.03916768378906,25875695,-0.5265767152381695,0
2020-10-13,267.4092102050781,268.35363945222616,259.90359160932064,262.378948857419,24360745,2.4411547014335566,0
2020-10-14,269.0793762207031,270.003903640346,263.2736692512414,265.48062426672743,16790105,0.6245731081379491,0
2020-10-15,260.370849609375,271.5845597567249,258.72060121177776,269.07937984254903,17482370,-3.23641548960083,1
2020-10-16,265.7391052246094,267.08117778931904,260.16208789917016,260.16208789917016,11790145,2.0617728994194895,0
2020-10-19,273.721923828125,274.3780488899721,265.1327137257137,268.41330869671185,19853580,3.0040059767524108,0
2020-10-20,272.1512145996094,275.5710013078866,269.50684288110216,272.7277927865721,16140555,-0.5738339138307014,0
2020-10-21,277.02239990234375,278.35452147165563,270.1331327770967,273.3839050168046,21402230,1.7898818897063906,0
2020-10-22,276.9726867675781,279.34865609170805,273.8909287111769,275.9686428329788,18050460,-0.01794552887534051,0
2020-10-23,274.98443603515625,279.885487042925,274.0300861459514,278.3545286406951,11929255,-0.7178508305731635,0
2020-10-26,281.71466064453125,284.1204219987318,267.8864021445858,278.1556823038257,40111940,2.4474929222956243,0
2020-10-27,315.6639709472656,318.5170999705815,288.7928193012029,288.7928193012029,165834400,12.050956178518435,0
2020-10-28,308.4466552734375,313.1488698600865,306.3888428999895,313.1488698600865,36224915,-2.2863919668025257,1
2020-10-29,312.3336486816406,315.89262705734967,303.20760413985363,304.5993706813731,36430145,1.2601833548032237,0
2020-10-30,307.66131591796875,313.0792701598666,301.93515551573574,312.95002926577985,21009920,-1.4959428109631356,0
2020-11-02,314.2821350097656,319.0737859596561,305.1560606282719,309.17232700431964,28562300,2.1519829595873396,0
2020-11-03,316.84698486328125,318.4176863555926,312.1944950200828,314.3418050257673,26303090,0.816097883971656,0
2020-11-04,324.2234191894531,325.23741413240685,313.7453500926441,315.9324033626256,25440305,2.3280746475636382,0
2020-11-05,333.12078857421875,334.0254444602203,324.4918052068399,326.66893776296996,30372525,2.7442093501477194,0
2020-11-06,341.5906982421875,342.97254421456466,328.06069446610536,330.0489410992333,29788295,2.5425941455712087,0
2020-11-09,343.5988464355469,348.30103030200894,338.0615722863074,343.96666720821247,26051055,0.5878814041755831,0
2020-11-10,348.52972412109375,356.7809666613598,343.0620453433498,344.1655381089242,40019115,1.4350681722884673,0
2020-11-11,359.4451599121094,361.5526964015147,349.93139288682255,352.7149259222193,52671695,3.1318521880857375,0
2020-11-12,348.8875732421875,357.6855398985012,347.63496821554617,357.6855398985012,33875995,-2.9371898268162444,1
2020-11-13,350.5875244140625,352.8739958543908,342.048008961348,347.923281267992,31322780,0.48724898857173127,0
2020-11-14,352.02899169921875,352.9137760098784,350.9056578399815,352.70501860891665,1554265,0.4111576096626379,0
2020-11-17,357.21832275390625,358.28204199798597,350.8261170243671,352.27752859119204,29133725,1.4741203642458345,0
2020-11-18,363.96844482421875,367.7858749396797,354.7330301853197,356.1943927585869,30876240,1.8896348928223228,0
2020-11-19,363.1234436035156,369.9530968495345,361.0755518254057,361.66208099115187,43588840,-0.23216331874902352,0
2020-11-20,375.65936279296875,377.5680627699002,360.2902232149155,361.8609248696453,45581330,3.4522472757613443,0
2020-11-23,377.3393859863281,378.820619986159,372.03077123693424,376.25579523645183,52217195,0.44721983790545483,0
2020-11-24,382.7176208496094,387.38998242395644,375.9476432163831,376.9715890604298,44749430,1.4253043978494473,0
2020-11-25,370.301025390625,385.5210526217139,368.44201943737966,385.5210526217139,34185845,-3.2443229113465755,1
2020-11-26,375.59967041015625,377.7768028521758,367.8355699071496,372.79623543848237,34322855,1.4309020651351867,0
2020-11-27,379.17852783203125,382.76729843376063,367.2192255763326,376.77273606296376,393510620,0.9528382753815734,0
2020-12-01,372.9652404785156,383.7315821415925,370.7185121805396,383.7315821415925,39778990,-1.638617932571329,0
2020-12-02,360.7077331542969,374.51612183218714,359.67383631688614,373.7904008237156,37290055,-3.2865012590696963,1
2020-12-03,362.0597229003906,366.63266587175536,360.21063776145724,365.042092840795,22312640,0.3748158472431262,0
2020-12-04,367.08001708984375,369.21737605061435,358.36156694220284,363.45147322552606,19947155,1.3865928386721738,0
2020-12-07,361.97021484375,369.0185756340866,358.8785059888581,367.7162765574185,30160865,-1.392013187370833,0
2020-12-08,364.6046447753906,365.63851108888593,361.31409931807724,364.30638960407856,19767180,0.727802958256607,0
2020-12-09,374.4962158203125,375.5798066808079,365.06199450534916,365.06199450534916,21853220,2.712958045560665,0
2020-12-10,378.4229736328125,381.72347022301585,369.78403985170434,377.76684862356234,23476080,1.0485440564195425,0
2020-12-11,381.8228759765625,383.4731243481448,376.47451793492974,376.47451793492974,27332990,0.8984397303132496,0
2020-12-14,385.5906066894531,387.09174260861187,377.5680242280444,384.5268874574898,17284855,0.9867744836540071,0
2020-12-15,387.9367370605469,389.2986810950594,381.6041463059378,387.31043454231474,20709490,0.6084511215760147,0
2020-12-16,388.215087890625,390.6904451247836,385.03388129121083,390.6904451247836,13823490,0.07175160367312028,0
2020-12-17,390.7799377441406,391.4857568166153,386.22686622298056,390.69047028466383,17301850,0.6606775299362599,0
2020-12-18,387.578857421875,390.45188840502925,382.0117607118455,390.45188840502925,16858380,-0.8191516536761201,0
2020-12-21,381.912353515625,389.49748865173495,379.277902555181,384.7257090469122,19707555,-1.4620260619846115,0
2020-12-22,378.3534240722656,383.7813293832609,375.0032330426446,383.7316353481745,25368720,-0.9318707317525377,0
2020-12-23,381.8924865722656,382.6977240750213,376.27569559861286,377.9657174631487,11704095,0.9353853500012388,0
2020-12-24,389.81561279296875,393.2751727033384,381.1468566424747,381.34569343228605,16685820,2.0747007336589407,0
2020-12-28,395.4423828125,396.8739228558229,390.1138962476489,390.2928311685051,13715345,1.4434439860467219,0
2020-12-29,397.5101623535156,401.02936763280235,394.26934074687034,394.26934074687034,15764325,0.5229028629427646,0
2020-12-30,401.21820068359375,403.0175613473618,397.4504650539526,398.285555285463,13287155,0.9328159834013139,0
2020-12-31,396.7745056152344,401.37730156845305,395.0646122439396,400.96970735537406,13974145,-1.1075507194808765,0
2021-01-01,396.4663391113281,399.2300008688292,395.8002934422554,397.0329967139035,5530495,-0.07766791957271035,0
2021-01-04,390.7998352050781,398.8323692663567,388.70224939346787,398.44464657800876,15707145,-1.4292522081323145,0
2021-01-05,389.64666748046875,390.57119493451563,384.72574465769156,389.5969431089657,16316150,-0.2950788666541304,0
2021-01-06,391.76409912109375,393.4739924211241,387.38996264187824,392.45999757066164,17262575,0.5434235211908112,0
2021-01-07,388.1852722167969,394.46810833660925,387.21102047330226,394.46810833660925,17096585,-0.9135157898147894,0
2021-01-08,391.82379150390625,392.8775598272356,386.9625137628744,392.0822429447551,16314485,0.9373151295336335,0
2021-01-11,385.35205078125,391.06826021829306,384.8052647191118,389.69636509928466,14977605,-1.6516967226048895,0
2021-01-12,378.45281982421875,383.7514839208931,376.9417632568362,383.69183894706464,30177900,-1.7903708941068297,0
2021-01-13,374.2079162597656,379.9539478787776,373.1938910493165,379.9539478787776,27915650,-1.1216466999571462,0
2021-01-14,376.3055114746094,378.7609973692466,372.01089130987566,376.17627058464365,24018190,0.5605427153464237,0
2021-01-15,370.5892639160156,378.562121459134,368.6308399000151,376.6136483838682,13575820,-1.5190443361283168,0
2021-01-18,367.21923828125,372.2494999978268,365.60873297248867,371.9015507581888,25023140,-0.9093694725946899,0
2021-01-19,375.1821594238281,376.1762828088082,366.881223091597,369.03848418582845,24027570,2.168437900979314,0
2021-01-20,374.5061340332031,375.7786106546949,371.6927784186597,375.7786106546949,15207240,-0.18018591066888412,0
2021-01-21,369.37646484375,378.74112003155307,366.98062395985596,377.76686823906607,28344310,-1.369715666392357,0
2021-01-22,363.4515075683594,372.7962611126011,362.75560907898756,367.8256442977664,21490875,-1.6040429857643868,0
2021-01-25,356.7709655761719,371.2851714502778,352.91376241732416,366.8314882591341,33050690,-1.8380834452670358,0
2021-01-27,350.86590576171875,362.5468553967339,347.21745963327663,357.4867710677712,39461595,-1.6551402395978854,0
2021-01-28,342.5450744628906,350.8161876411327,338.20076047443905,344.16550030405364,30179620,-2.3715132083762525,1
2021-01-29,340.57672119140625,347.91335650543294,338.7972318669929,347.91335650543294,25703435,-0.574626061860839,0
2021-02-01,358.1826171875,359.8328655260506,337.2165601774701,343.9666659608294,24146050,5.169436106644265,0
2021-02-02,370.0723571777344,373.61143377337845,357.8943464956805,363.84913548013907,29356685,3.3194631508346895,0
2021-02-03,368.2630310058594,374.41665654840995,361.86087464281235,371.8021074626699,21446975,-0.4889114619836432,0
2021-02-04,379.83465576171875,380.7492626395997,364.0480016356124,365.638574806858,48208370,3.1422173233770057,0
2021-02-05,394.2096862792969,397.3511197423479,380.38142667970385,380.7492474693552,81341680,3.7845494873948615,0
2021-02-08,389.12969970703125,403.61408435023515,388.00633545558384,397.64934418742376,20107375,-1.288650875175723,0
2021-02-09,387.5390930175781,392.67872409698833,385.2923948717333,389.6963540405555,11154615,-0.40876003313308207,0
2021-02-10,388.1156921386719,390.2729227710951,385.12337121305137,387.7080979335892,14304705,0.1487847630039285,0
2021-02-11,389.89520263671875,394.6172887022,385.96840314170754,387.5490556788275,11233885,0.4585000127773853,0
2021-02-12,387.9169006347656,392.67876042680035,386.9128565862091,389.6963900944449,8453765,-0.5073932658249181,0
2021-02-15,394.8558044433594,397.45045148694555,389.09982250099836,389.69630250104456,14652175,1.7887603755441628,0
2021-02-16,401.55621337890625,407.39171223898336,397.25167288063204,397.64931612911414,27400915,1.6969255257606397,0
2021-02-17,395.5517578125,402.3217354591637,391.51558906441807,400.6515851592466,21976120,-1.4952963909788841,0
2021-02-18,386.803466796875,394.63716397679747,385.34210419769414,393.5038487480196,17691040,-2.211667839375875,1
2021-02-19,385.4713439941406,391.6547926857967,382.7573762210428,386.16724250157233,13678415,-0.3443926740796077,0
2021-02-22,387.6285400390625,390.1038971534035,382.06144392867543,385.471279298678,19266380,0.5596255282090956,0
2021-02-23,372.3886413574219,390.690454855223,371.0068257535364,390.690454855223,27862010,-3.931572912589165,1
2021-02-24,379.9936828613281,382.5386360981927,368.23321749756826,375.59967483724733,19107080,2.0422324043463114,0
2021-02-25,376.8721618652344,390.7302435637741,375.29150940527364,383.13512673211545,28112580,-0.8214665498091689,0
2021-02-26,353.9775085449219,371.6032961254064,352.51614600677163,371.6032961254064,42000480,-6.074912301030977,1
2021-03-01,366.9110412597656,368.79989993957963,358.1627677102347,360.0714979357486,16300220,3.6537724580324227,0
2021-03-02,366.7619323730469,371.4840184418338,361.880782922407,366.83152829102715,19185745,-0.040638975106011,0
2021-03-03,377.6674499511719,379.50658419369364,368.06421486772535,368.8197583126663,14378090,2.973459515703669,0
2021-03-04,377.3095397949219,379.83459095951565,367.8255956712866,370.5892570414496,20112570,-0.09476860033774681,0
2021-03-05,382.24041748046875,383.3936041750944,371.40447933345513,372.89566431712404,27039930,1.3068521109291131,0
2021-03-08,380.9182434082031,387.2806265473833,376.4347375557815,381.7433524096398,23490050,-0.3459011689503466,0
2021-03-09,393.46405029296875,395.85989097020206,381.3059120026688,381.3059120026688,39591725,3.293569447478828,0
2021-03-10,390.4817199707031,397.5200999548304,389.1396473777048,394.31902154750094,13807350,-0.7579676771092614,0
2021-03-12,384.7555236816406,393.6728105275749,380.152728138779,393.4739737404996,13101325,-1.4664441371268655,0
2021-03-15,381.4749755859375,386.5151580662268,376.3949893374978,386.5151580662268,13217765,-0.8526318386055332,0
2021-03-16,378.4031066894531,386.05783788063405,377.76685321641986,382.75734125030357,13846120,-0.8052609196097515,0
2021-03-17,371.4740905761719,381.28608331948993,370.0127280183434,378.4031316330782,13474970,-1.8311203028699596,0
2021-03-18,363.9286804199219,376.35522290273803,362.87491204443813,373.98923469813013,10987875,-2.031207652880107,1
2021-03-19,364.6742858886719,372.19980756405886,360.67792060637976,361.552754082282,24015080,0.2048768093489306,0
2021-03-22,362.38775634765625,367.8156609363293,358.87850239922096,364.4455988087949,12170485,-0.627005969297667,0
2021-03-23,360.3995056152344,366.6326475575539,357.65571569888584,366.6326475575539,21254280,-0.5486528442518512,0
2021-03-24,354.39501953125,358.878525499886,352.5857381107204,357.88440216055113,15230805,-1.6660639069784988,0
2021-03-25,350.5080261230469,357.6458554181486,346.9490775871672,356.472766711938,20565065,-1.0967968492741176,0
2021-03-26,352.1284484863281,356.37337491081627,350.47819996674525,354.9020613258505,16553785,0.4623067783082302,0
2021-03-30,354.15643310546875,358.272118216753,352.91377895422147,354.32544741886227,27877620,0.5759218341653938,0
2021-03-31,348.5396423339844,353.7090653991116,346.47184883734457,353.6693223098103,18991915,-1.5859632203297225,0
2021-04-01,358.7890625,360.5188274237094,348.07241398228217,351.919666499215,19013260,2.9406755849580524,0
2021-04-05,349.7723388671875,357.80487213519996,344.8414957849307,355.12072708502683,12241205,-2.5130988023952083,1
2021-04-06,351.5816345214844,354.19618354010095,343.7081649814701,353.1125928311438,14365225,0.5172780844124647,0
2021-04-07,356.29376220703125,360.01180374480714,347.0682997777341,351.1342601780039,15790710,1.340265594919443,0
2021-04-08,354.5541076660156,362.596562402282,353.6494517234569,357.0891405612927,14451450,-0.48826410269983134,0
2021-04-09,357.7353210449219,359.1668612059459,346.7701408656507,351.9196929330415,15696920,0.8972434136633733,0
2021-04-12,346.4519958496094,351.52203112481214,342.63456573392097,349.3846719382943,16641680,-3.154098723702936,1
2021-04-13,353.08282470703125,355.1108146189143,342.66440045352556,347.10813330759674,15593710,1.913924277203538,0
2021-04-15,352.56585693359375,359.7732515670606,348.4601224468938,357.8844231790411,17734430,-0.14641544058860978,0
2021-04-16,350.7466125488281,355.5283435023524,349.94137505109035,352.7149573929705,14561395,-0.5160012942229675,0
2021-04-19,338.1510314941406,341.978412233588,333.0313026111976,341.978412233588,19327115,-3.591077035115786,1
2021-04-20,337.544677734375,344.6824766767377,334.890354828885,342.97258316453275,16585040,-0.1793144788251655,0
2021-04-22,345.1695556640625,345.90522756412327,331.87813149020667,335.9639941849358,17952220,2.2589240573621883,0
2021-04-23,344.80169677734375,349.2056553964429,342.02808447637034,344.74205181071926,9467250,-0.10657338710275965,0
2021-04-26,349.8617858886719,354.5043547857662,344.62276731591976,345.95488882194496,16265310,1.4675360239296387,0
2021-04-27,348.0028381347656,350.44837322624994,342.8831086459562,347.9431931572835,22666800,-0.5313377536173003,0
2021-04-28,360.16094970703125,362.65617863523784,348.7384520157547,350.4284738119865,20872995,3.493681728985587,0
2021-04-29,358.8785400390625,366.92099453951556,354.0172621504174,362.8749051033274,19800475,-0.35606571701122247,0
2021-04-30,347.7046203613281,358.2820778738382,345.8456144025425,353.9079408523004,13108915,-3.1135658533714916,1
2021-05-03,343.0620422363281,349.73260179005536,335.0195875294009,344.9608215807184,27969345,-1.3352074873711817,0
2021-05-04,344.4935607910156,350.72670322904173,343.0321982634681,348.1420068081706,21275755,0.4172768707828567,0
2021-05-05,352.0687561035156,353.5102470052877,342.35618250908016,346.1537407474607,12058215,2.198936692780573,0
2021-05-06,355.54815673828125,356.63174738668664,350.5676201317137,354.245857772146,11901275,0.9882730502057457,0
2021-05-07,353.9775085449219,360.4691328074287,352.6155644094273,357.08911948479687,8053650,-0.4417539969179263,0
2021-05-10,359.7433776855469,360.51879261146246,356.015415476677,359.6737817764718,6662450,1.628880084592521,0
2021-05-11,349.0267639160156,356.7709933206481,348.5893472141983,353.2319166155714,14779880,-2.978960679826237,1
2021-05-12,341.7497863769531,348.7384725852754,341.0936612998891,348.7384725852754,15909150,-2.0849339624893437,1
2021-05-14,339.3241271972656,343.74798846809,338.22066478424097,343.74798846809,14689460,-0.7097763557961656,0
2021-05-17,346.7800598144531,348.9373209881911,339.9902101936221,341.38197691624055,21057205,2.1972892640354402,0
2021-05-18,348.9571228027344,352.1085067683499,347.9629995797713,351.5219777073897,23292070,0.6277935903944654,0
2021-05-19,344.0760192871094,348.012769610152,343.4596676621118,347.53557947874884,11860210,-1.3987688448429458,0
2021-05-20,339.6322937011719,345.35842319363894,339.01591178026115,344.3642999084885,12990190,-1.291495290821032,0
2021-05-21,349.46417236328125,350.81619586557287,341.0837199873803,341.0837199873803,21465560,2.8948597776040863,0
2021-05-24,349.3349304199219,353.68919543856885,346.352560444217,350.6571314318967,18069535,-0.03698288796970539,0
2021-05-25,348.04254150390625,352.69503084038735,345.5572334816536,351.9991324588635,11008125,-0.36995696779079656,0
2021-05-26,346.0841369628906,350.28925895572206,345.3385445144329,349.94134008369593,14225500,-0.5626911390065326,0
2021-05-27,353.36114501953125,354.59384822387545,343.1117360524799,345.9549141755927,26699940,2.102670212076463,0
2021-05-28,358.0335388183594,360.4691532998182,353.55998348867166,355.10089297184066,16235045,1.3222715243833338,0
2021-05-31,359.41534423828125,360.2305022823723,354.9020159884284,357.68554907657295,11554045,0.3859430109487416,0
2021-06-01,357.2879638671875,362.6562244596622,355.4985537824427,360.86681437491734,11449080,-0.5919002639139914,0
2021-06-02,354.5242614746094,356.49263661411584,351.9196631719181,356.49263661411584,15494245,-0.7735223886818243,0
2021-06-03,360.7077331542969,363.44157252202353,355.8961795076866,355.8961795076866,17220655,1.7441603725420585,0
2021-06-04,360.1112365722656,362.04978926146674,357.2879298676779,361.86090339582205,7543530,-0.16536839307963458,0
2021-06-07,360.8468933105469,362.85501149348556,359.2761614768615,362.85501149348556,5480695,0.20428597154691364,0
2021-06-08,356.6019592285156,361.16498151931927,355.4686744462745,360.86675666563355,6655155,-1.1763809418134707,0
2021-06-09,354.4845275878906,360.27033336660514,352.913825880684,355.8763246929418,10188570,-0.5937801478168914,0
2021-06-10,357.7949523925781,358.48089995769635,353.11263972748964,355.4388848159713,9272445,0.9338700414411427,0
2021-06-11,356.76104736328125,359.87265835176674,355.49852161071874,359.6738215433492,8109640,-0.2889657951804958,0
2021-06-14,351.53192138671875,355.8762656403774,349.83197905856065,355.8762656403774,12715010,-1.4657222292650651,0
2021-06-15,352.09857177734375,354.732992369884,351.1243503911786,353.0728235017434,8679120,0.1611945761254674,0
2021-06-16,350.0506896972656,354.096778788121,348.53963321099303,352.0886606544677,14227715,-0.5816218082739466,0
2021-06-17,351.1343078613281,352.2775436719101,345.15964702336515,347.3964246112055,12891210,0.3095603568156413,0
2021-06-18,350.0208740234375,353.24182385290953,344.61284076763513,352.9038255667014,13393945,-0.31709628280764957,0
2021-06-21,352.3272399902344,353.35118576872026,344.22514121814885,345.95490604011417,6396605,0.6589224066226418,0
2021-06-22,349.3548278808594,354.90202261663165,348.7384459428972,353.90789930398006,7858715,-0.8436509505928003,0
2021-06-23,345.298828125,350.7267335516384,343.4199506204188,350.7267335516384,38011745,-1.1609971960205967,0
2021-06-24,345.537353515625,346.53147678757523,343.4099454895336,344.96077536671714,17976965,0.06907796123150067,0
2021-06-25,344.9607849121094,348.7384413147576,342.15734992645986,344.9607849121094,47888225,-0.16686143991363478,0
2021-06-28,344.57305908203125,347.5455083499721,342.41582853153267,344.9607817275938,17502535,-0.11239707440279245,0
2021-06-29,339.1650695800781,345.55727530580987,338.3995752001046,345.51750187793476,51973310,-1.5694754303660408,0
2021-06-30,339.1650695800781,346.65081703560327,337.69375613106195,339.1650695800781,44110495,0.0,0
2021-07-01,341.2029724121094,343.01228395172427,339.2246769146882,339.97026932888,14941930,0.60085870120834,0
2021-07-02,341.0141296386719,343.56903391512657,339.9901838074013,343.3701971109386,11212755,-0.055346168910108684,0
2021-07-05,344.1853942871094,345.915159242232,342.2766640683718,343.37020584274035,9438355,0.929951099620907,0
2021-07-06,349.00689697265625,349.9314244207728,343.37020414523585,343.767847423521,18461110,1.4008446510443529,0
2021-07-07,350.2892761230469,351.6214280605583,346.5812155807923,349.1361197772302,13630910,0.3674366213144209,0
2021-07-08,344.4239807128906,350.52791288112917,342.9725690602698,349.5337894925487,11040075,-1.6744147794281683,0
2021-07-09,341.9883728027344,343.9666685000337,340.97434760051175,343.7678317008664,8490830,-0.7071539865241117,0
2021-07-12,344.3543701171875,346.55137402404137,343.0023467095768,344.3642907197745,8685325,0.6918356010360283,0
2021-07-13,347.3764953613281,348.4402145671461,342.69418314102325,346.55138637608394,10333195,0.8776207030891436,0
2021-07-14,347.57537841796875,349.52385183895876,345.0801189095283,345.9549523788575,10794920,0.057252882476621636,0
2021-07-15,347.953125,349.33494068680506,345.9549273493155,349.33494068680506,9752780,0.10868047781480428,0
2021-07-16,347.84375,350.32905834572483,345.95492172489645,349.03671014124257,9190250,-0.031433831784088984,0
2021-07-19,342.5351257324219,345.95491235053197,340.38781573931306,344.74208069715297,10731685,-1.5261519770236265,0
2021-07-20,338.52880859375,342.73396110505115,337.20663794397245,342.5351243083131,10719295,-1.169607680411,0
2021-07-22,339.4334716796875,342.3661476337943,338.6282342107335,339.30423079287624,9291265,0.26723370743408914,0
2021-07-23,342.5649719238281,343.42985441043686,336.8388115459526,339.9901960098392,9979000,0.9225667193763831,0
2021-07-26,346.0741882324219,347.94314483594394,332.7032484409528,340.3082853961487,19695475,1.0243943766013786,0
2021-07-27,337.5943603515625,348.5396686479598,336.77917188579926,348.3408318334971,21505655,-2.4502919227146647,1
2021-07-28,328.6274108886719,339.15517505581914,327.26546655519854,338.9961116560953,25263775,-2.656131297203146,1
2021-07-29,326.4005126953125,330.8442453723613,325.09821350778304,330.8442453723613,14971325,-0.677636167761364,0
2021-07-30,329.0150451660156,332.0173170059076,323.28891547849815,326.4004959828922,16110005,0.8010197193359492,0
2021-08-02,331.0629577636719,333.48862124289735,329.5519011447437,331.0430862177968,12954880,0.6224373711004372,0
2021-08-03,335.1488037109375,335.8645737233781,331.04306949639886,331.04306949639886,16150700,1.2341598029768974,0
2021-08-04,347.9332275390625,348.58935260192936,335.0195747088191,337.7434630264055,35020800,3.8145515325041846,0
2021-08-05,352.2676086425781,356.4926328021476,348.450178689579,350.269411037699,30260460,1.245750839657589,0
2021-08-06,353.3511657714844,354.8423506269217,349.16591543859573,351.72078910052085,18202345,0.30759488023370807,0
2021-08-09,354.08685302734375,355.81664831324065,350.34896980322645,353.3512114451415,7984430,0.20820286647509345,0
2021-08-10,360.518798828125,362.8351230432558,353.76869331082924,354.90200840422057,22974240,1.81648817113369,0
2021-08-11,354.2030029296875,362.040589784855,350.5328637533296,362.040589784855,15509515,-1.7518631258528372,0
2021-08-12,355.6153869628906,356.27183785534635,350.50304077920646,353.1089325820044,8208450,0.3987498755010588,0
2021-08-13,355.675048828125,357.8631880380296,352.86026569212237,354.8793370081851,9199585,0.01677707642064874,0
2021-08-16,354.5511169433594,358.3008120399574,352.4425337971217,354.87932719211085,7768305,-0.31599964306429085,0
2021-08-17,355.7446594238281,357.0674866176837,353.4968153939029,353.88470022238965,7096685,0.3366348104494765,0
2021-08-18,348.0562744140625,356.18227828300195,347.2406811915997,355.7446747292898,13818265,-2.1612088350722924,1
2021-08-20,338.87591552734375,344.53528811706303,337.5729698165028,344.53528811706303,28216210,-2.6376076403660575,1
2021-08-23,341.5216064453125,343.05332499871065,338.16975228652984,343.05332499871065,15465845,0.7807255684876946,0
2021-08-24,339.1445007324219,343.14284997010265,336.4988159859085,343.14284997010265,23539855,-0.6960337700540942,0
2021-08-25,337.61279296875,341.4917931528266,336.976223526593,339.16439304238065,14569050,-0.4516386850926257,0
2021-08-26,337.6724548339844,341.4519871061226,335.96171246428696,336.93644800336705,21912885,0.01767168379780415,0
2021-08-27,340.8652038574219,342.9041870407517,337.17518306673753,337.17518306673753,18306575,0.9455165731558468,0
2021-08-30,345.30120849609375,346.03721538701774,341.34262177992593,341.34262177992593,12806265,1.3013955629590734,0
2021-08-31,348.8518981933594,350.0255691244686,345.9376781582961,346.93229499101096,22463045,1.0282876543439068,0
2021-09-01,347.44952392578125,348.8817747543687,345.728856037616,348.86189334266345,36331770,-0.40199702935278525,0
2021-09-02,353.3675231933594,355.75459790005203,346.92239416731763,348.51378742288,28819220,1.703268780083933,0
2021-09-03,356.4408874511719,360.3397994249415,353.59629741657665,356.6696602870883,24225670,0.8697359140530825,0
2021-09-06,352.99951171875,359.65350166224556,352.0944066355675,359.65350166224556,9509655,-0.965482876285706,0
2021-09-07,351.0699768066406,353.97427191048655,347.32028150388453,352.9995362869191,14614185,-0.5466112127788803,0
2021-09-08,361.1156005859375,363.6319803756116,349.1105661406944,350.12506455100856,76247785,2.8614306101229836,0
2021-09-09,361.6128845214844,366.3571963503517,359.4147592518292,363.2341149738971,18214625,0.13770768550014356,0
2021-09-13,366.02899169921875,367.9684765302891,357.01776460438657,363.7314289841768,16358075,1.2212250632546162,0
2021-09-14,371.53912353515625,373.77701151607465,367.04346616289865,368.00824575102655,20840400,1.5053812569211455,0
2021-09-15,372.324951171875,377.6461585789048,369.5997101070537,372.78246652617037,24070115,0.2115060264021862,0
2021-09-16,379.3071594238281,379.9437289319391,371.58895143446324,373.37925005774207,20643915,1.875299581716705,0
2021-09-17,399.42828369140625,401.22853824183693,380.5405143848945,381.1372907247363,73192445,5.304704582466191,0
2021-09-20,398.13525390625,405.2467595012878,394.13687407508644,395.85757244026945,29405445,-0.32372013649270004,0
2021-09-21,400.0249938964844,403.347010869976,397.0709803382846,401.22847190810637,19334440,0.47464774136263266,0
2021-09-22,394.97235107421875,402.30270402382683,393.6296423770338,401.1290328692457,9559045,-1.2630817822281148,0
2021-09-23,402.6209411621094,408.19080231799495,396.03658161431764,398.64247324409126,14945535,1.936487469841497,0
2021-09-24,403.4365234375,408.26042172803596,400.6118149346492,403.81448273599773,10574440,0.20256827005484812,0
2021-09-27,404.4809265136719,409.3843812542805,402.9193704702827,404.0532181163738,9150320,0.25887667960078353,0
2021-09-28,411.41339111328125,413.3230387585128,400.41289915049725,405.80373665464674,19496335,1.7139163172321004,0
2021-09-29,403.9040222167969,409.78221245041146,401.855113582809,409.7623310371902,17101570,-1.8252611749374759,0
2021-09-30,398.9408874511719,404.80912171994055,397.2102332192981,402.90939959478,22863740,-1.2287906266407522,0
2021-10-01,396.5637512207031,399.9951921474391,392.2570727962012,397.2500394060503,16869890,-0.5958617693102908,0
2021-10-04,396.0465087890625,400.81073227447064,395.45968845608763,396.85214605579904,10215265,-0.1304310921127927,0
2021-10-05,394.3358154296875,397.43901570936737,392.9731949539706,396.8323138901428,13599035,-0.4319425424568313,0
2021-10-06,389.04443359375,398.84141711729154,386.32914860906476,393.0825761866734,14896375,-1.3418466263764972,0
2021-10-07,388.38800048828125,394.3159399354277,387.7514613627085,391.48127528433264,11110650,-0.16872959713239988,0
2021-10-08,385.1853332519531,391.1132727124144,384.1211160791033,387.90064872018365,9689170,-0.8246050939528904,0
2021-10-11,392.9532470703125,398.84139270712666,386.90598943409543,387.7016708443108,11880835,2.0166691583966223,0
2021-10-12,396.8720703125,398.642487384686,390.88448681068047,393.8683378550368,9454510,0.9972746812514144,0
2021-10-13,399.70672607421875,402.22310585208606,396.7626682742033,398.6424786070392,8712390,0.714249243965881,0
2021-10-14,401.38763427734375,402.9193529569766,394.8629491825908,399.43819345536684,8261780,0.4205353809364931,0
2021-10-18,400.154296875,407.186245965824,399.4282155774578,401.3876121746001,10833895,-0.3072684101402934,0
2021-10-19,404.8787841796875,406.7884319855272,396.27535246288966,400.21402762157555,8476015,1.1806663933346062,0
2021-10-20,400.9201354980469,406.7883693264879,397.48872529445083,406.20154897897373,8974465,-0.9777367538931769,0
2021-10-21,426.4420166015625,428.67990473533166,402.2230878387787,404.0134165577743,47477590,6.365826718034717,0
2021-10-22,431.9422302246094,437.95965038550116,422.2645967684105,428.66000656472283,29659130,1.2897916736440918,0
2021-10-25,428.5804443359375,434.23981729753535,420.7329322623598,428.08313585321923,33886310,-0.7782952565031143,0
2021-10-26,439.8096923828125,445.58841470779,422.45361364182446,428.5804579864528,53345005,2.620102759068743,0
2021-10-27,435.2940979003906,448.1743994200384,432.9766537846842,437.63145378101746,22752840,-1.026715545525425,0
2021-10-28,417.4407653808594,435.6422442671382,415.829460350495,435.29412224786256,15511445,-4.101441440544562,1
2021-10-29,404.0432434082031,417.1324057524433,400.8306198209122,413.2732872361011,23331725,-3.209442652404293,1
2021-11-01,413.06439208984375,415.1133005036607,404.7692906725529,408.787551502548,9832940,2.232718608420492,0
2021-11-02,413.0942687988281,416.4461536143604,409.78220751586406,411.00559736354927,7681030,0.007232942261903297,0
2021-11-03,405.3163757324219,420.04665079611334,403.41665365588426,413.7606641899733,10336455,-1.882837321617259,0
2021-11-04,409.1854248046875,410.1800417975785,405.6047975596196,405.8037330995185,1025885,0.9545750687408372,0
2021-11-08,421.48883056640625,423.2294102974249,408.7875825421042,408.7875825421042,10609980,3.006804498862925,0
2021-11-09,417.1821594238281,423.1001427508337,414.41712536128733,421.7176105429122,8887865,-1.021775864568164,0
2021-11-10,412.9748840332031,416.01840938882754,410.38887396316085,414.75525682400945,7228940,-1.0084983970636952,0
2021-11-11,408.6085510253906,413.3031443393611,407.30560522255547,412.36820195901055,7735765,-1.0572877859229446,0
2021-11-12,412.7063903808594,413.76068199807105,408.3996816689434,411.3736072110504,7172140,1.002876553901122,0
2021-11-15,417.2020263671875,419.3305212557857,413.76066014471587,413.7805415569575,9096640,1.0893061244289015,0
2021-11-16,414.32763671875,418.505010166327,411.7714635851315,417.7192845418839,7725535,-0.6889682855729218,0
2021-11-17,408.4095764160156,414.1286234481064,406.8977696929807,411.77138631053754,7233815,-1.4283527764650694,0
2021-11-18,402.7105407714844,410.26960660994536,399.6172657408393,407.7930196912199,13965995,-1.3954216486652848,0
2021-11-22,388.9847717285156,406.59943088107474,386.11034428734393,406.59943088107474,13741645,-3.4083461080194,1
2021-11-23,394.4452209472656,396.48420413559717,384.4592875028414,385.5135791599089,16148125,1.4037694058010697,0
2021-11-24,400.1145324707031,402.8099360884283,391.87910478230356,393.77882692757856,9737415,1.4372874159363835,0
2021-11-25,404.8290100097656,407.3951389284479,400.44274529338776,401.8252775257473,15822140,1.1782820058923171,0
2021-11-26,390.7452392578125,399.2392773542683,388.9151475302491,398.2446603053771,13237765,-3.4789430608279215,1
2021-11-29,401.7457275390625,406.79836873909716,385.3544278176916,396.45435760954604,20859500,2.815258428265044,0
2021-11-30,390.267822265625,405.72417890292905,387.28397127365986,402.4220431870285,21329080,-2.8570074269978374,1
2021-12-01,388.5670166015625,395.04195229564687,385.911375993782,393.66937605027493,12928465,-0.43580473895818983,0
2021-12-02,390.7352600097656,394.057276853959,387.0253280002491,387.4132431655722,9664645,0.5580101541213578,0
2021-12-03,380.7791748046875,395.83769099815953,378.9888763170127,391.2226534738296,17458620,-2.5480385887952095,1
2021-12-06,375.0103759765625,383.2258911822906,373.3791896409502,381.93290131395395,15406680,-1.514998510904375,0
2021-12-07,385.3444519042969,390.6457774416957,379.9834821292568,380.34152967491366,36722375,2.7556773331467,0
2021-12-08,382.0224304199219,391.87908828804007,381.0278134445715,391.87908828804007,25627975,-0.8620914270228153,0
2021-12-09,381.2068176269531,385.2947089693026,375.1893973766103,383.1264513592475,23272265,-0.21349866605272494,0
2021-12-10,377.30792236328125,381.9328848197355,375.66681056948113,380.9382679321841,15274610,-1.0227768978379848,0
2021-12-13,372.6034240722656,381.13725512224545,370.44512213152274,379.943702554053,20425550,-1.2468591333966272,0
2021-12-14,366.0986328125,372.7824606465209,361.2548526037223,372.6034368611382,50556260,-1.7457679772969636,0
2021-12-15,371.4695739746094,374.32411995332274,365.3725668114496,367.13302800216246,26528735,1.4670749029702446,0
2021-12-16,370.1466979980469,376.15419297439956,368.1873013599853,375.149620125217,15272310,-0.35611960420018907,0
2021-12-17,356.82879638671875,369.9875595665055,356.0728777711314,369.0028984723178,14675630,-3.5980063265074413,1
2021-12-20,346.6240234375,354.0836509146342,342.6256740369448,354.0836509146342,16345895,-2.859851293548399,1
2021-12-21,345.4404296875,351.69657914985254,342.34718537055704,350.3140469428804,11321155,-0.34146327720225855,0
2021-12-22,350.58258056640625,352.09438734760363,344.7640655522902,347.71807899925375,17269195,1.4885781851180724,0
2021-12-23,353.2083435058594,355.8142348892208,351.56723171552017,355.0583466965188,9598245,0.7489713080469862,0
2021-12-24,347.7976379394531,354.0836241701877,344.137454951924,354.0836241701877,11357850,-1.5318736564093882,0
2021-12-27,352.7807312011719,353.8748160494983,342.34720784358217,346.7433982978062,8269165,1.4327564992221875,0
2021-12-28,353.0691223144531,356.01317987476165,351.20916319242343,355.07823754930905,6428355,0.08174797764586295,0
2021-12-29,350.940673828125,354.08366732656623,348.93155832834884,352.8901147335823,7059540,-0.6028418663109436,0
2021-12-30,349.1602783203125,352.08445466669997,346.8527899976494,349.90624105452764,12491975,-0.507320935014921,0
2021-12-31,357.2863464355469,358.26108209498125,350.11516583295656,350.50305070798885,11064460,2.3273174584251155,0
2022-01-03,362.9258117675781,363.65186275160085,356.3911707915614,357.46534379630975,9925545,1.5784161326882984,0
2022-01-04,368.52545166015625,369.400719409583,361.10561790791536,364.0297940920003,13177875,1.5429158552558997,0
2022-01-05,382.360595703125,383.5939413900754,366.0389275313432,369.4007377571172,21040835,3.7541895629306765,0
2022-01-06,376.3431701660156,380.9382956645006,372.9813599848243,379.36681422321686,11290150,-1.5737567115261752,0
2022-01-07,378.7998962402344,383.0071067876466,374.692123111682,376.343190999008,11516755,0.6527888026066853,0
2022-01-10,387.4928283691406,388.95491655433705,378.2229907644028,378.7998856147805,14310435,2.2948612750921082,0
2022-01-11,385.2748107910156,388.74604461927254,381.97270555459545,387.5027734201277,13570095,-0.5724022267612261,0
2022-01-12,389.2135314941406,393.10248760423224,387.33369079566967,388.85545359063576,10746980,1.022314616166664,0
2022-01-13,383.19610595703125,391.26246614319706,382.4402176273815,389.88988973606695,7435760,-1.546047362230507,0
2022-01-14,385.5533752441406,386.9060398885609,377.55664550947245,379.744784849559,9143810,0.6151600317602757,0
2022-01-17,385.40411376953125,388.4874323974084,381.654418780362,382.3307510242497,8382365,-0.038713569687942595,0
2022-01-18,386.3390808105469,392.8737219001084,383.92216874289073,383.92216874289073,10407280,0.24259394428123304,0
2022-01-19,379.078369140625,386.90599980718827,377.9743285245538,386.90599980718827,7608510,-1.8793624643638873,0
2022-01-20,376.482421875,382.92755106425744,373.37922164238427,382.92755106425744,7449105,-0.6848049049883898,0
2022-01-21,376.711181640625,378.15338840472816,367.9187711689535,371.6386289656949,8769480,0.06076240279313527,0
2022-01-24,364.2088317871094,375.5474590809685,360.0513401715778,374.7915708302451,12737170,-3.3188157036025068,1
2022-01-25,368.93328857421875,372.76257021993985,354.5212974865934,360.98630819773456,12845325,1.2971834768331414,0
2022-01-27,375.8160705566406,377.66604375983184,362.2693907544449,366.0190862269169,18593095,1.8655898493251,0
2022-01-28,377.61627197265625,389.273183751058,375.6966685587247,376.9598211483133,24859820,0.47901129223910655,0
2022-01-31,369.45050048828125,385.69258290535714,366.21799520593476,381.9329318218677,22583125,-2.1624522274205082,1
2022-02-01,374.4335021972656,378.9490718143984,364.8454102321877,374.37382760634637,15485430,1.3487603081870692,0
2022-02-02,386.4285888671875,387.50279223324924,377.33780520140243,380.10283926841,13552540,3.203529224690582,0
2022-02-03,379.75469970703125,386.3987337261959,377.1686895360286,385.8914997159887,11198565,-1.727069205650833,0
2022-02-04,374.8114929199219,381.53511402444843,374.025736935899,380.7394021566708,8856335,-1.3016841637306653,0
2022-02-07,363.72149658203125,375.9652295390192,362.0405914079445,368.00829346411933,10269795,-2.9588197126762084,1
2022-02-08,361.60296630859375,367.6203872205732,356.6895557343286,365.02445133245374,17846850,-0.5824594623484725,0
2022-02-09,365.0244140625,367.57063098028505,362.5677090262035,365.14376323781806,8120290,0.9461890727374023,0
2022-02-10,371.4297180175781,375.7463514940171,364.0794849438045,365.0243830903983,12540405,1.7547604237730274,0
2022-02-11,363.6816711425781,368.82385398030107,362.43839999115863,368.82385398030107,9298775,-2.086006180752964,1
2022-02-14,347.48931884765625,362.80641380182493,345.71890189138594,356.08282386233924,15134105,-4.452342138675947,1
2022-02-15,360.6679992675781,361.8416400023834,347.33018211433244,349.3094905164407,10276375,3.792542591992465,0
2022-02-16,364.039794921875,368.5752462258918,358.0621367590351,361.06586931243555,11348780,0.9348751930152055,0
2022-02-17,361.50347900390625,366.8644790949795,360.1309027151602,365.02443161156344,14051145,-0.696713917914682,0
2022-02-18,363.3435363769531,364.2287600827147,359.225837751939,359.86237685266343,6148340,0.5090012904210406,0
2022-02-21,363.4529724121094,368.2669152472846,358.47988720800646,359.653528031382,6719555,0.030119163876562993,0
2022-02-22,366.3671875,367.82927574196196,356.07289521298634,356.07289521298634,15110375,0.8018135244705737,0
2022-02-23,375.1894226074219,380.5106295806168,368.58515121674736,368.58515121674736,34579605,2.4080309068130967,0
2022-02-24,357.0376892089844,372.8620503631454,353.43718028848053,364.89515795560453,24780215,-4.838018426076607,1
2022-02-25,369.341064453125,371.2407865208523,358.27097264689263,362.22955914100135,19969430,3.4459598008822923,0
2022-02-28,366.5660705566406,368.40611801379174,360.98628394881206,365.42226711677944,13562810,-0.7513364105865783,0
2022-03-02,359.2556457519531,361.9112559460775,353.1486832577588,360.4093746750148,14154775,-1.9942993615274962,0
2022-03-03,356.5204772949219,361.9610335219991,352.611609399927,360.638175908571,14810715,-0.7613432076498894,0
2022-03-04,348.5436096191406,355.26722989713295,344.873470654691,352.0943994064212,12745970,-2.237422023078528,1
2022-03-07,340.5369873046875,344.3165199186177,334.2012816109655,336.8768038791315,13489675,-2.2971651447582397,1
2022-03-08,342.764892578125,344.03800107531663,332.7093296621765,338.16976707034434,27182480,0.654232978059488,0
2022-03-09,345.94769287109375,347.7479472161928,336.5783873581371,342.76490632382684,34597305,0.9285665953211009,0
2022-03-10,348.9812927246094,360.64816209118334,345.3310650103935,358.06215159235535,20942345,0.8768955295926695,0
2022-03-11,350.70196533203125,354.0637756970776,345.3310395251778,347.1213380096948,12531700,0.493055829436595,0
2022-03-14,355.82421875,357.5349611416303,346.5245440691022,347.2108322022929,16583245,1.4605716318467632,0
2022-03-15,344.8834533691406,356.06293901547565,340.95470397963464,354.87934232763166,24037275,-3.074766922637806,1
2022-03-16,350.2046813964844,353.0492716875396,348.66300670408407,350.1052136174094,14636205,1.5429061543431821,0
2022-03-17,362.04058837890625,363.55239529329975,354.59091675416613,356.07288637266055,16795035,3.379711240644956,0
2022-03-21,353.50677490234375,364.02980903202473,352.69118170660545,361.17526320024166,11988495,-2.357142748765817,1
2022-03-22,359.6236572265625,360.7674606462723,349.18017927101147,353.50676906611415,16987280,1.7303437327073956,0
2022-03-23,352.044677734375,363.4827725339798,349.7073218568392,361.0459488918744,16131700,-2.1074752285867415,1
2022-03-24,340.98455810546875,343.9186906149313,338.3687406977662,341.15365636349344,98550890,-3.141680681010417,1
2022-03-25,342.5958251953125,344.49551688456194,340.5568422082973,343.73962863259857,15195750,0.47253374135065584,0
2022-03-28,343.1826477050781,343.739630779815,336.58833233980664,343.739630779815,15351020,0.17128711636549276,0
2022-03-29,344.1374816894531,346.305739462704,341.8995934414726,345.72887495867747,12928950,0.2782290977589197,0
2022-03-30,350.7218322753906,351.8656357240478,345.33102527784763,347.9965914815516,16790770,1.9132907446214098,0
2022-03-31,348.8818054199219,353.83500916693197,347.51918494248355,349.130459677945,14242040,-0.5246399528455736,0
2022-04-01,353.417236328125,354.08364305674615,347.24067341305386,347.9766802614076,11868865,1.299990666679851,0
2022-04-04,365.2333068847656,366.01906282834904,345.1321054386878,355.47611636100237,19987830,3.34337698959033,0
2022-04-05,358.499755859375,365.63114279033795,356.90836258005356,365.23330205883315,10664355,-1.8436300574074194,0
2022-04-06,353.9642639160156,356.66962307282995,352.4425012873887,355.57553842240895,11745005,-1.2651311107554797,0
2022-04-07,351.38824462890625,356.4707228743578,350.70195647806383,352.2933497315144,21943915,-0.7277625313386382,0
2022-04-08,354.9787902832031,356.0728750201263,349.3293731822012,353.13874281928247,11908355,1.0218172375370038,0
2022-04-11,354.7699279785156,359.28549750241433,350.7616228202584,353.0890228779593,9589710,-0.05883796733908708,0
2022-04-12,358.4301452636719,360.57852175691505,352.0944394443238,352.30330052811996,12061210,1.0317157674587074,0
2022-04-13,354.0041198730469,361.7422394408513,352.6414689943623,359.593862933547,9618460,-1.2348362572486948,0
2022-04-18,348.19549560546875,353.2083736346805,344.1374717221171,353.2083736346805,9800705,-1.6408352167373685,0
2022-04-19,339.6617431640625,351.43800610750037,335.58380694121206,350.70199915894347,11947870,-2.450850901033952,1
2022-04-20,342.4068603515625,343.5407079551918,334.86764644486567,340.7557924784687,16007725,0.8081914559845194,0
2022-04-21,350.2742919921875,352.7807159747426,342.95389488477304,343.14287454829577,13653455,2.2976851668647047,0
2022-04-22,343.6898498535156,347.89709017221844,342.42669734637093,346.1266733445306,11280190,-1.8797960025050076,0
2022-04-25,343.90869140625,345.7089456550358,336.9762100600531,338.667071014072,10746970,0.06367413900283392,0
2022-04-26,346.6638488769531,347.71814056357,344.38616724304853,347.3401812130272,7273885,0.8011305150321224,0
2022-04-27,346.4250793457031,348.513781058404,342.9439199423021,342.9439199423021,14112960,-0.06887638616588365,0
2022-04-28,351.2291259765625,352.6912142635756,344.6149286222856,347.9170341809617,11712485,1.3867490887013334,0
2022-04-29,356.2220764160156,360.11103257138944,351.4976456138051,351.88556081767695,18443295,1.4215650326750762,0
2022-05-02,352.9596862792969,354.173120083351,348.1258628267308,351.20915086274704,9897330,-0.9158304194793243,0
2022-05-04,353.2083435058594,362.7765530873981,351.6965367671569,351.6965367671569,28732370,0.07044918618999141,0
2022-05-05,357.584716796875,362.23954773629345,354.9390317577662,358.2610794705606,17840235,1.239034516449089,0
2022-05-06,353.14874267578125,357.05758056718054,348.1159826125612,349.1404370044031,14237415,-1.2405379516299608,0
2022-05-09,351.59710693359375,354.87933086831504,346.72348973982804,347.1213304662637,10846810,-0.4393717305719025,0
2022-05-10,357.49517822265625,359.8126528123378,351.59710674368614,352.0944152397875,9949270,1.6775084813699825,0
2022-05-11,360.0414123535156,361.6427615705524,357.26645266816706,357.6642934132379,13109420,0.7122429296860355,0
2022-05-12,350.2842102050781,359.37502421772473,349.5084101538286,358.6191055794244,21411340,-2.7100221845750228,1
2022-05-13,353.994140625,357.06750351705415,349.30950304714094,355.07826951417366,13685110,1.0591200835886605,0
2022-05-16,360.6182861328125,363.03519811216415,351.32856717146177,354.2825808195476,15195905,1.8712585174763374,0
2022-05-17,366.0787048339844,366.99376576505244,361.56313547278086,362.6373387550477,15103905,1.5141824225632483,0
2022-05-18,367.3717346191406,370.79321965843263,366.1881682688531,367.4016022694544,26608920,0.3532108718923288,0
2022-05-19,354.7599792480469,363.4927151701667,353.7554367325272,360.44918962155947,15541605,-3.4329683485770923,1
2022-05-20,363.8607177734375,365.99916857092745,356.95810383193987,360.2502836195592,13248360,2.5653227696880165,0
2022-05-23,368.8636169433594,372.2851015816339,366.2676813477898,368.4061016583865,14130390,1.3749489641355028,0
2022-05-24,374.4931945800781,375.96523871705887,366.57605149120457,369.5897398890108,17109500,1.5261948802023584,0
2022-05-25,379.4563293457031,386.2097567070892,375.22920722979853,377.5267699986497,31263010,1.3252937135987741,0
2022-05-26,379.6751708984375,382.3307813784471,374.7816417410861,380.9283677196531,24749145,0.05767239490028775,0
2022-05-27,387.14471435546875,387.90063299436065,380.540473208205,382.13186649115,12201835,1.967351048886301,0
2022-05-30,378.59100341796875,388.2487253249869,377.0692103734361,386.95570510191277,19939000,-2.2094350304486254,1
2022-05-31,367.38165283203125,377.18859160572805,363.70158838042823,376.1840187872075,74151530,-2.960807437244417,1
2022-06-01,371.01202392578125,372.78244097886886,365.0940709636293,366.0190574926089,11913225,0.98817430477669,0
2022-06-02,369.530029296875,373.7770326896127,367.2125851896978,367.65021907013215,13321505,-0.3994465228444266,0
2022-06-03,369.72900390625,373.7770721982022,368.6249632060425,373.7770721982022,9076875,0.05384531529240011,0
2022-06-06,371.8475036621094,373.3792223682689,366.6456760857307,367.0136795257457,12940485,0.5729871699209577,0
2022-06-07,369.6295166015625,370.9921370204175,364.4276588201734,370.79320148123065,8558195,-0.596477598666989,0
2022-06-08,367.1131286621094,373.995861077246,365.77038968573675,369.9975117963129,7328080,-0.6807865244608302,0
2022-06-09,371.0318908691406,372.5536534873764,363.57226423988743,365.7703590543838,6404340,1.0674535725030188,0
2022-06-10,356.4309387207031,368.8437699879489,354.88929448966127,366.0190613093707,14299750,-3.935228347685915,1
2022-06-13,345.5995788574219,348.63314864205705,341.87972089733887,346.72350095209146,11747225,-3.038838295619628,1
2022-06-14,346.0670166015625,347.8473894028668,342.4665081761817,345.2514234352332,7755235,0.13525414171104977,0
2022-06-15,345.4602966308594,348.1159372792708,343.9186524785144,345.72886263715884,8850845,-0.17531863529244296,0
2022-06-16,333.3558349609375,348.8221170581993,332.2020756068528,346.52455423301484,14866460,-3.5038647821390767,1
2022-06-17,332.91815185546875,334.92726695688924,327.9450676262423,330.41172833112563,15819320,-0.13129606851490783,0
2022-06-20,334.0321350097656,336.1506738566731,328.62141666241,332.9181689417746,8837885,0.33461172005440076,0
2022-06-21,334.48968505859375,339.96007856022777,332.70934248243935,336.18054610041963,12518015,0.13697785358728343,0
2022-06-22,332.1423645019531,333.3657541958371,328.82034775348194,331.20742220320574,8859625,-0.7017617168760926,0
2022-06-23,335.00689697265625,337.1751546944536,327.98490355389134,333.1966867924542,12454005,0.8624411628424644,0
2022-06-24,337.85150146484375,341.13375583695773,336.210389455438,338.1697861954674,8088605,0.8491181876830733,0
2022-06-27,336.4889221191406,342.12841465695413,335.1859760943381,341.5913129025656,10640560,-0.4033071748372641,0
2022-06-28,331.96337890625,336.6480164670688,331.1477856832432,335.1660468533701,13997215,-1.344930818045853,0
2022-06-29,326.7217102050781,330.0039643320933,325.5779067901957,328.2235915034987,14664150,-1.578990043553019,0
2022-06-30,330.431640625,333.57463379403,324.4440575805625,324.6429627563441,19910320,1.1355016529490003,0
2022-07-01,331.75445556640625,334.0918113570875,325.43866252047684,327.2289608030035,11502570,0.4003293809588637,0
2022-07-04,332.3811340332031,335.0765682191758,330.2228319315864,331.5158220157519,9343905,0.18889828193171532,0
2022-07-05,330.81951904296875,337.1353425527908,329.60611554028156,333.1966680502844,13210485,-0.46982660275729504,0
2022-07-06,339.06494140625,340.63645332053716,332.4010254789086,334.5891647455105,27864745,2.492423175976599,0
2022-07-07,345.8283386230469,346.9223930264277,341.36248770985685,341.75040290448584,15850325,1.994720300113051,0
2022-07-08,347.0716247558594,349.39902496363646,344.5751262975309,349.11057752601494,8890745,0.35950961617627897,0
2022-07-11,346.3753662109375,347.51916967693927,343.7794304407935,346.72348822753844,7665895,-0.20060946941763413,0
2022-07-12,341.9394226074219,345.9278165533318,340.546964732791,342.44665669010215,9144160,-1.2806752547218414,0
2022-07-13,346.5345153808594,347.31031543292517,342.824583014032,342.94393219845716,18067340,1.3438324070381036,0
2022-07-14,352.1043701171875,353.48687194868415,345.5398919167363,346.1267122980638,32854910,1.607301578662823,0
2022-07-15,355.6153869628906,356.0729023049161,352.0944341227383,352.55194946476377,11668660,0.9971523058730059,0
2022-07-18,367.1429748535156,368.0082867794146,356.91831339712775,358.0621168664575,15585190,3.2415886132137306,0
2022-07-19,365.01446533203125,368.4061127791733,363.64188908238015,365.0244212146028,14475875,-0.5797494892374355,0
2022-07-20,363.58221435546875,368.008271929454,361.6626109245207,367.2623092160835,12857345,-0.3923819773168913,0
2022-07-21,358.1715087890625,363.03520042738677,355.6352476123288,363.03520042738677,10933370,-1.4881656342838334,0
2022-07-22,363.4529724121094,366.4169117676406,356.01322601958225,358.2610702448938,16747900,1.4745627425539531,0
2022-07-25,357.1769104003906,367.7696061511913,355.09816443072594,361.2449208018858,9432575,-1.7267879170355216,0
2022-07-26,350.4234619140625,357.0575401772753,348.51378395572556,356.2718146169239,9012235,-1.890785291456154,0
2022-07-27,348.9315185546875,350.3339320679305,344.60492883992504,350.3339320679305,17398225,-0.425754414737467,0
2022-07-28,363.7314453125,364.3978216978195,351.09979740067354,353.0492382017641,10772005,4.241498967796153,0
2022-07-29,360.1210021972656,369.3808844947039,358.7882189940722,365.55160278559475,11939990,-0.9926123137724452,0
2022-08-01,369.1520690917969,370.3953402596618,360.44917091674233,361.0459471479775,8277685,2.507786782617094,0
2022-08-02,374.89105224609375,376.5620015179613,364.86529590828485,368.34645540132647,16788030,1.5546393030970052,0
2022-08-03,368.2270812988281,373.9361727680048,366.0190304985365,372.9813490134543,12678395,-1.7775753535166028,0
2022-08-04,365.1338195800781,369.79857557583404,360.8967719479315,369.3211788585786,11805930,-0.8400418860664227,0
2022-08-05,364.80560302734375,368.0082708145101,362.5677148940123,366.96393516027564,8322855,-0.0898893871599804,0
2022-08-08,366.9142150878906,367.90883211461477,361.40402826091383,364.02983178105103,7779625,0.5780097791943328,0
2022-08-10,363.70159912109375,367.8590907519916,362.249436497122,367.61043651062255,8286635,-0.8755768609366443,0
2022-08-11,368.9264831542969,369.5534435518959,364.84609258814714,368.0307647002936,13891690,1.4365853891842528,0
2022-08-12,366.478271484375,370.22029276455584,365.5427661643298,370.22029276455584,6982610,-0.6636042088900229,0
2022-08-16,367.5033264160156,370.5785395840862,365.9507922024572,368.3194106587152,6568120,0.2797041493043384,0
2022-08-17,366.1797180175781,369.0260207370992,364.47790743792336,369.0260207370992,16916670,-0.3601622905962998,0
2022-08-18,379.07769775390625,380.57052147599165,364.64706844041393,366.04036450671174,18306580,3.522308610142355,0
2022-08-19,373.60400390625,386.6313750369555,372.40976317347713,381.96381052196347,22819530,-1.4439503774790086,0
2022-08-22,364.656982421875,365.84129151557005,360.52684340755724,363.64187335795316,20813785,-2.3947873659887486,1
2022-08-23,369.37432861328125,372.0116443412621,362.25854190026956,363.0547023712005,11071500,1.2936393429452409,0
2022-08-24,371.73297119140625,372.9969146153428,366.51805044785567,368.4288780265987,7078125,0.6385507587871375,0
2022-08-25,371.9618835449219,379.2667634460714,369.45395080903455,373.2257966034015,11022045,0.06157978206289272,0
2022-08-26,378.5900573730469,383.5561746437193,371.9917715635153,372.67847291564783,16715440,1.7819497430640707,0
2022-08-29,368.2298278808594,373.79308028452454,367.23461212983005,369.8221791568212,18198365,-2.7365297345827932,1
2022-08-30,381.2572021484375,382.1628521353264,369.623127475321,371.1856235089064,19429250,3.5378378613568184,0
2022-09-01,378.749267578125,383.25759373827566,373.2059085276169,373.2059085276169,21039210,-0.6578064771445513,0
2022-09-02,381.9339599609375,383.9542468376821,379.05780206709017,381.5558034657655,16656880,0.8408444993641018,0
2022-09-05,385.7257080078125,389.52743947171143,380.37147277124416,380.37147277124416,19033850,0.992775831524062,0
2022-09-06,381.3069763183594,388.1241798958168,380.1724157871311,387.12896414768295,13839270,-1.1455631807055,0
2022-09-07,379.8240661621094,381.1875068128474,375.33566400386246,378.1819663299911,9881290,-0.38890192111562527,0
2022-09-08,384.1632385253906,385.74562791155824,380.570493901335,382.18273854491804,12060915,1.1424163842817858,0
2022-09-09,383.4267883300781,388.2735148892991,381.4662119483197,388.1341700960361,14089865,-0.19170241227124407,0
2022-09-12,382.958984375,386.9398471247259,381.71496476571065,383.1580396611153,7418405,-0.12200606981987994,0
2022-09-13,382.8395690917969,386.1436925127848,382.1926849595823,384.7503966038059,7922905,-0.031182264439633123,0
2022-09-14,389.0696716308594,393.6675638188038,376.5896568553129,376.5896568553129,18712145,1.6273402861261221,0
2022-09-15,384.97930908203125,395.5385643632608,382.75999731736425,391.61741173723306,18737490,-1.0513187860885176,0
2022-09-16,384.21295166015625,394.1053976573415,380.1922719274909,383.4068294128556,25844110,-0.19906457406824174,0
2022-09-19,384.05377197265625,386.1437312314717,379.6847903944681,382.7798969607763,8379560,-0.04143006809431693,0
2022-09-20,386.0939636230469,390.46294498660785,384.7504162818407,386.93987271605215,8063650,0.5312255208200112,0
2022-09-21,381.86431884765625,388.1341663086266,377.86353184943545,383.5561675034917,11191380,-1.095496219547254,0
2022-09-22,376.7389221191406,383.07847216246375,374.4399760924975,379.28667209127826,9286135,-1.342203624570748,0
2022-09-23,370.7576904296875,375.93279419636343,366.6175891934018,372.230590327387,13068795,-1.587633063185756,0
2022-09-26,364.0498962402344,369.822165607671,361.59171221038923,365.44322253788783,11425880,-1.80921242164368,0
2022-09-27,358.13836669921875,365.2143672945389,356.6953219175179,364.68690410080666,13700720,-1.6238239873345939,0
2022-09-28,356.80474853515625,359.87003012865694,353.3214933244533,356.2872472661903,8855585,-0.3723751175708445,0
2022-09-29,351.370849609375,360.26808032106294,350.2661747701708,358.675729140357,13998135,-1.5229334665779692,0
2022-09-30,362.0992736816406,363.5423485834662,349.8581328203955,351.90827471590063,14023265,3.0533051003498457,0
2022-10-03,355.0730895996094,360.8652528071132,352.9632369767848,359.87003701358645,12200320,-1.9404026996775237,0
2022-10-04,362.7064208984375,363.811095889877,358.67577856947764,359.8700497124828,8344610,2.14979155627808,0
2022-10-06,362.03961181640625,366.23942381523756,360.6363538577424,363.2537763384829,8740755,-0.1838426461763576,0
2022-10-07,363.3333435058594,364.24895533631735,358.7155583352511,360.3676200832779,5319220,0.3573453421194195,0
2022-10-10,359.9197692871094,362.60686395606496,357.19288785575657,358.4966180562628,5188610,-0.9395158137185833,0
2022-10-11,355.86920166015625,360.2382129775727,354.9536202627837,360.2382129775727,7483590,-1.1254084861679226,0
2022-10-12,360.3079528808594,360.86527132410583,354.3366578132953,355.88919210113573,5175590,1.2472985018079807,0
2022-10-13,358.57623291015625,361.44245921220977,356.8843843093436,359.2728961038631,5864895,-0.4806221891182516,0
2022-10-14,365.0451354980469,369.82218945900746,362.7561513555446,363.8508947864882,8351190,1.804052247241783,0
2022-10-17,369.85205078125,370.6581731455305,362.3082980465383,363.86083225712116,5521415,1.3168002572188309,0
2022-10-18,370.1605529785156,373.3850423287575,369.24494111390726,371.70312526111286,8049290,0.08341232571618118,0
2022-10-19,372.0813293457031,373.69357409550645,369.22506483567184,372.0116569499521,4566430,0.518903581630159,0
2022-10-20,370.9268493652344,374.7882912897845,369.294711347432,370.2202546949917,7955535,-0.3102762459215258,0
2022-10-21,378.70941162109375,383.15802680956375,371.47420474991003,372.2106546150048,19709855,2.0981393687670824,0
2022-10-24,377.34600830078125,381.1676331451674,376.1915543834811,378.67959376432424,3245405,-0.36001305446208276,0
2022-10-25,367.5531005859375,380.49090577617324,366.63748870128916,380.3714847415616,17558250,-2.5952063886781174,1
2022-10-27,371.2154846191406,375.7934832651663,368.1203781327098,374.93758190419254,22967460,0.9964231093043896,0
2022-10-28,375.0470886230469,377.1569413063923,372.41970427441373,373.00687796484846,15243435,1.0321778488947997,0
2022-10-31,378.57012939453125,380.57049237650034,375.99249390450314,377.9829253817564,9371740,0.9393595839975566,0
2022-11-01,380.0131530761719,386.4422378897937,378.85869923831876,379.77431103095137,12727085,0.3811773749684111,0
2022-11-02,380.1624755859375,382.16286907264396,377.68439795069895,381.9140651214248,9320405,0.0392940372081485,0
2022-11-03,378.21185302734375,380.7695648803786,376.90812278055137,379.13739641691535,7959355,-0.5131023401474089,0
2022-11-04,378.17205810546875,379.7743714044055,377.04745934448863,379.3762911418969,10407065,-0.010521860051837528,0
2022-11-07,374.7186279296875,380.17242124147344,372.5391029802787,379.77434101082355,13123005,-0.9131902005351522,0
2022-11-09,376.8682861328125,378.8985347302853,374.34046004087634,377.7838979698136,11613170,0.5736726287139282,0
2022-11-10,380.600341796875,381.16762204837005,376.5299131329055,377.1867591549145,12550620,0.990281167555529,0
2022-11-11,378.0028381347656,384.9295309700051,376.37066979255724,384.75039943144264,17120150,-0.68247538870988,0
2022-11-14,382.7201843261719,383.8945316770289,378.38105803117764,378.7492830164823,10711335,1.2479658128186966,0
2022-11-15,380.6501159667969,384.8101103483944,377.24646487267046,383.1580486240241,9951460,-0.5408829855732877,0
2022-11-16,391.2989501953125,391.84633712118455,380.9586735823473,380.9686050879102,32188255,2.797538679705669,0
2022-11-17,388.24359130859375,391.1197793278075,386.79058485635295,390.88093727307574,12043355,-0.7808247083703423,0
2022-11-18,390.0350341796875,397.598680457281,387.7161643198102,390.3136933933663,21360200,0.4614223933627759,0
2022-11-21,386.9598388671875,389.03983637479723,384.71064129949315,389.03983637479723,5963050,-0.7884407919836467,0
2022-11-22,386.0939636230469,388.9004489648231,384.1731741368724,388.9004489648231,5833775,-0.22376359435011262,0
2022-11-23,388.8009338378906,390.42310992910006,387.26829314420013,388.23365359540105,12502815,0.7011169481754953,0
2022-11-24,387.10906982421875,389.38812238593863,384.7603448711213,389.02982892426394,7002105,-0.43514916411627746,0
2022-11-25,383.8348083496094,387.9350924354795,382.16285315622883,387.9350924354795,10487705,-0.8458240144298856,0
2022-11-28,383.78509521484375,386.73092564307376,381.36672797516417,381.36672797516417,7822520,-0.012951700493080143,0
2022-11-29,383.26751708984375,385.9446498464567,382.80972635582947,384.4717499966087,6817525,-0.13486144497358854,0
2022-11-30,387.5469665527344,389.12935594125696,381.3666852859434,385.9446534115224,14753670,1.1165698297065596,0
2022-12-01,385.0091552734375,390.47291046182244,383.7253488074429,389.1293631082335,12355025,-0.6548396706264836,0
2022-12-02,384.31256103515625,385.12864533143113,381.5856792913251,381.5856792913251,7954840,-0.18092926589927671,0
2022-12-05,385.8351745605469,386.92991789747816,382.16282622258836,386.541769198741,6227545,0.39619145449980575,0
2022-12-06,385.1982421875,386.7607381972765,382.2723054656975,382.2723054656975,6833490,-0.1650788769510969,0
2022-12-07,380.4610290527344,384.65087876237965,379.276719907026,384.65087876237965,11811400,-1.2298117218457416,0
2022-12-08,377.5848693847656,379.1374036069008,373.6239299287231,377.96305624915834,63099190,-0.7559669580692097,0
2022-12-09,375.80340576171875,381.5159648343254,374.05184668980974,380.96857794744955,13242275,-0.4718048225686555,0
2022-12-12,371.36474609375,374.1414065033217,370.8173895871674,371.2154698075524,16407235,-1.1811121453175755,0
2022-12-13,371.9121398925781,372.5590240591879,369.86199786645034,370.9666727764429,34697825,0.14740058246938137,0
2022-12-14,372.84765625,373.3950127830893,370.96668383809845,372.42965225683,18735705,0.2515423018167873,0
2022-12-15,370.85723876953125,374.5594124734638,369.20517685916985,373.3153926950209,10208995,-0.5338420255843412,0
2022-12-16,366.3488464355469,369.6131831745716,365.2839886907856,369.16532394910024,12439140,-1.2156678804336685,0
2022-12-19,369.85205078125,371.01643625339926,366.33894023951655,366.34887174479576,8568235,0.9562482261888272,0
2022-12-20,367.6526184082031,370.60841042211,365.1944342729232,367.2346144266637,7052930,-0.5946789718756285,0
2022-12-21,361.1837158203125,370.4093549520552,360.06904866057704,370.3197891785324,11914345,-1.7595148963982732,0
2022-12-22,363.46270751953125,365.244152078669,362.0594497756758,363.45277601546786,8570465,0.6309785295947723,0
2022-12-23,362.64666748046875,366.07018158418595,360.6562360586289,361.4523964787356,10510630,-0.22451823039332242,0
2022-12-26,360.9747009277344,363.4727022120039,357.1232207840131,362.64668649212894,23733690,-0.4610456134480856,0
2022-12-27,362.4376525878906,363.8409103936818,359.67095410903545,362.78598416321296,7741430,0.40527816946627215,0
2022-12-28,362.2784118652344,364.527609089016,361.31305141155207,363.1343131691583,9521340,-0.0439360318993387,0
2022-12-29,362.0097351074219,362.25853904907643,358.4767312845567,361.14390224991587,10772450,-0.07416306051171162,0
2022-12-30,363.70159912109375,365.8413068571246,362.71631489993894,363.2736332766287,13463440,0.4673531813087495,0
2023-01-02,363.26373291015625,364.84612240513616,361.55196050028775,363.8110894576031,5625005,-0.12039161004395726,0
2023-01-03,364.8162536621094,365.5427417395159,362.4575971365494,362.70640108011605,8317240,0.42738115900413653,0
2023-01-04,362.4078063964844,365.224283954593,361.05432756563965,365.224283954593,8320520,-0.6601809106497991,0
2023-01-05,362.3182678222656,364.8063073641817,359.5018204243102,362.2585573029857,8663090,-0.02470657989105396,0
2023-01-06,355.6502990722656,363.4528175695142,352.43577151798894,363.4528175695142,18998275,-1.8403622842641076,0
2023-01-09,360.6463317871094,361.46241608959093,356.08822609496843,358.47676847994643,17134340,1.4047598801058658,0
2023-01-10,357.3919372558594,361.46239667200024,356.06831358351576,359.979504452864,7370655,-0.9023783813697839,0
2023-01-11,358.6459045410156,359.1036952941941,355.1129006828425,358.27767956313886,8018505,0.35086613726782456,0
2023-01-12,354.197265625,359.6709520378863,352.7840763228449,359.6709520378863,17648025,-1.2403986382359067,0
2023-01-13,354.35650634765625,355.7498022794314,350.1168776673652,354.19726818808573,19915985,0.04495820214063251,0
2023-01-16,355.2522277832031,358.0786370449782,354.2968291076284,355.6901251702533,10590805,0.25277409035862064,0
2023-01-17,357.8099060058594,358.6658073168642,353.620056335619,354.29679573492376,10661970,0.7199612057653626,0
2023-01-18,358.0985412597656,363.65183182478114,357.4815123493833,358.8648464595026,14176160,0.08066720598325361,0
2023-01-19,351.7689514160156,358.9743341176344,351.31116067385256,358.9743341176344,22128220,-1.7675553275036893,0
2023-01-20,350.8931579589844,354.07786052746764,349.7188106558413,354.07786052746764,21351470,-0.24896837924603954,0
2023-01-23,355.043212890625,358.2079916336608,352.30636962377366,356.2872325573756,38823135,1.1827118419122096,0
2023-01-24,350.36566162109375,356.82463191945345,348.0766777473666,356.82463191945345,20795940,-1.3174597062279858,0
2023-01-25,348.2856750488281,350.3955274562987,344.94176490224976,349.7187880749539,21401665,-0.5936616512707937,0
2023-01-27,340.9808349609375,348.7435364790762,339.16953490288086,348.7435364790762,37584895,-2.097370236908691,1
2023-01-30,343.5982360839844,344.46406892299177,335.15879562960305,340.98081381424754,24697780,0.7676094532840017,0
2023-01-31,344.5437316894531,346.05644881375036,340.97088014111506,344.44420403237035,21926920,0.2751747553318751,0
2023-02-01,347.2705993652344,355.09298087764756,342.50350723844696,347.33030988276613,18260490,0.7914431246246023,0
2023-02-02,350.664306640625,351.9083264382918,342.35424831789555,342.35424831789555,20922350,0.9772515385966685,0
2023-02-03,354.35650634765625,355.03324574715083,347.370102936601,352.42578542377737,13376060,1.0529157479421292,0
2023-02-06,347.7283935546875,353.94849228874955,346.3350975125728,353.30160809472227,15201045,-1.87046453902725,0
2023-02-07,353.38116455078125,354.29677632500034,347.7383087449211,348.76337966380754,18215935,1.6256282491940777,0
2023-02-08,351.41070556640625,354.2968253162968,350.5349108016778,354.0579832428531,7233450,-0.5576015877586049,0
2023-02-09,352.4855041503906,353.34140548157865,347.9174675400029,351.8983305073028,10819125,0.30585254431905184,0
2023-02-10,352.71441650390625,354.0281085789939,351.3111586561864,351.88837042589654,7229710,0.0649423453788156,0
2023-02-13,353.062744140625,355.18255851726667,350.644346820308,353.32147957925486,11945710,0.09875627998745529,0
2023-02-14,352.37603759765625,353.69966114299626,351.0623455568555,352.30636520801374,8074465,-0.19449985997255226,0
2023-02-15,355.3915710449219,356.2872591976398,350.3657129925123,351.99788149568485,12046460,0.8557714275420736,0
2023-02-16,355.87921142578125,359.0539522320684,355.0034166693468,357.0834140300908,11458010,0.13721214023889594,0
2023-02-17,350.16668701171875,356.56591734774304,348.5345185134039,354.91385546709853,12939545,-1.605186319025509,0
2023-02-20,345.79766845703125,351.91823946586413,344.3645552956413,351.91823946586413,16124195,-1.247696801763809,0
2023-02-21,344.38446044921875,347.33029051227356,343.359389459991,347.33029051227356,14684670,-0.40868060623957536,0
2023-02-22,338.4828186035156,343.56838694608433,337.9752792170146,343.140451457137,17695745,-1.7136783227689634,0
2023-02-23,339.7965087890625,341.11020087812113,335.9350667905672,339.8462877998815,13850550,0.38811133485794347,0
2023-02-24,337.8359680175781,343.2001960922282,337.17912190405497,340.9609604026811,10401815,-0.5769749602405172,0
2023-02-27,343.5385437011719,344.3048489317749,336.5421778569131,338.0350015537385,11718990,1.6879717447068954,0
2023-02-28,344.1953430175781,346.6137097887512,342.68259577247494,343.5384970356104,21975490,0.1911864995787882,0
2023-03-01,347.3104248046875,348.44495503649176,343.54851025236593,344.1953944554766,28066930,0.9050331012033119,0
2023-03-02,342.6925964355469,347.59900291878876,341.9561464807003,345.4592950761255,20599675,-1.3295968215573994,0
2023-03-03,348.52459716796875,351.3111893541585,342.33435346646866,344.7427587763376,18131345,1.7018169616391798,0
2023-03-06,348.52459716796875,351.2315854509432,346.6237312806984,349.5795235221389,25934230,0.0,0
2023-03-08,346.3749084472656,347.1909623041669,343.71766895215427,345.5389308369635,26013040,-0.6167968453793526,0
2023-03-09,341.6973876953125,347.2407469672578,341.1002521435,346.19575215869196,34641580,-1.3504213607508642,0
2023-03-10,338.2340393066406,341.0604790067155,336.7810326907148,339.766680197497,24380720,-1.0135718075082623,0
2023-03-13,333.1783447265625,343.0110817023337,331.6457038886011,338.1743171150544,44894690,-1.494732638513263,0
2023-03-14,328.0728454589844,333.9048251835994,327.1274087783737,332.99917526297463,70694930,-1.5323622763562805,0
2023-03-15,331.595947265625,335.98485248807145,330.73011439883305,332.0039893789037,23461815,1.0738779071189697,0
2023-03-16,331.1181945800781,334.1635520777288,328.06290557847086,332.4020312887965,18160315,-0.14407675651240126,0
2023-03-17,336.99993896484375,339.60739926639746,332.63095778981227,334.31287476995766,44641505,1.7763277527605537,0
2023-03-20,338.3036804199219,338.96052645526186,334.6014766390075,335.7857858035725,22319685,0.38686697068337494,0
2023-03-21,339.73681640625,340.7519559708743,336.78102423389464,339.8761611980911,9025900,0.42362411917873377,0
2023-03-22,339.3984375,341.00075070497456,336.80093888290185,340.363798025051,16630495,-0.09960030526846575,0
2023-03-23,334.3327941894531,338.37336785826994,333.39728891917775,338.20416781084754,28210755,-1.4925358371889574,0
2023-03-24,336.81085205078125,340.154792695172,333.3972693877205,333.6062561868781,27403045,0.7411949723136857,0
2023-03-27,339.40838623046875,340.9310651056874,336.9999507637097,338.5027362577921,14186020,0.7712145151712146,0
2023-03-28,338.1544189453125,340.3239820721364,335.4772860481344,340.15481239640206,11858260,-0.3694567771536317,0
2023-03-29,342.5632019042969,343.74751106649984,337.37813639471966,338.3932455173619,14105000,1.303778011458534,0
2023-03-31,344.91192626953125,346.4644603940638,342.55326982539816,343.4489579170017,17828775,0.6856324182451301,0
2023-04-03,347.46966552734375,348.7634339430532,344.98162598053597,345.1408337845443,12184330,0.741563008700874,0
2023-04-05,348.7037048339844,350.2562389986995,346.1459930270413,347.3303022179114,12631750,0.3551502272199025,0
2023-04-06,349.7387390136719,350.6045718735177,346.2057048096839,348.32551925776164,7786775,0.2968233962929334,0
2023-04-10,350.17657470703125,351.90827064349673,348.2558157331472,349.7486392536612,6265855,0.1251893612340904,0
2023-04-11,367.5331726074219,370.021212038481,363.452812237745,367.6725173939172,46468815,4.9565274076119215,0
2023-04-12,367.0455322265625,368.4189348730206,364.54753088056776,366.6374901090224,17043565,-0.13267928372284743,0
2023-04-13,372.1111755371094,373.06657418564106,364.4480322237937,365.8413282469806,14620580,1.3801130556794439,0
2023-04-17,377.2166442871094,380.9288101630247,363.4727164886682,375.98258641130496,51771495,1.3720277932074199,0
2023-04-18,375.8531799316406,379.0975929622421,375.37546544277734,378.3710745384327,14863605,-0.3614539220679225,0
2023-04-19,375.17645263671875,375.86315394907786,373.4348250358376,375.85319207245453,9383280,-0.1800509696485597,0
2023-04-20,374.997314453125,378.85875675210707,372.6187644008615,375.05702497349466,11613885,-0.047747715064416774,0
2023-04-21,376.9180908203125,378.9085224200619,373.63386045778043,374.59922099852196,8356705,0.5122106994255748,0
2023-04-24,377.6346130371094,378.58004973798694,373.71346071279766,376.2313552424277,10087030,0.19010024571584072,0
2023-04-25,376.0522155761719,379.5752878994767,373.60399329055497,378.58007213132305,23692095,-0.4190287135522719,0
2023-04-26,373.9224548339844,377.067340181534,370.88705900981944,373.7035061587887,15797590,-0.5663470799990855,0
2023-04-27,379.8937683105469,380.7695630553709,373.57414204064975,373.58410391734213,25306465,1.5969389907898535,0
2023-04-28,385.75555419921875,386.8005489377752,377.40571002483085,379.3762481023233,21838060,1.5430065922745317,0
2023-05-02,382.39178466796875,385.63616758184156,376.1915791883197,381.76479384320265,23028855,-0.8719951001697868,0
2023-05-03,384.3424072265625,384.9196190495886,380.7098754891571,381.9638267934075,17245035,0.5101110004984699,0
2023-05-04,387.65643310546875,388.3530962882624,382.5111846183698,384.14332267662024,17257895,0.8622587090559408,0
2023-05-05,383.89453125,392.91118392780305,381.26717734301224,388.5620957607759,17421090,-0.97042162446076,0
2023-05-08,389.8956604003906,391.8164498652944,382.36190031409217,385.3276237881355,19354705,1.5632234017114888,0
2023-05-09,388.9900207519531,392.11501284383615,387.7659247943349,391.0899418170008,18115375,-0.23227743738093443,0
2023-05-10,389.8658142089844,390.9207404905556,384.48169327371824,390.1245800268858,19562195,0.2251454819684806,0
2023-05-11,389.7165222167969,394.10542720985916,388.50235781709546,392.1149957593043,22059120,-0.03829317338079896,0
2023-05-12,390.2439880371094,391.7169182544802,386.87022249828823,388.93029598147376,16085405,0.13534602467253354,0
2023-05-15,392.7121276855469,393.5082881098749,388.61184379426805,389.5373871211534,14858460,0.6324606461849624,0
2023-05-16,387.5469665527344,393.7073544384101,385.74562848564784,393.7073544384101,22847485,-1.3152537873616033,0
2023-05-17,380.00323486328125,388.31329285256794,377.2962466773137,388.09434416210087,27410085,-1.9465335405809747,0
2023-05-18,383.6357727050781,384.87979237461775,380.4112530689611,382.9590029224524,20726140,0.9559228734207448,0
2023-05-19,386.47210693359375,387.50713978576346,382.8594993844572,384.1532676709892,19734635,0.7393299661593522,0
2023-05-22,386.18353271484375,388.63175498484304,382.88937097299527,387.1389313421356,17004400,-0.0746688347160851,0
2023-05-23,382.46142578125,386.18355358421536,381.16765736961815,386.18355358421536,21677620,-0.9638181378236355,0
2023-05-24,380.2420959472656,386.14371816509544,377.66449075152576,382.55100381928645,17787685,-0.5802754694675394,0
2023-05-25,384.143310546875,384.8598670885375,379.68476350681834,381.7647607414115,29833785,1.0259817735042143,0
2023-05-26,387.14892578125,388.1242178720416,382.8595479168225,388.1242178720416,16477060,0.7824202978039985,0
2023-05-29,388.7710876464844,392.7718439504146,387.78580342035156,390.74159535560244,18877545,0.4190020318307619,0
2023-05-30,393.050537109375,393.92633188759487,388.60192119349904,389.6966646662739,37148525,1.100763302332286,0
2023-05-31,400.94256591796875,410.90468533350423,388.9104110977948,395.0906924255304,442990630,2.007891622953717,0
2023-06-01,384.1632385253906,393.9362340354652,383.1580609064466,391.7169223672431,29837160,-4.184970322161085,1
2023-06-02,385.8949279785156,388.40286087068216,383.7552200743555,387.1289858564994,17790360,0.4507691729620067,0
2023-06-05,383.1381530761719,388.4326775448118,382.61068996734144,387.13890927683457,12029545,-0.714384849986216,0
2023-06-06,389.93548583984375,391.39845422694907,384.18313994208046,385.12860706596905,20564205,1.7741205643700297,0
2023-06-07,386.0242919921875,392.51308778242145,385.3475525678193,392.51308778242145,15502070,-1.0030361405124033,0
2023-06-08,375.4949035644531,385.5266956862059,374.11156941640235,385.5266956862059,27458070,-2.7276491780852674,1
2023-06-09,372.6087951660156,377.72421903490465,370.35962807615783,370.61836353545834,70984620,-0.7686145327248428,0
2023-06-12,374.0916442871094,374.99726384769593,371.1059971852278,373.17603247904026,14075865,0.3979640685703778,0
2023-06-13,369.41412353515625,374.79824419577557,368.6278946165752,373.2755653672879,47809135,-1.2503676100188987,0
2023-06-14,371.1457824707031,371.80262847509533,367.51325125216493,369.41411687739713,27892715,0.46875818362750454,0
2023-06-15,364.94561767578125,372.0116250099453,363.99018871442206,371.8026382122114,24190940,-1.6705470162283964,0
2023-06-16,369.7027587890625,370.5486678816947,364.8461010558789,365.6323300046427,15988285,1.3035205474114075,0
2023-06-19,363.1641845703125,371.90217767878363,361.8604543618189,370.98656582127404,38049565,-1.7686030367116246,0
2023-06-20,367.0355529785156,367.6326884971805,361.32302434647085,362.25852957234514,23114525,1.0660105188466273,0
2023-06-21,367.3440856933594,368.18009368400243,365.46314364335166,367.64266865332496,11995540,0.08406071628210832,0
2023-06-22,365.463134765625,367.6924083623185,364.32857421415247,367.3440767699414,17141050,-0.512040618316778,0
2023-06-23,363.96038818359375,367.3441160753659,363.03484471146027,364.8461448883683,12920315,-0.411189649263799,0
2023-06-26,362.8457336425781,364.6371403487982,362.2386665682698,364.6371403487982,11068395,-0.30625710302665254,0
2023-06-27,367.1748962402344,367.6326869749664,362.3879109775752,363.7911688105763,10693325,1.1931138211812797,0
2023-06-28,366.3488464355469,367.85163190118647,364.12953480367105,367.4336583042153,26699910,-0.2249744775980056,0
2023-06-30,367.54315185546875,368.3393123624071,364.8361636116714,367.8118491929557,19673600,0.32600223299241726,0
2023-07-03,367.025634765625,370.0212136005955,365.84132556171505,369.4241084318806,16042700,-0.1408044435683764,0
2023-07-04,370.5586242675781,371.88227820728974,365.4531626718384,368.2298230850883,32877935,0.9626002020837632,0
2023-07-05,371.1856384277344,371.7728121055991,368.85683709852367,370.7775963048299,15595925,0.16920781735834112,0
2023-07-06,373.6636962890625,374.7684015627061,370.0311648827008,370.22025830457153,18271205,0.6676060722135224,0
2023-07-07,368.9264831542969,373.08647761533143,368.32934764215264,372.60876313130126,10382720,-1.2677745207286484,0
2023-07-10,371.5936584472656,373.0765201833028,367.2346086397324,368.82695990056095,17187710,0.7229557689013122,0
2023-07-11,371.5339660644531,376.94794239254384,370.87711999837126,373.00686599605274,20483785,-0.016063886305794917,0
2023-07-12,373.82293701171875,376.37068691464333,371.79268836759695,373.1860147217749,21775415,0.6160865913585223,0
2023-07-13,372.1509704589844,378.5004516409121,371.5040863123572,375.99248857729947,26326850,-0.44726162768390365,0
2023-07-14,372.0116271972656,375.6640822846731,370.2202510344382,372.2305758724178,35659580,-0.03744267052344652,0
2023-07-17,377.5948181152344,378.07253261755756,371.54388923877383,372.4495392320839,16649280,1.5008108644432694,0
2023-07-18,376.36077880859375,379.7743617710924,374.0717642069723,377.2564669694124,28978225,-0.3268157420168838,0
2023-07-19,379.4956970214844,381.1676522801669,376.5000877376628,377.14697193484136,16888935,0.8329556078650047,0
2023-07-20,389.5075378417969,390.60228122072755,376.7687582560491,378.3810332531509,46527925,2.6381961373716623,0
2023-07-21,392.1548156738281,395.6480022416582,388.2535566395774,388.5123224488885,19248750,0.6796473944251202,0
2023-07-24,377.6346130371094,388.1341266214448,375.83327503302803,388.1341266214448,35165465,-3.7026710004234187,1
2023-07-25,373.30548095703125,378.58011294830504,369.5137109012786,378.3810879961612,39724580,-1.146381165979804,0
2023-07-26,377.2464904785156,377.7639917494451,373.3352997591215,374.20113262675795,12310365,1.055706310922866,0
2023-07-27,372.9571228027344,378.69950706195374,370.72784911916204,375.992518858369,31450005,-1.1370199018526095,0
2023-07-28,373.5741271972656,375.35557187463274,370.4392036928217,372.1310825982418,11510165,0.16543574497103197,0
2023-07-31,369.5335693359375,373.20591799877144,368.0606390458019,371.4145417410075,20126035,-1.0815946734968884,0
2023-08-01,368.2298278808594,371.36475142228693,367.11519109915844,368.2298278808594,22339710,-0.3528073125862341,0
2023-08-02,362.9949645996094,367.8118049417005,361.87036599946595,366.34883664823855,20902255,-1.4216293425701854,0
2023-08-03,362.9053649902344,365.0152172174604,359.44203411594646,362.27837429842157,35076460,-0.02468343038142251,0
2023-08-04,366.24212646484375,367.0987020792811,360.7938131324318,364.34963541605487,27217660,0.9194577420202021,0
2023-08-07,364.857666015625,367.5370032406234,363.8317509351798,367.5370032406234,18541550,-0.3780178054835659,0
2023-08-08,364.1504821777344,367.06885807448117,362.96519783529357,364.84768859314613,20448115,-0.19382457976375722,0
2023-08-09,364.8476867675781,365.34570437463,361.90940112392144,365.34570437463,13121620,0.19146057027694674,0
2023-08-10,358.7420349121094,365.02701500503025,357.77587948881205,363.7022710799668,25560495,-1.6734796675189734,0
2023-08-11,356.8694763183594,358.5726880756755,354.98695511560203,358.1742800571303,21328080,-0.5219791414208697,0
2023-08-14,357.39739990234375,359.04085209681796,355.58460832940546,356.38142442473065,16499595,0.14793184035537532,0
2023-08-16,355.8236083984375,356.5507250439042,354.09051686138093,355.9829776794952,9419700,-0.44034777654685664,0
2023-08-17,351.7398986816406,356.06268796873985,351.20203114185716,354.986952889173,25658695,-1.1476781248938694,0
2023-08-18,348.7716979980469,352.27773104691977,347.9150918984111,350.02671210832546,20566460,-0.8438623809010282,0
2023-08-21,350.67413330078125,353.1144013942817,348.38323401698,348.8115522704337,19777340,0.5454672250226666,0
2023-08-22,351.2219543457031,352.99489592205884,350.29564883371273,352.39726867682543,16644060,0.15621940511134635,0
2023-08-23,354.5984802246094,354.9670083632749,349.409115255189,352.55658994789746,16691425,0.9613652669282713,0
2023-08-24,354.7778015136719,358.3734742101131,353.8415259380135,356.38140369110954,20618955,0.05057023621446444,0
2023-08-25,354.35943603515625,356.45111605733933,351.9988374488029,352.8355033783596,10216750,-0.11792324004790133,0
2023-08-28,356.65032958984375,357.8953735836671,353.52276448700013,354.35943040325964,9902680,0.6464886557896676,0
2023-08-29,355.2060546875,358.0846108966751,354.3892985593001,357.9650915406616,13543460,-0.4049554374461639,0
2023-08-30,353.5726013183594,357.1682739533526,351.60044059547874,356.77983601500864,12979480,-0.45986078997940494,0
2023-08-31,350.35540771484375,355.3455541657063,349.4689217304074,353.5726125934178,41570050,-0.9099103243632944,0
2023-09-01,352.81561279296875,354.5088849021446,349.47888857581864,351.3813195796062,13476050,0.7022026844601736,0
2023-09-04,351.04266357421875,356.3813978878531,350.0665380930319,354.070619224841,23488415,-0.5025143883840455,0
2023-09-05,352.8056335449219,355.1861723568277,351.2219411622784,351.6004394166051,21286715,0.5022096040273372,0
2023-09-06,352.65625,353.9909336321322,350.6442696703531,352.7957095300331,31101115,-0.04234159852293251,0
2023-09-07,356.3813781738281,357.04873512440776,352.05858910469664,353.59249180554383,11040445,1.0563057293974332,0
2023-09-08,357.21807861328125,359.56870709423043,354.897299575878,357.9750446953828,11930910,0.23477670010161322,0
2023-09-11,360.14642333984375,360.86356995764953,357.62645529610404,358.5727009711896,11584510,0.8197638646762595,0
2023-09-12,360.8038024902344,362.3576150625347,357.8555466346625,362.3576150625347,17044830,0.18253107841370575,0
2023-09-13,363.4731750488281,365.7441340670366,358.6921878970437,358.6921878970437,29659350,0.7398404729024533,0
2023-09-14,362.8656005859375,364.89752101308545,361.3615776270122,364.1504945733411,12797115,-0.16715799255584418,0
2023-09-15,361.3416748046875,363.2441058220313,360.7639877213536,361.79984251882024,20607700,-0.4199697570641092,0
2023-09-18,358.2440185546875,360.96317538508396,357.37744233757775,360.76398656924613,19850560,-0.8572651498541806,0
2023-09-20,356.4710693359375,359.2599558704434,353.7319724051757,355.9730517121626,26840715,-0.49489988022768383,0
2023-09-21,349.74786376953125,356.74002091139243,348.8115881184946,355.38539704318754,23923755,-1.886045220704946,0
2023-09-22,349.897216796875,352.57655393863854,349.0406107116069,350.205985279688,18550615,0.042703056348658563,0
2023-09-25,355.4650573730469,356.44115244361006,349.96692345540015,351.4012166168225,11132835,1.5912788981697235,0
2023-09-26,351.421142578125,354.9470852606425,349.34937236350896,353.8116209517282,18280835,-1.1376405953392843,0
2023-09-27,351.63031005859375,352.8155943938883,348.61232457881755,351.4012110168151,15021030,0.059520459962714156,0
2023-09-28,345.26568603515625,352.97498941978483,344.4289896461501,351.04267853374546,41315985,-1.8100328217942718,0
2023-09-29,345.763671875,347.4170635482368,345.21583428028833,347.4170635482368,17858645,0.1442326474902167,0
2023-10-03,344.04052734375,345.6242196883922,341.72971834921265,344.62818447315186,27674345,-0.49835904446113855,0
2023-10-04,343.0445251464844,344.03059037757447,340.44485717826666,341.64011171023105,31104895,-0.28950141570689425,0
2023-10-05,345.4748229980469,348.01470065674914,342.86521557859083,344.62818697961853,14834005,0.7084496831788023,0
2023-10-06,347.39715576171875,348.01469272212626,344.668029041241,345.68397400224217,9961615,0.5564320858434169,0
2023-10-09,342.4966735839844,345.38520018620954,342.0484759501311,344.62820365358954,9197565,-1.4106281805875365,0
2023-10-10,349.8275146484375,352.33751262842225,342.7556580327864,344.1301915920345,16844910,2.14041233969986,0
2023-10-11,352.8753356933594,354.5785473079653,350.61434682020905,350.61434682020905,17499220,0.8712353709469767,0
2023-10-12,351.3713073730469,353.9709749093032,350.85338004010015,353.5924766905197,11919135,-0.4262208684427504,0
2023-10-13,351.0027770996094,352.58646932391105,349.0405866588243,349.60833398354947,10619635,-0.10488342835752729,0
2023-10-16,348.5625305175781,351.03267836060854,347.90514363776396,350.8036097183429,7899785,-0.695221445880112,0
2023-10-17,352.90521240234375,353.5526291720642,348.7716725993495,349.6083384797455,16086785,1.245883164296857,0
2023-10-18,349.28961181640625,353.6323410346468,347.63618975965363,353.1940831209735,15258400,-1.0245245632176658,0
2023-10-19,346.31146240234375,349.28959776247575,345.74371507384956,347.0186388450794,9965895,-0.8526303999066176,0
2023-10-20,352.5168151855469,353.233961793883,345.1560999696676,345.32543933960955,20361915,1.791841581031406,0
2023-10-23,346.7696533203125,352.39724619434344,343.12416079320906,352.39724619434344,37732210,-1.6303227584219981,0
2023-10-25,344.23974609375,350.9530446981257,343.03455188951426,348.4131364403705,17563340,-0.729564194080623,0
2023-10-26,337.6260681152344,344.1700269681595,336.4606935044269,344.1700269681595,31396400,-1.9212418245028728,0
2023-10-27,339.1898193359375,340.2456141658379,336.4606623484727,340.2456141658379,14874150,0.46316068822309653,0
2023-10-30,342.1380920410156,342.8153886835008,336.3411598675864,339.0503768341092,7557815,0.8692102583887085,0
2023-10-31,346.500732421875,348.0146949926411,342.00860391467523,344.1700136867849,24196680,1.2751109807254135,0
2023-11-01,343.51263427734375,345.8134732221715,342.2078305604616,344.8274080734119,12640525,-0.8623641640367885,0
2023-11-02,346.1620788574219,350.335468740237,345.0465243067415,345.62421134313604,12752790,0.7712800973541656,0
2023-11-03,345.2756042480469,347.46689389902156,344.64809719360494,346.6202578794821,7794790,-0.25608657432986126,0
2023-11-06,346.6601257324219,348.0147191164927,345.02661329054126,347.4170918719855,5933425,0.40099024296553765,0
2023-11-07,348.861328125,349.488835163239,343.8512722945571,345.6540935713423,17998015,0.6349742093721966,0
2023-11-08,347.86529541015625,350.7936413451208,346.6202514036775,349.2099490164697,18214185,-0.2855096379403954,0
2023-11-09,347.6063232421875,349.9470120988827,346.4409790517066,347.79557236655324,9718555,-0.074446106405468,0
2023-11-10,347.7059326171875,348.4629291141568,345.54455320369976,345.54455320369976,8173995,0.02865580063990958,0
2023-11-13,348.2537536621094,349.050569644586,345.32540781180677,348.8115309291593,14276385,0.15755297610207109,0
2023-11-15,352.49688720703125,353.0546645442797,348.64223545274496,350.80364543202165,17161355,1.2184028169984096,0
2023-11-16,353.16424560546875,355.26586550994585,351.60046288047994,352.7957174058466,10395580,0.18932320331257468,0
2023-11-17,351.5207824707031,355.4351938045269,350.46495711481646,350.60441664361474,13554350,-0.4653537710047728,0
2023-11-20,352.7060241699219,353.78175925097634,348.632243686791,349.80758837114064,9618255,0.33717542697992986,0
2023-11-21,352.0386962890625,354.37938517328166,350.73389256146055,354.37938517328166,13528825,-0.18920229174704817,0
2023-11-22,347.74578857421875,351.2020320765552,346.12224626784,350.20599683549665,22568660,-1.2194419988758254,0
2023-11-23,346.4808044433594,348.3732957190693,346.02263674341117,346.6302340468189,14181445,-0.3637669160698964,0
2023-11-24,347.4170837402344,348.5127285967551,345.36525355283356,346.52065809274785,12809895,0.27022544535453275,0
2023-11-28,347.0684814453125,348.21391585869134,346.2218454366125,347.6162886527512,16746460,-0.10034114936688932,0
2023-11-29,349.29962158203125,350.45502617693774,346.66013411791016,348.313556362522,17365700,0.6428529976065578,0
2023-11-30,349.6979675292969,351.79961744410366,347.80550687576346,349.89718671243924,31274735,0.11404133375851888,0
2023-12-01,348.7119445800781,351.79965991204364,348.2637165621893,350.60440546206235,10011890,-0.28196416358529097,0
2023-12-04,362.2679748535156,363.742117976813,349.1402374599468,352.5964810179921,22895865,3.8874579675674203,0
2023-12-05,364.2401123046875,365.94332397435164,360.26594160994387,364.1504727848717,27857360,0.5443863626005907,0
2023-12-06,362.835693359375,366.41145600014886,361.1922413952929,364.9572531515786,23479400,-0.3855750363204624,0
2023-12-07,363.92138671875,365.91345717654457,361.24204952128963,363.5528585475113,12503210,0.2992245193197407,0
2023-12-08,366.2322082519531,367.1386039887934,362.696295227248,363.92139914681644,14927330,0.6349782171469309,0
2023-12-11,367.3477783203125,370.85381165033044,366.60075184173536,367.53702745994553,16029165,0.30460730739223507,0
2023-12-12,363.4233703613281,369.13066318542013,362.3675754467718,368.1346279530777,19074810,-1.0683086139594011,0
2023-12-13,363.7919006347656,365.6943315871163,361.1822931744111,363.3536426982773,16256660,0.1014052214284078,0
2023-12-14,369.29998779296875,371.6107969250477,365.0369580338639,367.3377970862906,24394315,1.5140763575528515,0
2023-12-15,368.6525573730469,371.5211437215351,367.08877475442773,371.5211437215351,19385985,-0.1753128733610554,0
2023-12-18,367.92547607421875,369.70835728853535,366.5409724845285,367.57685765694123,18793650,-0.1972267069050515,0
2023-12-19,367.84576416015625,369.4991862706703,365.6843847578175,368.5031510520413,15444615,-0.02166523365357831,0
2023-12-20,363.8516540527344,371.3219182098251,361.620544884723,368.96131959963765,19842810,-1.0858110916516894,0
2023-12-21,369.0709228515625,370.01713813394286,359.56873772582526,362.75606279504814,12019200,1.4344496557027187,0
2023-12-22,370.6247253417969,374.4395270029767,368.73226443213565,369.4693207956729,16546475,0.4210037675764777,0
2023-12-26,375.8738098144531,378.29416812774053,369.95735811758414,371.9195487361967,21753345,1.416280165284567,0
2023-12-27,378.9615173339844,380.4854499884938,375.13674577750146,377.29812515980024,17036215,0.8214745052482986,0
2023-12-28,382.7464599609375,383.77237506701135,379.1109373265933,380.6846900658267,24750070,0.998767012962265,0
2023-12-29,380.1069641113281,382.0293048328174,376.51129147879897,380.90381054271614,12230850,-0.6896199248658696,0
2024-01-01,380.31610107421875,382.27829160329463,377.11883664342787,380.28622123455085,7129510,0.05502055543222806,0
2024-01-02,371.5310974121094,380.0870360803178,370.54500190045,380.0870360803178,25603980,-2.3099215724224575,1
2024-01-03,371.7004089355469,372.51716509537414,368.0648865319806,371.32191069579363,18907575,0.04557129258273562,0
2024-01-04,371.2422790527344,372.8160014557167,370.63468171216664,372.8160014557167,14328830,-0.12325245595625756,0
2024-01-05,368.054931640625,372.4972707049968,366.81985766758737,371.6207548286798,38996705,-0.858562613138314,0
2024-01-08,363.77197265625,368.82187835568664,362.27791987392544,368.1346116440908,61265835,-1.1636738476192843,0
2024-01-09,363.88153076171875,370.12669099710996,362.75603650486653,365.94333094651057,21696115,0.03011724753525513,0
2024-01-10,362.7161865234375,365.0469052724027,360.88348538057386,362.7161865234375,35263790,-0.3202537473781186,0
2024-01-11,363.12457275390625,366.8198549630316,361.63051990208606,364.94730385863033,20850350,0.11259112376071911,0
2024-01-12,365.1963195800781,367.04896095762706,361.4412776175273,363.55286749128356,10863105,0.5705333600697804,0
2024-01-15,368.8318176269531,369.25016578003385,365.79392246491057,367.13857604682084,30861560,0.9954914252847002,0
2024-01-16,368.1346130371094,370.71434053676165,366.7401698476462,368.6425703153463,23254490,-0.18903048937847222,0
2024-01-17,354.518798828125,365.47518594737977,353.81162235237963,363.16437700523005,54184415,-3.698596580379643,1
2024-01-18,354.04071044921875,357.1184554518412,351.52074270552316,352.596447305859,21467250,-0.13485557902334078,0
2024-01-19,351.4609680175781,358.56270389614946,349.43901776630395,355.99294644049064,22801645,-0.7286570034184425,0
2024-01-23,355.4849548339844,363.53293622754535,351.38129469614074,358.7718892137488,33904120,1.1449313530044636,0
2024-01-24,356.3017272949219,359.26992325311056,351.1820915705846,356.3813967396311,16341755,0.22976287739628898,0
2024-01-25,352.2777404785156,358.09458270006826,349.09044591145613,356.5806200604588,33510850,-1.1293761742208641,0
2024-01-29,363.1344909667969,364.5588443693892,353.7917065522557,355.64431738862004,26180740,3.0818724094045846,0
2024-01-30,363.27398681640625,366.4314320135446,359.24005611015133,363.5528754776216,19145935,0.03841437623783861,0
2024-01-31,363.6026306152344,366.8298052709044,356.28179635315996,361.75998984790385,40587005,0.0904671985209271,0
2024-02-01,363.1046142578125,364.95725550673023,361.20221380489664,364.54887743360007,10360840,-0.13696720416439545,0
2024-02-02,363.14447021484375,368.5330242988026,362.238074534519,366.89951197911876,25249380,0.010976439149001926,0
2024-02-05,360.2360534667969,363.94130551668934,358.3734421649497,363.5528372098596,17304030,-0.8008979859520315,0
2024-02-06,355.98297119140625,361.3615551436005,355.2160350370899,361.3615551436005,23459485,-1.1806375942830627,0
2024-02-07,357.0985412597656,360.52490489749675,355.38535944090006,356.7798330861916,22961120,0.3133773687617136,0
2024-02-08,344.56842041015625,359.3296694074818,344.04052296865535,358.88144140769066,22713870,-3.5088692340791594,1
2024-02-09,347.1082763671875,348.4130799694456,342.43686912676844,344.62815859438217,20319880,0.7371122269440589,0
2024-02-12,340.5544128417969,348.41311508576894,336.8790403713857,347.2178910347158,22532445,-1.8881323124827043,0
2024-02-13,346.052490234375,347.63618249983824,340.44480738948295,341.2416537597852,22461670,1.614449023490483,0
2024-02-14,348.4031677246094,351.5605823463866,341.07233270739744,343.36323194878105,19251615,0.6792835065692726,0
2024-02-15,346.4708251953125,350.09637725334926,342.64605395313515,349.6083297677585,12708350,-0.5546282893800436,0
2024-02-16,345.6739807128906,348.8115156987767,345.0664138721825,348.60232643533095,8215730,-0.22998891233415586,0
2024-02-19,344.9070739746094,347.41707178048233,343.8612491546413,347.41707178048233,22239770,-0.22185839289947662,0
2024-02-20,351.1024169921875,352.3275512623343,346.09236102373677,346.56049879558964,38055620,1.7962354167413208,0
2024-02-21,347.8354187011719,352.39724660748055,346.72980380724294,352.39724660748055,20924355,-0.9304972375306475,0
2024-02-22,343.5823669433594,347.61629749201165,341.4807167884022,347.51668788905835,31003800,-1.2227195763138576,0
2024-02-23,343.4329528808594,345.1760146233742,341.7197709809243,343.53256248831997,17268830,-0.04348711600925537,0
2024-02-26,339.9069519042969,343.7117829291277,339.04040622067595,343.0544265044755,29790330,-1.026692676688401,0
2024-02-27,339.9966125488281,341.63009442712325,338.05433180189755,341.24165651568586,22158260,0.026377996692605876,0
2024-02-28,335.3849792480469,341.2117913427122,333.7116473798444,340.8432631761348,15381635,-1.3563762492248221,0
2024-02-29,336.55035400390625,339.1002017272558,332.157835050111,336.0622760779851,33034875,0.34747374747439164,0
2024-03-01,344.1700134277344,344.6779707128756,337.65593467256576,337.7555442724346,17220745,2.26404736562531,0
2024-03-04,344.0704040527344,346.91905015203474,342.3373125208966,344.21980325434413,13885990,-0.0289419098450594,0
2024-03-05,341.779541015625,344.0704098699257,340.4348873852386,344.0106501882714,15610970,-0.6658122901957775,0
2024-03-06,350.55462646484375,352.9849549625093,342.31739530393406,343.2038812871984,37258560,2.56746949309572,0
2024-03-07,348.2238464355469,351.58051054210665,347.61627956305944,350.55459551742564,15696800,-0.6648835454837854,0
2024-03-11,344.5584716796875,352.5666037156,343.4827669687543,351.77972734576963,18200715,-1.0525915423020282,0
2024-03-12,342.70587158203125,347.307549785992,340.11617373317375,345.6043379409149,51216490,-0.5376736461086051,0
2024-03-13,344.5385437011719,347.1680608536419,342.0783355125921,342.7058425593697,29080415,0.5347653107548034,0
2024-03-14,347.098388671875,350.17613406923124,342.46680025784315,343.6321749212036,24048165,0.7429778228015493,0
2024-03-15,346.2816162109375,349.80758948201725,342.87516230555826,345.78359858946345,77537270,-0.23531439142162602,0
2024-03-18,346.2019348144531,347.58643846627496,341.69986621923516,346.1023556021196,11570715,-0.02301057658106176,0
2024-03-19,348.5426025390625,349.9868657886558,344.7377406456292,345.594346754077,22405375,0.6760989726599442,0
2024-03-20,351.68011474609375,352.2976821378249,344.7875677979912,348.8912281884656,22104430,0.900180403822981,0
2024-03-21,353.0247802734375,356.7101230022937,351.46099757413583,353.01484059022266,18918405,0.38235472264747106,0
2024-03-22,353.87139892578125,355.0865631347002,351.60043979396687,352.57656527214215,35306415,0.2398184772434364,0
2024-03-26,349.3493957519531,353.6721851127974,348.6123393898642,351.600445156063,26518150,-1.2778662495910087,0
2024-03-27,353.7120361328125,354.5487021023571,349.3892467585401,350.206002965685,41155650,1.2487900176466837,0
2024-03-28,355.6841735839844,359.3495757999142,353.43312432036424,354.18015071529146,33150360,0.5575545216763178,0
2024-04-01,356.7200622558594,362.08867619475603,355.88336593619914,357.5766379402314,14429400,0.2912383369316318,0
2024-04-02,350.0864562988281,358.1742571036669,349.4987991897317,357.35750096021155,34255950,-1.859611123378102,0
2024-04-03,344.8572692871094,349.946994436633,344.4289510608251,349.3095477314023,63417755,-1.4936844649754755,0
2024-04-04,348.4429626464844,348.95095029915603,343.29347795051075,348.0146748277826,65626460,1.0397615705730612,0
2024-04-05,355.6144714355469,356.0228495440704,346.6401839208092,348.4230955661721,32790115,2.0581585963434845,0
2024-04-08,356.2618408203125,358.94117777292536,355.6044539817247,357.33757579130344,13174055,0.18204247486113267,0
2024-04-09,354.7080383300781,357.178216483675,353.73194332154674,356.6503190617404,11866155,-0.43614058880306894,0
2024-04-10,363.7420959472656,364.52897226377223,355.38534605584283,356.361471491466,27629090,2.5468996021964285,0
2024-04-12,361.1723327636719,362.1783381079847,358.44320586514084,360.76398505411487,19831135,-0.7064794567979593,0
2024-04-15,358.20416259765625,360.5050015984185,354.58854976886306,356.57065019375415,21599340,-0.8218154871673988,0
2024-04-16,357.0985412597656,359.4890501393608,353.72199762169953,354.1901353976856,20483890,-0.3086567531412232,0
2024-04-18,355.9331970214844,361.16238200104607,355.2060803577468,356.5905839236478,21253700,-0.3263368800584199,0
2024-04-19,357.1084899902344,359.56869808775065,351.20200869909706,351.4011974961,19351900,0.33020043608886773,0
2024-04-22,360.5547790527344,363.0548371783173,358.57267869463436,361.162376342301,30755695,0.9650538027237143,0
2024-04-23,361.1723327636719,364.34968768997777,359.1902323137096,360.5647658425296,29780025,0.17127874786737607,0
2024-04-24,367.0987548828125,367.6366224370236,360.12650802693616,360.96317400205123,16475385,1.6408848578715718,0
2024-04-25,327.1876220703125,338.2137400050716,319.12970023694584,331.6797509466776,330895395,-10.872042544857086,1
2024-04-26,320.4245300292969,329.68764505809725,319.7272932436532,327.1875870257657,110734245,-2.0670378659869426,1
2024-04-29,326.7792053222656,328.1437990388081,320.6237152645251,320.74323462151716,56137045,1.9832049975661237,0
2024-04-30,323.5022888183594,328.0939966092821,322.71541248058884,326.779222818811,91032240,-1.0027922372461195,0
2024-05-02,313.8805847167969,317.6356265650883,309.2490270087303,316.739200943621,133202390,-2.9742306110745687,1
2024-05-03,308.1135559082031,316.32087704940136,307.5458084922921,315.344781909679,80617945,-1.8373321222773686,0
2024-05-06,323.572021484375,325.30514362167037,317.53604983922907,319.72733971554004,108041055,5.017132573283289,0
2024-05-07,327.4764404296875,328.1637071254672,322.31698556864103,324.44848501614933,49333925,1.2066614806190978,0
2024-05-08,328.3629455566406,330.1757065622887,325.92264710005423,326.69955335864137,49268765,0.27070806247617707,0
2024-05-09,327.31707763671875,331.0522095805312,326.1019134951352,328.29320306080444,23280220,-0.318509726531091,0
2024-05-10,324.2991027832031,329.3091587108236,321.8986542616975,327.29717851446065,58847010,-0.9220340335756028,0
2024-05-13,326.9385986328125,327.4266765718539,321.91860289060156,324.1098621885746,29196240,0.8139078483278661,0
2024-05-14,327.9545593261719,328.6916156464729,325.20549245022244,327.09795324887057,21410130,0.31074969355344706,0
2024-05-15,328.8509826660156,329.4884293827268,326.11188588778487,328.6318537078939,26304500,0.2733376665613685,0
2024-05-16,333.0841369628906,333.6717940869763,328.1338407720653,329.6876532620572,34991785,1.2872560886260764,0
2024-05-17,337.9647216796875,339.7775131482865,331.6797416200552,333.47259292963815,48087255,1.4652708355608723,0
2024-05-21,338.3033447265625,341.6400686778049,336.659892749557,337.0583007445005,29050835,0.1001947910989065,0
2024-05-22,338.5623474121094,339.63805211376706,334.8869748868548,339.20976424899675,30293485,0.0765593038272172,0
2024-05-23,340.4548034667969,341.3611991841556,338.06432496650365,338.6519821114011,28406475,0.5589682577383348,0
2024-05-24,339.3392639160156,342.20785040227804,337.5962021660449,340.843286924326,24680885,-0.32766156900178034,0
2024-05-27,340.84326171875,343.03452094728874,339.14998969964887,339.3392388216631,17271435,0.4432136102902051,0
2024-05-28,339.3790588378906,341.8392668107196,338.25353428400416,341.1021801490799,18580705,-0.4295824636449952,0
2024-05-29,336.23162841796875,340.8233363544209,335.10610371605594,338.25357877031126,24762360,-0.9274085533442666,0
2024-05-30,336.6797790527344,340.1659019596164,335.26542620974107,335.53434474836047,27902445,0.13328628150606203,0
2024-05-31,334.74749755859375,339.2495961287404,330.7932365878972,339.2495961287404,64022380,-0.5739226453032598,0
2024-06-03,342.2476501464844,346.39116034308415,338.6718873250971,342.92497720301395,49005355,2.240540300552296,0
2024-06-04,326.2911682128906,341.73968392458295,319.2193121985658,339.2993855207711,76147340,-4.662261940078849,1
2024-06-05,342.25762939453125,343.58237330551606,327.6955988326551,331.19169230394675,72131590,4.893316993251617,0
2024-06-06,345.5644836425781,346.32148018484304,339.4089928865592,342.83535669306355,31799505,0.9661886146692611,0
2024-06-07,349.3493957519531,350.3354913244757,343.03453588030965,344.63816844772657,23040730,1.0952838872439807,0
2024-06-10,347.74578857421875,353.28374208277756,345.85332769552423,348.63224413253755,24240220,-0.45902675007715166,0
2024-06-11,342.6361083984375,348.05454231181375,342.0584213576106,347.93502295140695,20528235,-1.4693722666581532,0
2024-06-12,341.78948974609375,345.4250123270211,341.221742358766,342.6560355496027,29407880,-0.24708973502560738,0
2024-06-13,343.90106201171875,346.13220152582943,342.43688905419503,344.9070672890175,30080725,0.6177990631583308,0
2024-06-14,342.07830810546875,345.60428098316925,340.7236845199661,343.23371250597455,15768330,-0.5300227616592545,0
2024-06-18,342.5166320800781,343.56245701164227,339.2994270407919,342.35726278064806,28536650,0.12813556551918293,0
2024-06-19,347.9549255371094,351.21194962735655,341.64006615432476,344.4289524949112,49798990,1.5877458049277537,0
2024-06-20,351.84942626953125,356.5507135207581,350.664141977194,351.6004174752853,46215520,1.1192543765288665,0
2024-06-21,353.72198486328125,356.38138182086345,347.6760439139497,352.5964602256615,95158445,0.5322045323773006,0
2024-06-24,353.1044616699219,353.6323591297794,348.5625434199748,350.03665611723113,21144440,-0.17457868602599458,0
2024-06-25,354.967041015625,358.2240652830734,351.20202905270384,353.9012760216886,29669295,0.5274867773957137,0
2024-06-26,358.20416259765625,361.76001574304655,353.8116434880418,354.58854976886306,33429660,0.9119499018188426,0
2024-06-27,364.6584167480469,366.14252980168897,355.5845510579083,356.77980540497055,66713845,1.8018367245051348,0
2024-06-28,359.0706787109375,368.12463475678027,358.35353217282216,362.99505971165456,24845035,-1.5323211478127208,0
2024-07-01,360.1862487792969,361.1922540711034,356.580606172514,359.07069420444503,14507550,0.3106825854910511,0
2024-07-02,352.5168151855469,362.7460864381865,346.0425859479456,362.7460864381865,48125085,-2.1292966124449197,1
2024-07-03,360.7042236328125,361.7301387347095,349.0505989326296,351.7598160555882,44905015,2.3225582708604087,0
2024-07-04,365.3158264160156,366.25210195382306,358.8316578084726,359.887452709135,25344465,1.278499801515376,0
2024-07-05,369.0709228515625,370.1167477417157,362.2480750730159,362.55684357950247,17328265,1.027904121315193,0
2024-07-08,369.1705017089844,369.97728779054853,365.6345585053781,369.3298405922471,19306015,0.02698095440640813,0
2024-07-09,368.1047668457031,372.5171958543592,364.54891359009486,370.764164029314,19601055,-0.28868364572675054,0
2024-07-10,364.5190124511719,367.4373883647781,362.5966717624073,367.1385899559587,28148945,-0.97411245859641,0
2024-07-11,367.4374084472656,368.9314613661864,362.8656101629582,364.7182515886439,23076860,0.8006155773520041,0
2024-07-12,365.11663818359375,368.73225089854856,363.80186439695876,367.43738687355983,21204275,-0.6316096865256804,0
2024-07-15,367.24810791015625,370.1067238981282,363.88150427394527,366.34171228528555,29549980,0.5837777585722348,0
2024-07-16,359.6284484863281,368.3537261189619,358.75193269170626,366.9592829896,32713510,-2.0747988239308235,1
2024-07-18,363.9014892578125,364.7879448352726,357.20813107750547,359.5687297863335,37954190,1.188182077772093,0
2024-07-19,363.2732849121094,365.14788838076356,360.1522727999243,362.6550710937018,20694325,-0.17263033107788317,0
2024-07-22,350.5000915527344,363.1536345357151,348.7750510353973,363.1536345357151,53711805,-3.516138920720624,1
2024-07-23,352.7635498046875,355.0768914918608,346.83063263928557,352.78348138771736,30775980,0.6457796464263144,0
2024-07-24,348.2366027832031,355.1566661810991,344.81646468222635,352.5741110581228,37436035,-1.2832808332920997,0
2024-07-25,354.0099792480469,354.77775604349637,345.40476881518373,345.40476881518373,15481985,1.6578890382864309,0
2024-07-26,361.72772216796875,364.9185404870538,350.6097630850578,350.6097630850578,26546755,2.180091910492221,0
2024-07-29,357.7491760253906,364.350151014308,355.6751655317632,363.89148117598694,40031835,-1.099873163918219,0
2024-07-30,356.19366455078125,360.2918414127163,355.2364312683413,357.74918004595776,28397685,-0.4348050474612397,0
2024-07-31,360.5411376953125,362.15650886391904,353.6111238717288,357.5697189541975,29031285,1.2205363478359876,0
2024-08-01,357.4999084472656,362.6051933380056,356.2235872245806,360.38161981241046,19080220,-0.8435179595558284,0
2024-08-02,359.6536865234375,360.9599202645889,353.98003230367146,355.19652827977006,16212945,0.6024555602059944,0
2024-08-05,353.7108459472656,360.0824711904509,352.6937570060791,353.0228259328979,24559090,-1.6523786072145774,0
2024-08-06,353.09259033203125,357.41016682995746,350.9886671890389,355.9743016661559,19620110,-0.17479125175781096,0
2024-08-07,354.2891540527344,356.2933888459971,350.9986474765369,355.9743009369397,17688725,0.3388810055679592,0
2024-08-08,353.5313415527344,355.3361388651812,351.51715610494864,352.31484547855314,12361105,-0.21389661278967687,0
2024-08-09,352.9131164550781,356.0640411110342,351.98579574114524,355.98428434818004,12322215,-0.17487136923729496,0
2024-08-12,353.491455078125,357.1808062251685,349.24368489049795,351.18809445156876,22722215,0.16387563852999776,0
2024-08-13,349.40325927734375,357.27057511352945,348.2166757687968,351.5869697389621,17651595,-1.156518988522004,0
2024-08-14,348.57562255859375,350.988683144367,347.9075645490342,349.99155620361597,12928245,-0.2368714935463867,0
2024-08-16,354.438720703125,356.1238676049329,348.1967269776898,351.3875148118996,14809355,1.6820161150384871,0
2024-08-19,355.24639892578125,356.97143946230403,353.1823693159486,355.0868549660538,10861395,0.2278752787093996,0
2024-08-20,360.0924377441406,361.5681660624753,354.2293267769794,355.57545416105586,15577430,1.3641345367646718,0
2024-08-21,361.5482482910156,362.3559186663358,356.44296330087855,358.96569320537594,28585950,0.40428800893326233,0
2024-08-22,363.2532958984375,363.811684494843,360.1223334421564,361.75760563737356,16089940,0.47159614670555516,0
2024-08-23,362.55535888671875,364.5296507387161,361.49840677224165,363.253329481806,9075930,-0.1921350802867594,0
2024-08-26,361.45849609375,363.54248763343384,360.9001074721073,362.9541864224138,11781285,-0.3025366378080374,0
2024-08-27,359.6337585449219,361.5781376670091,357.31043591676473,361.1693120021854,22708480,-0.5048262991596331,0
2024-08-28,357.2306823730469,360.14227579424715,356.14381773575866,358.16798406573525,21403980,-0.6682009446493109,0
2024-08-29,354.42877197265625,358.66656133586616,353.5812080140346,355.62530600550593,27655790,-0.7843420340542528,0
2024-08-30,355.13671875,356.97142858611744,353.850416534444,354.43871775119646,37290860,0.19974303254317594,0
2024-09-02,355.0270080566406,357.65943758618596,353.52136718305235,355.3760085453163,20242600,-0.030892523235992453,0
2024-09-03,355.7349853515625,356.26346136576984,353.4515563407888,354.9871402127843,25981365,0.1994150526173355,0
2024-09-04,355.7349853515625,356.63239343211694,351.6866527680351,352.98290550329193,15962215,0.0,0
2024-09-05,354.5683288574219,356.24349464295886,350.9886471587258,355.226436222432,17865025,-0.32795663687327226,0
2024-09-06,351.8162536621094,355.3660532493227,350.2906507963519,352.49432304792117,16274400,-0.7761762603504141,0
2024-09-09,357.0013427734375,357.75916895497016,350.6795618793151,352.52425273021015,17182305,1.4738060158834942,0
2024-09-10,357.29052734375,358.8958870878823,354.5882914653962,358.5668485915349,17488060,0.08100377664295166,0
2024-09-11,356.8218688964844,360.05255032981546,355.97430494159613,357.9685587507928,18669360,-0.13117012946014528,0
2024-09-12,364.4399108886719,365.77605731954634,357.99847945926246,359.7434515818812,31827540,2.1349705991247747,0
2024-09-13,363.02398681640625,366.34440590391546,362.30605425290463,366.34440590391546,10283600,-0.38852058459045713,0
2024-09-16,365.2077331542969,368.0794636918413,364.60945088732507,365.5467526719375,13653170,0.6015432635846807,0
2024-09-17,368.26885986328125,369.61498724699123,365.0780720821551,366.8230441347686,18374310,0.8381878123295605,0
2024-09-18,366.88287353515625,370.82153695690624,366.0652221750621,368.9369525120477,34387495,-0.3763517579627895,0
2024-09-19,373.3143310546875,373.92256381881595,367.9597343796893,368.9169980525907,14462150,1.753000203460009,0
2024-09-20,379.8056335449219,384.1531226916266,372.92546395893197,373.7231533141575,94247895,1.7388302431077696,0
2024-09-23,385.8282775878906,387.28407431309773,380.5435172930239,381.8896142378257,18431360,1.5857174067578583,0
2024-09-24,381.83978271484375,386.6060481444869,380.8227242177712,385.8881155495244,18546930,-1.033748717948313,0
2024-09-25,378.4993896484375,383.43517988840443,377.77147606950354,380.91245009306294,16537335,-0.874815359116432,0
2024-09-26,379.3669128417969,381.5606043151203,375.77724971722205,377.9111160076275,21022565,0.22920068488490042,0
2024-09-27,373.4140319824219,380.9024645171721,372.1875854068856,378.9082107762445,33215560,-1.56916184776964,0
2024-09-30,369.7247009277344,375.80718125434873,367.56092211199245,370.2731085643566,16234200,-0.9880001121278625,0
2024-10-01,374.800048828125,375.86698187099506,368.3386558236214,368.3386558236214,24357630,1.3727370358689317,0
2024-10-03,363.5126037597656,371.65914444924607,362.11663209538403,370.51242409610046,31816160,-3.0115911413702956,1
2024-10-04,360.760498046875,368.93695074894595,358.636643323948,362.05678126690464,18673160,-0.7570867376883061,0
2024-10-07,357.0212707519531,366.22476290037,352.8632686618686,360.95993413896446,37233165,-1.0364846803255112,0
2024-10-08,359.64373779296875,361.75764203920045,355.34612311145634,358.9656987762339,25485515,0.734540839959541,0
2024-10-09,359.1252136230469,362.95417711464677,356.95148437097504,359.1651072178262,35394010,-0.1441771718601048,0
2024-10-10,374.1419677734375,375.7174149331836,360.02264679751624,360.9400169619816,29528990,4.181481438992707,0
2024-10-11,375.3983459472656,377.6319004637973,371.16055662587235,373.3641985526254,26057900,0.33580252472209526,0
2024-10-14,381.0620422363281,382.09906279387855,375.40831899063176,375.92684448435693,21955690,1.5087163676150261,0
2024-10-15,377.95098876953125,381.9694089601132,376.40542381629325,381.3412141442079,21477465,-0.8164165206639651,0
2024-10-16,374.1918029785156,377.4025528323336,372.5565306765782,375.71740592716804,15727780,-0.9946225576110135,0
2024-10-17,371.7388916015625,374.5807094629842,369.1962300797058,374.19181535051945,17707160,-0.6555224773574064,0
2024-10-18,373.1348571777344,374.6205969847075,368.5381166709988,372.5266243613129,19173835,0.37552314479596394,0
2024-10-21,356.8118896484375,369.9340834292125,346.00303760090765,368.9369565196998,65890685,-4.374549098081659,1
2024-10-22,351.6168518066406,358.0682638501642,350.7593068778945,357.3603122953124,27471910,-1.4559598467740242,0
2024-10-23,352.544189453125,356.3831341598959,350.6097608046202,351.21802404600703,14180685,0.2637352680110894,0
2024-10-24,351.4273986816406,353.5313217840678,349.0542318475056,352.1852248451183,11584100,-0.3167803653824963,0
2024-10-25,352.7535705566406,356.27342727747015,350.3903846851636,351.9857938025428,14146135,0.3773672399975281,0
2024-10-28,348.9645080566406,355.1068135116144,348.0072747375235,352.58408363099113,16510740,-1.0741386668378428,0
2024-10-29,351.028564453125,352.4145550286988,345.1455217946346,347.69816423919923,20790595,0.5914803221619858,0
2024-10-30,345.92327880859375,350.9886700900564,344.3278696767502,344.4076264398882,21929745,-1.4543789769601467,0
2024-10-31,345.2252502441406,348.3163494847138,343.7993661889061,344.4774051260937,14723350,-0.20178710344594952,0
2024-11-01,347.87762451171875,349.8220036348392,346.2722344402214,346.9203912444918,912445,0.7683025113899955,0
2024-11-04,344.87628173828125,347.79785630042693,343.85922323822297,347.79785630042693,14424150,-0.8627582120724786,0
2024-11-05,350.4202880859375,351.0883764769723,341.21682656502264,343.3107686449081,20143075,1.6075348295083502,0
2024-11-06,351.5071716308594,352.67382351889484,348.3163837380157,351.0086081697995,18261260,0.31016570155188994,0
2024-11-07,348.3761901855469,351.98578458073575,345.60417870831094,351.58693991931494,15304920,-0.8907304595766719,0
2024-11-08,348.1568298339844,351.8063179162846,346.7807898519813,347.9972858794147,18234125,-0.06296651658245223,0
2024-11-11,347.7978515625,351.6467772312736,346.44177358089564,347.9972891150409,16025150,-0.10310820892284189,0
2024-11-12,343.2908630371094,348.8747800090661,342.0544353642109,347.9574098314999,16141950,-1.295864395119961,0
2024-11-13,336.6001281738281,344.63696839197496,334.845175127518,341.8150822809242,17967450,-1.9489988181124351,0
2024-11-14,340.59857177734375,341.5358734390219,336.98897749423674,337.0288710881092,16638790,1.1878912896464255,0
2024-11-18,343.56005859375,344.6569042613354,338.9633182262803,341.81508653210443,10412075,0.8694947841244138,0
2024-11-19,344.55718994140625,346.96026943467604,341.7154026053275,344.96601562415157,13798315,0.29023494516144943,0
2024-11-21,346.4218444824219,347.14972765163117,339.77099460316214,342.0344617342364,16470295,0.5411741781771395,0
2024-11-22,351.2778625488281,353.4216794103096,345.58424574162376,345.80361488832744,17768630,1.4017643932533908,0
2024-11-25,357.1210021972656,357.88880940485404,352.3647177185207,355.3760300780539,34357160,1.663395354902364,0
2024-11-26,355.6950988769531,358.1580034671575,353.9800394404962,357.9685469271497,11563695,-0.39927736300562344,0
2024-11-27,355.6153564453125,360.0625339517516,354.7977050744273,355.1666371630247,16012220,-0.022418760306908148,0
2024-11-28,350.8291320800781,356.7520684226274,349.6924232141811,355.6253101336049,19856975,-1.3458992359263955,0
2024-11-29,352.03564453125,353.70085986543967,350.3903912104593,350.3903912104593,14939970,0.34390315422736517,0
2024-12-02,349.7821350097656,353.5013986721371,348.19670697539254,351.98577682019527,21326400,-0.6401367465175389,0
2024-12-03,348.9744873046875,351.2279734314629,347.0001650659283,350.98867271036426,19858250,-0.23090021594601717,0
2024-12-04,350.4901123046875,352.38464736630067,348.2764893255672,349.3932666069434,15933930,0.4343082532210163,0
2024-12-05,354.0099792480469,356.70223418049494,348.59558722179634,351.78637519850935,28486145,1.0042699693335377,0
2024-12-06,354.3689270019531,355.98426763552163,351.1880899055226,353.7606637978916,12979410,0.10139481227864344,0
2024-12-09,356.22357177734375,359.95281650708887,352.603996396169,352.603996396169,12770115,0.5233655193984887,0
2024-12-10,357.9087219238281,359.5240625879272,355.62529286623396,355.62529286623396,9899420,0.4730596962116973,0
2024-12-11,357.9087219238281,360.3217519136881,356.961439223327,358.1679846481542,11967140,0.0,0
2024-12-12,352.7236633300781,358.2577359373286,352.0556053412647,356.97143370333333,17441295,-1.448709762053102,0
2024-12-13,360.0924377441406,360.76049571800894,348.60551652524595,350.6596259089589,19467655,2.089106907229765,0
2024-12-16,359.8531494140625,361.5582279299656,357.73921477873563,359.5639740863694,14946965,-0.06645191761792679,0
2024-12-17,355.78485107421875,360.3317473590311,353.9800537976984,358.1879305839825,17964305,-1.1305440417759383,0
2024-12-18,354.9771728515625,356.31331923261826,353.0527252569753,355.37601752159594,17647150,-0.22701310081574277,0
2024-12-19,351.407470703125,352.5840731259313,348.0770401241549,351.6766840076966,20370400,-1.0056145638215996,0
2024-12-20,347.7081298828125,352.75358981061294,345.67401281627843,349.9915591165086,73428440,-1.052721165236059,0
2024-12-23,348.06707763671875,351.8262349151397,347.00014460157894,348.495834880034,13740180,0.10323248812940111,0
2024-12-24,348.8049621582031,349.92173942927735,346.6112707829514,347.5087093463988,13563125,0.21199491962711203,0
2024-12-26,349.55279541015625,352.87324494982147,347.408978711546,350.35048473944,5660030,0.21439868496306858,0
2024-12-27,350.9687194824219,354.4187698617204,349.79208667315424,350.98865106465144,12241355,0.4050673005215666,0
2024-12-30,347.1397705078125,355.1766108164717,345.7039053500964,351.98579259268087,27513860,-1.0909658787415566,0
2024-12-31,356.1836853027344,358.28763884909614,346.01300935559556,346.01300935559556,23658490,2.6052661098703966,0
2025-01-01,356.65234375,358.3175590689774,354.3788956258818,354.82761490467936,7424140,0.13157774109369136,0
2025-01-02,366.37432861328125,366.9825918442502,358.34746926106584,358.96568306867823,25484935,2.725899614470495,0
2025-01-03,366.6734924316406,369.53524181689824,362.3758778503815,369.1363971357642,21385745,0.08165523482273063,0
2025-01-06,354.9073791503906,363.95132766429276,353.56125171551554,363.15363829616615,19961975,-3.208880250170676,1
2025-01-07,353.3917541503906,358.45714549737113,352.9629968794446,356.373153893344,21999690,-0.42704803817498194,0
2025-01-08,352.7137145996094,355.914483476405,351.47725653267173,354.99711332544473,21823395,-0.19186626253104855,0
2025-01-09,357.0113220214844,360.7006732752039,353.7806101892152,353.7806101892152,27349135,1.218440691129219,0
2025-01-10,350.2308349609375,356.90161621047844,349.6624957670863,355.8147515648296,17513090,-1.8992358623682093,0
2025-01-13,346.6810607910156,347.9075377885646,343.75948638251356,345.5842151545772,15461940,-1.013552724538891,0
2025-01-14,349.11407470703125,352.75358190350244,344.9261598728352,348.9146675796308,24744805,0.7018017974400603,0
2025-01-15,356.8916931152344,357.96857683745577,351.00861973693856,351.00861973693856,17549305,2.2278157690233336,0
2025-01-16,360.0724792480469,361.9470826836004,356.04410849281265,358.1281000564105,22257670,0.8912468948346852,0
2025-01-17,350.70947265625,360.0625277982576,348.6553936873538,358.3673999051384,17608640,-2.600311640409181,1
2025-01-20,382.9964294433594,384.871032791476,372.1277528566091,376.9139495680543,66621575,9.206183266898993,0
2025-01-21,377.5720520019531,383.0861621970467,377.11338217699796,383.0861621970467,22078315,-1.4162997418252554,0
2025-01-22,382.3981628417969,382.9964450626006,376.3256637249191,378.7087811717552,20883345,1.2781959931236653,0
2025-01-23,377.8811950683594,383.6844811223961,377.3327874270933,380.3241682265062,15805795,-1.1812210968456527,0
2025-01-24,376.1561584472656,382.59762041212673,373.533709716945,377.1134222226013,20126830,-0.45650237259932114,0
2025-01-27,375.19891357421875,378.6689261859242,371.47961923428477,373.92259234288434,9642515,-0.2544807127439541,0
2025-01-28,376.4652404785156,379.9053403783097,373.0849961868852,377.91108662304293,25786920,0.33750814794040185,0
2025-01-29,382.966552734375,383.83404830698237,375.91685793621497,376.47524659053465,11758155,1.726935599046464,0
2025-01-30,379.2073669433594,386.5063435211189,374.41118874786787,382.9665550202957,21195905,-0.9815963728882049,0
2025-01-31,379.16748046875,380.69308339140235,376.8342072005698,379.51645053590823,11666145,-0.010518380729485077,0
2025-02-01,379.5264587402344,382.32838306413504,373.24457106264146,378.7088073296563,5481785,0.09467538488283633,0
2025-02-03,375.817138671875,379.6660644948,375.22883742718506,377.6319170110267,16599040,-0.9773548017368183,0
2025-02-04,384.59185791015625,387.1245383293178,374.3613261677304,377.12335672889867,26663090,2.334837434314685,0
2025-02-05,381.25146484375,386.6758374511306,379.3768614593012,386.4464873162596,17136925,-0.8685553263029777,0
2025-02-06,382.08905029296875,382.89672062865304,378.2002615600635,382.2984384166913,15969855,0.21969369994736532,0
2025-02-07,384.7414245605469,390.99339933556325,380.4836731769335,383.09617124395294,22070870,0.694176989773565,0
2025-02-10,390.9036560058594,391.87087031263104,383.60467982052495,385.9479341132086,17846865,1.6016553071588335,0
2025-02-11,382.6175537109375,392.9677363001557,380.22445512167246,391.79113380466947,17533410,-2.1197300581905165,1
2025-02-12,387.6729736328125,388.6800511034068,379.8953656017905,383.5847472814943,16095020,1.3212723443666974,0
2025-02-13,393.4263610839844,397.41486841892333,390.98338816937587,391.4720010102352,63391865,1.4840826785674333,0
2025-02-14,389.3581237792969,393.6656888706699,385.5590727157849,393.6656888706699,13050240,-1.0340530546754767,0
2025-02-17,387.94219970703125,391.6614940987647,385.4194697994192,389.8766283794182,11500595,-0.3636559726870381,0
2025-02-18,391.5418395996094,392.0703156480348,386.7157185465677,387.2940691987456,21720625,0.9278804665479923,0
2025-02-19,395.859375,397.83369719531737,391.27258522384415,391.6614793169709,19570825,1.102700902873055,0
2025-02-20,392.9776611328125,395.33089639952084,390.8737380166756,395.32091539312665,23621860,-0.7279640319715841,0
2025-02-21,389.4877014160156,394.5331912355216,385.788369350014,392.97764536542365,20042760,-0.8880809424985037,0
2025-02-24,392.0902404785156,392.86799824261215,385.5989346278533,386.5462173539508,11090405,0.6681954405847179,0
2025-02-25,392.319580078125,394.7725036636101,390.5945396342842,392.668550139512,20099470,0.058491534838878145,0
2025-02-27,388.39093017578125,393.8651474239282,386.8653271510567,393.26686516464605,18540340,-1.0013902190559532,0
2025-02-28,379.49652099609375,386.2969337174284,377.6917237520592,386.2969337174284,34851575,-2.2900661392020627,1
2025-03-03,381.8198547363281,383.62465203252845,377.9509974063852,380.015027010229,13038950,0.6122147665902578,0
2025-03-04,380.4637451171875,382.0990478721514,378.2601031446118,379.137579702895,15860250,-0.3551700107573219,0
2025-03-05,385.50921630859375,389.60742389417925,377.990870589739,379.5264546121883,19058440,1.3261371828877433,0
2025-03-06,383.2357482910156,387.872382280316,380.8725624117534,387.6829257353213,25965465,-0.5897311715002518,0
2025-03-07,385.9678649902344,387.00488548103715,380.91245476110396,382.29844532111434,13901690,0.7129075800997864,0
2025-03-10,383.2457275390625,386.89521562025425,382.16881345351857,385.38954427375194,11142670,-0.7052756713932018,0
2025-03-11,385.9280090332031,387.6829317082311,379.79568460255945,383.49501693042737,16035260,0.6998855568108642,0
2025-03-12,395.37078857421875,398.39208180073183,386.4863844297442,386.88522909540944,33522470,2.4467722787653967,0
2025-03-13,395.8793029785156,397.5245866745819,392.7782529877869,394.00473000506054,24628970,0.1286170903345374,0
2025-03-17,397.4747009277344,398.6213907217059,393.71554364996274,394.88216502621407,15854645,0.403001100894973,0
2025-03-18,397.4747009277344,397.4747009277344,397.4747009277344,397.4747009277344,0,0.0,0
2025-03-19,403.14837646484375,409.0214685407517,402.2908619330253,406.6782142283784,26691440,1.4274306072478593,0
2025-03-20,405.96026611328125,406.6083924906647,402.14125317303154,405.03294543041426,13416530,0.697482567856178,0
2025-03-21,414.6053466796875,418.3146599096975,405.8306422621937,406.82776914735877,94254040,2.1295385997194716,0
2025-03-24,433.97955322265625,435.5948939377569,416.84888989153046,418.79329952557276,42541755,4.672927326703458,0
2025-03-25,432.7530822753906,439.23440724034464,430.7588284400202,434.7274045271709,36712165,-0.2826103069045738,0
2025-03-26,427.7475280761719,433.94965889496973,424.75614723938645,433.75022133389086,15084580,-1.1566767295797975,0
2025-03-27,424.5068359375,429.0437510520171,421.1564738100941,427.56799232055414,47106120,-0.7576179699382846,0
2025-03-28,432.99237060546875,434.72739208491436,426.57087100497256,426.63069618392956,18361265,1.9989159065551654,0
2025-04-01,427.9468994140625,434.4481860307138,425.9526456896707,433.61057268816,18754695,-1.165256372612522,0
2025-04-02,429.68194580078125,430.88846085373666,426.70051561733635,426.96975936089984,10660960,0.40543497080931523,0
2025-04-03,425.2945251464844,429.1035569453613,424.20766055191615,424.57659261072695,8470190,-1.0210856418740644,0
2025-04-04,425.1649475097656,428.02669680368,422.4128675669557,424.95552895418825,18942015,-0.030467741543138693,0
2025-04-07,406.3990173339844,415.5227223694855,399.010303364345,402.5800042719004,35695245,-4.413799934753603,1
2025-04-08,409.84906005859375,414.7848502840164,406.42892216512666,411.3048567822744,20471695,0.84892988847316,0
2025-04-09,409.3604736328125,411.8133972120579,407.2465695376988,409.6197059266208,19597890,-0.11921130811216596,0
2025-04-11,421.02685546875,426.6705974138859,410.5171597786306,411.8134125857548,27973445,2.84990432329868,0
2025-04-15,422.82171630859375,428.16630210254596,418.7135581831142,427.76745741238375,28178320,0.42630554714744306,0
2025-04-16,423.4598388671875,429.08364911355164,421.44565351116574,422.78179988752447,14498895,0.15092000575676057,0
2025-04-17,436.3626708984375,437.519341758768,418.33462986167217,421.78468042944695,26943160,3.0470025364782716,0
2025-04-21,446.9920654296875,450.94067960923906,433.82997759131644,437.73872860261855,24432490,2.435908302918044,0
2025-04-22,452.456298828125,459.05727384690204,447.789721944034,448.5076545085174,33664915,1.2224452783484718,0
2025-04-23,444.12030029296875,456.68410489797543,442.72432876572293,455.686978031386,17619395,-1.8423875536149548,0
2025-04-24,443.3226013183594,446.2940198409596,441.4679295633417,442.32547447348225,20842685,-0.17961326561365398,0
2025-04-25,439.61328125,445.3966046863955,434.38834640346766,442.7243120877794,10680015,-0.8367089919008253,0
2025-04-28,443.84112548828125,445.07755311960926,436.62193639455575,438.13755834359966,12190890,0.9617189513155155,0
2025-04-29,439.73297119140625,448.1088312233581,438.4965435496601,443.8411292280841,15291325,-0.9255911768778824,0
2025-04-30,440.3511962890625,444.918054734867,436.3826505257392,441.50786719608067,23114585,0.1405910264088872,0
2025-05-02,435.08636474609375,443.4422933605176,432.99239208901076,439.5335423719695,9079030,-1.1955983286378369,0
2025-05-05,415.781982421875,425.53388220939956,410.41743487360293,419.8103531564253,44108085,-4.436908137878404,1
2025-05-06,413.60821533203125,417.0782278097303,411.8133991300577,416.0013441745257,17025485,-0.5228141626488547,0
2025-05-07,417.7762145996094,419.15222407842657,409.719412687393,411.55412242237884,18697280,1.0077167505563756,0
2025-05-08,421.3060302734375,426.5110337040462,417.77622309570626,418.5938439948464,34624355,0.8449058492262518,0
2025-05-09,419.4115295410156,422.78182347428793,413.80768099488085,413.80768099488085,23271500,-0.4496733007102516,0
2025-05-12,427.7674255371094,431.4767386960257,423.99828720062163,425.57373425983207,15109370,1.9922904850131484,0
2025-05-13,421.9043273925781,427.9868075445303,419.0126654799806,425.77318461807874,21539120,-1.3706275406944468,0
2025-05-14,417.2776794433594,422.7618774377373,415.6024831110812,420.9869927585709,10687970,-1.096610688449684,0
2025-05-15,420.0696105957031,421.1863878320051,411.89315801151054,415.8218403512926,21311795,0.6690823137408541,0
2025-05-16,420.4285888671875,421.7647352239233,416.8189640298566,418.7733546082737,10289540,0.08545685344276688,0
2025-05-19,421.02685546875,423.57949791624566,418.87305769806966,419.1921456114812,7528520,0.1422992197496642,0
2025-05-20,416.8189697265625,422.3629927756121,415.74208607936555,421.74477897537884,19545490,-0.9994340473846175,0
2025-05-21,413.0697937011719,418.0554281332146,410.8162772003213,417.7961654051811,10708700,-0.8994734639476976,0
2025-05-22,411.97296142578125,414.3261663478138,408.96164908574843,413.60823374907704,16446640,-0.26553194934997304,0
2025-05-23,418.9528503417969,420.64794784778894,411.97296190207993,411.97296190207993,8254765,1.6942589853128132,0
2025-05-26,416.6594543457031,421.18641923673107,415.8218713560243,416.8189983099133,10201425,-0.5474114794117524,0
2025-05-27,414.2862854003906,418.5938503780422,411.05557362978027,416.7990341731788,17299700,-0.5695704058939932,0
2025-05-28,413.6680603027344,414.884556364912,411.494330915697,413.80767267818203,8173180,-0.14922654199348573,0
2025-05-29,415.1238708496094,417.9956011387757,409.8191485337826,414.2663259074762,24936910,0.35192723020713856,0
2025-05-30,413.7478332519531,416.83893269006654,411.9131234300162,415.12387322588023,49038640,-0.3314763843476398,0
2025-06-02,411.5342102050781,413.9672022448451,409.06132456944187,412.2122491853679,13505700,-0.5350174354936121,0
2025-06-03,407.7251892089844,413.967213430647,405.6711101997284,412.81054255836426,32319090,-0.9255660651384501,0
2025-06-04,408.08416748046875,410.51715956665333,406.9873217973695,408.24371143709214,11655570,0.08804417313064139,0
2025-06-05,406.8078308105469,410.09833730500327,405.6710915739801,409.77924940387254,18626660,-0.3127630943886017,0
2025-06-06,413.4885559082031,415.7819659269836,405.5913282768267,407.6055135641951,22121620,1.6422311941107992,0
2025-06-09,426.4113464355469,427.2489293491462,416.7990288668134,420.98697386470667,28895440,3.1253079057918853,0
2025-06-10,428.9839172363281,433.33137572244993,426.41134333681794,428.1064407342016,24578710,0.6033073046216586,0
2025-06-11,427.8272705078125,430.8984384380862,425.3743468242084,428.5651346852621,8910305,-0.26962472998222076,0
2025-06-12,424.13787841796875,428.5252610685143,423.2205387218712,427.8272600750463,14890860,-0.8623555215319989,0
2025-06-13,420.26904296875,423.1806363804155,413.209367707786,413.209367707786,22336370,-0.9121645686656188,0
2025-06-16,426.57086181640625,427.70760105189834,416.5597299745455,420.36873148231547,14707980,1.49947252910676,0
2025-06-17,426.13214111328125,429.92124162443673,424.81595672046564,426.57087938751926,15541500,-0.10284825861214264,0
2025-06-18,425.25469970703125,426.25182662682175,420.528297414893,423.7789409109777,19503255,-0.2059082903152154,0
2025-06-19,428.046630859375,429.7018651512141,425.3942696758182,426.67059088002094,17025995,0.6565315219954515,0
2025-06-20,432.7131652832031,433.9496232866134,425.0353066900778,427.76742455925285,16863180,1.0901930040797758,0
2025-06-23,435.5649719238281,436.6817491629497,429.0038599991427,430.3798999651666,8603070,0.6590524322869884,0
2025-06-24,443.4422912597656,445.43654512755916,437.02079137107853,440.33126009479156,28022600,1.8085291159076755,0
2025-06-25,438.39678955078125,443.44224892016956,436.94099288666234,443.32259856830996,17877145,-1.13780345457144,0
2025-06-26,439.5135803222656,440.73007632025497,434.74731510323795,439.21445443337365,28350635,0.2547442860219684,0
2025-06-27,440.311279296875,442.1858827214124,435.2658196609935,440.73008598040053,48247195,0.1814958650480092,0
2025-06-30,431.4568176269531,440.53064798523144,429.66197096638217,440.31127885215824,18638285,-2.010954996215719,1
2025-07-01,435.4652404785156,436.0435606641265,430.6191881491761,431.45680148404205,20128770,0.9290438087429242,0
2025-07-02,432.5735778808594,438.1774259156917,430.9582372507358,435.7444339644276,9382555,-0.6640398196831265,0
2025-07-03,424.0980224609375,429.14348216493147,423.16072073601543,426.59083972298583,23336995,-1.9593326669286815,0
2025-07-04,424.7361755371094,426.2318659213854,420.9869989995219,423.5795046550147,8431075,0.15047301387278722,0
2025-07-07,428.72467041015625,430.1206419744296,423.14075372316506,424.776056434098,10852925,0.9390523112384086,0
2025-07-08,443.6217346191406,447.0119598624429,433.9894854849469,435.74443849884796,37631455,3.4747392061045934,0
2025-07-09,444.5789794921875,445.5362432137952,441.52777365057,442.12605586910036,10104510,0.21577952529054922,0
2025-07-10,439.49365234375,447.2512982349035,436.1233586284084,444.53911191041834,28609065,-1.1438523598767847,0
2025-07-11,442.8439636230469,443.72144010372074,438.4566116495736,439.09475699831165,13395830,0.7623116423707499,0
2025-07-14,439.49365234375,444.120305232638,438.1973691448277,443.50209143726005,11976685,-0.7565444162063173,0
2025-07-15,436.3626708984375,445.4365318116228,435.1262432749352,440.730091607129,14870715,-0.7124065225095899,0
2025-07-16,434.627685546875,436.74158974259876,429.9611388774585,435.5649872834542,11438515,-0.39760168943652197,0
2025-07-17,432.9126281738281,437.0806114052548,432.0949767944864,433.7502111368494,10897805,-0.3946038023070031,0
2025-07-18,427.3621826171875,432.85270345550344,425.46546332967466,432.77282427382914,12832715,-1.2821168049669263,0
2025-07-21,432.2936706542969,432.77282388398464,425.30573504818955,426.8829985375476,9135495,1.1539364589792989,0
2025-07-22,431.29541015625,434.2503002206598,428.2606409072714,433.65132819632447,7822810,-0.23092183990016668,0
2025-07-23,433.3318786621094,435.2086434818748,430.49677686852147,433.4516974406974,13952705,0.47217486156914124,0
2025-07-24,427.681640625,433.6113751332544,427.26235108149626,432.333582404694,10292000,-1.3039054626108326,0
2025-07-25,424.18768310546875,429.2389599883455,422.9298449093829,427.08267899433366,8727375,-0.816952889168987,0
2025-07-28,392.6421203613281,410.35153572567935,391.32438806949864,404.36187672461557,69123495,-7.436699366939714,1
2025-07-29,393.86004638671875,395.2576274914692,389.9268342644319,392.72199647393273,25219670,0.310187308552079,0
2025-07-30,391.2644958496094,395.49717848247747,390.7254180066558,392.5422885575496,17949955,-0.6590032578630445,0
2025-07-31,395.0379943847656,399.0311005524212,386.33302172067715,387.57087488385605,21519590,0.9644367365769568,0
2025-08-01,397.7932434082031,400.70819382102934,393.740243125793,395.91647865379014,13361865,0.6974643104212142,0
2025-08-04,398.7116394042969,400.7081924613689,395.73679484684794,396.71508634722477,7716305,0.2308726986474552,0
2025-08-05,399.9095764160156,400.90785292705664,398.2723883147173,400.90785292705664,12106660,0.30045197915680166,0
2025-08-06,399.789794921875,404.4217821702482,397.8531360202545,399.9095832308442,13311395,-0.029952144485789756,0
2025-08-07,397.73333740234375,398.4121581122293,392.3226653559474,395.5171623489094,72760995,-0.5143846955706133,0
2025-08-08,389.8669128417969,399.21076625864436,388.96847008478943,398.09270145303674,10928645,-1.9778137311606048,0
2025-08-11,394.4989013671875,404.102316457085,390.60562909628055,392.12299841430604,11012565,1.188094801794648,0
2025-08-12,391.1247253417969,396.4954578524867,390.60563252278274,394.3192223672201,7889120,-0.8553068243528639,0
2025-08-13,396.8548583984375,398.57189524055485,391.76364202640497,392.9216464515522,13733665,1.465039841608884,0
2025-08-14,394.9581298828125,398.0128535417985,394.41905204152636,396.9147432965791,9922965,-0.4779401021520857,0
2025-08-18,399.5901184082031,404.50165221991955,398.73161523665283,398.8913126683514,21519720,1.1727796378732558,0
2025-08-19,405.2803039550781,405.79939676706715,397.81318477657135,398.11265554022253,15558845,1.4240055708940602,0
2025-08-20,402.8045654296875,404.1422522761842,400.4087079364848,403.40353741923343,13134705,-0.6108706742543935,0
2025-08-21,402.8644714355469,407.0971541469084,401.88614947500423,407.0971541469084,14493935,0.01487222613663075,0
2025-08-22,396.63525390625,403.0242178580681,395.3574611158864,401.3471205329002,8958465,-1.5462315421114203,0
2025-08-25,395.97637939453125,399.0710427879616,394.65864703887974,396.71509429164684,11849075,-0.16611597310876025,0
2025-08-26,392.46246337890625,396.0961742336374,391.563990098439,394.9182151985585,18550690,-0.887405461153512,0
2025-08-28,388.2696838378906,392.92165621721205,387.55092350321047,390.32613109392344,17989700,-1.0683262559476048,0
2025-08-29,391.3843078613281,396.29584196853955,389.36780016626466,389.36780016626466,15371790,0.8021805855792596,0
2025-09-01,393.04144287109375,393.87999151385344,390.3660690396724,391.3843001490987,7891610,0.4234035387930657,0
2025-09-02,387.8304443359375,394.35918158159484,387.41115477530616,392.52235636331784,12917095,-1.325814015206861,0
2025-09-03,391.3643493652344,392.08310970382456,385.5543725003788,388.12991260908706,20037270,0.9111984582200083,0
2025-09-04,389.2679443359375,393.66035488230744,388.62903274702046,391.5240589949514,9457295,-0.5356658143995774,0
2025-09-05,388.4294128417969,390.78533088354266,386.7523155444542,389.2679614904682,9906260,-0.21541241870586258,0
2025-09-08,389.3478088378906,391.62387815197184,385.6342188554442,387.830439450164,12527790,0.23643832463011716,0
2025-09-09,391.40423583984375,392.5023460803835,387.2913415434412,390.52577811239297,15873920,0.5281722293727809,0
2025-09-10,393.9798278808594,397.094445850384,392.4824130520508,396.2958367943458,42604510,0.6580388777574386,0
2025-09-11,393.7801513671875,396.3157822827684,391.98326579975713,394.71853374228476,11816335,-0.05068191301719205,0
2025-09-12,393.7801513671875,396.3157822827684,392.52234365597906,393.9598642959161,18077285,0.0,0
2025-09-15,393.4806823730469,395.63696334270014,392.3027233742956,392.9216499510977,13098130,-0.0760497940540894,0
2025-09-16,403.64312744140625,405.4001038784605,393.9598634044166,394.59874454017506,20084385,2.582704951884951,0
2025-09-17,409.353271484375,409.8324551862034,403.36361230393936,405.1006037174715,23917190,1.4146516203964454,0
2025-09-18,410.2117919921875,411.54947884380573,407.73605530957667,409.29336420936994,17420580,0.2097260648972865,0
2025-09-19,405.49993896484375,410.2118054084459,404.78117864412536,410.2118054084459,22431125,-1.148639097979287,0
2025-09-22,403.64312744140625,407.2169744699615,402.78462425101594,405.69957465069393,13229910,-0.4579067331495934,0
2025-09-23,408.83416748046875,409.912292698884,400.9876983267941,403.9026791195159,25428240,1.2860469276331443,0
2025-09-24,405.5598449707031,408.91403958875,405.1006158183649,407.6961409670819,18394385,-0.8008925794887323,0
2025-09-25,402.0059814453125,406.79769673000413,401.3071756698445,405.7594805811606,20039275,-0.8762858476897173,0
2025-09-26,398.27239990234375,403.14399429235846,397.134380488437,401.10750162038886,9595825,-0.9287378087125986,0
2025-09-29,397.6335144042969,400.04932654446014,393.38084664130577,398.49201759617813,26530510,-0.1604142034957845,0
2025-09-30,397.8531494140625,402.30545434886966,396.5354170410758,400.1092337272251,29309685,0.05523553770225842,0
2025-10-01,411.94879150390625,413.68578289613794,396.51544506843504,396.51544506843504,30579755,3.5429258535726316,0
2025-10-03,419.3759765625,420.873391358273,411.6892350915389,411.94879673826716,23679650,1.8029389117708572,0
2025-10-06,428.4602966308594,430.1773334721175,417.87855937496556,422.07130250014336,25764180,2.166151753092982,0
2025-10-07,424.6468811035156,429.8778404445717,423.6086649677014,427.661665298593,12364695,-0.8900277475719531,0
2025-10-08,422.83001708984375,425.76495261186983,421.7119522176401,424.5670085545185,4402475,-0.42785290426493594,0
2025-10-09,428.1807861328125,429.6582159116338,419.53570765694,422.86994763844575,15827485,1.265465749048711,0
2025-10-10,429.27886962890625,430.81622404096333,426.5835412319039,428.26063851870305,9681210,0.2564532392990593,0
2025-10-13,429.6781921386719,430.45684660385257,426.0244964282141,426.46374053318596,10600020,0.09302170174618762,0
2025-10-14,429.6182861328125,432.25375087682374,427.5818238833307,429.05925369589795,8022815,-0.013942063375660396,0
2025-10-15,429.1790466308594,432.4334073072979,427.5019189561206,430.25717184713756,11540535,-0.10223948005261274,0
2025-10-16,440.3197937011719,442.1566493057548,429.69814737826357,429.83789024916655,33692100,2.595827349394053,0
2025-10-17,440.3996887207031,441.2182828075126,437.3249798704862,440.0203387553533,16706510,0.018144771294448248,0
2025-10-20,441.9969177246094,452.4189269358333,439.2816043963023,442.0368268502596,15207085,0.36267714188127353,0
2025-10-21,438.6427001953125,443.19483872460165,436.62619257667416,441.99692517030456,1134020,-0.7588780362008718,0
2025-10-23,444.35284423828125,448.10637374054346,441.4378938305524,444.23305592905706,21496105,1.3017756913374479,0
2025-10-24,436.6461486816406,446.8285814865207,432.8926496402778,446.8285814865207,16293685,-1.7343639534594613,0
2025-10-27,428.9794006347656,436.4465202022546,423.6685620728347,433.6912671732111,18599700,-1.7558263298607102,0
2025-10-28,431.4151916503906,432.8726668634206,427.6616621245238,427.6616621245238,23304345,0.5678107181884995,0
2025-10-29,429.3587341308594,434.1105096143005,428.63997382324067,433.2520064367184,7088915,-0.47667712202350554,0
2025-10-30,426.70330810546875,429.85786549023834,424.54702721720923,429.25889349933607,12438465,-0.6184632602772022,0
2025-10-31,419.71539306640625,428.63998781695545,419.27614894935596,428.63998781695545,18931270,-1.6376519483967233,0
2025-11-03,421.97149658203125,423.10951597140115,416.8602952164107,419.7153819012876,7657265,0.5375317543495628,0
2025-11-04,418.5973205566406,423.4888694452829,417.8785602386985,422.6103812272446,9581885,-0.7996217878983414,0
2025-11-06,415.92193603515625,420.03483034522856,413.70576098414875,413.88544344274857,11902845,-0.6391308281492813,0
2025-11-07,416.940185546875,419.13637566744586,411.13020874189687,415.0234811753937,7000945,0.2448174581570317,0
2025-11-10,417.81866455078125,420.2344766765381,415.48270114228853,415.48270114228853,10866480,0.2106966501091767,0
2025-11-11,416.6606750488281,419.8751267872455,414.26481740034535,419.2761547588791,10814210,-0.277151214199145,0
2025-11-12,416.1814880371094,419.29610600196844,415.2830452341666,419.29610600196844,9035425,-0.11500653659302085,0
2025-11-13,414.32470703125,417.1797633354703,412.2083656237895,417.1797633354703,10711530,-0.4461469477214708,0
2025-11-14,415.22314453125,416.3811489679997,411.88890455913486,412.4878765733133,12202755,0.21684381470696845,0
2025-11-17,419.8551330566406,423.24929765870917,417.7587766982812,418.2778695307826,25151640,1.1155419890236828,0
2025-11-18,417.8985290527344,420.6737366734581,415.2830493375538,417.3993907722806,10300340,-0.466018835987958,0
2025-11-19,420.4541015625,421.2726956286347,417.17975576294305,419.1763088227944,12464500,0.6115294340849786,0
2025-11-20,419.0165710449219,422.231022614109,417.91849125987375,422.231022614109,36702845,-0.34189951108478667,0
2025-11-21,416.84033203125,421.57215288256253,414.98355236832316,419.2761291233556,39194210,-0.5193682455672088,0
2025-11-24,416.7405090332031,420.0747489664001,414.76394101396227,418.2778634098207,24922845,-0.02394753827212881,0
2025-11-25,413.26654052734375,418.1381045407307,412.62762890690965,418.1381045407307,15164895,-0.833604708579605,0
2025-11-26,420.03485107421875,421.27270424785877,414.1050859279389,414.2847683954061,14896715,1.6377591416518733,0
2025-11-27,421.3126220703125,425.3656222181128,417.5590926861503,420.07473849565287,20148975,0.3042059469174685,0
2025-11-28,424.1477355957031,427.6217184114977,419.71538537936084,423.06957988633235,15840785,0.6729239469396742,0
2025-12-01,428.77972412109375,431.8544328933307,424.8864517477903,426.0644107413828,16310160,1.0920696108126515,0
2025-12-02,427.7415466308594,431.255469115518,427.14257460853577,427.26236292000397,18294165,-0.24212373669543208,0
2025-12-03,428.4802551269531,429.5983199705965,423.0895679365398,426.2840345662378,14031015,0.1726997299916766,0
2025-12-04,426.34393310546875,428.6200024077155,423.5687255311066,428.4802595333141,12871640,-0.49858120553335494,0
2025-12-05,430.23724365234375,432.45341883855315,425.66511993805506,426.2640919682435,9658475,0.9131853990547834,0
2025-12-08,425.58526611328125,431.03584754615895,424.46720125166354,430.99590795396324,14960235,-1.081258679413999,0
2025-12-09,424.8066101074219,425.94462952858635,421.05308054396755,423.2692556956905,16037550,-0.18296122254667369,0
2025-12-10,425.16595458984375,430.3570045676905,424.00795019586315,425.2657883326833,10941335,0.08459013439809926,0
2025-12-11,435.28851318359375,440.2399563162756,423.0895725858904,425.16597439476266,24978600,2.380848815497272,0
2025-12-12,434.5697326660156,439.44132685339974,434.19038272216477,435.58796372715665,14312745,-0.16512738007284922,0
2025-12-15,435.50811767578125,436.36662084660577,430.5566442778355,432.67301605831847,13779900,0.21593427687860434,0
2025-12-16,435.7277526855469,438.0437310918794,433.5514866872522,434.8492644609115,8544595,0.0504318980178331,0
2025-12-17,433.89093017578125,437.88403633768615,431.95427125005875,436.84582020539585,8060720,-0.42155279264279866,0
2025-12-18,432.17388916015625,435.0289454153279,431.2355067839153,433.89092601189697,5633400,-0.3957310227548194,0
2025-12-19,431.1556396484375,434.74944135307834,430.51675849260295,432.95255573324937,11504670,-0.23561106704005352,0
2025-12-22,429.1990051269531,434.44994931810686,428.6799123091702,433.25200532016913,9041130,-0.4538116497976974,0
2025-12-23,431.7945251464844,433.431682762064,429.1990001576581,429.75803255956146,8070815,0.6047357958724797,0
2025-12-24,431.9941711425781,434.8891974200609,431.4750783200202,432.85270479082646,7791790,0.046236342627548055,0
2025-12-26,432.0940246582031,433.9707894744504,429.8379098729294,431.6547805324864,3691745,0.023114551606306932,0
2025-12-29,430.9759521484375,435.6079394853607,430.3370405350784,433.371809768569,4858980,-0.2587567626398113,0
2025-12-30,429.7979736328125,432.2537252971466,427.0427207389374,431.1955546423937,28360690,-0.27332813112952437,0
2025-12-31,439.4613037109375,440.3198069200647,430.39696604872137,430.8561647311619,14284445,2.248342400604386,0
2026-01-01,442.7955322265625,443.41445879659574,437.0454497037056,441.23822328745234,6734875,0.758708101821437,0
2026-01-02,438.26336669921875,444.812058529919,435.34841618914203,442.79555083555135,12238470,-1.0235346107839272,0
2026-01-05,437.4248046875,440.5793621931248,435.6478736742348,438.6227487151993,10914245,-0.1913374640537202,0
2026-01-06,428.5401611328125,444.83204192925524,426.2640917910288,439.6609766519108,26541035,-2.0311247692125667,1
2026-01-07,428.06097412109375,429.35875192013754,421.11297783622985,428.5401578343537,10561315,-0.11181846071370849,0
2026-01-08,425.8647766113281,427.8613296845505,422.9897353114908,427.282312232926,11484710,-0.5130571676791873,0
2026-01-09,424.62689208984375,425.8647757088061,422.4706415845176,425.8647757088061,10319615,-0.29067548890387984,0
2026-01-12,425.9246826171875,427.14258124433906,420.47410110582933,424.6269048044945,12720435,0.30563079058807396,0
2026-01-13,425.7848815917969,428.1408299723652,423.2692357804946,424.6468622241772,12717650,-0.032822945252097835,0
2026-01-14,420.2744140625,426.86304517405335,418.07819353698835,425.26579665231594,10818517,-1.2941905096996331,0
2026-01-15,420.2744140625,420.2744140625,420.2744140625,420.2744140625,0,0.0,0
2026-01-16,417.479248046875,426.8630411339177,416.3811377945125,423.26923961026824,17993251,-0.665081176035931,0
2026-01-19,426.16424560546875,429.65821346900736,414.2847609624339,418.2778670921923,22228439,2.080342340182284,0
2026-01-20,423.069580078125,430.2571832605823,421.77183277864503,427.26235367872204,18805991,-0.7261673308484706,0
2026-01-21,420.8733825683594,424.7666548630621,415.68233253210144,421.3725208231926,16386060,-0.5191102393511837,0
2026-01-22,425.26580810546875,429.05924678990016,419.57561961383925,423.0695875208091,10087657,1.0436453620100261,0
2026-01-23,422.0713195800781,429.05925553647,419.6754619165975,428.26064647030415,10548118,-0.7511745511876167,0
2026-01-27,407.9956359863281,414.28476603165916,399.80975613416746,414.28476603165916,47613963,-3.334906434238172,1
2026-01-28,411.6892395019531,413.4861555551203,405.59974650757647,408.59457613120605,14823671,0.9053046625598693,0
2026-01-29,411.6892395019531,413.88546007860776,406.2985522724163,406.2985522724163,26085514,0.0,0
2026-01-30,407.29681396484375,411.78905823651485,404.70128895932646,409.29336697447536,20681886,-1.0669274578133714,0
2026-02-02,407.4964904785156,410.14191718188175,404.40182715203855,407.9956287419803,15422034,0.04902481601269937,0
2026-02-03,415.0833740234375,424.2675303968445,409.5928530418313,414.28476497574223,35396945,1.8618279475272947,0
2026-02-04,411.63934326171875,417.92847336786326,409.8923592916805,415.98185236595316,14948177,-0.8297202386921665,0
2026-02-05,408.0455322265625,413.23658237604917,403.40355244835763,410.29165442230504,24814864,-0.8730484813914696,0
2026-02-06,421.6221008300781,423.91812467556457,409.59285029920807,410.291656059999,21228778,3.3272190310314143,0
2026-02-09,428.06097412109375,434.1504671928058,423.46892634519605,429.2589181717522,22538542,1.5271669294230517,0
2026-02-10,428.5600891113281,433.1521671026884,427.4620093337042,430.05750386079467,18428055,0.1165990408864559,0
2026-02-11,428.8096618652344,430.9559807296188,427.01277633666,430.9559807296188,12299205,0.058235183407706614,0
2026-02-12,425.515380859375,430.30709612939364,424.3673689160354,428.6599459093862,14003384,-0.7682385213826359,0
2026-02-13,419.9250183105469,428.1607997234299,418.8269080291661,425.2658038652311,23233320,-1.3137862461135463,0
2026-02-16,424.8664855957031,425.9645958415494,417.52914720866346,418.2778545856067,12403028,1.1767499124098135,0
2026-02-17,423.7184753417969,424.76665348755984,419.8751046990307,422.91983585766116,6427007,-0.27020494504211845,0
2026-02-18,425.6152038574219,426.66338202595625,420.62382121681645,424.96633020713955,7333331,0.44763885126675174,0
2026-02-19,415.6823425292969,425.2159017048829,415.13330262176845,424.9663325714642,6473423,-2.333765626345541,1
2026-02-20,420.6238098144531,422.67026445563283,414.2847479397285,414.2847479397285,6603883,1.1887604498880044,0
2026-02-23,429.95770263671875,431.05578241958824,419.6255347230468,422.2709613667453,10399627,2.2190595502387334,0
2026-02-24,426.962890625,431.7047042153327,425.066140816881,430.1573572910767,15016915,-0.6965364251769524,0
2026-02-25,424.2176208496094,429.40864049284835,420.6737209121761,424.76666075154463,10192468,-0.642976201367762,0
2026-02-26,423.81829833984375,425.9646173005251,420.9732345361176,425.9646173005251,13417228,-0.09413152357176102,0
2026-02-27,414.48443603515625,421.6221072796393,413.73572862213393,419.7752895678544,17806739,-2.202326407625521,1
2026-03-02,412.3880310058594,413.8854457658916,406.39837196573063,409.29336774212993,15236666,-0.5057861881016534,0
2026-03-04,402.65484619140625,409.7925173184511,401.50683426999046,404.3019963799578,18393751,-2.360200607838403,1
2026-03-05,406.5980224609375,409.3432829452956,401.65657186808227,402.9044175427905,14963265,0.9792943775118079,0
2026-03-06,399.1109313964844,405.99906359918225,398.3123223847129,403.00423410756787,17512726,-1.841398789678672,0
2026-03-09,385.68414306640625,393.1712170337948,384.4362974051748,389.32784630420565,20275976,-3.3641745374144327,1
2026-03-10,391.1746520996094,393.57050960343815,386.83214323736786,389.8269727333991,21346381,1.423576554003625,0
2026-03-11,382.5395812988281,390.4259598509032,379.29518255243795,388.17983764186386,29991868,-2.207471970495267,1
2026-03-12,374.6531677246094,379.49481496486504,373.4053220680992,376.3502500034559,25048123,-2.0615941355512035,1
2026-03-13,366.2177429199219,372.956109346477,362.77367678257895,372.35713734889805,32179473,-2.251529022407195,1
2026-03-16,369.21258544921875,372.70655334903427,363.42256322196357,366.2177558208054,27927294,0.8177764696539302,0
2026-03-17,373.5550842285156,374.50342863910555,367.964729649581,369.2125752937637,15176772,1.1761513421904013,0
2026-03-18,374.75299072265625,376.30033757134186,370.4604139733601,374.35368621702094,15235416,0.32067733641334417,0
2026-03-19,367.5155029296875,369.5120560141513,362.7237877129672,365.51894984522363,17308390,-1.9312688549896095,0
2026-03-20,366.117919921875,371.95784375595656,364.7702405040128,367.96473760820606,17077194,-0.3802786540082037,0
2026-03-23,355.93548583984375,364.27110098771533,354.6377385322632,364.22119934703227,16980244,-2.7811897555312437,1
2026-03-24,366.2177429199219,370.3106826942331,360.77712376730335,362.3743722725201,19990983,2.888797967366674,0
2026-03-25,370.4604187011719,377.34852052247476,362.374372882694,368.3141302991329,42442702,1.158511804322293,0
2026-03-27,365.5189514160156,368.2143102776179,361.875248114207,366.91653248814987,28928069,-1.3338718620685475,0
2026-03-30,352.7909240722656,362.3244833333667,351.043940122664,360.37783188924624,39762775,-3.4821798690442107,1
2026-04-01,355.43634033203125,363.42255243747763,354.388162179184,363.1729833091824,21245776,0.749853831053704,0
2026-04-02,357.38299560546875,359.22981326793473,344.9045390549985,349.69625418438636,22056018,0.5476804289676895,0
2026-04-06,359.9285888671875,360.77713000635,349.4966174609575,357.38299591468177,18320378,0.7122871801457986,0
2026-04-07,362.3244934082031,363.3726716211169,356.3847356284031,356.3847356284031,23655155,0.6656610825376053,0
2026-04-08,379.49481201171875,380.4930885291585,368.8132715541026,376.35024707477993,30162218,4.738933998638384,0
2026-04-09,371.259033203125,378.0473318456893,368.8132739981789,376.3502495688028,12422256,-2.1701953618115444,1
2026-04-10,373.9044494628906,378.4965274383721,371.7082594502558,372.8562713278809,23751660,0.7125526985678032,0
2026-04-13,371.259033203125,372.35714347258204,364.9699032875701,367.3158592120961,30027087,-0.7075113076524642,0
2026-04-15,381.7409362792969,382.3399082860573,374.8528343640066,374.8528343640066,19100372,2.823339538902747,0
2026-04-16,378.4965515136719,385.7839886784025,377.59810870294694,382.489657752434,12060624,-0.849891760953636,0
2026-04-17,382.9388732910156,384.5361217915114,376.0008393974469,378.6462660418718,11626179,1.1736756278434068,0
2026-04-20,378.5464782714844,385.3347465954633,377.34853423079045,383.43802725185,11146713,-1.1470224952046637,0
2026-04-21,381.4913635253906,382.4896400388497,377.6979249602387,380.79258824495815,12323488,0.7779454896405635,0
2026-04-22,376.2005310058594,382.1402583106071,375.6015589716455,377.4483767167286,14471487,-1.3868813360906174,0
2026-04-23,369.7616271972656,375.30208031632253,367.0163666909259,369.4122243125531,27628052,-1.7115615949232832,0
2026-04-24,370.2108459472656,372.1574668423793,367.0163489627464,369.96127682238074,19678907,0.12148874219453099,0
2026-04-27,376.15057373046875,379.7943073343939,372.60670433471114,374.35368821303865,11559552,1.6044175496817248,0
2026-04-28,377.2986145019531,382.5894677539144,371.35885715448444,371.35885715448444,12852733,0.30520776828775187,0
2026-04-29,381.3416442871094,385.3846521518042,376.89930142813813,377.3485380642077,7913344,1.0715729212239955,0
2026-04-30,382.6393737792969,386.18327366584316,374.65316170592797,375.95093944683924,24812228,0.3403062612302721,0
2026-05-01,382.6393737792969,382.6393737792969,382.6393737792969,382.6393737792969,0,0.0,0
2026-05-04,371.00946044921875,381.39153010501576,362.37437469345906,378.24696517794484,74467483,-3.0393927355699013,1
2026-05-05,370.7099914550781,374.8528329162831,368.11446641246175,370.3605885804022,19084772,-0.08071734714744094,0
2026-05-06,375.9509582519531,379.3450924599137,365.01981774375986,373.35543310528345,36195481,1.4137646455936181,0
2026-05-07,378.7461242675781,381.79088608267705,373.65490767157956,375.4518237751584,27286751,0.7434921907425451,0
2026-05-08,380.1436767578125,380.8424824896574,373.35540878409404,378.3467912544696,16183126,0.36899453240266666,0
2026-05-11,380.39324951171875,385.3347303905433,373.7547168557587,375.4517990978753,21347878,0.06565221761276607,0
2026-05-12,375.35198974609375,380.3932742308924,373.90447653581367,379.54476351967634,13065308,-1.3252758223486039,0
2026-05-13,376.9991149902344,383.33817687266134,376.2005059744088,377.2486841158025,16267456,0.4388215033187537,0
2026-05-14,382.5395812988281,384.3364668800667,374.95267352196544,377.348531118611,10652514,1.4696231604515164,0
2026-05-15,386.3829345703125,392.6221631382673,379.84423521708914,382.5395941444389,19461437,1.0046942746251508,0
2026-05-18,391.1247253417969,392.322669342576,379.644545450093,381.3416277070331,14575831,1.227225725369463,0
2026-05-19,381.291748046875,391.12474788808305,379.594665692107,387.8304473935137,22567886,-2.5140260018921112,1
2026-05-20,382.5395812988281,383.3880919835906,375.6514488191217,375.6514488191217,12342444,0.32726468861312696,0
2026-05-21,380.1936340332031,385.7839888631438,377.2487059947126,384.03700488284875,10133840,-0.6132560865100167,0
2026-05-22,383.4879150390625,385.63420344153394,380.3433501270712,380.3433501270712,10348359,0.866474530599759,0
2026-05-25,392.1729431152344,394.46896696119046,386.58258842271005,387.63076659912866,15571552,2.264746224216019,0
2026-05-26,387.98016357421875,394.26932393195074,386.3330134084967,392.17293714604006,15059212,-1.0691149439607361,0
2026-05-27,388.03009033203125,389.8269758580605,386.03353731867367,387.88032448404437,9326451,0.01286837897911397,0
2026-05-28,388.03009033203125,388.03009033203125,388.03009033203125,388.03009033203125,0,0.0,0
2026-05-29,383.537841796875,391.8734261631799,380.5929139488522,388.1798214084353,40109830,-1.1577062313163133,0
2026-06-01,376.7495422363281,386.33300265884606,375.0025583741757,383.4879085617731,12335552,-1.7699165038692621,0
2026-06-02,378.3966979980469,380.8923892669035,371.5585282933648,372.3571373134064,14834956,0.43720179510808865,0
2026-06-03,380.3433532714844,382.7891429260207,374.45352790962045,376.9492192040528,14844206,0.5144482718101084,0
2026-06-04,380.8424987792969,383.33819012123195,377.2486971539139,377.84766916897473,13889236,0.13123550169054088,0
2026-06-05,376.79949951171875,383.0387280076408,374.0043068665559,380.8425073910831,10129597,-1.0615935145203204,0
2026-06-08,376.4500732421875,378.24695875141794,372.0576627468611,372.3571335100725,14460894,-0.09273533271250134,0
2026-06-09,381.04217529296875,381.7908827132733,376.64973405519595,379.0456221721567,13987913,1.2198435801145324,0
2026-06-10,387.4311218261719,390.52578511775835,379.8442142140513,379.8442142140513,21427363,1.6767032490014877,0
2026-06-11,392.6720886230469,399.2107878659894,383.8872366685407,385.3347498578859,16135289,1.3527480116134027,0
2026-06-12,402.60491943359375,403.80286347662496,394.26933463368897,397.0644967807851,17227481,2.529548470169485,0
2026-06-15,405.0506896972656,410.2916413199659,401.7563894347036,407.29681182128,14269679,0.6074864328813323,0
2026-06-16,407.1470947265625,407.84587002865305,403.8028622098258,405.05070789032584,9079548,0.5175660929904069,0
2026-06-17,403.8028564453125,408.04553169844615,401.85620502552894,407.14708891430837,11654415,-0.8213833095127354,0
2026-06-18,402.25555419921875,403.5533015481981,398.96122325452933,403.2538307645823,9342524,-0.3831825905628028,0
2026-06-19,398.5619201660156,402.85449722664447,397.3140744547883,401.8063190152067,17504009,-0.9182307104636855,0
2026-06-22,401.4569091796875,402.405284089811,398.0627749968488,398.56191327270693,7158956,0.7263586577628933,0
2026-06-23,400.957763671875,404.30199615280196,397.31406041682766,397.31406041682766,10077909,-0.12433352033532907,0
2026-06-24,405.2503662109375,407.2469192545386,399.51027621058415,400.95775888820594,11768059,1.0705872109201486,0
2026-06-25,408.29510498046875,413.08682018788966,406.4982193939315,408.79424325061603,16587414,0.7513228915742465,0
2026-06-26,408.29510498046875,408.29510498046875,408.29510498046875,408.29510498046875,0,0.0,0
2026-06-29,394.818359375,404.1522508286948,393.42077835516443,401.8062949391593,37210245,-3.300736511674174,1
2026-06-30,391.573974609375,396.3157881961042,389.2280186366283,394.81837337924236,24824891,-0.8217411091928195,0
2026-07-01,399.7598571777344,400.7082016225359,392.572253821956,396.6651937755247,21723944,2.0905073113006045,0
2026-07-02,398.61181640625,404.3020049583232,396.61526329534473,399.7598588170068,12980945,-0.2871826049742565,0
2026-07-03,396.06622314453125,400.75813513841166,393.8700025378249,399.31062194785756,14747410,-0.638614601210008,0
2026-07-06,380.642822265625,389.07827098745855,380.0438807297398,389.07827098745855,34164881,-3.8941469829094744,1
2026-07-07,381.04217529296875,382.2400888864662,377.9974135047407,380.8425077948944,23216875,0.10491542306427792,0
2026-07-08,369.462158203125,381.09207394769396,368.4638816505443,377.8476751518066,22517529,-3.0390381539629585,1
2026-07-09,376.5,377.29863953014825,367.7650800654548,370.8597435066903,30720415,1.9048884007778932,0
2026-07-10,376.94921875,380.4930881978325,376.25041300240804,376.79948336551075,15468937,0.11931440903054646,0
2026-07-13,383.987060546875,384.48619881106305,374.4535318868759,375.15230717775006,14167721,1.8670530264562224,0
2026-07-14,377.9974060058594,382.8390533207743,375.4518130133178,382.8390533207743,16237528,-1.5598584318141206,0
2026-07-15,377.7478332519531,382.1402438955259,375.6015448032169,378.69620814243245,8082156,-0.0660249911615507,0
2026-07-16,376.5,380.5929400051835,375.9010279686346,376.8494028903784,10889356,-0.3303349859642535,0
2026-07-17,389.95001220703125,391.79998779296875,375.70001220703125,377.5,17847316,3.5723804002739,0
2026-07-20,382.04998779296875,383.75,376.1000061035156,382.0,32539419,-2.025906953906753,1
2026-07-21,385.95001220703125,386.95001220703125,381.04998779296875,383.0,17152911,1.0208152175562812,0
2026-07-22,381.1499938964844,390.0,378.1499938964844,384.29998779296875,11688952,-1.2436891200231504,0
2026-07-23,383.3500061035156,386.1000061035156,378.8500061035156,379.70001220703125,12720546,0.5772037891278892,0
2026-07-24,384.75,386.5,378.6000061035156,378.6000061035156,13308317,0.3651999150109164,0
