Date,Close,High,Low,Open,Volume,Daily_Change_%,Crash_Signal
2020-01-01,1180.6744384765625,1188.7412525484212,1174.4103596925202,1179.2774699108377,3123998,,0
2020-01-02,1212.5360107421875,1214.9695110055643,1181.620941341465,1182.5222540350894,4335359,2.6985908415817272,0
2020-01-03,1203.297607421875,1212.2205154539754,1198.8811530283294,1212.2205154539754,2059871,-0.7619075424125099,0
2020-01-06,1186.803466796875,1200.5484851136796,1184.4149661994147,1199.6471724371677,2646905,-1.3707449032778762,0
2020-01-07,1190.18359375,1207.308537544964,1184.0997321386312,1196.9434399848542,2077893,0.2848093258648543,0
2020-01-08,1164.090576171875,1179.5480024781505,1156.6997452909418,1173.5092508037048,4147568,-2.1923523156550773,1
2020-01-09,1186.262939453125,1189.642862668892,1176.303388367915,1181.6211562320966,2067779,1.904693993328599,0
2020-01-10,1193.8787841796875,1204.1086613522386,1188.8314550484774,1188.8314550484774,2360798,0.6420030899788154,0
2020-01-13,1202.98193359375,1207.218169005278,1197.574057767258,1197.8444955679888,1825244,0.7624852317245301,0
2020-01-14,1195.23095703125,1199.647412032924,1185.3165156094904,1198.5658806145125,2046500,-0.6443136298269203,0
2020-01-15,1192.9775390625,1204.289058133406,1189.7328351531519,1194.780164570308,2127677,-0.18853410342943855,0
2020-01-16,1189.10205078125,1201.359883163033,1187.3895344137238,1196.6729904717226,1773135,-0.32485844488703286,0
2020-01-17,1175.4920654296875,1195.0956180905528,1173.5092213538628,1190.273616797069,2941837,-1.1445599091028935,0
2020-01-20,1180.359130859375,1189.6426960008107,1177.5650833971602,1184.2798192356704,2542477,0.41404494107821765,0
2020-01-21,1173.824462890625,1184.234667609932,1172.1119469163282,1175.9876351727098,1361576,-0.553616928772549,0
2020-01-22,1166.4788818359375,1182.5222923111546,1164.4960378551918,1181.6209795883565,2449753,-0.6257819023977818,0
2020-01-23,1200.8189697265625,1207.6238146853252,1177.114401401037,1178.0157141126763,10056067,2.943909952023871,0
2020-01-24,1225.064208984375,1232.860586042344,1200.548546930343,1200.548546930343,5837319,2.0190586482268236,0
2020-01-27,1215.510498046875,1230.201941638704,1207.75922947436,1207.75922947436,2510013,-0.7798538939783772,0
2020-01-28,1213.7529296875,1221.2788697212964,1205.9565517985939,1217.5835091681756,2352852,-0.14459507854511777,0
2020-01-29,1230.9228515625,1239.2599949937369,1218.6650194412805,1219.5663322446574,3678474,1.41461424768059,0
2020-01-30,1234.978759765625,1240.9275122895733,1219.4762235495753,1231.1481803494494,2743506,0.32950141416063783,0
2020-01-31,1234.1676025390625,1241.1076667606287,1226.1908966184,1240.1612443560832,3939306,-0.06568187672445491,0
2020-02-03,1159.6739501953125,1175.221593502574,1146.4696977876304,1162.693325586512,5767353,-6.035942945714479,1
2020-02-04,1164.2706298828125,1178.286085771204,1160.4851607159026,1168.101208692181,3604309,0.3963769028980879,0
2020-02-05,1180.7646484375,1194.2392281723792,1167.1998494213065,1169.8136780386128,4220104,1.4166825247792891,0
2020-02-06,1187.56982421875,1194.2395615103849,1179.8636651378474,1192.3468264742094,2354458,0.5763363418997303,0
2020-02-07,1170.8052978515625,1184.6855366283353,1168.1013595193417,1183.4687863835425,3053804,-1.4116665837493936,0
2020-02-10,1158.45751953125,1173.9149478161537,1147.4614360882204,1171.7067752107525,3039992,-1.054639771699939,0
2020-02-11,1159.8995361328125,1170.7602900310687,1157.2857068462863,1164.4962096926806,2200796,0.12447729651285933,0
2020-02-12,1169.2730712890625,1171.5713527809678,1153.6803167485957,1161.8822407457747,2568696,0.8081333653690459,0
2020-02-13,1164.721435546875,1171.5713906442434,1158.1869179166063,1170.8052967888493,1545536,-0.38927055227309104,0
2020-02-14,1167.335205078125,1176.1680038241677,1163.234188144355,1167.1999861638255,1780119,0.22441155897698906,0
2020-02-17,1153.860595703125,1169.7687885334267,1150.9764387696548,1169.00269466268,2155085,-1.1543050630515528,0
2020-02-18,1159.403564453125,1162.5131592683265,1141.4674197986667,1155.032219882387,2347917,0.48038461237358554,0
2020-02-19,1154.942138671875,1170.8052205015247,1150.615793616732,1169.9039077836637,1820353,-0.38480352467731294,0
2020-02-20,1154.220947265625,1161.7018862031462,1149.4440562774444,1153.5900724256724,3034681,-0.06244394260991326,0
2020-02-24,1135.3836669921875,1146.3797489420217,1129.0294778959149,1146.3797489420217,3414064,-1.6320341714524789,0
2020-02-25,1119.4754638671875,1140.7464212180998,1117.7629477618193,1137.6368264422551,3133077,-1.401130171895404,0
2020-02-26,1091.625,1115.825226238016,1086.983217159166,1113.121287886874,5721483,-2.487813691867713,1
2020-02-27,1090.90380859375,1096.852450431694,1081.5752441179375,1092.7064340006132,4003149,-0.06606585652123576,0
2020-02-28,1070.3538818359375,1078.375476404515,1047.3252996121669,1072.2466163967983,6286647,-1.8837524074925338,0
2020-03-02,1046.333984375,1092.7064809495769,1037.0054194983786,1086.081854299427,3177486,-2.2441080346004005,1
2020-03-03,1064.7208251953125,1069.6780454581776,1047.370554275285,1050.9306957273843,3134527,1.757263081853866,0
2020-03-04,1060.529541015625,1070.6241985852118,1043.7200382566161,1068.0554795631176,3135151,-0.3936510003848759,0
2020-03-05,1065.75732421875,1070.0836698624805,1051.1109905609144,1063.639261048325,2625152,0.4929408376610267,0
2020-03-06,1044.5316162109375,1049.1282903236238,1019.2497435558302,1034.707282896495,3956575,-1.9916079885608062,0
2020-03-09,993.2017211914062,1023.7112513374273,961.9713167521406,1023.7112513374273,8038295,-4.914154270000138,1
2020-03-11,1006.7212524414062,1010.3265035142415,978.6454477305272,982.4309173475916,5628125,1.3612069896317136,0
2020-03-12,916.2294311523438,964.4497165072042,905.0080768271582,964.4046068619596,9200130,-8.988766361056765,1
2020-03-13,947.6851806640625,955.7969948464404,802.1682913684809,856.2470525843336,8117911,3.433173880057172,0
2020-03-16,873.1016235351562,939.1678334460428,866.972708177208,914.1564060198166,6671806,-7.87007738969222,1
2020-03-17,862.3311157226562,905.819463079456,847.3693436108294,876.0761374261008,4720207,-1.23359154560847,0
2020-03-18,815.282470703125,878.5546393703113,811.1815085234985,872.470778056385,5586097,-5.455983689061627,1
2020-03-19,759.8967895507812,796.7605045843333,755.0297335026881,787.6572674303276,7251950,-6.793434563186107,1
2020-03-20,779.3651733398438,791.1723487754299,749.2613044262993,765.2145516647732,6130185,2.561977370712598,0
2020-03-23,652.5955810546875,730.0183796048008,636.3268945408075,729.1621213647497,7308612,-16.265750205632823,1
2020-03-24,646.974853515625,690.7066374932598,614.1645522930473,690.0211859840041,7110384,-0.8612880169949322,0
2020-03-25,699.845947265625,708.2998486854187,604.1112257820153,637.1956943867256,16122446,8.172047717573783,0
2020-03-26,765.8778076171875,769.8077183852777,689.2443524017788,719.9525572200948,9028497,9.435199362024772,0
2020-03-27,765.0095825195312,813.4024710251624,742.1155128903729,793.2045218665137,6573448,-0.11336339674830054,0
2020-03-30,729.9144897460938,744.8573104089069,722.9228620042273,732.0622155061772,4474168,-4.587536362335898,1
2020-03-31,738.916748046875,752.1688109370168,723.1056772723158,749.4270048218151,8045468,1.2333305376514447,0
2020-04-01,707.7058715820312,742.4811590084573,700.5771864481869,737.4087727915418,4104403,-4.223869136454306,1
2020-04-03,707.97998046875,723.0141710610566,697.1498140308134,723.0141710610566,4268480,0.038732035118771435,0
2020-04-07,732.6561889648438,743.0293313641283,722.9227565916673,735.7178496286879,5768998,3.485438737936586,0
2020-04-08,737.6372680664062,760.3942827351798,729.0463084375116,734.8040905277458,6151091,0.6798658329222773,0
2020-04-09,742.8466186523438,762.5419136873181,735.1695954159538,762.5419136873181,6410296,0.7062211755640924,0
2020-04-13,790.9653930664062,797.3172551723782,738.4141082321314,742.8466725531032,9462711,6.477619094687204,0
2020-04-15,804.400146484375,846.8523949538592,794.2097459581157,814.2706361983041,10435477,1.6985260715244532,0
2020-04-16,833.1891479492188,840.6376872588652,795.2608325717073,800.561646215019,6980512,3.578940355824889,0
2020-04-17,852.6102905273438,859.0992090487741,837.1647611581672,849.9598557610212,5827648,2.3309404144218115,0
2020-04-20,836.7991333007812,861.8409826820406,832.5950532591081,859.8303138777773,4958362,-1.8544412848668812,0
2020-04-21,795.443603515625,828.573759701393,788.7262010570405,819.8000027209331,5122305,-4.942109538525452,1
2020-04-22,779.2212524414062,809.2897475896267,776.8450428584785,797.8655557828844,6090168,-2.039409331160724,1
2020-04-23,768.2540893554688,794.6668452243946,763.1360733322248,785.9844587613334,6321888,-1.407451741283483,0
2020-04-24,777.9418334960938,794.2098726658373,762.3592458850376,765.8778749067568,7960368,1.2610078195291585,0
2020-04-27,781.6432495117188,799.6021024038467,778.9014433164131,787.7666278376727,4224177,0.47579598579892135,0
2020-04-28,783.3796997070312,793.0217063963717,778.7642816100805,789.4573362542523,3772704,0.2221538018011726,0
2020-04-29,800.0133056640625,807.0506191857511,780.5008077823783,787.8122907592624,4837925,2.1233133770573787,0
2020-04-30,820.3026123046875,837.8958667212956,808.0101714389842,813.5852102039469,6332497,2.5361211491080837,0
2020-05-04,777.439208984375,804.2631919954366,772.275451404709,804.2631919954366,4678576,-5.225315959909638,1
2020-05-05,764.8724365234375,794.9408729161526,763.1359372276519,786.898253835938,4296433,-1.6164315248975436,0
2020-05-06,765.238037109375,775.017156251533,747.2335000353021,765.8778029938499,5081524,0.04779889671528981,0
2020-05-07,752.0316772460938,764.0956349713813,749.51835504425,761.3081433221373,3529134,-1.7257845562888119,0
2020-05-08,745.7255249023438,762.998868735316,740.2875986692624,761.3081107302414,4394509,-0.838548765238567,0
2020-05-11,750.8892211914062,756.2814617816354,746.0910608598612,750.5236805402179,2882920,0.6924392576932004,0
2020-05-12,744.6744995117188,748.741522907323,734.8040090539978,746.6851684043734,3024381,-0.8276482741125024,0
2020-05-13,788.6348266601562,796.905930325069,777.3020061390232,789.3659637752196,8625444,5.903294281899307,0
2020-05-14,796.6317749023438,803.8975163525262,769.0766016222544,784.9790991201884,6778584,1.0140242317289383,0
2020-05-15,790.0056762695312,808.8327206751997,780.5007270696277,806.0452292349589,5653901,-0.8317642908010736,0
2020-05-18,743.3492431640625,795.1236994712413,740.2875822663281,795.0323282554397,6211249,-5.905835173967877,1
2020-05-19,727.8123779296875,762.0392672038919,723.5626121133482,755.9158893347968,5533176,-2.09011650677714,1
2020-05-20,763.1360473632812,768.6196596796641,731.1483088510479,731.1483088510479,5949898,4.853403226539554,0
2020-05-21,749.8839111328125,772.2753259076497,747.6904441073019,764.0042226268506,4701930,-1.7365365292671409,0
2020-05-22,745.4970092773438,755.3674990154836,740.3789383071432,744.8572434332959,4607479,-0.5850107983836672,0
2020-05-26,754.499267578125,770.1732801160576,750.340873164648,751.1634372386031,4335209,1.2075512294150936,0
2020-05-27,777.6217651367188,783.4252872941676,755.8244322980682,760.3484228255747,5159287,3.064614977402824,0
2020-05-28,827.5684814453125,833.5090613783821,781.4147450422332,781.4147450422332,11481079,6.423009044739425,0
2020-05-29,852.0162353515625,856.8143959689888,814.316401928927,816.327070867905,10166556,2.95416687010035,0
2020-06-01,848.2691040039062,890.310129439221,844.476250048498,863.3490370404866,7617144,-0.4397957682238385,0
2020-06-02,864.0802001953125,870.9804010302478,834.4686721181351,854.5295644945244,7325471,1.8639245631812518,0
2020-06-03,878.5659790039062,889.1219203975081,872.8081978603219,873.6764475381901,4651554,1.676439155221865,0
2020-06-04,850.599609375,884.6893854900279,848.6803117429525,878.3375238902483,5355931,-3.1831837673265917,1
2020-06-05,873.0366821289062,877.2865035225431,855.9917667286694,859.099169014574,6071040,2.6377948574879406,0
2020-06-08,878.6116943359375,909.3656400536406,867.3246154883467,895.1996426457698,9858804,0.6385770862956885,0
2020-06-09,871.2545166015625,886.7457312044465,867.964371810766,881.4906031916399,5117749,-0.8373639665626875,0
2020-06-10,865.08544921875,876.9209225397409,855.169273501862,874.6360842840354,5175923,-0.708067191074746,0
2020-06-11,850.37109375,870.0663879080794,848.3147393668139,862.7549056567509,3602957,-1.7009135319566826,0
2020-06-12,846.6696166992188,849.8683899940722,813.4023521198714,813.4023521198714,5411314,-0.4352778543374902,0
2020-06-15,822.4503784179688,849.4571547078102,817.1495091834779,842.4655275230582,4982324,-2.8605299875611223,1
2020-06-16,818.0177612304688,845.1159645961006,814.4534471076786,840.8204576235438,4661460,-0.5389525379058568,0
2020-06-17,808.6499633789062,822.3133076267802,805.2683915242541,815.8700747501316,4681085,-1.1451826959687716,0
2020-06-18,819.480224609375,822.5418859832137,798.7795648325874,800.607435690328,5869802,1.3393015174594236,0
2020-06-19,820.896728515625,837.073395090964,818.0634955096697,824.3696716299125,5409996,0.17285394616144423,0
2020-06-22,829.3505859375,837.1647214716559,818.8860157626677,827.1114333317124,6839642,1.0298320273685935,0
2020-06-23,884.3237915039062,886.5172585802778,830.7672041747139,831.6811394928379,14580218,6.628464065563344,0
2020-06-24,873.3109130859375,904.7046258475165,870.066453747832,894.7427082133693,11985132,-1.2453445812240282,0
2020-06-25,861.932373046875,881.7647805338247,855.6719384535733,868.1471778130599,7508087,-1.302919712620465,0
2020-06-26,879.3885498046875,892.0922169040854,859.5561427963833,872.8082045407187,6554103,2.025237397234081,0
2020-06-29,855.9918823242188,873.8136228115382,849.9599309336945,868.238639125817,4575801,-2.6605608505665845,1
2020-06-30,862.4351196289062,870.2035701425355,851.2394115357346,867.0504820129191,3656480,0.7527217766589711,0
2020-07-01,844.7504272460938,860.0131586463073,838.0787103917786,860.0131586463073,6426017,-2.050553366892338,1
2020-07-02,860.2872924804688,868.8783066707321,846.3040934534947,855.4434465145475,6542705,1.839225495869301,0
2020-07-03,862.9833984375,873.1737992439694,860.5614476037272,866.4106557783955,3928063,0.31339599928967843,0
2020-07-06,869.3352661132812,876.9209179258751,865.1768716662133,871.0717097091708,3900219,0.736035906053556,0
2020-07-07,862.389404296875,879.1144664162234,859.0992592339609,872.8082899664178,4051767,-0.798985395756524,0
2020-07-08,860.2416381835938,881.3992636029226,857.2713483306358,863.6232100957062,5227021,-0.24904829565158826,0
2020-07-09,863.6231689453125,870.0664016244349,859.0991780745471,863.668854553667,3777760,0.3930908028189517,0
2020-07-10,851.9248046875,870.0663979194813,850.4624747510984,859.0991744162947,4537688,-1.3545681355560335,0
2020-07-13,848.2691040039062,863.4860938715075,845.3901853840483,859.0992154173031,3821300,-0.4291107223876045,0
2020-07-14,834.3316040039062,854.4838673312976,827.888315155436,848.1320054872135,3646237,-1.6430517077910434,0
2020-07-15,833.6918334960938,845.3901947645057,831.0413986807141,839.0383329555135,3229770,-0.07668060334071747,0
2020-07-16,841.87158203125,844.4762755032062,821.1252381324717,834.4229865091204,3134451,0.9811477342718256,0
2020-07-17,845.8928833007812,849.914221302287,838.9926823096829,842.7397950703038,2040517,0.4776620752334537,0
2020-07-20,840.4548950195312,851.696344041961,836.2508148751095,849.0459093103572,3035845,-0.6428696101603681,0
2020-07-21,857.3170776367188,861.2013030270188,841.3688939954021,847.2181027783766,4756570,2.0063161886630043,0
2020-07-22,841.64306640625,860.0131441979222,831.6811490118058,858.3680717629074,4977432,-1.8282630358508412,0
2020-07-23,837.66748046875,857.2257203592584,832.9150052280274,833.5090855514391,9075059,-0.47236008899538273,0
2020-07-24,826.5631103515625,835.7938345990501,820.7595877081635,835.7024633816231,6059379,-1.325629844311682,0
2020-07-27,826.0147094726562,836.2507959455853,819.1601947517908,829.8532488727776,3615970,-0.06634712728383896,0
2020-07-28,834.8799438476562,838.0787175788734,821.6278812468998,830.5844365378703,3793721,1.0732538141675185,0
2020-07-29,842.6027221679688,859.8760671227766,838.30721478966,840.4549405877204,7245021,0.9250166299026308,0
2020-07-30,830.0817260742188,852.4274550423974,826.380299310919,849.0458833173126,3364408,-1.48599046316088,0
2020-07-31,834.8342895507812,843.4709901054637,828.9850807671368,835.245571630945,2943858,0.5725416338267397,0
2020-08-03,837.0733642578125,840.591992852776,825.7862298244013,834.4229295728019,3583167,0.2682058864922787,0
2020-08-04,844.7047729492188,849.959901371678,837.713144996028,838.99267683785,3860346,0.9116774009614526,0
2020-08-05,853.462890625,861.5296476252363,848.8993996967343,851.803454724512,3007723,1.0368258776617179,0
2020-08-06,850.14404296875,860.7921512576298,848.3923817484005,853.7394781437152,2188023,-0.3888684197879466,0
2020-08-07,844.151611328125,854.4770157691773,842.722597861177,850.5127919638554,2461109,-0.7048725083927065,0
2020-08-10,885.0846557617188,894.25772304057,852.7715400129147,852.7715400129147,11861641,4.849015731805895,0
2020-08-11,886.7901000976562,903.200176567172,882.3648628872097,893.8888008951882,5427516,0.19268714295692657,0
2020-08-12,875.5889282226562,881.350898005643,871.2098311875864,877.6632373445315,3672458,-1.263114222155448,0
2020-08-13,913.34130859375,916.060969415733,877.2483096140097,882.2727582055998,8816193,4.311655750116294,0
2020-08-14,906.0581665039062,937.587674785953,897.39219815828,921.8690332815888,13443785,-0.7974173533284556,0
2020-08-17,922.652587890625,928.368472560434,910.5755230194276,923.75889722498,4735094,1.831496254898246,0
2020-08-18,926.1098022460938,929.2904205942359,917.6743128445008,927.4005058935008,4362050,0.3747038051855167,0
2020-08-19,930.3045043945312,944.9168362138627,926.8934635417787,937.818134963123,4914223,0.4529378847156318,0
2020-08-20,917.9970092773438,926.5247244024408,904.3987608346214,909.0083365779171,4791040,-1.3229534049389091,0
2020-08-21,916.52197265625,931.1343053362584,914.5398325678896,931.1343053362584,2806380,-0.1606798939633669,0
2020-08-24,913.9406127929688,923.2059055864113,912.6960497782392,918.2275409890165,2026255,-0.2816473516505047,0
2020-08-25,903.8455810546875,921.8229253954324,901.4485680477156,915.4616887363992,2914757,-1.10456101818599,0
2020-08-26,893.2896118164062,910.8520825179933,889.6480360626149,909.930167454716,4482066,-1.1678952090426353,0
2020-08-27,899.4203491210938,903.4767980690968,889.924634844214,899.097701343762,4466609,0.6863101533467253,0
2020-08-28,905.1823120117188,926.2481056589517,901.8173556821076,910.8521123442263,7821191,0.640630701346212,0
2020-08-31,871.1637573242188,917.6743892344504,866.9690545248145,910.9443634303274,8489726,-3.75819923081524,1
2020-09-01,880.6134033203125,890.5700761476184,869.6425900194945,889.6020764491316,5099949,1.0847152348392397,0
2020-09-02,880.9359741210938,884.8541133475534,873.9755262785238,881.7657202296842,2107714,0.03663023973574653,0
2020-09-03,886.0986328125,895.1794731373562,878.861566235178,885.0384080451719,3278899,0.586042441569834,0
2020-09-04,868.9049682617188,881.4891316890638,866.6001805474967,873.9755012330073,3130721,-1.9403781829803846,0
2020-09-07,859.3631591796875,876.5107570572327,844.7046869878405,873.1918852968145,3470806,-1.0981418487133299,0
2020-09-08,845.1195678710938,862.9125177198033,841.6623863097163,862.9125177198033,3738931,-1.6574589166924558,0
2020-09-09,838.4818115234375,855.537241444475,830.6455329110689,836.6840657644002,5656245,-0.7854221580003373,0
2020-09-10,849.0377197265625,850.9276344213225,840.7865683556296,846.0414956616987,2948599,1.2589310892678673,0
2020-09-11,845.7649536132812,849.5908675998207,840.7865894574843,848.1619104176377,2632298,-0.38546769327695296,0
2020-09-14,831.6596069335938,851.2503032262746,830.645522809666,850.3745288779885,5006356,-1.6677620205739818,0
2020-09-15,838.8966674804688,843.7367218188277,829.7236008615417,838.9427519822256,4488829,0.8701950276939208,0
2020-09-16,849.8213500976562,851.8495746244183,840.187325797462,843.5523385079466,3596197,1.3022679718109442,0
2020-09-17,835.53173828125,846.2720729174723,834.3793442760433,843.5524118113367,4512652,-1.6814842101536054,0
2020-09-18,830.3689575195312,842.7225863315009,826.957860331208,840.0490662525052,7496145,-0.6179036085857126,0
2020-09-21,812.9907836914062,833.2268307745546,806.0303361520299,830.6454798269407,4597697,-2.092825565160439,1
2020-09-22,789.6203002929688,818.6145420712916,785.4716822529006,818.6145420712916,5089087,-2.8746307913016134,1
2020-09-23,793.400146484375,805.4772685724275,787.8225711446802,798.5629050267147,3709291,0.47869161798446136,0
2020-09-24,784.273193359375,792.7548236039008,777.174435776373,789.1593321762459,11609426,-1.150359394996625,0
2020-09-25,819.81298828125,825.4827885543962,785.4716514091931,792.9391410803909,4961967,4.531558036510597,0
2020-09-28,832.35107421875,845.8571537315307,823.2702324602255,827.8798082298797,3853608,1.529383666363504,0
2020-09-29,825.5288696289062,841.5701582591552,822.7170398887897,838.8966382887292,3362381,-0.8196306584030255,0
2020-09-30,831.1986694335938,833.8722458528114,815.0651544502613,827.6954031482028,3582787,0.6868081799775494,0
2020-10-01,832.3049926757812,842.2616651198074,830.3689933533335,838.8967085575305,2506154,0.1330997369066278,0
2020-10-05,826.9118041992188,837.605997420569,825.1601429083191,837.0528708388298,2788003,-0.647982232958122,0
2020-10-06,822.9014282226562,833.9183253562114,818.8911198871089,830.691622378891,3497325,-0.4849823108337592,0
2020-10-07,818.568359375,825.1139334342176,807.643632751793,825.1139334342176,5073845,-0.5265598890762724,0
2020-10-08,812.2533569335938,824.192169751515,810.4095265762078,820.7810723365037,3918217,-0.7714691594270628,0
2020-10-09,837.5137939453125,843.5062421675532,816.4479998948191,818.1074921102105,9668150,3.1099209127410044,0
2020-10-12,835.0245971679688,853.4628990651361,831.6135000631464,845.3500574842288,6188905,-0.2972126304472855,0
2020-10-13,826.4508056640625,844.1976714038101,819.4442171169604,837.0528293527428,4548652,-1.0267711314115413,0
2020-10-14,843.7366943359375,845.3961302297614,817.9230720388455,826.9578285889814,5286914,2.091581078196847,0
2020-10-15,819.3981323242188,847.2399796897412,816.2636547354371,841.7084890715274,4927777,-2.8846158019563695,1
2020-10-16,824.2842407226562,832.9502648793422,820.0434539127557,824.1920717234442,2373435,0.5963045564404856,0
2020-10-19,832.3971557617188,835.2550700278521,814.972938084571,828.8016644095354,5800391,0.9842375528070102,0
2020-10-20,845.6727294921875,862.4515959532487,841.7085057245495,847.2399964522026,13188572,1.594860534851339,0
2020-10-21,852.2644653320312,858.3029982657683,837.698217324225,852.7254229036025,6390783,0.7794665252836008,0
2020-10-22,863.1891479492188,865.6783301203449,848.3002519648138,850.005772493033,6151367,1.2818418532716036,0
2020-10-23,867.7526245117188,874.4365092689139,855.5372489209827,866.6002305880644,5102184,0.5286763131049588,0
2020-10-26,877.4326782226562,884.3470413292177,869.3659212650011,875.6810170613015,6975809,1.1155314818418915,0
2020-10-27,905.2745361328125,909.0082810027604,880.5672229131558,885.0384886030934,9638520,3.1731047408164903,0
2020-10-28,906.104248046875,916.982891416582,898.129716065629,912.6498791233026,7369181,0.0916530710790564,0
2020-10-29,861.5296630859375,883.9321888176323,853.6933847165095,876.8334312761864,11852038,-4.919366072614584,1
2020-10-30,856.9201049804688,872.8692253201262,852.0339660929529,867.5221288721045,4797473,-0.5350434585104868,0
2020-11-02,856.7357177734375,864.7103061437008,848.7611856724081,857.3810696173189,3682174,-0.02151743271742168,0
2020-11-03,873.7450561523438,878.4929415344076,859.6858505534799,871.1176205645118,4049112,1.9853658515734285,0
2020-11-04,883.2366943359375,893.3861859286493,873.9800468902754,877.9740417282148,3369408,1.086316668318732,0
2020-11-05,900.3873901367188,901.9849995650599,887.4186652547138,894.6548557064147,2889134,1.9418006419758216,0
2020-11-06,902.8777465820312,909.221149953802,892.8692427631269,901.2331605226832,3419233,0.2765872193006169,0
2020-11-09,907.6705322265625,915.8934626585526,904.4283941145521,912.5103370814066,3040456,0.5308343973118079,0
2020-11-10,971.4334716796875,974.4407836716861,913.0741820170718,916.2694008197855,12149416,7.024899144484853,0
2020-11-11,995.63232421875,998.7806234962784,959.7334069284829,977.3539713151747,10254627,2.491045783837431,0
2020-11-12,1008.55419921875,1011.0445955777104,989.0541054934964,991.3565950287443,6743163,1.2978561147198198,0
2020-11-13,988.1612548828125,1003.8083390661976,975.568401872389,1000.8950953523545,5025096,-2.0219978610702682,1
2020-11-14,995.3973999023438,1003.4794573424581,990.5106758514439,996.1962906082563,911852,0.7322838234929074,0
2020-11-17,1015.7903442382812,1030.7795254997448,997.1360625488242,998.9685554042114,7611327,2.048723890371651,0
2020-11-18,1078.9893798828125,1084.7219137284046,1014.145704728158,1015.7902906922253,13436421,6.221661389380784,0
2020-11-19,1065.926513671875,1106.1013943943547,1040.975752388929,1057.2807372746186,10841151,-1.2106575332888059,0
2020-11-20,1064.093994140625,1091.0651540427448,1051.1252151565977,1071.3301254166486,7009257,-0.1719179988250219,0
2020-11-23,1058.0325927734375,1078.7073874137282,1055.213302595216,1070.2025975397535,4998877,-0.5696302582820945,0
2020-11-24,1067.1014404296875,1075.089430076233,1060.3351892042087,1066.6315586857731,4623887,0.8571425604647631,0
2020-11-25,1048.776123046875,1078.6606498592964,1045.4399165535165,1072.7400936003655,4651911,-1.717298533064815,0
2020-11-26,1051.4542236328125,1066.5843909471155,1035.1963861613372,1061.93260815227,7360928,0.25535483952068283,0
2020-11-27,1054.7904052734375,1071.1423104803691,1026.2215765363114,1060.992820429941,18995549,0.3172921431708442,0
2020-12-01,1048.72900390625,1071.3303613640198,1044.2651274005666,1071.3303613640198,3551604,-0.5746545794200864,0
2020-12-02,1046.66162109375,1063.8593394080397,1037.5928801762936,1052.582177160565,4434968,-0.19713222432101718,0
2020-12-03,1057.3748779296875,1068.9338996351341,1052.8170481008935,1066.631525049448,4087608,1.0235645045188813,0
2020-12-04,1080.258056640625,1092.0050994488092,1060.7579655790391,1061.9326698598575,6542918,2.1641500274474312,0
2020-12-07,1099.2412109375,1101.3087592625816,1075.0893372720325,1085.238827951346,5484461,1.7572795852047296,0
2020-12-08,1100.8388671875,1111.270217960217,1078.8954147910936,1104.1749584195484,4982626,0.14534173519908933,0
2020-12-09,1109.860595703125,1113.6196493718908,1096.093038697827,1107.0413054515504,4304573,0.8195321572061154,0
2020-12-10,1118.6473388671875,1121.84255736669,1099.5702107010381,1110.800337430306,4921373,0.7916979121594947,0
2020-12-11,1122.3594970703125,1143.5041739953958,1110.8003611310478,1116.4389416444035,6689415,0.331843475074467,0
2020-12-14,1174.3753662109375,1187.7669947801862,1125.9305166226645,1125.9305166226645,9723233,4.634510535742042,0
2020-12-15,1171.18017578125,1176.583815509027,1142.8462853956366,1174.7042886471916,6953407,-0.2720757367379534,0
2020-12-16,1191.85498046875,1201.0176739909818,1171.9320414662714,1180.5778192106188,5729223,1.7652966738195275,0
2020-12-17,1201.76953125,1206.6562552441644,1178.510386143074,1193.499567102873,5345257,0.8318588203869215,0
2020-12-18,1204.35400390625,1222.6323587711643,1193.499689192451,1206.6093446159805,10315248,0.21505559835268695,0
2020-12-21,1160.466796875,1257.8732949969508,1084.486949889041,1199.3730240865584,21153346,-3.644045429242937,1
2020-12-22,1186.63916015625,1191.619951898862,1140.4498823434005,1160.8427015639347,7998730,2.2553306438175547,0
2020-12-23,1188.6129150390625,1194.7213777600375,1173.153736707184,1191.620112337884,4057070,0.16633151416920455,0
2020-12-24,1186.16943359375,1203.8370331284257,1177.9935371010786,1198.1984521770046,3277840,-0.20557419614040118,0
2020-12-28,1211.7310791015625,1213.234677757197,1190.2104720212935,1198.198461766403,3405825,2.154974220703698,0
2020-12-29,1207.4549560546875,1217.0406113626416,1191.3379911415077,1216.9465432508582,3778319,-0.3528937336529814,0
2020-12-30,1214.2215576171875,1218.262472108268,1194.4394887266008,1210.6033761253868,2866392,0.5604019867216925,0
2020-12-31,1210.039306640625,1225.451449035122,1204.7766546495602,1215.1140518423413,3889877,-0.3444388670523879,0
2021-01-01,1218.873291015625,1221.6455475254159,1205.7166016754409,1205.7166016754409,2058419,0.7300576375097512,0
2021-01-04,1235.4130859375,1242.88427466408,1223.5720886680285,1226.3913791949135,4014636,1.3569741041821626,0
2021-01-05,1227.6129150390625,1233.909283623067,1217.0405773080956,1228.2707034998846,2833637,-0.631381599177272,0
2021-01-06,1234.8492431640625,1249.8854592147666,1221.6925541196965,1229.2106621450487,4615963,0.5894633427483642,0
2021-01-07,1258.296142578125,1265.673376948294,1245.1864892013423,1249.8853061417246,4270598,1.8987661484882512,0
2021-01-08,1290.6710205078125,1299.6456917581202,1265.8612448807396,1268.4926281734622,4984995,2.5729140251002036,0
2021-01-11,1268.6806640625,1301.5253509230083,1263.9818467881944,1298.7530946180557,3252470,-1.7037925308542534,0
2021-01-12,1268.4927978515625,1284.5156964393634,1263.0891578131886,1272.4397586013988,2836161,-0.014807998281929358,0
2021-01-13,1271.030029296875,1290.295179463667,1263.3240151170442,1272.4396744310307,4389762,0.20001938123810348,0
2021-01-14,1293.678466796875,1305.9893462329137,1274.5543016928011,1276.1988878885338,5168591,1.7818963343084082,0
2021-01-15,1272.580810546875,1301.1026108163408,1264.02898534411,1293.7724093755548,2587576,-1.630826885619996,0
2021-01-18,1255.571044921875,1272.298766056605,1246.2673635147157,1264.169789000925,3185998,-1.336635401384867,0
2021-01-19,1287.3348388671875,1298.7529868396464,1256.4636348803238,1259.3299590666725,3885798,2.529828485116825,0
2021-01-20,1299.3641357421875,1309.1376999094487,1280.4749107434545,1286.5363399424843,3957992,0.9344341900655362,0
2021-01-21,1288.69775390625,1311.909866838056,1279.0651778782485,1310.9701033231288,2985423,-0.8208924305768139,0
2021-01-22,1280.0517578125,1292.1747291237223,1267.2709979806104,1279.9578044120071,3282665,-0.6709095338718996,0
2021-01-25,1279.300048828125,1312.28572345556,1261.1625680945715,1287.4759450741901,4847989,-0.05872488981693014,0
2021-01-27,1277.9373779296875,1308.8085860916456,1249.9794136865903,1286.3483301205506,8896211,-0.10651691131300378,0
2021-01-28,1264.310791015625,1282.871119982579,1259.283079276882,1263.6999218023818,2962948,-1.0662953560477417,0
2021-01-29,1254.3023681640625,1286.5363039153046,1245.2806609997024,1279.9579590450292,5130876,-0.7916109648579917,0
2021-02-01,1361.5762939453125,1373.9342066406891,1256.6516785453477,1264.6867021796904,11317043,8.552477337523335,0
2021-02-02,1428.62841796875,1497.0432462320969,1385.211390424426,1385.211390424426,14349665,4.924595435570245,0
2021-02-03,1436.4754638671875,1464.1514515150357,1414.343988786989,1437.838074979464,6197782,0.5492713010423422,0
2021-02-04,1437.650146484375,1456.633321954574,1419.0427846138107,1433.139236116597,3957579,0.08177533461135589,0
2021-02-05,1425.1513671875,1453.814154328429,1420.0766212748413,1441.9731570103756,3270494,-0.8693894914169165,0
2021-02-08,1458.3248291015625,1475.4284763803628,1428.4403083427717,1429.5210591510777,5223019,2.3277149836743005,0
2021-02-09,1472.092529296875,1479.6576715674546,1451.9346475526945,1463.2118098637834,3825206,0.9440763758918225,0
2021-02-10,1459.311767578125,1469.7901538305284,1436.6164554946495,1466.0310997286601,2578777,-0.8682036940201421,0
2021-02-11,1438.3079833984375,1465.9370522170295,1434.5959635980182,1456.0695358330481,2720190,-1.4392938264689903,0
2021-02-12,1429.708984375,1450.994647713987,1424.7752266674233,1442.536777358141,1867284,-0.5978551967096624,0
2021-02-15,1445.02734375,1450.994818928444,1429.7091530777914,1435.0188397044908,1917477,1.0714319866778066,0
2021-02-16,1456.116455078125,1479.1876940326765,1446.2959727549485,1447.2357362200264,3838556,0.7673980271783343,0
2021-02-17,1455.0826416015625,1472.6092520050524,1440.6572963138133,1450.9946937433317,2340184,-0.0709979942165484,0
2021-02-18,1432.7633056640625,1457.7609900149653,1423.8825871174313,1449.3031191259008,2446843,-1.5338878562205838,0
2021-02-19,1417.9151611328125,1453.8140795900354,1408.5644458306508,1432.0585324432886,3044240,-1.0363292019380799,0
2021-02-22,1364.724365234375,1420.8752284519037,1359.9315948320534,1419.8885457110443,6168108,-3.7513383985500193,1
2021-02-23,1396.7703857421875,1407.7655716229856,1372.0545624629901,1373.9340892608845,3733776,2.3481679761985452,0
2021-02-24,1434.6427001953125,1439.7174452040942,1397.1461197690755,1397.1461197690755,2380414,2.7114202047605174,0
2021-02-25,1415.7066650390625,1447.7996111980942,1411.5247633912704,1441.5971951013375,3168105,-1.3199129758003192,0
2021-02-26,1355.6087646484375,1403.5367001750028,1348.7015262954053,1392.7294205954831,5579058,-4.245081405261786,1
2021-03-01,1384.130615234375,1396.4885279099972,1351.5677877875112,1368.2956235780323,2494481,2.1039883578308327,0
2021-03-02,1396.159423828125,1399.9184771741611,1370.3159320741258,1390.1919495847333,2089473,0.8690515520251685,0
2021-03-03,1406.7320556640625,1419.04293500443,1392.118686837225,1403.536836708024,2184001,0.757265370665805,0
2021-03-04,1374.4979248046875,1404.3354127309854,1370.175036111564,1384.271487100366,3530366,-2.2914193736886523,1
2021-03-05,1375.390869140625,1388.2185487018996,1352.4135835233337,1366.0401538059884,3306902,0.06496512798042087,0
2021-03-08,1423.929443359375,1433.1391704729049,1381.452183996833,1388.9702911206252,4150049,3.5290749202863347,0
2021-03-09,1417.4451904296875,1439.9995121621196,1401.9390942386406,1433.139193414953,3779948,-0.4553774036998415,0
2021-03-10,1432.387451171875,1442.302001778597,1416.69344693353,1431.2597808821004,2210547,1.054168502815811,0
2021-03-12,1422.8018798828125,1470.7298163914145,1412.6054692749165,1434.361016339422,4885349,-0.6692024061799917,0
2021-03-15,1394.3740234375,1436.0525096360634,1375.1559067098653,1428.440448609941,3181450,-1.9980193199951257,0
2021-03-16,1373.7462158203125,1406.825842379491,1369.2353055089634,1398.649946497037,3233903,-1.47935971772728,0
2021-03-17,1351.0509033203125,1403.0197516011312,1345.5062762004543,1387.0908075235695,5178384,-1.6520746145566534,0
2021-03-18,1342.076171875,1381.170308797425,1334.4641108060991,1367.872747636055,3381940,-0.6642778168651109,0
2021-03-19,1326.2412109375,1336.2026808804596,1295.5579103769721,1329.7653239869355,9920812,-1.1798854095872335,0
2021-03-22,1315.7158203125,1332.0206926844276,1308.3856197593382,1324.1266570234568,2964175,-0.793625664637565,0
2021-03-23,1319.7568359375,1331.1749852991477,1313.8833141174366,1317.4544612709244,2564844,0.30713437982681224,0
2021-03-24,1286.6771240234375,1322.2471469302502,1278.1252997479287,1315.668802915672,4237815,-2.5065005168595333,1
2021-03-25,1288.5096435546875,1305.331432255783,1279.0180556516348,1279.0180556516348,3894604,0.14242264022847895,0
2021-03-26,1314.0711669921875,1323.1868258000918,1298.7529781645787,1302.7940065450275,3093766,1.9838053650092835,0
2021-03-30,1337.800537109375,1342.1703461358268,1311.4871559466274,1323.1871670410253,2801282,1.8057903341340609,0
2021-03-31,1333.430419921875,1345.3653701880812,1325.4424303705912,1337.8472623751081,2400871,-0.3266643319595808,0
2021-04-01,1357.5823974609375,1360.636628989606,1334.9341189148738,1345.7413997086232,1380763,1.8112664281708435,0
2021-04-05,1319.2398681640625,1352.3194929882181,1298.1891456772323,1352.3194929882181,2548649,-2.824324281795809,1
2021-04-06,1316.6085205078125,1330.9869463831124,1309.3723882305928,1321.2133841011394,1824079,-0.19945937958287807,0
2021-04-07,1319.56884765625,1331.8326916290412,1305.5663495582855,1317.5483333314496,1841308,0.22484490281862168,0
2021-04-08,1333.665283203125,1348.3726037000781,1325.0664249488439,1325.0664249488439,1644834,1.0682607104519404,0
2021-04-09,1319.5218505859375,1331.6448221573487,1312.943506369211,1328.8255317787516,2015002,-1.060493423298725,0
2021-04-12,1264.122802734375,1309.9831893579335,1251.7648906675993,1309.9831893579335,3755497,-4.198418376093005,1
2021-04-13,1290.9530029296875,1298.753085436781,1266.096305611218,1266.096305611218,2063654,2.1224362172153732,0
2021-04-15,1291.845947265625,1307.3050113013326,1276.2928151040228,1295.8868615761505,2625838,0.06916939144268053,0
2021-04-16,1277.2794189453125,1309.3723612673834,1273.6613528812074,1278.5480765629584,3752588,-1.1275747198142838,0
2021-04-19,1231.5130615234375,1265.1096074350855,1227.3311597374097,1259.2831194855507,4157065,-3.583112414013967,1
2021-04-20,1251.2950439453125,1258.766117547246,1238.326262341981,1240.4877641816092,2989204,1.6063152750815046,0
2021-04-22,1256.275634765625,1258.8129498078088,1228.505583155101,1231.089932249518,2398100,0.3980348874881523,0
2021-04-23,1243.213134765625,1263.65299052353,1235.2720645029103,1249.8854325523473,2062964,-1.0397797775037576,0
2021-04-26,1255.429931640625,1260.4106087614143,1243.3069610048456,1249.9323387701002,1431562,0.9826791990339645,0
2021-04-27,1297.484375,1304.8144607678985,1255.4299624012017,1258.343206028849,4303909,3.3498041029193404,0
2021-04-28,1293.0203857421875,1315.6216249468318,1289.8251674840324,1301.4312216396283,3220346,-0.3440495580389946,0
2021-04-29,1276.8095703125,1305.848282405984,1271.9697658440507,1300.585515575896,2221346,-1.2537169257685443,0
2021-04-30,1259.705810546875,1282.7770480302006,1255.6178626779135,1268.6805969529455,1968093,-1.3395701413358663,0
2021-05-03,1261.6324462890625,1269.9024106320721,1239.6889924199554,1245.6564674533724,1653245,0.15294330835475822,0
2021-05-04,1257.0274658203125,1269.5263645784264,1250.8250504968278,1268.6805545985858,2029558,-0.365001746926763,0
2021-05-05,1258.014404296875,1265.6264655344808,1244.2468463840005,1261.350495817496,1813150,0.07851367638322948,0
2021-05-06,1259.18896484375,1274.8360479279784,1255.2889239072595,1263.0419717247664,2333882,0.09336622401645567,0
2021-05-07,1261.8201904296875,1277.984188704149,1258.3431119594,1265.861218677604,2362325,0.20896193179902323,0
2021-05-10,1310.9700927734375,1314.5881593333456,1265.861444419943,1265.861444419943,3929224,3.89515897086834,0
2021-05-11,1300.256591796875,1315.5747808033507,1293.2083664350996,1296.8734665666648,1975828,-0.8172193275513551,0
2021-05-12,1301.8543701171875,1339.162933680919,1294.0542874937723,1296.873577880469,4283174,0.12288177044381676,0
2021-05-14,1330.2352294921875,1338.1292658073978,1291.2820784433998,1310.0303143144538,4558155,2.1800333452385523,0
2021-05-17,1303.217041015625,1354.199211179748,1285.7843821048737,1346.6811031371124,9620003,-2.0310835164752516,1
2021-05-18,1331.9267578125,1336.3436000551912,1312.8495142595657,1320.3676217141658,3312380,2.2029881357675363,0
2021-05-19,1318.910888671875,1348.560469622587,1315.6687508513044,1328.8254383598173,3215258,-0.9772210869914311,0
2021-05-20,1324.8316650390625,1340.9955522173748,1317.2196032250577,1325.8184626537725,1996254,0.4489140561383609,0
2021-05-21,1332.631591796875,1338.880926898248,1322.3411132999504,1329.7652674183798,2185322,0.5887485152751504,0
2021-05-24,1356.3134765625,1370.1749861965184,1325.0663446756453,1334.4639783258272,5035538,1.7770766437926966,0
2021-05-25,1363.5496826171875,1373.887080193634,1355.2327993286713,1372.0545874192403,2892219,0.5335201765470421,0
2021-05-26,1384.1776123046875,1387.6546911924872,1365.2883898505067,1371.0209239680337,3230579,1.5128110072166079,0
2021-05-27,1393.528076171875,1395.5485903403883,1373.6990922087964,1387.0436860409934,3747221,0.6755248592425156,0
2021-05-28,1389.0643310546875,1409.31627926798,1385.117370455686,1397.5222020958777,2315923,-0.32031971178145824,0
2021-05-31,1379.2908935546875,1387.090976777114,1369.7523854542915,1383.6138975867186,2405318,-0.7035986225763402,0
2021-06-01,1385.822265625,1402.5970211251627,1374.8739979270438,1377.6462543599662,2077742,0.47353115291581815,0
2021-06-02,1382.439208984375,1385.7753007393308,1367.4029922619252,1379.854859235204,2469417,-0.2441190854369224,0
2021-06-03,1419.8416748046875,1423.7417163109646,1384.4595557430196,1390.943946899366,3025466,2.7055414500136044,0
2021-06-04,1444.9334716796875,1454.0491320984056,1425.5273317041965,1427.453778124014,5677538,1.767224988550331,0
2021-06-07,1463.9635009765625,1474.9586870992732,1447.940488785094,1452.3573309704393,3131245,1.317017680734689,0
2021-06-08,1455.8345947265625,1487.6455650728958,1452.9213509285498,1466.9707688432031,3945382,-0.5552670025296025,0
2021-06-09,1427.78271484375,1461.332225516961,1422.1441339092794,1456.6334080715687,3025732,-1.9268589978850725,0
2021-06-10,1428.1583251953125,1441.5969870632937,1423.7414833121836,1433.1391168653995,1584311,0.02630724883116997,0
2021-06-11,1412.8873291015625,1435.159791950469,1408.3765333205372,1429.380223723724,1909384,-1.0692789324784124,0
2021-06-14,1424.4462890625,1427.970401603476,1388.970222816675,1412.8871540412167,2005404,0.8181091105323723,0
2021-06-15,1419.794677734375,1431.91753456454,1415.1427797885783,1428.4404556580494,1831871,-0.3265557546003661,0
2021-06-16,1401.0933837890625,1424.6814240002398,1398.368046775961,1415.1428018129945,1504791,-1.3171829869904061,0
2021-06-17,1397.9451904296875,1409.504212236898,1391.0848712375912,1391.7896938374415,1675778,-0.2246954696810577,0
2021-06-18,1387.0906982421875,1401.1401143734088,1372.148438102235,1397.9450107718185,4649835,-0.7764604980087686,0
2021-06-21,1378.679931640625,1380.8883526708178,1360.072570571624,1372.0545538328354,1970012,-0.606360248267912,0
2021-06-22,1408.893310546875,1414.15607761149,1381.0294161825345,1381.5462172468403,3862264,2.191471581826554,0
2021-06-23,1390.1451416015625,1416.2235784306606,1387.1848636667069,1414.3440514519868,1818874,-1.330701821420055,0
2021-06-24,1413.4512939453125,1422.0500379281498,1392.7294635301917,1400.247571295537,2762042,1.6765265472135749,0
2021-06-25,1432.0587158203125,1437.1804961880503,1416.6936041515683,1419.5128949060986,2099002,1.316452993796613,0
2021-06-28,1423.2247314453125,1435.9115382028713,1419.3717241883128,1434.0790453358895,1173658,-0.6168730567684633,0
2021-06-29,1419.8885498046875,1437.6501010806985,1413.3102059778105,1421.8620300093082,2174022,-0.2344100384790937,0
2021-06-30,1410.1619873046875,1431.6355576179826,1405.4161363435576,1424.6812856548534,2139362,-0.6850229548888143,0
2021-07-01,1402.4090576171875,1412.4644807549691,1390.9909086317125,1406.9198533960534,2060651,-0.5497900069139305,0
2021-07-02,1396.159423828125,1410.255873875761,1386.6208030191171,1409.6450047635892,1814564,-0.44563558364926203,0
2021-07-05,1417.1162109375,1422.8018255460197,1398.3679764943706,1400.2475033444975,1605396,1.5010310965716034,0
2021-07-06,1414.813720703125,1427.5005259037177,1409.6450222880687,1415.283602377221,1072506,-0.16247716430057846,0
2021-07-07,1425.1044921875,1428.1587239450535,1404.9466084745434,1404.9466084745434,1096808,0.7273587564065265,0
2021-07-08,1410.302978515625,1432.1995130202101,1406.8258996005607,1412.4644803604829,1456033,-1.0386265535627492,0
2021-07-09,1409.269287109375,1412.3235184095029,1396.0186450276494,1407.6717350854274,1248405,-0.07329569759102483,0
2021-07-12,1410.35009765625,1424.6814912856073,1401.7512385351906,1413.7802574355742,865284,0.07669297534269592,0
2021-07-13,1422.42578125,1423.7414728812523,1410.9136802316534,1423.7414728812523,995833,0.8562188646505264,0
2021-07-14,1451.652587890625,1456.5394267705742,1417.1633143888716,1422.3790475402548,4010254,2.0547157557100126,0
2021-07-15,1512.408203125,1527.1155232617014,1456.5862342850992,1456.6332683419305,9066480,4.185272408921059,0
2021-07-16,1521.2421875,1525.04827561662,1499.0167574619602,1512.4083875295278,4157388,0.5841005329610738,0
2021-07-19,1512.643310546875,1540.6483088057898,1501.3661485178716,1503.6216038671173,3027093,-0.5652536475639236,0
2021-07-20,1494.552734375,1524.9071387750344,1486.7057327492544,1512.8781210934644,1847026,-1.1959578339281185,0
2021-07-22,1543.232666015625,1547.9314835507837,1495.6806555032636,1513.0192463211094,3231269,3.257157176255965,0
2021-07-23,1514.6636962890625,1546.8035594532614,1510.0588325751426,1544.971066666182,2259058,-1.8512418999218627,0
2021-07-26,1501.365966796875,1529.2770082707214,1496.855171361582,1514.6636416900076,2219416,-0.8779328061250147,0
2021-07-27,1511.3743896484375,1521.4768455406936,1488.8200695168894,1513.159962935626,3984778,0.6666211352129636,0
2021-07-28,1515.1285400390625,1521.8764768886033,1475.972083019454,1513.465339044031,4119892,0.24839314575777482,0
2021-07-29,1516.83935546875,1527.626379060454,1507.3353494821038,1514.9385542714208,1672177,0.11291553056240744,0
2021-07-30,1522.01904296875,1544.3060073584293,1506.38499900679,1518.7402072005366,2536568,0.3414789760910031,0
2021-08-02,1533.8990478515625,1537.7482168029928,1522.589373185783,1526.6285758566191,1083353,0.7805424602073341,0
2021-08-03,1553.287109375,1557.4213285475553,1530.430045849833,1544.4008874717624,1777140,1.263972459634366,0
2021-08-04,1542.690185546875,1562.7437307338848,1533.5663631199316,1558.6569618057983,2067087,-0.682225698273442,0
2021-08-05,1546.6820068359375,1551.8616438577008,1529.0045783396986,1539.6490189782053,1831728,0.25875715853131975,0
2021-08-06,1530.4775390625,1557.7065386738177,1528.5292874978588,1546.3017318012821,1192143,-1.047692266530409,0
2021-08-09,1518.21728515625,1543.4504657156983,1511.1368475911086,1539.6488635833937,1223794,-0.801073755957249,0
2021-08-10,1509.66357421875,1530.0497338293596,1494.0295329551045,1526.3431488078231,1429931,-0.5634049237306371,0
2021-08-11,1504.769287109375,1518.6451123962663,1485.2385087530881,1511.32695830923,1370930,-0.32419720479165415,0
2021-08-12,1542.927734375,1546.3017027510166,1503.5336777824882,1511.1368822213376,1645811,2.5358337382687113,0
2021-08-13,1585.6483154296875,1593.6317033263667,1544.4009079765895,1545.3513085353443,5439442,2.7687998668318947,0
2021-08-16,1573.9583740234375,1593.8693357419647,1571.3447724339362,1590.970567572785,1794407,-0.7372341831727192,0
2021-08-17,1557.4688720703125,1582.4168860394022,1544.448431186054,1575.7640823143115,1838525,-1.047645365040606,0
2021-08-18,1551.861572265625,1578.7103887962264,1546.3967689009894,1565.309763748694,1570228,-0.36002644452429733,0
2021-08-20,1514.5582275390625,1542.5000256994167,1511.1368089107038,1538.6034068166837,2416059,-2.4037804268909,1
2021-08-23,1502.345703125,1538.698524978254,1490.1330789865883,1520.7359309770366,1973841,-0.8063423506606382,0
2021-08-24,1526.1531982421875,1533.3286525438227,1504.293986327736,1511.1368236512021,1580003,1.5846882024334263,0
2021-08-25,1514.74853515625,1545.3513883219048,1511.136966440239,1534.8494151991692,1795313,-0.7472816686472483,0
2021-08-26,1516.6015625,1523.444399534115,1506.3847573633088,1514.7483279745013,2051262,0.12233234102840829,0
2021-08-27,1556.8511962890625,1584.0326301871237,1518.7877219508207,1524.442559102309,4903187,2.653935930457174,0
2021-08-30,1577.760009765625,1601.3774414262127,1563.5040007935563,1565.0246185474373,3345934,1.3430193923736011,0
2021-08-31,1589.2598876953125,1592.871456496992,1563.40903695558,1577.7126128489012,3264644,0.7288737107359999,0
2021-09-01,1602.755615234375,1632.7882513695813,1589.2598569349389,1589.3074233718175,3530101,0.8491831728436594,0
2021-09-02,1602.5654296875,1625.1850101532214,1598.5737936127007,1604.1811803011642,2400278,-0.011866160072515619,0
2021-09-03,1607.6025390625,1619.767712574896,1589.16474508915,1612.8297421159104,2336258,0.3143153647075847,0
2021-09-06,1610.168701171875,1630.8874813151428,1606.3670986513268,1615.6810712329504,1850835,0.15962665192550407,0
2021-09-07,1598.2886962890625,1620.4330774190166,1596.1502948672485,1610.1687041880289,1734879,-0.7378111917196173,0
2021-09-08,1583.89013671875,1610.643820295918,1575.76416533442,1598.5737793078977,1644392,-0.9008735157636671,0
2021-09-09,1587.216552734375,1597.2432093557652,1573.1030111514378,1573.1030111514378,1225239,0.2100155773755885,0
2021-09-13,1588.7845458984375,1592.5386976635045,1578.1401061924853,1579.6132734446508,1578773,0.09878886163083855,0
2021-09-14,1612.30712890625,1614.54066323609,1592.301264924745,1592.871482108994,1407269,1.4805395148472345,0
2021-09-15,1631.837890625,1639.0609122493202,1612.829877921156,1615.6810798267327,2757989,1.2113549192081852,0
2021-09-16,1635.8770751953125,1642.7674797240945,1624.4722676993974,1624.8048847148882,2128381,0.24752364150371076,0
2021-09-17,1631.077392578125,1655.3126068271065,1621.4783701375493,1638.4905633429144,3473932,-0.2934011784849089,0
2021-09-20,1619.815185546875,1648.9449861714284,1615.6333998427826,1615.8709999848822,1820374,-0.6904765575500127,0
2021-09-21,1635.54443359375,1644.9058564027825,1608.4580161981244,1614.350453576156,2029747,0.9710520179846638,0
2021-09-22,1626.0404052734375,1644.1930334803994,1621.3834191430992,1635.5444112473126,1487933,-0.5810926395579119,0
2021-09-23,1681.923828125,1686.9609975097574,1629.984530225494,1633.0733320519203,3702946,3.4367794717970135,0
2021-09-24,1681.02099609375,1720.225019324205,1663.2009855344522,1691.7130024293285,3612494,-0.05367853265129119,0
2021-09-27,1653.31689453125,1694.3267044671097,1650.845876123612,1684.109897807162,1650711,-1.6480520842319657,0
2021-09-28,1650.98828125,1671.8020757746851,1633.738488663936,1658.7340686664077,1442615,-0.14084494563337824,0
2021-09-29,1635.6395263671875,1655.5979401113543,1631.4577402843165,1646.093933566513,1698747,-0.929670734621546,0
2021-09-30,1618.484619140625,1648.2322036611274,1612.8297821034646,1634.6414289790216,1792078,-1.0488195565109715,0
2021-10-01,1612.7347412109375,1627.5609668149893,1603.800952700902,1613.304958346537,1563937,-0.3552630566696746,0
2021-10-04,1630.174560546875,1638.4429990126325,1600.5221094810274,1612.3545500468,1588493,1.0813817604526044,0
2021-10-05,1631.5526123046875,1653.696991994571,1621.383372610769,1629.4617774567193,1705242,0.08453399968100239,0
2021-10-06,1610.9765625,1649.800403302305,1606.176993126096,1631.5526424100342,1845661,-1.261133085719024,0
2021-10-07,1627.513427734375,1643.527770328981,1615.6809869129672,1625.1849927183378,1378863,1.0265118450086153,0
2021-10-08,1641.246826171875,1654.6474514844913,1634.6890388014504,1653.6970508805368,1755402,0.8438270433576589,0
2021-10-11,1631.7427978515625,1660.2072491450451,1629.937013525567,1647.7570246063858,1528151,-0.5790736754982873,0
2021-10-12,1632.978271484375,1639.9638087367525,1615.681026896818,1625.660233239416,1671988,0.07571497385734371,0
2021-10-13,1665.149658203125,1676.4118837370572,1638.5384375585593,1641.3420733273258,2105025,1.970105008776768,0
2021-10-14,1700.5517578125,1727.7331904559037,1679.7854128934093,1686.9609834829519,4440909,2.126061128197798,0
2021-10-18,1699.743896484375,1720.7002759951517,1693.6138590573655,1717.5164572073584,1918546,-0.04750583593904345,0
2021-10-19,1754.487060546875,1791.5051172259816,1712.6694344683906,1720.03503906176,6639827,3.2206713126446074,0
2021-10-20,1717.0887451171875,1775.9661328396749,1707.204671531428,1762.9931412387405,3295376,-2.131581148169337,1
2021-10-21,1716.185791015625,1735.906602403455,1702.2149493543789,1724.9769960921276,2774633,-0.052586338599569515,0
2021-10-22,1703.3553466796875,1740.6585674118273,1692.9959577190891,1725.927359224613,1520637,-0.7476139473421739,0
2021-10-25,1695.6573486328125,1722.886350550501,1673.0377666800653,1703.3555707206956,2488386,-0.45193142240581574,0
2021-10-26,1707.1568603515625,1722.0306510505943,1693.1860197169628,1696.4648549631393,1930107,0.6781742625078024,0
2021-10-27,1696.037353515625,1724.0266033993767,1687.0559986790188,1711.671396208532,1408879,-0.6513465220558401,0
2021-10-28,1724.2642822265625,1769.6459107101332,1702.1674683575986,1710.2934398640773,6379424,1.6642869717714337,0
2021-10-29,1679.025146484375,1734.3859782456927,1649.705312866283,1731.6297934613042,3984689,-2.6236776002672713,1
2021-11-01,1706.3017578125,1715.4731471485957,1664.3415465502956,1687.9115287179534,2316925,1.6245504949844225,0
2021-11-02,1725.5948486328125,1733.958304187265,1706.3492367500428,1710.7210562461994,1687119,1.1306962987043034,0
2021-11-03,1795.7818603515625,1820.0170746616789,1727.8282202271187,1727.8282202271187,11580233,4.0674096688663175,0
2021-11-04,1814.2672119140625,1825.5770024626083,1805.761172795857,1805.761172795857,764191,1.0293762271816886,0
2021-11-08,1829.0933837890625,1856.987616101336,1817.3558444478797,1848.101394361745,3674523,0.8171989097106813,0
2021-11-09,1847.1986083984375,1866.681820966781,1834.5583498537615,1837.5995854093692,3550645,0.9898469247026087,0
2021-11-10,1853.4237060546875,1857.0827250682898,1836.1739124011956,1836.8391463979613,3208195,0.33700207589737463,0
2021-11-11,1835.8887939453125,1883.456390416093,1830.138939920561,1851.2377868495848,7061537,-0.946082218118427,0
2021-11-12,1862.7376708984375,1867.5372404927532,1832.4674339948633,1843.7772247104026,2026320,1.4624457124893242,0
2021-11-15,1850.4775390625,1876.5659891886226,1846.6283702170138,1863.9731812085015,1127678,-0.6581781228499062,0
2021-11-16,1858.318359375,1881.7456416019122,1847.578786074358,1853.2811897350814,2279531,0.42371875080808863,0
2021-11-17,1856.0372314453125,1880.74764540112,1847.1510096297275,1852.3306461488032,2166686,-0.12275226783287074,0
2021-11-18,1802.909912109375,1857.0827455254184,1799.1083097643896,1856.0373280836868,1883794,-2.862405906295684,1
2021-11-22,1772.02197265625,1805.7611949835748,1746.6937726918927,1804.097993882932,2407464,-1.7132270029502794,0
2021-11-23,1792.7880859375,1801.5792911801914,1753.0138454210025,1758.2410485382786,2028470,1.1718880240588536,0
2021-11-24,1770.12109375,1808.0421003843473,1754.3919176247616,1800.058712248322,1361828,-1.2643430846790094,0
2021-11-25,1758.14599609375,1774.255238968243,1747.0262400781398,1762.9930156830555,1930012,-0.6765129062939246,0
2021-11-26,1689.954833984375,1750.4002883650653,1680.8784619346125,1729.7290755121046,2796595,-3.878583590946494,1
2021-11-29,1679.5953369140625,1701.2645154078418,1649.087503099268,1689.8121426132143,2111420,-0.6130043751458203,0
2021-11-30,1677.219482421875,1709.6756865711586,1664.4366405785024,1679.5954839552678,3385628,-0.1414539823951122,0
2021-12-01,1697.4154052734375,1705.0186097763421,1674.6533581991446,1676.50659289045,1359786,1.2041311863608906,0
2021-12-02,1700.456787109375,1705.0187566102659,1675.5563366242468,1697.3679850140666,2813690,0.17917722594531504,0
2021-12-03,1711.908935546875,1753.2989245724793,1707.4420995120288,1710.6733684653957,3612772,0.6734748288998116,0
2021-12-06,1694.231689453125,1730.679530048648,1689.812303364358,1709.7707163962207,1566109,-1.032604347503041,0
2021-12-07,1708.915283203125,1720.2250734638444,1684.2048677832024,1701.4070953147013,2097201,0.8666815667188743,0
2021-12-08,1734.528564453125,1749.6874067692652,1712.6217854417253,1712.6217854417253,3433206,1.4988034516252524,0
2021-12-09,1786.5631103515625,1790.697329795599,1737.284745985879,1743.9851166824099,3791595,2.999924415476163,0
2021-12-10,1780.48046875,1797.064912455173,1768.7430447968973,1786.563055661637,1771926,-0.3404660919235858,0
2021-12-13,1769.1707763671875,1802.1971983273056,1763.0407386974177,1799.7736303095628,1857829,-0.6352045181799992,0
2021-12-14,1773.1624755859375,1781.050847517511,1754.6296626048322,1758.241231540766,1685243,0.22562543266435586,0
2021-12-15,1787.513427734375,1804.5730714572126,1771.2140348535584,1773.4474529765153,2176709,0.8093421976852477,0
2021-12-16,1780.9556884765625,1813.364325386462,1773.7326671970304,1798.157915949259,2469902,-0.36686377601785614,0
2021-12-17,1755.4847412109375,1781.7157718207118,1740.8485503005963,1773.9225341231502,2352938,-1.4301842224616501,0
2021-12-20,1710.1033935546875,1738.900579776882,1683.6347585441927,1730.679590916723,2488158,-2.585117750721422,1
2021-12-21,1736.9046630859375,1760.3319450653976,1722.6010876484258,1727.7332740920076,2077840,1.5672309424250574,0
2021-12-22,1778.199462890625,1786.325434154046,1736.904604613526,1736.904604613526,1692505,2.3774937497904824,0
2021-12-23,1785.2799072265625,1794.2136958022952,1769.7408810848176,1789.6042762334043,1677127,0.3981805463166399,0
2021-12-24,1767.1748046875,1795.0690376081466,1758.2410163203554,1795.0690376081466,1203991,-1.0141324318822864,0
2021-12-27,1773.6375732421875,1782.6189286225201,1754.249493596903,1767.1749186989923,1139744,0.3657119000081144,0
2021-12-28,1805.285888671875,1814.3146941166672,1779.244889764809,1779.244889764809,1916098,1.784373307554299,0
2021-12-29,1800.866455078125,1814.2670796010682,1796.3046020573847,1801.0090383634558,1287946,-0.244805192434161,0
2021-12-30,1792.1702880859375,1807.376697033212,1787.6084350111712,1798.443024589243,1805349,-0.48288794361546206,0
2021-12-31,1801.864501953125,1812.5089421558446,1793.6910800814978,1793.7385305015841,1145546,0.5409203540329255,0
2022-01-03,1827.4776611328125,1841.3534858592084,1799.7260116800205,1801.0090292100926,1906676,1.4214808689512637,0
2022-01-04,1841.44873046875,1846.6283673367811,1819.5895166505584,1827.4777720277043,1643920,0.7645001431797027,0
2022-01-05,1851.9505615234375,1854.2315461364833,1832.0397156224074,1844.442373679356,1711667,0.5703026579520376,0
2022-01-06,1829.0458984375,1856.1323147043065,1824.388912437612,1848.0539098528027,1372015,-1.2367858819673838,0
2022-01-07,1810.4180908203125,1838.9775586836736,1803.0524863140217,1833.370288065635,1447123,-1.0184439675953838,0
2022-01-10,1856.2274169921875,1862.7376379984264,1812.6515720201414,1815.2651737100382,2397846,2.5303175219111074,0
2022-01-11,1863.878173828125,1872.289195997869,1841.5437595611452,1852.330783248653,2232435,0.4121669988225163,0
2022-01-12,1876.28076171875,1885.5947337250811,1863.070286588373,1880.3675305821941,1585970,0.6654183768433741,0
2022-01-13,1918.28857421875,1928.3627972704487,1877.5639321370008,1877.5639321370008,2373324,2.238887343358953,0
2022-01-14,1943.3316650390625,1948.2737018499008,1907.4540416840193,1914.1068460147558,3124945,1.305491319548291,0
2022-01-17,1966.7589111328125,1969.1824790719327,1940.7180274748468,1943.3316291279104,1858651,1.2055197018198793,0
2022-01-18,1921.89990234375,1975.4550649377595,1910.8278289991767,1972.6987641862572,1460676,-2.280859567237181,1
2022-01-19,1920.66455078125,1926.4619711023954,1888.4459479923332,1919.7141502034985,2336679,-0.0642776224190178,0
2022-01-20,1904.1275634765625,1934.065181769306,1885.689769007416,1919.8091730584758,2031107,-0.861003411447403,0
2022-01-21,1859.031005859375,1895.859026451286,1846.675798951121,1883.8364365258853,2209132,-2.3683580072151322,1
2022-01-24,1805.666015625,1861.8346645373056,1788.2261888565918,1858.0330623636714,2307120,-2.8705809675135585,1
2022-01-25,1829.80615234375,1835.508555416323,1758.3359642247556,1801.008970420981,2998042,1.3369103981499153,0
2022-01-27,1816.072998046875,1826.6699881427264,1774.3979541428046,1819.5895499435626,2932713,-0.7505250913756423,0
2022-01-28,1803.4327392578125,1851.380404034036,1797.492735394767,1821.0626011139116,2233620,-0.6960215146999404,0
2022-01-31,1814.5047607421875,1828.5707358860514,1758.6687260575172,1796.4471495250175,3161064,0.6139414708048241,0
2022-02-01,1891.7724609375,1900.7062500953314,1821.918014376884,1832.9902049600403,5392787,4.258335490048948,0
2022-02-02,1884.3592529296875,1908.4044348951545,1872.8594286914772,1896.144243758674,3579380,-0.39186573231638766,0
2022-02-03,1837.741943359375,1886.5449856541422,1834.272958343826,1883.218583916213,2262217,-2.4739077486331085,1
2022-02-04,1851.332763671875,1860.6943021987827,1827.905482184051,1851.3803301071603,1440816,0.739539104584841,0
2022-02-07,1791.02978515625,1850.9050180906324,1781.5733463609843,1836.6490102491127,2641464,-3.2572738785231703,1
2022-02-08,1782.5712890625,1802.8623180649865,1756.3402564869377,1796.2570804980046,2040523,-0.4722699847792944,0
2022-02-09,1795.1165771484375,1805.6659998851756,1782.5712204753868,1791.0298084411284,1390810,0.7037748314983494,0
2022-02-10,1806.71142578125,1816.2154311772588,1787.7034149892327,1798.1578209248423,1288856,0.6459106210935373,0
2022-02-11,1778.4371337890625,1795.306744543775,1758.2411209137024,1795.306744543775,1744894,-1.5649589407982667,0
2022-02-14,1709.7706298828125,1755.3422909267185,1705.969027592912,1751.8258552148384,2290199,-3.861058825281727,1
2022-02-15,1782.9991455078125,1788.6539828411198,1716.5661183723691,1720.2251375889623,2602134,4.282943825629948,0
2022-02-16,1768.410400390625,1793.691149883359,1750.78053836782,1782.9991428287747,1898439,-0.8182138030712549,0
2022-02-17,1776.0135498046875,1791.4101090906822,1762.1377242869623,1776.2987163901626,1459905,0.4299425864258133,0
2022-02-18,1789.69921875,1801.959408816924,1772.639575605504,1777.2489949829367,1912482,0.7705835885552625,0
2022-02-21,1771.4991455078125,1790.459707018133,1757.148119703252,1781.9535520697134,1262585,-1.0169347481136626,0
2022-02-22,1752.96630859375,1762.9930811488805,1711.1962493846681,1723.076256670038,2288298,-1.0461668559681891,0
2022-02-23,1730.01416015625,1760.141811055843,1726.0699746875168,1757.2906094180635,1583872,-1.3093319777441992,0
2022-02-24,1670.1864013671875,1710.7210084653525,1664.1513810126846,1694.8017990810222,3616355,-3.4582236473520545,1
2022-02-25,1688.909423828125,1709.4855038982562,1677.4570502515733,1693.6138603673107,2476882,1.1210139446478085,0
2022-02-28,1726.640380859375,1731.8675844342897,1665.8623056991466,1677.3621303608184,2553662,2.234042660838975,0
2022-03-02,1695.9898681640625,1736.334327167458,1680.7834585868,1710.7210774420357,3152628,-1.7751532418150306,0
2022-03-03,1665.386962890625,1723.5989977217992,1658.9717590520875,1720.2250292967349,2259979,-1.8044273640953845,0
2022-03-04,1626.8482666015625,1667.0502593652234,1618.5322611493857,1653.697084204305,3906819,-2.3140985937688985,1
2022-03-07,1553.3822021484375,1584.1277541312027,1525.9157178352152,1576.0017826583,6318251,-4.515852274692678,1
2022-03-08,1576.2393798828125,1583.367384313998,1515.8889423654423,1547.1571450067154,4421730,1.4714458362379723,0
2022-03-09,1607.079833984375,1615.4909720327216,1568.2085425998969,1593.3465918418233,3306502,1.9565844182788616,0
2022-03-10,1642.4822998046875,1670.8042845960429,1622.3338531316524,1653.697073490964,2776325,2.202906481163436,0
2022-03-11,1642.909912109375,1649.372566154004,1621.193283033852,1634.6889242580785,1577597,0.026034515241857292,0
2022-03-14,1660.1121826171875,1667.0025866956044,1630.4121650378045,1648.9449760073394,1558334,1.047061094526236,0
2022-03-15,1656.9757080078125,1677.4568852223256,1640.9614827599603,1661.300076696105,2062332,-0.1889314856078128,0
2022-03-16,1669.093505859375,1682.8268642913881,1659.589499753774,1673.6554751963433,2101909,0.7313201873147435,0
2022-03-17,1699.22119140625,1715.0928344171612,1680.7358308289101,1692.805987599901,3383036,1.805032818180119,0
2022-03-21,1669.1884765625,1715.472935393717,1658.4489043002973,1715.472935393717,2301462,-1.7674399893103598,0
2022-03-22,1686.05810546875,1688.8617406240053,1635.7818942639183,1669.1884960730968,3986030,1.0106485362869844,0
2022-03-23,1679.5953369140625,1702.6901162030724,1671.8971158229558,1691.7129436735217,1574226,-0.38330639577162096,0
2022-03-24,1683.6822509765625,1691.4279231535586,1664.1514719892552,1667.953074438117,1580887,0.24332730465952412,0
2022-03-25,1664.2464599609375,1689.717242332494,1652.7466359558734,1687.5312745560605,1483897,-1.1543621728121178,0
2022-03-28,1655.2176513671875,1667.953042530388,1639.5360415656196,1665.1018407482848,1799629,-0.5425163166014491,0
2022-03-29,1660.0172119140625,1667.0976498955524,1647.0442206715884,1661.9654635120169,2071779,0.2899655246493271,0
2022-03-30,1685.6304931640625,1688.9094448672274,1667.0976813298494,1679.262855504228,1712835,1.5429527517047292,0
2022-03-31,1679.9757080078125,1692.9961503192212,1670.8043186641096,1691.6655662252217,1401916,-0.3354700320848836,0
2022-04-01,1701.31201171875,1705.0185970894743,1671.754577636781,1671.754577636781,2050573,1.2700364421482702,0
2022-04-04,1735.7640380859375,1739.0904400431261,1688.4816102658967,1695.5145976070917,1955281,2.025026928034346,0
2022-04-05,1744.983154296875,1753.4891936810789,1736.3819820354097,1748.7371904461706,1718581,0.5311272735609718,0
2022-04-06,1760.902099609375,1765.8441358221937,1737.0469541546638,1742.084123230399,2245496,0.912269283133238,0
2022-04-07,1735.716552734375,1763.8008190840008,1720.3675608091216,1758.1459822768663,2003954,-1.4302638903427423,0
2022-04-08,1739.9459228515625,1747.6917110533316,1727.8758814685677,1744.365308906681,1903321,0.2436670959048426,0
2022-04-11,1693.1385498046875,1738.9953755291199,1690.7625484718153,1729.9665704642057,2262446,-2.690162517819139,1
2022-04-12,1661.0150146484375,1693.1386000280224,1647.614389936676,1691.7129991860118,4215141,-1.8972774059131559,0
2022-04-13,1673.46533203125,1684.9175890300703,1660.4447749087371,1667.1925955992479,1673417,0.7495607970435803,0
2022-04-18,1652.12890625,1663.1535303167745,1629.937074819303,1659.6846608418193,1808707,-1.2749846305660784,0
2022-04-19,1621.1456298828125,1673.417656641455,1603.325620760548,1661.5852169905454,2737766,-1.8753546560427492,0
2022-04-20,1607.6976318359375,1627.4660107231891,1588.452019684991,1625.1374596436558,3832617,-0.8295367053388736,0
2022-04-21,1629.4617919921875,1640.2013649365304,1615.6809836026357,1618.4846189031973,1797489,1.35374710550491,0
2022-04-22,1610.3111572265625,1631.2675358714414,1606.557121440437,1616.6313441207078,1474689,-1.1752736308233036,0
2022-04-25,1575.146484375,1591.921078947347,1570.0618641319506,1591.921078947347,1964344,-2.183719133644124,1
2022-04-26,1615.6334228515625,1618.6272078877923,1581.4665683373319,1596.6729776482678,2440990,2.5703602095539235,0
2022-04-27,1593.869384765625,1607.697643991439,1584.0326456682087,1591.9210171145185,1346726,-1.3470901120332335,0
2022-04-28,1633.9761962890625,1645.1434030980759,1596.67297354406,1606.1769793389649,3117433,2.5163173285579488,0
2022-04-29,1610.3111572265625,1652.7465652121757,1603.4683196365613,1645.1433607718668,2404830,-1.44830990293775,0
2022-05-02,1596.1502685546875,1602.3278725603122,1572.960586330749,1585.8384450715157,1399802,-0.879388347297072,0
2022-05-04,1552.9071044921875,1598.4788855282645,1544.4486314716498,1596.1979007521525,1777673,-2.709216351017918,1
2022-05-05,1556.423583984375,1588.3094548776332,1552.0041979395824,1568.8262423499164,1707752,0.22644493556731593,0
2022-05-06,1541.9774169921875,1552.004189793027,1532.1407939219912,1535.8473794889967,1439520,-0.9281642311796623,0
2022-05-09,1535.9898681640625,1549.0103092595427,1512.3248713263438,1527.8164466580686,1400010,-0.3883032761792582,0
2022-05-10,1528.196533203125,1548.7727285189185,1521.5912957210442,1531.095301315804,1176030,-0.5073819250027145,0
2022-05-11,1492.88916015625,1529.194413053037,1480.1062037503411,1521.116008757853,2988788,-2.310394787565062,1
2022-05-12,1450.4539794921875,1477.8254486837504,1438.051204566709,1473.121011858613,3407191,-2.8424870242624745,1
2022-05-13,1458.3896484375,1496.7858539781264,1427.5016304679864,1454.1128459494134,4328846,0.5471162172336452,0
2022-05-16,1466.373046875,1489.7528774422467,1463.0940953343713,1473.1208676462409,1775914,0.5474118968173736,0
2022-05-17,1524.5374755859375,1528.1490440266246,1468.3688271486328,1468.3688271486328,1608711,3.966550587852957,0
2022-05-18,1494.5047607421875,1542.4999851730176,1487.3767571138465,1542.4999851730176,2984009,-1.969955827567127,0
2022-05-19,1471.1724853515625,1485.2384599015236,1463.9494643728092,1473.1208528858497,1798843,-1.5612044875011222,0
2022-05-20,1530.2398681640625,1533.423686732293,1483.6227918374716,1491.5586130495353,2175224,4.0149869169409325,0
2022-05-23,1562.60107421875,1577.6648996052159,1525.9630869210391,1548.2024828053593,4177811,2.114779958877522,0
2022-05-24,1545.6365966796875,1571.6774812252338,1530.240036807443,1563.2190083995781,1970395,-1.085656334105889,0
2022-05-25,1496.6431884765625,1558.3716545907216,1493.174203445872,1552.0040176423092,1417130,-3.1697883130078486,1
2022-05-26,1486.94921875,1510.091448812382,1460.433020347354,1496.880858036729,3578710,-0.6477141513221985,0
2022-05-27,1520.926025390625,1526.3432620439069,1495.9304448674404,1497.0708791052816,1279218,2.285001142755072,0
2022-05-30,1578.4727783203125,1581.181396767137,1533.566350965655,1539.6489378739752,2119326,3.7836654754400456,0
2022-05-31,1572.4378662109375,1591.3508622382533,1563.409060088844,1578.140270077523,3534742,-0.3823260174177223,0
2022-06-01,1566.2601318359375,1578.615339186585,1557.183760029761,1571.5349013803761,1425466,-0.3928762151910181,0
2022-06-02,1555.9483642578125,1567.6382220191126,1543.1654065885425,1551.053777968559,1852251,-0.6583687708399899,0
2022-06-03,1570.109375,1590.6854554049908,1563.3614378528164,1575.7166457894518,2928263,0.910120866957076,0
2022-06-06,1558.8470458984375,1579.8509923507577,1553.049625336757,1570.2044028832029,1538005,-0.7172958317991363,0
2022-06-07,1510.6141357421875,1557.1363131349046,1507.4303170439155,1549.1529251640493,2157491,-3.0941400109239736,1
2022-06-08,1505.9571533203125,1528.0539648666515,1492.2237965347895,1515.888792103683,2122442,-0.30828404896310335,0
2022-06-09,1515.98388671875,1520.640872594208,1479.013282300665,1479.013282300665,1361104,0.6658046928048833,0
2022-06-10,1506.479736328125,1515.4135237982437,1491.2258786518878,1492.1287126768532,1337799,-0.6269295125026719,0
2022-06-13,1456.061279296875,1488.2797666840436,1442.9932711037707,1482.7675128374617,2460367,-3.346772997699876,1
2022-06-14,1468.0362548828125,1477.2076435316567,1449.550894297337,1456.0612309754965,1983405,0.8224225007700259,0
2022-06-15,1482.95751953125,1489.2777065817206,1462.7140568176358,1471.1725291541395,1461683,1.01640981949922,0
2022-06-16,1451.6419677734375,1496.881015253514,1441.5201777052491,1490.6083942022592,2329325,-2.1116958068840064,1
2022-06-17,1416.0494384765625,1454.0654654541886,1407.9235823195195,1446.5098264986684,4548572,-2.451880703853415,1
2022-06-20,1398.799560546875,1423.557424993285,1384.1158026010885,1416.0968039607908,1837431,-1.2181691868220046,0
2022-06-21,1425.885986328125,1440.0468616585001,1403.6465903367634,1406.5928088277915,1458922,1.9364050822735734,0
2022-06-22,1405.4049072265625,1416.9997483050934,1395.18810063134,1416.0969141285398,1906619,-1.436375649802435,0
2022-06-23,1420.1834716796875,1436.7679135093917,1408.0182992321243,1408.0182992321243,1828491,1.0515520742196083,0
2022-06-24,1420.7061767578125,1437.0055686797714,1415.1463569868913,1427.263963468814,1731440,0.03680546130471196,0
2022-06-27,1459.6253662109375,1468.0838391922673,1434.867382846125,1448.4105921228645,2389778,2.7394256525260063,0
2022-06-28,1474.5465087890625,1480.2489123035543,1448.5055095364096,1454.112896195466,2072405,1.022258376946339,0
2022-06-29,1471.1251220703125,1476.9225425670822,1449.7411084231057,1455.3009287682398,1480197,-0.2320297595468701,0
2022-06-30,1480.9617919921875,1489.1827807019747,1465.6127985078508,1472.2181525416881,3308971,0.6686494421380029,0
2022-07-01,1494.1724853515625,1497.8315048474449,1458.484892621026,1483.5279278904284,1294305,0.8920347189784072,0
2022-07-04,1503.2484130859375,1508.7132159196483,1473.310797562131,1494.1245915580098,1269969,0.607421688148646,0
2022-07-05,1487.281982421875,1518.0274198748314,1484.1456139084805,1505.4346114144516,1445200,-1.0621285560705074,0
2022-07-06,1478.9658203125,1511.612055587469,1474.8316011756158,1487.899608572238,2422594,-0.5591516745084957,0
2022-07-07,1531.1903076171875,1534.0890757098912,1487.9946488929427,1488.2322490311744,1697912,3.5311490358616027,0
2022-07-08,1603.75341796875,1617.5817928627803,1537.748143861327,1540.5993456113788,6516138,4.7390001092995515,0
2022-07-11,1580.5162353515625,1605.0840682421313,1571.3924125779288,1601.3774826109266,1316037,-1.448924900600912,0
2022-07-12,1571.724853515625,1589.9250466022543,1567.258017496187,1572.9128541607615,781516,-0.556234832600877,0
2022-07-13,1565.54736328125,1599.7617843333824,1562.838744817762,1581.4665730763393,1914814,-0.3930389101220344,0
2022-07-14,1564.5020751953125,1584.6505228522892,1553.5249011272074,1569.9193125701895,1170472,-0.06676821860864823,0
2022-07-15,1601.2822265625,1604.1334280043477,1567.4004262254077,1571.8673780937127,1345141,2.350917390927454,0
2022-07-18,1641.9595947265625,1648.5648323894459,1606.1769894796894,1611.9269594281882,3200640,2.5402997353805246,0
2022-07-19,1644.0028076171875,1648.8972773091123,1628.98643352729,1634.641270014533,1351783,0.12443746467252215,0
2022-07-20,1653.6494140625,1660.2072011538164,1642.2446073004521,1654.0295974910405,1509911,0.5867755456752777,0
2022-07-21,1699.0828857421875,1702.740586465624,1650.9061414325038,1662.2645306557908,2827327,2.747466983831326,0
2022-07-22,1701.5855712890625,1712.9439606690337,1686.9545331907111,1699.419785665869,1495629,0.14729626011045216,0
2022-07-25,1715.7352294921875,1718.6711190652131,1694.1737255839914,1698.9384066928599,1916615,0.8315572511822467,0
2022-07-26,1685.7032470703125,1714.0991047654297,1676.7032275384106,1714.0991047654297,1585897,-1.7503856017902941,0
2022-07-27,1729.4039306640625,1751.3986636710017,1684.499951318633,1688.3502369216471,5369460,2.592430409664348,0
2022-07-28,1733.831787109375,1748.0297156922277,1720.06696866917,1737.4414299694222,1831059,0.25603367534918764,0
2022-07-29,1740.3773193359375,1763.9121437762135,1726.8531437569043,1747.0189681954248,1747781,0.37751829648222657,0
2022-08-01,1746.7781982421875,1749.8103215234285,1723.291551082817,1740.3290171372007,1341943,0.3677868491582137,0
2022-08-02,1725.9385986328125,1743.8424021648882,1709.2378917816336,1741.2915645981739,1749346,-1.193030668137851,0
2022-08-03,1722.810302734375,1736.4787693283106,1706.6390565516044,1725.9386597190296,1264299,-0.1812518649803363,0
2022-08-04,1713.4732666015625,1746.8745635315472,1708.5641761309848,1726.6605648280258,1856927,-0.5419654223098758,0
2022-08-05,1720.548095703125,1739.3664124118422,1708.8529479162944,1716.2165246705554,1430542,0.41289404623128245,0
2022-08-08,1761.168701171875,1763.4788959215232,1723.2433663277554,1729.1632036545461,2625195,2.3609107801284557,0
2022-08-10,1785.7142333984375,1797.120680203685,1754.045613016157,1761.5055408531032,3422074,1.3937070429556275,0
2022-08-11,1797.2652587890625,1808.4792393849762,1785.7624597652357,1800.0567394204436,1918049,0.6468574408259098,0
2022-08-12,1777.33984375,1799.0458749561521,1769.2061627444664,1795.195589509483,1041383,-1.1086518777137844,0
2022-08-16,1779.6983642578125,1794.2331695451574,1773.0565978015986,1790.3828837736014,1426893,0.1326994674713644,0
2022-08-17,1786.2437744140625,1797.4577551916389,1780.8053397785507,1791.7785601947028,1748371,0.36778199540457024,0
2022-08-18,1823.6396484375,1827.4899339436877,1780.7570466117797,1787.4950462476081,2519639,2.093548179654503,0
2022-08-19,1863.58642578125,1869.3136786715766,1821.9070367176244,1823.2064846211597,4134598,2.1904973045511866,0
2022-08-22,1810.260009765625,1871.2388872463414,1804.821457606425,1864.5971207820703,3175874,-2.8614941211148603,1
2022-08-23,1806.7945556640625,1840.3882009625788,1795.8692771056292,1800.0083808107204,1811509,-0.19143405272544767,0
2022-08-24,1822.484619140625,1826.960599853401,1782.2972613725115,1805.784028095353,1534933,0.8683922268514888,0
2022-08-25,1807.61279296875,1846.2118812719157,1802.8961697717925,1828.8855966718663,1121363,-0.8160192967163526,0
2022-08-26,1834.0836181640625,1840.436566073871,1816.564747714196,1819.4524619915087,1119310,1.4644079361619156,0
2022-08-29,1811.0780029296875,1819.2598594403983,1791.3452901685614,1800.0084323563729,1183546,-1.254338406740907,0
2022-08-30,1850.54345703125,1855.8375995611182,1818.441725373144,1823.0139393762122,1394462,2.179113988338499,0
2022-09-01,1841.350830078125,1858.244004391328,1821.2812407881618,1833.6984347917535,2014905,-0.4967528278353672,0
2022-09-02,1867.8697509765625,1885.4848541187675,1829.126253178672,1829.366896022137,3201140,1.4401883913296665,0
2022-09-05,1894.67724609375,1898.9125834285649,1869.4097487854242,1875.0407675424317,2474746,1.4351908158034998,0
2022-09-06,1888.8538818359375,1910.800438983397,1878.2655965670237,1899.9234527988926,1172733,-0.3073538920583152,0
2022-09-07,1884.81103515625,1887.9393922067754,1861.6130879126326,1868.447321353502,1238549,-0.21403702629225752,0
2022-09-08,1900.5009765625,1903.003638677073,1874.65595823249,1894.2442625253725,1632797,0.8324410836733742,0
2022-09-09,1876.7735595703125,1913.014395748022,1871.2387741016476,1903.3405063196258,980869,-1.2484822309906995,0
2022-09-12,1888.468994140625,1893.3780851468264,1874.9929935345979,1876.773727257257,791708,0.6231670576705151,0
2022-09-13,1916.81640625,1920.3298151263225,1889.6237660107427,1895.206726759533,1761021,1.5010790326623669,0
2022-09-14,1880.768310546875,1899.1052254947508,1876.4367391810376,1891.1159532541533,2322752,-1.8806232869035377,0
2022-09-15,1884.2333984375,1910.4152918903305,1881.6345028195192,1885.7734890815398,1566565,0.18423789209940367,0
2022-09-16,1848.1370849609375,1883.6559930628089,1843.3242279688518,1874.1265127182007,3881617,-1.9157028798287623,0
2022-09-19,1839.18505859375,1859.6397000831932,1833.6984488183132,1849.195824281802,1755456,-0.48438107973882705,0
2022-09-20,1860.3616943359375,1882.597187635893,1852.949941570213,1858.7253699595228,1666658,1.1514140811028195,0
2022-09-21,1824.6983642578125,1873.4526255970197,1820.7999033728038,1849.1957575929116,1618385,-1.9170105569635054,0
2022-09-22,1817.52734375,1834.2761102854768,1802.8963048807311,1811.559447829971,1875115,-0.39299758515042305,0
2022-09-23,1787.3507080078125,1824.5059411174982,1783.211721425155,1819.2599739075813,1948766,-1.6603126135052104,0
2022-09-26,1782.15283203125,1806.5541118507554,1749.954864608727,1779.7945790217468,1529101,-0.29081455325329353,0
2022-09-27,1772.286376953125,1794.233051406507,1763.9120529519444,1786.5324803704275,1443698,-0.5536256431430409,0
2022-09-28,1766.751708984375,1786.5325991490026,1757.2704037661103,1761.2169231842097,1853503,-0.3122897089727128,0
2022-09-29,1747.5482177734375,1787.879979265841,1730.1257005181646,1775.6071950319597,2377718,-1.0869377464463703,0
2022-09-30,1778.5430908203125,1812.4737319461367,1748.077800661641,1755.6820205582321,2339518,1.7736204776292785,0
2022-10-03,1751.2061767578125,1782.6822142090027,1746.1045013904595,1782.6822142090027,1850414,-1.537039737951551,0
2022-10-04,1801.5006103515625,1810.5486878101983,1766.6073959456028,1766.6073959456028,1637532,2.8719881337367914,0
2022-10-06,1841.350830078125,1847.1744337875982,1807.805241792317,1811.559293584294,2771898,2.212056965042364,0
2022-10-07,1852.516845703125,1856.752065886777,1831.8215604821096,1833.6985277225285,1469264,0.606403486104079,0
2022-10-10,1838.1744384765625,1845.2493145390715,1813.0031736746694,1833.698458110032,1656954,-0.7742119732853991,0
2022-10-11,1808.6234130859375,1851.7948326597761,1801.2116606013192,1851.7948326597761,1047963,-1.6076290025617057,0
2022-10-12,1839.714599609375,1844.2868137876062,1788.5058478137416,1809.6342431736427,1907748,1.7190525290385672,0
2022-10-13,1805.9283447265625,1840.4365057083153,1798.324007212113,1829.8482203721273,1303645,-1.8364943611354878,0
2022-10-14,1840.0513916015625,1864.2600848495963,1827.3935546944065,1828.885587305658,1819114,1.8895017055710728,0
2022-10-17,1812.71435546875,1842.361600640532,1808.0940833974435,1831.6770819427377,2588147,-1.4856669904756648,0
2022-10-18,1846.30810546875,1858.9177668073728,1822.2438214250476,1822.2438214250476,1401849,1.8532291035623816,0
2022-10-19,1833.602294921875,1874.1265276171182,1830.4739378521494,1848.1370996532446,1636141,-0.6881739027868927,0
2022-10-20,1832.88037109375,1846.0194943207575,1815.698494951383,1827.5862283467163,1374019,-0.03937188724754126,0
2022-10-21,1806.505859375,1852.949929024577,1797.2170219448064,1842.0728252977985,2225676,-1.438965255709046,0
2022-10-24,1838.2706298828125,1848.0407525548715,1828.88555924982,1834.6609873316615,269400,1.758354136686946,0
2022-10-25,1876.1478271484375,1881.4901452336471,1820.7519155011846,1843.3241670475036,2136147,2.0604799233527205,0
2022-10-27,1890.538330078125,1898.046316199072,1876.9179218088511,1879.0355318041827,2245395,0.7670239371041276,0
2022-10-28,1901.1265869140625,1911.6666961688197,1890.2976592544958,1898.1906973035814,2013794,0.5600657054914082,0
2022-10-31,1947.3780517578125,1958.4957977199751,1904.1585751513678,1911.6666785935276,3176507,2.4328450910166,0
2022-11-01,1948.677490234375,1979.0466628244772,1915.565130343866,1955.9449508070709,4464211,0.06672759176831189,0
2022-11-02,1937.945068359375,1965.5708208487092,1925.1428215952099,1960.2766780893223,1889651,-0.5507541360119661,0
2022-11-03,1933.5172119140625,1946.8007448373683,1918.4048872488875,1930.9183160166924,1052241,-0.22848204098276925,0
2022-11-04,1939.6776123046875,1953.394254808891,1929.7150217755968,1934.7685216455666,2312753,0.31861109653772424,0
2022-11-07,1942.1322021484375,1955.94507819149,1918.4047937183266,1945.7418448862418,1395070,0.12654627904034044,0
2022-11-09,1928.51171875,1960.7096837245826,1921.533076393655,1949.255178547691,1301233,-0.7013159754711951,0
2022-11-10,1903.6292724609375,1926.923452358392,1896.4580453324124,1920.3298620466296,1261210,-1.2902408653855946,0
2022-11-11,1935.827392578125,1943.2392631405228,1917.3941260676017,1928.608106803878,1203125,1.69140707085067,0
2022-11-14,1924.9501953125,1946.2229982337124,1920.570448754581,1937.7042654520806,1175155,-0.5618887979025211,0
2022-11-15,1921.8218994140625,1941.5064367624377,1904.062387287912,1928.0304376971555,1450841,-0.1625130824711829,0
2022-11-16,1928.6080322265625,1934.6241034724662,1910.752403269555,1911.6667990983758,1195832,0.35310934975654185,0
2022-11-17,1953.5867919921875,1981.9344721429725,1926.2015657203644,1927.0679034629582,3786182,1.295170368900056,0
2022-11-18,1948.677490234375,1974.1856305869278,1931.7362582552205,1962.682950145481,1248459,-0.2512968340048105,0
2022-11-21,1936.1640625,1956.9075217453205,1931.880667064859,1943.431523071226,714687,-0.6421497552614452,0
2022-11-22,1953.8275146484375,1957.052105404056,1944.0092156669584,1945.886300436153,1337869,0.9122910857889854,0
2022-11-23,1949.2071533203125,1967.4960105613425,1942.4691532841434,1962.6349778204053,1046988,-0.2364774420200777,0
2022-11-24,1975.388916015625,1982.8970196926864,1952.4797879394255,1954.501164313592,1611889,1.3432006265067242,0
2022-11-25,1985.5440673828125,2017.3570977439304,1981.404963545634,1983.8595675074423,2652761,0.5140836462558696,0
2022-11-28,1987.180419921875,1994.447880773705,1975.1964533531093,1987.0843037864377,1105372,0.08241330756357801,0
2022-11-29,1973.80078125,1994.4478902561991,1962.2979828106718,1992.5227475049865,1413764,-0.6732976300360849,0
2022-11-30,1997.1912841796875,2007.9238608634423,1968.4584350267207,1976.159005921691,2104550,1.1850488231580414,0
2022-12-01,2025.4906005859375,2031.0253854039815,2001.618786022345,2007.2017464045746,2614357,1.4169557333049143,0
2022-12-02,2007.4425048828125,2020.3408666790833,1991.70436966625,2017.6458549624408,1957264,-0.8910481094261291,0
2022-12-05,2007.5389404296875,2018.3196927578626,1991.4158700050236,2017.5014130934114,1767537,0.004803900816119366,0
2022-12-06,2015.14306640625,2021.399780011046,1989.6349263251582,2003.110924858565,1530731,0.37877850453724715,0
2022-12-07,2044.501708984375,2063.753137505885,2017.8385274826414,2017.8385274826414,3438327,1.4569011534492304,0
2022-12-08,2086.565673828125,2093.5924910284484,2040.6510717150854,2040.6510717150854,3743754,2.057418913317788,0
2022-12-09,2073.4267578125,2112.218428241348,2057.496155781221,2086.8545804602045,2573609,-0.6296909884230817,0
2022-12-12,2082.715576171875,2087.817251310717,2054.6567154123986,2068.4694732379885,1536090,0.4479935606297891,0
2022-12-13,2091.571044921875,2094.2662915123674,2071.934684767687,2088.7796822048226,1233124,0.4251885783788545,0
2022-12-14,2113.277099609375,2127.282558932309,2093.6407392203337,2095.4695306771364,1516631,1.0377871093693036,0
2022-12-15,2096.04736328125,2126.320186293795,2092.2452533167266,2114.480511275397,1323412,-0.8153089025244142,0
2022-12-16,2093.5927734375,2128.8229803157674,2080.116773976293,2080.116773976293,2822390,-0.11710564783743438,0
2022-12-19,2102.255859375,2105.5766835808754,2074.389465382466,2089.742431640625,1592779,0.4137904012381455,0
2022-12-20,2082.282470703125,2098.309189662704,2057.9775441411216,2098.309189662704,1747181,-0.9500931384162303,0
2022-12-21,2065.967041015625,2093.544617600419,2062.646216689083,2072.512573530463,1979681,-0.7835358515019708,0
2022-12-22,2030.9776611328125,2067.940547219602,2018.4160562322347,2063.753267251808,1993744,-1.6936078450511816,0
2022-12-23,1985.5440673828125,2025.394427576176,1973.3676337133884,2016.105707978815,2026125,-2.2370306980461163,1
2022-12-26,2012.7847900390625,2029.100326785672,1974.2337619722075,1975.918261769112,1154610,1.3719525596909365,0
2022-12-27,2044.5977783203125,2048.3517123634847,2006.9611467471175,2022.8917486535033,1059351,1.5805459400670685,0
2022-12-28,2041.7103271484375,2056.0525472644763,2034.5389820876308,2049.3145473436657,1153883,-0.14122343291632644,0
2022-12-29,2031.891845703125,2041.18080058425,2015.768774979715,2030.6886314700348,1517150,-0.4808949298417575,0
2022-12-30,2007.7314453125,2053.1647677626697,2003.2074067957167,2035.8384828026471,1189427,-1.1890593705426444,0
2023-01-02,2011.2447509765625,2019.0898488345877,1997.3838169124567,2014.5655752832981,807344,0.17498882493798273,0
2023-01-03,2010.7635498046875,2018.319829561768,1990.5495496931912,2009.849153943059,1260225,-0.023925540222857755,0
2023-01-04,1993.0523681640625,2022.7957320480239,1980.9720494334788,2012.6887317958124,1015547,-0.8808187139828227,0
2023-01-05,2009.2235107421875,2020.6298408586247,1991.0789458063628,2002.1485169336402,1881403,0.8113756987239373,0
2023-01-06,2008.4534912109375,2042.2877834282162,1994.3037380006733,2011.9667829764528,1877917,-0.03832423456788803,0
2023-01-09,2042.28759765625,2047.678091247347,2022.1217747621163,2029.1004170884403,1844365,1.6845850099776571,0
2023-01-10,2027.8006591796875,2052.1055835941916,2018.7044077359974,2052.1055835941916,1425414,-0.7093485997362925,0
2023-01-11,2045.80126953125,2059.9028468885067,2018.6086268094741,2027.271769623491,1455621,0.8876913157156441,0
2023-01-12,2078.913330078125,2083.629835367396,2038.8223301110575,2038.8223301110575,2726901,1.6185374913987527,0
2023-01-13,2072.80126953125,2083.8229006524825,2037.9562299896563,2080.9831268684957,2180210,-0.2940026627586856,0
2023-01-16,2057.20751953125,2080.116765522755,2052.4910137401075,2066.6407661163144,1009649,-0.7523031864760665,0
2023-01-17,2130.266845703125,2134.7908842536053,2056.437431793555,2059.8064316719865,4645453,3.551383391235219,0
2023-01-18,2181.66796875,2189.657357970111,2117.656973858372,2137.8709722452018,4090049,2.412895978292773,0
2023-01-19,2188.021240234375,2198.320707669915,2157.1226029249615,2175.26716861958,2176835,0.29121165894070433,0
2023-01-20,2165.7373046875,2211.651909868338,2154.6677344550894,2197.0208727356176,1962410,-1.0184515185276743,0
2023-01-23,2149.903076171875,2188.2134622956164,2143.6463624959774,2170.5983598690746,1466706,-0.7311241525624346,0
2023-01-24,2124.876220703125,2167.9994634851055,2117.6569356950736,2160.6838273425064,1036962,-1.1640922675134169,0
2023-01-25,2093.3037109375,2122.4696676568733,2074.341103764427,2118.6193825454775,2134447,-1.4858517149379025,0
2023-01-27,2079.009765625,2112.844053621524,2047.4855548021733,2093.303808767432,1647900,-0.6828414452147658,0
2023-01-30,2033.817138671875,2091.908420136582,2005.8064502586335,2049.699567721572,3441304,-2.173757319487102,1
2023-01-31,2044.8865966796875,2052.9241619042923,1995.0735265221222,2040.6032009323956,4516463,0.5442700721383975,0
2023-02-01,2065.244873046875,2133.0097976907177,2002.4370965329172,2053.1645563873176,6868872,0.995569945064112,0
2023-02-02,2064.619384765625,2085.8441319884814,2028.9563009657668,2055.6676583883864,3488506,-0.030286397967294043,0
2023-02-03,2085.458984375,2100.186372882479,2051.287701793572,2095.4696323132403,2045634,1.0093676230663151,0
2023-02-06,2075.400146484375,2099.945715492456,2062.1166150794484,2083.2450088525175,1332484,-0.4823320892901495,0
2023-02-07,2084.255859375,2090.705040630533,2069.576645807037,2081.3199696608517,1089248,0.4266990587634911,0
2023-02-08,2051.09521484375,2093.833287942821,2045.9935397884458,2079.6835363764235,1452145,-1.5910064199696539,0
2023-02-09,2067.02587890625,2071.4056260915586,2055.7638397174574,2069.5286587272262,1563181,0.7766906161747134,0
2023-02-10,2082.8603515625,2088.7318964776473,2057.544675117263,2060.0953954898473,1454665,0.7660510116413555,0
2023-02-13,2120.83349609375,2127.6676116565873,2079.3465770320886,2091.667537275684,2978938,1.823124843812196,0
2023-02-14,2109.61962890625,2133.05833776503,2100.47520011168,2132.09576631297,1874906,-0.5287481175751951,0
2023-02-15,2093.64111328125,2105.962075041651,2076.507294192786,2104.181223829148,1946344,-0.7574121612285212,0
2023-02-16,2096.769287109375,2119.8710002630323,2090.4162219910077,2104.9511438512955,2464602,0.14941308748099846,0
2023-02-17,2143.02099609375,2164.8231449710665,2079.1542877445545,2088.587534754324,3753179,2.205855897867437,0
2023-02-20,2142.20263671875,2167.7107786522693,2132.095637084714,2150.095675146679,1779752,-0.038187184189597545,0
2023-02-21,2146.0048828125,2177.336630665474,2139.507525492875,2155.1974872060105,1882604,0.17749236363437948,0
2023-02-22,2112.603515625,2157.1224415152637,2100.3789062189317,2145.5715850680604,2103097,-1.5564441374301574,0
2023-02-23,2078.3359375,2125.5501115158772,2072.8975031089303,2121.5073586496783,2000556,-1.6220543926749098,0
2023-02-24,2054.17529296875,2090.9936445342164,2039.4479053420125,2079.153970755751,1479060,-1.162499483135171,0
2023-02-27,2034.5869140625,2059.806235174666,2004.1698019205721,2054.1753340595506,1398112,-0.9535884777360115,0
2023-02-28,2030.207275390625,2058.266371335165,2006.9612712143587,2035.8384118073711,2108587,-0.21525935518429407,0
2023-03-01,2036.1273193359375,2050.2770718452994,2021.3999299883233,2021.3999299883233,1389077,0.29159800662095225,0
2023-03-02,2042.19140625,2068.5657664134965,2028.6672322051895,2050.2287357693062,1727640,0.29782454449067686,0
2023-03-03,2071.501953125,2079.0579980683865,2052.4429912566334,2059.9029200559016,1821066,1.435249741297362,0
2023-03-06,2061.00927734375,2103.0738277342703,2059.709947196098,2077.469339235931,1821012,-0.5065250247735076,0
2023-03-08,2089.550048828125,2107.646438206772,2060.4804394553666,2071.453659449478,2965342,1.3847958763756107,0
2023-03-09,2111.111328125,2116.6942886654606,2090.2235779158927,2093.5444019002866,1873933,1.0318623049477615,0
2023-03-10,2077.084716796875,2100.330721292193,2053.1647243429184,2090.2237219459203,1900535,-1.6117866866995567,0
2023-03-13,2053.983154296875,2097.394985092345,2028.138017219187,2083.052764685979,2334468,-1.1122108941047704,0
2023-03-14,2063.945556640625,2089.7425172581875,2054.512309884596,2064.0900833528385,2871343,0.4850284347711842,0
2023-03-15,2095.180908203125,2129.6410107380625,2079.154188666598,2083.1969414773384,3044201,1.513380595820557,0
2023-03-16,2092.245361328125,2105.1437245326497,2052.202295703525,2103.122230521694,2946792,-0.1401094704283845,0
2023-03-17,2113.566162109375,2145.4753101776796,2104.8548438952967,2104.8548438952967,3286473,1.019039218598916,0
2023-03-20,2096.04736328125,2122.4699007595373,2071.4536174306236,2109.0902525291035,1996773,-0.8288739260776667,0
2023-03-21,2125.790771484375,2143.646518040229,2100.330804833309,2101.004557815971,3178680,1.4190236692248837,0
2023-03-22,2131.0849609375,2162.176064988307,2125.261356811431,2136.4272793507166,1956033,0.24904565040650972,0
2023-03-23,2124.057861328125,2158.0848507231003,2118.1863174103282,2131.1328543715185,2455799,-0.32974281824426077,0
2023-03-24,2085.07373046875,2136.2827117040188,2072.464187422415,2123.4322908295812,1449544,-1.8353610590908787,0
2023-03-27,2073.378662109375,2108.031230278334,2069.5283767572687,2093.6408357753894,1540581,-0.5608947150634203,0
2023-03-28,2053.742431640625,2088.587469296307,2043.0096195362742,2086.614150927096,1627243,-0.9470643654050592,0
2023-03-29,2067.073974609375,2078.480540079479,2041.614007234007,2057.6407275753922,2372385,0.6491341252612637,0
2023-03-31,2083.19677734375,2095.469561518221,2070.057772993362,2075.7850252742296,1489542,0.779981893846915,0
2023-04-03,2088.924072265625,2101.7744934881957,2074.341210655856,2098.4054938421186,1231654,0.27492817693284266,0
2023-04-05,2173.245849609375,2177.818064330068,2083.967341115844,2088.7801987165735,2763363,4.036612841188414,0
2023-04-06,2189.128173828125,2205.8768234675936,2170.069211650343,2173.2457445137734,2389899,0.730811206730464,0
2023-04-10,2223.2509765625,2233.0691572280252,2192.7856876585674,2199.3791603346162,1955914,1.558739371331752,0
2023-04-11,2215.35791015625,2242.7911929889474,2201.6894443068277,2233.165479714317,1342440,-0.35502363383436153,0
2023-04-12,2202.84423828125,2226.138414818568,2196.539349785949,2217.764092200131,1165839,-0.5648600534311599,0
2023-04-13,2174.208251953125,2209.1014668433522,2158.5182903950295,2208.9089995548616,1956668,-1.2999551139606713,0
2023-04-17,2131.133056640625,2188.69487274105,2118.7639202827686,2174.2081263265636,4125850,-1.981189946906181,0
2023-04-18,2133.6357421875,2146.534104238768,2106.106107656693,2136.9083907668455,2848601,0.11743450457382121,0
2023-04-19,2136.5234375,2151.346942115708,2125.4538671043265,2125.4538671043265,1970015,0.13534153254948222,0
2023-04-20,2149.18115234375,2167.1811893422237,2139.074153306863,2141.7212244831903,1898996,0.5924444647591232,0
2023-04-21,2132.2880859375,2159.0476174521755,2119.582190650776,2156.3041950026736,1009316,-0.7860233832698404,0
2023-04-24,2145.475341796875,2149.1331601896136,2104.710583204109,2136.9085501689347,1239073,0.6184556367568428,0
2023-04-25,2163.812255859375,2169.635859626007,2135.079641577173,2147.5448937701212,1350118,0.8546783878272235,0
2023-04-26,2190.956787109375,2201.6895991671618,2160.0583863261677,2163.7162046283606,1894812,1.2544771930418364,0
2023-04-27,2219.3046875,2223.5399076086187,2182.245689039856,2190.5718375499196,1252989,1.2938594023127914,0
2023-04-28,2275.90380859375,2280.3317311991373,2225.753977794887,2225.753977794887,2884961,2.550308725635486,0
2023-05-02,2295.203369140625,2325.9095383563103,2284.374440695244,2284.374440695244,1840153,0.8479954413714852,0
2023-05-03,2268.10693359375,2300.545541296837,2260.5988300149047,2294.866464296418,998235,-1.180567957994083,0
2023-05-04,2268.6845703125,2292.5082138450057,2255.160629359921,2273.401311447886,1230912,0.025467790349487096,0
2023-05-05,2288.513427734375,2316.861107525314,2268.7807146876644,2268.7807146876644,2425866,0.8740244316618906,0
2023-05-08,2276.8662109375,2295.7327036774263,2265.941166955207,2288.46524287697,1583576,-0.5089424713756507,0
2023-05-09,2285.481689453125,2312.000345747091,2279.032272529482,2279.032272529482,1417301,0.3783919526864743,0
2023-05-10,2275.951904296875,2299.5349036442017,2262.0427945395186,2297.6579364109916,1675409,-0.4169705318676331,0
2023-05-11,2158.2294921875,2227.438520751099,2153.6093372092473,2213.9143448180644,9470848,-5.172447268640489,1
2023-05-12,2137.967529296875,2151.347178373787,2115.1064574908896,2139.4593270335567,5367292,-0.9388233718411576,0
2023-05-15,2162.753662109375,2175.411382123715,2132.095668762845,2137.774746069045,2662740,1.1593315835180862,0
2023-05-16,2143.8388671875,2170.5983977613428,2139.8924656477784,2170.2134632218285,2528855,-0.8745700101336129,0
2023-05-17,2136.5234375,2160.010084164496,2127.4751259140494,2141.0956513590827,1961004,-0.34123038813532736,0
2023-05-18,2106.298583984375,2149.951288768395,2099.368117255338,2146.5341134706114,2290757,-1.414674558917639,0
2023-05-19,2108.07958984375,2116.7427326421284,2087.336128698186,2109.9565571161743,1729803,0.08455619126923608,0
2023-05-22,2133.6357421875,2138.83353346123,2096.865328722539,2108.0312503510772,1112099,1.212295421239018,0
2023-05-23,2115.39501953125,2145.1867934383486,2111.8817277956055,2142.2990791341613,2265389,-0.8549126870901036,0
2023-05-24,2103.36279296875,2125.838929077154,2094.555358692274,2117.657072207262,2648479,-0.5687933672627321,0
2023-05-25,2122.18115234375,2124.683932024683,2096.480542555405,2108.0313995391816,1689521,0.894679673801746,0
2023-05-26,2135.41650390625,2137.6304651564346,2118.619679752026,2126.3202510550777,1249128,0.6236673786251812,0
2023-05-29,2141.2880859375,2157.8924412775295,2137.1008066767345,2141.721196032774,1369656,0.2749619112013546,0
2023-05-30,2128.052978515625,2153.2723031478213,2124.587627343595,2146.5343030932686,1716729,-0.6180909289503878,0
2023-05-31,2123.095458984375,2140.758737714379,2117.6570247174614,2118.715947230931,2809284,-0.2329603436239669,0
2023-06-01,2125.165283203125,2138.833750721126,2119.7266135373734,2134.020893496281,1049488,0.09749086928667605,0
2023-06-02,2150.9140625,2153.5611339652273,2129.352321199746,2137.8711724616855,1399950,1.211613021367719,0
2023-06-05,2183.401123046875,2187.7326950797665,2156.1603008172356,2160.9731586315597,2344944,1.5103839392409446,0
2023-06-06,2192.689208984375,2195.3362800148884,2178.9725681898954,2184.074242994709,1677680,0.42539530823995086,0
2023-06-07,2228.833984375,2231.2404127753184,2192.7375583702224,2192.7375583702224,2128603,1.6484221859862647,0
2023-06-08,2252.705810546875,2257.2780245266404,2226.1869224636807,2230.2296751926024,2556995,1.0710455035783717,0
2023-06-09,2274.55615234375,2280.1872888718226,2250.7325108835266,2257.2298676454056,2501720,0.969959845381263,0
2023-06-12,2252.368896484375,2281.2942140042683,2245.7754234075933,2276.481357012698,1172382,-0.9754543028763107,0
2023-06-13,2266.27783203125,2269.646831666449,2239.9998228789073,2258.048035210332,1688768,0.6175247566499786,0
2023-06-14,2266.90380859375,2271.6684899938164,2252.4170621125127,2264.834139094841,1013564,0.027621351347684175,0
2023-06-15,2272.919921875,2280.8129604518663,2261.0802465083075,2266.855674979593,2561534,0.26538899702948093,0
2023-06-16,2278.214111328125,2290.92000722478,2264.2086499976845,2275.2782214611652,1794542,0.23292459193888781,0
2023-06-19,2277.781005859375,2329.326518125492,2272.6311546885913,2289.957440493079,3111256,-0.019010744714309524,0
2023-06-20,2292.84521484375,2300.2087925023934,2266.326324153457,2276.433324470778,1771306,0.6613545791111397,0
2023-06-21,2304.8291015625,2321.722277071601,2292.8451343219544,2292.8451343219544,1607299,0.5226644450819107,0
2023-06-22,2325.81298828125,2333.2729161277807,2290.9197773861874,2304.973412878823,1741775,0.9104313506161699,0
2023-06-23,2300.112548828125,2336.1608009606443,2294.0483019734056,2328.4120541464354,1212955,-1.1050088542207903,0
2023-06-26,2288.561767578125,2313.877443377737,2279.320987779635,2308.3426576136853,793572,-0.5021833064597137,0
2023-06-27,2298.66845703125,2307.235247663748,2282.7860304633364,2298.090820245858,1012317,0.44161750826678947,0
2023-06-28,2330.818359375,2341.839754383572,2300.5937128445294,2310.1712508213386,1734938,1.398631553211116,0
2023-06-30,2382.8935546875,2390.545949926493,2324.65798795887,2329.4226691452036,2690699,2.2342022106975223,0
2023-07-03,2362.1982421875,2399.1127120476467,2356.374638584236,2385.444246030269,1078456,-0.8684950470947084,0
2023-07-04,2369.70654296875,2391.412340475068,2366.1930162860926,2366.1930162860926,1441581,0.3178522719709198,0
2023-07-05,2378.321533203125,2391.9418249190912,2362.4872802004325,2368.8882862006303,1191896,0.36354671256391136,0
2023-07-06,2395.455078125,2406.3801215924436,2375.192904862369,2375.7223660882964,1796824,0.7204049024775783,0
2023-07-07,2357.67431640625,2410.27874860778,2353.102102326423,2389.8241066717114,1837661,-1.5771851479812415,0
2023-07-10,2347.470947265625,2371.150297157145,2329.4227339345207,2358.2998752642875,1178479,-0.43277262977431397,0
2023-07-11,2381.930908203125,2386.214303578904,2355.604488585689,2355.604488585689,1219658,1.4679611254673652,0
2023-07-12,2363.06494140625,2392.9046589730483,2356.1826489363243,2387.4662238047417,1822435,-0.7920450896330644,0
2023-07-13,2358.4443359375,2391.8936937075823,2354.6904012967957,2373.701187367562,1141663,-0.19553442598154724,0
2023-07-14,2379.717041015625,2384.33743053691,2357.0002629542596,2358.5404711289452,845623,0.9019803755372147,0
2023-07-17,2376.396240234375,2400.6529917065563,2372.7384220355502,2382.3641357152073,878697,-0.13954603526445952,0
2023-07-18,2382.075439453125,2396.754653567328,2375.722609100454,2376.5888293749313,720865,0.23898368136576753,0
2023-07-19,2400.797119140625,2409.2677935996885,2374.0857655072496,2381.979038186707,1431080,0.7859398311834465,0
2023-07-20,2396.513916015625,2402.2893442913596,2376.6369110344153,2400.653019947124,1045704,-0.1784075418473141,0
2023-07-21,2489.449951171875,2497.8724497983626,2426.738526828327,2427.604746971665,4610417,3.877967681938732,0
2023-07-24,2507.739013671875,2539.263225435719,2487.188021314795,2538.9262314615617,2155297,0.7346627913282777,0
2023-07-25,2465.048828125,2519.77110230607,2457.4446086094536,2518.086602476432,2068876,-1.70233765611707,0
2023-07-26,2547.204345703125,2573.7714080335286,2488.2468525810405,2494.022280478714,5820099,3.3328150193525863,0
2023-07-27,2560.632568359375,2576.178238546102,2547.397210694087,2569.055068691831,2117794,0.5271749272453219,0
2023-07-28,2550.381103515625,2568.2847905795434,2526.749928611294,2560.5842193685376,1325724,-0.40034892043563364,0
2023-07-31,2580.990966796875,2589.3171155651426,2532.6217530209833,2555.627115920243,1284981,1.2002074215126113,0
2023-08-01,2566.8408203125,2588.354384185887,2555.963951958712,2580.9908072911157,1298745,-0.5482447116789357,0
2023-08-02,2552.724853515625,2574.921239486123,2533.7898667279774,2568.1552978931927,1479486,-0.5499354180893978,0
2023-08-03,2529.311767578125,2572.7795013737314,2517.824141529422,2545.764221395254,1612618,-0.9171801616322028,0
2023-08-04,2557.34912109375,2565.234757544344,2529.7011451533126,2536.0290487297975,1101278,1.108497334137315,0
2023-08-07,2566.110595703125,2583.7314667907053,2553.649684572805,2558.4198548326954,1163125,0.3425998639414507,0
2023-08-08,2562.5087890625,2579.3507949874465,2558.712142068454,2569.1775208365666,767310,-0.14036053810994042,0
2023-08-09,2581.395263671875,2584.7051488294674,2546.0075858667665,2565.2346768985485,906865,0.7370306275626293,0
2023-08-10,2573.509521484375,2591.13039292684,2552.23793670521,2570.1996364630936,1040041,-0.30548371644112393,0
2023-08-11,2568.641845703125,2586.5545836667434,2561.5838000782064,2572.0979017858276,1320121,-0.18914543508050663,0
2023-08-14,2589.475341796875,2593.028845561023,2546.737750609227,2567.181746313659,1364413,0.8110704934827906,0
2023-08-16,2619.800537109375,2623.645907508985,2581.8331195239016,2598.3342957853365,1703875,1.1710941912834283,0
2023-08-17,2582.271484375,2619.8008686578014,2572.049486039114,2619.8008686578014,1629067,-1.4325156515840543,0
2023-08-18,2572.000732421875,2603.883631622692,2563.0443624717886,2579.837645256952,1898966,-0.39774098173921413,0
2023-08-21,2591.76318359375,2595.998106290907,2553.9904206772794,2571.9033973815463,1376318,0.7683688003178091,0
2023-08-22,2607.875,2614.5434938821304,2591.5197564062078,2597.3608978556585,1497180,0.6216546522552768,0
2023-08-23,2645.647705078125,2653.8252078600053,2611.4282095534713,2618.3403218566345,1990672,1.4484093400996878,0
2023-08-24,2616.977294921875,2693.5450664633477,2609.6273820948204,2674.756013988986,2619182,-1.0836820828872717,0
2023-08-25,2568.544677734375,2611.6718225389873,2561.340697866157,2606.5608234269394,1408427,-1.8507083451385409,0
2023-08-28,2623.98681640625,2628.5136058790486,2579.886151705616,2583.2934841576816,1551734,2.158503963449787,0
2023-08-29,2646.962158203125,2650.0289003965013,2624.911941955098,2638.2491688156197,1101830,0.8755890713026293,0
2023-08-30,2637.275390625,2665.166746252531,2635.3283434558416,2650.8559970945485,1920079,-0.3659579170070537,0
2023-08-31,2631.142333984375,2652.4626446280013,2607.4371755987763,2647.9843407457765,2439625,-0.2325527573808439,0
2023-09-01,2630.55810546875,2644.0412641632347,2617.123432810925,2638.2488465189385,1263430,-0.0222043675888961,0
2023-09-04,2639.320068359375,2669.401854139512,2633.381479010715,2660.6401412703453,1548282,0.33308379968530755,0
2023-09-05,2660.59130859375,2666.4811739832626,2647.9842253503007,2648.4709871564314,1066447,0.8059363655578577,0
2023-09-06,2658.1572265625,2670.1803370097814,2640.1957652963097,2667.454423640077,1747425,-0.09148650615327103,0
2023-09-07,2771.037353515625,2780.334551006688,2657.7193067174526,2660.639877384175,4100519,4.246555689977005,0
2023-09-08,2824.776123046875,2851.158469535917,2796.3977680010184,2811.5361072495525,3638510,1.9393015205324327,0
2023-09-11,2817.57177734375,2848.5298734006583,2813.5317497299884,2828.085879093955,1545803,-0.2550412984712702,0
2023-09-12,2866.15087890625,2929.332464441182,2854.809186545939,2873.452305786712,7788759,1.7241477911273506,0
2023-09-13,2829.78955078125,2865.7611980601864,2811.974022458341,2865.5665408874547,2458417,-1.2686466854416212,0
2023-09-14,2841.326171875,2854.0304651511588,2829.059679021925,2847.459180624869,1910041,0.407684772550132,0
2023-09-15,2831.542236328125,2857.2431654049287,2823.218561654121,2855.344841838461,1655275,-0.3443439772498391,0
2023-09-18,2842.542724609375,2852.4238931960367,2830.0328523962044,2832.953422935313,736631,0.3884981173904345,0
2023-09-20,2813.483154296875,2866.9782276364963,2809.6377836801394,2849.454803146066,1399240,-1.0223090073868124,0
2023-09-21,2822.585693359375,2828.183453957495,2770.6968388884243,2808.664258597414,2444711,0.3235327372974828,0
2023-09-22,2841.228759765625,2858.7034616693154,2825.4090005241683,2831.6881805031353,1965569,0.6604960285213402,0
2023-09-25,2825.65234375,2846.3884446606567,2794.9863493217053,2840.6932363390206,1049532,-0.5482281552334434,0
2023-09-26,2835.43603515625,2866.0533029668127,2832.9535025928753,2837.821120294925,953456,0.3462454051677888,0
2023-09-27,2886.546142578125,2915.6056788770497,2834.5598407251423,2844.635904863339,2903693,1.8025484189439167,0
2023-09-28,2930.30615234375,2969.7338597091725,2899.396776816536,2909.8621559320495,4081102,1.5159989691535092,0
2023-09-29,2943.49755859375,2977.3762300595095,2925.682027784657,2959.5119755312726,2698016,0.4501716054293281,0
2023-10-03,2991.88134765625,2995.9700991643276,2915.8005748120545,2959.9984503534783,3254492,1.6437516287805432,0
2023-10-04,2947.5859375,2982.9736137210602,2910.884147088422,2982.9736137210602,3100946,-1.4805202816933094,0
2023-10-05,3014.07763671875,3032.4284130436918,2952.2588912485066,2952.2588912485066,3413447,2.255801887667608,0
2023-10-06,3011.789794921875,3032.4771706054303,2991.7838381960946,3032.4771706054303,1898118,-0.07590520459737071,0
2023-10-09,2993.292724609375,3003.320064418125,2974.64984423964,2993.5848292012106,1181760,-0.6141554215930878,0
2023-10-10,2994.558837890625,3016.9498825172454,2990.810676654193,2992.465857050547,1551789,0.04229834492432971,0
2023-10-11,3006.92236328125,3027.6584639620464,3002.73616417195,3008.1879915249915,2066921,0.4128663372443109,0
2023-10-12,3000.156494140625,3022.839642613244,2985.8457440889174,3012.082158796494,1870280,-0.22500977156064694,0
2023-10-13,3007.798583984375,3016.9496106756837,2982.3895231703636,2986.5269984350853,1437808,0.25472304057054806,0
2023-10-16,3019.772705078125,3030.8222928086698,2993.2929111730336,3016.9008580454692,818794,0.3981024912209419,0
2023-10-17,2985.115478515625,3031.747164139594,2981.90280308275,3027.5609651014033,1847182,-1.1476766613665812,0
2023-10-18,2964.963623046875,2997.6251502563455,2956.73715834178,2987.403152277704,1350839,-0.6750779195574319,0
2023-10-19,2973.5302734375,2988.6198886522316,2927.5312851216245,2945.492984986287,1599104,0.28892935899906824,0
2023-10-20,2932.59375,2975.3313386153,2898.47170216415,2959.4628572740226,1667471,-1.3766977186405405,0
2023-10-23,2879.974853515625,2927.2879568855783,2870.9210366886005,2923.4913099952078,1614030,-1.7942784091514508,0
2023-10-25,2838.892333984375,2886.984305921814,2833.2458494318957,2880.6564023681162,2108353,-1.4264888278833432,0
2023-10-26,2788.755615234375,2838.9405633547503,2781.405465005045,2829.0593945387704,3286109,-1.7660662276555383,0
2023-10-27,2825.06787109375,2833.4889923369483,2781.989454365822,2788.8041191589405,2399538,1.302095302327988,0
2023-10-30,2848.87109375,2854.3714074282952,2780.5295418073392,2822.4397834387823,1693052,0.8425717095084995,0
2023-10-31,2851.49951171875,2873.4037939754976,2830.9580675095303,2852.3755879383502,1556467,0.09226173744807387,0
2023-11-01,2818.64306640625,2904.1669763018217,2795.035117935411,2869.4122295934885,3875595,-1.152251479527544,0
2023-11-02,2840.83935546875,2860.06644686139,2826.333711001975,2857.2918094884953,1451606,0.7874813709846551,0
2023-11-03,2834.170654296875,2869.9963712450462,2828.0861316384444,2856.3183167735615,1136175,-0.23474404348269307,0
2023-11-06,2896.670654296875,2900.1267105003076,2849.7468658314956,2855.3446263502524,1235499,2.205230652051382,0
2023-11-07,2882.8955078125,2904.60513180553,2877.833232586396,2891.3651156664937,1112206,-0.4755510076349556,0
2023-11-08,2917.114501953125,2923.2477476602153,2882.603140728298,2895.940365407755,1013438,1.1869661612047055,0
2023-11-09,2944.762939453125,2948.5108626853935,2917.6502122796956,2923.491353845821,1719911,0.9478008998785814,0
2023-11-10,2952.9404296875,2963.405808281134,2925.681769164546,2941.0634894235445,947753,0.2776960455734834,0
2023-11-13,2967.78662109375,2973.481829083355,2951.38265376938,2969.2469064575816,531769,0.5027595970779952,0
2023-11-15,2983.801025390625,2989.7396142523266,2974.1145133815544,2981.270006708633,1160184,0.5396076720290965,0
2023-11-16,2970.366455078125,3000.4972008221303,2964.3793799724904,2976.9864631335927,1597607,-0.45025020764383195,0
2023-11-17,3026.684814453125,3032.963994017576,2964.5252387125265,2969.246923152792,1325050,1.896007116519871,0
2023-11-20,3007.019775390625,3029.556751901108,2994.753282828709,3013.1530216715832,1231164,-0.649722064504199,0
2023-11-21,2993.439208984375,3016.949709422763,2981.36737344619,3006.727711375348,1884782,-0.45162876936802876,0
2023-11-22,3000.69189453125,3006.873626897974,2981.4160793644346,2993.4391911143334,1104208,0.24228604760394568,0
2023-11-23,2965.011962890625,3006.240781108943,2950.798661389042,2998.4525925568473,1514688,-1.1890568207169716,0
2023-11-24,2973.384521484375,2985.796947660662,2959.1224954975814,2969.247046092279,915121,0.28237857717063886,0
2023-11-28,2969.2470703125,2978.1547164527706,2954.6442158683403,2973.1411648309427,1210508,-0.13914954967915172,0
2023-11-29,3002.103271484375,3008.0903462944216,2968.2733278494884,2969.2468514073266,1801107,1.1065499230556552,0
2023-11-30,3026.87939453125,3041.8230761951563,2977.716454924804,2994.8505645909777,3131624,0.8252921637377453,0
2023-12-01,3106.1728515625,3113.2796210856454,3038.415754394254,3047.0800190073683,2112908,2.619643755034029,0
2023-12-04,3225.8193359375,3258.9191400164104,3163.951860484084,3198.0251882123744,3095974,3.851893957376329,0
2023-12-05,3227.668701171875,3236.965898882945,3192.232537981082,3231.1734811255383,1659309,0.05733009328117156,0
2023-12-06,3302.484130859375,3310.9537385800404,3233.0718511685723,3241.8335635023623,2057233,2.3179401795585974,0
2023-12-07,3266.755859375,3319.6180002629158,3248.6969492136564,3302.484127655013,2128823,-1.081860504658283,0
2023-12-08,3289.00048828125,3339.185673267582,3276.8801679937847,3287.5889267127186,2428891,0.6809394354466924,0
2023-12-11,3296.15625,3314.847855570971,3271.039293603073,3288.513994674936,1534238,0.21756645352428716,0
2023-12-12,3253.9052734375,3285.6422387251864,3243.7807227947615,3285.6422387251864,1888423,-1.281825658674407,0
2023-12-13,3309.78564453125,3319.7155379010755,3257.6046835275934,3264.175967950125,1509107,1.7173324481789987,0
2023-12-14,3342.203857421875,3348.9210749725253,3310.077579667778,3335.243021302496,2425646,0.9794656322891893,0
2023-12-15,3395.650146484375,3406.2614581214793,3341.960417707955,3344.1993317343295,2632935,1.5991331271973275,0
2023-12-18,3399.15478515625,3413.173428640192,3374.2324882107546,3403.438193532833,1767429,0.10320965119163805,0
2023-12-19,3406.310302734375,3431.6706396778222,3384.0167076919533,3396.575066877133,1311700,0.21050873026942085,0
2023-12-20,3327.990478515625,3421.546193005729,3322.198060540597,3412.2002712292715,1876048,-2.2992568867222563,1
2023-12-21,3333.490966796875,3348.8726882593187,3244.754379686792,3300.293952382983,2292802,0.16527956785812314,0
2023-12-22,3385.8662109375,3403.4383586943495,3318.3524947976507,3333.3446625198667,1681707,1.5711830229122148,0
2023-12-26,3397.64599609375,3415.461525028665,3385.8662657807404,3385.8662657807404,1072263,0.34791053226490565,0
2023-12-27,3450.16748046875,3455.035098245935,3411.3724717139257,3417.0676795838917,1389266,1.545819795098824,0
2023-12-28,3424.904541015625,3465.6950823136435,3407.8191553354204,3451.1409529107455,3371121,-0.7322235687437617,0
2023-12-29,3432.64404296875,3446.273372691258,3402.4648128689114,3437.5116607267887,968577,0.2259771582080239,0
2024-01-01,3432.108642578125,3444.3264109890674,3403.487144521857,3444.3264109890674,777080,-0.015597317517435094,0
2024-01-02,3347.071533203125,3432.1086757607013,3341.132944262997,3431.719361397301,1511464,-2.4776928189290115,1
2024-01-03,3349.261962890625,3374.0868143241737,3321.273159803781,3342.1064694655865,1283859,0.0654431692233226,0
2024-01-04,3367.126220703125,3387.959769542773,3332.371473727195,3349.9436232493176,1651616,0.5333789357307328,0
2024-01-05,3428.65283203125,3460.876559768114,3368.3918134451965,3373.2107079551092,2069018,1.8272736837075643,0
2024-01-08,3408.403564453125,3465.6952855965674,3397.5973574433146,3446.2735373493792,1993855,-0.5905896155175561,0
2024-01-09,3461.801025390625,3498.600263172331,3426.9003486756465,3434.0556041731193,1807271,1.5666413887836628,0
2024-01-10,3451.6279296875,3464.721774594502,3426.8030778451557,3455.9600621795576,1534821,-0.29386714107801915,0
2024-01-11,3412.05419921875,3465.3058912719607,3407.868000308086,3451.6278374986227,1105348,-1.1465236484029973,0
2024-01-12,3474.311279296875,3483.900344725182,3401.5403858385207,3412.2491460798838,1782631,1.8246216631722767,0
2024-01-15,3449.242919921875,3510.23407983068,3444.375301806993,3481.417923196578,1783518,-0.7215346398113609,0
2024-01-16,3478.88671875,3493.9763351318734,3444.326629617322,3454.061865992724,1791818,0.8594291418824396,0
2024-01-17,3476.404052734375,3518.7523293447257,3453.7696290288427,3460.876398845912,2699076,-0.07136380734228398,0
2024-01-18,3500.790771484375,3521.186042820734,3431.670597742609,3476.258024959248,2148898,0.7014926452757475,0
2024-01-19,3549.467041015625,3559.056343533904,3507.6055262696923,3507.6055262696923,1913923,1.3904364101888556,0
2024-01-23,3456.982421875,3564.410849881152,3442.574224566715,3541.2896635900984,1742142,-2.6055917148102847,1
2024-01-24,3494.170654296875,3522.159456168511,3428.4578151199903,3475.4790497996682,3711521,1.0757425952343969,0
2024-01-25,3498.308349609375,3522.451782540132,3470.4169934066963,3504.587529324063,2206540,0.11841709297775171,0
2024-01-29,3609.825439453125,3634.9911191003416,3504.782340101729,3508.578986998129,2072982,3.187743294732792,0
2024-01-30,3537.103271484375,3638.9336953675434,3528.9255308046827,3617.5649003174335,1454989,-2.014561900249867,1
2024-01-31,3387.618896484375,3444.3266486850257,3297.3733023201326,3426.8032231122925,9637606,-4.226180677423863,1
2024-02-01,3308.033203125,3401.2480881159413,3281.748065842959,3387.8621385741612,6149780,-2.349310704399721,1
2024-02-02,3286.664306640625,3345.3678256364046,3272.0127293295104,3312.608614794192,7579802,-0.6459698307800688,0
2024-02-05,3253.2724609375,3317.719675140498,3230.5893137268954,3286.1288821409535,2954238,-1.0159798077235216,0
2024-02-06,3333.58837890625,3336.995711702095,3249.1839254702268,3257.4101528277174,2545192,2.468773179409789,0
2024-02-07,3304.820556640625,3355.7358890607493,3299.2715195900437,3353.788841837622,2099940,-0.8629686390694613,0
2024-02-08,3247.18798828125,3327.309028601936,3206.640825156168,3322.6360677571297,3471727,-1.743894029089399,0
2024-02-09,3236.528076171875,3300.2451510965016,3221.3410122643027,3247.918255264219,3121873,-0.32828133596962683,0
2024-02-12,3212.189697265625,3250.7410874836023,3199.971929100477,3241.8334420153906,1922273,-0.7519903530401995,0
2024-02-13,3233.55859375,3250.157218441266,3197.1489066721606,3224.3101196748457,2151493,0.665243914534841,0
2024-02-14,3221.3896484375,3229.1291136567993,3176.6562857746753,3202.941423431917,2502138,-0.37633291495074994,0
2024-02-15,3212.920166015625,3233.9968580749432,3203.087482029811,3221.389774278484,1999189,-0.2629139392058,0
2024-02-16,3297.0810546875,3308.033195195431,3216.5707004445326,3217.4467766145026,2768329,2.6194515992672196,0
2024-02-19,3251.4228515625,3317.7683890366875,3247.1879288825917,3310.515685838943,1216447,-1.3848068145030035,0
2024-02-20,3267.875244140625,3278.584003412405,3240.324479569715,3251.4227908755515,1578162,0.5060059343009904,0
2024-02-21,3209.123046875,3268.0212237005408,3202.9413147232717,3268.0212237005408,2430672,-1.7978714876269897,0
2024-02-22,3274.68994140625,3279.800940199972,3190.1880471480467,3222.363048994333,2521388,2.0431405581377904,0
2024-02-23,3298.2490234375,3309.8825821827018,3252.2987599735766,3274.689801350331,2107176,0.7194293949287056,0
2024-02-26,3378.272705078125,3399.2034617322174,3303.16545708538,3309.980122042526,4122419,2.4262474140664736,0
2024-02-27,3413.61181640625,3419.0149199797056,3360.506055919638,3382.99454639222,2122286,1.0460704156595835,0
2024-02-28,3378.3212890625,3419.98814346959,3354.908000749932,3412.199955269261,1666903,-1.0338178223469718,0
2024-02-29,3385.47705078125,3403.438513708711,3345.465135655257,3392.7297540831973,2119512,0.21181412620276951,0
2024-03-01,3537.298095703125,3561.490252884215,3407.3326916089,3408.9389105214204,4407803,4.484480108551914,0
2024-03-04,3547.957763671875,3582.3719153563347,3526.1509317793298,3572.8313372746056,1307501,0.30135056985156616,0
2024-03-05,3516.951416015625,3547.957999748582,3495.2417924250776,3535.058812182142,1981370,-0.8739209912172363,0
2024-03-06,3545.767822265625,3555.746439767536,3491.1045638989976,3522.208597259863,1500196,0.8193575298986122,0
2024-03-07,3579.59765625,3607.0509750228152,3546.7899575234683,3563.826621012567,2344401,0.9540905011304224,0
2024-03-11,3544.210205078125,3602.037413346041,3535.302321301283,3602.037413346041,1748541,-0.9885873936163803,0
2024-03-12,3525.76171875,3574.778728024377,3517.4867679906843,3542.7011723221276,1470377,-0.5205246094515559,0
2024-03-13,3444.862060546875,3540.5107564190216,3418.9175134116877,3538.660918931016,2503293,-2.2945299386768148,1
2024-03-14,3512.66796875,3539.731973619388,3428.750278076866,3433.6666200200048,4528490,1.9683199794757744,0
2024-03-15,3443.4990234375,3507.605649742003,3430.746006451044,3502.7380315769433,4054210,-1.9691284780643303,0
2024-03-18,3466.912353515625,3477.621113599743,3433.325787797255,3443.499062341833,1354787,0.6799284657485583,0
2024-03-19,3408.987548828125,3455.5220245286837,3388.8356578065495,3447.2470739135283,1447405,-1.6707894166623882,0
2024-03-20,3416.775634765625,3431.6218692458056,3395.4068398852205,3410.0096934722833,1442811,0.2284574474370693,0
2024-03-21,3465.743896484375,3500.79074487579,3431.816505123692,3431.816505123692,2504962,1.433171707866876,0
2024-03-22,3522.013671875,3550.732617620486,3452.3092881474963,3452.3092881474963,3020545,1.6235987733457247,0
2024-03-26,3572.928955078125,3579.5487252234566,3504.684857640628,3509.552475498462,2320963,1.4456299136402784,0
2024-03-27,3608.267578125,3628.516915430044,3572.9288635239795,3585.48722220473,2387693,0.9890659313740002,0
2024-03-28,3664.245361328125,3712.3862932051306,3599.652213455611,3608.4139258038645,4278668,1.5513756114565513,0
2024-04-01,3736.383544921875,3749.8669417375013,3680.7467667272217,3680.7467667272217,1905190,1.9687050532992467,0
2024-04-02,3706.59375,3757.8011876799847,3671.400966072057,3747.8712942530547,3608162,-0.7972895331466279,0
2024-04-03,3682.304443359375,3699.097726143796,3670.330055056019,3699.097726143796,1684618,-0.6552999405620041,0
2024-04-04,3697.296875,3718.616947782315,3632.2654478948357,3704.1600265647603,2339529,0.4071480745613476,0
2024-04-05,3643.996337890625,3689.6545003573633,3617.8571337606995,3670.2814754921155,1645597,-1.4416082589898904,0
2024-04-08,3707.031982421875,3718.6655420543266,3643.9963285211197,3645.8459283139514,1083395,1.729849283211382,0
2024-04-09,3685.0302734375,3726.599684372752,3675.0516563573246,3718.860219148339,1997057,-0.5935127910604354,0
2024-04-10,3653.82861328125,3699.389563866302,3650.8108328219823,3699.389563866302,1951581,-0.8467138080562986,0
2024-04-12,3581.836669921875,3701.434138071264,3566.5036733733205,3650.6647402267217,3437544,-1.9703152769041332,0
2024-04-15,3505.4638671875,3582.420956197923,3491.2503273915177,3530.045338373408,1719910,-2.132224603531152,1
2024-04-16,3449.632080078125,3502.8837723388842,3436.0027499657804,3485.2631381567744,2291042,-1.592707533858273,0
2024-04-18,3456.93359375,3521.8675705951105,3445.9814532060723,3467.6423533929515,3273257,0.21166064966875453,0
2024-04-19,3425.197021484375,3449.0968368977597,3380.4634197243213,3431.6708586719096,2759031,-0.918055594790812,0
2024-04-22,3517.048583984375,3524.155353641691,3447.1982672374716,3474.2622702510453,2605754,2.681643185015803,0
2024-04-23,3514.56591796875,3536.5676450753876,3493.002466597066,3536.5676450753876,1434580,-0.07058947172156049,0
2024-04-24,3538.6123046875,3558.1799861769427,3505.7558836317294,3520.7967755130394,1501234,0.6841922240185871,0
2024-04-25,3555.60009765625,3568.937322712618,3515.977736835223,3520.3585927959994,2420380,0.48006934656974476,0
2024-04-26,3509.747314453125,3563.972532662482,3490.0821848243154,3555.3082674974617,1973113,-1.2895933722509967,0
2024-04-29,3538.076904296875,3553.263730010906,3509.747272167695,3510.623586022925,1396979,0.8071689299992801,0
2024-04-30,3499.1357421875,3552.3387091074205,3489.1571258031736,3542.6521973233307,1571996,-1.100630742708908,0
2024-05-02,3504.197998046875,3537.930493789475,3481.3689184661603,3494.9982480876793,3748847,0.14467160557225522,0
2024-05-03,3407.137939453125,3526.1024757203973,3396.088351533365,3514.4201925319253,4079696,-2.769822328756766,1
2024-05-06,3371.6044921875,3433.6179009292264,3349.9923147722734,3429.5291491495896,2614667,-1.0429119072099646,0
2024-05-07,3336.99560546875,3403.438592872511,3334.3184155001004,3387.27800562745,3376013,-1.0264812138833013,0
2024-05-08,3394.53076171875,3404.8012452608773,3278.632732949797,3338.212328014195,4116670,1.7241603841404496,0
2024-05-09,3188.727783203125,3287.589150926977,3180.1607281083748,3225.0402605073564,12120574,-6.062781366913317,1
2024-05-10,3184.833740234375,3218.614961688515,3148.9595381065947,3194.7151474006923,4132191,-0.12211901527819924,0
2024-05-13,3206.640625,3227.2305529139962,3139.8080910041035,3180.5501464486542,3557067,0.6847103034025359,0
2024-05-14,3289.974365234375,3295.2800214524914,3206.2026098120086,3212.6279608042837,2870328,2.598786392983321,0
2024-05-15,3320.981201171875,3326.9195526992503,3264.370659573126,3300.2451003511496,2718682,0.9424643627972795,0
2024-05-16,3368.975830078125,3376.6665713672146,3289.244105464065,3338.163665853629,3398714,1.4451942362490477,0
2024-05-17,3359.38671875,3383.9194670742613,3321.80861097376,3383.9194670742613,2676919,-0.2846298641419054,0
2024-05-21,3349.845947265625,3378.4189596839415,3343.0800058549194,3366.4445719995083,2100848,-0.28400336975569207,0
2024-05-22,3369.21923828125,3380.7553503083777,3344.102281924434,3358.7051358904127,1409992,0.5783337896908103,0
2024-05-23,3490.471435546875,3506.291194115664,3363.5240526255366,3369.2677468198476,4525637,3.5988218245922132,0
2024-05-24,3529.899169921875,3562.1228965519467,3487.453683041766,3491.05567287108,2740360,1.1295819233318793,0
2024-05-27,3555.30810546875,3597.169619306416,3504.684879432503,3548.395992996985,2570708,0.719820434628371,0
2024-05-28,3561.343994140625,3587.677855116265,3549.515777444201,3555.3081953421342,1440187,0.16977118417924597,0
2024-05-29,3538.563720703125,3564.8975823022824,3514.761115600362,3515.3938108861275,1506146,-0.6396538350403547,0
2024-05-30,3538.46630859375,3547.4714022174862,3512.2298941658737,3530.04542422168,2701849,-0.0027528714208302496,0
2024-05-31,3572.150146484375,3645.651177326948,3540.121077855591,3540.121077855591,6432341,0.9519332657998758,0
2024-06-03,3793.96728515625,3816.114946370256,3700.460536413825,3753.3226761151627,5767666,6.209625283813502,0
2024-06-04,3313.095458984375,3794.794982491131,3232.098343219742,3750.0128970127853,9920882,-12.674643454445889,1
2024-06-05,3318.741943359375,3350.3814602731854,3090.9861452951395,3350.3814602731854,10372458,0.1704292690899667,0
2024-06-06,3390.3447265625,3444.52122088405,3295.6695546237215,3346.974201804827,8374602,2.157527895364031,0
2024-06-07,3438.971923828125,3454.06153878052,3354.762137158307,3373.3078082319025,5879660,1.4342847464637876,0
2024-06-10,3449.92431640625,3490.0821655919312,3427.8253778442504,3427.8253778442504,3151257,0.3184786855117139,0
2024-06-11,3503.419189453125,3542.652236474557,3457.1768203317893,3475.479110803564,2548176,1.5506100465009665,0
2024-06-12,3534.182861328125,3552.3389818532046,3483.267528234749,3519.2879023389096,2242274,0.8781042236570613,0
2024-06-13,3605.590576171875,3617.5162402391384,3538.7582762859956,3568.450746004489,2965500,2.020487270908089,0
2024-06-14,3590.16015625,3621.507566684358,3577.699007409951,3619.5605196054958,1746508,-0.4279581831572732,0
2024-06-18,3591.523193359375,3611.7725316381225,3577.6992058679516,3609.8254844512553,1936792,0.03796591377691616,0
2024-06-19,3494.901123046875,3601.063922891291,3480.346992250977,3592.3022101835263,2936151,-2.6902811178040387,1
2024-06-20,3526.7890625,3545.284331357324,3497.501094013525,3517.4678877586944,2618715,0.9124132079972869,0
2024-06-21,3468.45849609375,3542.046724440859,3449.8161449124823,3536.2087729009913,4508508,-1.6539284139920118,0
2024-06-24,3465.12255859375,3499.8561062184517,3439.0231713752937,3454.0843244488224,2330559,-0.09617925380271952,0
2024-06-25,3520.2646484375,3524.3364345784094,3461.5902532651035,3489.553779970902,2158039,1.5913460176752992,0
2024-06-26,3535.12939453125,3556.6661681883425,3524.6308551620195,3533.2161484970234,2480187,0.42226217566760926,0
2024-06-27,3497.304931640625,3533.5104831538574,3483.1760878347363,3529.7328583391873,5519875,-1.0699597856061116,0
2024-06-28,3481.6552734375,3508.637623854451,3471.5002416439474,3473.364380945658,3141514,-0.4474776580543516,0
2024-07-01,3460.16748046875,3474.737805435941,3447.8536694545537,3468.654560018073,2961120,-0.6171717554200762,0
2024-07-02,3558.236083984375,3565.5949067142474,3468.507553407131,3468.507553407131,5087748,2.8342155132427216,0
2024-07-03,3546.31494140625,3581.7843716905904,3537.1408464442075,3581.6372910517402,1923801,-0.3350295566891148,0
2024-07-04,3506.037353515625,3575.4064706659233,3498.678531196746,3548.0317474576927,1851947,-1.13575890906783,0
2024-07-05,3558.873779296875,3569.5196387433475,3500.8372927532337,3506.037575430059,1635209,1.5070126314618237,0
2024-07-08,3563.632568359375,3577.074636691156,3526.3478663776414,3571.5801927576968,1706210,0.1337161517270813,0
2024-07-09,3597.0908203125,3615.6349580650312,3577.46729272463,3581.2937847862586,2425176,0.9388805190016614,0
2024-07-10,3581.3427734375,3624.465425981089,3533.216025705983,3615.683945584045,2231438,-0.4377995347260022,0
2024-07-11,3552.93798828125,3615.2426902147554,3535.1785994711713,3591.1056547500657,2942924,-0.7931322677886543,0
2024-07-12,3580.656005859375,3598.660448140635,3544.6957489333035,3561.6701476838834,2001185,0.7801435789070332,0
2024-07-15,3582.863525390625,3604.841779014631,3568.538255382747,3600.91707375713,943302,0.061651259647321766,0
2024-07-16,3568.0966796875,3582.8634307377356,3552.839340493037,3577.466961151237,2220953,-0.4121520565457448,0
2024-07-18,3587.376953125,3609.9931160916663,3530.9102057987047,3571.48194403035,3240772,0.5403517664546165,0
2024-07-19,3550.38671875,3590.0752552747235,3542.0467195488463,3582.2749509897058,2432533,-1.0311220387023257,0
2024-07-22,3582.71630859375,3592.920686284693,3500.4448159864874,3549.7977943876153,3639057,0.9105934762828394,0
2024-07-23,3471.450927734375,3644.088853371615,3394.870068030638,3600.524720570956,6957691,-3.1056151611135396,1
2024-07-24,3453.201171875,3490.9764626055644,3435.098515524811,3482.1949818901894,3184060,-0.5257097461344729,0
2024-07-25,3551.0244140625,3562.553236573613,3465.5640947496818,3472.3832227089542,4691483,2.8328277826450643,0
2024-07-26,3610.630859375,3631.333776779074,3528.4084704938305,3560.6890775280353,2617659,1.6785704169324012,0
2024-07-29,3703.8916015625,3718.6583534873284,3617.2048150703467,3631.3336586429027,4159919,2.5829486818168768,0
2024-07-30,3713.408935546875,3723.5642064734407,3668.2259567723117,3703.7935990607602,1979989,0.25695498162958685,0
2024-07-31,3743.187744140625,3750.0559785335436,3692.264787816845,3705.952149876589,2703636,0.8019264538491999,0
2024-08-01,3708.159912109375,3766.6869869048573,3694.9631378096365,3738.2819788329634,1998663,-0.9357754519815575,0
2024-08-02,3596.6982421875,3678.332069864614,3588.260268966907,3660.1314394799247,2512525,-3.005848522278809,1
2024-08-05,3461.590087890625,3539.985980741122,3445.4006784659664,3529.2912545755607,2900685,-3.756449532299455,1
2024-08-06,3508.8828125,3566.4778162956036,3479.251334659784,3481.2136873584077,2125532,1.3662138903972165,0
2024-08-07,3569.764892578125,3586.9354788820124,3542.390167945932,3561.6701876062925,1613097,1.7350844508468466,0
2024-08-08,3486.6591796875,3560.4435914624055,3480.673908283438,3552.8394749391305,2038088,-2.3280444340580964,1
2024-08-09,3524.4345703125,3537.680451091567,3508.392241106516,3532.234874417838,848232,1.0834265317663183,0
2024-08-12,3504.712890625,3543.0278758230893,3495.9314100132005,3511.63023194983,1965035,-0.5595700329812381,0
2024-08-13,3484.942138671875,3539.103024207919,3478.466279072401,3512.6112632837126,1316218,-0.5641190183084954,0
2024-08-14,3478.46630859375,3511.335715945336,3469.930122354727,3491.957483252983,1584372,-0.18582317354034483,0
2024-08-16,3501.180908203125,3513.4944804062598,3466.4962265911745,3510.6491646598424,2808865,0.6530061697955114,0
2024-08-19,3488.131103515625,3532.1367200012605,3480.232585824866,3532.08785281875,1898535,-0.37272580394017707,0
2024-08-20,3505.44873046875,3512.611365799634,3481.213722306453,3494.9501913347194,1285569,0.4964729374899557,0
2024-08-21,3528.359130859375,3547.246774898472,3514.475342293247,3522.422966252373,1714248,0.6535654106560429,0
2024-08-22,3538.612548828125,3544.156099454285,3516.486973960555,3539.1522437361164,1734927,0.29060017953026485,0
2024-08-23,3530.812255859375,3553.820793707535,3519.5287276628987,3538.612560051415,1825180,-0.2204336547479091,0
2024-08-26,3573.345947265625,3579.3312186411117,3527.034472828172,3543.0276947678326,1606911,1.2046432470507407,0
2024-08-27,3633.001708984375,3666.6561064927087,3567.5572928037163,3574.082019867214,3315435,1.6694650503794373,0
2024-08-28,3619.608642578125,3654.2930826386964,3615.6348304728103,3635.258357368185,1278175,-0.3686501543098353,0
2024-08-29,3614.114013671875,3640.1642939269036,3582.814583620265,3621.031354915697,2165489,-0.1518017401554328,0
2024-08-30,3634.914794921875,3674.505355653256,3597.3848003013845,3648.357102278157,2592912,0.5755430285628194,0
2024-09-02,3613.770751953125,3651.8893098608423,3597.336047902118,3636.2395948078406,1277813,-0.5816929463735687,0
2024-09-03,3620.687744140625,3644.039788741092,3597.875394431524,3624.4162621096075,1211993,0.19140650202456033,0
2024-09-04,3582.07861328125,3611.710090702106,3562.749487382364,3581.2936243039085,1930121,-1.0663479865629433,0
2024-09-05,3555.93017578125,3598.954854579987,3540.476648256813,3598.954854579987,2958770,-0.7299794427472861,0
2024-09-06,3507.460205078125,3555.586953612089,3469.635808359902,3547.050767159477,3096557,-1.363074309873813,0
2024-09-09,3510.943359375,3526.3477800656174,3486.9536456750407,3516.53601662637,1454589,0.09930702255245283,0
2024-09-10,3528.457275390625,3556.76430922828,3503.7807857252933,3517.5172547816233,1203483,0.49883789691049785,0
2024-09-11,3470.371826171875,3536.110645087443,3450.2086032074244,3527.3291642010095,1865165,-1.646199590508557,0
2024-09-12,3553.82080078125,3569.568729378419,3467.4772804972217,3491.025513301957,3751523,2.4046119202571603,0
2024-09-13,3544.990234375,3566.3308204800805,3532.2840482582187,3553.8208217288266,1752455,-0.24848091395910377,0
2024-09-16,3593.31298828125,3600.917104783176,3544.9900543819117,3551.024192949311,1045964,1.3631279837578836,0
2024-09-17,3625.642822265625,3635.258398462057,3590.8110616325876,3598.954873295229,1289060,0.8997221808902056,0
2024-09-18,3660.229248046875,3687.211597532537,3614.8498420937167,3619.5595364583974,2249929,0.9539391351196969,0
2024-09-19,3614.359130859375,3679.8035429291604,3604.8417685465724,3679.4111682225493,1711564,-1.2532033946228038,0
2024-09-20,3722.48486328125,3738.1836849016377,3610.9742667769383,3630.352499714604,5401701,2.9915602879276193,0
2024-09-23,3716.401611328125,3766.5398186087614,3678.4301345090653,3728.4701283367426,1937874,-0.16341911858743785,0
2024-09-24,3720.228271484375,3759.671512071468,3703.9406485759473,3716.401540067454,2676546,0.10296680920021117,0
2024-09-25,3722.43603515625,3741.4216540256025,3706.8842940073782,3716.2545761693636,2113862,0.05934484420748731,0
2024-09-26,3691.33251953125,3731.364562630834,3666.0672284489583,3729.4513166520505,2750597,-0.835568840706602,0
2024-09-27,3635.89599609375,3667.63714640242,3582.27480511376,3667.63714640242,4095425,-1.5018024830919297,0
2024-09-30,3606.36279296875,3645.7078210056707,3596.0113345333293,3629.3713305426427,1837697,-0.8122675444162675,0
2024-10-01,3584.727783203125,3653.9007156557923,3570.8442337132515,3597.9736638855506,1674100,-0.5999121832059195,0
2024-10-03,3431.8115234375,3548.915022042563,3419.792112594254,3515.0644364024,5315877,-4.265770485617937,1
2024-10-04,3428.180908203125,3486.6591118888045,3403.2100191115796,3448.8347173640486,3445879,-0.10579296705485186,0
2024-10-07,3403.063232421875,3446.823555744768,3364.453845608045,3439.0232513433066,2304227,-0.73268233077044,0
2024-10-08,3465.9072265625,3471.892498087252,3403.700742084125,3427.199867646705,2249452,1.8466889930781605,0
2024-10-09,3421.460205078125,3490.7311128591805,3415.474933421605,3475.375798534109,1645791,-1.2824065555977926,0
2024-10-10,3395.2138671875,3487.983904598541,3390.4550658075855,3448.8350618763316,2686116,-0.7671092550388336,0
2024-10-11,3416.995849609375,3431.2720138454197,3382.1149813961556,3404.0932364871355,1280465,0.6415496423475275,0
2024-10-14,3488.131103515625,3506.5772671882323,3435.3928736063813,3443.929060119898,1974378,2.081806857166124,0
2024-10-15,3485.0400390625,3502.7994260883984,3453.8876912254395,3502.7994260883984,1231552,-0.08861663628438876,0
2024-10-16,3466.103759765625,3514.4755634397593,3447.412301904122,3483.176132880612,1961835,-0.543359016958922,0
2024-10-17,3503.093994140625,3515.5548859613777,3455.506940841957,3483.077852737479,2968537,1.06719928019412,0
2024-10-18,3510.45263671875,3524.8267737885767,3473.609418506825,3502.750306896012,2102609,0.2100612370217192,0
2024-10-21,3518.10595703125,3553.7715730251043,3504.0750875539347,3512.6112737459366,1750549,0.21801519930642055,0
2024-10-22,3445.793212890625,3524.0420287366096,3434.117309855123,3517.51730166589,1363574,-2.055445316992277,1
2024-10-23,3390.356689453125,3447.8046130863913,3378.1901984396873,3435.147533894267,2125268,-1.6088174772099895,0
2024-10-24,3377.8466796875,3409.195455837588,3352.434307933838,3379.171363583563,1924421,-0.3689880125162581,0
2024-10-25,3263.784912109375,3370.3407594488162,3252.648704273135,3360.5289959569714,3236774,-3.376759764261339,1
2024-10-28,3277.9140625,3309.5078936827813,3201.137011601489,3253.5808406321084,2991674,0.432906909343278,0
2024-10-29,3317.259033203125,3320.6931504356885,3253.580783765879,3253.580783765879,2253467,1.2003051316457514,0
2024-10-30,3344.192626953125,3373.6767856803704,3289.8844182364055,3316.3270738977785,1785128,0.8119231413771466,0
2024-10-31,3554.115234375,3586.150547230521,3442.310234248832,3463.552606969321,7637083,6.277228342947883,0
2024-11-01,3558.089111328125,3573.346212615072,3551.8585454097442,3556.7153206498506,212796,0.11181058269271738,0
2024-11-04,3507.165771484375,3556.7151773732153,3464.4354933484624,3556.7151773732153,1724189,-1.4311991141992997,0
2024-11-05,3507.50927734375,3517.517228243139,3475.228431577917,3489.0631139839893,1251506,0.009794400429208316,0
2024-11-06,3576.829345703125,3591.007296323164,3490.436718522003,3526.347869437788,1819732,1.9763331434969444,0
2024-11-07,3577.90869140625,3594.0489945648405,3551.8584112270605,3578.693680400606,1581009,0.030176046962426817,0
2024-11-08,3591.399658203125,3597.9734915030353,3552.4958741875826,3571.8741061093674,1622142,0.377062914693127,0
2024-11-11,3560.5419921875,3592.0867168961845,3538.1220161506803,3577.36907123832,926127,-0.8592100281889503,0
2024-11-12,3523.747802734375,3582.274876564989,3512.611355273257,3581.2937002087674,1116206,-1.033387319510859,0
2024-11-13,3481.16455078125,3536.9936283053685,3469.0960338791992,3517.5171821205345,1568694,-1.2084648033006462,0
2024-11-14,3459.873291015625,3498.6297589334176,3434.264491079784,3491.0256418103063,1291765,-0.6116131385069612,0
2024-11-18,3475.473876953125,3501.131783447937,3444.7632473794974,3454.820305443358,1233217,0.4509004991023913,0
2024-11-19,3439.906005859375,3539.103028822926,3429.211279660695,3492.8895277768793,1826460,-1.0233963008501101,0
2024-11-21,3417.927734375,3464.0921284594974,3387.4621615191522,3463.5524335707623,1510581,-0.63892069861613,0
2024-11-22,3535.6689453125,3545.48070872394,3407.723646245321,3434.117194004093,2534018,3.444812766324623,0
2024-11-25,3682.35498046875,3690.204391564873,3585.218518154227,3591.1055764763187,4753829,4.148749145496855,0
2024-11-26,3632.90380859375,3684.2191423123977,3620.5408902237596,3684.2191423123977,1141534,-1.342922454171025,0
2024-11-27,3629.076904296875,3649.9760083829074,3615.634836261025,3634.2771868414757,971816,-0.10534009427450863,0
2024-11-28,3597.041748046875,3650.466754507699,3579.3314663201418,3630.3526385374244,2124283,-0.8827356679068976,0
2024-11-29,3654.685791015625,3679.411387631506,3566.6743185324817,3566.6743185324817,2094305,1.602540281887177,0
2024-12-02,3634.326171875,3647.8664529100997,3603.7623859829273,3637.073513461759,1158369,-0.5570826140697371,0
2024-12-03,3715.763916015625,3727.3418447668805,3631.8242320002823,3650.9571706802785,3252670,2.24079348658488,0
2024-12-04,3718.560302734375,3762.8114537186693,3687.309978455925,3703.9408703488857,2510166,0.07525738399840609,0
2024-12-05,3759.426513671875,3810.8891683582337,3689.223293776251,3738.2821141722115,2765170,1.0989793793971803,0
2024-12-06,3793.91455078125,3810.839842846165,3728.470136039247,3759.867779290104,1856562,0.9173749502471296,0
2024-12-09,3872.99755859375,3884.4772742889863,3794.699635845581,3794.699635845581,3332753,2.084469925560528,0
2024-12-10,3849.3017578125,3888.892317873261,3827.863199093295,3880.552319209978,2349493,-0.6118207001879372,0
2024-12-11,3843.0224609375,3873.3407142719752,3828.5501098048444,3849.3018937465476,1237958,-0.1631282053233596,0
2024-12-12,3787.242431640625,3884.47710205153,3774.536246038242,3856.0229883966945,1899867,-1.451462484642041,0
2024-12-13,3813.83251953125,3824.6254595144874,3722.7793052182087,3786.3595813921,2300361,0.7020962711147716,0
2024-12-16,3804.854736328125,3840.7165396405203,3784.642408063147,3808.9265222894905,918660,-0.23540056248271268,0
2024-12-17,3735.534423828125,3802.4506006965134,3725.526473310008,3790.3332169161704,1690180,-1.8218911707230556,0
2024-12-18,3687.407958984375,3747.112638210369,3674.505585257353,3735.534708884533,1318341,-1.28834215893614,0
2024-12-19,3646.394775390625,3691.3815667096774,3630.3524464645975,3632.4618797708927,1856838,-1.1122496900247025,0
2024-12-20,3561.523193359375,3654.882030481039,3539.20143062288,3646.3949505772566,2796593,-2.327547818026865,1
2024-12-23,3571.972412109375,3630.3524034623506,3548.963875191026,3600.917113704548,1217612,0.2933918490123366,0
2024-12-24,3571.236572265625,3609.747743489315,3564.0248303713397,3579.2821703192803,627922,-0.02060037869429099,0
2024-12-26,3561.1796875,3596.1585297889987,3542.3902555550567,3589.1432144579144,1124705,-0.2816079126128801,0
2024-12-27,3540.1826171875,3575.063246103768,3535.669109990014,3564.0250117517803,1309122,-0.5896099650967157,0
2024-12-30,3511.5810546875,3554.8019208726373,3498.8748688467635,3539.9860621495345,1591690,-0.8079120653590066,0
2024-12-31,3539.74072265625,3552.4471478790047,3483.176002545589,3495.489813505843,1267628,0.8019085286714578,0
2025-01-01,3598.464111328125,3619.559401960314,3532.1856037817115,3532.234710506135,1202029,1.6589742942474173,0
2025-01-02,3643.598388671875,3653.9989538368345,3581.342796952162,3607.393077046229,1882900,1.2542650405117373,0
2025-01-03,3591.007080078125,3649.8776586605363,3582.7161881701013,3638.2017563930235,1290107,-1.4433892812462212,0
2025-01-06,3535.37451171875,3622.748311996437,3518.0077385505383,3615.389489506093,1212012,-1.549219122067691,0
2025-01-07,3574.7197265625,3581.1464793531127,3528.0156380170533,3539.201191767013,1453540,1.1129009023890468,0
2025-01-08,3528.653564453125,3594.882966244628,3522.422998985109,3593.067694229379,1813201,-1.288665004058176,0
2025-01-09,3461.491943359375,3538.4163127933175,3420.3807501834913,3532.136640437175,2921681,-1.903321475656361,0
2025-01-10,3469.586669921875,3485.334598319579,3426.5622305068487,3434.0681338002832,1794238,0.23385079887385807,0
2025-01-13,3399.08935546875,3467.967888915489,3383.684934328107,3439.5628808380425,2137212,-2.031864921094839,1
2025-01-14,3397.421142578125,3426.2185231745875,3383.6846744170202,3400.6099655440958,2924491,-0.04907822996594868,0
2025-01-15,3435.49072265625,3459.774836941175,3405.957458707444,3405.957458707444,1155446,1.1205434498837485,0
2025-01-16,3441.868408203125,3476.7492752112885,3418.1730952660005,3468.45838299686,2305460,0.18564118088910675,0
2025-01-17,3501.474853515625,3512.4642201709044,3445.842202889545,3457.665425707677,1600246,1.7318048874395586,0
2025-01-20,3525.36669921875,3549.0620127484026,3489.5537616953757,3507.6073110946336,1593334,0.6823366353505778,0
2025-01-21,3474.443603515625,3574.7197766923596,3461.688311205306,3544.74479185411,2576596,-1.4444765622370515,0
2025-01-22,3451.974609375,3514.917216368667,3424.4036974855876,3495.931358053237,1626055,-0.646693304156376,0
2025-01-23,3437.30615234375,3461.394080375507,3395.4590755656063,3426.267918071612,1993204,-0.4249294589656838,0
2025-01-24,3393.10400390625,3454.820140016338,3381.182807077918,3448.344280291684,1206454,-1.2859531993494544,0
2025-01-27,3392.564453125,3428.1320973050597,3337.1279870236654,3382.3112077462342,1552938,-0.015901392371964196,0
2025-01-28,3349.637939453125,3416.603227219977,3339.9734958614013,3399.727041435355,1657689,-1.2653116621655913,0
2025-01-29,3384.763916015625,3389.964198440322,3347.773616520515,3366.4159666711275,1238704,1.0486499495594659,0
2025-01-30,3356.55517578125,3451.5822007897996,3331.0936974899964,3389.9642782998344,2717740,-0.8334034790698497,0
2025-01-31,3500.248291015625,3522.422971557076,3415.523859925367,3435.147386229306,3995513,4.280969854783634,0
2025-02-01,3382.60546875,3560.885163747996,3337.961944796954,3510.6489825054387,4752505,-3.360985064047839,1
2025-02-03,3227.285400390625,3355.6233227486114,3208.4468612245496,3355.6233227486114,6077580,-4.591728766310177,1
2025-02-04,3374.412353515625,3384.0770358232885,3244.9952962384955,3253.5805888054583,4742516,4.558845434221337,0
2025-02-05,3319.515625,3385.990319620355,3315.8362138586517,3379.808860993891,2670316,-1.626852997335404,0
2025-02-06,3289.63916015625,3339.9244504278204,3279.778289472041,3339.9244504278204,2874856,-0.9000248294884883,0
2025-02-07,3274.08740234375,3306.5153299657345,3248.773243099434,3303.6209075221423,1722789,-0.47274965597629004,0
2025-02-10,3265.99267578125,3285.9597110197556,3232.0441166114892,3284.782347267599,1236663,-0.2472361170537285,0
2025-02-11,3178.66796875,3297.7338184720784,3170.1808888673863,3297.6847117439966,2593537,-2.673756976823627,1
2025-02-12,3227.726806640625,3237.882078067115,3161.595613955079,3197.653846188099,1632415,1.543377237664667,0
2025-02-13,3202.216064453125,3252.5013518503324,3191.7175255299285,3227.7266492790254,2127644,-0.7903624970680645,0
2025-02-14,3176.70556640625,3223.949352168714,3160.908770636458,3213.4017062314106,1378340,-0.7966513668474673,0
2025-02-17,3161.203125,3178.42257833882,3134.416962685713,3153.0593133707102,1966689,-0.48800372216388777,0
2025-02-18,3159.534912109375,3179.9925347243548,3123.0843067039864,3166.256065891852,2428215,-0.052771455191602534,0
2025-02-19,3214.2353515625,3240.678244534589,3151.145906986596,3159.5347727318085,1677978,1.7312813744667865,0
2025-02-20,3214.137451171875,3223.605706883726,3186.615407365224,3198.6839240635686,1236693,-0.0030458376539699294,0
2025-02-21,3252.69775390625,3262.3130903234783,3209.3295683975134,3214.1374761511306,1706850,1.1997092009962351,0
2025-02-24,3196.378173828125,3262.901978815365,3188.8231637798635,3227.7758172868807,1512844,-1.7314728984729522,0
2025-02-25,3165.176513671875,3187.7926751766895,3146.0435759227034,3172.142961183161,2529084,-0.9761567142376526,0
2025-02-27,3149.08544921875,3197.1630896648376,3124.0654526600715,3177.0489747843317,2572065,-0.5083781073068172,0
2025-02-28,3104.294921875,3139.568164101987,3081.8749462348164,3139.568164101987,2494680,-1.422334454432217,0
2025-03-03,3137.115234375,3166.256124456815,3100.5173081138937,3106.3552595666883,1352460,1.0572549749936933,0
2025-03-04,3152.519775390625,3160.369186596079,3108.1706499888114,3111.3594732910274,1442098,0.4910416055753819,0
2025-03-05,3178.66796875,3183.91735820943,3127.84322382045,3152.519713999044,1945855,0.8294378853225481,0
2025-03-06,3198.53662109375,3204.9633739617284,3154.48189971204,3188.9212846995256,1854837,0.6250622128225469,0
2025-03-07,3183.623046875,3227.089209709554,3179.1097791199018,3198.5368803851457,930240,-0.4662624188948694,0
2025-03-10,3117.884033203125,3185.192826495493,3109.39695361073,3184.898425682085,1777752,-2.0649119793376136,1
2025-03-11,3135.300048828125,3144.0815296132955,3101.596783544536,3110.6235584273086,1274649,0.5585844579058197,0
2025-03-12,3133.53369140625,3161.3010294624005,3093.698076123559,3144.67013857302,1360149,-0.056337747404278105,0
2025-03-13,3127.303466796875,3172.2902592716723,3118.227585447547,3141.9720055011107,1414376,-0.19882424198793824,0
2025-03-17,3113.714111328125,3179.060553553098,3099.536160654835,3129.952628201622,2805790,-0.4345390721760989,0
2025-03-18,3113.714111328125,3113.714111328125,3113.714111328125,3113.714111328125,0,0.0,0
2025-03-19,3257.06396484375,3263.9813059444155,3206.974864816384,3213.352511021465,1616312,4.603821943514275,0
2025-03-20,3287.970947265625,3295.6730376324017,3215.2165795827627,3272.4683135373043,2434722,0.9489215672605855,0
2025-03-21,3351.6494140625,3389.9643996872155,3270.01558699206,3293.809114254698,3042073,1.9367101418530375,0
2025-03-24,3416.30908203125,3450.7973360460614,3381.1338129129167,3384.077342059388,1955564,1.9291894819743804,0
2025-03-25,3404.28955078125,3458.646624609594,3370.6842608825614,3439.0230976614544,4235900,-0.3518279804722302,0
2025-03-26,3379.95654296875,3430.9777162569253,3354.1515554928415,3407.6256698044867,2315715,-0.7147749170429929,0
2025-03-27,3435.687255859375,3461.5902160800647,3386.0396359672063,3394.870223253125,3467864,1.648858859045399,0
2025-03-28,3426.562255859375,3447.853734999173,3407.1840227158823,3443.8308160982156,1348143,-0.265594605109587,0
2025-04-01,3372.10693359375,3435.6872090959696,3365.434886492868,3414.4937040802274,1935147,-1.5892115245391247,0
2025-04-02,3355.52490234375,3392.662522995936,3343.84899960094,3368.3784083421438,1338839,-0.4917409671919337,0
2025-04-03,3355.77001953125,3397.8135197153474,3329.131178860576,3335.999412946053,1200631,0.007304883576608745,0
2025-04-04,3198.78173828125,3339.7278539630174,3176.362004116377,3335.99933620767,2366979,-4.678159717033559,1
2025-04-07,3010.73974609375,3032.423840083069,2909.48239077744,2991.655913259223,4953864,-5.8785502598416635,1
2025-04-08,3101.5966796875,3133.779072579321,3034.4840731036807,3066.127010634854,2877816,3.017761123711593,0
2025-04-09,2996.65966796875,3099.339917217843,2990.625529205188,3099.339917217843,4451381,-3.383322287065471,1
2025-04-11,3057.29638671875,3097.5737236219484,3041.793752546452,3055.3831407534835,3979116,2.023476986664341,0
2025-04-15,3196.2802734375,3210.409117500916,3116.3143984141734,3120.1408904807195,2161492,4.545973603426612,0
2025-04-16,3166.94287109375,3215.1187259113617,3163.4107799450203,3208.446678792638,1578260,-0.9178607579428122,0
2025-04-17,3186.174072265625,3188.724987099061,3102.872054776453,3153.5990647105064,3209331,0.6072481239686178,0
2025-04-21,3218.7490234375,3228.0701987835314,3164.3919493428566,3188.332556518871,1643003,1.0223845412410837,0
2025-04-22,3196.4765625,3223.164512993867,3186.8609857546667,3218.2586309345156,2060322,-0.6919601613956772,0
2025-04-23,3238.863037109375,3252.599505609687,3205.2086413746097,3213.744827462232,2381699,1.326037397134061,0
2025-04-24,3238.470703125,3244.750135843254,3218.258374830926,3244.750135843254,1993448,-0.012113324332641007,0
2025-04-25,3210.50732421875,3272.9099981703844,3169.2979163177597,3247.6938131494953,2004819,-0.863474814802756,0
2025-04-28,3264.668212890625,3287.725857791015,3193.5329254319745,3198.6349946924197,1689485,1.6869884788397016,0
2025-04-29,3259.76220703125,3312.8437033754367,3252.5995718298336,3272.2230986583695,1843861,-0.15027578729144286,0
2025-04-30,3278.110107421875,3291.846575995328,3241.1198078152197,3261.4301098683964,1930714,0.562860086881467,0
2025-05-02,3272.125,3311.37205503395,3262.411449697103,3262.411449697103,1411889,-0.18257798627093758,0
2025-05-05,3267.513427734375,3286.940767342896,3238.5687254547884,3286.940767342896,1947332,-0.14093508853191272,0
2025-05-06,3271.241943359375,3289.8842939664023,3240.6292892189426,3283.0160595322345,1695516,0.11410865502043954,0
2025-05-07,3258.879150390625,3276.93293960756,3222.2814628541255,3269.279715893045,2422707,-0.37792352821369724,0
2025-05-08,3261.33203125,3302.6396521287957,3237.6858245265303,3247.7919890181015,3204333,0.07526762258369679,0
2025-05-09,3379.072998046875,3411.5500297244885,3268.298288470599,3268.298288470599,5637694,3.6102109711211305,0
2025-05-12,3519.67578125,3534.9822282429814,3424.305487222601,3446.87254344212,3147384,4.160986853033188,0
2025-05-13,3499.85595703125,3538.1218337691867,3478.2700778457474,3519.6756709198476,2374439,-0.5631150552086073,0
2025-05-14,3505.84130859375,3548.91485449886,3499.8560370465675,3519.4795640274842,2440116,0.17101708287381445,0
2025-05-15,3550.092041015625,3580.017918167856,3476.3076311591244,3526.3476224628544,3720879,1.262200097688515,0
2025-05-16,3536.84619140625,3573.444115622975,3532.234710665214,3573.444115622975,1278520,-0.3731128504934622,0
2025-05-19,3532.43115234375,3551.760279104204,3519.4796720478375,3536.8464460499713,1519244,-0.12482982927636277,0
2025-05-20,3500.640869140625,3565.594692627313,3489.06294083179,3561.66998740703,1532347,-0.8999547855881751,0
2025-05-21,3521.44189453125,3542.53718590278,3488.0818988739466,3498.5804378335674,1563885,0.5942062087543221,0
2025-05-22,3484.549560546875,3524.38541579733,3470.322503606713,3517.517181412424,1597159,-1.047648522659661,0
2025-05-23,3532.13671875,3563.240201316815,3484.3534774372292,3502.799641103302,1119217,1.3656616838492175,0
2025-05-26,3580.01806640625,3603.370111223932,3540.476611967004,3547.7374606151934,1678934,1.355591571585446,0
2025-05-27,3571.48193359375,3596.0113424783226,3535.178408444583,3580.01811997658,2013954,-0.23843826076187513,0
2025-05-28,3577.663330078125,3594.0489270179364,3551.8583444730903,3591.1053980031797,1293244,0.17307651555595882,0
2025-05-29,3586.494140625,3599.837995929788,3549.8962130184864,3594.9321139328026,1972248,0.24683179304862968,0
2025-05-30,3605.92138671875,3625.741101558025,3585.7090576029964,3586.4940466109406,2571304,0.5416778985832815,0
2025-06-02,3610.336669921875,3627.703443776553,3537.729618480499,3605.9213762531426,1954517,0.12244535389449585,0
2025-06-03,3609.54443359375,3633.7083192679256,3580.329782758445,3619.6457221369187,2472483,-0.02194355819292726,0
2025-06-04,3591.42138671875,3626.2808538220524,3580.329771064847,3609.7424388776626,1086783,-0.502086820329184,0
2025-06-05,3607.36572265625,3641.828913569135,3577.0616155800667,3594.7883746045572,1466416,0.4439561449531615,0
2025-06-06,3620.93310546875,3631.529557321097,3587.9551639417327,3609.742360631415,1172711,0.37610222682133987,0
2025-06-09,3643.314453125,3673.024267606258,3626.7760380862514,3628.5586753109446,898170,0.6181099458161032,0
2025-06-10,3644.205810546875,3668.1716786661445,3631.727592034163,3668.1716786661445,1454535,0.02446556379755993,0
2025-06-11,3649.157470703125,3656.2877777101226,3620.7351303210544,3654.2079940176677,1265737,0.13587762090492284,0
2025-06-12,3569.039794921875,3672.1329443594564,3550.3227091501217,3649.157403635138,2335718,-2.1955116057464252,1
2025-06-13,3552.699462890625,3561.216372952479,3452.1812588153534,3467.333312317492,1981445,-0.4578355235629328,0
2025-06-16,3593.599853515625,3618.358030699406,3527.3470680834566,3540.9145008243536,1322630,1.1512482564939974,0
2025-06-17,3587.261962890625,3592.51074496453,3567.1582740674103,3586.9648163998227,930603,-0.17636606420716738,0
2025-06-18,3566.6630859375,3603.8994819775367,3552.5013599115728,3586.964791688359,743311,-0.5742228241543357,0
2025-06-19,3586.07373046875,3607.761798287031,3556.3639160442067,3572.110020977579,1580819,0.5442242248162366,0
2025-06-20,3626.577880859375,3634.401368325457,3579.0421795264283,3579.0421795264283,2575277,1.1294845961053568,0
2025-06-23,3549.03515625,3624.5971618319845,3540.023324767535,3609.7422554310338,1867977,-2.1381789432576626,1
2025-06-24,3569.93115234375,3648.365009734674,3562.206552664393,3601.918765795773,2751637,0.5887796309075988,0
2025-06-25,3584.7861328125,3606.7713463703085,3573.9914222108846,3604.7906921438557,1405262,0.4161139202641939,0
2025-06-26,3624.201171875,3633.510149954749,3585.0832512090933,3585.0832512090933,2578926,1.0995088019819077,0
2025-06-27,3643.611572265625,3695.306600719016,3629.5489752059107,3629.5489752059107,2720600,0.5355773443609158,0
2025-06-30,3634.302490234375,3681.5410452023384,3617.3677998783687,3646.3844326657727,1508882,-0.25549051666508005,0
2025-07-01,3631.232421875,3643.314364447488,3609.742371612438,3634.302532674973,1054380,-0.08447476146040689,0
2025-07-02,3562.008544921875,3638.659765390575,3549.233180324374,3631.1334245333373,1330176,-1.9063466314111932,0
2025-07-03,3548.242919921875,3589.9357881315314,3541.4097595471326,3570.129245852185,1229034,-0.3864568213803099,0
2025-07-04,3559.830078125,3565.177748035417,3535.567062895315,3555.2744765130965,696402,0.32656045441725734,0
2025-07-07,3546.757568359375,3574.8830045666114,3540.518700719949,3565.078620686346,719539,-0.36722285835930624,0
2025-07-08,3571.515625,3579.0422078155057,3525.5645433932486,3545.3710857718625,1513912,0.6980476157009363,0
2025-07-09,3545.073974609375,3570.2284287483444,3533.6852126281756,3570.1292993238308,1008876,-0.7403481649509769,0
2025-07-10,3540.122314453125,3555.175238350839,3534.4774982138674,3540.4194609455244,1063910,-0.13967720255528837,0
2025-07-11,3506.352294921875,3551.9073424046946,3501.3015299023646,3540.419451110438,1439747,-0.9539223939630137,0
2025-07-14,3462.08447265625,3514.373792805488,3454.260985141215,3506.35228822281,1358844,-1.2625035519031158,0
2025-07-15,3460.202880859375,3486.941712508832,3448.0218091965844,3484.961058312576,1585193,-0.05434852360581832,0
2025-07-16,3469.908203125,3481.9901456043294,3443.367388016568,3470.1062201927107,1266964,0.2804841970195371,0
2025-07-17,3440.396484375,3480.9998971151767,3433.959357964972,3480.9998971151767,2217275,-0.850504307964739,0
2025-07-18,3431.285400390625,3465.1545390122947,3416.628510886658,3455.2512679662464,1818696,-0.2648265694304208,0
2025-07-21,3468.91796875,3474.166750969609,3411.5778820384844,3434.0585016330883,1521623,1.0967484183942,0
2025-07-22,3431.08740234375,3473.6714680777977,3420.6889676877618,3468.1255395496387,2586522,-1.0905581148660581,0
2025-07-23,3451.19091796875,3456.2416830424227,3425.1455078779727,3442.575120295206,1192261,0.5859225740290741,0
2025-07-24,3443.862548828125,3459.608653274326,3427.522151400184,3451.1908727811447,1083671,-0.2123431973139911,0
2025-07-25,3409.59716796875,3443.3674197024875,3404.1503687716367,3436.435129815252,1338744,-0.9949694673800136,0
2025-07-28,3389.097412109375,3412.7663752777876,3372.162963472787,3396.9211414026654,2256080,-0.6012368866316176,0
2025-07-29,3461.78759765625,3470.4033952948885,3373.549354035884,3384.938115982578,1241060,2.1448243206922957,0
2025-07-30,3629.64794921875,3649.6525082735493,3555.274287332012,3586.9647545171442,8760659,4.848950053323531,0
2025-07-31,3601.324462890625,3627.4690013557615,3585.9743929951746,3589.935701355291,1927627,-0.7803370113132146,0
2025-08-01,3552.6005859375,3600.8294691403003,3543.4896246354265,3600.8294691403003,1205945,-1.3529432700439492,0
2025-08-04,3595.976806640625,3601.621622718892,3542.4000141599004,3560.4239189093996,1033049,1.220970938157917,0
2025-08-05,3617.26904296875,3622.3195663637375,3573.397501890162,3594.887552678455,1158433,0.5921127268898152,0
2025-08-06,3593.302734375,3635.4907653288005,3587.1627547425182,3614.6938963361813,931383,-0.6625525585478798,0
2025-08-07,3606.375244140625,3613.703567928493,3564.385230265241,3575.3779577261193,1211790,0.36380207101862627,0
2025-08-08,3572.7041015625,3626.8749449533707,3565.1775189774735,3606.375222575065,1337067,-0.9336561033916668,0
2025-08-11,3632.916015625,3641.3337963890554,3565.177735364706,3575.0810068518304,1822410,1.6853316801737517,0
2025-08-12,3650.44482421875,3691.840303623083,3637.570571903948,3644.4037321901733,2280103,0.48249969221307865,0
2025-08-13,3657.97119140625,3680.055534276156,3645.6912319755174,3660.2489921110528,1227196,0.20617671406966132,0
2025-08-14,3641.432861328125,3672.6281659601173,3606.474265241853,3664.2103853451354,1769702,-0.4521175595089133,0
2025-08-18,3599.938232421875,3665.6958568764157,3586.6677038660705,3663.2200390614244,1950151,-1.1395137707170488,0
2025-08-19,3578.052001953125,3618.655415205292,3573.2983832653463,3613.6046500159473,1352944,-0.6079612775474197,0
2025-08-20,3557.55224609375,3584.8851301879954,3545.3711738723932,3578.547133180976,1325096,-0.5729306295208958,0
2025-08-21,3577.65576171875,3612.713244185897,3553.2936184591554,3564.187216509058,1624009,0.5650940375387048,0
2025-08-22,3561.018310546875,3599.343921779132,3547.3517479193424,3575.08090731123,1060447,-0.4650377867512323,0
2025-08-25,3568.247802734375,3582.9044509333585,3549.629604209751,3581.0229260853794,980393,0.20301755163931734,0
2025-08-26,3507.04541015625,3565.1775626130416,3496.8449926629582,3564.1872355123155,1787363,-1.7151945706019966,0
2025-08-28,3525.66357421875,3542.3008759282447,3502.9849387620147,3505.7579029732888,1695226,0.5308788990465496,0
2025-08-29,3566.16796875,3580.0325484674395,3505.9560313355887,3541.013756545707,1678055,1.1488445700672312,0
2025-09-01,3563.593017578125,3593.501090073076,3547.252620072072,3566.1679648058634,1094155,-0.07220498850416535,0
2025-09-02,3540.3203125,3584.885032747986,3525.5645351739663,3563.5929997406147,1230950,-0.6530685452386886,0
2025-09-03,3565.969970703125,3571.4167699068885,3525.5645755266655,3559.2356978772013,1314831,0.7245010603295521,0
2025-09-04,3557.849365234375,3589.836738301471,3537.943693090656,3587.856084029622,1434998,-0.22772500989818312,0
2025-09-05,3519.2265625,3574.1897178498575,3514.770090444606,3558.047337382281,830812,-1.0855659914042137,0
2025-09-08,3495.458740234375,3545.272001528127,3490.903138717606,3535.467859637405,1039999,-0.6753706203200704,0
2025-09-09,3490.903076171875,3515.6612540170654,3482.386166281497,3512.888289742588,1522116,-0.13033093510909088,0
2025-09-10,3515.661376953125,3542.796244108677,3506.847562043667,3524.5743212890625,1136732,0.7092233797679537,0
2025-09-11,3505.4609375,3530.2191160593115,3498.825794001922,3513.680701137509,1177793,-0.2901428311609777,0
2025-09-12,3545.173095703125,3560.6220538086504,3513.7797741497543,3521.9992958762114,1146873,1.132865517863868,0
2025-09-15,3551.510986328125,3572.109838298191,3540.914534747763,3546.3613337803777,1177076,0.17877520938771596,0
2025-09-16,3632.32177734375,3638.461756993749,3558.344391500482,3569.0397307325097,2928060,2.2753918353825675,0
2025-09-17,3649.8505859375,3668.1716375830956,3627.2710793373817,3636.4811698717945,1610471,0.48257862789260475,0
2025-09-18,3650.345703125,3664.210282572572,3636.976287229127,3655.2973386419903,1270148,0.013565409756988167,0
2025-09-19,3639.84814453125,3669.161923547063,3635.490801981449,3643.413418820417,2227521,-0.2875771076904621,0
2025-09-22,3609.2470703125,3657.872227019285,3598.7495064736067,3657.872227019285,839430,-0.8407239259343058,0
2025-09-23,3622.220458984375,3637.9665629945675,3578.249791146559,3611.6237657042916,1262120,0.35944861682055684,0
2025-09-24,3638.263916015625,3673.3214002597188,3601.918958126379,3622.220664612041,1745130,0.44291774100764236,0
2025-09-25,3609.14794921875,3668.171540480224,3600.5321518936316,3648.364998684974,1999071,-0.8002708838329875,0
2025-09-26,3693.425048828125,3758.1923467252477,3625.5876401018277,3628.558621505899,5870301,2.3350968371251613,0
2025-09-29,3652.722412109375,3703.8233876452027,3644.0077269734734,3701.8427334272105,2599630,-1.1020295844818784,0
2025-09-30,3623.60693359375,3660.8433300329384,3612.7133352691994,3659.2587099286434,1676302,-0.7970898204337273,0
2025-10-01,3634.797607421875,3652.3263487550407,3580.032470376755,3623.507733402203,2005028,0.308826923924288,0
2025-10-03,3696.990234375,3709.7653573938487,3630.8363350117334,3654.30703918401,1959124,1.7110341116692185,0
2025-10-06,3700.8525390625,3730.5623533980297,3667.1814161488996,3684.0169776056996,1581506,0.10447159561277619,0
2025-10-07,3693.623046875,3729.571970034924,3688.968557721745,3711.746081702309,1673945,-0.1953466697522499,0
2025-10-08,3693.72216796875,3723.6299988590886,3679.0652781280623,3693.9201850384043,1424633,0.0026835736211427985,0
2025-10-09,3732.740966796875,3759.6778163536533,3694.0193211149704,3699.36699090069,1827249,1.0563544591005947,0
2025-10-10,3747.397705078125,3762.252611414323,3723.629854940209,3728.581490385608,1129678,0.39265350613995054,0
2025-10-13,3733.0380859375,3747.397829204802,3708.7750714513695,3743.4365207172705,1191248,-0.3831890893556955,0
2025-10-14,3708.081787109375,3750.1706886121997,3694.1180783697487,3738.484780545012,1364583,-0.6685251597656205,0
2025-10-15,3791.665283203125,3806.7182066235514,3708.0817734729926,3710.755608261642,2575918,2.2540898742933857,0
2025-10-16,3824.4453125,3848.3120509754262,3792.952861793004,3793.250008284209,2330283,0.864528560632416,0
2025-10-17,3802.261962890625,3832.070906816416,3793.0521138191575,3822.6627988916825,1337364,-0.5800409679508234,0
2025-10-20,3835.23974609375,3849.9957650830866,3808.203767666286,3824.643294384854,1223232,0.8673201248357465,0
2025-10-21,3850.58984375,3857.3241164940473,3839.6962454749205,3854.3531351462984,260327,0.4002382816324479,0
2025-10-23,3880.794921875,3927.8354611063683,3852.3725812636535,3852.3725812636535,2815778,0.7844273046641703,0
2025-10-24,3867.128173828125,3901.7896221286937,3859.7998500419208,3891.2922999965385,1146636,-0.3521636242574733,0
2025-10-27,3885.845703125,3909.81157169803,3869.2081587194034,3874.1597944485043,1057688,0.4840162636333467,0
2025-10-28,3934.37158203125,3947.4438514977546,3879.4084275510377,3884.162046024061,3391806,1.2487855312223406,0
2025-10-29,3919.81396484375,3977.846990406787,3882.082403950858,3949.424649733679,2563641,-0.3700112428115965,0
2025-10-30,3948.929443359375,4023.303107769138,3937.1446471867516,3941.5019898608934,4959400,0.7427770495425978,0
2025-10-31,3991.909423828125,4006.7643303770587,3941.6998880485453,3962.3978695741725,2328183,1.088395755994731,0
2025-11-03,3941.9970703125,4001.911860603646,3936.451141772266,3991.018262368892,1154072,-1.2503378262465836,0
2025-11-04,3886.439697265625,3951.4052537889265,3878.913356135383,3946.4536181325493,2042881,-1.4093712414268933,0
2025-11-06,3844.053955078125,3939.521395450818,3834.6458471704373,3906.8405995609546,1749063,-1.0906059398611334,0
2025-11-07,3844.945068359375,3855.2443737626,3794.0423507725736,3839.5973985882933,1577294,0.023181601810584596,0
2025-11-10,3880.596923828125,3905.652248992122,3856.3339087372,3857.3242358837683,1397176,0.9272396571315067,0
2025-11-11,3916.74365234375,3928.4295603955593,3859.3046809566613,3890.9951479288484,1775462,0.9314734105382749,0
2025-11-12,3916.34765625,3935.361888262145,3898.8186731125243,3931.5985969168373,981350,-0.010110339835822657,0
2025-11-13,3963.7841796875,3983.9867556218724,3887.628123140424,3916.3476087646436,1834962,1.2112439344295067,0
2025-11-14,3965.665771484375,3972.6971906573467,3933.1832357904595,3963.2890831386517,1916910,0.04746958238839305,0
2025-11-17,3988.740478515625,3991.018279239245,3961.4075951694253,3965.6658083468374,1206133,0.5818621225513132,0
2025-11-18,3960.912353515625,3987.8492021957804,3940.4123891863123,3981.1149295809723,1748928,-0.6976669740708763,0
2025-11-19,3980.718994140625,3987.5521545670804,3941.799089911349,3968.24077569857,923032,0.500052484307556,0
2025-11-20,3998.3466796875,4008.844244034204,3968.934012122414,3995.9699912742126,1463574,0.4428266745987841,0
2025-11-21,3985.967529296875,4017.757126566254,3976.361404586955,3987.056985840705,1241149,-0.30960672953933566,0
2025-11-24,3974.47998046875,3998.941012601106,3964.9727431625206,3986.0667597125935,1584741,-0.28819975937314224,0
2025-11-25,3958.040283203125,4016.2715652006113,3943.086489019054,3974.182663333758,1749083,-0.41363140200509907,0
2025-11-26,4022.708740234375,4035.186958592229,3959.3278048884863,3960.318132003266,2058237,1.6338504008078347,0
2025-11-27,4041.822021484375,4099.954173609447,4020.331971877068,4031.6216040492895,2225064,0.47513460417436537,0
2025-11-28,4030.2353515625,4064.5007666881884,4015.4793323803274,4045.486292526487,1318133,-0.28666947382358643,0
2025-12-01,4033.80029296875,4063.7081230151744,4010.8247526182095,4047.46685529645,1251770,0.08845491876467992,0
2025-12-02,3991.513427734375,4049.0515296938343,3984.878284435106,4027.1652037915483,1490917,-1.0483133066375272,0
2025-12-03,3949.424560546875,4007.754731291664,3931.697801783636,3992.9989538929285,1123990,-1.0544588650272968,0
2025-12-04,3945.067138671875,3970.4193674055587,3923.378830079243,3951.405135410527,1026968,-0.11033055089920696,0
2025-12-05,3999.138916015625,4008.84417011926,3936.649419992529,3960.318141380168,1073758,1.3706174177292585,0
2025-12-08,3958.040283203125,4008.7449825080844,3938.4317582128697,4007.853784827241,1127841,-1.0276870515277592,0
2025-12-09,3958.832763671875,3981.015995016837,3910.9010265469324,3951.405310081496,1788464,0.020022041516676303,0
2025-12-10,3952.692626953125,3991.018237603577,3931.5986112372702,3961.3084244204233,957277,-0.1550996742043509,0
2025-12-11,3965.170654296875,3976.1633820273128,3946.0575343270825,3954.5742024814103,841371,0.31568423152013025,0
2025-12-12,4034.69189453125,4074.205850673743,4009.4385524816194,4021.7185122960796,2207898,1.7532975575474508,0
2025-12-15,4052.7158203125,4056.3799823899935,4024.4914967045615,4033.4044410018055,1064975,0.44672372147376294,0
2025-12-16,4024.491455078125,4064.1042986548377,4012.0132364794144,4044.1988683310005,2199214,-0.6964308993221868,0
2025-12-17,4023.104736328125,4039.544262989653,4000.9215058784503,4039.544262989653,1087334,-0.03445699327427887,0
2025-12-18,3992.107666015625,4032.413930594411,3984.48195392906,4027.6603121627704,1004303,-0.7704763446151563,0
2025-12-19,4034.097412109375,4051.9232997779573,4001.020583924859,4001.020583924859,1327935,1.0518189790121202,0
2025-12-22,4033.008056640625,4058.8556911192977,4029.145877593964,4041.524966562853,764774,-0.027003697666794224,0
2025-12-23,4019.539794921875,4055.389588594661,4014.0929957186345,4049.447625827489,1867147,-0.3339507764328342,0
2025-12-24,4014.39013671875,4041.2278567796284,4008.9433375229637,4025.679769249292,1021436,-0.12811561685820427,0
2025-12-26,4008.15087890625,4022.213475225605,3991.216188959028,4012.805367872498,594330,-0.1554223082463002,0
2025-12-29,3999.634033203125,4021.817505436967,3994.3852511874034,4013.7957591696304,952143,-0.21248815128059872,0
2025-12-30,4012.805419921875,4024.590215731732,3967.4483902648694,3999.931167587476,1362208,0.3293147975391486,0
2025-12-31,4044.000732421875,4054.894330574597,4008.8441202017266,4018.7473912496557,1160164,0.77739409803248,0
2026-01-01,4100.35009765625,4106.688094182946,4048.754202455465,4050.437710116081,1360716,1.3934064052611772,0
2026-01-02,4123.1279296875,4132.3382622505915,4087.179247826558,4098.072846397531,984027,0.5555094440416131,0
2026-01-05,4110.25341796875,4154.422102468241,4092.8235646412827,4122.632506474317,1167460,-0.3122510855423699,0
2026-01-06,4100.54833984375,4144.518764794459,4089.9516468306983,4112.828298731514,1205337,-0.23611872889813812,0
2026-01-07,4116.7900390625,4139.5675639358315,4054.399427452941,4066.2833534738093,1213160,0.3960860322248738,0
2026-01-08,3989.43359375,4129.5648784288605,3952.6926033998798,4119.760736848472,2328813,-3.0935861218101435,1
2026-01-09,3986.2646484375,4054.3992021941363,3967.448433283204,3990.0279398241755,1718127,-0.07943346437611076,0
2026-01-12,3980.124755859375,3987.9482435148198,3906.147367225221,3987.057045804888,1386513,-0.15402621550808515,0
2026-01-13,3849.797607421875,3989.0376992976735,3799.8852165355447,3989.0376992976735,4978634,-3.274448828410159,1
2026-01-14,3828.40673828125,3867.128384712603,3819.295776872643,3862.2758783975337,1914244,-0.5556362001832627,0
2026-01-15,3828.40673828125,3828.40673828125,3828.40673828125,3828.40673828125,0,0.0,0
2026-01-16,3819.097412109375,3876.1403509815955,3811.4719416346966,3852.3725000813506,1807300,-0.2431645017962336,0
2026-01-19,3832.367919921875,3840.8845880477356,3771.660819385843,3783.0495812141053,1709380,0.34747759432431913,0
2026-01-20,3773.6416015625,3836.824522029507,3763.2431664971787,3820.682141143715,1658119,-1.5323768381970027,0
2026-01-21,3730.067138671875,3792.952911486335,3685.997581345206,3763.243097558244,2537185,-1.15470591782173,0
2026-01-22,3757.10302734375,3764.5304806471427,3718.777416654062,3762.1535505226097,1856812,0.7248097062805492,0
2026-01-23,3707.586669921875,3762.648711979561,3684.1159658520496,3761.2623507419985,1898703,-1.3179398345347648,0
2026-01-27,3751.1611328125,3778.097982259424,3702.833120751766,3707.586739308066,2162193,1.1752783352072749,0
2026-01-28,3757.301025390625,3791.170163926839,3732.6419772598138,3767.5014428981335,2111741,0.16367978769074032,0
2026-01-29,3894.857421875,3922.586581151978,3806.421403747047,3822.662671754787,4227139,3.661042741979248,0
2026-01-30,3894.263427734375,3904.2655866955392,3854.15517890676,3864.751630858486,2208465,-0.015250728750404452,0
2026-02-02,3883.369873046875,3896.739289473399,3788.001320848518,3793.646137206122,3034613,-0.2797333793578938,0
2026-02-03,3999.733154296875,4082.1283209589596,3991.61252040333,4077.176685441057,3742190,2.99645115078111,0
2026-02-04,4047.566162109375,4067.2735755397516,3978.0450032605168,3990.028058400209,1403373,1.1959049758385465,0
2026-02-05,4023.996337890625,4048.9525335965986,3996.8612290417004,4048.457370023944,1433240,-0.5823209127350459,0
2026-02-06,4028.749755859375,4038.5538973979255,4003.1992684273296,4015.7763741904337,1630836,0.11812679658753655,0
2026-02-09,4073.809814453125,4084.80254240429,4023.1048715286006,4034.4936336236087,1830267,1.1184625832918682,0
2026-02-10,4128.673828125,4134.219756795737,4082.524486896545,4099.954341193931,1890409,1.3467495089541925,0
2026-02-11,4130.06005859375,4147.1930076310955,4100.251116046062,4132.53587635422,1689489,0.03357568377784226,0
2026-02-12,4145.41015625,4158.3835381126855,4120.651978480812,4147.390810471535,2006458,0.3716676619341053,0
2026-02-13,4133.5263671875,4158.383675198847,4094.1115403028602,4133.724626039453,2234376,-0.2866734198685439,0
2026-02-16,4160.859375,4165.315847018922,4095.299526542819,4129.664070867548,852552,0.6612515654786488,0
2026-02-17,4238.40185546875,4245.532404224515,4149.569802086287,4169.376344676558,1763048,1.8636169473704056,0
2026-02-18,4284.05615234375,4293.068226185325,4219.883145984599,4248.998667692766,2042626,1.0771582882376451,0
2026-02-19,4239.09521484375,4292.077715484829,4220.675033797088,4284.254227989648,2007080,-1.0494945887999707,0
2026-02-20,4338.22705078125,4347.536028937959,4225.824923381601,4225.824923381601,2542442,2.338514020406457,0
2026-02-23,4375.3642578125,4388.733673664306,4329.413177077925,4353.08189805949,2122782,0.8560457209025651,0
2026-02-24,4218.00146484375,4397.052414797838,4187.202194686123,4372.789400346814,3673070,-3.5965643931877955,1
2026-02-25,4256.9208984375,4302.871977644797,4213.049602782989,4228.69657702178,2481469,0.9226984371185409,0
2026-02-26,4245.037109375,4298.0196091654025,4236.9162337408725,4263.2590312828725,2370148,-0.2791639625453701,0
2026-02-27,4236.91650390625,4263.061527830492,4213.247781445278,4247.414068535446,2357853,-0.19129645417741425,0
2026-03-02,4027.36328125,4101.340669322136,3936.946366148908,4021.718464978784,6542141,-4.945889834341822,1
2026-03-04,3845.044189453125,3920.705085036719,3723.629987304386,3911.7921409181713,7635350,-4.527008840888258,1
2026-03-05,3999.634033203125,4033.5031718602877,3871.089526534894,3886.2415796070422,4996312,4.020495893754261,0
2026-03-06,3911.593994140625,3976.1632721469473,3902.8790673801045,3976.1632721469473,2379314,-2.2012023683074977,1
2026-03-09,3804.93603515625,3814.7401772178378,3706.794517997499,3812.759522920217,4248784,-2.726713435600514,1
2026-03-10,3838.5078125,3933.5792134287926,3813.7496351747936,3897.9274380804954,3330102,0.8823217271869632,0
2026-03-11,3801.667724609375,3859.007567059743,3794.933451965104,3842.1720063386033,2066473,-0.9597502386384682,0
2026-03-12,3683.521728515625,3792.952875444238,3669.0628558297135,3788.0012398366084,4255443,-3.1077412507398927,1
2026-03-13,3405.73486328125,3661.239252559111,3391.3751204729983,3660.2489254688862,10778730,-7.541339123478352,1
2026-03-16,3435.8408203125,3460.995274278437,3363.7451992550614,3420.0947157845285,8459233,0.8839782966030496,0
2026-03-17,3508.531005859375,3515.6613128422805,3416.6285998044696,3444.3577594550566,5003418,2.115644738753164,0
2026-03-18,3573.001220703125,3603.602474645025,3520.613011283426,3534.477591355991,4190485,1.8375272937899867,0
2026-03-19,3401.278564453125,3494.171298598927,3388.899475195398,3492.586678462303,4898518,-4.806118040346119,1
2026-03-20,3401.57568359375,3489.9128154706173,3377.0155223481283,3441.3867859706,4743217,0.00873551327815747,0
2026-03-23,3310.0693359375,3376.916417885746,3256.294765660181,3372.16304103714,5645839,-2.6901164686000456,1
2026-03-24,3482.782470703125,3512.789430852937,3357.7041068495646,3406.72529938431,6037848,5.21781017969849,0
2026-03-25,3614.000732421875,3624.5971840303014,3511.6998946916524,3535.3686156571594,5090205,3.76762725845059,0
2026-03-27,3529.625,3604.7907320135955,3512.6903094648965,3604.7907320135955,3991388,-2.3346905180434696,1
2026-03-30,3470.205322265625,3509.3232431038955,3457.33106983784,3466.144884403692,3549203,-1.6834558270177435,0
2026-04-01,3572.60498046875,3647.2755464119623,3562.503692497252,3619.6455172871188,4099786,2.950824193199919,0
2026-04-02,3578.151123046875,3593.8972280231887,3436.435211143694,3505.0649310073672,4121638,0.15524085669826881,0
2026-04-06,3691.642333984375,3700.8524244991,3542.4000862813164,3581.61713670185,3353246,3.1717836121147425,0
2026-04-07,3687.284912109375,3700.060034891855,3622.616504608955,3644.4037006454223,3083714,-0.11803477912490923,0
2026-04-08,3967.1513671875,3992.9990020822556,3892.975961603509,3909.811522872209,7368477,7.590041500699285,0
2026-04-09,3858.512451171875,3949.424528544847,3848.015128836471,3949.424528544847,4415151,-2.7384615801197443,1
2026-04-10,3921.59619140625,3926.646956334099,3877.7248942455017,3893.9661619938656,2822017,1.6349238477956884,0
2026-04-13,3916.050537109375,3933.2821321015367,3778.6922153895466,3788.0011935064013,4897563,-0.1414131906040672,0
2026-04-15,4036.87060546875,4064.302619137815,3992.107866693713,4006.2693514998937,4562142,3.0852530429435587,0
2026-04-16,4079.949462890625,4108.867208128145,4049.447581112553,4088.0703386726873,5092608,1.0671349575464673,0
2026-04-17,4056.47900390625,4102.826119595728,4033.4043337058415,4094.0123049589974,2796673,-0.5752634731839623,0
2026-04-20,4011.815185546875,4090.051028464229,3985.0763531573994,4060.3412146981454,3545024,-1.10104892238726,0
2026-04-21,4035.97900390625,4052.220513563709,3992.9989040809,3999.931193844929,2426718,0.6023163391581043,0
2026-04-22,3982.20458984375,4030.6314906487546,3972.202188941561,4030.6314906487546,2178082,-1.3323759615809228,0
2026-04-23,4014.88525390625,4024.6893956337844,3940.0164272955244,3971.1126019970075,2229134,0.8206676308356586,0
2026-04-24,3975.47021484375,4048.5564048149936,3944.670944632933,4032.6120414365805,2162213,-0.9817226787279032,0
2026-04-27,4014.39013671875,4049.942783848703,3991.2163368910456,4018.7474793637457,2000348,0.9790017223542336,0
2026-04-28,3998.643798828125,4048.3581723284724,3984.977236097506,4020.728142151919,1750237,-0.3922473241102509,0
2026-04-29,4056.47900390625,4086.089688016648,4012.112300673278,4020.7280982422662,2175030,1.446370519301432,0
2026-04-30,3975.173095703125,4060.341228794921,3951.40524460774,4043.5056676023564,2569328,-2.004346827010084,1
2026-05-01,3975.173095703125,3975.173095703125,3975.173095703125,3975.173095703125,0,0.0,0
2026-05-04,4061.13330078125,4099.459154130804,3987.0570248896283,3987.0570248896283,2173027,2.162426717242627,0
2026-05-05,4015.28125,4050.4378622518193,3985.0762732766066,4045.486226723394,3849402,-1.129045696983877,0
2026-05-06,3969.726318359375,3982.1054075397396,3862.2758242738087,3935.5600322215682,9540104,-1.1345389975017328,0
2026-05-07,3984.0859375,4026.471985886887,3952.3954701870493,3989.0375730176484,3477185,0.36172818952817654,0
2026-05-08,3936.05517578125,3975.173097392361,3921.6954324050193,3971.21178887478,1620273,-1.2055654037645858,0
2026-05-11,3902.0869140625,3915.258313263493,3848.510361331151,3909.811514041804,2027769,-0.8630026816635716,0
2026-05-12,3819.196533203125,3901.8888476132015,3809.788425575631,3887.133070256449,2255075,-2.124257677619923,1
2026-05-13,3877.923095703125,3914.7632172643916,3810.7788666919755,3810.7788666919755,2486330,1.5376679882652233,0
2026-05-14,3902.284912109375,3949.424580037098,3887.0339710746266,3903.86953222323,2982228,0.6282181416450427,0
2026-05-15,3871.188720703125,3911.197839728613,3855.3434867478295,3911.197839728613,1339185,-0.7968713742493194,0
2026-05-18,3879.903564453125,3886.7367247380407,3814.7399928548766,3836.4280596540248,1771638,0.22512061226549474,0
2026-05-19,3883.07275390625,3921.695512743879,3862.2758837629112,3902.780167473302,2318170,0.0816821707158022,0
2026-05-20,3872.872314453125,3905.3550931385853,3845.5394303407566,3863.8604825083903,1972259,-0.26268988761191103,0
2026-05-21,3890.5,3931.5985745195367,3874.8527835138552,3931.5985745195367,1624945,0.4551579322946031,0
2026-05-22,3926.60009765625,3960.0,3900.10009765625,3907.0,1330428,0.9279038081544844,0
2026-05-25,4033.39990234375,4038.39990234375,3961.5,3970.0,2099927,2.7199053132823003,0
2026-05-26,4037.800048828125,4052.89990234375,4014.199951171875,4029.60009765625,1552847,0.10909274039050398,0
2026-05-27,4047.5,4069.89990234375,4017.89990234375,4043.0,1607028,0.24022861594372724,0
2026-05-28,4047.5,4047.5,4047.5,4047.5,0,0.0,0
2026-05-29,4076.5,4128.0,4045.0,4045.800048828125,4882940,0.7164916615194583,0
2026-06-01,4010.800048828125,4105.7998046875,4002.10009765625,4089.0,1409388,-1.611675485634123,0
2026-06-02,4000.89990234375,4017.0,3923.5,3980.0,2085054,-0.24683719865984388,0
2026-06-03,3953.199951171875,4008.0,3894.0,4000.89990234375,1872929,-1.1922305565288505,0
2026-06-04,3942.10009765625,3974.89990234375,3930.10009765625,3945.0,1398297,-0.28078148468899666,0
2026-06-05,3953.199951171875,3978.0,3923.89990234375,3960.0,1278243,0.28157208697527913,0
2026-06-08,3875.5,3916.699951171875,3863.10009765625,3901.10009765625,1678709,-1.9654950959119066,0
2026-06-09,3900.60009765625,3924.89990234375,3885.0,3924.89990234375,1506501,0.6476608864985245,0
2026-06-10,3917.5,3962.800048828125,3900.0,3904.0,2033070,0.43326416245297317,0
2026-06-11,3862.0,3909.800048828125,3854.39990234375,3900.0,2224659,-1.4167198468410969,0
2026-06-12,4049.300048828125,4059.800048828125,3921.0,3930.0,3065790,4.849820011085582,0
2026-06-15,4169.7998046875,4214.89990234375,4130.0,4130.0,3978153,2.975816916660645,0
2026-06-16,4186.39990234375,4235.39990234375,4177.10009765625,4205.0,2647549,0.39810298896336693,0
2026-06-17,4207.7001953125,4214.7001953125,4172.0,4200.10009765625,1312925,0.5087973787889943,0
2026-06-18,4190.0,4244.89990234375,4165.60009765625,4207.7001953125,1485427,-0.42066198851853365,0
2026-06-19,4209.39990234375,4217.5,4161.60009765625,4190.0,1397746,0.46300482920644814,0
2026-06-22,4201.2998046875,4235.39990234375,4190.0,4228.0,1169466,-0.19242879850260852,0
2026-06-23,4179.39990234375,4242.39990234375,4166.0,4210.0,2198497,-0.5212649266142733,0
2026-06-24,4181.7001953125,4215.0,4170.0,4176.5,1367416,0.055038833863685355,0
2026-06-25,4216.39990234375,4272.2998046875,4187.10009765625,4207.0,3104020,0.8297990150070156,0
2026-06-26,4216.39990234375,4216.39990234375,4216.39990234375,4216.39990234375,0,0.0,0
2026-06-29,4165.2001953125,4252.0,4157.7998046875,4225.0,2706906,-1.2142991228794475,0
2026-06-30,4143.39990234375,4193.7998046875,4134.10009765625,4183.0,1539094,-0.523391240432669,0
2026-07-01,4092.60009765625,4142.7998046875,4081.10009765625,4130.10009765625,1437109,-1.2260415572912686,0
2026-07-02,4059.39990234375,4110.0,4012.0,4100.0,2481554,-0.811225004160876,0
2026-07-03,4026.60009765625,4094.0,4019.0,4080.0,1505428,-0.8079963905148313,0
2026-07-06,4041.0,4068.0,4016.5,4027.699951171875,1252054,0.35761938097929047,0
2026-07-07,3991.89990234375,4046.300048828125,3975.0,4044.5,2442514,-1.215048197383073,0
2026-07-08,3892.10009765625,3988.0,3871.0,3950.0,2252308,-2.5000577952594694,1
2026-07-09,3886.0,3947.300048828125,3867.800048828125,3916.0,5117653,-0.15673023568749667,0
2026-07-10,3945.800048828125,3953.800048828125,3905.0,3905.0,1283990,1.5388586934669268,0
2026-07-13,3928.5,3939.0,3875.60009765625,3895.0,1744547,-0.4384421058858057,0
2026-07-14,3848.699951171875,3897.89990234375,3843.0,3892.0,2409089,-2.031310903095962,1
2026-07-15,3783.89990234375,3868.0,3778.60009765625,3868.0,3602201,-1.6836866903171877,0
2026-07-16,3775.60009765625,3802.0,3762.300048828125,3795.0,2936753,-0.21934524965523394,0
2026-07-17,3814.5,3828.89990234375,3767.699951171875,3788.89990234375,1942610,1.0302972067380178,0
2026-07-20,3838.800048828125,3850.0,3807.0,3815.0,1450930,0.6370441428267037,0
2026-07-21,3846.60009765625,3859.5,3815.699951171875,3839.0,1393919,0.20318976578386216,0
2026-07-22,3817.39990234375,3843.300048828125,3806.199951171875,3835.0,1157406,-0.7591170012783977,0
2026-07-23,3792.39990234375,3827.60009765625,3777.699951171875,3800.0,1278355,-0.6548960192682696,0
2026-07-24,3785.60009765625,3805.0,3720.0,3751.0,1994087,-0.17930083489606785,0
