Date,Close,High,Low,Open,Volume,Daily_Change_%,Crash_Signal
2020-01-01,6945.33544921875,7038.66247161543,6917.17074011005,7007.363299952278,634725,,0
2020-01-02,6962.5751953125,6998.813530370282,6945.619507881041,6960.437935480343,616838,0.2482204958968337,0
2020-01-03,6890.763671875,6964.617878097322,6863.929185369783,6961.720888974127,571967,-1.0313931472631932,0
2020-01-06,6689.5283203125,6848.730526280027,6674.425109973177,6839.231593511262,748516,-2.9203635641119496,1
2020-01-07,6719.166015625,6806.556208016894,6674.330861828322,6744.243108504864,590500,0.44304611466410293,0
2020-01-08,6682.689453125,6760.057983234566,6630.68279554582,6706.246621169079,793313,-0.5428733627830584,0
2020-01-09,6865.73388671875,6877.227688740578,6746.1424095905495,6782.2383560231665,798184,2.7390833417846983,0
2020-01-10,6963.193359375,6981.621198018001,6871.908513616145,6897.555634645149,747847,1.4195055366881926,0
2020-01-13,6984.2802734375,7000.713241109737,6915.032684573116,6964.617297668467,537399,0.3028339581308437,0
2020-01-14,7016.671875,7040.989237047348,6958.538681406218,6986.465452586916,548522,0.46377866142759405,0
2020-01-15,7108.00439453125,7128.949356682072,6984.565572242941,7018.714422575472,692726,1.3016501435197947,0
2020-01-16,7088.72119140625,7144.1475586068045,7049.348392138563,7082.87944033395,640207,-0.2712885650413499,0
2020-01-17,7143.34033203125,7190.597525854979,7060.129582404737,7094.753380290076,750738,0.7705076719791926,0
2020-01-20,7076.3251953125,7152.221576949947,7049.205463404759,7144.384957252778,407828,-0.9381484516179261,0
2020-01-21,6936.73779296875,7062.123700949633,6922.631785557888,7040.133765153876,442561,-1.972597336767612,0
2020-01-22,6778.05908203125,7005.416148150592,6751.794623662866,6972.217190037109,1048435,-2.2875120218374234,1
2020-01-23,6788.98291015625,6858.230043175427,6766.23277871136,6787.367905921977,589326,0.1611645456729427,0
2020-01-24,6771.26708984375,6848.730703046345,6754.928739533748,6790.597047475034,645723,-0.2609495493941738,0
2020-01-27,6790.59765625,6862.979717831241,6707.1972024368715,6745.667884592188,573149,0.2854793076356943,0
2020-01-28,6646.451171875,6858.182773597833,6614.107488382031,6820.1870390674185,1614448,-2.1227363432779534,1
2020-01-29,6659.03759765625,6759.678990138951,6625.506545753618,6658.752815158833,1001252,0.18937061983559378,0
2020-01-30,6668.67919921875,6695.798469830257,6631.205719660239,6668.251561669515,579174,0.14478971504672256,0
2020-01-31,6567.08740234375,6710.046345578397,6550.036631893713,6682.49943957305,868935,-1.523417064160193,0
2020-02-03,6659.9873046875,6691.856506043151,6440.277150264271,6440.277150264271,1010531,1.4146286877588121,0
2020-02-04,6838.85205078125,6853.4803151705,6650.203144353246,6668.251117463189,973311,2.6856619676716154,0
2020-02-05,6688.103515625,6869.248350005524,6673.570333938269,6853.4800287633025,718489,-2.2042958969850646,1
2020-02-06,6669.77099609375,6763.572960988347,6627.215497275295,6720.495206372468,875714,-0.2741063963561663,0
2020-02-07,6622.41845703125,6696.747605991367,6587.509879085124,6686.298779939465,645814,-0.7099574946461074,0
2020-02-10,6547.52001953125,6638.899948677942,6507.81466157141,6625.506359188814,593773,-1.1309831594902842,0
2020-02-11,6681.31201171875,6733.793616644637,6565.947284685944,6601.7584476908205,743160,2.043399512920896,0
2020-02-12,6690.38330078125,6753.741369478057,6656.804943646112,6702.542213321965,599364,0.13577107380391418,0
2020-02-13,6654.0498046875,6702.44705333248,6578.011032359329,6696.747693593252,723169,-0.5430704708578871,0
2020-02-14,6567.37255859375,6733.746752454226,6555.214109053014,6649.300861289856,614859,-1.3026239453857058,0
2020-02-17,6560.67578125,6630.255467929924,6535.266134578492,6573.261867919065,463548,-0.1019704194333726,0
2020-02-18,6441.32080078125,6582.759803950159,6398.290361003204,6578.010338002143,830678,-1.8192482672266586,0
2020-02-19,6418.0498046875,6511.471912838114,6292.663876561811,6506.769755007347,1033939,-0.36127677557881155,0
2020-02-20,6418.99951171875,6466.446407126972,6383.283428344749,6422.229056404591,682513,0.014797439411529112,0
2020-02-24,6146.18994140625,6373.784484618544,6117.123111649288,6373.784484618544,1091346,-4.250032576174045,1
2020-02-25,6093.13818359375,6183.805689092744,6057.042236407033,6179.436086933435,964897,-0.8631649577748313,0
2020-02-26,5922.4423828125,6049.728086055823,5876.087311103489,6031.822504441038,1580738,-2.8014431256599748,1
2020-02-27,5974.638671875,6020.471023439374,5857.801796384471,5917.835238260111,1492657,0.881330466193786,0
2020-02-28,5968.2744140625,6048.302920941187,5797.388709941526,5854.239450304184,1468843,-0.10652121679690651,0
2020-03-02,5970.22216796875,6116.885610213958,5936.833509076726,6080.220097513995,1219764,0.0326351265226732,0
2020-03-03,6066.06591796875,6100.357158833672,5965.804865761934,6001.425864482748,849199,1.6053632059828127,0
2020-03-04,6064.451171875,6102.114347148166,5897.887294745168,6069.8179760704825,904360,-0.026619329819133064,0
2020-03-05,6046.9736328125,6140.110488341829,6013.014946247181,6090.620953059841,645853,-0.2881965501438155,0
2020-03-06,6122.96533203125,6155.309015638301,5794.491927568147,5885.919164104441,1140899,1.2566897729865856,0
2020-03-09,5890.3837890625,6054.620257730542,5774.781581985496,5985.278042667108,1082030,-3.7985115112777024,1
2020-03-11,5838.3291015625,5994.729407066056,5799.098693144742,5851.342825515416,937029,-0.8837231895934772,0
2020-03-12,5360.39013671875,5641.700937067033,5277.179393148544,5641.700937067033,1345964,-8.186228568647147,1
2020-03-13,5546.046875,5759.677776195315,4562.384632311016,5058.371768571346,1480205,3.463493020955677,0
2020-03-16,5205.6533203125,5402.9936747297115,5129.424374743397,5356.069033397865,933412,-6.137588851293296,1
2020-03-17,5323.154296875,5458.989027363835,5226.312497549424,5226.312497549424,1238640,2.2571802102919536,0
2020-03-18,5084.44677734375,5403.753348641776,5046.3559595209335,5386.845431772212,973395,-4.48432463570303,1
2020-03-19,4578.05810546875,4841.2263246485745,4419.42592308738,4625.980408366883,2554559,-9.959562840375547,1
2020-03-20,4824.6982421875,4963.192500011056,4571.456595261239,4625.030484699298,1614552,5.387440068183591,0
2020-03-23,4008.882080078125,4549.988678483867,3933.5079577456563,4345.761629240854,1531965,-16.909164493974384,1
2020-03-24,4261.6484375,4341.011827061737,3828.0695105161485,4123.486289119256,1746431,6.3051582055251965,0
2020-03-25,4755.11865234375,4900.879504056625,4094.135292641368,4216.576448866613,1728819,11.579327156635033,0
2020-03-26,4633.580078125,4863.454284542846,4511.993721011429,4772.692154270452,1338787,-2.5559525030746544,1
2020-03-27,4413.29931640625,4879.126894006472,4326.763944748268,4844.45578885097,1339426,-4.754007873063193,1
2020-03-30,4111.56591796875,4407.457686536229,4056.044468003645,4357.588287339463,1528082,-6.836912178510513,1
2020-03-31,4073.42724609375,4244.170566484967,3999.0507863534017,4227.025177974499,2140261,-0.9275948053835803,0
2020-04-01,4033.57958984375,4203.135547367014,3980.148090624234,4075.042340475075,1323842,-0.9782341463987709,0
2020-04-03,3810.497314453125,4053.195074354103,3800.618516010788,4037.0468868068756,1724808,-5.530627831227863,1
2020-04-07,4325.48193359375,4381.7631168339285,3913.5607586419505,3942.057560282547,2688172,13.514892588620931,0
2020-04-08,4462.69384765625,4678.224546699552,4185.704865996259,4185.704865996259,2798833,3.172176330152876,0
2020-04-09,5059.74951171875,5128.474390958127,4498.885240250238,4554.216529984135,3786650,13.378817468647686,0
2020-04-13,5018.4287109375,5075.659782442749,4750.416408261414,5020.186106311053,2192268,-0.8166570437043941,0
2020-04-15,4839.041015625,5081.9289060632445,4788.4118907410875,5041.55844279078,2094519,-3.5745789298855746,1
2020-04-16,4873.712890625,4966.042714999166,4720.970216822083,4765.615206800079,1752169,0.7165030196695232,0
2020-04-17,5229.1630859375,5322.205328551214,4950.5595415624675,5058.182276588045,2192902,7.2932116291921645,0
2020-04-20,5064.2138671875,5294.658080421954,5015.4367522224675,5235.812003456485,1555307,-3.154409530534419,1
2020-04-21,4750.51220703125,4874.188055449823,4639.7545384301675,4874.188055449823,1843169,-6.194478913870782,1
2020-04-22,4921.2548828125,4985.277599597979,4740.917543865768,4758.015623567147,1991584,3.594195074975981,0
2020-04-23,4897.982421875,4981.810505799507,4792.211709905253,4909.99847938558,1454061,-0.4728968828413893,0
2020-04-24,4792.8291015625,4882.451628399347,4777.96336397835,4844.455895882621,1070808,-2.1468701039610183,1
2020-04-27,4802.9931640625,4963.192579141038,4741.439798858928,4892.045662492064,1432313,0.21206811852911844,0
2020-04-28,4799.52587890625,4863.453510025676,4740.2048590636,4834.95671211537,1172062,-0.07219009142451771,0
2020-04-29,4814.4873046875,4844.45625540814,4759.96305342747,4844.45625540814,1038094,0.31172716136409484,0
2020-04-30,5090.2880859375,5153.1712086082125,4865.353535574427,4865.353535574427,2341081,5.728559736391325,0
2020-05-04,4641.46337890625,4873.190031604428,4597.483505280528,4840.656186551565,1742771,-8.81727516112849,1
2020-05-05,4587.8427734375,4777.536208893292,4559.488362420668,4744.717577144008,1570620,-1.1552521498378265,0
2020-05-06,4600.5703125,4749.466073917308,4473.997041630104,4598.623216935713,2214528,0.27741881513876354,0
2020-05-07,4511.328125,4688.056054137259,4497.744836152862,4654.002286110021,1530808,-1.939807055171494,0
2020-05-08,4420.94580078125,4634.5294016313355,4405.1301701302145,4629.779935140629,1828141,-2.003452679885709,1
2020-05-11,4690.38330078125,4763.335389947313,4493.138035098872,4511.99351127216,3176473,6.0945669126363455,0
2020-05-12,4703.20703125,4735.218624528637,4455.047379162115,4667.776192765039,3124672,0.27340474426928996,0
2020-05-13,4783.75830078125,5051.0109047783535,4736.40602147115,4986.940408668545,3304845,1.7126881507880665,0
2020-05-14,4857.80224609375,4887.201632890549,4609.025252821009,4659.227212697404,2590674,1.547819531359007,0
2020-05-15,4844.83544921875,4866.493293651069,4712.562813891921,4853.954517199986,2182462,-0.26692722795430557,0
2020-05-18,4484.39892578125,4839.706326396239,4446.022865703391,4825.837791559546,3164086,-7.4396030002550795,1
2020-05-19,4564.52197265625,4654.477051400157,4517.454946366591,4599.383241403992,2108177,1.7867064951417433,0
2020-05-20,4646.83056640625,4673.474887096288,4507.718511527527,4515.792604320275,1518296,1.803224833686179,0
2020-05-21,4797.056640625,4819.568835392761,4607.980085459837,4644.9786180560895,1868166,3.2328717837227128,0
2020-05-22,4877.037109375,4891.95062009239,4683.686508741855,4758.965554691819,1935875,1.667282142817883,0
2020-05-26,4983.2822265625,5020.9453999968455,4902.066356199981,4939.444747194161,1508751,2.1784767022434037,0
2020-05-27,4981.62060546875,5025.885728461656,4878.082230038336,5005.937968057631,1534655,-0.03334390905843643,0
2020-05-28,5194.34912109375,5219.66368478195,4958.443027217794,5003.088012328759,2325084,4.27026729798472,0
2020-05-29,5329.6611328125,5382.807848380782,5105.676478589439,5105.676478589439,3386733,2.6049849281262416,0
2020-06-01,5503.30224609375,5570.791983585197,5382.9505722310905,5404.893201541673,2340994,3.258014139252019,0
2020-06-02,5404.98779296875,5555.9257409366,5343.244730366446,5507.24371080786,2110719,-1.7864629040642566,0
2020-06-03,5342.2001953125,5539.778011924342,5325.1021150287825,5442.888890316612,1652859,-1.1616603045418339,0
2020-06-04,5405.0830078125,5433.342333313014,5292.80543491972,5374.496258215322,1642049,1.1770957695515838,0
2020-06-05,5458.27734375,5495.133020139498,5386.94026052674,5441.273881762648,1236658,0.9841539132815047,0
2020-06-08,5447.4482421875,5556.8761425200955,5415.816978902279,5556.8761425200955,1176769,-0.19839778890862192,0
2020-06-09,5378.5810546875,5497.032943700583,5338.400750578413,5465.686462424945,1336806,-1.2642100381360488,0
2020-06-10,5391.21484375,5452.387883336607,5333.651213403318,5371.646947781971,1432292,0.23489074412088584,0
2020-06-11,5154.263671875,5403.943229919133,5129.708836188193,5354.548776068581,1766481,-4.395135025080588,1
2020-06-12,5283.0693359375,5327.286685825289,4940.395310147155,4940.395310147155,2064628,2.4990119299745484,0
2020-06-15,5201.37890625,5305.154762618135,5120.922747869195,5243.411690179428,1530562,-1.546268362063885,0
2020-06-16,5226.50341796875,5331.3237789329505,5129.424131291229,5309.903869244068,1184933,0.48303559828259957,0
2020-06-17,5439.27978515625,5522.157984497477,5172.169574933885,5172.169574933885,3454833,4.071103569089307,0
2020-06-18,5428.07080078125,5469.486246154968,5358.348717360225,5409.642961419338,1580214,-0.20607478963647896,0
2020-06-19,5601.853515625,5637.616906692981,5421.0412277164005,5462.836534185565,1854589,3.201555786979382,0
2020-06-22,5600.57080078125,5675.6123701947035,5515.412960659253,5604.370373916108,1497563,-0.022898043302488347,0
2020-06-23,5591.54736328125,5706.199679402398,5568.797231377796,5604.370923869766,1398070,-0.16111639011404666,0
2020-06-24,5466.96875,5640.466676513709,5442.888860967254,5640.466676513709,1268449,-2.227981007535351,1
2020-06-25,5473.56982421875,5553.835805827384,5367.846888407016,5392.544113517366,1266203,0.12074468541181105,0
2020-06-26,5466.541015625,5518.880230713722,5409.642498092022,5509.38129744227,1063057,-0.12841360975518468,0
2020-06-29,5394.15869140625,5509.380550848849,5366.896571085517,5442.888026959295,1102655,-1.3240973407472767,0
2020-06-30,5545.76220703125,5580.148532120281,5396.771804866377,5461.88680903764,2015814,2.810512710101176,0
2020-07-01,5512.32568359375,5590.121849018436,5485.633590158278,5545.761648139959,1284965,-0.6029202513426757,0
2020-07-02,5650.39404296875,5661.36512711015,5474.04594778104,5556.876844562815,1470941,2.5047206442451397,0
2020-07-03,5634.8623046875,5688.531277728031,5588.269758652633,5650.393153365789,1059779,-0.27487885204355855,0
2020-07-06,5816.7666015625,5839.659122449833,5628.117702762582,5664.641285026372,1385081,3.22819417829745,0
2020-07-07,5914.748046875,5936.833065880074,5787.36726385046,5832.344803920585,1799721,1.6844658213754027,0
2020-07-08,5741.53466796875,5922.584414195378,5720.8271806432185,5914.747794882289,1204072,-2.928499701652809,1
2020-07-09,5701.5927734375,5790.550198071019,5634.150341668628,5775.351903587893,1043427,-0.6956658252728176,0
2020-07-10,5657.23193359375,5780.195806678974,5624.318223545443,5680.361928188102,1168821,-0.7780429365355168,0
2020-07-13,5688.7685546875,5755.640949917918,5630.777290716642,5699.359772167762,1035069,0.5574567467612423,0
2020-07-14,5482.546875,5660.17692925131,5461.88669489323,5652.815255879932,1602929,-3.6250671424762904,1
2020-07-15,5510.6162109375,5585.182840334771,5466.63633351968,5518.880468766176,1246705,0.5119762142936635,0
2020-07-16,5580.95556640625,5623.368208526802,5463.786137744285,5517.930054616925,1018658,1.2764335743276733,0
2020-07-17,5622.89404296875,5657.565152449003,5557.826344355124,5602.471334644765,810152,0.7514569156390039,0
2020-07-20,5573.4990234375,5638.5667154878565,5520.779944476992,5637.616822173253,912610,-0.8784625702313753,0
2020-07-21,5823.6533203125,5841.843683898534,5604.370363414854,5622.893282412581,1854694,4.488280985123683,0
2020-07-22,5702.58935546875,5821.89604694215,5642.0814304309615,5810.497327320139,1140092,-2.078831932208036,1
2020-07-23,5762.00537109375,5784.850119125183,5668.915828946908,5711.708336009807,701651,1.0419129262397409,0
2020-07-24,5700.025390625,5744.337824036898,5634.862611997028,5708.859213532535,793324,-1.0756668291162175,0
2020-07-27,5740.490234375,5759.060927455497,5631.01502697282,5706.959185009096,902597,0.7099063771988323,0
2020-07-28,5967.990234375,6003.659010828488,5728.949646363836,5746.8552302160515,1774828,3.963076160946888,0
2020-07-29,5875.232421875,5979.578293112749,5812.349764023612,5955.783651594704,2057197,-1.5542554336923087,0
2020-07-30,5951.46142578125,6073.285242257979,5860.889006304344,5874.1875125864035,2217867,1.2974636309268428,0
2020-07-31,5948.9453125,6060.1779302869845,5897.888538631192,5951.082572801484,1613555,-0.04227723413194884,0
2020-08-03,5856.28271484375,6114.891181496372,5818.14412547723,6060.319622566494,1836582,-1.557630685586342,0
2020-08-04,6040.32421875,6057.3272161504065,5875.090092781074,5888.388599054144,1223516,3.1426335248427417,0
2020-08-05,6199.2412109375,6267.111273425266,6060.319314427313,6068.773272118589,2278663,2.63093480469474,0
2020-08-06,6227.263671875,6255.855556046095,6111.994014747555,6207.506074634019,1233252,0.4520304983141932,0
2020-08-07,6344.33740234375,6411.3048805388735,6157.066029487353,6172.406713644211,1567980,1.8800188435492915,0
2020-08-10,6277.75,6391.547500385481,6246.498601886793,6354.786442612933,1601750,-1.0495564488602227,0
2020-08-11,6316.03076171875,6377.1087158259315,6279.744651869402,6331.038890441622,880808,0.609784743240005,0
2020-08-12,6393.06689453125,6438.424301046968,6261.791914590527,6278.74760329712,1114981,1.219692172486142,0
2020-08-13,6451.8671875,6490.540243118971,6378.403029822321,6450.238124167478,1087096,0.9197509417436134,0
2020-08-14,6314.3798828125,6464.806409528637,6279.731983150809,6459.8705486267545,905793,-2.1309692325017338,1
2020-08-17,6487.08935546875,6507.743967805766,6314.379170165394,6383.194806864361,1028536,2.7351771014974657,0
2020-08-18,6606.60693359375,6637.085064936539,6479.901283798968,6487.089566472942,1322527,1.8423914266610941,0
2020-08-19,6699.76708984375,6723.153344890935,6598.891518565219,6636.222855416134,1326450,1.4101059316287134,0
2020-08-20,6684.8154296875,6708.105277962636,6594.098929485644,6604.6899465719,958157,-0.2231668646946794,0
2020-08-21,6683.185546875,6771.361808213377,6662.099919163649,6755.068368618242,971836,-0.02438186707836021,0
2020-08-24,6788.134765625,6804.907424770561,6665.933963278769,6694.687093242587,961177,1.570347224596702,0
2020-08-25,6814.44482421875,6877.462107727681,6781.5701278468705,6804.908181192483,1047620,0.3875889254141507,0
2020-08-26,6717.3544921875,6860.49726053499,6682.227843035757,6814.492249567446,992395,-1.4247724434745979,0
2020-08-27,6802.99072265625,6831.456509240078,6671.492884412017,6750.276649713717,1158891,1.2748505467196525,0
2020-08-28,6808.8369140625,6858.579733850604,6736.331200384102,6828.868167088534,1019984,0.08593560750833618,0
2020-08-31,6555.666015625,6862.413808808516,6508.223350326673,6841.328179787037,1580774,-3.718269384813999,1
2020-09-01,6618.63525390625,6726.9869174120195,6519.293279230782,6575.314150367287,1117127,0.960531517791896,0
2020-09-02,6633.107421875,6689.894853113825,6567.5981143505915,6618.491247589902,776392,0.21865788661201702,0
2020-09-03,6778.646484375,6821.10508674995,6633.10762788421,6637.180988057386,947751,2.1941309441187995,0
2020-09-04,6891.2626953125,7019.597404064087,6675.5660196834315,6694.687038146866,2185292,1.661337719810052,0
2020-09-07,6909.5205078125,6996.594659605147,6832.941435204109,6924.711837759889,1348919,0.2649414672933448,0
2020-09-08,6923.75390625,6975.509541761836,6840.992717718365,6919.920155471345,1145062,0.20599690559433004,0
2020-09-09,6915.36767578125,6954.759559195336,6825.226796497861,6900.751500727626,1273303,-0.1211225959544815,0
2020-09-10,6931.0859375,6996.020092029997,6870.081471158919,6962.09149086194,978701,0.2272946639380935,0
2020-09-11,6894.61767578125,7044.421304213514,6876.7906405928725,6977.378866495784,1383019,-0.5261550938423953,0
2020-09-14,6832.55859375,6938.70556751041,6790.531007607252,6918.9616575747,1003491,-0.9001091133631012,0
2020-09-15,6759.6689453125,6876.79021462969,6713.8558123318435,6866.247400363359,894418,-1.0667987319446515,0
2020-09-16,6764.60546875,6871.039786831699,6748.359762739851,6779.98820645103,920570,0.07302907106010448,0
2020-09-17,6791.34619140625,6817.271745222792,6652.516390396491,6756.506885765749,1133411,0.39530350705274664,0
2020-09-18,6675.279296875,6851.871451718924,6643.5071791667315,6850.913013972146,1143550,-1.709041054012539,0
2020-09-21,6351.5185546875,6696.5079050798495,6316.104096420909,6675.278604787181,1290480,-4.850145256679628,1
2020-09-22,6172.86572265625,6408.066707906455,6049.994290684431,6397.571627928698,2665724,-2.81275777584562,1
2020-09-23,6231.0908203125,6277.71918872115,6114.832514711977,6193.424405966895,1456226,0.9432425760137031,0
2020-09-24,6035.953125,6217.193314711297,6009.547886296645,6167.546430407305,1237674,-3.131677918678022,1
2020-09-25,6227.640625,6247.62367599592,6067.868878486905,6129.208889262953,1316468,3.1757619058713216,0
2020-09-28,6424.408203125,6440.701644785917,6270.387070347227,6305.561922774784,1099583,3.1595846641359504,0
2020-09-29,6462.505859375,6530.123452518856,6393.737953786011,6468.496095053483,1199391,0.5930142519815051,0
2020-09-30,6463.1767578125,6498.159733118544,6393.737760729342,6431.11683023443,812841,0.010381397744141374,0
2020-10-01,6513.82958984375,6621.84569980132,6493.7983366289245,6553.988501622612,1255993,0.7837141691974026,0
2020-10-05,6535.443359375,6591.751577309759,6464.662637786381,6579.675168036101,833476,0.3318135550391066,0
2020-10-06,6605.93603515625,6651.365889400341,6546.1296151395245,6572.965871248442,756192,1.0786211723513572,0
2020-10-07,6754.0146484375,6776.154653278318,6580.201875013756,6632.388995853743,1101957,2.2415992600168577,0
2020-10-08,6785.59521484375,6843.245148654098,6729.191062843196,6795.323263859601,851205,0.46758214262321296,0
2020-10-09,6768.8701171875,6861.45528984613,6710.022137758451,6766.56996037347,839682,-0.2464794484006827,0
2020-10-12,6840.0341796875,6857.62160472402,6713.855952633369,6814.491909096824,799712,1.0513433005502781,0
2020-10-13,6740.59619140625,6886.374654516832,6730.149314407404,6838.452771047683,819414,-1.4537644939925265,0
2020-10-14,6711.31591796875,6780.946319082468,6639.529032159918,6747.401001602908,779630,-0.43438699791614743,0
2020-10-15,6606.1279296875,6756.88999601336,6572.678546820386,6736.858741240907,681316,-1.5673228554123342,0
2020-10-16,6608.33251953125,6689.8956677599745,6577.758448114141,6608.428456906164,657914,0.033371891480382665,0
2020-10-19,6567.1669921875,6689.894745123458,6541.336910525444,6685.10255691062,548457,-0.6229336556851983,0
2020-10-20,6560.1220703125,6660.182861846285,6526.960035857418,6533.669099036713,659864,-0.10727490078112911,0
2020-10-21,6576.65625,6658.842288081788,6483.495912349733,6617.054308066088,911967,0.25204073202120814,0
2020-10-22,6528.4462890625,6574.8827839662845,6493.607452199003,6544.212776810757,584523,-0.7330466897597088,0
2020-10-23,6808.0224609375,6828.581136399999,6548.046239837398,6572.965619555749,1758998,4.2824304512298905,0
2020-10-26,6761.5859375,6863.659550115524,6646.813025662356,6804.907507701635,1559351,-0.6820853442235153,0
2020-10-27,6860.88037109375,6910.096240822984,6759.861130625127,6773.279258489688,1461819,1.468508046951822,0
2020-10-28,6887.38134765625,7027.265523274737,6814.492344583112,6895.911817948495,1645177,0.38626204115370655,0
2020-10-29,6821.8720703125,6899.792866595093,6696.316734081918,6818.325663697387,1434852,-0.9511492690330359,0
2020-10-30,6675.66162109375,6814.491402404003,6595.009189865252,6784.827571200099,1360249,-2.143259910355555,1
2020-11-02,6582.8857421875,6760.244453311968,6565.2983166032545,6752.097732773117,1059351,-1.3897630552917262,0
2020-11-03,6626.01513671875,6673.841082689946,6567.646376413788,6651.557406939034,926491,0.6551745878687898,0
2020-11-04,6665.02294921875,6760.818976605218,6622.324740410229,6626.01481884745,901404,0.5887069633124575,0
2020-11-05,6798.00634765625,6809.6035367690865,6689.559221619907,6728.232274229464,843221,1.9952429189022958,0
2020-11-06,6620.50439453125,6838.453035375932,6603.635797300655,6797.240213999455,1378439,-2.611088369845338,1
2020-11-09,6586.52734375,6740.30885517707,6531.75272447818,6699.431582127544,1479540,-0.5132093985061981,0
2020-11-10,6511.09814453125,6684.143867175601,6480.428141125799,6683.2813669272455,1695413,-1.1452043737482542,0
2020-11-11,6572.3427734375,6617.053797985495,6472.425644462994,6573.9241020252775,1481918,0.9406190407019066,0
2020-11-12,6552.69482421875,6641.973201577589,6509.708800160893,6572.007250103539,1418041,-0.2989489425012648,0
2020-11-13,6526.2412109375,6594.050670962294,6503.9575367950765,6594.050670962294,970632,-0.4037058643945657,0
2020-11-14,6567.45458984375,6574.786544495042,6550.921539871141,6565.298105064714,128193,0.6315025383551554,0
2020-11-17,6691.28515625,6706.092738118309,6577.758021990472,6579.674897415794,1243068,1.8855184259324531,0
2020-11-18,6761.10693359375,6776.1545927980815,6659.225192469741,6689.847464422724,1400300,1.0434733494885107,0
2020-11-19,6673.88916015625,6833.660914597024,6627.788680409641,6738.77558071973,1305695,-1.289992515931715,0
2020-11-20,6676.3330078125,6728.232313040019,6617.053545474116,6670.294569816209,923474,0.0366180438063024,0
2020-11-23,6697.32275390625,6751.234872242943,6644.465010592236,6747.401121605667,735755,0.3143903407632376,0
2020-11-24,6860.88037109375,6909.377412544525,6756.985817511292,6756.985817511292,1910670,2.4421343154188646,0
2020-11-25,6762.44921875,6950.925903084638,6725.357491733261,6948.67348084169,947742,-1.434672330951292,0
2020-11-26,6703.552734375,6802.990643542016,6616.095296191961,6785.738765325088,1068945,-0.8709342202777637,0
2020-11-27,6743.3759765625,6815.45068087192,6641.973452178653,6747.688946336642,2123905,0.594061742563623,0
2020-12-01,6806.53759765625,6844.9705772746265,6685.295221545831,6844.9705772746265,1076695,0.9366468859704158,0
2020-12-02,6906.9814453125,6919.920354562721,6809.700016505281,6814.492205116475,1106734,1.4756966550928396,0
2020-12-03,7417.4453125,7459.37696195885,6948.290057411836,6948.673338895171,3846792,7.390549275819058,0
2020-12-04,7478.83251953125,7555.0283113260675,7323.661560404386,7473.896659320583,2393536,0.8276057920885371,0
2020-12-07,7421.56640625,7509.3593933291095,7370.385926573179,7503.416892383303,1037296,-0.7657092618627015,0
2020-12-08,7440.064453125,7680.1048921083275,7379.970222688248,7425.975231868643,1885285,0.24924720554171387,0
2020-12-09,7388.8359375,7475.766425246962,7372.302886953984,7451.853217117424,822760,-0.6885493525997988,0
2020-12-10,7414.474609375,7523.736515459379,7389.555227285581,7437.47711591908,1186739,0.34699203084045394,0
2020-12-11,7412.1259765625,7471.693256329141,7379.970577668956,7456.597861965727,706875,-0.03167632146895416,0
2020-12-14,7376.90283203125,7499.774727866683,7336.840324833158,7485.398162893136,1038032,-0.47520973931942656,0
2020-12-15,7442.50830078125,7466.229633699615,7322.990933185573,7376.9030534545855,891801,0.8893362193295395,0
2020-12-16,7472.3154296875,7570.698960382165,7447.060504135893,7494.98238640189,963504,0.40049843012095465,0
2020-12-17,7374.2197265625,7506.388192919963,7308.087524699645,7475.71818625893,734075,-1.3127885733418831,0
2020-12-18,7245.54931640625,7405.848019824874,7228.29743801142,7393.3883298730525,1078328,-1.7448681342213002,0
2020-12-21,7069.53271484375,7283.16839371087,6975.60581622766,7245.78932181263,970306,-2.4293065146067216,1
2020-12-22,7088.0302734375,7128.8598142096225,6905.63976116422,7073.270426037512,1138240,0.26165178576671444,0
2020-12-23,7140.31298828125,7241.57183567467,7086.688212838042,7092.8221203986,951805,0.7376198016489921,0
2020-12-24,7136.5751953125,7219.67193513103,7106.049327475445,7195.2317725946605,589281,-0.05234774686886379,0
2020-12-28,7171.98974609375,7229.496011597642,7144.195051100201,7154.737866442582,521320,0.49624014057205734,0
2020-12-29,7142.61376953125,7231.412934835403,7109.9786828501165,7207.451990717326,538719,-0.4095931199357805,0
2020-12-30,7296.49072265625,7317.672290729801,7121.192550114266,7185.407879973977,1029800,2.1543507473609225,0
2020-12-31,7331.6650390625,7377.094891921753,7264.957682313484,7298.167454638502,908515,0.4820716936846159,0
2021-01-01,7371.6318359375,7426.454660621891,7332.048545364582,7335.882296237975,767574,0.5451257887814087,0
2021-01-04,7382.17431640625,7432.87604379968,7324.955868005311,7417.34916627098,598645,0.14301420232836204,0
2021-01-05,7337.27197265625,7354.092366855671,7270.70828814898,7341.632676933981,562668,-0.6082536367396307,0
2021-01-06,7311.5380859375,7426.933893852499,7241.476194993232,7335.8823104332205,840678,-0.3507282654187094,0
2021-01-07,7251.587890625,7384.187849484547,7238.2179645477345,7356.968310458611,642968,-0.819939588741303,0
2021-01-08,7681.7822265625,7725.007860421097,7284.126518511208,7284.126518511208,2557157,5.932415664349366,0
2021-01-11,7890.57763671875,7943.531317375725,7554.788909308269,7762.386599834217,2182019,2.718059481486801,0
2021-01-12,7847.7353515625,7982.827327912021,7801.682608861071,7821.809799866732,1514072,-0.5429549917471688,0
2021-01-13,7801.53955078125,7907.111374505239,7773.8885283166055,7847.688234478654,877225,-0.5886513587904374,0
2021-01-14,7810.740234375,7840.020318663655,7689.97708521221,7825.451878553918,718274,0.11793420431776003,0
2021-01-15,7691.22265625,7877.878391606825,7667.549058717204,7818.119709565248,751177,-1.5301696707183288,0
2021-01-18,7505.1904296875,7690.456726474773,7423.1003304759915,7678.044770489758,771183,-2.4187601227657507,1
2021-01-19,7593.31787109375,7658.203816229398,7509.3586432085085,7571.657087600155,779892,1.1742199246224772,0
2021-01-20,7806.42626953125,7830.434943454347,7533.558906277483,7554.40492341581,999226,2.806525448496777,0
2021-01-21,7741.06103515625,7923.403792074377,7688.059622048483,7863.980659727865,769494,-0.8373259686077161,0
2021-01-22,7714.3212890625,7962.700322645322,7667.501514343112,7748.968717933008,1172914,-0.34542740294012386,0
2021-01-25,7649.77001953125,7825.355982279334,7619.675171248919,7779.638319681157,753043,-0.8367718573346394,0
2021-01-27,7543.76708984375,7753.760880463371,7495.461924062274,7660.744690223254,1080785,-1.3857008696582462,0
2021-01-28,7273.10400390625,7652.693042612048,7247.705406541354,7514.151069463662,2085637,-3.587903532996084,1
2021-01-29,6907.125,7365.5937702394685,6871.9983516743,7365.5937702394685,3069968,-5.031950645964766,1
2021-02-01,7092.24658203125,7164.321278948768,6854.745924687838,6963.241251518407,1611478,2.6801539284615483,0
2021-02-02,7336.55322265625,7446.821292444657,7178.8420189035305,7221.732105822272,1700845,3.444700318852001,0
2021-02-03,7273.775390625,7395.736584774118,7165.1363865615385,7360.8013443239715,1491567,-0.8556856350115938,0
2021-02-04,7322.46435546875,7442.26907332655,7216.125500703294,7284.126845754254,1198036,0.6693767985536558,0
2021-02-05,7182.67626953125,7414.474536160009,7150.904151278416,7360.802021420484,1128089,-1.9090306097987342,0
2021-02-08,7259.7822265625,7320.547082563727,7163.842520112931,7202.659246591569,912372,1.0734989875338163,0
2021-02-09,7310.0517578125,7360.801219037045,7259.206827211794,7265.915890822896,925127,0.6924385564359037,0
2021-02-10,7304.92529296875,7355.913901220504,7194.08159117399,7289.111069862977,1015600,-0.07012898148458513,0
2021-02-11,7348.67724609375,7422.141400735783,7253.120822115141,7284.126374689044,818869,0.5989377217466174,0
2021-02-12,7253.93603515625,7356.009654465775,7213.106493835005,7303.391516137455,756833,-1.2892280850660631,0
2021-02-15,7280.916015625,7331.186262639492,7264.958120738229,7284.126875674214,470093,0.3719357372051757,0
2021-02-16,7377.142578125,7474.85548706707,7308.326939704856,7321.505457841434,1321126,1.321627145451143,0
2021-02-17,7191.349609375,7371.82323284713,7160.775073751744,7360.753465112597,1023548,-2.5184950240886073,1
2021-02-18,7185.93408203125,7264.046751228778,7149.94493513571,7260.021593853826,821462,-0.0753061335898586,0
2021-02-19,7018.6396484375,7175.248283305814,6982.219013910581,7138.444367276048,1013887,-2.328081940134652,1
2021-02-22,6791.92041015625,7020.555515553243,6762.735797644189,7018.638640327154,1502068,-3.230244743106625,1
2021-02-23,6680.79052734375,6826.329397438879,6649.641299578357,6822.926662536804,1589884,-1.6362070828498276,0
2021-02-24,6663.9697265625,6743.567791943084,6591.655413457725,6618.012450734365,1225254,-0.2517785988410237,0
2021-02-25,6642.30859375,6775.195882975394,6627.596481931652,6771.362132298934,1740066,-0.32504848763281746,0
2021-02-26,6580.77734375,6780.947163873951,6538.654284916553,6613.220555580248,2687534,-0.9263533774672372,0
2021-03-01,6723.4404296875,6740.548636138805,6629.561270277685,6687.019797281495,1417600,2.1678758980197443,0
2021-03-02,6914.2646484375,6934.295900288044,6737.816196133373,6766.569323570641,1395296,2.8381930463369898,0
2021-03-03,6828.58154296875,6960.462201402072,6806.058256113067,6944.456571960765,796258,-1.239222243078486,0
2021-03-04,6835.1943359375,6876.982312894349,6719.606656717458,6785.738857446812,906310,0.09683992095779193,0
2021-03-05,6947.71435546875,7010.971238826583,6776.154020301291,6833.660277899322,1821165,1.646186106803893,0
2021-03-08,6957.7783203125,7033.782240948866,6916.086281338246,6962.953790173943,977572,0.14485288727836831,0
2021-03-09,6998.08056640625,7024.7731498158155,6954.42391658342,7024.7731498158155,678485,0.579240157394656,0
2021-03-10,6969.85498046875,7079.979380002808,6949.63185114395,7015.764053285577,659270,-0.4033332521633848,0
2021-03-12,6801.26513671875,7009.054222804926,6767.911227189492,6996.594533908924,946720,-2.4188429202964823,1
2021-03-15,6794.65283203125,6865.242149598194,6719.607340329004,6848.038004086539,700250,-0.09722168676826737,0
2021-03-16,6853.11669921875,6900.751238714176,6804.907471509813,6804.907471509813,796357,0.86043935772393,0
2021-03-17,6771.0263671875,6871.950131283359,6750.7555047367705,6862.413489588312,688581,-1.1978539930687093,0
2021-03-18,6818.08544921875,6941.005070917897,6766.569428428659,6828.867872174816,984545,0.6950066279360456,0
2021-03-19,6817.89453125,6852.782039033247,6618.491748595433,6766.522643280066,838756,-0.002800169786254525,0
2021-03-22,6806.10546875,6845.64102243223,6757.177413145393,6808.741172328815,533767,-0.1729135357838807,0
2021-03-23,6887.5732421875,6924.712704791051,6833.661119053314,6841.328621010176,757590,1.1969807669240051,0
2021-03-24,6772.51220703125,6860.8798762303295,6756.937595454682,6839.410966792979,457147,-1.6705598780639153,0
2021-03-25,6504.77294921875,6765.611673726528,6474.486224527714,6756.985734491008,1338767,-3.9533226316599612,1
2021-03-26,6502.47265625,6612.213769782683,6489.581482356324,6602.677127743718,911299,-0.03536315543536395,0
2021-03-30,6567.02294921875,6589.258890049846,6459.869806390685,6527.918880018836,1088817,0.992703797173311,0
2021-03-31,6574.1162109375,6651.461854322366,6512.776196720167,6567.502616264958,735382,0.10801335359416075,0
2021-04-01,6636.126953125,6700.917437738833,6570.09068664803,6661.142271656281,660759,0.9432559479908731,0
2021-04-05,6487.23291015625,6621.36644525786,6445.1098566112505,6621.36644525786,668129,-2.2436888869136973,1
2021-04-06,6470.7001953125,6562.3751348358755,6440.7012827824965,6534.867785912464,628262,-0.2548500273185317,0
2021-04-07,6579.67529296875,6598.844048374341,6493.463628337233,6507.792460197788,598115,1.6841314597637158,0
2021-04-08,6543.1103515625,6650.886387593955,6523.9415980144795,6595.009658196335,604553,-0.5557256213741146,0
2021-04-09,6543.3505859375,6589.499270914592,6496.291197885037,6565.29871724882,641327,0.00367156233185284,0
2021-04-12,6249.5888671875,6459.726329784443,6231.905504690868,6459.726329784443,1020746,-4.489469345893394,1
2021-04-13,6532.51904296875,6560.8888905514505,6199.94118374947,6249.01337783777,995718,4.527180616099913,0
2021-04-15,6368.099609375,6562.2791785880945,6278.7252949566355,6562.0395691660615,1267365,-2.516937685328635,1
2021-04-16,6371.78955078125,6502.8559018093465,6331.4869660713675,6397.571430439074,1000325,0.05794415339888115,0
2021-04-19,6241.1064453125,6258.597932643394,6148.37760151721,6230.180349563506,772219,-2.0509639313609607,1
2021-04-20,6370.39990234375,6401.118111697039,6285.961446617664,6340.065442463635,914142,2.071643196029105,0
2021-04-22,6373.70654296875,6397.475610363205,6272.974648672244,6350.560366472149,667911,0.0519063273215048,0
2021-04-23,6398.6259765625,6435.621765113939,6287.351266795113,6287.351266795113,709306,0.3909724024122152,0
2021-04-26,6362.97119140625,6506.832766556195,6325.688062935761,6412.139320324058,937344,-0.5572256494886574,0
2021-04-27,6295.73779296875,6430.1586836197675,6270.099583878449,6392.73187773141,1610651,-1.0566352795735479,0
2021-04-28,6300.57763671875,6373.610777484186,6272.974817839699,6295.737713473571,1406270,0.07687492569028453,0
2021-04-29,6292.7666015625,6371.167088833078,6279.684020118022,6359.234351874707,757075,-0.12397331810861667,0
2021-04-30,6187.33837890625,6286.968167181839,6154.128605476777,6265.403318463068,849997,-1.6753874620118903,0
2021-05-03,6323.62841796875,6346.774595358617,6134.001421065411,6162.754552726656,834923,2.202724834431824,0
2021-05-04,6237.751953125,6372.172836069844,6212.592964338532,6363.978381202823,507170,-1.358025158463294,0
2021-05-05,6316.2001953125,6324.730196995153,6213.551427052519,6285.146908339745,499160,1.257636449429489,0
2021-05-06,6389.568359375,6430.158288044523,6302.398734622844,6316.10420602376,520125,1.1615870585759636,0
2021-05-07,6424.45556640625,6473.815107407802,6364.02625728756,6401.4053271722305,605050,0.546002563382264,0
2021-05-10,6482.87255859375,6491.642169891519,6383.290975840221,6397.763478608966,541534,0.9092909365419954,0
2021-05-11,6456.6591796875,6468.495978772832,6383.43463366747,6402.507450127467,406046,-0.4043482062824344,0
2021-05-12,6534.1962890625,6555.713401089874,6407.15556817044,6450.285261598663,770204,1.2008858949676293,0
2021-05-14,6456.419921875,6557.774713252622,6421.724756351753,6555.714165701482,647029,-1.1902973793072147,0
2021-05-17,6438.640625,6554.180099461859,6419.184059416079,6437.346640542043,995827,-0.2753739237864927,0
2021-05-18,6528.01513671875,6578.716397642778,6436.340663964997,6505.875132167712,805827,1.3880959805665505,0
2021-05-19,6494.27783203125,6570.0426120075535,6479.038766400018,6516.417836206172,432774,-0.5168080033658984,0
2021-05-20,6457.8095703125,6531.465601380424,6449.806521895568,6498.974188861227,470476,-0.5615445267660113,0
2021-05-21,6531.41748046875,6551.40100042253,6463.9435589349205,6498.207707243765,434363,1.1398278217220392,0
2021-05-24,6586.00048828125,6675.5184744415865,6519.293131823642,6519.293131823642,1027484,0.8356992639916516,0
2021-05-25,6624.52978515625,6659.225418544459,6601.7191541356115,6651.510181931143,438736,0.5850181296457091,0
2021-05-26,6741.93798828125,6757.944084739355,6624.721247159045,6638.139374685119,691574,1.7723250846887195,0
2021-05-27,6679.25634765625,6775.196054358977,6662.2440785991175,6730.149482771076,922091,-0.9297273385479476,0
2021-05-28,6680.31005859375,6754.109753645647,6652.036149450491,6698.137091515397,393809,0.015775872082968156,0
2021-05-31,6791.7763671875,6804.907149868715,6636.269862248599,6665.9336939911145,718277,1.6685798655461603,0
2021-06-01,6796.42529296875,6846.120380508412,6754.158097484099,6812.143577397407,642841,0.06844933534193576,0
2021-06-02,6886.08740234375,6898.547092212072,6769.87683337959,6769.87683337959,598862,1.3192539535122894,0
2021-06-03,6909.8564453125,6929.5044177279115,6867.253703294957,6900.751287363895,401590,0.34517486607359427,0
2021-06-04,6914.84033203125,6969.758622430631,6853.883603617185,6900.751111317456,575591,0.07212721071985229,0
2021-06-07,6973.25732421875,7024.246398266039,6911.390356407532,6920.878796265717,520482,0.8448060892584541,0
2021-06-08,7031.81787109375,7060.2836582847285,6991.994971425365,7013.367945170343,538816,0.8397875505269825,0
2021-06-09,6938.1298828125,7034.165518861858,6900.750815893079,7006.370828075622,443778,-1.3323437836235907,0
2021-06-10,6900.6552734375,6976.899270732463,6875.8795661179565,6956.340595555425,278027,-0.5401255094378388,0
2021-06-11,6923.56201171875,6942.922640290457,6887.716535638259,6942.922640290457,253689,0.3319501898526145,0
2021-06-14,6879.5224609375,6913.163719381461,6800.163534866208,6895.95957466536,322353,-0.6360822753765927,0
2021-06-15,6868.404296875,6928.402591621483,6858.867654385676,6882.684925276302,207625,-0.16161243931726021,0
2021-06-16,6818.56591796875,6894.761720826186,6776.15504656697,6868.165072658968,283007,-0.7256180147829361,0
2021-06-17,6679.68798828125,6804.045281907661,6643.027745651499,6766.570273622037,595255,-2.0367615618633206,1
2021-06-18,6670.10302734375,6699.335375117502,6537.50308736932,6699.335375117502,797389,-0.1434941415574431,0
2021-06-21,6613.1240234375,6637.1809026894425,6557.6305756247175,6584.466830538119,443795,-0.8542447346415405,0
2021-06-22,6963.43310546875,6996.5474084797415,6641.973197556726,6651.557574465177,1757310,5.297179983162614,0
2021-06-23,7123.7802734375,7168.155752957693,6939.136871128617,6964.104454683928,2227399,2.302702783815369,0
2021-06-24,7214.59228515625,7236.204868794668,7102.119523829934,7139.210783226022,1041762,1.274772778399158,0
2021-06-25,7331.08984375,7346.4248466915615,7226.620136210616,7226.620136210616,1216123,1.6147490251589014,0
2021-06-28,7280.53271484375,7378.053755322322,7256.715443301425,7378.053755322322,433364,-0.6896263718463636,0
2021-06-29,7176.30224609375,7285.084924548727,7142.80466143632,7280.292736070534,480219,-1.4316324482340659,0
2021-06-30,7203.52197265625,7328.789969968249,7181.190560954949,7193.554313956682,729267,0.379300169210639,0
2021-07-01,7269.1748046875,7288.918714922329,7183.538302519613,7188.282756333658,584331,0.9113990667406924,0
2021-07-02,7259.06298828125,7317.192137349387,7232.897360007195,7308.086979800783,434905,-0.13910542362702838,0
2021-07-05,7283.599609375,7370.385956426484,7267.83312192224,7280.5801562124825,484183,0.33801361323577694,0
2021-07-06,7202.61181640625,7339.668411989352,7176.254778794115,7284.126758262729,425103,-1.1119198928028373,0
2021-07-07,7139.78564453125,7265.916138313627,7124.690250892095,7215.118940670754,395336,-0.8722693028089257,0
2021-07-08,7093.58935546875,7186.3659384583025,7078.062477395914,7145.1531169920845,391940,-0.6470262744916466,0
2021-07-09,7117.07080078125,7138.347836285288,7038.191099665201,7074.228449692441,400686,0.3310234654956057,0
2021-07-12,7159.6259765625,7274.350695193344,7141.367456513621,7188.283171876946,496478,0.5979310445608954,0
2021-07-13,7121.52734375,7216.26899981455,7096.272417871251,7207.4511861685305,350032,-0.5321316076736138,0
2021-07-14,7022.2333984375,7139.402406928166,7006.179567008308,7126.9427168637185,460178,-1.3942787904850595,0
2021-07-15,7003.30419921875,7052.184521397504,6965.92512931735,7051.226083707725,430055,-0.2695609522600284,0
2021-07-16,6999.99755859375,7028.223736384076,6970.525598973702,7028.223736384076,281552,-0.047215436184666615,0
2021-07-19,6867.7333984375,6993.720227248351,6853.884253810631,6950.30318458241,386598,-1.889488661233485,0
2021-07-20,6932.09228515625,6963.049634533373,6847.510161240549,6881.582433028165,413816,0.9371197596778069,0
2021-07-22,6996.16357421875,7020.556000349979,6945.126767799824,6998.511933727719,439934,0.924270572676833,0
2021-07-23,6990.70068359375,7068.477806812983,6974.5509152783825,6996.594981658952,436330,-0.07808408947341805,0
2021-07-26,6935.0634765625,7054.101628742395,6881.582838909022,7003.30442951368,431758,-0.7958745417583568,0
2021-07-27,6939.32861328125,7015.764020471496,6863.228752886136,6940.334785679485,417171,0.06150104801727618,0
2021-07-28,6867.25341796875,7008.096016211506,6769.445044105835,6977.426011764192,739427,-1.0386479633570644,0
2021-07-29,6702.833984375,6833.6607290475085,6647.723817205262,6833.6607290475085,1519226,-2.394253183718731,1
2021-07-30,6687.69140625,6800.11596933031,6675.423122017597,6709.064381298403,715546,-0.2259130714008295,0
2021-08-02,6782.81591796875,6812.048268033199,6738.775518135805,6804.907719920952,433760,1.4223818944434363,0
2021-08-03,6900.17626953125,6920.878617405924,6791.585465540392,6828.82086370592,470570,1.7302600126828382,0
2021-08-04,6807.68701171875,6947.331571105895,6712.41839841218,6919.920159425421,484122,-1.340389784256668,0
2021-08-05,6778.41259765625,6828.955315645625,6757.626765946691,6821.286966710676,495133,-0.4300199761256174,0
2021-08-06,6849.06640625,6914.366533864541,6792.881451155125,6804.6971713252915,517575,1.042335614361689,0
2021-08-09,6830.69140625,6910.990069655276,6788.492408964945,6882.053614374096,264983,-0.26828473999365166,0
2021-08-10,6753.72119140625,6853.021186212195,6747.01739031411,6795.437917943932,356726,-1.126829046519695,0
2021-08-11,6772.57763671875,6843.4719550693635,6679.643289829569,6753.768940013486,414311,0.2792008254130174,0
2021-08-12,6763.41357421875,6833.632511358498,6737.370766673983,6773.059058494589,330283,-0.13531129492433402,0
2021-08-13,6753.9619140625,6799.9705964216055,6726.616869006741,6780.776174843481,431784,-0.13974689042052235,0
2021-08-16,6584.828125,6769.201479481044,6568.575388325151,6734.960007192418,750966,-2.504215913778618,1
2021-08-17,6641.30224609375,6696.860334711007,6507.230002607529,6558.92989716763,752517,0.8576400176542265,0
2021-08-18,6597.6083984375,6697.583757925977,6578.2208790718505,6697.583757925977,434144,-0.6579108439455528,0
2021-08-20,6608.02587890625,6669.515851871138,6539.639477677537,6573.398678521005,657982,0.15789782963198107,0
2021-08-23,6583.91162109375,6672.746633610509,6559.8944572398195,6660.207502902655,537302,-0.36492377987616953,0
2021-08-24,6562.0166015625,6609.086380389974,6501.635770734858,6548.802098607374,646993,-0.33255336327878693,0
2021-08-25,6473.51953125,6595.582961429751,6462.475262003411,6595.582961429751,722194,-1.3486261264780697,0
2021-08-26,6374.31591796875,6463.7777998582715,6357.339768558858,6462.475565065142,1199429,-1.5324525214198914,0
2021-08-27,6389.9892578125,6457.2665160390825,6366.020133268051,6394.715451293009,1428388,0.2458826962053795,0
2021-08-30,6555.939453125,6568.575132375592,6417.960981794384,6452.82931506501,819447,2.5970340264595437,0
2021-08-31,6603.3955078125,6628.377219495047,6523.771747425902,6578.220698043688,938326,0.7238635290458539,0
2021-09-01,6544.365234375,6578.220982010331,6464.74194152219,6558.88197235043,1108476,-0.893938177225051,0
2021-09-02,6552.08203125,6615.790748284095,6470.385048154442,6609.762319588835,741052,0.1179151315465532,0
2021-09-03,6619.79345703125,6711.329023126606,6512.246290305377,6529.993889992401,1196077,1.0334337308095742,0
2021-09-06,6604.1669921875,6707.470230133092,6595.582604781433,6679.498323795177,897444,-0.23605668281314607,0
2021-09-07,6633.3447265625,6684.2246607350735,6610.726346465512,6635.99723497908,743783,0.441807943522865,0
2021-09-08,6540.8447265625,6615.211512504965,6516.4898761520735,6609.183084185552,847767,-1.3944699667061466,0
2021-09-09,6561.1005859375,6576.726461340072,6501.057436762652,6510.7029225738725,515702,0.3096826208508041,0
2021-09-13,6630.017578125,6650.996509155852,6571.758468738406,6593.171635006562,508397,1.050387679396514,0
2021-09-14,6650.03173828125,6708.434962833132,6608.218465706208,6665.030279392803,817280,0.3018719018526461,0
2021-09-15,6664.06591796875,6692.037825860064,6636.094010077435,6692.037825860064,310138,0.2110392888309276,0
2021-09-16,6685.23779296875,6702.647705470241,6626.44837193561,6668.21313471241,556648,0.3177020644845818,0
2021-09-17,6765.77734375,6814.293944406337,6703.6120051840535,6708.434747633826,980793,1.2047372625392239,0
2021-09-20,6703.998046875,6766.7422116911985,6661.365284188923,6732.452228671953,550405,-0.9131145430328114,0
2021-09-21,6536.74560546875,6693.677844913622,6502.021857232528,6667.44193563564,1085249,-2.494816380267484,1
2021-09-22,6588.8310546875,6603.299282739075,6544.461821996001,6578.221020783011,548623,0.7968101003529071,0
2021-09-23,6603.974609375,6635.9973379915045,6579.185523763229,6624.519304677592,432740,0.22983674284267064,0
2021-09-24,6705.78271484375,6788.299655622879,6605.2285276349385,6607.157624751654,1649962,1.5416186689183098,0
2021-09-27,7140.98681640625,7183.9572639076505,6726.761272622442,6726.761272622442,2646138,6.489982155239593,0
2021-09-28,7160.6640625,7254.9001760869805,7073.517004191976,7183.957816488967,1346961,0.2755535978380852,0
2021-09-29,7122.2744140625,7200.354806277837,7032.523361362587,7128.495940495158,643556,-0.5361185513302336,0
2021-09-30,7077.90478515625,7145.423178755112,7042.216491396852,7122.9493875598655,625717,-0.622969943683227,0
2021-10-01,6908.3857421875,6964.040380709813,6838.649071915868,6964.040380709813,901588,-2.3950455412209637,1
2021-10-04,6916.10205078125,6959.169518890166,6878.966932835274,6925.458359794982,466994,0.11169481383515034,0
2021-10-05,7000.9345703125,7041.2044726044505,6901.971794078686,6910.797319189194,546004,1.226594386669988,0
2021-10-06,6944.0263671875,7023.360487922461,6910.267166874751,7013.136178776403,726695,-0.8128658046072768,0
2021-10-07,7226.8798828125,7287.164166119244,6969.104287392862,6978.460596550453,1646727,4.073335852547499,0
2021-10-08,7166.59521484375,7303.513060129443,7138.767896968776,7281.08730794302,630622,-0.8341728234908641,0
2021-10-11,7427.794921875,7537.753451192737,7156.756792591807,7157.142988769681,1069536,3.6446834124277405,0
2021-10-12,7421.04345703125,7475.251274013128,7359.553486874045,7415.3527147716795,406814,-0.09089460485597334,0
2021-10-13,7216.896484375,7475.202855948144,7172.912978463222,7465.6054099591065,1084436,-2.7509200537402356,1
2021-10-14,7231.1240234375,7291.9871319206095,7181.064047241923,7272.6961606721425,831546,0.19714206921637167,0
2021-10-18,7385.54833984375,7432.135847003805,7142.482102199682,7142.482102199682,913963,2.1355506544450176,0
2021-10-19,7384.24609375,7493.192042057966,7316.100832137928,7398.280557889291,658869,-0.017632354888597046,0
2021-10-20,7321.64697265625,7395.531486453972,7248.582419327698,7345.037275206975,488082,-0.8477388253180451,0
2021-10-21,7306.69677734375,7378.796785146324,7219.646266251011,7378.796785146324,563128,-0.20419169851173535,0
2021-10-22,7146.2431640625,7354.682185507598,7124.685411265546,7330.568473423967,224520,-2.195980183258417,1
2021-10-25,7003.20068359375,7133.8484906779095,6963.702235538695,7094.253964553039,248058,-2.0016458604164455,1
2021-10-26,7038.64794921875,7077.808711725955,6954.587643327236,7007.444711676629,292203,0.5061580729514459,0
2021-10-27,7095.46044921875,7196.738049513461,6987.189871760833,7026.7363633044815,1218064,0.8071507540919898,0
2021-10-28,7108.43359375,7262.761360803999,6978.556755511844,6992.97694463434,961511,0.18283724677343738,0
2021-10-29,7217.1376953125,7282.341268947866,7036.2368101921165,7089.431566459181,819875,1.5292272218464076,0
2021-11-01,7345.56787109375,7394.229536145142,7138.624158232481,7138.624158232481,1005690,1.7795167724826033,0
2021-11-02,7515.52099609375,7629.578859576034,7360.276722060768,7376.81910609945,1302733,2.3136825904066516,0
2021-11-03,7460.0595703125,7564.230812979048,7438.212640003015,7515.521111547005,656492,-0.7379584969568476,0
2021-11-04,7472.7431640625,7542.721442280583,7461.26513078512,7499.075621432799,53365,0.17002000628083547,0
2021-11-08,7412.169921875,7603.1505358146715,7400.016515884644,7484.848749707347,428433,-0.8105891084120964,0
2021-11-09,7308.9140625,7489.236587158484,7271.441731258057,7435.704147131786,632879,-1.3930584493249243,0
2021-11-10,7245.35107421875,7311.278062285932,7195.532235442355,7301.632576715634,562432,-0.8696639163863429,0
2021-11-11,7189.21484375,7299.22142154961,7178.170574056451,7245.688975048652,486991,-0.7747896533061072,0
2021-11-12,7214.67822265625,7276.5539150006725,7178.1699675815225,7263.050235943142,349666,0.35418859304763295,0
2021-11-15,7237.10400390625,7311.13310188847,7187.815480957774,7187.815480957774,314414,0.31083550170785124,0
2021-11-16,7764.95361328125,7840.574126376977,7267.921456508652,7277.518903092639,2619355,7.293657920213548,0
2021-11-17,7981.3974609375,8053.979733385072,7730.904034613785,7750.146964999886,2377268,2.787445468908434,0
2021-11-18,7829.384765625,8071.341851138266,7717.449100544856,7942.092352088012,1337493,-1.9045874617381164,0
2021-11-22,7585.59521484375,7897.5786190792805,7529.795989294613,7868.786751835044,672298,-3.1137766003225487,1
2021-11-23,7575.564453125,7671.971270885667,7528.30157329267,7570.838259335963,567198,-0.13223433935838358,0
2021-11-24,7397.55712890625,7617.956474479704,7365.871614571626,7586.656685374209,571078,-2.3497565801228193,1
2021-11-25,7304.0439453125,7445.7360340917485,7171.418518771665,7369.1509728870915,1007618,-1.2641089749526047,0
2021-11-26,6916.29541015625,7253.405129959557,6877.231193698356,7253.405129959557,1154876,-5.308682944125698,1
2021-11-29,6896.0400390625,6954.395227867771,6742.86991369425,6911.955090554847,733010,-0.29286445839207254,0
2021-11-30,6817.23583984375,6992.976768539426,6766.838179684276,6896.039642299674,1287938,-1.1427456739283026,0
2021-12-01,7015.40234375,7118.3678956278145,6877.278810828573,6936.068230008078,1669583,2.906845363161037,0
2021-12-02,7065.26953125,7094.688259699652,6988.780554698344,7026.735631334951,618573,0.7108243413070481,0
2021-12-03,6953.14111328125,7069.176111995203,6895.316241045942,7046.026947486009,603798,-1.5870366653784496,0
2021-12-06,6793.1708984375,6944.74960996639,6772.095418274171,6937.997770067812,609507,-2.300689893064156,1
2021-12-07,6931.82470703125,7004.358475444318,6839.8068695102165,6876.266616329748,637151,2.0410764084507482,0
2021-12-08,7171.32177734375,7232.040295745089,6897.5830926951785,6968.863134926042,930339,3.455036450497184,0
2021-12-09,7158.6376953125,7204.212611080818,7065.317629691658,7204.212611080818,615037,-0.17687230367102735,0
2021-12-10,7162.39990234375,7210.000467854146,7097.10024757868,7118.368354884763,431682,0.05255479032992838,0
2021-12-13,7249.9326171875,7307.32325583462,7161.772974031329,7219.645886952794,883009,1.2221143197422846,0
2021-12-14,7227.5068359375,7288.417982361446,7193.409950676778,7250.318314833076,749704,-0.3093239956028726,0
2021-12-15,7299.6552734375,7369.150806992017,7188.828269995364,7210.964847260775,529018,0.998247931655416,0
2021-12-16,7186.658203125,7350.824555983726,7143.446616141645,7322.370373540278,595582,-1.5479781726636,0
2021-12-17,7037.9248046875,7214.822908545069,6984.295812937813,7214.822908545069,1081907,-2.0695766270451776,1
2021-12-20,7028.279296875,7061.989984859454,6786.41875696994,6944.749301361654,867425,-0.13705045279932548,0
2021-12-21,7055.8173828125,7142.43412704457,7025.771789029176,7047.474131870082,415744,0.3918183210184001,0
2021-12-22,7160.56689453125,7189.744486524457,7046.509034921441,7046.509034921441,368978,1.4845836567980442,0
2021-12-23,7125.26416015625,7234.113549559475,7094.254020934659,7215.787128567258,249919,-0.4930159147310209,0
2021-12-24,7057.6982421875,7185.742061343465,6995.050625895686,7177.205712538874,357447,-0.9482584287411,0
2021-12-27,7031.07666015625,7070.140876458648,6931.438983259757,7019.116352322056,190180,-0.3771992102484467,0
2021-12-28,7038.74462890625,7098.112400601719,6997.895905799779,7060.4950091594765,214533,0.10905824414422227,0
2021-12-29,7089.47900390625,7103.899191332011,6983.764872689771,7038.9852703413335,287776,0.7207872664060977,0
2021-12-30,7024.083984375,7132.981426221989,6998.185760484558,7089.432151485633,296041,-0.9224234883158267,0
2021-12-31,7163.17138671875,7185.404041225903,7031.606594716379,7031.606594716379,313398,1.9801500473677125,0
2022-01-03,7257.16650390625,7336.307992429113,7156.95000703163,7156.95000703163,456599,1.3121997522183682,0
2022-01-04,7359.60205078125,7377.831924343636,7253.405160290776,7330.569044974721,495182,1.4115088419132116,0
2022-01-05,7499.7021484375,7531.194562242444,7335.970043296536,7354.537601611491,710043,1.9036368636450751,0
2022-01-06,7602.66796875,7619.402979733314,7411.542774081676,7506.116567893493,739981,1.3729321281639395,0
2022-01-07,7625.720703125,7663.144997823037,7557.7200315375585,7602.668087376784,523116,0.3032190077188135,0
2022-01-10,7837.53515625,7940.163019450067,7643.22667822749,7668.160350416427,827930,2.7776319297689422,0
2022-01-11,7855.138671875,7873.079368799457,7783.231296091281,7812.843124469942,688923,0.2246052524684572,0
2022-01-12,7881.0849609375,7909.298005652786,7827.311379984434,7909.298005652786,288174,0.3303097519512965,0
2022-01-13,7790.70703125,7967.171384876057,7670.090417982374,7885.184754402151,684931,-1.1467701482150927,0
2022-01-14,7797.603515625,7856.247878620297,7669.125461376302,7669.125461376302,299536,0.08852193192911972,0
2022-01-17,7972.47607421875,8072.210771493286,7812.939837558697,7836.7639042632945,862249,2.2426449131882187,0
2022-01-18,7634.5458984375,7956.512467488479,7611.734420807309,7956.512467488479,785199,-4.238710441214655,1
2022-01-19,7731.53173828125,7774.261049207993,7581.351345753701,7647.905193445432,681632,1.2703550562660038,0
2022-01-20,7751.4501953125,7851.425562986054,7714.0254272454,7716.388759691453,522850,0.2576262725874523,0
2022-01-21,7899.2666015625,7951.737946510738,7577.541162252774,7687.451653771298,1041476,1.9069516351841953,0
2022-01-24,7766.833984375,8037.389848595177,7670.861405088342,7898.687957572291,1153538,-1.6765178828285654,0
2022-01-25,8297.625,8356.848657893428,7608.262432190567,7706.742933583621,2162832,6.834071858531088,0
2022-01-27,8507.51171875,8653.592792069949,8102.25624917696,8349.13265082538,2899559,2.529479444419347,0
2022-01-28,8247.806640625,8613.41858138253,8220.219986834129,8483.204526680778,1045088,-3.0526561315528555,1
2022-01-31,8292.513671875,8410.86397607352,8249.591258235634,8319.231857068131,561419,0.5420475187887241,0
2022-02-01,8255.95703125,8479.152995029062,8054.944741629783,8384.820337562891,819689,-0.4408390757194125,0
2022-02-02,8213.3720703125,8375.175090164521,8141.0309287989285,8275.537412974885,580433,-0.5158088974580366,0
2022-02-03,8288.9931640625,8486.098286821052,8220.55825489098,8246.890242364174,810019,0.920707026330092,0
2022-02-04,8247.4208984375,8372.281903930018,8191.042844002474,8333.60388158843,404421,-0.50153576920825,0
2022-02-07,8209.8994140625,8309.585122299055,8102.207199920146,8242.066728966387,446099,-0.454948096344987,0
2022-02-08,8294.5869140625,8477.512974730878,8136.979309965948,8311.225375942955,998182,1.0315290812813238,0
2022-02-09,8632.177734375,8671.096884941371,8316.336177250763,8316.336177250763,1403525,4.070013658427696,0
2022-02-10,8493.2841796875,8729.164338137967,8478.28563819102,8729.164338137967,811887,-1.609021025301638,0
2022-02-11,8427.40625,8550.723412797499,8365.819256193276,8428.225739540276,671572,-0.775647303136906,0
2022-02-14,8069.798828125,8309.633243946644,8029.866144037359,8198.662129047154,995540,-4.2433865327781035,1
2022-02-15,8317.0126953125,8357.089497850706,8060.249691408884,8111.853037126633,682766,3.063445228967865,0
2022-02-16,8278.6708984375,8426.681039168241,8241.101549777157,8410.862068592793,422704,-0.4610044288691495,0
2022-02-17,8249.2529296875,8351.35001067624,8222.77588522295,8271.003309769712,305313,-0.35534651770675607,0
2022-02-18,8265.3115234375,8339.437634988031,8218.000611628,8246.88902531557,385273,0.19466724910577327,0
2022-02-21,8307.3671875,8414.9623860113,8144.261468370386,8241.150555136834,626049,0.5088212820925753,0
2022-02-22,8317.1083984375,8352.796691997894,8087.593900516814,8193.839291771326,620828,0.11725990578768108,0
2022-02-23,8390.4619140625,8478.332843091273,8348.359939352207,8381.926037050067,557954,0.8819593554747929,0
2022-02-24,7919.08837890625,8282.81924767348,7865.8931514486285,8104.136635005687,947351,-5.617968831563647,1
2022-02-25,8059.8642578125,8165.868526756862,7918.509847500662,7967.171513230768,1344343,1.7776778357623702,0
2022-02-28,8019.40185546875,8044.287020141133,7826.443631808321,8005.753116451268,961303,-0.5020233722240364,0
2022-03-02,7537.17529296875,7908.33337801111,7488.754768493506,7907.07965331358,1783011,-6.013248508941482,1
2022-03-03,7326.27685546875,7658.467766690633,7290.5405185923655,7643.083028289462,1050154,-2.7981097599884985,1
2022-03-04,6990.3720703125,7252.633181037174,6877.230721032281,7216.75178888689,2511658,-4.584931634210787,1
2022-03-07,6529.0771484375,6780.631691875622,6491.411716095793,6744.123435206803,2469925,-6.599003847507334,1
2022-03-08,6565.00634765625,6611.980048570581,6304.819386591054,6467.297771796608,2840376,0.550295216336183,0
2022-03-09,6777.73828125,6827.171395958099,6536.745724425194,6630.306936653207,1827539,3.2403918949704735,0
2022-03-10,6956.130859375,7137.514491957839,6922.853935285613,6997.799544014441,1535070,2.6320369822851797,0
2022-03-11,6850.75390625,6944.7493479660625,6829.003525499962,6944.7493479660625,1024452,-1.5148788206446717,0
2022-03-14,7057.35986328125,7074.9628724731565,6763.413723487631,6800.066564544752,1023874,3.0158134397845204,0
2022-03-15,7157.046875,7349.860038239408,7058.566372681888,7061.460018366234,1586111,1.4125255570062611,0
2022-03-16,7220.4169921875,7326.469288434,7176.240859157945,7301.632164492694,584457,0.8854226931062303,0
2022-03-17,7420.27197265625,7467.486812424012,7263.050559482849,7305.4906955541965,1133271,2.7679146603997173,0
2022-03-21,7432.376953125,7658.515550949162,7378.796469113488,7565.918889375974,1354525,0.1631339189905212,0
2022-03-22,7491.310546875,7532.159270227099,7269.464390881629,7441.443671784276,1093502,0.792930634730804,0
2022-03-23,7373.8291015625,7584.052176162323,7341.179038840549,7523.4787154061605,808597,-1.568236219515784,0
2022-03-24,7289.04541015625,7383.619207832918,7259.530130101874,7329.8936647905375,565485,-1.1497919227377307,0
2022-03-25,7152.56103515625,7274.913630001259,7123.1903462879245,7248.5816455455315,686637,-1.8724588381604623,0
2022-03-28,7212.267578125,7271.731905200948,7150.198781437143,7161.773364652744,599515,0.8347575459374701,0
2022-03-29,7175.4208984375,7294.976873715066,7138.623467259987,7267.872966599649,446257,-0.5108889719962262,0
2022-03-30,7329.21826171875,7359.456951121516,7224.468201347481,7254.369204584033,589206,2.143391523063687,0
2022-03-31,7293.24072265625,7381.448875457508,7261.121444506108,7329.170155946347,434317,-0.4908782598331718,0
2022-04-01,7427.0712890625,7454.995155774028,7250.848565439871,7305.490142299455,449386,1.8349945037534399,0
2022-04-04,7499.171875,7517.691395540606,7361.096844319723,7378.796404398978,491029,0.9707808519850758,0
2022-04-05,7486.68115234375,7619.933438469116,7455.960187261552,7505.152162623821,488132,-0.16656135990015253,0
2022-04-06,7469.65625,7570.7407385643055,7402.9093092726525,7464.640409701766,393628,-0.22740252987026865,0
2022-04-07,7369.6328125,7473.321776225378,7350.872155791076,7388.200371120591,458566,-1.3390634609189656,0
2022-04-08,7290.00927734375,7456.441926999986,7248.967457474619,7435.511036869695,849846,-1.0804274403087843,0
2022-04-11,7297.1953125,7346.53187533021,7219.645705330323,7344.892425421261,496254,0.09857374500994442,0
2022-04-12,7348.2685546875,7438.116158104331,7234.1141393739845,7272.696081450646,598047,0.6999023597465293,0
2022-04-13,7204.6953125,7431.798454409791,7176.241130597765,7348.268456733102,527991,-1.9538377118227923,0
2022-04-18,7305.00830078125,7329.604288325968,7094.254446721608,7113.063143079333,551783,1.3923279740533756,0
2022-04-19,7171.51513671875,7405.803889188246,7089.431959564158,7311.2781297273905,425990,-1.827419745001846,0
2022-04-20,7394.90380859375,7426.058535218702,7207.684859783907,7233.148844733738,542622,3.1149438802859253,0
2022-04-21,7599.87109375,7619.740417025317,7413.568165271199,7436.476193243879,772708,2.7717370024212373,0
2022-04-22,7624.2734375,7732.44745501631,7456.924276717376,7512.8680883911065,960818,0.3210889164958042,0
2022-04-25,7631.845703125,7714.459191040411,7533.124066269768,7533.124066269768,701521,0.09931786532937359,0
2022-04-26,7626.44384765625,7781.495018935314,7552.414750327054,7716.387995225598,801963,-0.07078045965391855,0
2022-04-27,7512.2890625,7586.17356804989,7446.314042637654,7572.669889734226,570519,-1.4968285014165805,0
2022-04-28,7608.50390625,7658.515845100174,7491.359761957607,7565.9191799704995,561932,1.2807659948854688,0
2022-04-29,7444.1923828125,7664.784817829927,7355.647017022718,7637.295184996838,1162749,-2.159577302740512,1
2022-05-02,7364.0869140625,7475.251132517027,7276.843310843641,7393.264507192646,544053,-1.0760800450959729,0
2022-05-04,7135.6328125,7472.356767212295,7095.700601264652,7378.795568500589,599211,-3.102273292378488,1
2022-05-05,7145.0380859375,7270.7670856253635,7118.513000390312,7185.886811874364,524174,0.1318071386888553,0
2022-05-06,7021.18994140625,7098.98068675932,6902.936196517768,7054.708003083465,650559,-1.733344777755652,0
2022-05-09,7099.3662109375,7161.290413678111,6877.230877436182,6946.196095912575,570578,1.1134333379904549,0
2022-05-10,7249.45068359375,7306.4555996944755,7089.576754135089,7089.576754135089,663616,2.114054525388842,0
2022-05-11,7134.23486328125,7291.552345136006,7086.152026887302,7252.4400922766345,605312,-1.5893041464954738,0
2022-05-12,6996.498046875,7064.306097866222,6955.1670440562,6965.487902742928,571754,-1.9306459493667494,0
2022-05-13,6850.17578125,7079.786375798791,6811.979564374384,7079.786375798791,703097,-2.0913643460581666,1
2022-05-16,6990.662109375,7046.3647876928835,6896.522077452228,6903.273917248334,369545,2.0508426734031193,0
2022-05-17,7265.7509765625,7315.762912024575,6997.847622422591,7021.913296628403,811448,3.9350903088075873,0
2022-05-18,7298.30517578125,7369.29604844158,7243.374414428446,7297.774862428398,576970,0.44805002708958597,0
2022-05-19,7142.0478515625,7258.227914002938,7123.239154642492,7185.886772002908,363255,-2.141008363657848,1
2022-05-20,7317.6435546875,7377.7347362921055,7185.886138807264,7253.934845330682,742204,2.458618407136326,0
2022-05-23,7617.47412109375,7672.839113571493,7500.426060564373,7523.575225723371,1161175,4.097365007813014,0
2022-05-24,7526.03466796875,7660.39656389671,7515.0869477051365,7638.25998623139,581609,-1.2003907288873128,0
2022-05-25,7511.18017578125,7580.868803692283,7423.213165725245,7562.060108269929,454335,-0.19737475101890833,0
2022-05-26,7528.30078125,7562.011938543521,7349.859314942345,7523.47803891736,476799,0.22793495919526396,0
2022-05-27,7661.36083984375,7683.496945750453,7555.30854189563,7644.047005556347,431411,1.767464697015697,0
2022-05-30,7729.79541015625,7774.2611918122975,7669.125401501188,7697.290407110532,389517,0.8932430118236745,0
2022-05-31,7683.931640625,7812.843463579871,7619.933748429751,7729.795737013547,2494005,-0.5933374312984907,0
2022-06-01,7657.9365234375,7782.845558375066,7600.738983858337,7692.322584421101,522004,-0.3383048991490667,0
2022-06-02,7644.4326171875,7689.380671655037,7577.107320016231,7644.046891980202,352848,-0.17633870702206123,0
2022-06-03,7431.89404296875,7711.565061836095,7408.696840520706,7668.160380437393,591905,-2.780305417839446,1
2022-06-06,7437.19970703125,7501.197598147985,7322.322350372092,7417.378422522003,606990,0.07139046966795348,0
2022-06-07,7532.544921875,7542.769230115125,7287.163878966722,7345.084827697067,991192,1.2820042300815127,0
2022-06-08,7612.65087890625,7640.188549764912,7446.989676605767,7546.627346718933,813596,1.0634647102948813,0
2022-06-09,7648.7255859375,7726.034059769587,7552.5118659047885,7569.777191145034,687937,0.473878384876536,0
2022-06-10,7653.78955078125,7705.007174703463,7548.557206241921,7548.557206241921,442921,0.0662066482429502,0
2022-06-13,7621.4765625,7684.895626713717,7517.449912025211,7571.65772640311,565826,-0.4221828685889606,0
2022-06-14,7534.7158203125,7621.284055362326,7475.251494553251,7528.301666450081,553462,-1.1383718296056888,0
2022-06-15,7575.0341796875,7647.905635995724,7538.911647237051,7538.911647237051,604566,0.5351012611027439,0
2022-06-16,7555.88720703125,7740.501695327489,7528.301025798261,7656.585976013658,1319566,-0.2527641750791454,0
2022-06-17,7415.59375,7571.416848933662,7375.082711394333,7528.301340886387,1317656,-1.8567436647373148,0
2022-06-20,7389.3583984375,7508.142458110326,7355.647238245194,7426.830732807565,1043423,-0.35378625700066557,0
2022-06-21,7504.7666015625,7562.060691690552,7354.827339893077,7441.444082949362,954884,1.561816289075968,0
2022-06-22,7506.83984375,7590.032151934567,7443.035054623504,7475.2508803523815,796824,0.02762567175731423,0
2022-06-23,7977.78076171875,8022.921443799289,7526.37205702955,7533.123896629602,1676430,6.273490946537819,0
2022-06-24,8066.71337890625,8092.5630940841675,7946.240876926683,8015.39920284141,1156788,1.1147538374862487,0
2022-06-27,8149.2294921875,8243.707210241195,8093.76795103635,8144.647886614144,921090,1.0229211006433259,0
2022-06-28,8188.7275390625,8237.148061856551,8083.9289683977695,8116.916715285629,691242,0.48468443443476783,0
2022-06-29,8207.248046875,8227.599645775323,8073.271868128892,8092.514801292581,655413,0.2261707661434853,0
2022-06-30,8170.44970703125,8328.49061166368,8136.545448401958,8198.662752385046,1130302,-0.44836392946306924,0
2022-07-01,8104.71484375,8150.434819395318,8011.153639314338,8140.789334401951,530569,-0.8045440047771191,0
2022-07-04,8144.02099609375,8167.411299503191,8025.044303775507,8104.715640879946,625431,0.4849788438153535,0
2022-07-05,8052.72705078125,8206.90976705529,8039.512546629347,8197.216242055129,610290,-1.120993491498723,0
2022-07-06,8324.1025390625,8345.708804692193,8073.271861549359,8080.023701815887,976098,3.369982449050246,0
2022-07-07,8301.291015625,8391.572383107867,8272.16146103318,8386.749640358954,547662,-0.27404183610728605,0
2022-07-08,8175.46484375,8350.048117910472,8145.611880028661,8314.407863332985,686327,-1.5157422097137108,0
2022-07-11,8206.0419921875,8222.776533046888,8117.736817331827,8152.075311479581,536114,0.3740111299099569,0
2022-07-12,8121.20849609375,8196.202135525571,8079.29867898111,8193.83880351524,424358,-1.0337931023813307,0
2022-07-13,8140.98291015625,8187.233201801526,8083.881447256751,8154.293491839706,413855,0.2434910281149838,0
2022-07-14,8264.0107421875,8282.915516768653,8150.43515175914,8164.855340800639,606496,1.511215947619382,0
2022-07-15,8466.85546875,8487.062949876195,8272.161714780965,8291.259588264094,631246,2.4545554560690963,0
2022-07-18,8396.2021484375,8529.502948321771,8376.139726702055,8489.956457212285,478682,-0.8344694269705188,0
2022-07-19,8406.8603515625,8486.966864564503,8360.17676552595,8391.524594328766,478458,0.12694076365209472,0
2022-07-20,8438.8837890625,8551.157623526165,8411.056938568972,8464.39628806789,398132,0.3809202979569992,0
2022-07-21,8485.1328125,8518.795930569939,8412.839716950451,8481.274618655507,421090,0.5480466918793558,0
2022-07-22,8517.8798828125,8573.871735627083,8479.345981313723,8536.25434360442,415294,0.38593468170891043,0
2022-07-25,8315.951171875,8544.549171901732,8189.016962982915,8515.51663812658,623462,-2.370645204154087,1
2022-07-26,8223.595703125,8319.617262786342,8171.027808269397,8316.337421009406,429454,-1.110582143175054,0
2022-07-27,8351.1572265625,8398.75826154491,8160.080540101201,8252.242963486655,1298855,1.551164819411377,0
2022-07-28,8411.8759765625,8459.23587571831,8322.896372476212,8391.572417893802,725196,0.7270698940605724,0
2022-07-29,8462.5146484375,8625.95758680738,8420.508747940114,8453.97877064162,821432,0.6019902339988281,0
2022-08-01,8684.2177734375,8762.924567237074,8509.82662233224,8536.25563236633,1009408,2.619825598067771,0
2022-08-02,8847.8515625,8870.8076287566,8636.567398788253,8666.468402737597,848311,1.8842663016006789,0
2022-08-03,8698.72265625,8878.630080711957,8597.894209741975,8878.630080711957,753729,-1.6854815566985315,0
2022-08-04,8705.7607421875,8784.69464569483,8573.038651799883,8761.393068385294,643264,0.0809094187230297,0
2022-08-05,8583.9130859375,8723.722552646597,8553.62084518847,8705.857630420762,558385,-1.3996210079555094,0
2022-08-08,8662.3125,8736.149179127979,8583.718036527056,8583.912405955258,520993,0.9133295418721987,0
2022-08-10,8621.29296875,8737.606491852412,8569.155497204221,8678.478357124777,445375,-0.4735401920676452,0
2022-08-11,8557.359375,8736.150838601623,8470.124462765121,8695.081992836633,508318,-0.741577788641945,0
2022-08-12,8446.044921875,8558.474838462274,8422.548976024982,8558.474838462274,712782,-1.3008037672252115,0
2022-08-16,8741.6845703125,8776.9280186347,8451.725169731442,8482.891600276735,963726,3.500332417979468,0
2022-08-17,8684.060546875,8806.054391881047,8660.419534242441,8747.800448825605,623749,-0.6591867159471354,0
2022-08-18,8687.3134765625,8750.130833693996,8618.670725226728,8665.273878860937,442229,0.03745862514363818,0
2022-08-19,8523.474609375,8707.022889557931,8461.385424007289,8694.838295816457,572597,-1.885955510060977,0
2022-08-22,8376.916015625,8512.30806181129,8351.867012717406,8496.336584693368,488485,-1.7194700573026855,0
2022-08-23,8466.7255859375,8502.163403022154,8314.779877067685,8356.528538290702,558231,1.0721078036950882,0
2022-08-24,8450.7060546875,8516.727195739746,8343.90715004416,8407.986492830165,442582,-0.1892057453309559,0
2022-08-25,8481.677734375,8577.893454877401,8427.404096019904,8467.210958685435,525721,0.3664981302990755,0
2022-08-26,8466.822265625,8575.708978348455,8452.8418875481,8543.912032998376,398063,-0.17514776221445594,0
2022-08-29,8577.1171875,8602.069484489366,8340.023432989312,8352.256382632386,459057,1.3026719873735049,0
2022-08-30,8817.9482421875,8897.319242633295,8611.874910754837,8626.244027628834,1016312,2.8078321587873267,0
2022-09-01,8761.87890625,8964.942831769546,8680.808831600782,8689.49856815299,888864,-0.635854672737235,0
2022-09-02,8660.03125,8883.630071681207,8643.040515716848,8763.820743249975,632909,-1.1623951590719939,0
2022-09-05,8689.595703125,8754.403221054095,8616.729911921098,8641.00239054623,386455,0.34138968176355977,0
2022-09-06,8630.0791015625,8760.179576838482,8611.874744014556,8722.848317998105,397902,-0.6849179593142241,0
2022-09-07,8529.251953125,8615.321590162988,8505.07618607834,8606.04969331032,496785,-1.1683224133976378,0
2022-09-08,8534.833984375,8626.53463974913,8524.493530391064,8572.067583123315,428924,0.06544573053623992,0
2022-09-09,8685.6630859375,8727.411745974981,8475.94888667945,8577.553853679285,632296,1.7672177553614832,0
2022-09-12,8667.84765625,8750.033695485483,8644.885513471248,8708.86814287895,383641,-0.20511306403703244,0
2022-09-13,8666.7294921875,8727.459031986495,8651.583847798667,8711.196474545824,405093,-0.012900135152860148,0
2022-09-14,8706.24609375,8738.091392752645,8568.863879075056,8602.019512529176,509547,0.45595748197888586,0
2022-09-15,8941.7373046875,9053.633417433799,8767.218204764313,8767.266560086897,1392132,2.704853600526569,0
2022-09-16,8922.2236328125,9044.799648848075,8757.558570305428,8941.495601422796,1056382,-0.21823132586069605,0
2022-09-19,9010.767578125,9071.54642423058,8806.053903840548,8908.289378608135,727024,0.9923977357714886,0
2022-09-20,9030.1865234375,9155.578521577434,8980.816683413708,9067.226703394661,747257,0.21550822551057447,0
2022-09-21,8978.7783203125,9124.50989846724,8943.388857881135,9029.361785033554,440725,-0.569292815730571,0
2022-09-22,9128.2470703125,9160.4327538402,8918.678884660952,8931.30057261007,511112,1.6646891666972197,0
2022-09-23,9071.546875,9175.966877699775,9007.369879215528,9124.460872972135,574213,-0.6211509709997287,0
2022-09-26,8577.8447265625,9000.525247497377,8543.911615234638,9000.525247497377,865432,-5.44231491321594,1
2022-09-27,8518.716796875,8649.691460696517,8418.180387789052,8631.292733688331,686285,-0.6893098624693228,0
2022-09-28,8472.7939453125,8592.45726255658,8408.034783998733,8466.24037621394,663740,-0.5390817966779538,0
2022-09-29,8373.8583984375,8543.911748461194,8353.712242894253,8515.173515473816,817007,-1.1676850341643785,0
2022-09-30,8571.244140625,8613.817691232303,8309.149712296052,8415.75425468909,658982,2.3571659896270747,0
2022-10-03,8298.2744140625,8708.964723779178,8262.351148200758,8708.964723779178,1123076,-3.1847153351834856,1
2022-10-04,8437.5986328125,8503.668126972147,8378.859237232826,8445.85127516667,503140,1.6789541029626154,0
2022-10-06,8449.734375,8568.184058298863,8437.598136957084,8479.832245346433,474445,0.1438293371802013,0
2022-10-07,8523.619140625,8588.183924950521,8457.501297137043,8495.366358621184,428616,0.8744034113498333,0
2022-10-10,8604.4970703125,8618.13801384287,8406.044903316746,8422.550188989695,411218,0.9488684132075154,0
2022-10-11,8431.4326171875,8592.455831103944,8412.839522770133,8554.590771509249,422610,-2.0113256092806675,1
2022-10-12,8433.8115234375,8466.239931791491,8340.605212261815,8444.880152147065,380365,0.028214733580989027,0
2022-10-13,8397.83984375,8529.785406344867,8341.964792016925,8412.840423978894,355605,-0.42651747181609023,0
2022-10-14,8366.529296875,8511.484354520344,8355.849405917097,8505.076799203092,274160,-0.37284048585782825,0
2022-10-17,8469.9296875,8495.076354363522,8317.74124803097,8359.441555523788,304671,1.2358815340982598,0
2022-10-18,8551.046875,8629.592982866981,8497.356350263954,8509.978037185145,369973,0.9577079207601091,0
2022-10-19,8465.6083984375,8597.311236100028,8441.967385419506,8593.816378717163,385416,-0.9991580891959506,0
2022-10-20,8454.0078125,8484.88221647866,8360.412753250255,8446.822779384185,328270,-0.13703192247400686,0
2022-10-21,8450.025390625,8538.086122821365,8389.538570309236,8475.948584515638,356203,-0.04710691027647318,0
2022-10-24,8510.3671875,8533.037300847083,8491.336997412618,8533.037300847083,30052,0.7141019592905362,0
2022-10-25,8742.9462890625,8754.597078120662,8541.388017613752,8563.329957749167,727441,2.7328915008991705,0
2022-10-27,8778.8212890625,8812.802757493555,8642.94377066445,8786.636837172913,849108,0.41033078339827167,0
2022-10-28,9216.3076171875,9272.037602094768,8787.607329905411,8830.326888243257,1873029,4.983429024464403,0
2022-10-31,9250.337890625,9484.713312742115,9176.064109437082,9369.17631978313,1932020,0.3692397742240727,0
2022-11-01,9179.4619140625,9356.457571999075,9102.178727801758,9354.61248451946,805517,-0.7661987853906482,0
2022-11-02,8960.81640625,9179.462121967295,8941.980584718545,9170.14186999638,788679,-2.381898959431872,1
2022-11-03,8970.2333984375,9039.070523139704,8897.707994967608,8941.980614190836,616860,0.10509078370282143,0
2022-11-04,8960.9130859375,9052.663049274744,8923.581826569969,8988.486999150275,465775,-0.1039026755047856,0
2022-11-07,9061.6923828125,9080.624915267537,8984.99135389209,9007.030953096686,469017,1.124654328286634,0
2022-11-09,8984.21484375,9204.9483754156,8951.689723820717,9204.462925864418,617256,-0.855000763537872,0
2022-11-10,8832.51171875,8981.544728596726,8807.02561771758,8933.242499020995,445700,-1.6885518394023524,0
2022-11-11,8823.0927734375,8971.106511516497,8786.635706626006,8932.270552592183,461074,-0.10663948843119275,0
2022-11-14,8886.0078125,8896.396622281125,8730.858329198512,8835.181624937073,282822,0.71307239624534,0
2022-11-15,8895.5712890625,8935.71758472611,8864.308150643998,8922.562092488319,359888,0.10762399453494442,0
2022-11-16,8869.1142578125,8983.24324882681,8835.035133072926,8893.43508881422,350737,-0.2974180116181002,0
2022-11-17,8724.9365234375,8902.75612709297,8708.965043400302,8836.15282720024,409572,-1.6256159316923702,0
2022-11-18,8590.5625,8761.344009235847,8578.863356961054,8747.799778884008,515615,-1.540114625207134,0
2022-11-21,8607.21484375,8669.352385809261,8530.319445822935,8568.184510515297,520644,0.1938446260067339,0
2022-11-22,8615.515625,8674.93483773057,8601.24321903799,8616.729248837864,455948,0.09643980545028796,0
2022-11-23,8674.498046875,8727.41204805634,8642.943825987044,8679.837991948347,621006,0.6846069863055915,0
2022-11-24,8706.1484375,8733.140189435924,8661.390370832612,8707.89681429394,455343,0.3648671133934078,0
2022-11-25,8757.0244140625,8815.763809489163,8687.119679009282,8738.091881652254,545439,0.5843683567737346,0
2022-11-28,8723.9169921875,8839.161954726167,8689.54678542123,8765.276913830487,439956,-0.3780670272179987,0
2022-11-29,8650.90625,8762.122563840929,8629.352098109994,8723.52932060287,606692,-0.8369032196533177,0
2022-11-30,8712.9951171875,8757.510464626592,8611.87558993768,8664.304144825688,1087650,0.7177151779618418,0
2022-12-01,8697.4599609375,8762.364185089828,8670.128772615197,8756.587145942953,694489,-0.17829869110513874,0
2022-12-02,8559.30078125,8669.061687248786,8499.979223211922,8563.330391927713,971612,-1.5885003243246598,0
2022-12-05,8536.193359375,8595.564219410166,8509.930727989231,8586.631757939163,519621,-0.2699685694609433,0
2022-12-06,8463.666015625,8543.911197206182,8441.918446918244,8521.77488964213,551379,-0.8496450431309199,0
2022-12-07,8407.1611328125,8493.279122539667,8389.538935284545,8466.239962467449,546450,-0.6676171142408593,0
2022-12-08,8430.025390625,8457.501644175036,8355.605599012373,8412.840287771402,476001,0.2719616937429947,0
2022-12-09,8362.693359375,8508.716962847233,8296.769879563164,8453.618439082684,790406,-0.798716826225454,0
2022-12-12,8407.7431640625,8440.316638010012,8267.496604729244,8358.470036596214,445039,0.5386997077561961,0
2022-12-13,8369.8291015625,8444.247940160652,8359.440292754642,8409.92704016733,330236,-0.45094220601382684,0
2022-12-14,8390.12109375,8425.171119354329,8345.896830372862,8398.2770252632,343670,0.2424421328233839,0
2022-12-15,8334.34375,8421.189914536635,8325.4596441252,8389.538983660157,472176,-0.6647978393488296,0
2022-12-16,8238.85546875,8338.081547309217,8200.21387384416,8310.410922705314,624222,-1.145720456394661,0
2022-12-19,8353.4697265625,8370.558119371977,8205.068180440669,8251.476967149069,464106,1.3911429596893843,0
2022-12-20,8276.2841796875,8334.587434904843,8186.670373552277,8334.587434904843,694906,-0.9239938540695714,0
2022-12-21,8107.39599609375,8317.644000662416,8047.102594791698,8276.283131278393,800720,-2.040628136093403,1
2022-12-22,8091.81201171875,8140.017528174884,8046.811220600363,8113.463818763955,580858,-0.1922193560362495,0
2022-12-23,7904.67236328125,8087.54130718741,7886.468004797199,8058.1716088331395,503012,-2.3127038562744673,1
2022-12-26,8016.51904296875,8103.123427388151,7841.029040632253,7909.914517485175,315102,1.4149439033937616,0
2022-12-27,8063.75390625,8073.025802780812,7991.275911096266,8057.443062267068,423308,0.5892191240121747,0
2022-12-28,8175.98974609375,8207.495611785942,8046.423070465984,8073.026085290128,538632,1.3918559661990626,0
2022-12-29,8190.31005859375,8203.126115748555,8090.50182536782,8126.425090403055,452134,0.17515081286447742,0
2022-12-30,8150.3095703125,8242.933727854706,8118.901362279507,8223.51574498579,433976,-0.48838796083524594,0
2023-01-02,8158.75537109375,8207.980139986395,8094.967117211773,8121.5701290497045,398159,0.10362552131779612,0
2023-01-03,8138.80419921875,8157.494006362583,8062.49191138502,8136.134226769631,493207,-0.24453695407619103,0
2023-01-04,8177.68896484375,8288.614189934988,8069.190987566324,8132.251075397912,566744,0.47777000985884666,0
2023-01-05,8214.8740234375,8228.369900230444,8145.891831778754,8199.19457180585,417716,0.45471353524950686,0
2023-01-06,8139.0947265625,8237.058815572782,8107.006704027368,8213.805594739106,368978,-0.9224645035188273,0
2023-01-09,8133.22119140625,8201.135768326225,8082.831152385896,8179.678330831971,613406,-0.07216447717559582,0
2023-01-10,8051.81201171875,8165.261188932978,8022.442314814442,8136.134216796476,493677,-1.0009463381313033,0
2023-01-11,8043.36474609375,8092.104067557962,8009.092199591137,8092.104067557962,327536,-0.10491136172461335,0
2023-01-12,8125.6484375,8133.221260385428,8019.626072673228,8073.025519888365,283772,1.0230008709503302,0
2023-01-13,8207.3984375,8252.69030945622,8107.977995171599,8152.639351629256,705220,1.0060735537452237,0
2023-01-16,8136.2314453125,8266.526298591705,8100.793626957492,8233.224647958064,500575,-0.8671078019355627,0
2023-01-17,8232.5927734375,8246.13700529589,8099.386177550274,8165.115287060325,409248,1.1843484145293903,0
2023-01-18,8246.865234375,8288.954278856521,8217.980986417417,8226.427998137942,402883,0.17336532159770712,0
2023-01-19,8254.244140625,8271.08885958494,8210.407670041088,8232.252898276874,184776,0.08947528594553944,0
2023-01-20,8194.1943359375,8252.642653535986,8167.203529593497,8215.79684170705,346337,-0.7275021633047163,0
2023-01-23,8172.154296875,8235.166026654724,8134.0958113148245,8233.224228487628,410827,-0.2689713980279729,0
2023-01-24,8445.6572265625,8464.298679628822,8172.05803927917,8204.09771081252,1039571,3.346766589956407,0
2023-01-25,8528.474609375,8575.951955759909,8427.695470009296,8493.32881962791,1131883,0.9805913334018701,0
2023-01-27,8483.23046875,8630.321675160945,8369.24654076223,8571.5339271779,743546,-0.5305068338394836,0
2023-01-30,8560.41796875,8607.021128838465,8464.29895106754,8523.523800346631,1036998,0.9098833314070465,0
2023-01-31,8636.4384765625,8683.575437703681,8573.23332512745,8599.156520431907,643670,0.8880466828841138,0
2023-02-01,8513.66796875,8767.655735482958,8421.481860156522,8676.92502735736,707460,-1.42154092969774,0
2023-02-02,8612.0205078125,8679.83742656914,8496.434218466187,8509.93009439357,456995,1.155231087511388,0
2023-02-03,8682.0703125,8702.168112295461,8587.748039468328,8679.837434332414,351157,0.813395702250741,0
2023-02-06,8648.7685546875,8675.953727513192,8563.329440092473,8667.167280925032,205161,-0.3835693171541532,0
2023-02-07,8507.455078125,8660.420042954505,8497.842797698786,8648.769253659051,318669,-1.6339144199425948,0
2023-02-08,8577.6025390625,8596.826151772137,8420.65631899709,8517.697874470265,391645,0.8245410677262255,0
2023-02-09,8545.0771484375,8575.951549465744,8446.82197218974,8546.144758165037,392186,-0.37918976167150564,0
2023-02-10,8554.9306640625,8616.728765678852,8517.648710739959,8541.775172026431,276298,0.11531219032705486,0
2023-02-13,8553.0869140625,8606.438007040198,8500.901089585568,8531.29004053597,253037,-0.02155189881017927,0
2023-02-14,8519.1044921875,8589.543021470028,8509.92930746974,8558.474255030891,227030,-0.3973117801378545,0
2023-02-15,8587.9423828125,8636.827723705504,8487.600335319208,8519.106202239313,452568,0.8080413931784491,0
2023-02-16,8548.8642578125,8621.584987925366,8534.20405899369,8621.584987925366,247514,-0.4550347831653978,0
2023-02-17,8551.4365234375,8615.758588627557,8495.12437579941,8531.290367170424,214587,0.030088974949493696,0
2023-02-20,8440.6572265625,8591.48602046348,8422.792304105074,8551.436433126592,298434,-1.2954466371980833,0
2023-02-21,8417.548828125,8466.23979519541,8387.06316655599,8440.996419659275,323478,-0.2737748710465171,0
2023-02-22,8406.966796875,8465.269097128434,8335.168620122446,8423.034987055595,363931,-0.12571392772493528,0
2023-02-23,8443.181640625,8492.891866188767,8365.266984691678,8440.463312663542,317544,0.4307718184811016,0
2023-02-24,8408.4716796875,8485.658158359072,8358.761455996071,8457.502084378248,242982,-0.41110048812038613,0
2023-02-27,8380.9951171875,8391.528992808764,8281.769042894784,8378.858949611018,220225,-0.3267723737046757,0
2023-02-28,8373.373046875,8455.560032719859,8354.877609150033,8398.276987372463,370998,-0.09094469339170352,0
2023-03-01,8509.10546875,8520.852968246663,8369.149988467312,8369.149988467312,333441,1.621000534852035,0
2023-03-02,8299.9736328125,8515.755956531475,8261.47710446412,8515.755956531475,603893,-2.4577417297922177,1
2023-03-03,8350.9453125,8377.887760681588,8301.186737029502,8342.012851762433,437977,0.6141185736541654,0
2023-03-06,8380.2666015625,8410.898276255133,8340.945190943969,8388.567598619918,275417,0.35111341249727257,0
2023-03-08,8440.8994140625,8458.520662482937,8359.488961917008,8374.004091971809,348171,0.7235188972233297,0
2023-03-09,8293.37109375,8482.744758434275,8285.700612215858,8471.093970165854,431466,-1.7477796272126978,0
2023-03-10,8351.2373046875,8376.917776558934,8233.321414553073,8281.769660877111,516128,0.6977405241290757,0
2023-03-13,8270.5078125,8385.947154138346,8234.292515191366,8351.237509047904,479314,-0.9666770233218824,0
2023-03-14,8264.4384765625,8296.283774806016,8199.242228078841,8296.283774806016,349510,-0.07338528751918982,0
2023-03-15,8228.3212890625,8451.628075871835,8194.388176829487,8398.27698217714,509229,-0.43701925548149667,0
2023-03-16,8191.912109375,8285.070059784477,8166.231640719175,8213.90240324742,340261,-0.44248612090411754,0
2023-03-17,8074.82177734375,8263.273860997706,8052.20001800757,8255.555023546185,471602,-1.4293406773401407,0
2023-03-20,7980.4013671875,8074.821298795093,7893.409192490795,8074.821298795093,488199,-1.1693188129696441,0
2023-03-21,7988.9462890625,8034.189806479607,7975.935862263441,8005.062834371523,287497,0.10707383603703047,0
2023-03-22,8012.248046875,8048.364734586075,7977.877839757324,7996.324922507159,218120,0.2916749840263799,0
2023-03-23,8110.11376953125,8131.279178241124,7993.022780478442,8023.50938853548,540553,1.2214514838244428,0
2023-03-24,8003.02490234375,8142.445639624772,7972.05284051261,8110.11488788351,391840,-1.3204360657654401,0
2023-03-27,8037.4423828125,8074.773643753948,7990.062695196493,8009.917771908322,364326,0.43005589622331364,0
2023-03-28,7969.916015625,8112.443808031562,7903.118349912935,8064.190883255215,360349,-0.8401474495406736,0
2023-03-29,8053.89892578125,8077.006134190782,7949.2361948837515,8009.7713730920705,339851,1.0537489980020132,0
2023-03-31,8050.8408203125,8126.424931004732,8016.761695264068,8083.6570180993085,478757,-0.03797049723284207,0
2023-04-03,8255.603515625,8329.343492908047,8146.182995928574,8168.02822597758,627265,2.543370312276916,0
2023-04-05,8201.2333984375,8299.24585633922,8184.679757714041,8273.95412334774,272888,-0.65858440372768,0
2023-04-06,8268.8076171875,8286.623235160903,8133.317898805413,8217.689403913519,309551,0.823951904147413,0
2023-04-10,8286.76953125,8306.818028049687,8158.513195918223,8210.504651203672,308275,0.21722496028526717,0
2023-04-11,8407.548828125,8418.61745674903,8296.332529600912,8330.313996954455,409240,1.457495546600307,0
2023-04-12,8370.1689453125,8456.482248876868,8340.99361890721,8419.636440829161,408458,-0.44459905706948355,0
2023-04-13,8418.4716796875,8450.705719256408,8369.150195311378,8376.965743394047,480202,0.5770819524742121,0
2023-04-17,8422.208984375,8592.4557365762,8398.275945919111,8592.4557365762,489356,0.04439409942444961,0
2023-04-18,8478.5224609375,8494.20191261999,8437.113234791217,8439.977576783887,276111,0.6686307198856545,0
2023-04-19,8427.35546875,8487.405196234375,8410.364735233721,8437.161169979094,280819,-0.6034894926944867,0
2023-04-20,8461.0458984375,8485.561099777691,8412.986394820095,8417.694876018091,369060,0.3997746364494681,0
2023-04-21,8309.3916015625,8450.705776100991,8301.187314529352,8426.822037471034,424157,-1.7923823921461746,0
2023-04-24,8219.77734375,8327.401123822834,8198.999724892488,8327.401123822834,543745,-1.0784695451788395,0
2023-04-25,8222.447265625,8276.914322554696,8174.969923273964,8262.350836943164,906406,0.032481681234708404,0
2023-04-26,8259.341796875,8301.18716813763,8189.437062827526,8278.856489205798,959058,0.4487049908394436,0
2023-04-27,8294.3427734375,8320.605404835698,8224.729117352907,8320.605404835698,536521,0.4237744050711534,0
2023-04-28,8339.5859375,8361.819905514865,8286.720293380393,8342.935728928423,387567,0.5454701511419469,0
2023-05-02,8521.435546875,8570.126516913391,8355.55781177712,8371.772016680858,865562,2.1805592116664885,0
2023-05-03,8541.2900390625,8571.096829582497,8461.433592049229,8514.784684576178,537008,0.2329946882574374,0
2023-05-04,8544.494140625,8566.194304143297,8488.570732374192,8540.659847739607,271926,0.0375130869909146,0
2023-05-05,8688.236328125,8726.440827210981,8534.20281165827,8544.49396252637,951591,1.6822784957692738,0
2023-05-08,8812.123046875,8855.522426719439,8699.256025340861,8782.753348798375,678780,1.4259133162499493,0
2023-05-09,8846.39453125,8874.016797233337,8788.431671731265,8818.67555462477,415394,0.3889129122766066,0
2023-05-10,8901.3486328125,8912.85340746338,8796.345519784121,8863.143185758172,366827,0.6212033769054104,0
2023-05-11,8991.3994140625,9043.924673542431,8876.007492793027,8973.971586442358,644550,1.0116532332870465,0
2023-05-12,9024.896484375,9058.294846789848,8963.972561725504,8991.448818486891,403028,0.3725456824897666,0
2023-05-15,8939.359375,9036.643657508928,8918.097252927364,8973.049764458503,259316,-0.9477904763017797,0
2023-05-16,8807.365234375,8960.71893794303,8793.529922101274,8950.815577423631,448981,-1.4765503330600782,0
2023-05-17,8854.017578125,8866.250527453385,8769.208973367913,8816.103209984913,290482,0.5296969355593095,0
2023-05-18,8789.83984375,8883.725967924982,8780.907383202717,8878.82311753861,272497,-0.7248430874314038,0
2023-05-19,8840.9580078125,8852.851520655504,8699.788912851176,8796.345008784929,543472,0.5815596753887098,0
2023-05-22,8890.18359375,8902.853637334196,8809.792390022041,8825.47278969243,182115,0.5567901792317143,0
2023-05-23,8932.951171875,8966.252820007649,8890.279968554958,8902.173482041162,269008,0.4810651846950176,0
2023-05-24,9000.962890625,9047.032242852245,8892.464915485196,8901.203007442764,470365,0.7613577802163762,0
2023-05-25,9011.740234375,9022.95487849334,8947.855257536177,8952.418673341179,218979,0.11973545365047134,0
2023-05-26,9126.4033203125,9141.015162355934,9040.28437923385,9061.401434972695,346760,1.2723745131947073,0
2023-05-29,9061.88671875,9212.667158833798,9041.060743497743,9160.432977061793,236834,-0.7069225334246032,0
2023-05-30,9110.28515625,9129.266991056305,9029.361100270073,9107.033023713255,372004,0.5340878671530769,0
2023-05-31,9095.091796875,9174.948248799807,8997.904226922868,9174.948248799807,1614766,-0.1667715018182192,0
2023-06-01,9056.837890625,9104.65467133022,8953.631505858506,9065.770351979376,378706,-0.4205994519279499,0
2023-06-02,9209.3173828125,9247.959925439804,9041.692222377013,9115.771633948654,445105,1.6835842048728233,0
2023-06-05,9303.251953125,9359.467390672915,9212.424531301715,9274.513718817741,434649,1.0199949291335386,0
2023-06-06,9452.8671875,9485.683384606156,9331.310441090049,9348.78662337489,542318,1.6082036166369162,0
2023-06-07,9425.001953125,9514.81010977337,9369.660710649787,9503.159321883852,453747,-0.29478076674818166,0
2023-06-08,9377.525390625,9480.829431066833,9345.389010623023,9449.760660785816,273746,-0.5037300017137758,0
2023-06-09,9347.6220703125,9431.217050858768,9331.407865878622,9393.934146540369,161389,-0.31888285093203406,0
2023-06-12,9272.5234375,9417.721207309742,9260.096118731455,9344.90377529446,316879,-0.8033982573066201,0
2023-06-13,9240.5322265625,9338.155941885789,9229.027451432281,9308.980613425925,561014,-0.34501083931609555,0
2023-06-14,9255.0947265625,9319.65951012572,9214.316968522571,9242.958489050618,328167,0.15759373640988894,0
2023-06-15,9315.630859375,9415.58511144527,9265.29012024884,9276.940909460092,459978,0.6540844216187169,0
2023-06-16,9324.2236328125,9362.768515704696,9274.027961024545,9315.824976559355,682099,0.09224038143216262,0
2023-06-19,9254.6103515625,9361.55526819141,9233.25057106162,9357.525657612188,395006,-0.7465852814279028,0
2023-06-20,9215.8701171875,9261.30894938822,9145.8686777964,9252.667568938396,612713,-0.4186047051506492,0
2023-06-21,9166.1123046875,9259.46463155151,9122.616215036212,9225.483163363997,356331,-0.5399144287765334,0
2023-06-22,9129.412109375,9218.055002884095,9101.013312203248,9164.36447512485,288487,-0.4003899809707945,0
2023-06-23,9055.8662109375,9152.665032553654,9034.215352488782,9145.868739435178,309138,-0.8055929292749897,0
2023-06-26,9194.609375,9242.959963330699,9029.362149052049,9055.867506376975,405168,1.5320805412841532,0
2023-06-27,9185.6767578125,9223.54182424889,9121.645769940687,9213.832832854943,339375,-0.09715058925491293,0
2023-06-28,9263.0087890625,9296.358793571013,9158.054028470306,9199.705978719325,482586,0.8418762524408319,0
2023-06-30,9504.1796875,9566.754324402056,9263.348354302534,9290.533529223452,845006,2.6035913808293953,0
2023-07-03,9391.5078125,9501.073406223031,9375.536331284813,9458.548211566913,398066,-1.1854981566498335,0
2023-07-04,9366.65234375,9433.74109221052,9340.09768451523,9417.721257082492,247673,-0.2646589796466703,0
2023-07-05,9701.5146484375,9744.865671442603,9393.448561221214,9414.808340895308,815044,3.575047865536929,0
2023-07-06,9572.4833984375,9724.816905226207,9529.569466649222,9708.943083481232,652120,-1.3300113917859346,0
2023-07-07,9563.59765625,9655.590334398239,9529.373467281921,9567.238527416817,457050,-0.09282588245543844,0
2023-07-10,9452.9638671875,9644.279328000497,9436.895678156938,9567.238870604539,272008,-1.1568218680780507,0
2023-07-11,9612.0458984375,9667.095111987492,9452.963531970772,9510.926390598943,568772,1.6828799251226823,0
2023-07-12,9549.5693359375,9660.446204618234,9519.66583279214,9607.046753235922,552967,-0.6499819409950591,0
2023-07-13,9366.796875,9610.88127372846,9332.281603641468,9566.219917739332,519564,-1.9139340687299944,0
2023-07-14,9324.17578125,9444.226889429947,9311.893528034689,9419.614975815384,498441,-0.4550231452520981,0
2023-07-17,9407.57421875,9416.749403931568,9276.939947888042,9366.26265591585,444583,0.8944322743003941,0
2023-07-18,9384.37109375,9482.091517493769,9322.28190781044,9427.624458236169,320985,-0.24664301827940216,0
2023-07-19,9327.9619140625,9384.711158857306,9248.445842775905,9370.14767164617,450254,-0.6010970700537244,0
2023-07-20,9488.111328125,9500.247566713033,9296.79585265196,9340.049217350985,466813,1.7168746564141246,0
2023-07-21,9485.732421875,9558.501497971269,9420.633827812619,9437.13911226823,328483,-0.025072495122901994,0
2023-07-24,9412.6728515625,9529.375118547263,9398.303733829598,9485.733012303272,358506,-0.7702048409463647,0
2023-07-25,9474.615234375,9490.490002970442,9336.941936616897,9343.932599512089,240998,0.6580743194768202,0
2023-07-26,9472.4306640625,9524.519777885036,9442.236082556212,9477.43117347857,209861,-0.023057087369349194,0
2023-07-27,9469.759765625,9541.170143014499,9409.613333258965,9485.68288790817,256672,-0.028196547773462477,0
2023-07-28,9388.8857421875,9466.26659309518,9268.591907906073,9455.586702579893,381151,-0.854024024253186,0
2023-07-31,9534.95703125,9551.413960097183,9326.456456196065,9388.885076699904,600060,1.555789399014107,0
2023-08-01,9433.984375,9604.1344521059,9369.225211659626,9475.97576350117,1394528,-1.0589733746997565,0
2023-08-02,9372.865234375,9508.45166849811,9243.29856410308,9432.284446973854,672815,-0.6478613721999094,0
2023-08-03,9353.1669921875,9467.096143417108,9325.62741451082,9407.215387326862,614897,-0.21016243907205912,0
2023-08-04,9281.3310546875,9424.023878676262,9238.797119829567,9369.141876055019,540470,-0.7680386500102387,0
2023-08-07,9333.6640625,9349.344634127146,9233.896616935514,9300.539046350883,366329,0.5638523990163069,0
2023-08-08,9352.0400390625,9430.88410727405,9315.23988773146,9349.492328915996,430636,0.19687848672773622,0
2023-08-09,9274.17578125,9349.589722473089,9229.486534559504,9349.540912099568,404602,-0.8325911510993267,0
2023-08-10,9209.982421875,9310.338452867058,9155.541634229601,9274.174755418453,523490,-0.6921732010383375,0
2023-08-11,9170.046875,9279.958264197749,9157.453798781684,9209.983330725638,498504,-0.43361154284233816,0
2023-08-14,9135.5498046875,9177.05393211578,9073.07253128165,9173.133789470707,336864,-0.37619295498421135,0
2023-08-16,9231.4951171875,9249.331958399975,9069.397786108702,9147.653254187211,336363,1.0502412504036718,0
2023-08-17,9188.12890625,9285.593652265496,9163.334193375274,9226.93889589693,402798,-0.46976367735664937,0
2023-08-18,9267.265625,9280.937313300275,9150.249946313745,9163.333039002911,400745,0.8612930832540888,0
2023-08-21,9250.361328125,9279.958599452,9225.321605902582,9266.776927083794,375347,-0.18240867974472774,0
2023-08-22,9302.4013671875,9318.228369713006,9221.842240164495,9232.132615151146,435930,0.5625730413824526,0
2023-08-23,9409.2744140625,9447.544618640753,9257.417683369353,9328.960293033333,546842,1.1488758940457533,0
2023-08-24,9382.568359375,9468.762694157276,9364.241499616104,9468.762694157276,385559,-0.28382692981711033,0
2023-08-25,9315.92578125,9432.598842881795,9295.638850332094,9363.261315347689,346449,-0.7102807629257635,0
2023-08-28,9406.0888671875,9476.94525716966,9320.139544538106,9324.990912685867,325938,0.9678381736248909,0
2023-08-29,9429.1689453125,9491.401215342625,9316.219825297194,9408.34318565675,317224,0.2453738046799936,0
2023-08-30,9600.822265625,9621.941843879642,9418.14322543935,9467.145011211667,543634,1.8204501511009052,0
2023-08-31,9804.0810546875,9864.059431616364,9575.046517604256,9575.046517604256,1581818,2.1170977176637518,0
2023-09-01,10124.994140625,10190.362715261912,9752.678183785385,9799.37726916969,1193178,3.2732602285460155,0
2023-09-04,10155.5712890625,10258.965057022971,10080.941186518608,10193.351474472745,819552,0.3019967025443826,0
2023-09-05,10057.2236328125,10204.817578462993,10041.249242857875,10143.369150745262,507107,-0.9684108697648575,0
2023-09-06,9975.63671875,10055.167004344756,9927.909742384272,10055.167004344756,663758,-0.8112270049988379,0
2023-09-07,10075.5029296875,10095.251033646504,9947.363250378437,9947.363250378437,445805,1.0011011201900955,0
2023-09-08,10125.728515625,10192.370941008518,10094.367374268051,10191.390905341112,439721,0.49849209799255334,0
2023-09-11,10323.548828125,10339.376787740266,10137.489430557851,10138.469466272329,598050,1.9536402955574461,0
2023-09-12,10293.90234375,10357.409421208553,10197.271208921495,10333.496167887386,568773,-0.28717338260881853,0
2023-09-13,10264.306640625,10326.048891874958,10231.573064278722,10290.3752083263,301707,-0.2875071293343745,0
2023-09-14,10278.76171875,10368.77761417135,10222.801106535933,10256.122320040833,501196,0.14082858814630228,0
2023-09-15,10315.12109375,10339.376978129972,10268.226766775177,10279.888617752527,544616,0.3537330273322148,0
2023-09-18,10312.033203125,10411.556593601199,10284.54339329456,10290.423607464327,430213,-0.02993557319332929,0
2023-09-20,10140.1845703125,10284.543640233222,10131.168050289143,10284.543640233222,545106,-1.6664864186087258,0
2023-09-21,10078.9814453125,10138.469806591378,10002.73485557998,10136.558545470765,577252,-0.6035701280939665,0
2023-09-22,10324.8232421875,10355.791986744709,10102.648962866928,10170.810252768031,986206,2.4391531843660275,0
2023-09-25,10376.814453125,10505.982970245197,10319.776182526299,10324.823749335661,756801,0.5035554577347501,0
2023-09-26,10345.89453125,10421.65110146789,10316.39488165331,10419.642219642517,452503,-0.2979712320642758,0
2023-09-27,10467.5166015625,10492.262503693853,10314.87603693049,10339.376930129849,458359,1.1755587682161117,0
2023-09-28,10354.419921875,10491.282291815134,10321.784924094629,10437.870345537327,598144,-1.0804537885387044,0
2023-09-29,10398.7666015625,10491.772373982238,10300.714219437177,10330.556498449092,481725,0.4282874368829903,0
2023-10-03,10140.33203125,10495.98642180295,10097.601899377474,10495.98642180295,623006,-2.485242531298548,1
2023-10-04,9927.6142578125,10078.589523126337,9888.5602179743,10078.589523126337,407793,-2.09773972668702,1
2023-10-05,10006.3125,10065.898482807923,9907.181500027642,9978.675300148663,377196,0.7927205886909761,0
2023-10-06,10096.3759765625,10126.659460673662,10055.165669301818,10077.706489028324,335700,0.9000665985846368,0
2023-10-09,10040.26953125,10128.081304063639,9980.634741830618,10045.365908294749,230083,-0.5557087557232832,0
2023-10-10,10167.8701171875,10209.031615493222,10065.063992164152,10084.567084902108,348342,1.2708880527594113,0
2023-10-11,10204.2294921875,10231.572871480841,10133.618110287489,10143.320846698965,193526,0.3575908679098738,0
2023-10-12,10369.66015625,10412.438140460928,10212.168227310747,10251.173456890281,569237,1.6211970162877565,0
2023-10-13,10513.3828125,10530.53343893087,10319.580733831168,10323.745885964378,625954,1.3859919619774175,0
2023-10-16,10490.7919921875,10595.018404481723,10452.080582622233,10515.734091788974,304196,-0.2148767976529964,0
2023-10-17,10536.16796875,10582.278458582416,10354.371340246978,10515.783416913295,474718,0.43253146756023764,0
2023-10-18,10573.06640625,10594.038596123572,10497.21125976164,10540.284020463509,267435,0.3502073771929126,0
2023-10-19,10556.650390625,10583.111353646504,10486.381641854683,10486.381641854683,286284,-0.15526257940927657,0
2023-10-20,10511.5205078125,10583.405745080654,10482.16824657196,10548.222079890242,232512,-0.42750191720452024,0
2023-10-23,10342.9541015625,10510.540205507947,10320.21708201165,10467.761264569113,227925,-1.6036348511589305,0
2023-10-25,10377.4501953125,10434.880859116067,10291.942084144373,10309.97512307961,401105,0.3335226417062964,0
2023-10-26,10216.0400390625,10382.498728257417,10185.021524770173,10328.596762045017,506129,-1.5553932152130079,0
2023-10-27,10349.86328125,10628.487241307852,10231.572780014198,10231.621590386318,1116713,1.309932632172628,0
2023-10-30,10190.1171875,10486.381782329607,10040.465547660451,10486.381782329607,991168,-1.5434609077339068,0
2023-10-31,10184.8251953125,10280.574878203372,10114.948838697523,10280.574878203372,439996,-0.05193259400384509,0
2023-11-01,10023.5595703125,10214.1276929371,9985.240559411153,10182.667974486172,699116,-1.5833911913797127,0
2023-11-02,10097.896484375,10138.470349314739,9997.345194138197,10084.862199650408,569194,0.7416219112686084,0
2023-11-03,10071.140625,10162.970161070143,10036.545556366376,10112.008304910485,517582,-0.26496468265841955,0
2023-11-06,10079.51953125,10132.540035517952,10047.32574214613,10132.540035517952,490459,0.0831971924729169,0
2023-11-07,10048.6005859375,10119.849377948924,10031.498770309154,10094.368447886298,264935,-0.306750189993088,0
2023-11-08,10116.2216796875,10134.009709352365,10055.753289379962,10113.967789132203,287006,0.672940407688527,0
2023-11-09,10192.71484375,10240.981606398265,10110.784234548155,10143.32161418317,310536,0.7561436125514298,0
2023-11-10,10181.39453125,10208.444090391236,10113.968267546245,10167.870230212431,206395,-0.11106278036357997,0
2023-11-13,10190.8037109375,10220.79242084072,10156.747470010832,10220.79242084072,261891,0.09241543148750253,0
2023-11-15,10247.302734375,10287.435390228538,10167.919837679896,10287.435390228538,436538,0.5544118505281581,0
2023-11-16,10275.1845703125,10333.202876710944,10201.388071550276,10270.774409545043,488715,0.2720895113595967,0
2023-11-17,10313.40625,10395.043036837824,10289.54276223327,10290.375409797121,403772,0.3719804683405048,0
2023-11-20,10355.302734375,10381.861320350294,10290.375365994321,10290.375365994321,234246,0.4062332401091995,0
2023-11-21,10324.8232421875,10406.99885085216,10290.374605325142,10406.99885085216,312242,-0.29433704614275635,0
2023-11-22,10285.033203125,10340.601417318643,10211.971734956547,10339.376372724719,378891,-0.3853822785063965,0
2023-11-23,10279.1044921875,10314.875795421027,10186.539928434371,10278.418275780758,453820,-0.057644062205830515,0
2023-11-24,10305.712890625,10355.547323622734,10253.133591987984,10296.206352830368,380306,0.25885911032155207,0
2023-11-28,10327.1748046875,10345.649051524346,10296.254870347866,10329.527273149655,268026,0.20825259048331546,0
2023-11-29,10387.6435546875,10422.238624022013,10315.56211924531,10358.977510016923,343341,0.585530419922331,0
2023-11-30,10396.9052734375,10436.400522069289,10335.554462304062,10369.758092216653,665660,0.0891609218321765,0
2023-12-01,10374.3642578125,10544.204255778059,10322.764994600631,10396.218862839822,591519,-0.21680504950438717,0
2023-12-04,10387.83984375,10481.579686489125,10216.87242032472,10481.482065743203,625235,0.1298931250399482,0
2023-12-05,10507.845703125,10554.985039929044,10352.510036567084,10438.263164793063,580996,1.1552532690153328,0
2023-12-06,10413.6142578125,10534.354846521206,10378.577981811577,10507.845072456807,464163,-0.896772259269818,0
2023-12-07,10483.099609375,10714.583283926331,10422.680023590914,10574.585562251617,704413,0.6672549015378726,0
2023-12-08,10406.55859375,10533.424415097585,10340.35736915655,10515.783771306018,548373,-0.7301372540288509,0
2023-12-11,10331.2919921875,10425.620434262872,10290.424309506285,10417.780148168295,579749,-0.7232612095962598,0
2023-12-12,10132.001953125,10411.899779738804,10095.445854096295,10407.979636749444,1088687,-1.9289943524314568,0
2023-12-13,10172.8193359375,10205.014082794203,10055.166242033363,10153.169811643824,603469,0.4028560495876299,0
2023-12-14,10146.505859375,10285.474731026045,10106.422016186574,10231.572767214093,635475,-0.2586645421839173,0
2023-12-15,10081.0390625,10267.588465086925,9636.298120222105,10250.192832352031,1244681,-0.645215188187287,0
2023-12-18,10113.576171875,10144.25205537764,10022.041410422487,10089.467676135842,652498,0.3227555133283211,0
2023-12-19,10029.29296875,10169.83047112539,10002.44056477739,10113.576039051319,585734,-0.8333669682479283,0
2023-12-20,9879.9853515625,10103.237302798834,9790.557089855858,10035.566026038437,964051,-1.4887152828491845,0
2023-12-21,9812.9501953125,9897.62566364919,9702.353548048319,9800.357119240725,739806,-0.678494490271675,0
2023-12-22,10013.1728515625,10112.302895470968,9829.758774357071,9849.359489759578,652545,2.04039205605715,0
2023-12-26,10065.603515625,10075.942700302981,9912.766764835318,10064.96610962708,395273,0.5236168878710368,0
2023-12-27,10083.09765625,10099.610875552891,10025.76556577125,10080.647566913301,397675,0.17380120921555164,0
2023-12-28,10066.5341796875,10105.099158210323,9983.62354339436,10105.099158210323,584234,-0.1642697227298262,0
2023-12-29,10096.6708984375,10189.089035061437,10067.907232080515,10075.208689811181,705227,0.2993753183773151,0
2024-01-01,10078.0009765625,10138.469370990719,10010.722099635568,10138.469370990719,411724,-0.18491166110889967,0
2024-01-02,9994.1591796875,10089.173833356683,9948.391320534685,10078.001043416072,776837,-0.831928842535179,0
2024-01-03,9876.4580078125,10006.165361081927,9864.06017231044,9996.365003235618,521046,-1.1776995919198563,0
2024-01-04,9815.3515625,9917.961493874556,9786.195499808025,9898.360779459785,711733,-0.6187080962037572,0
2024-01-05,9817.0185546875,9873.860630775338,9770.956872340459,9810.795710218159,673131,0.016983519916591305,0
2024-01-08,9748.12109375,9926.732596504771,9714.01604348494,9805.2569825047,600153,-0.7018165500420892,0
2024-01-09,9823.9755859375,9842.156014025986,9692.553179943881,9775.856215363016,666469,0.7781447466438829,0
2024-01-10,9810.353515625,9850.093771685033,9751.3551753119,9849.309934541447,481699,-0.13866148376833198,0
2024-01-11,9811.2353515625,9921.979389479007,9800.357337744063,9824.95585183534,1024815,0.008988829363754114,0
2024-01-12,9766.693359375,9844.410000585867,9737.58610706725,9824.858096551572,850190,-0.45398964137993714,0
2024-01-15,9885.5224609375,9897.18431149926,9749.395119714558,9785.754061269035,463380,1.2166768955476304,0
2024-01-16,9980.2421875,10035.565393214682,9859.158970287079,9885.472545547342,536823,0.9581661155167343,0
2024-01-17,9851.025390625,9958.926942240796,9796.878416256839,9921.881782864586,610250,-1.2947260642315994,0
2024-01-18,9726.3642578125,9849.358737570217,9543.24497097576,9747.483835632574,614860,-1.2654635215044396,0
2024-01-19,9837.3046875,9850.976377136963,9750.424138542056,9761.155721034129,377018,1.1406156169648796,0
2024-01-23,9663.59375,9773.896582791436,9635.809162111234,9665.112614006734,956269,-1.765838743621817,0
2024-01-24,9788.79296875,9800.357198831394,9560.248447460024,9663.152198047756,459092,1.295576179927882,0
2024-01-25,9683.7333984375,9800.161455960038,9620.569901940842,9788.793423907258,718817,-1.0732637889870111,0
2024-01-29,9791.9296875,9834.658863862809,9677.901952442116,9732.882532886373,446516,1.1172993370507145,0
2024-01-30,9752.97265625,9833.188195464594,9733.22455406953,9810.990004034245,399869,-0.39784835566917254,0
2024-01-31,9983.5263671875,10031.253341616297,9715.094197741317,9760.469660656285,997024,2.363932711220662,0
2024-02-01,10425.5712890625,10486.186116158031,10000.284592465012,10006.164806847095,1869594,4.42774332051501,0
2024-02-02,10442.7216796875,10497.75011047029,10329.968762857905,10386.41843683099,814940,0.1645031255312901,0
2024-02-05,10220.3505859375,10545.13478315941,10192.370759544463,10390.337960835615,365105,-2.1294361812068785,1
2024-02-06,10628.3408203125,10640.003629112358,10249.214355424692,10290.32704848357,829040,3.9919397181576777,0
2024-02-07,10717.376953125,10754.422112406533,10571.449249704627,10643.18805674898,560808,0.8377237267583437,0
2024-02-08,10529.40625,10732.37126661803,10476.533131015403,10732.37126661803,557082,-1.7538872053034504,0
2024-02-09,10518.576171875,10554.984882313152,10399.256820953771,10497.407782792641,645489,-0.10285554444250389,0
2024-02-12,10495.888671875,10534.355073628376,10437.429158740553,10486.382134041196,190655,-0.2156898389029327,0
2024-02-13,10578.9951171875,10613.786383726956,10427.726993243092,10515.782816010178,397979,0.7917999886488225,0
2024-02-14,10807.78515625,10829.394752555672,10489.714753369839,10491.282427702125,354676,2.1626821501296467,0
2024-02-15,10868.8408203125,10910.73734609581,10760.791885397646,10819.594026847906,447248,0.5649229992991778,0
2024-02-16,11153.1982421875,11250.809411397233,10876.435788126002,10897.996572712302,716486,2.6162626408473333,0
2024-02-19,11254.0927734375,11381.203597407204,11106.793596514268,11153.198861976376,581383,0.9046242078649902,0
2024-02-20,11217.9296875,11250.76088303389,11089.936452462543,11211.608265901896,355044,-0.32133275125343363,0
2024-02-21,11236.94140625,11290.990755325554,11143.005371760399,11227.288437896845,348461,0.16947618036138312,0
2024-02-22,11425.0595703125,11461.517088419963,11163.831255533469,11270.410133974312,584406,1.6741046986137098,0
2024-02-23,11305.2998046875,11486.018776454071,11246.106220727714,11471.269430104021,472884,-1.0482200542410336,0
2024-02-26,11238.0693359375,11303.682917255755,11188.528722874256,11275.310692418325,277700,-0.5946809895490235,0
2024-02-27,11271.0478515625,11332.055073322037,11156.971314313407,11187.10741180908,307585,0.29345356964065594,0
2024-02-28,10930.142578125,11269.38233758116,10907.797954321833,11241.990146812735,358812,-3.0246102929129215,1
2024-02-29,11062.9853515625,11122.42489819859,10907.307067098529,10932.29797686186,943841,1.215380060122584,0
2024-03-01,11388.9462890625,11441.917028302787,11069.503454790576,11069.503454790576,487355,2.9464102784332313,0
2024-03-04,11362.681640625,11444.171037326345,11313.679854130094,11368.414466818447,369936,-0.23061526300043322,0
2024-03-05,11437.6044921875,11495.81899678797,11330.976797253708,11364.543020667177,320702,0.6593764916780653,0
2024-03-06,11336.1220703125,11445.83726141884,11288.443906409533,11437.604578481421,639542,-0.8872698994297101,0
2024-03-07,11280.259765625,11401.245364720759,11193.135165761978,11340.041943580729,255325,-0.49278143214243064,0
2024-03-11,11168.0458984375,11325.195200953356,11123.454273014575,11285.25874521744,525344,-0.994780878446222,0
2024-03-12,11280.11328125,11344.795637421294,11153.786296749622,11172.406975041358,283816,1.003464561586176,0
2024-03-13,11162.7548828125,11324.166009553213,11042.650732746413,11280.211787802544,385204,-1.0404008852692548,0
2024-03-14,11176.9150390625,11231.209401017784,11076.412566943933,11174.122320074566,523058,0.12685180673279728,0
2024-03-15,11247.52734375,11291.040355536295,11088.172961226006,11152.806508459347,972333,0.6317691817528726,0
2024-03-18,11403.9892578125,11432.508871005486,11139.379618039467,11208.325703975555,311049,1.3910783168661789,0
2024-03-19,11365.5224609375,11446.767800703834,11227.43600944938,11311.669309526122,409259,-0.3373100062212697,0
2024-03-20,11702.75390625,11784.929518444049,11418.543547801037,11418.543547801037,1031037,2.9671442423482075,0
2024-03-21,11670.4130859375,11760.428986646324,11589.265360276711,11759.448950897437,544311,-0.2763522207813618,0
2024-03-22,12091.38671875,12179.19753516242,11652.673352226242,11652.673352226242,1062263,3.6071870782342863,0
2024-03-26,12005.9765625,12075.902686318417,11898.810037878187,12040.277813169314,507568,-0.7063718846867739,0
2024-03-27,12260.58984375,12468.701009189264,12040.425387083254,12044.639349388686,878986,2.120721125220837,0
2024-03-28,12348.7919921875,12472.717693274693,12138.231712669492,12318.99948225088,860324,0.7193956372536281,0
2024-04-01,12318.65625,12435.672894438543,12256.473751002231,12361.532811520347,314676,-0.244037977209155,0
2024-04-02,12301.849609375,12395.491831346111,12213.450195698377,12372.90219933172,333508,-0.13643241830860742,0
2024-04-03,12179.736328125,12275.437197344861,12164.741973283033,12201.444501771868,271935,-0.99264163623769,0
2024-04-04,12316.353515625,12396.471433220524,12072.128430452703,12240.645758631064,491166,1.1216760676873383,0
2024-04-05,12173.611328125,12307.19096253899,12137.252385705406,12242.606225704061,231600,-1.1589646831662637,0
2024-04-08,12608.2568359375,12669.558834307869,12201.444401801082,12201.444401801082,570422,3.5703908733173417,0
2024-04-09,12630.7001953125,12726.449875326129,12524.856338927199,12608.256994789539,314466,0.17800525216959961,0
2024-04-10,12429.5478515625,12699.302679667018,12349.332311844517,12674.801787014474,464239,-1.5925668461725606,0
2024-04-12,12021.6572265625,12407.25248024691,11980.936932939849,12407.25248024691,973366,-3.2816207787375373,1
2024-04-15,12174.8359375,12260.246430350826,11792.720597815296,11955.945349885284,831257,1.274189640002743,0
2024-04-16,12253.0927734375,12299.35065078029,12030.281078518032,12062.279627564827,579183,0.6427752812377507,0
2024-04-18,12157.3427734375,12350.40980498665,12074.08854989179,12319.048662806077,679117,-0.781435363058447,0
2024-04-19,12457.1845703125,12504.667489858364,11980.936045853672,12152.344667078454,635535,2.4663432006714725,0
2024-04-22,12530.24609375,12622.026817328044,12406.271581149056,12527.943392745508,342212,0.5865010911985546,0
2024-04-23,12736.7890625,12764.47507123449,12521.230017240714,12588.55866175339,397281,1.6483552454171102,0
2024-04-24,12685.630859375,12812.937879111638,12642.460478379491,12740.464047979332,296364,-0.401656986497656,0
2024-04-25,12664.51171875,12721.549989639434,12485.997827734702,12705.183201538015,640725,-0.16648080697848622,0
2024-04-26,12449.736328125,12784.565913271828,12407.252162669325,12664.021520222197,704626,-1.6958837055440656,0
2024-04-29,12436.505859375,12735.367942659235,12351.390140188016,12544.505986791457,613937,-0.10627107595934104,0
2024-04-30,12561.6083984375,12736.544782219135,12485.851825333535,12530.7372718878,528776,1.0059299651935083,0
2024-05-02,12549.7001953125,12587.726347419655,12264.951004398947,12495.455600297666,814923,-0.09479839481766339,0
2024-05-03,12242.75390625,12573.858599642494,12163.616019896053,12562.049360336654,834990,-2.4458455922090394,1
2024-05-06,12190.9580078125,12393.92397745703,12125.491813841638,12299.448152249954,342231,-0.4230739164907793,0
2024-05-07,12117.2099609375,12258.776306362313,11994.656690535903,12223.397401131855,604375,-0.6049405373042771,0
2024-05-08,12293.1259765625,12309.198944036398,12078.93937683516,12144.601765333979,399669,1.4517864771849576,0
2024-05-09,12255.00390625,12485.458728885334,12188.459098810272,12289.647785722218,504590,-0.31010883956759105,0
2024-05-10,12422.4423828125,12443.464339766435,12251.426154987106,12255.34629774528,328670,1.366286602953326,0
2024-05-13,12420.8251953125,12454.686194732147,12228.444376930858,12407.252083560961,281421,-0.013018273300569039,0
2024-05-14,12558.3740234375,12583.658753819329,12398.824398252458,12420.825434704158,331037,1.1074049103992678,0
2024-05-15,12512.41015625,12615.412487128873,12446.45394212739,12564.058231344341,232030,-0.3660017379775282,0
2024-05-16,12248.1435546875,12591.498679517415,12054.439115665024,12591.498679517415,914201,-2.112035956801639,1
2024-05-17,12389.1220703125,12413.035325702796,12076.294464047884,12265.294934760297,809226,1.151019458545166,0
2024-05-21,12224.279296875,12425.775214190853,12193.408171841442,12348.597401606958,443136,-1.3305444284264945,0
2024-05-22,12281.169921875,12312.188434443555,12116.278916215912,12179.68741708615,280015,0.4653904219493965,0
2024-05-23,12676.6650390625,12716.061711285434,12224.034945345828,12315.178271775096,768732,3.220337473574486,0
2024-05-24,12740.90625,12773.78625875411,12555.238281486796,12608.16021320175,624801,0.5067674403286926,0
2024-05-27,12648.4384765625,12797.796301386987,12521.916249402422,12763.44624121208,464953,-0.7257550728583362,0
2024-05-28,12562.685546875,12726.695099500428,12544.702274168867,12632.66048038411,333806,-0.6779724615524674,0
2024-05-29,12533.333984375,12593.50760233975,12495.455221602284,12562.097649450829,353706,-0.23364082775518824,0
2024-05-30,12346.490234375,12554.257810949655,12299.448518924135,12467.034630217842,524559,-1.4907745236258263,0
2024-05-31,12151.7568359375,12381.1340071376,12083.840551259707,12346.490126907525,908304,-1.5772368887096766,0
2024-06-03,12227.0732421875,12568.9583261908,12154.942037709397,12568.9583261908,485936,0.6197984971791026,0
2024-06-04,11932.9638671875,12345.706297991725,11330.634289935279,12345.117702313628,825928,-2.4053947267218767,1
2024-06-05,12252.994140625,12362.268122785898,11883.030658421065,11936.835001970685,447581,2.6819009677679473,0
2024-06-06,12420.482421875,12436.65301089626,12219.085085882945,12261.765449128865,447536,1.3669171741026886,0
2024-06-07,12555.1396484375,12571.897875969576,12331.151725039615,12331.151725039615,532480,1.0841545600945413,0
2024-06-10,12463.65234375,12662.060754965283,12375.792720877986,12510.302615507939,293471,-0.7286840867507638,0
2024-06-11,12606.8369140625,12681.221051216617,12402.548276140222,12489.085239088949,358807,1.1488171072446596,0
2024-06-12,12592.8212890625,12693.029938990368,12546.416981677849,12606.836565169848,302719,-0.11117479424490595,0
2024-06-13,12590.37109375,12681.661800900543,12485.262266227079,12681.661800900543,297240,-0.019457080000240268,0
2024-06-14,12588.7548828125,12637.560469715821,12523.680128897324,12575.32820218368,216967,-0.01283688086288759,0
2024-06-18,12310.1796875,12622.85988795415,12291.656629837968,12621.292213651659,823306,-2.212889184877531,1
2024-06-19,11997.6953125,12372.951385260423,11956.436190113043,12358.250848961105,694871,-2.538422532672713,1
2024-06-20,11906.9443359375,12059.829912825951,11892.733817572867,12001.517785743497,907751,-0.7564034108113238,0
2024-06-21,11957.90625,12119.367140438677,11842.26203105151,11976.036911445315,947800,0.42800161506328926,0
2024-06-24,11940.1669921875,12043.658376351275,11800.609529631842,11937.814523747651,550862,-0.14834752373560356,0
2024-06-25,11874.7001953125,11993.480713720957,11831.039796233665,11957.807988434004,594272,-0.5482904629209528,0
2024-06-26,11954.720703125,12077.812806541451,11826.777231488775,11875.092800997325,447931,0.673873920994561,0
2024-06-27,11935.6103515625,11983.190895657293,11770.229319286924,11956.436111182387,1230852,-0.15985611071202,0
2024-06-28,11793.6025390625,11957.90591136071,11764.496243651818,11941.686511507862,1160395,-1.1897825776577053,0
2024-07-01,11866.9091796875,12015.237194032095,11765.866928881404,11804.529527089444,1134926,0.6215797113917843,0
2024-07-02,11802.177734375,11907.385142760259,11755.528417105228,11907.385142760259,687181,-0.5454785600221834,0
2024-07-03,11881.6103515625,11907.433909766696,11721.227124346477,11873.132659820867,467532,0.6730335619005601,0
2024-07-04,11848.2392578125,11966.235939336415,11830.794813704004,11892.733261576364,299684,-0.28086339109422154,0
2024-07-05,11862.4013671875,11895.13494361918,11781.892005658661,11828.198694216944,406926,0.11952923187015241,0
2024-07-08,11783.556640625,11870.1921777208,11727.106968180902,11862.351892266559,496933,-0.66466075562569,0
2024-07-09,12571.6044921875,12701.214217140328,12019.206971594225,12078.940340594409,2114130,6.687690954406977,0
2024-07-10,12517.7998046875,13034.474817435457,12478.451945549723,12691.511132611593,2070520,-0.42798584328226363,0
2024-07-11,12461.3505859375,12665.785657708511,12441.602483024084,12544.457424964661,608983,-0.4509516019649218,0
2024-07-12,12311.69921875,12416.955442061542,12225.946089863184,12368.051274875621,674746,-1.2009241386433667,0
2024-07-15,12391.5224609375,12513.585714782228,12338.64934401913,12348.449700924624,697186,0.6483527640598563,0
2024-07-16,12387.2109375,12542.4977968228,12330.565061351403,12390.59225232307,347810,-0.03479413809797105,0
2024-07-18,12391.6201171875,12426.852591776935,12214.18484631829,12380.790914189118,391216,0.035594612134626225,0
2024-07-19,12274.26171875,12456.254551406044,12246.968105568865,12397.45240560869,351955,-0.9470787300420946,0
2024-07-22,12388.8759765625,12406.222799423174,12152.491180339879,12250.4459374691,249631,0.9337772033768621,0
2024-07-23,12376.919921875,12480.706087479828,12113.241502745059,12466.054362048313,332258,-0.09650637160399933,0
2024-07-24,12237.951171875,12410.388650016004,12209.48132532607,12381.771415281088,285860,-1.1228056000781472,0
2024-07-25,12259.4638671875,12274.94824122027,12140.732148678479,12140.732148678479,396789,0.17578673922102883,0
2024-07-26,12410.8779296875,12488.692187796923,12141.858137750207,12221.04482862673,537693,1.235078989916194,0
2024-07-29,12496.9736328125,12518.681805688502,12351.389525721712,12455.273306545841,388263,0.6937116263069143,0
2024-07-30,12616.6376953125,12709.887523272879,12456.156840238797,12505.256248796712,526539,0.9575443304593811,0
2024-07-31,12853.9521484375,13107.977595381406,12637.707843692431,12720.863490695376,836405,1.88096431756275,0
2024-08-01,13092.3466796875,13406.889351911856,12850.22903379154,13125.619085537683,2040384,1.8546399465084296,0
2024-08-02,12590.1328125,13033.830511227592,12537.353476477174,12985.453720174766,1333355,-3.8359346836321917,1
2024-08-05,12070.208984375,12356.263296533365,11898.864296654514,12356.263296533365,1131415,-4.1296135304370925,1
2024-08-06,12001.2060546875,12420.468995862939,11980.332369041798,12257.334273528313,623565,-0.5716796600359175,0
2024-08-07,12239.0322265625,12316.69168821106,12134.563324468734,12266.237770452122,433514,1.9816855971913627,0
2024-08-08,12088.0166015625,12260.005686966373,12022.031562926568,12238.537845919094,358577,-1.2338853448906617,0
2024-08-09,12093.3095703125,12257.334073572203,12064.52057890228,12257.334073572203,320211,0.04378690834454524,0
2024-08-12,12141.833984375,12237.548032242377,11970.439061449699,12069.368309891432,291212,0.40125007782503275,0
2024-08-13,12045.873046875,12207.91896843283,11992.203927663997,12204.90181946797,464483,-0.7903331376749922,0
2024-08-14,12074.9580078125,12107.95052520341,12000.117646108129,12107.95052520341,449827,0.24145166418672037,0
2024-08-16,12082.5263671875,12211.777823784352,11981.321933720596,12183.088340167978,552732,0.0626781424010181,0
2024-08-19,12019.7060546875,12112.946874607615,11996.952326749435,12064.422269769588,277319,-0.5199269638723969,0
2024-08-20,12084.158203125,12178.1902588153,12020.002007028937,12030.291035119697,471927,0.5362206708238393,0
2024-08-21,12090.0947265625,12117.794917376925,12046.664398093202,12084.15897138798,295984,0.04912649551347403,0
2024-08-22,12144.900390625,12193.029856378762,12050.571738786994,12148.511694631334,501316,0.4533104603563487,0
2024-08-23,12170.5732421875,12242.544273411415,12123.186709883727,12168.298062600243,440809,0.21138791374788468,0
2024-08-26,12112.69921875,12202.428240983896,12091.1328356484,12193.029962311122,232805,-0.4755242196553877,0
2024-08-27,12363.08984375,12395.83503909485,12094.199369059488,12113.886676274258,477609,2.0671744627523303,0
2024-08-28,12225.181640625,12385.892394843113,12197.976097827737,12366.155816938095,313227,-1.1154833044808576,0
2024-08-29,12320.451171875,12346.370829497868,12118.833546582442,12210.837752283029,608598,0.7792892903399684,0
2024-08-30,12270.1953125,12435.40716585705,12184.324913676935,12326.584986999113,2271179,-0.40790599852157383,0
2024-09-02,12294.333984375,12390.888545802503,12218.158461977651,12240.51608600514,331514,0.1967260606716703,0
2024-09-03,12264.357421875,12340.73099458027,12227.55651449022,12340.434400057347,445514,-0.2438242082742903,0
2024-09-04,12204.1591796875,12265.247989442953,12103.102567876393,12193.07891085075,735076,-0.490838941795102,0
2024-09-05,12166.912109375,12237.54797889686,12099.047031682183,12204.901327053401,595865,-0.3051998074106832,0
2024-09-06,12055.6669921875,12173.095237171552,11965.196001290638,12118.832930858209,733354,-0.9143249839191459,0
2024-09-09,12015.69921875,12089.005405562413,11972.417672462589,12066.895104929965,415790,-0.3315268534159088,0
2024-09-10,12132.08984375,12156.47532383517,11968.460480332342,12020.002232344694,285122,0.9686546149422437,0
2024-09-11,12111.51171875,12201.933437786316,12034.743008810648,12128.725794329514,349799,-0.16961731461789809,0
2024-09-12,12268.0673828125,12293.937767857073,12021.238906665374,12130.80304988499,547830,1.2926186895409142,0
2024-09-13,12184.17578125,12262.280617858034,12159.443468587922,12232.60184266354,361093,-0.6838208410888891,0
2024-09-16,12157.416015625,12231.61295607352,12124.769361827652,12190.013398016583,170114,-0.2196272124223575,0
2024-09-17,12114.62890625,12153.458637754426,12021.536866334012,12153.458637754426,568161,-0.35194246310242816,0
2024-09-18,12073.423828125,12205.841204694501,12039.68934139223,12108.989085588015,182282,-0.34012662248154024,0
2024-09-19,12219.24609375,12277.119703958022,12075.700141026839,12128.67656022684,465608,1.2077954663142654,0
2024-09-20,12479.4306640625,12569.1104186683,12227.704985687653,12228.051817737978,875654,2.1293013359112267,0
2024-09-23,12547.294921875,12612.489681997158,12489.81741589255,12489.81741589255,235586,0.543808925578082,0
2024-09-24,12602.201171875,12642.119704286772,12448.366186686804,12448.366186686804,425916,0.43759432086254435,0
2024-09-25,12648.4013671875,12678.970892266965,12475.967875475275,12590.973130056514,341172,0.36660417241718424,0
2024-09-26,13240.4931640625,13267.402114088052,12692.623154406809,12697.569617054667,1471069,4.681159141668334,0
2024-09-27,13351.095703125,13396.653396407877,13132.314242700864,13239.701752177032,865698,0.8353354946226466,0
2024-09-30,13096.25390625,13355.448537118522,13067.26782968322,13200.673534739395,415743,-1.9087706547961547,0
2024-10-01,13025.025390625,13158.035963898568,12860.852102798439,13096.254452460409,388888,-0.5438846569018274,0
2024-10-03,12511.927734375,13007.217395937236,12457.467377121106,12802.483126043613,863520,-3.939321735367296,1
2024-10-04,12470.7744140625,12739.960527278306,12378.522884870557,12554.023767598752,679362,-0.32891270782707815,0
2024-10-07,12393.3623046875,12512.572055852126,12245.463069840102,12490.856891360689,465500,-0.6207482134205522,0
2024-10-08,12397.7646484375,12494.863130075582,12328.612714516892,12368.382467231997,387060,0.0355217869192348,0
2024-10-09,12624.0654296875,12712.409059737474,12406.22302051656,12420.518490851626,465231,1.8253353541319406,0
2024-10-10,12805.5009765625,12826.17757676149,12575.391921866849,12661.856474927748,492698,1.4372196332912424,0
2024-10-11,12639.8447265625,12841.01697508807,12588.747381201518,12805.50098699655,274243,-1.2936334962856622,0
2024-10-14,12403.6005859375,12661.95470878102,12328.859730776128,12638.211688778618,488067,-1.869043059750053,0
2024-10-15,12313.4765625,12572.91852353526,12222.708974606825,12572.91852353526,532135,-0.7265956591643086,0
2024-10-16,12251.2998046875,12321.588843749056,12100.036594655643,12281.126393965864,418138,-0.5049488460623364,0
2024-10-17,12013.720703125,12287.111296924193,11940.760381819351,12267.226904271745,875937,-1.9392154738683276,0
2024-10-18,11975.484375,12011.247685674829,11717.625861961335,11940.760594345325,506871,-0.3182721578923853,0
2024-10-21,12045.52734375,12118.83353403183,11816.653936486548,12015.501735698008,375275,0.5848863107050795,0
2024-10-22,11795.630859375,12158.206554088418,11713.222988831856,12085.147690722919,904901,-2.074599784995401,1
2024-10-23,11828.1796875,11990.127069896142,11627.60062454814,11795.631576415844,412638,0.275939697613814,0
2024-10-24,11637.740234375,11870.471292178363,11512.298140117053,11870.471292178363,552495,-1.610048698585942,0
2024-10-25,11379.6826171875,11668.012103706254,11317.505971261537,11637.640631348902,624582,-2.217420323795005,1
2024-10-28,11360.29296875,11508.093652976651,11317.506068621688,11381.612028656327,613830,-0.1703883059815281,0
2024-10-29,10927.724609375,11360.045418201442,10627.425073719145,11327.398766733999,2268683,-3.807721865667668,1
2024-10-30,11135.921875,11396.649722966997,10827.80652932932,10861.442474692243,1672966,1.9052206480970835,0
2024-10-31,10957.849609375,11127.117177476151,10931.682628324012,11104.808823795205,838211,-1.5990796956358855,0
2024-11-01,10991.0400390625,11089.523917478447,10961.361263079434,11030.611740373257,65670,0.302891816101436,0
2024-11-04,10934.1064453125,11174.059155876865,10743.716904189709,11174.059155876865,444462,-0.5180000577530097,0
2024-11-05,11050.49609375,11154.273266503365,10893.99078851853,10923.768107204449,321159,1.064464197597026,0
2024-11-06,11232.6748046875,11307.613714475032,11052.969428635795,11098.872988862238,416027,1.6486021024932684,0
2024-11-07,11179.154296875,11263.095381059122,11066.819357936702,11184.100759492943,530194,-0.476471621791863,0
2024-11-08,11181.9736328125,11222.534627145447,11006.472748939246,11139.928699662492,269993,0.025219581576818584,0
2024-11-11,11277.6376953125,11394.819582975008,11188.897966494973,11210.16775484861,450681,0.8555203727120375,0
2024-11-12,11023.78515625,11393.583475226844,10988.319405647448,11270.069723734487,549747,-2.2509371724896976,1
2024-11-13,10931.2861328125,11023.537659376405,10747.970423917966,11020.718562165095,507710,-0.8390858686597058,0
2024-11-14,10888.2021484375,10998.65703867062,10775.47207875455,10936.62820785266,431348,-0.39413463202353505,0
2024-11-18,10975.162109375,11063.20914496987,10798.12801705603,10832.753255773114,333440,0.7986622561924062,0
2024-11-19,10841.953125,11075.376884090754,10779.727206281736,10971.253848245145,864067,-1.2137313603888589,0
2024-11-21,10745.1513671875,10840.865417897234,10654.68037357969,10804.212323482298,540201,-0.8928442753482257,0
2024-11-22,10945.1357421875,10987.725555740513,10711.316854252482,10788.234343496577,493678,1.8611592165252544,0
2024-11-25,10907.0986328125,11127.512809399543,10872.373886271595,11082.054625636662,635726,-0.3475252410839236,0
2024-11-26,10826.767578125,10959.332769813294,10774.829723172497,10907.098320339392,406586,-0.7365025053118646,0
2024-11-27,10939.9423828125,10997.866231846954,10753.609525996246,10818.902831305883,343332,1.0453240440495337,0
2024-11-28,10832.6044921875,10961.954491309029,10771.417135259599,10941.971554960515,607669,-0.9811559043824247,0
2024-11-29,10955.623046875,11010.923917205046,10803.073952240307,10832.70345543124,338207,1.1356322920883954,0
2024-12-02,11118.955078125,11208.684101710282,11031.600742998355,11031.600742998355,446880,1.4908511414746917,0
2024-12-03,11158.4775390625,11187.908991223514,11083.043985204442,11129.540733156295,258644,0.3554512151529021,0
2024-12-04,11010.6767578125,11179.00526333061,10987.082518101748,11160.208705808194,554674,-1.3245604584728787,0
2024-12-05,11062.515625,11149.326038476158,10912.885140233406,11015.722284803267,545501,0.4708054584448451,0
2024-12-06,11196.763671875,11254.14263906976,11001.922313326082,11080.076423815495,417214,1.213539952627185,0
2024-12-09,11159.021484375,11247.168026863616,11132.063263421216,11200.769821605356,254485,-0.337081219234836,0
2024-12-10,11078.2958984375,11193.201647126753,11050.397655629127,11154.273372177118,410569,-0.7234109733593841,0
2024-12-11,11156.9931640625,11199.631283117333,11100.454712906318,11109.655905770736,226584,0.7103733854599392,0
2024-12-12,11047.8251953125,11178.361564782323,10959.629384535834,11178.361564782323,396561,-0.97847123454049,0
2024-12-13,11151.8486328125,11169.111979624868,10915.457004026091,11018.146335235462,263579,0.9415738904353432,0
2024-12-16,11156.251953125,11208.140539974062,11085.022890375598,11135.031434959708,223389,0.039485115495052625,0
2024-12-17,10989.60546875,11151.750902745598,10941.278914539722,11142.401895007146,295445,-1.4937497384891918,0
2024-12-18,10884.6416015625,10979.217579351482,10852.637409107236,10966.307505279587,497103,-0.9551195216786934,0
2024-12-19,10838.044921875,10917.238557327422,10736.247305933137,10771.4164601733,435360,-0.428095672721196,0
2024-12-20,10784.3271484375,10958.393362433288,10749.603367052738,10822.860285729002,404608,-0.4956408081413177,0
2024-12-23,10706.123046875,10872.126129135762,10640.23655520594,10810.988048073368,237165,-0.7251644028049564,0
2024-12-24,10621.6376953125,10770.873051779983,10610.16228851044,10706.123663054545,151149,-0.7891311466587392,0
2024-12-26,10779.3310546875,10857.287110283249,10654.68019998021,10655.174846229049,349811,1.4846426125473267,0
2024-12-27,10823.8984375,11013.79332475576,10795.752872852483,10812.472302426846,257973,0.4134522131883145,0
2024-12-30,10683.3203125,10832.752749675014,10634.992794770531,10823.898388681258,335481,-1.2987753517065492,0
2024-12-31,10742.1337890625,10777.055620183066,10635.487287451382,10649.733485523251,198997,0.5505168322406773,0
2025-01-01,11088.287109375,11153.23454946651,10684.557220201148,10741.738134381618,383202,3.2223888392169275,0
2025-01-02,11714.5087890625,11732.168239401895,11105.797322516672,11164.165578532036,1417042,5.647596184247772,0
2025-01-03,11806.4638671875,11920.776420879902,11661.730569509007,11723.066703724868,701315,0.7849674261276363,0
2025-01-06,11629.7763671875,11851.625202741647,11565.521628284077,11801.2698297677,383268,-1.4965319166482138,0
2025-01-07,11595.7939453125,11699.32379150743,11548.704008924291,11629.77672222882,308104,-0.2922018515410074,0
2025-01-08,11695.416015625,11732.959859480008,11599.751236994322,11600.443934970288,303100,0.8591224609744819,0
2025-01-09,11614.837890625,11723.116148185338,11534.804706880288,11695.415958130554,266413,-0.6889718577975157,0
2025-01-10,11506.5595703125,11634.079759561642,11446.114185214983,11564.829284802347,218246,-0.9322413393293871,0
2025-01-13,11374.5888671875,11529.660470607681,11345.206685949848,11345.701332212751,253524,-1.1469171329498984,0
2025-01-14,11615.431640625,11659.355646516156,11407.531442148333,11410.450048148492,627463,2.117375636602259,0
2025-01-15,11819.4736328125,12061.850295966045,11733.99837413964,11763.231774372274,692822,1.7566458010381814,0
2025-01-16,11962.8212890625,12004.074978790657,11828.17896867997,11853.158603855054,551211,1.2128091377271444,0
2025-01-17,12006.3994140625,12059.376799299154,11875.763535181559,11972.319060980433,285370,0.3642796623555933,0
2025-01-20,11891.3447265625,12016.984869890734,11855.730197745048,12016.984869890734,251731,-0.9582780276761627,0
2025-01-21,11756.455078125,12009.81249236961,11735.036509781525,11888.376842098909,300038,-1.1343515097681722,0
2025-01-22,11891.6416015625,11949.51521225589,11772.629908178309,11772.629908178309,396590,1.1498918895121557,0
2025-01-23,11916.7705078125,11976.671977356016,11833.224560330691,11876.456837165728,480876,0.2113157046937708,0
2025-01-24,11839.75390625,11963.51400956171,11786.529197723601,11802.2593346623,310343,-0.646287528252798,0
2025-01-27,11865.42578125,11917.908522659996,11684.583300646347,11774.461106332845,251783,0.21682777533449382,0
2025-01-28,11993.9345703125,12034.446290136782,11757.69172195079,11889.662757643844,533451,1.08305248738374,0
2025-01-29,11849.6474609375,12188.77674927291,11757.79106924785,11990.225543950162,817549,-1.2030006377735325,0
2025-01-30,11871.509765625,11981.172450642585,11795.432787434578,11892.284907714844,418442,0.18449751150462212,0
2025-01-31,12178.833984375,12257.333957052242,11871.509885764883,11871.509885764883,709009,2.5887542934082797,0
2025-02-01,12778.1962890625,13009.196082620825,12097.71184467364,12188.083326075175,1101170,4.921343910726272,0
2025-02-03,12999.25390625,13317.064115216588,12783.2915512458,12850.909305761763,926127,1.729959473049525,0
2025-02-04,12969.5751953125,13117.969067929382,12832.607457665928,13108.125414491275,530749,-0.22831087962079666,0
2025-02-05,12946.6728515625,13009.196330570157,12864.264979815136,12969.624630705304,271633,-0.1765851495142079,0
2025-02-06,12934.009765625,12989.41014400002,12867.52911835379,12920.159671031244,414134,-0.09780957689041747,0
2025-02-07,12909.7724609375,12968.140718356964,12872.673992238686,12920.160032173168,355223,-0.18739203948890948,0
2025-02-10,12762.615234375,12920.160065185162,12748.666596550987,12910.267140173535,294142,-1.1398901646622273,0
2025-02-11,12588.103515625,12877.867672548035,12563.470712273995,12761.823856628285,354195,-1.367366449158225,0
2025-02-12,12520.041015625,12628.665143332666,12473.04961995905,12564.015262264124,425735,-0.5406890713562817,0
2025-02-13,12535.6220703125,12608.483850590506,12479.677771729159,12539.282645844514,186742,0.12444891089458121,0
2025-02-14,12544.4765625,12643.158492044715,12449.355699609241,12564.01508990359,233454,0.07063464531584795,0
2025-02-17,12626.2412109375,12637.221970876586,12443.419190188504,12466.667563158257,192210,0.6517980087102471,0
2025-02-18,12649.2919921875,12746.98462683641,12598.78880314209,12628.269526503556,267936,0.1825624971431017,0
2025-02-19,12550.3134765625,12632.424754332349,12515.539458630838,12590.725688877928,288694,-0.7824826534649665,0
2025-02-20,12307.4423828125,12514.550385557177,12247.441404995878,12514.550385557177,423739,-1.9351795013212825,0
2025-02-21,12191.4970703125,12305.413524060586,12113.886879078751,12287.013069673996,477013,-0.9420747942067931,0
2025-02-24,12213.013671875,12299.378711836465,12089.252603423927,12117.200115879941,399571,0.17648859232304304,0
2025-02-25,12342.7587890625,12373.477093308535,12217.762071237596,12256.097154659496,363355,1.062351362844094,0
2025-02-27,12248.0341796875,12415.620713449265,12180.169101512936,12397.516854156022,236805,-0.767450867296704,0
2025-02-28,11817.939453125,12206.385540627261,11685.226443594172,12206.385540627261,605149,-3.5115408746636434,1
2025-03-03,11649.5126953125,11930.323958784655,11631.85421014671,11758.730976743322,186884,-1.4251787164805907,0
2025-03-04,11491.869140625,11598.712731903383,11466.88950470112,11564.82946337297,255726,-1.3532201630282126,0
2025-03-05,11492.95703125,11703.330471346819,11444.48169793673,11480.739655112413,349730,0.009466611668540459,0
2025-03-06,11541.482421875,11603.906392255269,11357.077913217996,11575.711555972455,315309,0.42221849862533745,0
2025-03-07,11539.2568359375,11616.569467397569,11476.78262630305,11525.257960212959,259055,-0.019283362883104616,0
2025-03-10,11461.9921875,11572.645133395696,11410.153840113391,11475.793011109552,153894,-0.6695808017451288,0
2025-03-11,11522.240234375,11566.807667343843,11386.756436121077,11455.512263428673,245822,0.5256332920964946,0
2025-03-12,11515.462890625,11598.415643876593,11398.627836390602,11496.369739180125,249361,-0.05881967058611881,0
2025-03-13,11390.515625,11559.88269171903,11366.72333394769,11510.220015731536,260736,-1.085039019375611,0
2025-03-17,11429.9892578125,11627.105793737772,11333.681050684292,11390.516099558723,275569,0.3465482521780139,0
2025-03-18,11429.9892578125,11429.9892578125,11429.9892578125,11429.9892578125,0,0.0,0
2025-03-19,11491.1767578125,11589.018176359037,11423.360947487301,11574.722705949722,476555,0.535324212646815,0
2025-03-20,11604.5986328125,11639.025817274372,11463.921051472624,11574.623264430335,379421,0.9870344647069151,0
2025-03-21,11607.1708984375,11794.048638897197,11580.460000827825,11653.865697850419,560565,0.022165916343941383,0
2025-03-24,11794.5927734375,11861.61734182018,11616.322067706213,11653.816640742014,359033,1.614707637545254,0
2025-03-25,11741.814453125,11945.954579506875,11673.651811613103,11823.431086553652,514283,-0.4474789535028445,0
2025-03-26,11608.6552734375,11741.814629151844,11584.615657906596,11680.57703440676,478517,-1.134059648268937,0
2025-03-27,11596.4375,11770.602252701492,11513.386200785002,11647.089469598593,645787,-0.10524710355950262,0
2025-03-28,11398.77734375,11620.180819379271,11278.033417231607,11573.782613146495,541795,-1.7044903337770756,0
2025-04-01,11358.166015625,11422.173435175882,11169.11260065158,11357.078180290535,498244,-0.35627793139820785,0
2025-04-02,11590.6494140625,11606.379551175158,11287.87663919324,11358.1656777408,452994,2.0468392354688447,0
2025-04-03,11562.94921875,11676.570041409126,11486.724425268469,11505.966357508061,326624,-0.238987431359039,0
2025-04-04,11359.056640625,11505.471932630966,11208.68417856482,11475.793157224352,355785,-1.7633267626426696,0
2025-04-07,11208.4365234375,11236.878682359702,10941.030958165768,10986.686226650365,602353,-1.3259914265135064,0
2025-04-08,11336.2041015625,11426.674126899887,11169.16148494093,11406.542411168175,629968,1.1399232877647991,0
2025-04-09,11334.720703125,11415.149993185025,11302.667238474587,11337.391020090874,255114,-0.013085495146436532,0
2025-04-11,11474.8525390625,11553.699341511423,11357.077464673115,11357.423330592474,231420,1.2363060335387477,0
2025-04-15,11728.0625,11812.152361872628,11554.93631379165,11663.758487979756,458593,2.2066511101169084,0
2025-04-16,11539.107421875,11641.99383921682,11490.632090627412,11641.99383921682,470494,-1.6111363503136134,0
2025-04-17,11569.775390625,11602.42204200513,11401.595671394025,11539.107324176997,302146,0.2657741853747009,0
2025-04-21,11619.240234375,11642.983254011015,11463.921314256067,11569.775610133302,318493,0.4275350391856447,0
2025-04-22,11608.3583984375,11661.780194373721,11490.632588874345,11643.972929061647,516753,-0.09365359281673369,0
2025-04-23,11779.505859375,11842.820579707577,11603.41179345002,11672.662268813776,493839,1.474346803080584,0
2025-04-24,11766.6455078125,11911.082219107324,11731.030976260352,11812.152964795801,387863,-0.1091756455324,0
2025-04-25,11572.744140625,11917.017944774214,11473.814886559134,11774.559818919366,906266,-1.6478899365053423,0
2025-04-28,11719.1591796875,11768.623805635869,11168.123246622672,11305.634906759138,457303,1.2651713135912512,0
2025-04-29,11714.212890625,11812.152851453635,11615.28363726274,11685.523407149945,455596,-0.04220685961048298,0
2025-04-30,12125.7578125,12193.029700502775,11673.651153422536,11698.38346518826,967250,3.513210197881622,0
2025-05-02,12272.173828125,12590.726022615629,12118.833486056528,12125.758533762846,707908,1.2074793005849571,0
2025-05-05,12324.6064453125,12356.263806546245,12229.634361611264,12356.263806546245,270014,0.42724799959512616,0
2025-05-06,12446.2890625,12464.096327671687,12238.53763549698,12304.820233636037,414921,0.9873144244194609,0
2025-05-07,12497.732421875,12533.346952642632,12222.709100947171,12222.709100947171,303619,0.4133228717144055,0
2025-05-08,12259.3125,12462.11745985313,12197.976365800518,12425.51363783086,485326,-1.9077054446908215,0
2025-05-09,12118.8330078125,12227.655181760205,11985.278521603954,12005.064371412627,278112,-1.145900246751197,0
2025-05-12,12480.9140625,12494.76415736961,12292.948489269578,12292.948489269578,185165,2.9877551283533865,0
2025-05-13,12348.3486328125,12564.014391661492,12296.905424279714,12465.085144483057,378269,-1.0621452004529464,0
2025-05-14,12534.3359375,12581.821977357933,12278.109180766574,12351.316825547554,306050,1.506171474566953,0
2025-05-15,12813.31640625,12883.556173455354,12413.642237926575,12465.085447710779,561496,2.225729948048949,0
2025-05-16,12855.8564453125,12945.882065668286,12773.745165207773,12811.338281400298,425275,0.3319986622803528,0
2025-05-19,12849.919921875,12906.309592792459,12791.551666013069,12850.909214347235,244277,-0.04617758033277353,0
2025-05-20,12502.6787109375,12870.695523761424,12474.978520724946,12865.749061223469,361111,-2.7022830729581115,1
2025-05-21,12479.9248046875,12670.858255920532,12459.149662325357,12539.282354293624,209104,-0.18199224962962557,0
2025-05-22,12311.7451171875,12475.96767158309,12262.280492369551,12475.96767158309,434848,-1.3476017694980968,0
2025-05-23,12319.6591796875,12361.209463598756,12289.980405465174,12316.691302265268,169465,0.0642805908071642,0
2025-05-26,12288.001953125,12404.73846632593,12258.323178582392,12321.637897606624,214703,-0.2569651164919917,0
2025-05-27,12281.0771484375,12345.381161217301,12158.404877903728,12288.002195967632,344679,-0.056354195856378464,0
2025-05-28,12198.9658203125,12282.066390331658,12173.24421530657,12281.07709783143,178181,-0.6686003770886462,0
2025-05-29,12259.3125,12294.927029535185,12134.661646626857,12207.869290671402,191097,0.49468684949520725,0
2025-05-30,12187.0947265625,12356.263749879505,12119.822834249304,12259.313081545783,351353,-0.5890850195514608,0
2025-06-02,12158.4052734375,12187.094756995653,12002.097052672398,12030.78653623055,264972,-0.23540846911175306,0
2025-06-03,11998.1396484375,12217.762587252897,11930.867757268821,12141.587063429539,369114,-1.318146758523775,0
2025-06-04,12032.7646484375,12113.886633241567,11998.13941102113,11998.13941102113,205846,0.28858640601427954,0
2025-06-05,11996.1611328125,12125.758453313774,11887.338955292347,12069.368779507877,319783,-0.30419871654144837,0
2025-06-06,12328.5634765625,12400.781831063308,11970.439581640687,12009.021990209612,456129,2.7709059595806496,0
2025-06-09,12501.689453125,12524.443180862743,12332.520433857422,12371.102841760554,323443,1.4042672278211876,0
2025-06-10,12385.9423828125,12607.543907872403,12327.574123979757,12524.44333597494,325292,-0.9258514278929542,0
2025-06-11,12318.669921875,12425.513509376004,12293.937609953471,12336.477186458502,306061,-0.5431355875742727,0
2025-06-12,12257.333984375,12356.263233643564,12175.222707482093,12325.595166370309,347339,-0.49791039039922547,0
2025-06-13,12275.1416015625,12291.959574420862,12045.625736671906,12069.368757177828,385493,0.14528132471709476,0
2025-06-16,12395.8349609375,12432.43878324833,12203.91221692937,12271.184106581704,184242,0.9832339478645036,0
2025-06-17,12460.138671875,12479.924521294412,12336.477113003672,12394.845368790939,226597,0.5187525579368968,0
2025-06-18,12611.5009765625,12742.087588494274,12415.62105866484,12484.871534689266,467738,1.2147722322637833,0
2025-06-19,12668.8798828125,12687.676440502133,12577.864971894278,12613.479502253582,339117,0.4549728565746092,0
2025-06-20,12654.0400390625,12751.979994020454,12591.714613180166,12671.84730360031,652128,-0.11713619425922639,0
2025-06-23,12563.025390625,12649.093837666844,12530.378738298783,12634.254450245837,192037,-0.719253678323617,0
2025-06-24,12475.9677734375,12717.35514451979,12418.588808180235,12692.622831908899,332717,-0.692966976350029,0
2025-06-25,12630.2978515625,12669.869553141767,12481.90397064025,12548.186570785521,316536,1.2370188904590185,0
2025-06-26,12578.8544921875,12710.430398397562,12553.132886462225,12643.158506500688,354735,-0.40730123691133935,0
2025-06-27,12506.6357421875,12661.954664155815,12485.860599758616,12613.479331821754,346403,-0.5741281930310427,0
2025-06-30,12267.2265625,12539.281990297379,12199.954674899192,12531.367650579637,448956,-1.9142572361000587,0
2025-07-01,12308.77734375,12325.595316330273,12188.083658173928,12316.691683787776,283481,0.3387137348308089,0
2025-07-02,12486.849609375,12507.624751333238,12226.66568865993,12247.440830618167,609735,1.446709617469999,0
2025-07-03,12615.4580078125,12682.72989806746,12455.192622205095,12494.764322355073,606221,1.0299507278516584,0
2025-07-04,12510.5927734375,12611.500606973055,12472.999658983077,12578.853954946846,225607,-0.8312439731483323,0
2025-07-07,12385.9423828125,12534.336261200828,12337.467049205645,12511.582533181285,220116,-0.9963587887670489,0
2025-07-08,12281.0771484375,12420.567391544451,12226.666060700747,12390.888616415314,241050,-0.8466471999782343,0
2025-07-09,12336.4775390625,12405.728014422113,12296.905838857007,12301.852301382693,174203,0.45110367727025924,0
2025-07-10,12514.5498046875,12534.335654181077,12268.215978492464,12366.155933485672,277325,1.4434611910989048,0
2025-07-11,12439.3642578125,12549.175728515314,12386.931753783228,12504.657564716877,194420,-0.6007850705651241,0
2025-07-14,12380.0068359375,12480.914674939067,12297.895555181321,12455.193068919061,246737,-0.47717407935635725,0
2025-07-15,12401.7705078125,12463.106641466326,12347.359421506686,12347.359421506686,147377,0.17579692938314295,0
2025-07-16,12429.470703125,12436.395750476311,12305.809143280156,12401.770513719755,204480,0.22335678034881568,0
2025-07-17,12342.4130859375,12491.796251693877,12329.552283587615,12434.417287363614,189207,-0.7004129078932664,0
2025-07-18,12286.0234375,12392.867026456439,12237.548105473468,12390.888441475763,124068,-0.4568770146070378,0
2025-07-21,12272.173828125,12344.3921827766,12209.848398768137,12297.895433891323,232066,-0.11272654203741128,0
2025-07-22,12358.2421875,12395.835303344142,12187.094581156942,12315.702609044789,169006,0.7013293698444167,0
2025-07-23,12491.796875,12582.811788479052,12405.728424210025,12405.728424210025,342005,1.080693236737873,0
2025-07-24,12422.5458984375,12525.432318238209,12384.952783510318,12512.57151576312,157163,-0.5543716188748826,0
2025-07-25,12271.1845703125,12422.546327750246,12224.687821295676,12410.674817362973,260700,-1.2184404820274275,0
2025-07-28,12207.869140625,12400.781173236172,12170.276026577694,12238.537207347801,292879,-0.5159683592460884,0
2025-07-29,12335.48828125,12373.081396550946,12136.640487158153,12207.869547728367,285115,1.0453842448254314,0
2025-07-30,12482.892578125,12507.624890254745,12287.012666057417,12297.894883394505,203847,1.1949611844636499,0
2025-07-31,12473.0,12623.372461928933,12330.54187817259,12372.092163705584,709783,-0.07924908480215764,0
2025-08-01,12302.0,12779.0,12273.0,12521.0,346024,-1.37096127635693,0
2025-08-04,12365.0,12425.0,12225.0,12326.0,255693,0.5121118517314338,0
2025-08-05,12537.0,12577.0,12370.0,12400.0,233560,1.3910230489284192,0
2025-08-06,12524.0,12619.0,12483.0,12570.0,151608,-0.10369306851718552,0
2025-08-07,12632.0,12654.0,12429.0,12525.0,173393,0.8623442989460273,0
2025-08-08,12590.0,12725.0,12564.0,12630.0,247048,-0.33248891703610006,0
2025-08-11,12597.0,12734.0,12482.0,12585.0,187230,0.055599682287521546,0
2025-08-12,12840.0,12959.0,12606.0,12620.0,504476,1.9290307216003777,0
2025-08-13,12834.0,12925.0,12752.0,12840.0,252065,-0.04672897196261738,0
2025-08-14,12936.0,12956.0,12825.0,12864.0,318580,0.79476390836839,0
2025-08-18,14068.0,14125.0,13664.0,13703.0,2154781,8.750773036487324,0
2025-08-19,14250.0,14270.0,13979.0,14070.0,906623,1.2937162354279108,0
2025-08-20,14221.0,14362.0,14200.0,14362.0,391425,-0.20350877192982786,0
2025-08-21,14280.0,14401.0,14156.0,14219.0,513460,0.41487940369875353,0
2025-08-22,14349.0,14370.0,14230.0,14349.0,458935,0.48319327731092265,0
2025-08-25,14452.0,14478.0,14280.0,14401.0,357110,0.7178200571468452,0
2025-08-26,14714.0,14825.0,14391.0,14452.0,962974,1.8128978688070951,0
2025-08-28,14752.0,14895.0,14625.0,14895.0,666635,0.25825744189207356,0
2025-08-29,14791.0,14850.0,14692.0,14750.0,621560,0.2643709327548871,0
2025-09-01,14887.0,14938.0,14654.0,14790.0,572927,0.6490433371644899,0
2025-09-02,14842.0,14934.0,14783.0,14859.0,379167,-0.30227715456438986,0
2025-09-03,14927.0,14991.0,14750.0,14875.0,561656,0.5726990971567147,0
2025-09-04,14662.0,15240.0,14630.0,15240.0,784369,-1.775306491592421,0
2025-09-05,14895.0,14957.0,14701.0,14740.0,473806,1.589141999727195,0
2025-09-08,15258.0,15319.0,14850.0,14921.0,691077,2.437059415911369,0
2025-09-09,15365.0,15384.0,15201.0,15249.0,605860,0.7012714641499551,0
2025-09-10,15108.0,15384.0,15072.0,15366.0,489062,-1.6726326065733765,0
2025-09-11,15095.0,15191.0,15038.0,15111.0,657161,-0.08604712734975317,0
2025-09-12,15325.0,15373.0,15153.0,15160.0,420101,1.5236833388539317,0
2025-09-15,15265.0,15378.0,15249.0,15350.0,170587,-0.3915171288743857,0
2025-09-16,15573.0,15594.0,15284.0,15300.0,381944,2.017687520471667,0
2025-09-17,15801.0,15818.0,15570.0,15592.0,624986,1.4640724330572175,0
2025-09-18,15817.0,15939.0,15703.0,15916.0,642175,0.10125941396115223,0
2025-09-19,15864.0,16060.0,15811.0,16000.0,652443,0.2971486375418886,0
2025-09-22,15816.0,16000.0,15779.0,15879.0,302234,-0.302571860816947,0
2025-09-23,16097.0,16325.0,16031.0,16120.0,873114,1.7766818411734997,0
2025-09-24,16249.0,16375.0,16063.0,16188.0,663647,0.9442753308069873,0
2025-09-25,16269.0,16370.0,16067.0,16249.0,490262,0.1230844975075307,0
2025-09-26,16286.0,16435.0,16202.0,16235.0,490957,0.10449320794148065,0
2025-09-29,15984.0,16340.0,15950.0,16300.0,627326,-1.8543534323959276,0
2025-09-30,16029.0,16054.0,15921.0,15985.0,390006,0.28153153153154253,0
2025-10-01,15965.0,16109.0,15850.0,16026.0,426075,-0.3992763116850706,0
2025-10-03,15806.0,16025.0,15736.0,15949.0,470216,-0.9959285937989337,0
2025-10-06,15998.0,16057.0,15708.0,15840.0,268497,1.2147285840820032,0
2025-10-07,16108.0,16159.0,15977.0,16014.0,330326,0.6875859482435409,0
2025-10-08,16012.0,16236.0,15979.0,16108.0,306518,-0.595977154209093,0
2025-10-09,15985.0,16075.0,15853.0,16070.0,300499,-0.16862353235074234,0
2025-10-10,16265.0,16315.0,15911.0,15980.0,423031,1.7516421645292546,0
2025-10-13,16323.0,16432.0,16218.0,16264.0,337617,0.3565939133107987,0
2025-10-14,16261.0,16350.0,16121.0,16350.0,307925,-0.3798321386999981,0
2025-10-15,16212.0,16380.0,16200.0,16300.0,266435,-0.301334481274218,0
2025-10-16,16298.0,16332.0,16200.0,16246.0,265727,0.5304712558598546,0
2025-10-17,16401.0,16549.0,16298.0,16298.0,411608,0.6319793839735022,0
2025-10-20,16424.0,16518.0,16380.0,16500.0,374246,0.14023535150295974,0
2025-10-21,16396.0,16476.0,16330.0,16453.0,28990,-0.1704822211398005,0
2025-10-23,16393.0,16660.0,16340.0,16660.0,481753,-0.01829714564527407,0
2025-10-24,16274.0,16423.0,16200.0,16392.0,208520,-0.7259195998291945,0
2025-10-27,16388.0,16410.0,16275.0,16350.0,209829,0.7005038712055933,0
2025-10-28,16311.0,16495.0,16261.0,16399.0,383383,-0.4698559921894052,0
2025-10-29,16138.0,16428.0,16046.0,16360.0,232815,-1.060633928024035,0
2025-10-30,16206.0,16275.0,16077.0,16190.0,230383,0.4213657206593169,0
2025-10-31,16186.0,16516.0,15949.0,16204.0,719402,-0.1234110823151946,0
2025-11-03,15651.0,16100.0,15530.0,16016.0,942850,-3.3053255900160616,1
2025-11-04,15374.0,15633.0,15355.0,15607.0,748848,-1.7698549613443193,0
2025-11-06,15452.0,15534.0,15309.0,15534.0,429800,0.5073500715493617,0
2025-11-07,15479.0,15499.0,15260.0,15459.0,227247,0.17473466217965417,0
2025-11-10,15583.0,15647.0,15380.0,15380.0,274191,0.6718780282964021,0
2025-11-11,15645.0,15680.0,15512.0,15640.0,181524,0.39786947314381926,0
2025-11-12,15696.0,15731.0,15555.0,15674.0,244015,0.3259827420901251,0
2025-11-13,15749.0,15800.0,15660.0,15661.0,250711,0.3376656472986683,0
2025-11-14,15684.0,15735.0,15572.0,15725.0,253698,-0.4127246174360222,0
2025-11-17,15878.0,15892.0,15655.0,15689.0,301069,1.236929354756433,0
2025-11-18,15930.0,15999.0,15750.0,15878.0,392903,0.32749716588991173,0
2025-11-19,15768.0,15950.0,15715.0,15950.0,286434,-1.016949152542368,0
2025-11-20,15801.0,15823.0,15618.0,15810.0,249492,0.2092846270928428,0
2025-11-21,15977.0,16150.0,15737.0,15790.0,586351,1.1138535535725635,0
2025-11-24,15958.0,16085.0,15911.0,16005.0,525788,-0.11892094886398752,0
2025-11-25,15889.0,16050.0,15842.0,15958.0,214525,-0.4323850106529692,0
2025-11-26,16156.0,16210.0,15950.0,15950.0,314946,1.6804078293158886,0
2025-11-27,15903.0,16171.0,15875.0,16166.0,339986,-1.5659816786333214,0
2025-11-28,15900.0,16049.0,15850.0,15906.0,352340,-0.018864365214110723,0
2025-12-01,16097.0,16177.0,15851.0,15975.0,434052,1.238993710691827,0
2025-12-02,16239.0,16261.0,16095.0,16127.0,383165,0.882151953780208,0
2025-12-03,16082.0,16248.0,16010.0,16219.0,264397,-0.966808301003752,0
2025-12-04,15994.0,16135.0,15887.0,16058.0,248812,-0.5471956224350261,0
2025-12-05,16282.0,16338.0,15979.0,16000.0,332032,1.8006752532199632,0
2025-12-08,16187.0,16256.0,16094.0,16200.0,220513,-0.5834664046185933,0
2025-12-09,16020.0,16226.0,15985.0,16051.0,276388,-1.0316920985976363,0
2025-12-10,16019.0,16125.0,15925.0,16090.0,293374,-0.006242197253436554,0
2025-12-11,16248.0,16296.0,15983.0,16049.0,268701,1.4295524065172538,0
2025-12-12,16522.0,16536.0,16247.0,16248.0,404711,1.6863613983259418,0
2025-12-15,16415.0,16500.0,16360.0,16500.0,225221,-0.6476213533470498,0
2025-12-16,16354.0,16451.0,16320.0,16400.0,156134,-0.3716113310996083,0
2025-12-17,16398.0,16490.0,16357.0,16389.0,257406,0.2690473278708527,0
2025-12-18,16329.0,16486.0,16221.0,16440.0,213981,-0.4207830223197928,0
2025-12-19,16414.0,16475.0,16329.0,16329.0,360190,0.5205462673770533,0
2025-12-22,16649.0,16693.0,16414.0,16464.0,271590,1.4317046423784507,0
2025-12-23,16585.0,16720.0,16558.0,16709.0,215650,-0.38440747192023395,0
2025-12-24,16703.0,16720.0,16542.0,16640.0,258486,0.7114862827856561,0
2025-12-26,16596.0,16703.0,16516.0,16703.0,212925,-0.640603484404001,0
2025-12-29,16542.0,16682.0,16499.0,16600.0,251796,-0.32537960954447387,0
2025-12-30,16647.0,16818.0,16482.0,16575.0,1055843,0.6347479143997026,0
2025-12-31,16697.0,16776.0,16581.0,16581.0,314427,0.30035441821349984,0
2026-01-01,16708.0,16798.0,16602.0,16700.0,171293,0.06588009822123819,0
2026-01-02,16960.0,16999.0,16723.0,16750.0,388562,1.508259516399324,0
2026-01-05,17155.0,17370.0,16980.0,17025.0,305668,1.1497641509433887,0
2026-01-06,17292.0,17306.0,17142.0,17170.0,192182,0.7986009909647374,0
2026-01-07,16809.0,17249.0,16524.0,17230.0,427979,-2.793199167244964,1
2026-01-08,16664.0,16808.0,16541.0,16808.0,238421,-0.8626331132131626,0
2026-01-09,16501.0,16704.0,16417.0,16663.0,286302,-0.9781565050408059,0
2026-01-12,16582.0,16615.0,16271.0,16456.0,288686,0.4908793406460221,0
2026-01-13,16426.0,16726.0,16293.0,16662.0,312205,-0.9407791581232616,0
2026-01-14,16152.0,16412.0,16090.0,16390.0,240043,-1.668087178862776,0
2026-01-15,16152.0,16152.0,16152.0,16152.0,0,0.0,0
2026-01-16,15859.0,16197.0,15770.0,16000.0,703056,-1.8140168400198164,0
2026-01-19,16176.0,16242.0,15813.0,15859.0,385141,1.9988649977930484,0
2026-01-20,15879.0,16233.0,15850.0,16200.0,289609,-1.8360534124629124,0
2026-01-21,15770.0,15973.0,15675.0,15675.0,345738,-0.6864412116632024,0
2026-01-22,15765.0,15971.0,15714.0,15950.0,352320,-0.03170577045021883,0
2026-01-23,15469.0,15846.0,15439.0,15819.0,338669,-1.8775769108785312,0
2026-01-27,15245.0,15387.0,15013.0,15300.0,565768,-1.448057405132841,0
2026-01-28,14877.0,15294.0,14431.0,15161.0,1584483,-2.4139061987536903,1
2026-01-29,14502.0,14870.0,14353.0,14870.0,716545,-2.520669489816496,1
2026-01-30,14599.0,14679.0,14300.0,14502.0,946509,0.668873258860847,0
2026-02-02,14384.0,14446.0,14058.0,14251.0,621514,-1.47270360983629,0
2026-02-03,14782.0,15281.0,14482.0,15200.0,638870,2.7669632925472643,0
2026-02-04,15071.0,15170.0,14723.0,14800.0,451065,1.9550805033148322,0
2026-02-05,15059.0,15150.0,14900.0,15090.0,374759,-0.07962311724504234,0
2026-02-06,14997.0,15118.0,14871.0,15084.0,276529,-0.41171392522744155,0
2026-02-09,14978.0,15126.0,14905.0,15125.0,200034,-0.12669200506768563,0
2026-02-10,15146.0,15349.0,14983.0,14999.0,360240,1.1216450794498511,0
2026-02-11,15412.0,15432.0,15174.0,15180.0,360742,1.7562392710946728,0
2026-02-12,15326.0,15459.0,15265.0,15459.0,201895,-0.558006747988582,0
2026-02-13,15237.0,15434.0,15190.0,15309.0,208645,-0.5807125146809367,0
2026-02-16,15051.0,15299.0,14960.0,15237.0,210175,-1.2207127387280914,0
2026-02-17,15179.0,15211.0,14960.0,15031.0,166765,0.8504418311075623,0
2026-02-18,15164.0,15239.0,15074.0,15208.0,280772,-0.09882073917912848,0
2026-02-19,14903.0,15279.0,14853.0,15163.0,152788,-1.721181746241096,0
2026-02-20,14977.0,15077.0,14848.0,14903.0,515847,0.4965443199355768,0
2026-02-23,15072.0,15118.0,14984.0,15050.0,242968,0.6343059357681868,0
2026-02-24,14926.0,15062.0,14904.0,15001.0,300991,-0.9686836518046693,0
2026-02-25,15070.0,15133.0,14837.0,14860.0,356495,0.96475948010184,0
2026-02-26,15213.0,15224.0,15046.0,15145.0,308213,0.9489051094890621,0
2026-02-27,14857.0,15192.0,14804.0,15110.0,478164,-2.340103858542042,1
2026-03-02,14388.0,14684.0,14204.0,14407.0,603744,-3.1567611227031,1
2026-03-04,14158.0,14184.0,13794.0,14150.0,710366,-1.598554350847925,0
2026-03-05,14415.0,14570.0,14081.0,14300.0,448650,1.8152281395677372,0
2026-03-06,14159.0,14466.0,14115.0,14339.0,390629,-1.7759278529309697,0
2026-03-09,13508.0,13800.0,13365.0,13800.0,676224,-4.597782329260536,1
2026-03-10,13867.0,13909.0,13505.0,13721.0,353715,2.6576843352087653,0
2026-03-11,13497.0,13948.0,13441.0,13850.0,392182,-2.668205091223763,1
2026-03-12,13011.0,13430.0,12966.0,13430.0,544683,-3.600800177817298,1
2026-03-13,12591.0,12962.0,12483.0,12899.0,939594,-3.2280378141572474,1
2026-03-16,12757.0,12874.0,12400.0,12532.0,1416170,1.318402033198307,0
2026-03-17,12972.0,13100.0,12686.0,12790.0,1178941,1.6853492200360476,0
2026-03-18,13048.0,13176.0,13015.0,13100.0,458827,0.5858772741288876,0
2026-03-19,12599.0,12838.0,12505.0,12768.0,569346,-3.441140404659715,1
2026-03-20,12601.0,12756.0,12556.0,12605.0,725481,0.01587427573617184,0
2026-03-23,12355.0,12501.0,12278.0,12501.0,517985,-1.9522260138084224,0
2026-03-24,12464.0,12650.0,12332.0,12600.0,583568,0.8822339133953916,0
2026-03-25,12711.0,12780.0,12506.0,12549.0,540649,1.981707317073167,0
2026-03-27,12389.0,12646.0,12342.0,12626.0,775339,-2.5332389269136946,1
2026-03-30,12306.0,12424.0,12201.0,12300.0,635675,-0.6699491484381315,0
2026-04-01,12509.0,12900.0,12333.0,12900.0,501882,1.6496018202502905,0
2026-04-02,12631.0,12673.0,12239.0,12389.0,438227,0.9752977855943756,0
2026-04-06,12688.0,12720.0,12420.0,12631.0,382650,0.45127068323964625,0
2026-04-07,12798.0,12835.0,12496.0,12640.0,359542,0.866960907944514,0
2026-04-08,13602.0,13745.0,13210.0,13350.0,1026292,6.2822315986873045,0
2026-04-09,13589.0,13773.0,13330.0,13570.0,549914,-0.09557418026761022,0
2026-04-10,13709.0,13797.0,13590.0,13650.0,471921,0.8830671866951301,0
2026-04-13,13076.0,13420.0,12966.0,13402.0,1347910,-4.617404624699106,1
2026-04-15,13289.0,13473.0,13200.0,13250.0,699458,1.6289385133068324,0
2026-04-16,13335.0,13435.0,13237.0,13380.0,527309,0.3461509519151251,0
2026-04-17,13453.0,13647.0,13256.0,13300.0,549308,0.8848893888264042,0
2026-04-20,13450.0,13533.0,13329.0,13474.0,348629,-0.022299858767560465,0
2026-04-21,13461.0,13543.0,13421.0,13456.0,292879,0.08178438661710086,0
2026-04-22,13337.0,13530.0,13300.0,13452.0,434640,-0.9211797043310321,0
2026-04-23,13160.0,13358.0,13125.0,13250.0,541086,-1.3271350378645907,0
2026-04-24,13048.0,13253.0,12978.0,13200.0,464098,-0.8510638297872353,0
2026-04-27,13222.0,13270.0,13043.0,13153.0,312786,1.3335377069282561,0
2026-04-28,12892.0,13307.0,12828.0,13222.0,836679,-2.4958402662229595,1
2026-04-29,13257.0,13548.0,13090.0,13090.0,754798,2.8312131554452336,0
2026-04-30,13314.0,13360.0,12970.0,13134.0,612975,0.42996152975787183,0
2026-05-01,13314.0,13314.0,13314.0,13314.0,0,0.0,0
2026-05-04,13580.0,13976.0,13435.0,13559.0,722127,1.9978969505783484,0
2026-05-05,13426.0,13568.0,13360.0,13560.0,419490,-1.134020618556697,0
2026-05-06,13722.0,13762.0,13379.0,13555.0,435208,2.204677491434537,0
2026-05-07,13770.0,13870.0,13672.0,13722.0,726199,0.3498032356799241,0
2026-05-08,13726.0,13789.0,13626.0,13672.0,270505,-0.31953522149600344,0
2026-05-11,13483.0,13657.0,13231.0,13547.0,634354,-1.7703628150954387,0
2026-05-12,13172.0,13455.0,13150.0,13442.0,302512,-2.3066083215901534,1
2026-05-13,13103.0,13285.0,12986.0,13187.0,307027,-0.5238384451867639,0
2026-05-14,13075.0,13234.0,12926.0,13234.0,286648,-0.2136915210257162,0
2026-05-15,13221.0,13325.0,13079.0,13079.0,268206,1.1166347992351833,0
2026-05-18,13016.0,13139.0,12850.0,13127.0,373184,-1.5505634974661509,0
2026-05-19,12956.0,13104.0,12900.0,13034.0,342737,-0.4609711124769489,0
2026-05-20,13003.0,13072.0,12753.0,12850.0,300695,0.36276628589071436,0
2026-05-21,13010.0,13150.0,12933.0,13103.0,213095,0.05383373067753272,0
2026-05-22,12987.0,13152.0,12974.0,13100.0,387975,-0.1767870868562671,0
2026-05-25,13170.0,13236.0,13101.0,13145.0,276553,1.4091014091013987,0
2026-05-26,13208.0,13329.0,13134.0,13188.0,256901,0.2885345482156465,0
2026-05-27,13364.0,13417.0,13102.0,13208.0,322020,1.1811023622047223,0
2026-05-28,13364.0,13364.0,13364.0,13364.0,0,0.0,0
2026-05-29,13127.0,13508.0,13050.0,13456.0,963291,-1.77342113139779,0
2026-06-01,12946.0,13267.0,12913.0,13200.0,295359,-1.3788375104745954,0
2026-06-02,13022.0,13051.0,12700.0,12700.0,586599,0.5870539162675659,0
2026-06-03,13044.0,13206.0,12911.0,13014.0,607808,0.16894486254031005,0
2026-06-04,13064.0,13264.0,12949.0,12990.0,465070,0.15332720024532343,0
2026-06-05,13050.0,13175.0,12915.0,13151.0,295703,-0.10716472749541239,0
2026-06-08,12912.0,13029.0,12841.0,12900.0,372902,-1.0574712643678152,0
2026-06-09,13120.0,13157.0,12851.0,13079.0,428323,1.610904584882289,0
2026-06-10,13073.0,13205.0,13050.0,13118.0,203885,-0.3582317073170693,0
2026-06-11,13098.0,13217.0,12968.0,13070.0,308710,0.1912338407404679,0
2026-06-12,13366.0,13418.0,13130.0,13232.0,559038,2.046113910520697,0
2026-06-15,13805.0,13961.0,13520.0,13550.0,613280,3.284453089929662,0
2026-06-16,13691.0,13874.0,13661.0,13861.0,280511,-0.8257877580586714,0
2026-06-17,13630.0,13740.0,13560.0,13700.0,241534,-0.44554817033087835,0
2026-06-18,13484.0,13714.0,13433.0,13646.0,373512,-1.0711665443873808,0
2026-06-19,13395.0,13507.0,13353.0,13484.0,719756,-0.6600415307030594,0
2026-06-22,13421.0,13495.0,13380.0,13450.0,254533,0.1941022769690104,0
2026-06-23,13451.0,13549.0,13236.0,13420.0,398558,0.22353028835406796,0
2026-06-24,13248.0,13440.0,13201.0,13440.0,327495,-1.5091814734963904,0
2026-06-25,13745.0,13917.0,13326.0,13358.0,981556,3.75150966183575,0
2026-06-26,13745.0,13745.0,13745.0,13745.0,0,0.0,0
2026-06-29,13412.0,13840.0,13371.0,13740.0,1358592,-2.4226991633321204,1
2026-06-30,14115.0,14201.0,13510.0,13744.0,1511415,5.241574709215624,0
2026-07-01,14395.0,14549.0,14070.0,14151.0,1397790,1.983705278072967,0
2026-07-02,14348.0,14490.0,14275.0,14431.0,327088,-0.32650225772837826,0
2026-07-03,14366.0,14520.0,14333.0,14450.0,384188,0.12545302481181686,0
2026-07-06,14456.0,14526.0,14291.0,14348.0,214686,0.626479186969231,0
2026-07-07,14538.0,14598.0,14414.0,14463.0,524759,0.5672385168788097,0
2026-07-08,13951.0,14500.0,13880.0,14475.0,481076,-4.037694318338147,1
2026-07-09,13728.0,14037.0,13700.0,14000.0,576451,-1.5984517238907592,0
2026-07-10,13854.0,13987.0,13776.0,13800.0,430154,0.9178321678321666,0
2026-07-13,13695.0,13841.0,13536.0,13682.0,458633,-1.1476829796448706,0
2026-07-14,13489.0,13690.0,13470.0,13619.0,368645,-1.5041986126323459,0
2026-07-15,13583.0,13606.0,13435.0,13503.0,456369,0.6968641114982521,0
2026-07-16,13783.0,13845.0,13584.0,13605.0,356847,1.472428771258194,0
2026-07-17,13803.0,13885.0,13700.0,13750.0,237330,0.1451062903576883,0
2026-07-20,13514.0,13832.0,13377.0,13824.0,517730,-2.0937477359994183,1
2026-07-21,13597.0,13655.0,13348.0,13520.0,341101,0.6141778895959682,0
2026-07-22,13545.0,13719.0,13491.0,13596.0,299404,-0.38243730234610585,0
2026-07-23,13403.0,13568.0,13372.0,13541.0,327912,-1.0483573274270963,0
2026-07-24,13442.0,13495.0,13197.0,13340.0,223369,0.29097963142579175,0
