Date,Close,High,Low,Open,Volume,Daily_Change_%,Crash_Signal
2020-01-01,672.2162475585938,680.0089133736869,670.3905929951953,675.9567319058502,14004468,,0
2020-01-02,683.6602172851562,686.1761470483035,673.2848606187108,673.2848606187108,17710316,1.7024238506768485,0
2020-01-03,684.484130859375,686.487957480382,678.1831882354902,682.6361230710287,20984698,0.12051506777599474,0
2020-01-06,668.6094360351562,680.365168055788,667.050890914757,676.8473838070747,24519177,-2.319220287004753,1
2020-01-07,678.8956909179688,683.3040975466399,673.952886932682,676.4019951208164,16683622,1.5384549377301493,0
2020-01-08,673.7969970703125,683.2817317108661,672.3943304886236,674.6207976476823,16047902,-0.7510275754972096,0
2020-01-09,689.3155517578125,690.2061149022059,681.8568773480174,685.1297860788776,14982742,2.3031498737713374,0
2020-01-10,689.1596069335938,693.7461255846073,685.5972357997355,691.0520831577536,12478359,-0.022623140276045728,0
2020-01-13,687.4008178710938,694.0802201574284,685.0407659635977,688.0019777503975,18282382,-0.2552077987167167,0
2020-01-14,681.0330810546875,690.2061193009722,677.6711159879618,685.7531846503401,15816535,-0.9263499039944945,0
2020-01-15,678.5615844726562,685.7085608303954,676.0679485502039,683.9051409780271,15817859,-0.36290404251784203,0
2020-01-16,684.8179931640625,687.244866778881,680.4095869331176,680.8549279318096,12847975,0.9220104460037293,0
2020-01-17,704.0101928710938,705.7690846391494,691.6310096398801,691.7645940988411,29463471,2.8025256197427906,0
2020-01-20,682.3466796875,716.4784927540825,679.6971651864098,716.4784927540825,32545850,-3.0771590245370795,1
2020-01-21,683.0368041992188,688.3580668407448,677.737775908007,680.6767527586403,18922720,0.10113986515400963,0
2020-01-22,682.7919311523438,688.7588822425179,681.7900179448524,687.534328261155,10322817,-0.035850637237933025,0
2020-01-23,679.8975219726562,686.6214514994721,677.1589513580537,684.1945779592724,11247739,-0.42390793558479967,0
2020-01-24,677.5374755859375,684.1278207028573,676.201571520967,679.9642896946181,14628445,-0.34711795681668933,0
2020-01-27,670.8580932617188,678.8288715307318,670.1678770715025,674.576343167049,13387750,-0.9858321590908936,0
2020-01-28,655.3617553710938,672.3942783497732,651.7326219117568,671.7708247894806,24532236,-2.30992784409616,1
2020-01-29,658.96875,665.4477454950623,651.9330633649719,656.385997983268,24746565,0.5503822277306725,0
2020-01-30,642.8935546875,658.9018717010598,641.2237192109507,658.5901746274501,22402689,-2.4394472897994013,1
2020-01-31,628.5996704101562,647.123919300985,626.6181376421537,647.0125691802425,34750310,-2.2233671769025243,1
2020-02-03,616.9552001953125,623.3897268292178,606.9583616221806,610.0086294911721,30712290,-1.852446121590523,0
2020-02-04,635.1676635742188,637.8839401729988,622.4322559797637,623.4118752792756,25383901,2.9519912261280368,0
2020-02-05,645.0086059570312,646.9233758070424,636.9043045187749,638.9525993651572,18472100,1.5493456211916445,0
2020-02-06,649.14990234375,653.2466113131902,641.2682409254869,647.5023606854987,15538577,0.6420528886702304,0
2020-02-07,638.3960571289062,646.7230591514594,636.0137118794914,646.1218993889739,12209212,-1.6566043029533017,0
2020-02-10,639.264404296875,643.6728102657878,628.065247040691,635.8801458287573,15142476,0.13602013331253104,0
2020-02-11,646.9013061523438,652.8904923206876,643.472518918896,644.518960407984,13999816,1.194638995091335,0
2020-02-12,654.7161254882812,656.742245701073,647.9031394730254,648.4152429768247,13533565,1.2080388865526759,0
2020-02-13,656.4304809570312,658.0335539553153,651.2873305313852,658.0335539553153,13565659,0.2618471429081559,0
2020-02-14,662.419677734375,668.5869752575289,647.0569900773629,657.8108654922579,21227841,0.9123885850961466,0
2020-02-17,658.2561645507812,670.6798756802237,656.4972728187931,663.0430895240688,13149130,-0.6285310239928066,0
2020-02-18,653.4247436523438,657.2097556655767,648.97180932506,657.2097556655767,11127161,-0.7339727538646978,0
2020-02-19,669.633544921875,670.8135708716961,656.8536064661794,658.7460829667918,14084409,2.4805919009022404,0
2020-02-20,661.6849975585938,671.5037233050037,660.7276124968037,666.6055073331329,16892268,-1.1869995796295663,0
2020-02-24,643.4278564453125,657.6995152268572,641.0232768478887,654.4711351131652,21370214,-2.759189218532121,1
2020-02-25,630.71484375,646.3001152119884,627.864922735704,646.3001152119884,27745062,-1.975825660633801,0
2020-02-26,619.8495483398438,628.9112950285784,617.7789594939649,627.8648537048206,29362748,-1.7226953698370573,0
2020-02-27,617.2891235351562,620.6510881290094,609.6077499205786,618.0683364567957,25054993,-0.41307198037735526,0
2020-02-28,591.6401977539062,604.2643163833105,590.0148903377343,603.3291656588368,39315769,-4.155091156371105,1
2020-03-02,586.0740966796875,609.6078528086264,579.3724007114388,603.4182603911414,29500495,-0.9407915647634879,0
2020-03-03,597.9632568359375,602.8837657243814,588.678870623834,592.107656856765,27398798,2.028610413530685,0
2020-03-04,596.5606689453125,602.8393168736188,582.4003001293128,602.0378101189941,22105261,-0.23456088222655325,0
2020-03-05,583.8475341796875,604.6873035839145,581.5542452021383,602.126845697354,30510390,-2.1310715619420773,1
2020-03-06,565.9688720703125,573.6057169779667,552.6545991174132,565.5235905903087,33734039,-3.0622142019482435,1
2020-03-09,496.12457275390625,552.6101407818697,487.59719353402716,552.1870935973562,88187018,-12.340660902589217,1
2020-03-11,513.6691284179688,524.7569350107589,493.385961606044,493.385961606044,59578576,3.5363206395272018,0
2020-03-12,473.3477478027344,490.26892105164063,466.98004375854214,483.14423842846696,55970485,-7.849679566965362,1
2020-03-13,492.1837158203125,507.6354013912499,419.64530200918597,444.40363928088584,73297403,3.9793086805660627,0
2020-03-16,452.2853698730469,480.78419157795764,447.5207086747309,472.2568121164352,38482258,-8.10639293109644,1
2020-03-17,448.8565979003906,472.0118916262875,446.7191870864638,466.3343737158094,45445979,-0.7580992446469592,0
2020-03-18,431.2674865722656,461.28032501489446,427.9277857781092,456.5601919681001,44730415,-3.918648274393499,1
2020-03-19,408.6465148925781,430.59951868687136,397.2915088300032,409.7152202964063,61404010,-5.245230021738956,1
2020-03-20,453.28729248046875,460.8350229658722,414.123649892298,418.35394359459445,63360475,10.924056846447217,0
2020-03-23,393.662353515625,423.02950129195114,389.9218699453738,407.9785404343475,40670949,-13.153895984722064,1
2020-03-24,420.090576171875,431.9353918898189,398.8945807634273,414.1236252972025,45734887,6.713423933030738,0
2020-03-25,481.919677734375,512.778550360912,428.9296884312166,429.17459327724464,73130298,14.7180406011306,0
2020-03-26,474.7727355957031,497.34916518213845,464.1524728836179,487.95345651457,45744488,-1.4830152137118469,0
2020-03-27,474.5055236816406,493.0742985498193,465.86682419167437,487.59718710077345,41657940,-0.05628206803560687,0
2020-03-30,458.8534240722656,478.6022243792753,454.2001132600208,463.37318015277566,30229866,-3.298612730138928,1
2020-03-31,495.9464416503906,503.09338839129396,466.6683494310366,478.2237318418846,44292810,8.08384892258822,0
2020-04-01,481.1181640625,500.7778787446454,465.42154418897144,499.7314374197435,41597459,-2.989894944814142,1
2020-04-03,479.7822265625,505.16401523449554,470.3642552950806,505.16401523449554,41367807,-0.2776734698019978,0
2020-04-07,537.0693359375,540.5871191109118,489.8236031363708,490.7587239777516,54373624,11.940231672491386,0
2020-04-08,530.8574829101562,547.2666119015739,516.5412959187852,525.4471639311407,49880330,-1.1566203116959661,0
2020-04-09,543.2366333007812,548.9586489969397,531.2359703282597,540.5871192951221,33032857,2.3319159641044473,0
2020-04-13,529.5216674804688,541.0325221376103,525.4471928092958,536.1120125498173,23673784,-2.5246761686483543,1
2020-04-15,512.0216064453125,550.3837133914021,508.97133852649563,533.0394909756521,35321842,-3.3048810105210213,1
2020-04-16,520.1259765625,528.7646769192855,509.8619687316648,512.0216140957893,37455706,1.582817993453789,0
2020-04-17,545.0401611328125,547.7119694676354,531.0801974114287,541.4778491032873,33269335,4.790028895493692,0
2020-04-20,553.8569946289062,559.7348298724658,535.2436911572639,545.9307453957434,36030932,1.6176484092050858,0
2020-04-21,550.9848022460938,557.5083250081677,518.3224819342147,538.8059664932713,61371628,-0.5185801408424839,0
2020-04-22,607.2032470703125,616.6880417343276,578.8825664491623,587.7884356237253,142683366,10.20326596941401,0
2020-04-23,610.453857421875,617.1110242514935,602.6166648338456,608.8730782936495,65464502,0.5353413979991561,0
2020-04-24,630.98193359375,665.6926093550011,599.9003914322975,601.2140016546114,134986308,3.3627564020270118,0
2020-04-27,636.6594848632812,656.809040623181,633.6537450993618,638.5519612553153,58482901,0.8997961696295853,0
2020-04-28,635.947021484375,648.1035053145215,619.9164097345322,645.6766910891598,78453401,-0.11190650510126687,0
2020-04-29,635.4125366210938,647.3019093275574,632.3177410324345,643.405607041887,37494672,-0.08404550146861034,0
2020-04-30,652.8014526367188,665.6927417606581,640.3555045759841,647.4356605740215,71345899,2.736634078404143,0
2020-05-04,639.0863647460938,652.3561123219903,631.1823492999154,641.2237757465786,53456868,-2.1009585434022315,1
2020-05-05,650.4189453125,658.5901284085901,644.4297604788242,647.3242091452047,44903763,1.7732471214447987,0
2020-05-06,650.4635620117188,661.2396721044524,643.6728107196592,651.9107566845831,40489094,0.006859686289928391,0
2020-05-07,671.0361938476562,674.019699350152,643.4502566899976,647.9031914144758,50026966,3.162764686204955,0
2020-05-08,695.4605102539062,703.5202838378564,684.4617003890888,687.9795431758226,84262770,3.6397912109931596,0
2020-05-11,702.1399536132812,719.1501837188379,700.1361272712575,703.564854514178,67085063,0.9604345984988383,0
2020-05-12,658.7014770507812,698.3772514173569,652.3560664564766,696.79641276918,100683202,-6.186583791302769,1
2020-05-13,672.677001953125,686.4096865474885,653.5950534044931,686.4096865474885,66430125,2.121678087760892,0
2020-05-14,645.4813842773438,672.7894520264449,642.8292538253183,660.3378567998212,49266771,-4.042893929303137,1
2020-05-15,656.0224609375,659.3039301915819,636.1089238922658,649.0999085460102,62152260,1.6330566484047626,0
2020-05-18,647.6390380859375,666.1815376925038,641.9077470485184,660.7873884161261,62796089,-1.2779170456423183,0
2020-05-19,633.3219604492188,657.0564195102567,630.7822503273412,654.9436803175768,42315854,-2.210656985569015,1
2020-05-20,644.4699096679688,650.3810366625504,626.1746060014038,633.8163858969135,55320985,1.7602341170741553,0
2020-05-21,647.8637084960938,656.9438839898754,640.5590706705585,645.0542141170009,39167981,0.5266031473639243,0
2020-05-22,643.5034790039062,655.3931503743523,641.233434844536,652.6061872445827,37828973,-0.6730164747627332,0
2020-05-26,640.1322021484375,651.662261081613,636.6484234818872,650.9655053483029,33216635,-0.5238941148674514,0
2020-05-27,649.7966918945312,653.5950802585778,634.7154397533718,643.2562252592883,35667956,1.5097646569970147,0
2020-05-28,661.7987060546875,665.1700639694456,651.3474905739236,654.0445650157022,40126278,1.847041437709307,0
2020-05-29,658.2700805664062,661.6863829805953,652.9882921441282,659.8883134336163,40022527,-0.5331871241207375,0
2020-06-01,683.4204711914062,691.5117545227077,663.4619881609007,665.2825298829506,39943702,3.8206795914770275,0
2020-06-02,690.3203735351562,692.2533351438987,683.6226027052328,685.9601224657711,22153960,1.0096130617394783,0
2020-06-03,692.9951171875,701.243705152625,689.2640858781962,694.5009892228203,25381289,0.38746410433263545,0
2020-06-04,710.1441040039062,714.5044150378368,692.7029193183236,694.0514268333575,34202350,2.47461870813821,0
2020-06-05,710.9981689453125,727.3155677405333,707.4020299835134,716.976712812966,33076685,0.12026642713653946,0
2020-06-08,705.5139770507812,727.4953066184803,703.491186313025,727.4953066184803,31414953,-0.7713369927051184,0
2020-06-09,690.9722900390625,711.5825840206448,689.1068040465735,701.3785617206731,25857161,-2.061147969386301,1
2020-06-10,706.705322265625,710.0317358884901,692.2758817982025,693.6468614517847,22132647,2.2769411238868997,0
2020-06-11,691.219482421875,704.8172743086072,688.2077385143969,703.9407414982666,20385805,-2.1912725652191156,1
2020-06-12,714.1897583007812,716.0777164159133,672.9242267053721,674.2727936948124,38548899,3.3231522639413535,0
2020-06-15,725.7647705078125,731.3387563203479,701.7381741898191,703.4912994111404,53107403,1.6207194338057729,0
2020-06-16,727.1807250976562,741.0482428927804,712.6163922222294,738.5534772559045,51187003,0.19509828079049552,0
2020-06-17,726.1243286132812,735.159560417052,720.1682571993283,722.9327480146142,41782053,-0.14527289405713573,0
2020-06-18,744.3522338867188,748.4428198793569,721.7416204317783,722.3709596460744,40471557,2.510300861045156,0
2020-06-19,790.8770751953125,804.092782405198,747.094304408189,750.6903840730492,105804173,6.250379751755308,0
2020-06-22,784.9208984375,811.015227066077,779.9087764994645,797.1701824968853,60198705,-0.7531103055859356,0
2020-06-23,773.5707397460938,792.8324674172671,771.4130562292277,786.6516143231465,37962078,-1.4460257987779945,0
2020-06-24,776.69482421875,796.8556158794696,769.4351890087056,780.3134354719743,51586221,0.4038524613381389,0
2020-06-25,772.2220458984375,786.2019827039641,770.0418905851864,776.3126312670805,39679374,-0.5758733264138227,0
2020-06-26,782.8980102539062,787.5505181031782,771.8174569248488,777.1217760170375,30921913,1.3824992969538874,0
2020-06-29,774.5821533203125,782.0440974489501,771.165850862043,776.7847811125145,25621946,-1.0621890494902142,0
2020-06-30,766.0189208984375,782.6059869061835,762.1755284855506,780.8079767260515,30276420,-1.1055292695768881,0
2020-07-01,781.07763671875,786.2021202640287,767.7944531593192,773.166189855075,28464103,1.9658412357035138,0
2020-07-02,794.524169921875,797.7964291606368,783.1051378323464,786.6933471641555,28789533,1.7215360638940913,0
2020-07-03,806.9586181640625,809.2605230295892,797.9768734526536,803.302718327586,29434266,1.565018247765848,0
2020-07-06,835.799560546875,838.5978646000791,808.8542664677218,814.6766299428286,47016185,3.5740299110293305,0
2020-07-07,823.0039672851562,841.463976689244,815.2634586435034,839.5006450288294,35189589,-1.530940415109383,0
2020-07-08,811.5172729492188,828.1943991602055,807.9065001671087,823.2747585521189,26204095,-1.395703397861936,0
2020-07-09,823.364990234375,828.2169399112072,806.2139095305935,816.4820182311743,36418942,1.4599464090393477,0
2020-07-10,847.6474609375,850.6037702244128,823.3650864259226,825.2833506758969,43759967,2.9491745448410267,0
2020-07-13,873.3515014648438,879.0835514065949,857.5544142629645,859.066414273634,69608392,3.032397513338281,0
2020-07-14,865.2272338867188,876.3754426124376,851.8223070969156,872.9001111198423,67331128,-0.9302402943715649,0
2020-07-15,832.279052734375,893.1203044400035,811.5172588286548,874.6828596649843,139669773,-3.8080379190488567,1
2020-07-16,832.0083618164062,843.5627758296462,818.0392246836387,833.6331798351821,60961724,-0.032524057535676665,0
2020-07-17,862.8351440429688,866.581298459645,829.5710262803591,832.7304674212536,49726765,3.705104857271224,0
2020-07-20,866.5361328125,871.9974193757844,857.3964422325445,865.5883422314392,36592938,0.4289334753090346,0
2020-07-21,889.84814453125,892.3079949125722,874.0285529843062,875.1569121232839,42173371,2.690252701071638,0
2020-07-22,904.4942016601562,907.2022513326309,884.950961621849,895.0159382684053,59771457,1.645905227640987,0
2020-07-23,928.7765502929688,938.6609588483409,898.7846915588252,904.4716140026857,58333751,2.684632868651171,0
2020-07-24,968.65283203125,976.2579590026274,928.776564146926,928.8668185460966,120597372,4.2934203846665575,0
2020-07-27,973.1888427734375,992.4161339989756,960.4158156178775,983.3892613715004,80304827,0.46828033658616874,0
2020-07-28,982.8927001953125,990.2496273324197,970.6838232619775,973.1888006028569,55114422,0.9971196745557132,0
2020-07-29,946.311279296875,985.1945694094204,934.4860429521891,982.9830381867582,72663399,-3.7218122477833404,1
2020-07-30,951.8176879882812,965.7416374844678,935.1856290159112,947.3719425825504,72857444,0.5818813335393802,0
2020-07-31,932.9740600585938,960.9122737981927,926.5198556854664,954.3678150249528,74958061,-1.9797518125046154,0
2020-08-03,906.7509765625,928.4154946857375,904.0879942280135,925.8428264432459,46715383,-2.810698026743297,1
2020-08-04,970.6612548828125,978.063309181602,902.801648867005,911.9865259436237,92041055,7.048272345136786,0
2020-08-05,959.7613525390625,991.152334357933,956.082888808404,978.9660801786949,74549993,-1.12293576043333,0
2020-08-06,963.214111328125,978.3792977984335,951.3437476637285,973.549911434821,49322975,0.3597518049594406,0
2020-08-07,968.7882690429688,973.911042177792,956.9405280202135,961.2733960409245,32984416,0.5787039090569213,0
2020-08-10,956.7825317382812,977.1607467636378,951.4792497470256,974.4978239673667,26958997,-1.2392529604582814,0
2020-08-11,963.0787353515625,974.9039718853056,947.9812395926484,963.5300670431569,46828306,0.6580600506828072,0
2020-08-12,960.2803955078125,968.1338417220617,950.8924453804724,957.3015226996713,30264617,-0.2905618970736046,0
2020-08-13,957.7754516601562,965.3805786775785,952.3367286962583,960.4609378961798,24830322,-0.2608554604857427,0
2020-08-14,954.0518188476562,973.5498723174301,942.9713010071719,958.0010455824508,33224635,-0.3887793121076233,0
2020-08-17,943.919189453125,950.0800072856482,934.3281075225127,950.0800072856482,30979066,-1.0620627930639892,0
2020-08-18,956.1957397460938,963.3044077157676,939.8570673079405,941.0531171539242,30547672,1.3005933590651386,0
2020-08-19,962.063232421875,972.1959605908819,957.4595415393626,966.3284692913196,34087543,0.613628824296919,0
2020-08-20,946.4918212890625,958.6104445458395,942.4071530026558,956.850185253758,22537845,-1.6185434187743986,0
2020-08-21,939.6314086914062,957.7529046597705,937.4423813079499,955.9475181738237,25280895,-0.7248253437956653,0
2020-08-24,945.9050903320312,949.854317250222,934.5086218851164,943.9417586729289,32717218,0.6676747480548917,0
2020-08-25,939.7442016601562,952.9234928104662,937.8936880228628,950.5313333957848,19388008,-0.6513220760565375,0
2020-08-26,964.6583862304688,969.4652088235415,923.9020199231386,941.0531010310551,59870421,2.651166618139178,0
2020-08-27,952.6074829101562,970.3904635913942,949.290096731151,969.4877405831154,28085062,-1.2492405075544943,0
2020-08-28,955.1124877929688,962.6724872841761,950.64417889511,956.8501236807623,27166900,0.26296296509868977,0
2020-08-31,939.1123657226562,981.2227882057733,929.9274882908779,981.2227882057733,62076132,-1.675208132529482,0
2020-09-01,942.0686645507812,957.9333821236513,930.8527051045198,947.8232778251647,38616258,0.31479713568143275,0
2020-09-02,960.5512084960938,964.9743904615849,941.0531538410881,944.2125354209737,26949439,1.9619104892025785,0
2020-09-03,953.2846069335938,965.3129161947521,949.177375013291,960.4609660708118,18586429,-0.756503297088873,0
2020-09-04,937.5551147460938,946.4466050798669,935.2758331669374,940.3986056664972,28475945,-1.6500310686959119,0
2020-09-07,939.9924926757812,950.4185474757394,922.6608419794579,940.6018292728933,21926473,0.25997169567439915,0
2020-09-08,951.02783203125,957.3014676946553,939.0220273942846,944.2124909097532,27397082,1.173981647880562,0
2020-09-09,975.5132446289062,978.4244265500107,939.4508218895586,941.053135941398,55310877,2.574626290942428,0
2020-09-10,1044.4111328125,1058.380270975466,981.832175492863,985.3301307802309,140304404,7.062732214343548,0
2020-09-11,1047.00634765625,1055.1756852691165,1032.2700464158145,1043.5085116113075,59470807,0.24848594219417652,0
2020-09-14,1039.242919921875,1065.1726696937717,1029.9677301426977,1049.3756457174225,44063445,-0.7414881248574701,0
2020-09-15,1046.6002197265625,1049.7144745661237,1032.7438987899045,1043.4859648870015,27178393,0.7079480325197229,0
2020-09-16,1049.172607421875,1069.3928153950412,1042.8538446608136,1047.1189617708817,33952295,0.24578512853594692,0
2020-09-17,1037.5279541015625,1053.302416097168,1034.4135806713612,1047.1189158166728,25828669,-1.109889186768498,0
2020-09-18,1040.6649169921875,1046.8708623526327,1027.5081886685462,1044.5238896915514,33074915,0.30234972255194226,0
2020-09-21,1018.1654052734375,1054.3405874780703,1014.3288768661703,1038.0921685931473,33627381,-2.162032307553896,1
2020-09-22,997.9902954101562,1027.7112740343982,993.6573676500885,1027.7112740343982,34792254,-1.9815159461112342,0
2020-09-23,1006.859130859375,1027.5984225615102,995.3499037941469,1020.0384225209982,42988708,0.8886695081111728,0
2020-09-24,984.4724731445312,1004.6926220511629,982.1480045429355,996.5233454684201,29826318,-2.223415076519819,1
2020-09-25,993.7249755859375,998.7349303522368,978.198771791248,987.9929259452438,28374935,0.9398436923129472,0
2020-09-28,1000.2921142578125,1010.1088922605071,996.1397551110359,1005.1440644113056,19666849,0.6608607847460757,0
2020-09-29,1013.2908325195312,1021.8437503790619,1000.2921093414723,1004.2413960622814,25842539,1.299492225964749,0
2020-09-30,1008.46142578125,1023.1977241154949,1004.2413164953268,1020.0383427428203,24465159,-0.4766061809000077,0
2020-10-01,1004.3541870117188,1021.7534684542669,999.2765413206039,1021.7534684542669,20783227,-0.4072777266963312,0
2020-10-05,998.464111328125,1015.1412378353376,995.665807141331,1012.8168289308439,18922799,-0.5864540378049954,0
2020-10-06,997.6292114257812,1008.2583389587751,993.7024882079692,1004.3542390342081,18412175,-0.08361841881660004,0
2020-10-07,1018.9100952148438,1042.154304099075,1001.9846493971844,1008.7548038474227,53170865,2.1331456161601814,0
2020-10-08,1010.6729125976562,1023.6491310362912,1002.9324042401191,1019.5869668804303,21077808,-0.808430759089751,0
2020-10-09,1008.0551147460938,1016.8789140877641,1000.6756244306242,1008.7547056614134,18545499,-0.2590153371019088,0
2020-10-12,1009.6799926757812,1018.1200919736274,1004.8055389601913,1008.7547657275612,14226473,0.16118939390499243,0
2020-10-13,1029.3814697265625,1031.660751903399,1004.625136856039,1006.7690374076642,23112012,1.951259527146787,0
2020-10-14,1032.450439453125,1039.8976215416956,1023.8748385588287,1028.5689032035948,26742011,0.29813726172647215,0
2020-10-15,995.8914184570312,1033.578657645069,990.7009550037031,1033.578657645069,20036197,-3.5409952477194473,1
2020-10-16,982.03515625,1007.6263364491078,980.6134107518138,999.7278829970974,21583600,-1.3913426654985406,0
2020-10-19,982.2157592773438,1005.9113606750328,972.7149909324551,988.466891534098,31200385,0.018390688581182424,0
2020-10-20,973.053466796875,989.798344269808,971.40602552376,983.4795214556434,18482288,-0.9328187207268801,0
2020-10-21,958.9263916015625,989.3470196032074,946.8077683832299,978.5147603722606,34082321,-1.4518292855804082,0
2020-10-22,950.9600830078125,962.4919326942683,943.761160688031,960.1900874152456,30802210,-0.8307528777516504,0
2020-10-23,953.71337890625,963.6203515996452,946.198506037611,950.5313739814042,23422125,0.2895280199068928,0
2020-10-26,915.8229370117188,948.7033536754576,911.0386780241073,948.7033536754576,37324416,-3.9729380684567106,1
2020-10-27,918.26025390625,929.7017897460652,904.9455811340416,918.4407627043238,36478896,0.26613407417859225,0
2020-10-28,907.8568115234375,928.7314851710537,906.0288613850042,921.555066223106,29924017,-1.132951397880566,0
2020-10-29,914.8300170898438,921.645358569465,898.6267852210569,901.3348351173212,30655304,0.7680953073100572,0
2020-10-30,927.287109375,932.0713684328344,912.5281277212341,917.8088456567091,34021563,1.3616838158397204,0
2020-11-02,847.3765869140625,914.875118139784,839.1169961667077,914.875118139784,99366895,-8.61766778088805,1
2020-11-03,835.1677856445312,861.6165651396491,828.2622490237949,853.0410235222982,88691623,-1.440776327558535,0
2020-11-04,863.5121459960938,870.6434375225641,829.1197275153525,829.1197275153525,80180117,3.393852210150561,0
2020-11-05,882.3783569335938,885.063843200435,871.9974294692396,882.3557933334056,37205373,2.184822880022974,0
2020-11-06,915.8455810546875,920.7426584675038,892.8270071314915,898.175475948344,66674086,3.792842816022568,0
2020-11-09,925.572021484375,933.831612463532,918.9372485037195,930.7173580690493,35838510,1.0620175093803974,0
2020-11-10,940.8499755859375,943.3098257434691,921.2842310899437,937.4423348777667,36934242,1.6506499491050652,0
2020-11-11,901.425048828125,945.5665526357731,892.8043809348467,942.858502861752,56724780,-4.190352105101525,1
2020-11-12,893.661865234375,906.5026417774758,886.8917113461868,894.1132565805676,40046527,-0.8612123219609136,0
2020-11-13,901.0640258789062,919.2306494130244,894.4518760870695,894.5646940909385,45388670,0.8282954585501878,0
2020-11-14,903.7269287109375,909.5944198559474,900.5901107359409,909.4139110537326,5226220,0.29552870334979,0
2020-11-17,899.642333984375,941.0532293885002,895.9187427136874,941.0532293885002,46542562,-0.4519722270961535,0
2020-11-18,896.91162109375,905.6226031588405,884.6801802584594,899.6422344929193,30402290,-0.30353316951317044,0
2020-11-19,890.5701293945312,907.4052588650522,888.3359751437072,896.9115149036767,27796343,-0.7070364069411417,0
2020-11-20,857.3287963867188,895.377116449163,855.297714134409,891.4052660410506,57471248,-3.7325901588920574,1
2020-11-23,880.4375610351562,889.148483349999,869.4021701299365,880.5729426320072,45327567,2.695437823368496,0
2020-11-24,886.4630126953125,890.9538853742781,871.997417187929,886.4404490954421,30936268,0.6843701276297187,0
2020-11-25,879.1286010742188,899.5068137121415,876.6011198738435,893.6618865906463,32637879,-0.8273793171351018,0
2020-11-26,881.295166015625,886.891834503416,871.1173701719107,881.4982981188252,25838637,0.24644459738414337,0
2020-11-27,871.0044555664062,882.8748194602481,867.2131737985623,875.8338420233673,47336811,-1.1676803466134422,0
2020-12-01,882.3331909179688,887.4559636242224,871.1172913559293,875.7661090949532,19750687,1.3006518255059385,0
2020-12-02,883.800048828125,885.53774439738,873.3514311978975,883.957994019848,22188887,0.1662476177089145,0
2020-12-03,886.4630126953125,894.1584537844419,884.0257260648682,890.0512219953362,27785372,0.3013084091496143,0
2020-12-04,878.6547241210938,888.6971374121213,875.6081607043218,888.6971374121213,18464552,-0.8808363645627426,0
2020-12-07,883.8226928710938,886.891820126114,875.8790518310219,875.8790518310219,18242188,0.5881683223372569,0
2020-12-08,899.8679809570312,909.1205496272892,880.1216664908698,885.1541851802805,43403061,1.8154419676433609,0
2020-12-09,914.8526000976562,917.9443506509773,902.3503953551077,907.1797819467947,29175254,1.6652019471443458,0
2020-12-10,905.8482055664062,915.5521050393417,903.1401558672769,912.4378508699459,16065507,-0.984245388851579,0
2020-12-11,905.3067016601562,919.8399885896688,891.0667415415232,908.5563377171925,26944202,-0.05977865860112841,0
2020-12-14,898.7621459960938,909.4590234227397,896.5279914527346,906.2770186070177,17312747,-0.7229103299534856,0
2020-12-15,891.1118774414062,898.0399769590505,885.1315087967429,898.0399769590505,18551265,-0.8512005750096141,0
2020-12-16,892.1047973632812,900.40957493361,887.2077202532149,897.272697360613,18561011,0.11142483306652018,0
2020-12-17,896.1895141601562,904.9456238899453,892.3756687000254,895.6930552499342,20252358,0.4578740983063767,0
2020-12-18,898.875,904.9004961820984,886.8918178223723,893.7071594170455,18466344,0.2996560211218746,0
2020-12-21,875.4728393554688,912.618497790795,837.3568266412159,907.2023975727756,44135540,-2.603494439664167,1
2020-12-22,874.1187744140625,884.13862467934,852.3413781920493,879.6703154945026,28140001,-0.1546666990152601,0
2020-12-23,877.3458862304688,880.7760906412614,866.8746448149003,871.0947542977892,19501410,0.369184590340077,0
2020-12-24,900.0484619140625,902.1471750538747,878.2710673327456,878.767526196303,20776988,2.5876425751690357,0
2020-12-28,904.1782836914062,910.8130563627905,900.5675108718648,905.7128472166959,17221499,0.4588443791750052,0
2020-12-29,898.197998046875,908.2404117114976,894.8128611333499,906.7509753463718,18611939,-0.6614055825490572,0
2020-12-30,900.6577758789062,905.9384938821528,891.6534670154136,900.5449578807359,22043630,0.2738569711110417,0
2020-12-31,896.0540771484375,908.0598221912284,893.0300772883096,899.7551043755919,18781189,-0.5111485021018325,0
2021-01-01,897.0470581054688,901.3347986266252,894.5646443140231,897.2726941006515,10015175,0.11081707927620421,0
2021-01-04,898.5591430664062,902.1924201612024,888.2459057329365,900.4773476672782,24513534,0.16856250151815466,0
2021-01-05,887.3883056640625,895.286819208082,882.8296824610696,888.6971735420237,24123091,-1.2431944506426595,0
2021-01-06,863.986083984375,887.3431107117481,859.8788522034279,887.297983512097,46401468,-2.6372019475932595,1
2021-01-07,862.5868530273438,877.8648566159659,859.878803357666,866.8069025676972,32325918,-0.16195063589201641,0
2021-01-08,872.7647094726562,874.8860460383853,863.0156822176616,865.678604878862,27540187,1.1799225097846255,0
2021-01-11,856.313232421875,875.0665690475399,854.1693322211945,875.0665690475399,33307825,-1.8849842199418876,0
2021-01-12,883.3036499023438,884.6350813991116,857.5092762592445,858.9084582491231,41161546,3.1519327809676367,0
2021-01-13,875.0665893554688,891.3826993524976,865.8817711258671,886.2373626282811,26619458,-0.9325287569892482,0
2021-01-14,884.9058837890625,887.7493749036234,875.1794202704835,877.8649064942006,21553242,1.1244052227889156,0
2021-01-15,874.457275390625,890.8636390967538,866.6038890308039,884.9058936036437,20593268,-1.1807592863658845,0
2021-01-18,895.4447631835938,901.3348178565226,868.093322463363,879.7154269171596,35100458,2.400058685953921,0
2021-01-19,910.0909423828125,916.6805284572496,900.2741645341835,900.2741645341835,32006615,1.635631788961156,0
2021-01-20,927.3773803710938,928.8668167227358,903.3207030552749,912.3476352561834,30924537,1.8994187485287695,0
2021-01-21,947.5524291992188,956.8501242760648,936.5396618324675,939.6990432246472,39087742,2.1754950309497367,0
2021-01-22,925.0755615234375,954.7514714069698,918.5536065523528,952.7880800202875,30532660,-2.37209752021601,1
2021-01-25,876.0595092773438,918.4633177239738,871.9974047459384,918.4633177239738,54207104,-5.298599842522367,1
2021-01-27,855.2976684570312,868.8380370064367,852.13828693381,868.8380370064367,42370131,-2.369912157844023,1
2021-01-28,846.9703369140625,868.0707040284875,844.0140279643443,848.5951547796549,34067814,-0.973617940288718,0
2021-01-29,831.3538818359375,863.4670185270817,825.9602859922227,854.9817319108826,43712383,-1.843801889806862,0
2021-02-01,855.43310546875,859.8111004411335,834.084477925657,839.2298143671649,34180952,2.8963867444314673,0
2021-02-02,869.1991577148438,875.6082351731134,837.2214015345261,863.9861301874793,41470034,1.6092494150726555,0
2021-02-03,871.3881225585938,881.024271808645,857.5543678212887,870.3274543100903,30301696,0.2518369724960223,0
2021-02-04,868.5220947265625,875.6081993096957,859.8111124753323,868.3866534338506,25626981,-0.3289037063778144,0
2021-02-05,868.2738647460938,877.7070019033696,866.5813559125976,871.1173559922115,20248046,-0.028580732945759912,0
2021-02-08,880.7760620117188,888.6971388465231,870.6659579070334,872.4712846072483,21183400,1.4398910036617307,0
2021-02-09,882.8974609375,897.9949582317895,881.1598247943388,885.5153163375164,19604141,0.24085565188225466,0
2021-02-10,891.0892944335938,895.8058629486737,869.8761074541144,881.8142219915239,21234156,0.9278352083372576,0
2021-02-11,927.8286743164062,931.6651427302581,890.1639989701773,893.6618940174507,42539278,4.122973995121915,0
2021-02-12,921.46484375,937.8937722721672,909.6396062888572,927.7385398005773,30497029,-0.6858842308462676,0
2021-02-15,917.4027099609375,930.3563061780627,913.9725053748315,924.375996830397,15791099,-0.4408343754636612,0
2021-02-16,929.5438232421875,938.5255683500038,918.4858688517324,920.6297689320974,21421660,1.3234224348178447,0
2021-02-17,940.2633056640625,945.9953555067547,925.5268870227972,929.7695004811927,23742994,1.1531981767665567,0
2021-02-18,933.244873046875,951.6145681859424,929.3632772705301,941.0531321070791,18646877,-0.7464326827293033,0
2021-02-19,938.9317626953125,950.0574077634237,926.7454493980867,928.4154541842837,23403483,0.6093673603446481,0
2021-02-22,906.3446655273438,943.2646823971752,900.4095436576987,938.7963735267837,23804335,-3.470656597495825,1
2021-02-23,913.2728881835938,926.5649977273687,908.8271426020757,924.3534067368045,25644108,0.7644136849659589,0
2021-02-24,930.2208862304688,932.1390906998175,914.4914901976813,916.2291858661802,10807663,1.8557430387080576,0
2021-02-25,967.8404541015625,971.2932222091624,935.637002954952,936.9910577541981,34855693,4.044154289368773,0
2021-02-26,941.4142456054688,963.123891576847,934.5989040579532,955.4962007136306,37481215,-2.730430246442317,1
2021-03-01,948.590576171875,953.2394537638484,930.897848571293,952.4269850885058,17680764,0.7622925401761682,0
2021-03-02,950.5313110351562,961.3635697154016,942.9036206682259,957.752856616694,17150760,0.2045914129901405,0
2021-03-03,993.9056396484375,1001.9395950498023,951.0730591903954,957.3241916036291,31924461,4.563166737352953,0
2021-03-04,982.0578002929688,988.421750465709,973.8659000002634,983.9308776144062,21435754,-1.192048709941873,0
2021-03-05,983.3440551757812,998.3512962856287,971.7670781260525,973.0985692708165,25511666,0.13097547643619034,0
2021-03-08,988.9408569335938,1007.355680497462,978.5148017597687,978.7404377726681,19506841,0.5691600745795888,0
2021-03-09,988.9181518554688,999.1862609710787,968.8559482883367,992.9576927650287,15154484,-0.0022958984822851747,0
2021-03-10,984.8109741210938,999.7730887336929,979.5302558776189,996.1171885060364,11519358,-0.41532028982063096,0
2021-03-12,964.7938842773438,995.8463528292266,958.6104430105866,990.7010162557301,16864952,-2.0325819238168563,1
2021-03-15,951.8402709960938,969.894016181107,939.022056998036,965.899662068002,16698099,-1.3426301194842893,0
2021-03-16,948.0941162109375,959.5582754400099,945.7922708635552,954.1421160708194,13873801,-0.3935696880355666,0
2021-03-17,927.6707153320312,949.177286837256,918.5309656400523,946.94313243389,19210236,-2.1541533197704577,1
2021-03-18,906.796142578125,940.9629260845496,903.1402423037733,935.5918936777657,20647480,-2.2502136166317244,1
2021-03-19,939.6991577148438,945.950290155976,894.9258088575259,898.6268364600113,41787429,3.6284908582839392,0
2021-03-22,930.8527221679688,936.088313055874,917.6734905482226,934.7343179799378,18572478,-0.9414114585765687,0
2021-03-23,942.1814575195312,952.2013071535108,927.9641218620927,930.6496079854647,17421165,1.2170276867405683,0
2021-03-24,924.0374145507812,938.6835185270156,920.9231603023551,938.6835185270156,16822814,-1.9257482541120696,0
2021-03-25,898.829833984375,927.0614339788925,895.9186520687285,927.0614339788925,22001648,-2.7279826735869595,1
2021-03-26,900.2741088867188,908.8722130154059,890.8184686126791,908.1049312659724,20180202,0.16068390786958542,0
2021-03-30,915.9132080078125,924.7595715908199,898.8749446091667,906.2995626603248,20441701,1.7371486047103035,0
2021-03-31,904.0880126953125,925.210945158364,902.2374989986004,910.8130997767836,16250796,-1.2910825184212382,0
2021-04-01,912.55078125,916.2292452262719,904.1106213459858,910.813145160988,11723312,0.9360558303895594,0
2021-04-05,899.348876953125,913.9724170012217,885.5828730456216,913.9498534023671,14875099,-1.446703522492332,0
2021-04-06,895.6027221679688,904.9229807916713,888.6971267728383,904.4942127215924,14009194,-0.41654077534934997,0
2021-04-07,903.9751586914062,923.8569132620463,899.6648545655975,902.6888544411458,24266353,0.9348382174599212,0
2021-04-08,905.1035766601562,912.6184496390974,899.5294718287386,907.6536814191865,15369188,0.12482842674388372,0
2021-04-09,894.5872192382812,905.5548598128081,893.661932570132,901.9892738152234,14037885,-1.1618954662272474,0
2021-04-12,862.5868530273438,885.2669107795369,857.6672125480122,884.1836789732539,20901482,-3.5771097018561293,1
2021-04-13,871.9071655273438,875.8790157297038,865.6109063786529,868.3866470158723,19411189,1.080507135865716,0
2021-04-15,877.5489501953125,885.0863863250735,863.421868505896,869.4247410901053,19723716,0.6470625418655063,0
2021-04-16,872.04248046875,880.0764346591261,869.4923760258712,874.07356246059,15656948,-0.6274829142393634,0
2021-04-19,858.3217163085938,864.9564895083129,853.0409979470431,859.3598210383852,18478808,-1.573405478226353,0
2021-04-20,858.073486328125,866.129945192319,853.244099852856,862.2935362093694,17203668,-0.028920389144559966,0
2021-04-22,860.4429931640625,864.0763296197583,847.0380660893645,854.05647971313,14490954,0.27614264671864674,0
2021-04-23,859.517822265625,866.0848449417196,855.4557174605446,860.262540485022,11828857,-0.10752262564605042,0
2021-04-26,874.6378173828125,885.5378273951245,862.7448895453444,866.5813583165724,20846778,1.7591252590123618,0
2021-04-27,897.5660400390625,901.4250123029811,874.8182915364723,875.6081368680552,19992524,2.6214533833968323,0
2021-04-28,901.47021484375,906.2996013229371,893.7297060704715,901.7184741400474,17122437,0.43497354295152224,0
2021-04-29,913.543701171875,922.7737059327087,905.9837012820783,913.0246189844161,17412606,1.3393106205087157,0
2021-04-30,900.2064208984375,918.9371927131189,897.0696030939774,906.5252433975188,19828769,-1.4599498914314335,0
2021-05-03,884.2062377929688,893.2105461727255,877.0073157472597,887.3430555100857,23640186,-1.7773904666776308,0
2021-05-04,865.046630859375,888.1555160324492,862.5191497068099,880.121561842195,21849830,-2.166870817538824,1
2021-05-05,866.62646484375,874.9311830141904,861.1877417678091,868.0933376376232,12393609,0.18262992167319414,0
2021-05-06,871.5460815429688,873.351467984722,860.5332540943049,867.4162861727356,14624666,0.567674413232444,0
2021-05-07,871.8845825195312,882.6717141211767,869.289350739611,874.5926322966467,12288548,0.03883913699240793,0
2021-05-10,869.379638671875,878.677334300937,867.010102487007,875.1568754240988,13941237,-0.28730222989120646,0
2021-05-11,872.5165405273438,874.9537675806936,862.0678622246373,864.324640162575,13478264,0.3608207181227341,0
2021-05-12,863.4895629882812,872.4036175039552,860.7138223730607,871.1398768410697,13177961,-1.0345909928087593,0
2021-05-14,874.3895874023438,876.5108642766377,860.2625054108522,870.2146050700743,13291616,1.2623226592734627,0
2021-05-17,884.7930297851562,886.1921519936135,871.2752254332202,874.3895393110239,11873078,1.1897948617754395,0
2021-05-18,897.2501220703125,903.8623311241566,890.2768357355067,894.1133042302491,12064918,1.4079103096213519,0
2021-05-19,901.357421875,910.1135316770341,890.0512670062741,893.661980396703,16317002,0.45776531021364253,0
2021-05-20,896.0993041992188,907.6085916449601,894.1134087677735,901.7411000663334,11422532,-0.5833554534718677,0
2021-05-21,903.8397827148438,907.0217278069957,896.3700373777015,899.0780871843959,10785605,0.8637969563587644,0
2021-05-24,896.2120361328125,907.1120455871035,894.5646545808229,906.2995769189343,8551760,-0.843926847202936,0
2021-05-25,886.0568237304688,901.3348284850034,884.6350781454706,901.0640055897504,14780102,-1.1331260899110296,0
2021-05-26,889.171142578125,893.4363796423949,887.0273019371077,891.4052973188182,7480204,0.35148071367978595,0
2021-05-27,891.9017333984375,899.5294239766795,885.6506014850115,889.283937975624,26819294,0.3070939540834816,0
2021-05-28,945.4763793945312,950.0800703747383,898.1754900723914,898.1754900723914,56469931,6.0067879666470425,0
2021-05-31,975.0393676757812,989.2115769657272,941.0757172389948,948.7259715836556,59124142,3.126782321117494,0
2021-06-01,978.9209594726562,993.860450495012,968.8107952002592,977.6120318921522,28013832,0.3980959052071631,0
2021-06-02,993.5218505859375,997.2454412183025,973.5498427606852,973.5498427606852,24630162,1.4915291139691922,0
2021-06-03,997.313232421875,1015.5249829566307,991.197541606595,1002.4359457378657,23974257,0.38161031221422004,0
2021-06-04,988.6699829101562,1000.38234182816,985.8490553582253,999.6376236399614,14468646,-0.8666534475562426,0
2021-06-07,1005.3245849609375,1011.9142309078353,986.1876070242225,993.8604848949419,16336573,1.6845461416516772,0
2021-06-08,999.5474243164062,1005.2117836404444,992.1228056254331,1004.9635840254113,9674735,-0.5746562583820336,0
2021-06-09,981.674072265625,1002.4358661639994,973.9786315641471,1001.5332028305284,11409161,-1.7881444757866238,0
2021-06-10,985.2848510742188,1006.4980364625192,982.8250009526113,989.97879594458,14155653,0.3678184960371089,0
2021-06-11,1002.3753051757812,1009.1011952964063,987.4063735342977,988.6745798453265,13762778,1.7345698640275797,0
2021-06-14,1016.75537109375,1022.8018129970553,994.1773836624807,1003.2131430271446,20332436,1.4345989814111615,0
2021-06-15,1019.0654296875,1030.3430744105387,1014.6721115736523,1024.047566478528,15174215,0.22719905489803072,0
2021-06-16,1001.6732788085938,1017.7292188167856,999.0689992893482,1016.7554817175181,10797349,-1.7066765658255711,0
2021-06-17,1003.5075073242188,1012.2714997953356,987.315715260484,996.4193416411849,15745975,0.18311644669275484,0
2021-06-18,1008.0367431640625,1012.2715649781592,989.331239663787,1007.9688163777718,29369026,0.4513405038613749,0
2021-06-21,1013.29052734375,1017.9329096042337,996.4873342427861,998.0046053152495,12186448,0.5211897498097917,0
2021-06-22,1008.0820922851562,1024.047523693767,1005.1834033496904,1020.877007795391,12871913,-0.5140120151174377,0
2021-06-23,998.8424682617188,1019.336948449686,997.1892837583877,1019.0652413259819,16653951,-0.9165547224921688,0
2021-06-24,975.3587036132812,1003.0319792586279,969.2443347205035,999.5218896905816,91461975,-2.3510979353236983,1
2021-06-25,953.14306640625,975.3587188779936,942.5674531142881,975.3587188779936,55355022,-2.277688928671262,1
2021-06-28,944.7867431640625,963.129909816626,942.5221576464701,961.0918068108575,20277042,-0.8767123778903763,0
2021-06-29,945.60205078125,955.2039275943256,943.9262837366043,946.3720075153033,27144063,0.0862954124924542,0
2021-06-30,955.9512329101562,961.3862145219897,947.0740283906408,949.4291830957576,19762858,1.0944542813074332,0
2021-07-01,950.19921875,961.6127163035006,948.863085632743,959.2802038142157,12534407,-0.6017058153317767,0
2021-07-02,964.284912109375,966.0286658416347,947.9345627995748,949.7688855828178,14086620,1.482393700334228,0
2021-07-05,973.8641357421875,975.3814069298204,965.3945518663345,967.6364952540457,11702287,0.9934017957263119,0
2021-07-06,962.3599853515625,973.2752927037599,960.2765977537204,971.4863144110957,10070124,-1.181289049304357,0
2021-07-07,955.679443359375,963.6961219133111,950.2218196134942,963.6961219133111,10454892,-0.6941832675791293,0
2021-07-08,947.7760009765625,958.8045791709611,942.5221577829742,958.8045791709611,11185460,-0.8269972151991212,0
2021-07-09,938.0836181640625,947.3684433649398,935.7737479702222,945.692616426164,9037675,-1.022644886820645,0
2021-07-12,943.9262084960938,951.8069732106677,939.5781755914345,941.9559723923293,8585292,0.6228219125567813,0
2021-07-13,950.9917602539062,952.5090313833667,945.7152147930674,951.1276138236502,6717133,0.7485279775280018,0
2021-07-14,944.7867431640625,954.2300635744198,942.6353689523012,951.2860904215172,8532544,-0.6524785333773098,0
2021-07-15,943.1336059570312,948.8629964583248,941.3898523696109,948.8629964583248,9448356,-0.17497464046700717,0
2021-07-16,956.7437744140625,957.8081403899708,945.5114158643191,945.5793426478567,8828185,1.4430795775981942,0
2021-07-19,950.6520385742188,961.9976083202988,947.6174964042133,951.1275859545519,8354449,-0.6367154929829089,0
2021-07-20,948.3195190429688,954.7509997157346,943.8809767465054,950.9011562369292,6741464,-0.24535996732814036,0
2021-07-22,960.5029907226562,961.9523350417173,950.289713605715,959.7330340406753,7972397,1.284743320688242,0
2021-07-23,953.709228515625,966.7306251488294,952.0560439551456,966.7306251488294,9937030,-0.7073129675442047,0
2021-07-26,940.642578125,960.6388700312618,938.0382987131833,954.750983452507,12389668,-1.3700874438388522,0
2021-07-27,930.7462768554688,943.745031435626,924.8583903750485,940.6199201537044,10824523,-1.0520788128959402,0
2021-07-28,922.7522583007812,932.1050093559254,913.1956670017476,932.1050093559254,12897848,-0.8588826787140458,0
2021-07-29,929.9536743164062,939.5329082786225,925.4924300252735,930.2933681370648,13765738,0.7804278939274711,0
2021-07-30,921.8238525390625,936.6115854453042,919.9215431668897,932.1050565925411,11350608,-0.8742179316964194,0
2021-08-02,938.67236328125,941.7974744869755,924.4733894897529,930.4292625094815,10925104,1.8277364700186594,0
2021-08-03,945.5792846679688,947.0512711550073,934.9131031020454,946.598366059032,11817299,0.7358181253547036,0
2021-08-04,952.8260498046875,957.4684320780918,945.2396345210956,948.5912282263394,13169800,0.7663836607062935,0
2021-08-05,966.64013671875,975.9475444073931,953.0525626247831,957.6043762856963,21252078,1.4498015578912948,0
2021-08-06,946.1681518554688,972.392083052254,941.5030673967123,964.6924564242829,16620987,-2.117849661485527,1
2021-08-09,940.7784423828125,946.5078930939915,935.9548618556917,942.522196064497,7494143,-0.5696354778045309,0
2021-08-10,945.7152099609375,957.0155553586313,939.238504866793,942.9750770172923,11919198,0.5247534760279171,0
2021-08-11,958.963134765625,960.1859966454768,943.6092248291548,949.7462363911606,9184963,1.400836601246458,0
2021-08-12,955.88330078125,962.9941092821113,953.3922326146494,962.4052906590396,8137612,-0.32116291781412176,0
2021-08-13,971.8032836914062,973.7282353115995,955.181228214771,958.9630848706249,12780901,1.6654734837552532,0
2021-08-16,984.4170532226562,997.7781437654177,963.8772277608733,973.4791039346753,21935444,1.2979756029776413,0
2021-08-17,980.2275390625,989.7161436724384,972.7996796494008,982.310986419895,12658169,-0.4255832572628848,0
2021-08-18,984.0321655273438,990.4409443539315,974.9511803260805,984.6436264377176,10075860,0.38813707157039357,0
2021-08-20,972.9808959960938,983.7376470917055,967.88554870858,970.6030393085123,9426282,-1.123059785888969,0
2021-08-23,979.3671264648438,984.6436123486905,965.756910089194,984.6436123486905,9854395,0.6563572311676369,0
2021-08-24,989.0369262695312,992.7961409161452,976.3098780018888,980.5899844960273,11864472,0.9873518870897602,0
2021-08-25,997.5969848632812,1005.4778098902966,987.4063495975512,989.8068486851395,13380559,0.8654943376115387,0
2021-08-26,1010.2107543945312,1016.7554463089577,998.6839861429403,1000.0427614622415,18589616,1.2644153623798893,0
2021-08-27,1008.829345703125,1015.7817181947378,1003.6887734868195,1013.1773788430729,10480636,-0.136744603578709,0
2021-08-30,1028.23681640625,1030.7732288164937,1013.0867479284576,1019.0652631807153,14027062,1.923761514847544,0
2021-08-31,1022.7567138671875,1034.3513502485355,1015.5552757824454,1031.248880823453,26485463,-0.532961128372722,0
2021-09-01,1026.81005859375,1038.4953813339248,1024.9531537088544,1029.4823244235874,11145486,0.39631563123514457,0
2021-09-02,1039.1749267578125,1045.2440116453542,1021.3299483032399,1021.3299483032399,9956770,1.2042020878716864,0
2021-09-03,1081.7945556640625,1084.738529222682,1042.8436314734117,1046.2404503177634,30664428,4.101294960918822,0
2021-09-06,1098.5977783203125,1123.2365131929273,1092.4380047519112,1092.8909697996994,33641710,1.5532729914632615,0
2021-09-07,1105.52734375,1113.272195169168,1092.4379602260194,1100.5904921516135,17349882,0.6307645588253807,0
2021-09-08,1101.201904296875,1111.460525484485,1090.01483063056,1110.5547152662286,14301651,-0.39125576382876837,0
2021-09-09,1098.5977783203125,1104.145971203985,1094.2950296674799,1099.6394421897962,8963249,-0.23648033720258255,0
2021-09-13,1074.1175537109375,1101.949327153265,1072.5323557228828,1101.949327153265,16311160,-2.228315502949929,1
2021-09-14,1072.7135009765625,1084.2854942866497,1071.6037904973264,1075.6801166083583,8908356,-0.13071685957688484,0
2021-09-15,1077.1746826171875,1085.0780298856923,1072.7360805602518,1072.7360805602518,9071075,0.41587820387865015,0
2021-09-16,1099.775390625,1103.647816826433,1072.056826477489,1078.646803599393,13448882,2.0981469739801195,0
2021-09-17,1082.722900390625,1112.2984866148895,1075.9517858407112,1107.837242193017,34882133,-1.5505429908450719,0
2021-09-20,1084.444091796875,1095.3140549772365,1073.415512979037,1074.3666078022443,11779819,0.1589687819135488,0
2021-09-21,1089.1317138671875,1094.521410709491,1079.756260196694,1089.2675674362638,9915736,0.43226037245915894,0
2021-09-22,1100.817138671875,1106.0255780999046,1086.210482648724,1090.6264428510565,10995912,1.072911995482717,0
2021-09-23,1127.7203369140625,1130.9360171926044,1107.6107744419755,1108.4713001643795,15748397,2.443929813324486,0
2021-09-24,1124.459228515625,1134.7631343059459,1119.613065939266,1133.9026086017536,15192163,-0.2891770496363799,0
2021-09-27,1143.368408203125,1145.8368935906276,1121.1075938005931,1126.4067209127213,15373834,1.6816243050858937,0
2021-09-28,1154.0574951171875,1161.689135216267,1138.092065214608,1147.6939414575027,18035258,0.9348768810974128,0
2021-09-29,1144.90869140625,1163.9991145771864,1141.3758992926414,1163.9991145771864,9719875,-0.79275111938929,0
2021-09-30,1141.0135498046875,1147.965922997723,1132.4534560345573,1143.6178894191034,13590654,-0.34021416998575305,0
2021-10-01,1143.0289306640625,1150.320936930379,1130.0302358504632,1133.1779894261922,8958928,0.17663075602563083,0
2021-10-04,1157.72607421875,1166.1955973057436,1149.075293250508,1156.2993722307872,10918552,1.285806785848287,0
2021-10-05,1181.75341796875,1183.0216242133338,1153.7403880823629,1157.2505376163047,13533634,2.0753910864635294,0
2021-10-06,1159.402099609375,1186.62241515062,1155.4391042037028,1186.62241515062,10258881,-1.8913690470041877,0
2021-10-07,1165.086181640625,1177.020571318369,1162.9574494692135,1175.3220421537414,6336665,0.49025976692340656,0
2021-10-08,1209.8570556640625,1215.8129290316733,1169.207605953432,1170.906015220909,15772493,3.8427092114673433,0
2021-10-11,1201.4327392578125,1231.9367793726578,1198.1264896541243,1223.512539721895,14768666,-0.6963067551501889,0
2021-10-12,1208.2943115234375,1215.1787568517786,1196.269354160262,1197.9678831315707,6682011,0.5711158054394039,0
2021-10-13,1220.5911865234375,1231.7103344750674,1208.9737889938256,1213.3671067441883,9959762,1.0177052794774655,0
2021-10-14,1223.0595703125,1230.7818997818822,1217.0810544912147,1223.0369280495506,8623469,0.2022285443575189,0
2021-10-18,1226.3206787109375,1243.2597273294034,1205.8034336758178,1208.656838063519,13594479,0.2666352872415123,0
2021-10-19,1237.3038330078125,1246.1357531841286,1226.501796349313,1233.6578296621897,8833409,0.8956184534391287,0
2021-10-20,1223.0595703125,1242.2406818392346,1219.0286485058555,1242.2406818392346,12710570,-1.1512340231489948,0
2021-10-21,1187.7772216796875,1235.5600608138357,1179.0358711096487,1235.2883536749923,20831669,-2.884761256869739,1
2021-10-22,1189.9964599609375,1206.9809106504802,1182.7950231580921,1186.6448064236538,11027475,0.18683960600891503,0
2021-10-25,1178.40185546875,1213.8201056097269,1163.9990998346134,1213.8201056097269,17198417,-0.9743394104355652,0
2021-10-26,1205.2371826171875,1208.7926167498356,1179.013250231775,1185.3315195274101,9750178,2.277264502249343,0
2021-10-27,1189.9964599609375,1212.3706072222662,1186.6221641632774,1201.1382490708493,9896298,-1.2645413596645394,0
2021-10-28,1176.9525146484375,1194.7748510901267,1173.283988789091,1186.6449607541927,9886181,-1.096133118995013,0
2021-10-29,1148.7132568359375,1175.843002928945,1133.0649360229452,1175.843002928945,14233025,-2.399354048785496,1
2021-11-01,1149.4151611328125,1157.6582624374937,1129.6225892164332,1148.7131311991511,15481114,0.06110352541837116,0
2021-11-02,1132.6571044921875,1154.0348738636576,1130.143454028727,1152.6760985535552,10569130,-1.4579637721246819,0
2021-11-03,1124.8668212890625,1141.353021347838,1114.6308430788376,1135.0347529223884,11989430,-0.6877883140650631,0
2021-11-04,1131.77392578125,1134.514118637374,1127.7656464746356,1129.1016597099565,1705656,0.6140375341742388,0
2021-11-08,1133.177978515625,1141.3531527093287,1112.5475239087214,1141.0813257713814,20337183,0.12405770290262463,0
2021-11-09,1142.123046875,1145.384011549245,1126.429444729638,1134.5593339553402,15682497,0.7893789439053833,0
2021-11-10,1154.895263671875,1158.5639086571884,1133.947819541091,1139.8584075840783,10253470,1.118287283653152,0
2021-11-11,1157.0013427734375,1164.225301583015,1148.3958467666453,1150.4340094735664,10722478,0.1823610476041182,0
2021-11-12,1174.4615478515625,1177.0206028987552,1158.111197547698,1160.783463915503,8712341,1.5090911680596175,0
2021-11-15,1167.531982421875,1178.5832047502897,1163.9991900791144,1177.5867054893083,4803269,-0.5900206305062716,0
2021-11-16,1140.402099609375,1166.2636363626991,1130.0302662731583,1164.9275032865714,11337581,-2.323695043986973,1
2021-11-17,1115.98974609375,1131.819202659116,1114.6309708056715,1131.819202659116,10202029,-2.140679460690842,1
2021-11-18,1120.2017822265625,1127.3126501781812,1109.6714536653499,1114.177982402732,8505625,0.3774260603697899,0
2021-11-22,1070.5845947265625,1109.1958761849858,1064.809860242095,1103.3532149230834,24124307,-4.429308030681645,1
2021-11-23,1080.5941162109375,1087.5691305828452,1045.7874503355001,1056.6800550508478,25326999,0.9349584828400648,0
2021-11-24,1064.9912109375,1091.4868494573443,1061.4357769402945,1077.9446209027212,16820296,-1.4439191403473939,0
2021-11-25,1129.1015625,1133.2005303004803,1067.5953616356612,1074.774155951259,42401936,6.019800999678138,0
2021-11-26,1092.7098388671875,1122.149452357917,1087.6824179851199,1117.7108501017365,15763138,-3.2230691056910565,1
2021-11-29,1105.7991943359375,1132.2949564813318,1086.5954393266575,1104.712245845007,24325354,1.1978802609043715,0
2021-11-30,1089.44873046875,1121.3794713466475,1081.9529437331894,1117.8013949441001,32172299,-1.4786105787503723,0
2021-12-01,1117.3486328125,1120.519028933976,1098.3713010103995,1101.9493776790864,10104610,2.5609192579209905,0
2021-12-02,1124.527099609375,1130.573541300242,1114.9025819148403,1118.5712269565358,12720411,0.6424554150843642,0
2021-12-03,1090.7396240234375,1131.6154976946157,1087.0030516324528,1131.5702131686844,19222481,-3.0045941620859273,1
2021-12-06,1070.063720703125,1098.3258129963901,1067.5953550144707,1094.2496072811668,10332254,-1.8955856067688126,0
2021-12-07,1078.7825927734375,1088.8146726752468,1068.8863664494722,1076.2010153934032,11235122,0.8147993340605453,0
2021-12-08,1095.200927734375,1101.4058665244686,1089.8565147837464,1097.9184786382343,8744178,1.5219317655773112,0
2021-12-09,1112.5701904296875,1120.9265028973477,1098.3259314492311,1102.8551026436394,13213547,1.5859430224592685,0
2021-12-10,1113.70263671875,1116.8956751250603,1100.7491053819138,1105.232992429202,8364414,0.10178650289247582,0
2021-12-13,1091.373779296875,1120.564329866256,1088.8147242582452,1120.292622697696,12901733,-2.0049209443969263,1
2021-12-14,1078.012451171875,1089.7204159270498,1074.9552669933066,1077.9445243946013,12991523,-1.224266917389949,0
2021-12-15,1074.8648681640625,1089.2676234327396,1069.38448219365,1079.7563157042177,9366969,-0.2919802089846768,0
2021-12-16,1088.769287109375,1094.0231302341062,1072.8039773873268,1089.5845283011158,9761279,1.2935969308460304,0
2021-12-17,1060.0316162109375,1090.6262198818429,1050.7693748912868,1086.1196915464664,21049821,-2.639463772415407,1
2021-12-20,1031.4527587890625,1049.7958677716224,1017.7519129116022,1049.7958677716224,14325846,-2.696038211013896,1
2021-12-21,1046.806396484375,1062.5452825090044,1038.1783778851348,1046.851681002988,12836561,1.4885449250567673,0
2021-12-22,1071.6490478515625,1074.276029474332,1051.6754577350616,1052.988828746117,17658543,2.3731849032084362,0
2021-12-23,1071.2640380859375,1077.944583084397,1068.0030733980013,1075.2270326442374,9072401,-0.0359268518361322,0
2021-12-24,1074.6837158203125,1083.3796623765666,1058.718285237532,1073.4155095265614,7886494,0.3192189425573311,0
2021-12-27,1073.5286865234375,1077.0388360812635,1063.4966072069749,1069.588333994207,4017223,-0.10747620717350692,0
2021-12-28,1086.2784423828125,1089.1997736760372,1074.7970173887559,1075.951892667275,6374613,1.1876492933471816,0
2021-12-29,1088.1353759765625,1095.6085205634522,1078.8957755234705,1082.926817028114,15425312,0.1709445314662439,0
2021-12-30,1068.478759765625,1089.245070757408,1062.3643899373753,1087.003127167027,29333171,-1.806449513995112,0
2021-12-31,1072.5777587890625,1079.7111505236876,1068.8864705630906,1074.774417912502,9477290,0.383629434462196,0
2022-01-03,1088.7467041015625,1090.603728995159,1070.4941656370397,1071.1509110384136,5421611,1.5074846723238666,0
2022-01-04,1113.3175048828125,1114.6309956772857,1088.81462402871,1094.2044407783767,10847728,2.2567968002737526,0
2022-01-05,1118.5260009765625,1121.8776545605729,1101.9265882823174,1115.0838981501056,11643813,0.4678356417559648,0
2022-01-06,1094.4761962890625,1111.4606489189575,1091.0792578429503,1110.1924425923644,14447422,-2.150133717633973,1
2022-01-07,1103.3079833984375,1113.294777565113,1092.2341211399646,1101.0207557139988,13112115,0.8069419087706198,0
2022-01-10,1104.2138671875,1112.8193642531028,1094.2723568788356,1110.5547786779957,9246731,0.08210615736434779,0
2022-01-11,1112.16259765625,1120.9491128479206,1102.8550708538112,1103.3080358803265,16205164,0.7198542515134188,0
2022-01-12,1141.851318359375,1143.595131948247,1116.4426269818646,1119.2960312179016,14800442,2.6694586534100617,0
2022-01-13,1148.28271484375,1150.8644117443653,1136.0992618786104,1141.9192812349345,11856712,0.5632429004518436,0
2022-01-14,1149.95849609375,1162.776052313962,1144.0026230998735,1148.146875628832,19930176,0.14593803671667516,0
2022-01-17,1155.9598388671875,1161.7345747001148,1149.0528700123114,1149.5058351012956,8036453,0.5218747279856828,0
2022-01-18,1142.16845703125,1160.5342073047743,1139.4282640408564,1157.0921041700744,6215029,-1.193067559289318,0
2022-01-19,1142.077880859375,1151.3173615953267,1136.3710722869748,1145.882379974198,9755485,-0.007930193774607908,0
2022-01-20,1122.0814208984375,1136.801286170844,1111.9133687702085,1132.3173998078944,16494486,-1.7508840943395998,0
2022-01-21,1122.2625732421875,1133.3137934671236,1110.5547274570392,1110.5547274570392,13338594,0.016144313627886042,0
2022-01-24,1076.9935302734375,1134.4461715764583,1066.666981959244,1120.9717499530957,21868937,-4.033730077798903,1
2022-01-25,1074.887451171875,1081.8623458947789,1043.9757327083191,1064.1532222498897,24510205,-0.19555169482102785,0
2022-01-27,1058.9674072265625,1067.119939925388,1046.7160258148951,1058.0163123551283,20020431,-1.4810893854938945,0
2022-01-28,1057.9481201171875,1076.0874439156214,1054.5739444864103,1071.150712887996,14667727,-0.09625292548375297,0
2022-01-31,1080.933837890625,1089.9016105598887,1067.1650674426833,1068.9768076649402,12143683,2.1726696551898517,0
2022-02-01,1077.3558349609375,1096.333045361315,1063.0436492942567,1090.6263567842825,13200509,-0.3310103545902221,0
2022-02-02,1079.552490234375,1090.1733881906252,1075.725349000261,1090.1733881906252,10017691,0.20389319871434441,0
2022-02-03,1065.6025390625,1087.6596951339798,1063.0888887078768,1083.3795890325775,9572839,-1.2921975816892806,0
2022-02-04,1055.8875732421875,1063.6551874088461,1051.2678326966015,1060.2808911532845,11061241,-0.9116875630626353,0
2022-02-07,1049.4560546875,1067.4368843783152,1043.9756693517945,1060.7336971993545,10714467,-0.6091101664298382,0
2022-02-08,1067.0972900390625,1068.8863882514995,1046.2404110052712,1055.5932232086295,12060849,1.6809884771035621,0
2022-02-09,1079.5299072265625,1081.2056742872649,1067.9805561051007,1073.9363098694528,11486225,1.1650875045371878,0
2022-02-10,1078.4202880859375,1085.0554293647551,1071.1962083846827,1085.0554293647551,12464491,-0.10278725334027516,0
2022-02-11,1076.314208984375,1079.982854527415,1061.6849113374171,1074.887506839841,15943370,-0.19529297851957894,0
2022-02-14,1059.171142578125,1066.599001885618,1047.5990308751595,1059.9410992209632,10719633,-1.5927566748771604,0
2022-02-15,1095.1329345703125,1097.8278430466569,1057.880422222606,1064.9006018983252,11212671,3.395276792063373,0
2022-02-16,1092.8682861328125,1101.9492706042658,1085.16871921443,1100.5904953127101,10392840,-0.20679210404612736,0
2022-02-17,1106.704833984375,1111.8681080705421,1091.5321231787168,1096.1065786813085,12853252,1.2660764363950916,0
2022-02-18,1098.05419921875,1112.5475227496659,1096.1292475949579,1107.112541400613,6775458,-0.7816569061581569,0
2022-02-21,1086.957763671875,1103.9875007758346,1080.0281530233087,1092.4380298945582,11107193,-1.0105544475646044,0
2022-02-22,1082.0208740234375,1085.146105195485,1063.066305633856,1065.6705251768456,13494914,-0.45419332870488827,0
2022-02-23,1075.249755859375,1089.9696221846223,1072.5096827529123,1087.5012562225045,7310110,-0.6257844304689342,0
2022-02-24,1021.6695556640625,1059.7827129241718,1016.0760782454672,1043.975778151862,24846650,-4.983046952890446,1
2022-02-25,1034.44189453125,1045.3118571320392,1030.9543872983322,1032.698081014629,14570089,1.2501438255039021,0
2022-02-28,1068.6824951171875,1072.2152872381166,1015.894992677199,1015.894992677199,21297446,3.3100554769635915,0
2022-03-02,1086.34619140625,1087.4559017749605,1054.9363443782538,1057.314141139364,21471786,1.6528479103726346,0
2022-03-03,1077.1746826171875,1093.7288113845136,1073.4381104672327,1087.002981514595,10186748,-0.8442528598724297,0
2022-03-04,1053.283203125,1070.8337101992126,1050.9280486616494,1065.7157207883167,10805667,-2.2179763299058353,1
2022-03-07,1014.3324584960938,1047.1916548725635,1006.3837060047663,1032.0641066685334,17983310,-3.698031499348209,1
2022-03-08,1012.4979858398438,1017.253699474235,987.3610616449254,1001.6279629474421,21289374,-0.1808551664579383,0
2022-03-09,1066.2139892578125,1072.05665089973,1011.8864606126765,1012.7244638561707,20414228,5.305294841985542,0
2022-03-10,1083.492919921875,1089.2676554769666,1068.8863838594104,1087.0030697416826,17980493,1.6205875028980188,0
2022-03-11,1086.617919921875,1091.9850941858494,1076.1555181267943,1076.1555181267943,12257423,0.28841905125003287,0
2022-03-14,1095.54052734375,1098.0542977910961,1075.2271823953638,1081.0698447752459,8340678,0.821135677802598,0
2022-03-15,1070.4488525390625,1099.6620420875429,1060.2128731362302,1099.6620420875429,15925769,-2.290346562123524,1
2022-03-16,1088.520263671875,1090.5810688907009,1076.6311594559988,1078.8504605069668,11149828,1.6882087443923943,0
2022-03-17,1124.0064697265625,1131.1172183134404,1093.8420644373464,1101.8361008572806,21422098,3.2600409233524807,0
2022-03-21,1117.5296630859375,1125.0480919172617,1104.6668219311773,1106.9314074851866,11999466,-0.576225032067712,0
2022-03-22,1146.4031982421875,1148.124249688356,1111.2794206216663,1114.2232739689239,22557065,2.583692953305494,0
2022-03-23,1150.0491943359375,1161.666592238369,1142.7120228084564,1142.7120228084564,15462187,0.31803785084867364,0
2022-03-24,1167.916748046875,1170.4078760728964,1136.8240104486479,1136.8240104486479,13168266,1.553633861832715,0
2022-03-25,1175.7069091796875,1184.8331776508987,1167.169339474114,1169.6604672992412,14222488,0.66701339336388,0
2022-03-28,1187.5283203125,1191.060992805179,1171.4723190412603,1182.1158606493575,9891424,1.005472625916659,0
2022-03-29,1187.7999267578125,1194.7974641560254,1180.9382429362058,1194.7974641560254,8684065,0.022871576253535864,0
2022-03-30,1210.626953125,1217.4433519238278,1185.3314742474283,1195.6580225208536,15811550,1.9217905181637462,0
2022-03-31,1193.325439453125,1209.1550162306944,1190.5400818204482,1207.0036419353132,13223718,-1.429136665693298,0
2022-04-01,1202.882080078125,1207.094259791017,1187.55087204633,1193.8916640782966,7922880,0.8008411041148689,0
2022-04-04,1206.4375,1211.555489970758,1196.45070474843,1202.7009276541294,7929162,0.29557510089801564,0
2022-04-05,1189.3851318359375,1209.2456310104756,1186.9620503043643,1200.7307025551163,13149870,-1.4134481201108606,0
2022-04-06,1186.214599609375,1193.2121362457021,1171.7439190700502,1171.7439190700502,12257215,-0.26656901466965977,0
2022-04-07,1165.2899169921875,1180.3041331292436,1162.6402930619627,1175.3672812713683,15496499,-1.7639879515964574,0
2022-04-08,1184.6748046875,1188.9096265891387,1159.4698932414146,1159.4698932414146,15152495,1.6635248801730063,0
2022-04-11,1182.206298828125,1195.0464967892808,1169.886872844364,1177.5864392090166,9254209,-0.20836991295903884,0
2022-04-12,1159.9454345703125,1178.7641486995603,1157.3863798447205,1171.698565177911,13217742,-1.8829932034602481,0
2022-04-13,1155.68798828125,1174.2349955581562,1152.9025109003892,1166.0371790472568,10354235,-0.36703849699961655,0
2022-04-18,1152.1551513671875,1159.3792305452218,1142.1683569783831,1147.2410619855225,9974224,-0.30569123759056627,0
2022-04-19,1196.0655517578125,1208.3849780863475,1155.416224906424,1158.5639783200388,26141820,3.8111534144094517,0
2022-04-20,1231.234619140625,1238.2775602010167,1199.8247720277507,1203.4481327307994,25072240,2.940396312821303,0
2022-04-21,1260.06298828125,1263.1880996959114,1237.3717275306717,1245.9319403276972,21708633,2.3414196362303796,0
2022-04-22,1249.510009765625,1269.0760391912017,1242.8973909745034,1249.5552942902013,15054154,-0.8374961104142487,0
2022-04-25,1220.61376953125,1249.3287095526507,1206.414795351199,1242.0821076628993,17063215,-2.3126057421336887,1
2022-04-26,1257.1416015625,1265.9055943331985,1226.3658564890222,1227.4075203143414,12227666,2.9925790567869592,0
2022-04-27,1258.364501953125,1280.8518611647926,1247.8114113086813,1248.1738072854712,19338945,0.09727626459143934,0
2022-04-28,1277.1605224609375,1291.2689267231667,1261.874481071713,1272.676636154816,25614076,1.4936864858027254,0
2022-04-29,1263.7542724609375,1293.6015662528664,1257.8889681093667,1293.6015662528664,18214862,-1.0496918566013758,0
2022-05-02,1259.315673828125,1270.6612443033114,1249.1702630612974,1250.9593611931234,9467006,-0.351223234574638,0
2022-05-04,1220.0023193359375,1263.6410258882418,1212.1442565160846,1261.3764403153348,19247660,-3.1218030005678354,1
2022-05-05,1196.1109619140625,1236.4659436174286,1192.0800401164388,1233.5219702392728,17210669,-1.9583042624770841,0
2022-05-06,1186.9393310546875,1204.3087009820067,1174.6651887519583,1183.112189870724,19649948,-0.7667876268517948,0
2022-05-09,1140.583251953125,1176.2732081933118,1135.4652620079833,1166.2410086662385,18083752,-3.905513777218217,1
2022-05-10,1120.813232421875,1144.3423749690376,1113.2721615832613,1130.0301899582084,19511677,-1.7333254277928423,0
2022-05-11,1109.331787109375,1125.4783543216395,1096.9444341111473,1119.9073998813726,16643899,-1.0243852392508468,0
2022-05-12,1086.7314453125,1102.7873270518787,1073.4156370472006,1099.458434885726,20490321,-2.037293266044915,1
2022-05-13,1099.0506591796875,1122.3306194635952,1093.9553113783713,1098.7789520224087,19308778,1.1336024111867848,0
2022-05-16,1099.322509765625,1123.689419002713,1094.544153545097,1102.60611718799,13437911,0.024735036885426,0
2022-05-17,1145.4971923828125,1150.3661168047677,1101.4962137094635,1102.9002734069516,16551828,4.200285376402602,0
2022-05-18,1149.6641845703125,1163.9990123371506,1136.0313867118257,1150.2530031709177,17276788,0.3637714885037724,0
2022-05-19,1123.16845703125,1137.956250241304,1116.918234266966,1125.0481241931686,14699118,-2.30464929626083,1
2022-05-20,1188.6602783203125,1197.6959774442455,1133.2005197063886,1137.95611299257,21793091,5.83098829735389,0
2022-05-23,1180.7117919921875,1201.8403770570499,1174.4161648907582,1191.8534622113486,15252755,-0.6686928530460268,0
2022-05-24,1184.76513671875,1194.7972144323683,1176.5446792485677,1180.756858044971,13527818,0.34329670915909105,0
2022-05-25,1183.0216064453125,1203.2670225299603,1178.2658929997126,1193.4387237828619,12714544,-0.14716252355857495,0
2022-05-26,1171.7440185546875,1193.3934954511844,1154.0348942869591,1188.637781781663,17882023,-0.9532867218301599,0
2022-05-27,1166.3089599609375,1179.9191164627784,1150.4568600156867,1174.4388502012214,16521973,-0.46384351084240993,0
2022-05-30,1206.9356689453125,1211.1024440039564,1174.959644745959,1184.3802630005096,13853398,3.4833573589056366,0
2022-05-31,1192.374267578125,1213.2764285050255,1184.6973432373502,1196.337262181718,70620653,-1.2064770096580246,0
2022-06-01,1192.7593994140625,1202.587698682473,1184.9238588339676,1193.121675611818,9776989,0.03229957626642577,0
2022-06-02,1233.88427734375,1237.5755649319342,1192.98576447725,1192.98576447725,22126569,3.4478770781340984,0
2022-06-03,1258.88525390625,1276.0282006397301,1241.9008029974498,1242.806733024834,23939791,2.0262010807302833,0
2022-06-06,1253.472900390625,1274.5109147154305,1246.3393903599856,1259.1117816339226,11093152,-0.4299322355894475,0
2022-06-07,1255.8282470703125,1264.1392757142605,1246.452912224144,1254.5373984290559,12358255,0.18790567222901622,0
2022-06-08,1233.77099609375,1259.564603425916,1230.2608467946977,1255.8280315270272,12479250,-1.7563907348014607,0
2022-06-09,1267.6041259765625,1269.528957983228,1227.4076388685442,1227.4076388685442,17278305,2.7422536264778197,0
2022-06-10,1229.33251953125,1263.5957731905057,1223.5577842447772,1255.4432409626409,18093057,-3.019208099833859,1
2022-06-13,1206.0750732421875,1210.558959942895,1184.9691305419672,1200.2325310142617,17620803,-1.8918759505305083,0
2022-06-14,1190.3134765625,1210.1286894158018,1183.6782159302647,1200.2551062805883,14714312,-1.3068503801605735,0
2022-06-15,1175.9107666015625,1194.4804162045639,1170.5210697144335,1185.5352852287417,11195535,-1.2099930181863505,0
2022-06-16,1159.4698486328125,1204.331357067944,1156.752298028243,1188.0036507794862,17111475,-1.3981433315952252,0
2022-06-17,1173.0572509765625,1188.8414216894157,1157.7034029954712,1159.4697388409886,24457187,1.1718633614985041,0
2022-06-20,1151.79296875,1185.331550638825,1141.8513382748356,1179.851164692969,12066797,-1.8127233098691575,0
2022-06-21,1170.38525390625,1174.5973137201734,1145.112415821389,1159.4698864092793,11720049,1.6142037380578511,0
2022-06-22,1134.8311767578125,1158.6999555030718,1132.7477291666964,1158.6093864513275,10617206,-3.037809732288843,1
2022-06-23,1116.420166015625,1143.6179599230293,1107.384464334416,1139.1114302153533,19446323,-1.6223567980205966,0
2022-06-24,1132.3175048828125,1137.2768791745684,1117.8014186070498,1123.2365200121847,14240234,1.4239566205547227,0
2022-06-27,1128.9658203125,1152.6534598644344,1123.9383995696694,1152.6534598644344,15474529,-0.2960021863001594,0
2022-06-28,1144.8404541015625,1147.6712157735933,1124.1874785863165,1124.1874785863165,13572847,1.4061217357907552,0
2022-06-29,1168.5960693359375,1176.2278290145132,1132.7476201425022,1135.5557396776305,19205146,2.0750153568793728,0
2022-06-30,1175.616455078125,1184.7880089664673,1162.1874370508547,1168.5282289340553,23112959,0.6007538384222855,0
2022-07-01,1090.9432373046875,1173.9630584583938,1071.1507876954663,1166.218207707014,81997149,-7.202452586274033,1
2022-07-04,1093.2080078125,1106.025565464495,1071.6490989100685,1077.4691189892487,41857728,0.20759746523639766,0
2022-07-05,1102.0625,1116.3973279805082,1094.7478514073186,1097.42011751126,17647327,0.8099549330248479,0
2022-07-06,1092.3699951171875,1106.0027924376789,1081.5679595799388,1096.106567126978,23943726,-0.8794877679634827,0
2022-07-07,1081.6131591796875,1102.0623535548807,1075.6799289511744,1098.733462298577,23301033,-0.9847245883338296,0
2022-07-08,1083.10791015625,1095.155510044553,1079.0995110804106,1095.155510044553,19010108,0.1381964488760712,0
2022-07-11,1097.8277587890625,1100.046939975301,1073.4154479368833,1076.3594210782474,13847467,1.359038051036765,0
2022-07-12,1096.26513671875,1104.983845261713,1088.8146344584836,1088.8146344584836,10778989,-0.14233763518933795,0
2022-07-13,1076.8348388671875,1102.402142980226,1074.7741536418605,1099.3676009909502,14224132,-1.7724086264131023,0
2022-07-14,1085.712158203125,1102.3796184650857,1076.5632467388843,1081.5680252499114,16970315,0.8243900564432138,0
2022-07-15,1087.8182373046875,1093.796752824721,1079.3487135847495,1093.796752824721,9603210,0.19398134999686345,0
2022-07-18,1097.0804443359375,1098.3258884954794,1083.5154537448523,1096.5142680086967,15160908,0.851448037330127,0
2022-07-19,1103.8062744140625,1108.2901609105513,1087.1388148491112,1087.1388148491112,16439888,0.6130662626290917,0
2022-07-20,1133.6534423828125,1151.543703777921,1126.0670869457035,1150.4114709277653,23924246,2.704022314476684,0
2022-07-21,1126.08984375,1132.2949020971544,1117.484465892399,1129.577351299841,16523230,-0.6671879032903227,0
2022-07-22,1133.6988525390625,1139.6773678755283,1130.030207237111,1132.2947927493988,10969995,0.6757017507345253,0
2022-07-25,1096.2425537109375,1117.5523977830067,1088.3618480432954,1117.5523977830067,23110452,-3.3039019792810764,1
2022-07-26,1096.74072265625,1106.886133119494,1092.143624721455,1096.5595845623452,11303288,0.04544331394782386,0
2022-07-27,1095.698974609375,1099.2316463703332,1087.90871936657,1096.038608509345,8655086,-0.09498580889308883,0
2022-07-28,1112.8646240234375,1117.7787135139506,1096.5142758027298,1103.3080323769393,12496073,1.5666391784460831,0
2022-07-29,1136.57470703125,1140.039571763476,1115.9896583759382,1120.8358207488034,15130683,2.1305451261530273,0
2022-08-01,1166.1956787109375,1172.038340631328,1135.7369249153332,1140.9681259695833,15700044,2.6061614336868377,0
2022-08-02,1170.63427734375,1181.1193216829413,1160.1718752661886,1165.1313691654111,13917913,0.38060496311551617,0
2022-08-03,1180.4625244140625,1182.11564904104,1162.8440902328596,1177.586478112168,14250977,0.8395659738080985,0
2022-08-04,1164.8594970703125,1185.6258045890304,1148.1468730281574,1182.1156551708407,14467127,-1.321772357957296,0
2022-08-05,1147.6939697265625,1167.9846710602349,1144.5009315875282,1166.7165845896059,13942438,-1.473613546262209,0
2022-08-08,1162.708251953125,1170.1361123075012,1146.3352600049257,1146.3352600049257,10165178,1.3082130448188733,0
2022-08-10,1169.6605224609375,1173.0120563323646,1158.1336946618562,1167.1241099957583,10724688,0.5979376594372754,0
2022-08-11,1173.5556640625,1182.0704726435374,1168.618812190309,1178.990645714219,8198226,0.3330147104022352,0
2022-08-12,1192.5328369140625,1196.3146936661199,1169.5247047340195,1173.193230375856,12650587,1.6170662741185282,0
2022-08-16,1200.8211669921875,1203.5387175050762,1189.9512045412775,1198.511296976361,6607378,0.6950190235073928,0
2022-08-17,1207.09423828125,1212.4160085847718,1202.746205068067,1207.0263114935751,6595965,0.5223984604447951,0
2022-08-18,1209.2833251953125,1212.7820913718717,1199.6955520359063,1208.6925853891362,7410035,0.1813517822087718,0
2022-08-19,1187.72216796875,1209.464997552082,1183.6779742626552,1204.148579928399,9460724,-1.7829698613499145,0
2022-08-22,1184.4278564453125,1195.6514326976853,1175.0673642837935,1189.1536549981986,9471680,-0.27736381556904277,0
2022-08-23,1202.694580078125,1205.6027266806439,1177.4982950302235,1178.7024907985585,9678484,1.542240292087893,0
2022-08-24,1199.490966796875,1213.2365143204822,1197.4917062121833,1199.6500999587201,10369622,-0.2663696448222064,0
2022-08-25,1195.9921875,1210.0102083418858,1191.6981161929027,1203.671444195302,7871946,-0.2916886740896518,0
2022-08-26,1189.60791015625,1204.148643044039,1184.6096383933834,1196.4238336256965,10742038,-0.533805940412968,0
2022-08-29,1180.3609619140625,1206.4205794013706,1171.4547933496005,1174.6128173581192,19838975,-0.7773105880720776,0
2022-08-30,1198.6729736328125,1201.990130578996,1170.795826558723,1187.790261371782,23139054,1.5513908295522905,0
2022-09-01,1163.4344482421875,1183.6777688235838,1159.0267970935467,1173.5448105614641,19909939,-2.939794770197224,1
2022-09-02,1149.8482666015625,1170.2278880627014,1147.6671567250864,1163.4346809089884,12999345,-1.1677651165608927,0
2022-09-05,1167.7060546875,1173.0224725362493,1150.0754462865928,1150.0754462865928,11327815,1.5530560513620673,0
2022-09-06,1179.9974365234375,1184.1552111927028,1168.7057123414318,1169.1601553219334,10899618,1.0526092407071586,0
2022-09-07,1173.135986328125,1179.1112920563703,1167.7968526449285,1170.0688269822717,7488501,-0.5814800933405473,0
2022-09-08,1174.7945556640625,1180.519984126391,1168.2513462113554,1176.0896159479148,7057077,0.1413791201758885,0
2022-09-09,1167.4788818359375,1185.9727033347192,1165.0704903678632,1185.9727033347192,8314850,-0.6227194187148566,0
2022-09-12,1180.542724609375,1186.8816091364133,1168.046804859231,1168.046804859231,7435419,1.1189789362950897,0
2022-09-13,1190.403076171875,1194.9243089400052,1181.8832020191865,1189.607891122723,8888657,0.8352388572605562,0
2022-09-14,1176.135009765625,1185.9726599528265,1169.046493026583,1170.0688394223355,8678219,-1.1985911908203084,0
2022-09-15,1164.4798583984375,1183.041828116281,1161.776157155841,1173.7040529111878,10365600,-0.9909705323294493,0
2022-09-16,1135.625732421875,1160.0722649582217,1131.899684568862,1155.8690579820689,20217708,-2.477855307540222,1
2022-09-19,1137.1025390625,1146.3040180403946,1127.5147655140897,1135.6257495827476,7580254,0.13004342878666364,0
2022-09-20,1137.2841796875,1153.119972213298,1133.5808482063046,1146.1903481529216,8411448,0.015973988163797692,0
2022-09-21,1140.4195556640625,1150.9842421176709,1133.7172134827065,1134.512398474311,9207309,0.2756897556971172,0
2022-09-22,1129.673095703125,1137.3523524884633,1123.3116153435435,1129.6276634257686,10308170,-0.9423251212734463,0
2022-09-23,1108.4984130859375,1134.149023023791,1106.9534751005983,1129.1734669494883,9528051,-1.8744079767614608,0
2022-09-26,1080.257568359375,1098.6379294477279,1079.257938059937,1087.845960638479,12479523,-2.547666680725602,1
2022-09-27,1088.8455810546875,1102.3638454814661,1072.4191704410875,1087.8231145473603,16154822,0.7949967625179744,0
2022-09-28,1059.855224609375,1080.5529923156532,1057.4242371952328,1072.5328732525227,16997059,-2.6624855672584546,1
2022-09-29,1056.6063232421875,1075.7817488504493,1051.0171916607421,1072.3738473223364,14671827,-0.3065419966566618,0
2022-09-30,1080.4393310546875,1091.458340177691,1050.108360317172,1050.108360317172,18613024,2.255618510721069,0
2022-10-03,1076.6905517578125,1098.251530811662,1073.7369732258553,1086.687214378407,11852723,-0.34696805171055,0
2022-10-04,1096.547607421875,1098.7287171700252,1086.0737854797874,1089.5499554327275,8948850,1.8442676618313225,0
2022-10-06,1100.5916748046875,1113.269322563035,1098.7968595905177,1103.7271026820092,13352162,0.3687999823665411,0
2022-10-07,1105.2493896484375,1110.4976589700225,1097.2065545320427,1097.2065545320427,7714340,0.4232009881936172,0
2022-10-10,1093.1851806640625,1098.547030597458,1085.0969133921378,1092.8216022630288,6329527,-1.0915372672779755,0
2022-10-11,1071.4195556640625,1096.911150105876,1068.329679997323,1096.911150105876,9215177,-1.9910281793957707,0
2022-10-12,1079.3033447265625,1082.2342073300697,1064.6944639855953,1068.7386577474495,7417103,0.7358265042692436,0
2022-10-13,1082.7340087890625,1087.8231445652352,1072.419200033899,1077.5538882747444,7328492,0.31785911525819,0
2022-10-14,1077.2357177734375,1097.9789154976827,1076.508681223135,1097.3654596284905,9106089,-0.5078154903229049,0
2022-10-17,1094.5255126953125,1096.911067683068,1064.9216983657,1070.1018190034106,16729355,1.6050150061503343,0
2022-10-18,1113.83740234375,1119.1765361724479,1099.7056807153497,1100.5462980220425,12415820,1.7644074463720072,0
2022-10-19,1133.2174072265625,1148.6441893082867,1109.497912475689,1115.3142054707246,19247142,1.7399312361061625,0
2022-10-20,1136.2618408203125,1144.6227018334394,1129.173323936751,1129.173323936751,8717053,0.26865397357431764,0
2022-10-21,1123.084228515625,1143.6229813098248,1120.994103570685,1139.4879233106462,8243452,-1.1597337718543876,0
2022-10-24,1126.8330078125,1137.1251004905544,1115.6777019334577,1117.81325918146,3370033,0.3337932455724779,0
2022-10-25,1109.4298095703125,1135.5348605120162,1107.8167232856267,1135.5348605120162,12233241,-1.5444345454498132,0
2022-10-27,1113.7919921875,1121.6530982836084,1105.453847178534,1116.904583955269,12513059,0.3931914015251614,0
2022-10-28,1147.87158203125,1151.8929390234955,1117.5633290375395,1120.085180684718,17609592,3.0597804691356423,0
2022-10-31,1158.52734375,1163.684748855419,1150.620804946696,1154.6195667238408,12419943,0.9283060828018552,0
2022-11-01,1149.552978515625,1181.428769564145,1139.6244632866772,1181.428769564145,13963166,-0.7746355994780574,0
2022-11-02,1156.7322998046875,1158.7998289194838,1142.8051438822936,1150.666129478395,8981896,0.624531572118836,0
2022-11-03,1161.049072265625,1163.048452941367,1147.3717940343818,1149.5529038103175,6693449,0.37318681787188446,0
2022-11-04,1178.134521484375,1181.4288426079638,1159.2089717466056,1160.4811958004998,12575815,1.47155272131696,0
2022-11-07,1184.4278564453125,1186.1092114125374,1169.614649236392,1177.3393389028124,11789748,0.5341779606804486,0
2022-11-09,1183.2464599609375,1191.4028762322173,1176.9075752515669,1186.109174333478,11254205,-0.09974406443973294,0
2022-11-10,1168.9329833984375,1179.8611290593667,1164.616195791804,1176.8848340514855,5966242,-1.2096783761324392,0
2022-11-11,1195.8785400390625,1197.7869359415272,1175.9759587388326,1181.4286729917058,12310132,2.305141271853439,0
2022-11-14,1190.0849609375,1200.5133505404451,1183.7687931045677,1195.4013783558953,9043112,-0.48446216798683217,0
2022-11-15,1184.7459716796875,1193.4248592098502,1176.8848651845096,1191.561895358841,7086433,-0.4486225297399504,0
2022-11-16,1177.9527587890625,1188.6764594316192,1172.954366703904,1185.9727580356148,9716161,-0.5733898281159666,0
2022-11-17,1180.9971923828125,1187.3359568517499,1172.3409009131724,1174.5901593039591,6661451,0.2584512469650857,0
2022-11-18,1180.3609619140625,1185.518366679259,1168.2967693410817,1184.495900066872,5303197,-0.05387231001509063,0
2022-11-21,1159.117919921875,1175.9759375856167,1155.5736016352212,1175.9759375856167,6390268,-1.7997072656266044,0
2022-11-22,1165.547607421875,1167.1152613187112,1152.5746494360667,1156.4369938334312,6611488,0.5547052107030881,0
2022-11-23,1161.91259765625,1171.3867910548404,1159.731487519947,1170.0690144783027,6413408,-0.31187141069813906,0
2022-11-24,1171.931884765625,1178.702375351731,1157.8910283853108,1165.9792953074673,9389439,0.86230987852145,0
2022-11-25,1189.4261474609375,1192.7431844497548,1173.295044904841,1176.430472976704,7349922,1.4927712883937128,0
2022-11-28,1230.2989501953125,1236.4332684225644,1136.8978915395971,1185.472802558626,31527484,3.4363464113872144,0
2022-11-29,1232.4119873046875,1241.2500078770877,1224.1419904117938,1228.6632233258865,11058913,0.1717498912796378,0
2022-11-30,1241.1136474609375,1247.5206802015884,1226.0504438987869,1232.54834119291,26164986,0.7060674714208792,0
2022-12-01,1237.45556640625,1251.8598796480708,1234.1385299270664,1245.8618584705512,9485801,-0.294741828209788,0
2022-12-02,1236.93310546875,1248.6792715763747,1227.1408877532265,1240.5001400003844,11589592,-0.042220581625995734,0
2022-12-05,1218.8935546875,1234.4793482971581,1216.8715781623773,1232.3209547622266,14828536,-1.4584095697247723,0
2022-12-06,1222.415283203125,1225.5051588426245,1209.146894711336,1211.0099786652759,8594245,0.28892830732276664,0
2022-12-07,1204.375732421875,1224.5963402295367,1200.5815364526634,1220.0523915216042,8462111,-1.4757301409043633,0
2022-12-08,1203.8077392578125,1210.9645247591304,1199.6500849785011,1208.6925503476532,7757008,-0.04716079449063049,0
2022-12-09,1185.563720703125,1208.6924740397408,1182.2692798901842,1202.330873974504,12655763,-1.515525939876039,0
2022-12-12,1187.38134765625,1191.8798642806923,1174.6128344148897,1174.8401159938364,9479842,0.1533133075333204,0
2022-12-13,1192.7886962890625,1196.4237590933476,1184.473147579326,1187.381293975718,8333348,0.4554011770090405,0
2022-12-14,1188.4720458984375,1199.1275984061572,1186.4272326920325,1198.5368585654778,7268947,-0.3618956487477343,0
2022-12-15,1171.591064453125,1188.244637773301,1168.2513114103942,1182.564761948623,8688551,-1.4203936477572898,0
2022-12-16,1165.7974853515625,1189.9714223850988,1162.412300039899,1168.2513090093973,15837349,-0.49450523116330025,0
2022-12-19,1181.110595703125,1183.246273075343,1166.2972711057284,1172.7951677670053,7729933,1.3135309128707418,0
2022-12-20,1191.3345947265625,1193.242990634255,1165.9792991040035,1174.1129983269077,7467588,0.8656258830148866,0
2022-12-21,1174.3857421875,1196.423883640869,1170.5688296926967,1190.9711686756098,8527550,-1.4226777778540534,0
2022-12-22,1171.34130859375,1183.5417989966502,1166.3202002479723,1180.5200715713056,7451122,-0.2592362529946213,0
2022-12-23,1136.9888916015625,1177.112082738486,1132.4676588679463,1164.7524600759673,10257115,-2.932741869526412,1
2022-12-26,1146.9173583984375,1155.0737739248264,1132.5357596211306,1142.6915558359974,5990242,0.8732246084559137,0
2022-12-27,1156.30078125,1158.1637450751377,1142.9188116159999,1149.6211545027727,5763271,0.8181428925851719,0
2022-12-28,1156.1871337890625,1158.6181211536698,1145.7587436629801,1153.2562711921107,7459393,-0.009828537935829829,0
2022-12-29,1155.66455078125,1158.209118855438,1147.5762834083114,1148.2578877514563,6930648,-0.04519882573852385,0
2022-12-30,1157.4366455078125,1170.97762738263,1154.6649160603042,1156.4824475075623,7289476,0.15333988789087982,0
2023-01-02,1170.4779052734375,1171.8865462707408,1157.8911210447166,1158.7090222381169,5316175,1.1267363804524422,0
2023-01-03,1161.91259765625,1169.1602486359825,1157.7095105638098,1165.547781216755,7658932,-0.731778667380012,0
2023-01-04,1144.4183349609375,1163.7301788455284,1142.350805656606,1161.8898109401732,9264891,-1.5056436026772646,0
2023-01-05,1142.3734130859375,1152.5292093307505,1137.8067482537933,1146.6674842652508,13637099,-0.17868657050743586,0
2023-01-06,1152.7564697265625,1157.777577935928,1144.3047436595773,1148.0989399434065,6349597,0.908902161209868,0
2023-01-09,1179.9747314453125,1182.3376907366148,1155.6873320113693,1156.57338165,10722753,2.3611458650244055,0
2023-01-10,1162.52587890625,1184.155127696438,1156.891435377878,1184.155127696438,8047142,-1.4787479828224814,0
2023-01-11,1147.87158203125,1162.344044167369,1145.5767715508584,1159.8449086559888,11509553,-1.260556615633135,0
2023-01-12,1123.084228515625,1150.7569299071174,1120.0852177263125,1147.280880250268,17688773,-2.159418693140025,1
2023-01-13,1121.266845703125,1123.675117069892,1106.2717897707075,1117.0863548772086,20618583,-0.16182070465916576,0
2023-01-16,1110.5885009765625,1126.7421991055548,1102.8182596793808,1123.584175159578,13623855,-0.9523464256063208,0
2023-01-17,1126.3560791015625,1128.2644751675343,1113.5421334042796,1116.9046027544262,10751000,1.4197498093249994,0
2023-01-18,1124.492919921875,1131.9450149571076,1117.9724269094495,1123.947732620178,13448286,-0.16541475775349035,0
2023-01-19,1123.2889404296875,1127.4238787769261,1116.2911675478767,1123.6751148013898,11940054,-0.10706865920251385,0
2023-01-20,1109.9295654296875,1124.6291897175156,1107.4758620574123,1124.6291897175156,14930286,-1.1893088696208198,0
2023-01-23,1104.3177490234375,1120.6305800710875,1101.9094778576764,1112.8150268033937,10954118,-0.5056011283092077,0
2023-01-24,1097.7972412109375,1110.3839043654414,1084.8014472016187,1108.7253859560433,16488755,-0.590455764952269,0
2023-01-25,1082.620361328125,1097.2292417944516,1081.4617181061994,1096.2068953996695,12385018,-1.3824847898207038,0
2023-01-27,1062.0816650390625,1084.8014072954272,1050.403647808396,1083.4610350495245,25830975,-1.8971282106560627,0
2023-01-30,1072.26025390625,1077.781116815708,1045.564464693845,1059.5144571522903,21772103,0.9583621676411358,0
2023-01-31,1069.579345703125,1084.9379802131518,1063.7403362487162,1082.3705756526113,22691594,-0.25002402106749644,0
2023-02-01,1063.2406005859375,1081.4391134749721,1047.382090519888,1081.4391134749721,19347800,-0.5926390727955311,0
2023-02-02,1057.3560791015625,1066.9210156997124,1050.1084290116537,1053.2891691648742,13662663,-0.5534515406138696,0
2023-02-03,1058.28759765625,1067.3754956611733,1041.9293331709027,1067.3754956611733,24699575,0.0880988508127789,0
2023-02-06,1050.3128662109375,1054.6523697762398,1047.7455820077842,1051.9259524136774,14837879,-0.7535504963843365,0
2023-02-07,1047.791015625,1057.560517598404,1041.9292904027159,1050.5628652677376,15135435,-0.2401047028049108,0
2023-02-08,1068.7159423828125,1072.3284093286718,1048.290888887822,1051.017186057536,21160332,1.9970515537710565,0
2023-02-09,1070.5789794921875,1077.3040386110727,1060.559599329042,1069.3976200283605,13172763,0.1743248168658562,0
2023-02-10,1061.763671875,1070.0563840638993,1054.7886158361225,1070.0563840638993,10790445,-0.8234149732109342,0
2023-02-13,1055.72021484375,1067.8298390073717,1051.267130813873,1063.3767549774948,10352493,-0.569190413209153,0
2023-02-14,1080.5985107421875,1082.3251778031881,1055.8566674193971,1058.7193818882063,14321920,2.356523589170778,0
2023-02-15,1105.0675048828125,1107.4531801088635,1078.2809718116707,1079.6440602664363,33503591,2.2643927321183366,0
2023-02-16,1104.2041015625,1119.5400175721072,1101.9321273600988,1113.0194047366483,17264487,-0.07813127401696818,0
2023-02-17,1108.8162841796875,1112.1334412904273,1095.3661670147737,1099.6375221146495,11809520,0.4176929437828658,0
2023-02-20,1097.093017578125,1113.1558521216361,1095.1390690194628,1110.9974583087273,8836937,-1.0572776364152547,0
2023-02-21,1106.0445556640625,1111.8152960708703,1096.161352929149,1101.4551746278107,13311592,0.8159324635661491,0
2023-02-22,1080.9617919921875,1104.181409716533,1079.2124090771258,1102.34116225432,11024335,-2.2677896241544704,1
2023-02-23,1075.7816162109375,1088.1639533747034,1072.987170955967,1080.5528460297141,9851910,-0.47921913795889726,0
2023-02-24,1083.14306640625,1088.8003468562933,1076.009116649248,1077.8266482510571,9434053,0.6842885288596667,0
2023-02-27,1075.940673828125,1085.846592046861,1068.6022799971277,1082.370422196558,11199715,-0.6649530243517776,0
2023-02-28,1055.3565673828125,1075.5544571553608,1051.3124942776465,1070.601498241021,21994038,-1.9131265269557662,0
2023-03-01,1065.0579833984375,1065.7850199744744,1055.6746563210354,1065.1034156724897,11551145,0.9192548106924381,0
2023-03-02,1056.947021484375,1068.5796069332716,1054.9249246750653,1061.9226969308686,9333535,-0.7615512057082219,0
2023-03-03,1083.915283203125,1087.5731818872284,1063.99010787448,1067.443441152776,14643807,2.5515244539764836,0
2023-03-06,1094.5028076171875,1101.7277412564927,1090.5495987349282,1090.5495987349282,10171916,0.976785232031685,0
2023-03-08,1098.43359375,1099.1833465971572,1083.733846641011,1094.5029801942796,15782657,0.3591389720936533,0
2023-03-09,1072.032958984375,1098.2288726400263,1070.147279158801,1097.8199821583767,16235128,-2.4034802755344087,1
2023-03-10,1055.4248046875,1065.1034417835135,1051.9486346812796,1063.967514713159,13334091,-1.5492204934267395,0
2023-03-13,1038.0670166015625,1065.1035499544928,1033.7502288751577,1058.2876262665352,12771592,-1.6446257477411574,0
2023-03-14,1034.1817626953125,1047.359164622662,1031.0464552108242,1036.0220100653578,16027522,-0.3742777531810626,0
2023-03-15,1016.5057373046875,1044.3374508988734,1012.1208019221261,1037.8851067638673,21728555,-1.7091797620330529,0
2023-03-16,1011.4393310546875,1024.207844384365,1000.6701985245505,1019.2095726723305,18363159,-0.49841393551145474,0
2023-03-17,1010.1671142578125,1023.2763697645565,1005.4413760837782,1020.0047649704466,34014213,-0.1257828085000745,0
2023-03-20,1000.2384643554688,1008.7583980790381,990.5825434751304,1006.4864237654998,19524589,-0.9828720181252915,0
2023-03-21,1031.341796875,1033.2957451749278,1007.3951430408976,1008.2811925498517,21400360,3.109591725166605,0
2023-03-22,1034.477294921875,1041.2250703817986,1031.4782836063534,1038.2942074878824,10920094,0.3040212329584291,0
2023-03-23,1021.3906860351562,1031.4327819622354,1019.2322922558061,1030.5694484887376,16249370,-1.265045540483034,0
2023-03-24,1001.1699829101562,1022.3902814688943,998.7617116838695,1020.231887763167,12375945,-1.9797226860852724,0
2023-03-27,1016.7329711914062,1024.207782359069,999.7613722312702,1007.6224178329715,14054323,1.5544801129586672,0
2023-03-28,1021.4814453125,1025.3437895017669,1016.4830539075199,1020.1182367301237,12576424,0.467032569577186,0
2023-03-29,1015.4380493164062,1020.0274303318191,1004.7142894261991,1017.3918775634875,18804065,-0.591630520928832,0
2023-03-31,1059.2191162109375,1064.8536804760474,1024.5260415402947,1024.6623383806666,28171201,4.311544847468007,0
2023-04-03,1059.4007568359375,1067.3754434349298,1051.9259454677697,1065.5579119993613,10293043,0.017148541054456956,0
2023-04-05,1056.856201171875,1066.9210129823457,1048.995215362799,1066.9210129823457,16262928,-0.24018820523238338,0
2023-04-06,1063.9447021484375,1069.6474143387793,1053.3572991214214,1053.3572991214214,18435046,0.6707157481502746,0
2023-04-10,1056.4017333984375,1068.0116029231133,1054.9022279148219,1067.829873819937,12961408,-0.7089624803590211,0
2023-04-11,1061.6273193359375,1063.7402807994256,1056.0383079017138,1060.559540630498,10542367,0.49465897037950235,0
2023-04-12,1066.3077392578125,1075.9181086673711,1058.7647789480902,1061.6273731304518,18179087,0.4408722191515002,0
2023-04-13,1070.3289794921875,1075.0092249147228,1064.1946609026813,1069.1929322468407,12378208,0.37711817014232096,0
2023-04-17,1075.7589111328125,1101.8866740573628,1067.3980510351955,1101.8866740573628,17929479,0.5073142692260113,0
2023-04-18,1063.4449462890625,1080.0985197030036,1056.9243329412964,1080.0985197030036,10405576,-1.1446770011677598,0
2023-04-19,1068.7386474609375,1071.4195123263064,1059.741614492453,1062.8542061722762,12273475,0.49778798520296874,0
2023-04-20,1066.034912109375,1071.9193532094926,1059.6961482625013,1069.692811176778,7007330,-0.25298377278542006,0
2023-04-21,1067.37548828125,1072.8282030082607,1061.6500596936005,1068.1252410633845,7647317,0.12575349612353737,0
2023-04-24,1071.465087890625,1081.8706418346944,1066.9210188410907,1079.1897769115358,12936186,0.38314535552623763,0
2023-04-25,1079.666748046875,1081.7342770992536,1068.0569991057368,1075.1000833366595,9236126,0.7654621927436267,0
2023-04-26,1073.328125,1084.2336751201349,1069.6702254865136,1081.0073822687018,8617834,-0.5870906979715373,0
2023-04-27,1080.121337890625,1083.2793621459462,1074.1914637637067,1079.1898559504257,9167125,0.6329111044793612,0
2023-04-28,1099.8646240234375,1101.409681900637,1082.2568535921685,1082.3704342762564,15565210,1.8278766875737595,0
2023-05-02,1109.2025146484375,1111.3609082117491,1103.3180737047812,1106.9986888116582,12981805,0.8490036338145712,0
2023-05-03,1099.6829833984375,1110.9974233118683,1096.4795270846325,1110.9974233118683,7061872,-0.8582320292536694,0
2023-05-04,1112.3604736328125,1114.564299341236,1097.1836913545592,1100.159985858142,8635233,1.152831354650652,0
2023-05-05,1109.5206298828125,1118.4267984938415,1106.9079133744922,1109.1798878043744,8746585,-0.25529887274090557,0
2023-05-08,1123.220703125,1128.5598368262858,1110.6112034431017,1113.269352129285,9153782,1.2347740883046576,0
2023-05-09,1126.69677734375,1129.9912183396398,1119.290114376559,1124.6292481933926,6464721,0.30947383796247063,0
2023-05-10,1134.4442138671875,1135.9210031175069,1127.4464419348942,1131.4452030936898,10872255,0.6876239179189447,0
2023-05-11,1127.03759765625,1140.3058651251242,1125.3335267806174,1135.51203899488,10557860,-0.6528850092759719,0
2023-05-12,1128.8778076171875,1130.2637323324755,1116.2228762779578,1122.2663301444138,6955341,0.1632784890907235,0
2023-05-15,1131.1043701171875,1138.056589765274,1123.7885720856236,1131.3998000896127,6833343,0.19723680321963588,0
2023-05-16,1114.9962158203125,1135.8074445597895,1113.3375770795326,1133.2628763872494,8717229,-1.4241085723332603,0
2023-05-17,1108.4073486328125,1120.0852459817609,1103.7271032383842,1119.1764803056624,8798967,-0.5909317981543594,0
2023-05-18,1106.02197265625,1116.4503639599598,1102.8865442699205,1113.0650580248443,10525531,-0.2152075209087001,0
2023-05-19,1109.6114501953125,1111.4291017814717,1099.1149119209986,1106.0218196807168,8050447,0.32453944205483864,0
2023-05-22,1115.5413818359375,1120.5397737195674,1105.2494084549478,1106.4534840047638,7434906,0.5344151450114465,0
2023-05-23,1115.3369140625,1121.4485168171577,1113.9282731003457,1118.1087637100431,6092034,-0.018329017351292887,0
2023-05-24,1108.8389892578125,1119.630957590089,1105.749113749558,1111.4063935962217,8112254,-0.5825974844694715,0
2023-05-25,1108.7027587890625,1112.8151011277312,1097.8427615845399,1105.9537453747698,11487863,-0.012285865672989615,0
2023-05-26,1138.94287109375,1140.0787982471202,1113.6102893364032,1116.904610291511,12626260,2.7275220580957216,0
2023-05-29,1145.3497314453125,1149.6210865747194,1139.2608448772517,1145.5314605509366,10010304,0.5625269286254841,0
2023-05-30,1145.0543212890625,1153.1198717474913,1142.50963326853,1145.3496310598186,11342504,-0.025792135636792946,0
2023-05-31,1122.3118896484375,1140.4650896335454,1118.2678159183406,1135.9892890678166,27107927,-1.9861443442283466,0
2023-06-01,1119.2900390625,1129.1278089205925,1116.9044841377781,1126.9694153626442,14592692,-0.26925230088082897,0
2023-06-02,1115.6322021484375,1128.1962696801756,1113.7238061790024,1122.8117036497752,15800644,-0.3267997379058474,0
2023-06-05,1125.6517333984375,1128.6053121788445,1117.1090229973545,1121.085068396339,10908682,0.8981034458045212,0
2023-06-06,1126.6058349609375,1130.4000307352399,1118.7221336360576,1128.4689187387335,7493309,0.08475992477881,0
2023-06-07,1135.148681640625,1135.9892989888378,1123.5388113588674,1130.0821412207565,10312545,0.7582817711913936,0
2023-06-08,1135.830078125,1143.6457515710592,1131.899585359948,1138.7155083681228,12071109,0.06002706917564993,0
2023-06-09,1127.7874755859375,1139.8743850627466,1125.9925399615922,1139.170064535181,5877018,-0.7080814898245191,0
2023-06-12,1128.787109375,1131.0818000837537,1120.085385478967,1124.8566162073034,6391969,0.08863671664229855,0
2023-06-13,1145.4632568359375,1146.6447363478687,1129.7411659431393,1133.7172110839526,11248016,1.4773509834082876,0
2023-06-14,1159.549560546875,1160.9809175855808,1143.7138887627082,1145.5314201372407,13277380,1.2297473207344423,0
2023-06-15,1159.86767578125,1164.4116242878063,1152.1201510303479,1159.5268135380984,11813494,0.027434380141966308,0
2023-06-16,1171.1595458984375,1173.431520437393,1163.3438717544047,1163.3438717544047,24171579,0.97354813423709,0
2023-06-19,1159.52685546875,1174.1584519189826,1155.3692013285906,1174.1584519189826,6798554,-0.9932626575454018,0
2023-06-20,1161.9351806640625,1165.070488566,1151.893084884151,1157.5957972211602,6921096,0.2076989578942534,0
2023-06-21,1165.2069091796875,1167.728761153971,1157.800246036839,1161.889751966922,6961603,0.28157582024113115,0
2023-06-22,1152.1202392578125,1169.296404389101,1150.52986917785,1161.4354185434336,7619166,-1.1231198355224348,0
2023-06-23,1142.691650390625,1151.1660925456156,1141.4420223330224,1149.1212794125972,6628570,-0.8183684780384892,0
2023-06-26,1133.9671630859375,1142.9869124040958,1130.8545713330911,1139.1700001634836,12641159,-0.76350319893429,0
2023-06-27,1134.3760986328125,1140.3058517527372,1129.9230146151945,1134.4215309070003,9689466,0.03606237995130712,0
2023-06-28,1149.3939208984375,1153.1881169201986,1135.0122016455275,1141.896393407388,11354006,1.323883876231613,0
2023-06-30,1158.822509765625,1161.7306560822208,1151.1886857801614,1157.0731268247234,11151555,0.8203096167254342,0
2023-07-03,1188.5628662109375,1191.425580555085,1161.1400387375704,1162.3669506539804,12154387,2.5664289565213494,0
2023-07-04,1176.3167724609375,1192.788615416969,1169.2735683249591,1192.788615416969,8061643,-1.030327810008047,0
2023-07-05,1174.3857421875,1185.5184537103503,1170.4325328520283,1185.5184537103503,10248062,-0.1641590359540368,0
2023-07-06,1199.0367431640625,1201.626743759331,1170.5461356600117,1170.5461356600117,19117987,2.0990548582994206,0
2023-07-07,1196.696533203125,1210.9418359205672,1194.1518448825288,1197.332705283274,13375267,-0.1951741657859496,0
2023-07-10,1242.794921875,1252.3145466417043,1215.5085119378625,1221.8245601360636,33240016,3.852136894596514,0
2023-07-11,1256.2677001953125,1258.6759714064597,1243.9536302912918,1250.9058502676546,20069348,1.0840709181516583,0
2023-07-12,1257.6536865234375,1273.2167658916628,1254.8818367760516,1256.9947982953927,18733835,0.11032571544340453,0
2023-07-13,1246.4072265625,1271.8533855353082,1243.7945103332902,1264.9920307015198,14682934,-0.8942414021801515,0
2023-07-14,1245.3624267578125,1254.5411899868595,1238.273788876465,1249.588229926287,15124144,-0.08382491551890414,0
2023-07-17,1270.8084716796875,1279.1466167196916,1239.5914489485467,1248.225023984058,22220040,2.0432642237425913,0
2023-07-18,1281.6002197265625,1289.3249082218795,1269.1270172578058,1280.0325658904894,25867313,0.8492033447503822,0
2023-07-19,1291.324462890625,1297.7542122517561,1270.9448400838094,1285.9398963552078,39122156,0.7587579195435179,0
2023-07-20,1289.7603759765625,1295.2248684894755,1270.142048583782,1270.142048583782,38717624,-0.12112268906927515,0
2023-07-21,1249.834716796875,1287.3235564344566,1242.3763715855305,1284.4190157057792,30249238,-3.095587360517038,1
2023-07-24,1224.5548095703125,1238.117785416934,1215.6441946530279,1221.4041174807796,23727866,-2.022660027507539,1
2023-07-25,1223.767333984375,1233.3179681079685,1220.9119513502328,1227.8041962368873,12026020,-0.06430709183313787,0
2023-07-26,1243.65625,1253.8961800235134,1223.3733833366434,1223.3733833366434,12911012,1.6252203718226443,0
2023-07-27,1232.087158203125,1249.2931304965796,1226.0072859774648,1247.5209111436616,17226898,-0.9302483541473006,0
2023-07-28,1244.4686279296875,1251.853175548335,1231.0287272255082,1236.6902137331379,20827852,1.0049183326137134,0
2023-07-31,1255.00390625,1257.2930680054526,1239.594792375287,1244.4686660676819,8551174,0.8465684135275486,0
2023-08-01,1237.25634765625,1259.803857697837,1233.3672005487501,1257.8346449464532,9536632,-1.414143693526848,0
2023-08-02,1224.0380859375,1236.665614699006,1212.8381883521488,1235.2871417271826,12748214,-1.0683527099125012,0
2023-08-03,1218.893310546875,1231.2008891912403,1210.105771509517,1218.5980007741289,10168350,-0.4203117084126129,0
2023-08-04,1235.45947265625,1238.6348041373592,1216.776590964359,1230.1672134573323,22885610,1.3591150239344874,0
2023-08-07,1242.49951171875,1244.7393951840495,1233.2195480808575,1241.0963994857652,5982870,0.5698316471169917,0
2023-08-08,1235.0162353515625,1247.7176805176769,1230.5363488514104,1244.5423492739476,9844072,-0.6022760006429206,0
2023-08-09,1243.1640625,1245.034838767312,1221.453562693164,1233.145764124846,11486586,0.6597344160514718,0
2023-08-10,1248.702392578125,1255.3731247892663,1234.9179033647526,1243.0409059369185,15470598,0.4455027494108421,0
2023-08-11,1253.969970703125,1259.7300139419374,1236.837916549459,1246.733138146324,22179330,0.4218441604908252,0
2023-08-14,1268.7882080078125,1271.2743627863513,1243.065370150248,1249.9576137867246,9575812,1.1817059140880826,0
2023-08-16,1267.7545166015625,1271.5207081344915,1255.8654425931288,1255.8654425931288,10203112,-0.08147076081933546,0
2023-08-17,1249.4654541015625,1269.2068594315797,1246.930140835009,1263.791524524126,13673744,-1.442634379172003,0
2023-08-18,1258.7208251953125,1268.960755625946,1234.9671961841154,1246.142454602955,18639978,0.7407464578846668,0
2023-08-21,1244.986328125,1262.5000997685252,1242.8371963360953,1254.8424457661688,9221746,-1.0911472024133229,0
2023-08-22,1244.68994140625,1253.8544488619668,1234.6115281978846,1243.4548358358238,7713044,-0.023806423577066305,0
2023-08-23,1246.0732421875,1256.2752862282496,1243.4795205761563,1247.061326610869,9517952,0.1111361741774175,0
2023-08-24,1225.1258544921875,1254.8177179260883,1220.7782590700385,1254.8177179260883,14140020,-1.6810719455414236,0
2023-08-25,1219.4691162109375,1237.5757146480018,1206.747529523438,1213.3676467766436,22222400,-0.46172711648426734,0
2023-08-28,1207.315673828125,1227.2008731617648,1201.0660879981488,1221.272366528133,12580826,-0.9966174806111505,0
2023-08-29,1195.755126953125,1212.107851949824,1189.7277154191993,1211.4162410930335,16876644,-0.9575413560518165,0
2023-08-30,1194.61865234375,1206.9449799395882,1193.1117996537475,1201.510516255865,12168946,-0.09504241995356155,0
2023-08-31,1189.1595458984375,1198.0523052778192,1185.6517981191516,1197.0642209023324,21638600,-0.45697482075992557,0
2023-09-01,1191.950927734375,1198.3734766692594,1186.5164632510111,1188.9373425267036,18112842,0.23473568753371588,0
2023-09-04,1190.9874267578125,1197.3852486913688,1188.3196473047951,1191.9507848594153,9347626,-0.08083394661170251,0
2023-09-05,1197.3607177734375,1202.4739821466742,1191.852074903386,1195.582117616625,8675876,0.5351266413428757,0
2023-09-06,1199.88037109375,1203.5609616798479,1194.2236115362405,1196.125722417537,8200370,0.2104339388215415,0
2023-09-07,1201.5107421875,1204.5985062247828,1191.1358550222296,1196.4220829309013,13652572,0.13587780357335877,0
2023-09-08,1209.5140380859375,1213.3675912039566,1197.039473070506,1205.4629163426932,23109288,0.666102733619045,0
2023-09-11,1222.5570068359375,1223.6686019045655,1211.3916036780722,1211.3916036780722,13271074,1.0783643958891531,0
2023-09-12,1204.89501953125,1226.70693716321,1203.4622246012573,1226.70693716321,16255666,-1.4446759706034484,0
2023-09-13,1210.9222412109375,1216.653058753229,1198.6699696902265,1205.4630504045967,12803338,0.5002279519781272,0
2023-09-14,1212.0338134765625,1218.2093412827492,1207.9332388900991,1215.3438722575231,9209636,0.0917955115361746,0
2023-09-15,1214.28173828125,1219.2962186489121,1210.156437431325,1219.2962186489121,25468592,0.18546716928957707,0
2023-09-18,1203.709228515625,1210.8975674516837,1201.535490839137,1205.487828880595,7516300,-0.8706801257334029,0
2023-09-20,1176.8826904296875,1199.3370070481767,1163.4694916701224,1197.089090701199,57081884,-2.22865601180271,1
2023-09-21,1168.31103515625,1180.8103271156433,1165.9396084396587,1173.3255153106452,12226182,-0.7283355718578854,0
2023-09-22,1163.4447021484375,1177.0308632017375,1160.9992172819989,1173.8443150051187,19176786,-0.41652717995269706,0
2023-09-25,1156.2811279296875,1166.2854832156668,1153.638074334712,1161.1968240581607,14254884,-0.6157210742823938,0
2023-09-26,1157.2938232421875,1161.0979239595738,1153.8849803976213,1155.3423807263628,10087782,0.08758210162205238,0
2023-09-27,1170.3365478515625,1171.7693426359385,1155.3177128519035,1157.7879239120957,11722778,1.1270020065289543,0
2023-09-28,1153.14404296875,1177.3026603074284,1148.6482103293206,1177.3026603074284,14518346,-1.4690223008393177,0
2023-09-29,1158.529052734375,1170.435518964013,1153.1440405649926,1156.9481416896208,12342014,0.46698500490549577,0
2023-10-03,1145.263916015625,1153.885049186791,1144.2017734963838,1151.0936382938999,8859056,-1.1449981929621433,0
2023-10-04,1143.2877197265625,1145.683872665596,1133.8763122199225,1140.7434506187415,10286386,-0.17255378969222024,0
2023-10-05,1143.2630615234375,1150.821810414835,1140.743398149127,1145.8073305142325,10953682,-0.002156780196227448,0
2023-10-06,1145.18994140625,1148.5494528467332,1142.2504141267464,1144.7206253894863,5431026,0.1685421271500509,0
2023-10-09,1135.4324951171875,1142.200849187487,1133.826857954507,1140.2988590719287,7576878,-0.8520373726895181,0
2023-10-10,1140.447021484375,1145.1404226117538,1138.1497733893898,1139.5331157395624,10236032,0.44164020219183975,0
2023-10-11,1158.5537109375,1160.8509589721596,1142.7196339530417,1143.4359710357805,9814118,1.587683523392247,0
2023-10-12,1160.70263671875,1165.618452848462,1155.1446622546925,1157.9607991424273,12554450,0.18548348349867183,0
2023-10-13,1160.6534423828125,1164.7045645712087,1150.6984190160554,1156.058825491677,10150316,-0.004238323786065479,0
2023-10-16,1158.0596923828125,1163.2471357038708,1154.0826283801794,1158.5290083696577,5929036,-0.2234732526769645,0
2023-10-17,1163.593017578125,1165.7914814830851,1156.7011522648252,1163.963549268257,7928180,0.47781001546882695,0
2023-10-18,1148.154052734375,1169.397866963109,1146.6719261602773,1163.5928712145596,8918320,-1.3268354665692539,0
2023-10-19,1139.33544921875,1147.0672825471008,1136.7911799610206,1142.2256445327594,12032556,-0.7680679691565051,0
2023-10-20,1135.8525390625,1143.559525479833,1134.4691966955595,1136.2971288231192,8913312,-0.30569663733699404,0
2023-10-23,1118.1163330078125,1139.3848747937852,1114.1887214650121,1131.356688684127,7853962,-1.561488436635139,0
2023-10-25,1115.522705078125,1127.009187707913,1108.1367973597628,1111.6198194416302,11620688,-0.23196404999383802,0
2023-10-26,1099.985107421875,1115.5474388316163,1096.922069489782,1112.089142962785,15222534,-1.3928535551557264,0
2023-10-27,1119.40087890625,1123.204979852311,1104.6536704890175,1106.654565590137,11771084,1.7650940320347974,0
2023-10-30,1142.4725341796875,1148.6480613914696,1121.4510154276281,1123.4519103673986,16813304,2.0610717490217256,0
2023-10-31,1130.319091796875,1150.130232099537,1127.84888081728,1150.130232099537,12808438,-1.0637842065532754,0
2023-11-01,1135.0125732421875,1144.9428703315039,1124.0448598372486,1130.9367248364767,10309190,0.4152350853289688,0
2023-11-02,1146.2767333984375,1148.302354744411,1140.2247162104195,1143.1889695269997,10562104,0.9924260243279637,0
2023-11-03,1146.0296630859375,1153.5638066087804,1144.078220526126,1149.7349795725816,8850156,-0.021554159244552284,0
2023-11-06,1155.564697265625,1156.0587394619763,1148.9445800808262,1152.2546386732256,10647304,0.8320058796743801,0
2023-11-07,1148.0552978515625,1155.614167696399,1145.9556184844287,1153.1192304428853,6960204,-0.6498467313714062,0
2023-11-08,1154.033203125,1156.552866758098,1147.042553778562,1152.1064866637696,7884494,0.5206983744271199,0
2023-11-09,1141.50927734375,1154.0331752710283,1138.3720609954937,1154.0085696526105,14513610,-1.0852309749265876,0
2023-11-10,1143.658203125,1144.3746607841822,1135.333664696756,1139.0389810755562,7734954,0.1882530281532624,0
2023-11-13,1143.5101318359375,1148.4505538682092,1142.0773370771153,1147.610585630105,3854810,-0.01294716276750707,0
2023-11-15,1164.185791015625,1166.9030232858888,1149.6362714370953,1156.0588204395372,12220648,1.8080870998923526,0
2023-11-16,1166.285400390625,1172.9302438744137,1159.4923201233041,1161.542667627995,13134910,0.18035002584666504,0
2023-11-17,1163.7412109375,1172.4857343750468,1162.012063114762,1162.4319266451018,7758634,-0.21814467130196746,0
2023-11-20,1160.6781005859375,1165.1490860409533,1154.2801575494677,1160.2828426994563,4490186,-0.2632123295775446,0
2023-11-21,1175.2769775390625,1179.7728099438689,1166.0384122376151,1168.9038812090425,8214450,1.257788610447208,0
2023-11-22,1179.87158203125,1182.9593458443583,1171.9669066696931,1173.3502489811203,8534814,0.39093801546323803,0
2023-11-23,1183.4781494140625,1185.7013394254852,1179.8716170501546,1179.8716170501546,8531542,0.3056745698208463,0
2023-11-24,1182.6876220703125,1186.9858858764198,1181.2796741129466,1181.5514214570694,6749486,-0.06679695304399047,0
2023-11-28,1182.9346923828125,1185.5531403805655,1173.4738317237427,1182.6876712625676,13792174,0.02089058073233563,0
2023-11-29,1186.047119140625,1191.605094048659,1184.7379555197092,1189.6536514263266,12531306,0.26311061615269526,0
2023-11-30,1174.5606689453125,1186.0471507278282,1170.8306260067593,1183.0828973645985,28439984,-0.9684649125605738,0
2023-12-01,1182.88525390625,1183.9226701483003,1174.6347733568996,1174.8323419889748,14342842,0.7087403129556913,0
2023-12-04,1195.680908203125,1210.403389884879,1185.009669053603,1210.403389884879,15590990,1.081732505720212,0
2023-12-05,1204.3514404296875,1205.8830195816831,1196.3973123183705,1204.9689932142376,12693624,0.7251543590833576,0
2023-12-06,1215.8873291015625,1221.7416569101222,1202.9927791973269,1208.9707381739393,16422442,0.9578506974475154,0
2023-12-07,1213.886474609375,1215.813191043024,1206.4511149904754,1215.3438750518303,8142096,-0.16455920250981748,0
2023-12-08,1213.2442626953125,1223.594423771572,1207.9333084760417,1217.2460531905654,10204894,-0.05290543452748375,0
2023-12-11,1215.022705078125,1219.098553135076,1211.5890153738967,1213.367615499601,7066138,0.14658568249574788,0
2023-12-12,1197.5831298828125,1217.7894094868202,1195.6562927549994,1215.3439244936176,9197124,-1.4353291607164809,0
2023-12-13,1202.4739990234375,1204.6478570918039,1188.8137803209581,1196.570218805253,10031182,0.4083949596971781,0
2023-12-14,1217.39404296875,1222.7297228698085,1206.7721356331074,1212.3795628682321,16972354,1.240778923904351,0
2023-12-15,1232.9317626953125,1235.1055001292314,1220.3089603608373,1224.236571728094,15932152,1.2763098206618473,0
2023-12-18,1245.4803466796875,1252.3474847954778,1230.634354917611,1232.9317234441762,14165188,1.0177841437828183,0
2023-12-19,1263.8094482421875,1271.615218807123,1247.5553868731267,1262.2778691174958,16820604,1.4716492003557846,0
2023-12-20,1248.518798828125,1283.9417239360823,1244.9864450577063,1270.207325538083,17736722,-1.2098856702907224,0
2023-12-21,1266.0079345703125,1271.4176728398502,1244.1218397625619,1248.44470925444,13765454,1.4007907416855092,0
2023-12-22,1267.242919921875,1275.07341611771,1258.6465136069178,1264.5504141598008,16541784,0.09754957436201028,0
2023-12-26,1273.66552734375,1280.5326657287192,1266.0819312708138,1268.7003790735205,7465664,0.5068173844893886,0
2023-12-27,1278.01318359375,1284.4603381656593,1271.2201029702012,1275.6170305456778,9204156,0.3413499193204217,0
2023-12-28,1287.251708984375,1290.4382571270967,1278.0131437475463,1279.4705441490948,12302636,0.7228818535851333,0
2023-12-29,1277.074462890625,1291.4264140714613,1274.2831724837226,1289.9937398232034,10864584,-0.7906181846734306,0
2024-01-01,1279.69287109375,1287.8940202608817,1271.2447008145452,1274.9006856426909,4030540,0.2050317565037041,0
2024-01-02,1290.2900390625,1291.920402508132,1271.1706293129728,1277.099135940161,7448800,0.8281024461512132,0
2024-01-03,1276.2593994140625,1301.3073179716814,1273.2456933698636,1289.4503036849235,9037536,-1.0874019967349269,0
2024-01-04,1282.8546142578125,1289.376067708453,1274.1842702494187,1278.5811975278393,9612778,0.516761314101033,0
2024-01-05,1288.3138427734375,1294.3165279752034,1283.521657474919,1285.9424160498672,8086406,0.42555317297459094,0
2024-01-08,1278.26025390625,1300.2944657165137,1269.1698042070248,1289.4502625359673,7734652,-0.780367992130282,0
2024-01-09,1274.8758544921875,1287.8691880410897,1273.2454911635218,1284.5096770702141,5403074,-0.2647660680773045,0
2024-01-10,1309.26123046875,1313.6581576278165,1272.1833407081513,1273.146698836737,11102740,2.6971548527961575,0
2024-01-11,1343.6961669921875,1346.2651626289091,1312.6702888458758,1313.6583733689063,23725852,2.6301043460294604,0
2024-01-12,1354.3919677734375,1356.9609630954171,1329.714583957277,1343.6960023683716,15012164,0.7959984588772118,0
2024-01-15,1377.51318359375,1379.8104316098675,1349.723309451493,1358.616069177015,8610594,1.707128834965177,0
2024-01-16,1358.24560546875,1379.6623844587446,1354.1697570573224,1373.4126778584214,9069024,-1.3987218673823132,0
2024-01-17,1345.35107421875,1369.7568331827044,1338.8791932605309,1343.30084717423,12197382,-0.9493519580024645,0
2024-01-18,1351.6500244140625,1354.663730119792,1335.1490629645289,1335.2972997496222,10279438,0.4682012239050959,0
2024-01-19,1351.156005859375,1359.6041759840746,1342.8067406703178,1359.6041759840746,10422704,-0.036549294992371806,0
2024-01-23,1312.7442626953125,1355.4048574857818,1306.791150318716,1355.4048574857818,20055420,-2.842879948539434,1
2024-01-24,1327.862060546875,1333.4200358723897,1308.1498229720294,1319.3151054787043,21919128,1.151617895516277,0
2024-01-25,1336.9522705078125,1347.895377764627,1319.2902616038493,1326.9479158139593,11808872,0.6845748689584319,0
2024-01-29,1430.7957763671875,1435.192704047216,1343.9678528779282,1348.241269998228,23893438,7.019211375715795,0
2024-01-30,1390.852294921875,1442.5784888178382,1387.690473107798,1442.5537625848374,14093978,-2.7916969077676157,1
2024-01-31,1409.6258544921875,1417.159997760743,1385.7883192326594,1387.2704457772934,15130226,1.3497881578695692,0
2024-02-01,1409.650634765625,1426.1515960154993,1401.1531330404457,1417.9011153905622,13349362,0.001757932671186957,0
2024-02-02,1440.3306884765625,1457.3258137867138,1416.0980132616144,1416.0980132616144,19652588,2.1764296027886765,0
2024-02-05,1421.878173828125,1452.9781061073709,1414.4675408489986,1443.3442832345067,8814432,-1.2811304234553789,0
2024-02-06,1410.7869873046875,1424.6695010773788,1402.9069175392074,1424.6695010773788,9047984,-0.7800377506025469,0
2024-02-07,1424.9659423828125,1432.2283386037336,1412.2196294925052,1418.8151411125152,9296568,1.0050386915755327,0
2024-02-08,1432.845947265625,1442.0845126481563,1410.515263064875,1432.7224367107362,14694634,0.552996015444096,0
2024-02-09,1443.3443603515625,1454.4355841797649,1433.661084495157,1436.6747903139974,12556798,0.7326965683905007,0
2024-02-12,1435.04443359375,1443.5913882496639,1425.163589047209,1443.3443671360003,6674430,-0.5750482688546277,0
2024-02-13,1447.642333984375,1461.3767303535824,1436.674621997369,1438.1567484987418,7715594,0.8778752835601367,0
2024-02-14,1463.7235107421875,1465.9714268487612,1440.1329959711338,1440.1329959711338,7117888,1.1108528937221696,0
2024-02-15,1453.076904296875,1467.0335965408115,1449.0505085860837,1465.674980481667,10006782,-0.7273645854000144,0
2024-02-16,1443.17138671875,1459.4007219371786,1441.170612214809,1458.8819534815811,9767498,-0.6816925896236836,0
2024-02-19,1456.4364013671875,1461.8708655513933,1436.2053974591388,1444.6288410678121,6729828,0.9191572650700364,0
2024-02-20,1453.4969482421875,1457.9186020207894,1444.3818933388152,1457.4492860314679,7117496,-0.2018250245764741,0
2024-02-21,1450.2115478515625,1470.7884795851646,1440.1825868389801,1456.4365283424868,12720292,-0.22603421318484473,0
2024-02-22,1464.0941162109375,1467.2559381666686,1440.6271108051608,1450.6561919754163,18493728,0.9572788452789194,0
2024-02-23,1475.82763671875,1479.7059164315408,1465.6750448712426,1471.7517883622584,14438584,0.8014184592298523,0
2024-02-26,1469.6026611328125,1476.7169415654328,1464.8352018923576,1475.753583346703,7513106,-0.4217955695542952,0
2024-02-27,1467.94775390625,1482.0772898132236,1460.4383358684995,1465.3540321072526,10826044,-0.11260916098824181,0
2024-02-28,1438.2803955078125,1473.5056294891751,1432.8953836215212,1465.3292067243183,8647950,-2.0210091482814607,1
2024-02-29,1443.3939208984375,1461.3522847525776,1437.1936663872107,1447.5438276529026,23628976,0.3555304936781578,0
2024-03-01,1474.345458984375,1482.1266237591103,1445.0734581651325,1446.061542580972,12132926,2.144358351368969,0
2024-03-04,1489.4384765625,1494.4282305064353,1469.503825173054,1472.7150995331629,10024420,1.0237097069856427,0
2024-03-05,1482.32421875,1489.4384990399915,1468.3429205099196,1487.8328618357061,7107668,-0.4776469739736444,0
2024-03-06,1485.0908203125,1491.0193265812127,1460.8827530485903,1475.6545662551582,7805676,0.18663943606298528,0
2024-03-07,1461.3028564453125,1485.1897258668157,1457.968071396935,1485.0662153094684,8315726,-1.6017851259885862,0
2024-03-11,1449.1246337890625,1471.2577496463198,1446.0615961097308,1471.2577496463198,11277130,-0.8333811572690752,0
2024-03-12,1457.8446044921875,1470.269718687064,1447.5685016900354,1449.1246865128974,9432678,0.6017405611499882,0
2024-03-13,1415.10986328125,1465.4279903850718,1410.7622676768488,1462.142657909758,13522134,-2.931364637853384,1
2024-03-14,1414.4180908203125,1431.2649780682007,1408.514310659922,1422.5450608782721,18571102,-0.04888471763835334,0
2024-03-15,1401.3260498046875,1416.1473166057365,1396.0645483366263,1408.9589780840722,19223818,-0.925613232791167,0
2024-03-18,1422.3228759765625,1424.5460660460144,1399.6463855144648,1403.0799549430176,9169392,1.498354089314291,0
2024-03-19,1408.267333984375,1420.4701525728194,1400.3626585436627,1411.7256294896865,8275764,-0.9882103585331814,0
2024-03-20,1426.546875,1427.7819805194806,1407.056934025752,1410.935092987457,8488806,1.2980164045918174,0
2024-03-21,1433.685791015625,1440.5283239841642,1427.460931435626,1435.2173701383908,13006936,0.5004333289521323,0
2024-03-22,1437.6876220703125,1442.6033181580033,1430.1040255590262,1432.6977472783171,19527608,0.2791288774545597,0
2024-03-26,1424.3978271484375,1435.0939139473653,1421.853557874578,1427.7820647176966,11415906,-0.924386822134371,0
2024-03-27,1475.061767578125,1482.1265951381042,1429.7581221098912,1430.74620650665,16326644,3.556867292553645,0
2024-03-28,1468.1451416015625,1488.0056133770977,1461.0309823617722,1475.0864584455267,21854364,-0.46890415903863003,0
2024-04-01,1467.0830078125,1476.1733358521226,1464.8350917273362,1474.6912092837645,5013880,-0.07234528514693528,0
2024-04-02,1469.2320556640625,1476.198098955644,1457.4244952875333,1466.3172549197961,8910166,0.14648440750240077,0
2024-04-03,1454.0650634765625,1466.7619246317818,1451.397283687729,1464.4152240453116,7008292,-1.0323074649119857,0
2024-04-04,1445.493408203125,1462.117879861305,1432.7223691832353,1462.117879861305,14490272,-0.5894959922180698,0
2024-04-05,1442.7020263671875,1453.274601948929,1438.6509043996564,1443.467815909923,7442298,-0.19310927466680283,0
2024-04-08,1468.2686767578125,1473.2090987059642,1443.5912932499484,1445.5427357963142,8357118,1.7721365828398783,0
2024-04-09,1446.2098388671875,1472.0482715276003,1445.0735176190665,1471.2577557160955,7071414,-1.5023706655197921,0
2024-04-10,1461.945068359375,1469.281643980642,1448.8776750369068,1448.8776750369068,9138330,1.0880322529483566,0
2024-04-12,1449.6680908203125,1468.7627741208264,1445.6415744118667,1458.2891033204971,15551012,-0.8397700983963752,0
2024-04-15,1447.3707275390625,1464.4646364315843,1429.0911655763507,1443.591352839028,12902062,-0.15847512239508532,0
2024-04-16,1448.2847900390625,1453.6451964542034,1433.6364862387566,1436.0325186728678,9366184,0.06315330845154676,0
2024-04-18,1446.876708984375,1468.2934876101954,1441.9610129858208,1446.0615875622616,19005692,-0.09722404490967174,0
2024-04-19,1452.607666015625,1456.4364932961696,1425.8306012864564,1439.4167626045175,15741778,0.3960915947892163,0
2024-04-22,1462.2166748046875,1465.1562017707047,1450.3103301575065,1454.9048261235944,10350362,0.6615006249704791,0
2024-04-23,1441.936279296875,1475.7041133303053,1438.20635702296,1461.3768889290402,14605554,-1.3869624014868687,0
2024-04-24,1432.8953857421875,1451.051437133562,1432.2283805059903,1446.0615625184662,10462776,-0.626996746284525,0
2024-04-25,1442.5784912109375,1450.483166375014,1424.3236561270523,1425.3117405225619,15943926,0.6757719764541203,0
2024-04-26,1435.2420654296875,1447.5436681516292,1432.7224019248206,1446.5061312694434,9413848,-0.5085633694074887,0
2024-04-29,1447.5684814453125,1450.4092243096331,1432.7224880920985,1432.7224880920985,7247974,0.8588388197732222,0
2024-04-30,1449.5198974609375,1465.403306850403,1445.4440490785064,1450.5079819172845,11474262,0.13480647310561977,0
2024-05-02,1449.0753173828125,1459.7218309784546,1446.6791643138517,1454.460329459568,14512646,-0.03067085032111283,0
2024-05-03,1416.9130859375,1457.3750954799905,1399.275802819383,1453.4722101911175,17226958,-2.2195003295895632,1
2024-05-06,1402.610595703125,1422.841600588335,1401.1037428015688,1418.3952205864964,7394208,-1.0094119657954703,0
2024-05-07,1384.775634765625,1403.8209867220144,1375.4135586957902,1399.1028593353728,14517472,-1.2715546989404691,0
2024-05-08,1401.6470947265625,1415.8754127905866,1380.847871034619,1380.847871034619,9439002,1.2183533229044086,0
2024-05-09,1377.51318359375,1406.7851843569276,1373.437335386219,1396.1632769069981,11009612,-1.7218250744864272,0
2024-05-10,1390.65478515625,1393.1990543318577,1371.535254832905,1380.106935558881,10505096,0.9540091317467692,0
2024-05-13,1385.986083984375,1390.2101693574684,1367.5089520262873,1383.2195197456997,8456620,-0.3357196352184899,0
2024-05-14,1403.1539306640625,1410.070521585227,1383.342910466477,1384.2815424166113,7188300,1.2386738134003483,0
2024-05-15,1399.3994140625,1412.9361236084007,1396.188139403763,1403.5740469957013,5046534,-0.26757695784564994,0
2024-05-16,1408.3660888671875,1410.4904944706304,1381.3667306256436,1401.6471872524828,14711774,0.6407516477841657,0
2024-05-17,1418.5927734375,1420.0749000882806,1396.4103261437938,1406.0936018418706,10916476,0.7261382286290585,0
2024-05-21,1419.0126953125,1424.6447280920645,1408.613082979292,1408.613082979292,11176128,0.029601298051340486,0
2024-05-22,1443.2454833984375,1451.2736690394956,1419.1609264752628,1419.1609264752628,10281604,1.7077217255340171,0
2024-05-23,1468.343017578125,1474.444366988288,1437.6629456463684,1441.1706938631594,14608260,1.7389650248958333,0
2024-05-24,1462.6119384765625,1470.7636348065282,1458.5113640783345,1465.9467233388211,7094776,-0.39030928284150557,0
2024-05-27,1448.77880859375,1467.2066075031105,1444.134859977049,1462.587264504762,6629010,-0.9457826453420637,0
2024-05-28,1438.8486328125,1460.8829659012893,1435.4397894576246,1450.5080784194065,7820162,-0.6854169678868094,0
2024-05-29,1423.607421875,1440.6271526936466,1421.310053120064,1429.264181324664,7383556,-1.0592643722160067,0
2024-05-30,1407.8720703125,1423.2368313836507,1403.178669288835,1418.3951935729253,13206858,-1.1053153643843294,0
2024-05-31,1413.35595703125,1425.0647331073133,1405.3030450073677,1414.245257118902,31069832,0.3895159819125249,0
2024-06-03,1492.32861328125,1496.4539141466187,1441.6152266357983,1465.3292536675044,21527942,5.587598499664725,0
2024-06-04,1380.625732421875,1480.1999676014107,1343.1032493273078,1480.1999676014107,36709098,-7.485139657931561,1
2024-06-05,1403.821044921875,1414.097147783154,1367.6077240917773,1405.0561505394378,17464890,1.6800579588873044,0
2024-06-06,1414.5416259765625,1426.4974232883105,1404.4137607114592,1417.9011371144834,17855722,0.7636714874355022,0
2024-06-07,1452.4345703125,1454.4601915157414,1409.5023527154926,1411.478521453965,18558696,2.678814369268001,0
2024-06-10,1453.867431640625,1475.5558362929214,1450.5819785928986,1452.4346368701142,9251760,0.0986523838947706,0
2024-06-11,1439.3179931640625,1456.1154291491666,1437.3418242246385,1451.4960860069511,11774902,-1.0007403811325588,0
2024-06-12,1445.8885498046875,1458.41256776401,1437.835758473946,1440.1330064471847,10081742,0.45650486354171793,0
2024-06-13,1447.790771484375,1454.7073627830548,1442.7021123343332,1454.4603416652449,9181160,0.13156074027589337,0
2024-06-14,1459.9442138671875,1462.0438933040555,1439.8613252368543,1452.4841280922399,8157998,0.8394474272240382,0
2024-06-18,1463.3778076171875,1469.6768460329972,1453.8180422457062,1469.6273935638167,7196766,0.23518664051587201,0
2024-06-19,1441.26953125,1469.7757459645413,1438.6510831088215,1469.7757459645413,8725874,-1.5107702366476627,0
2024-06-20,1456.139892578125,1465.1808887163045,1432.8211254931246,1441.6151005379975,16113776,1.031754366945381,0
2024-06-21,1436.8724365234375,1457.1281688420868,1423.4097851653107,1456.0660262473004,31170360,-1.3231871575590248,0
2024-06-24,1424.298828125,1432.228228955547,1420.3712170566394,1428.3006178871863,8878386,-0.8750678264007772,0
2024-06-25,1436.822998046875,1438.576872033328,1423.8296636688654,1425.8058325289194,7045386,0.8793217879960125,0
2024-06-26,1495.9844970703125,1500.875466568816,1427.905458276952,1428.8194845866847,22014882,4.117521720062789,0
2024-06-27,1512.312744140625,1519.1798830077462,1488.0552219900264,1495.7128766848623,28383030,1.0914716764972576,0
2024-06-28,1546.7474365234375,1562.1615299634889,1512.782033239127,1512.782033239127,28957336,2.276955776259104,0
2024-07-01,1541.5599365234375,1560.5805616644209,1537.138282854078,1543.9066370278445,7724306,-0.3353811926567474,0
2024-07-02,1546.5250244140625,1554.750778666898,1538.4473863262538,1550.798441129772,7749246,0.32208205292505454,0
2024-07-03,1533.927001953125,1556.2329594590622,1524.391963189475,1547.661278880494,9049620,-0.8146019147482364,0
2024-07-04,1535.5079345703125,1548.822348177101,1532.321386398175,1538.447461634288,6837176,0.10306439714371507,0
2024-07-05,1569.6956787109375,1579.4530127748421,1529.5547474353805,1535.3102911811948,12269710,2.226477856019149,0
2024-07-08,1581.824462890625,1589.6303543798022,1563.6684106310508,1570.0662334946016,9500806,0.7726837975146728,0
2024-07-09,1571.3260498046875,1581.4291893561121,1561.6675000170792,1578.5637202787966,6960002,-0.6636901459187605,0
2024-07-10,1565.3480224609375,1578.4648673124634,1544.5241914718106,1575.9946562525065,7134578,-0.38044474248314364,0
2024-07-11,1561.815673828125,1585.1344421846698,1551.786592769845,1568.5840280306456,11940946,-0.22565899609079398,0
2024-07-12,1577.6990966796875,1586.023756297877,1555.7389442164904,1565.619788574804,12924784,1.0169844699170483,0
2024-07-15,1578.1932373046875,1586.7154660951303,1566.607970695329,1585.332123675554,5329688,0.03132033389889877,0
2024-07-16,1557.468017578125,1580.9350218080888,1550.427916309136,1574.5124732819936,9386838,-1.3132244668566662,0
2024-07-18,1567.76904296875,1574.9079294522828,1539.2627082750141,1557.2211925457696,12298374,0.661395628954442,0
2024-07-19,1536.61962890625,1571.029623251694,1534.2976544625544,1567.1020115011324,13140390,-1.986862427358238,0
2024-07-22,1482.7935791015625,1519.179738244426,1481.4102368427714,1518.9327171487766,19674376,-3.502887038023872,1
2024-07-23,1470.1707763671875,1487.8080584659276,1445.5674511277782,1483.1146576505776,18052044,-0.8512852302761664,0
2024-07-24,1477.8778076171875,1491.5134207568017,1458.8078508242754,1467.3053526491226,11913362,0.5242269383863185,0
2024-07-25,1474.6171875,1482.595920809754,1459.474721651074,1463.3530011800513,12519876,-0.2206285323713364,0
2024-07-26,1491.044189453125,1494.4037007697482,1472.59166375446,1474.6172851615388,9859940,1.1139841643223125,0
2024-07-29,1501.987060546875,1509.2989091727318,1493.7613062276428,1493.9341486268256,7538550,0.7339065583135795,0
2024-07-30,1495.1199951171875,1506.8287716127938,1492.0075050067665,1498.9488223237445,8228208,-0.45719870763648585,0
2024-07-31,1487.487060546875,1492.4520883459395,1483.2629754591517,1486.0789919790418,10057346,-0.5105232085210853,0
2024-08-01,1497.244384765625,1499.9121644798522,1486.37545603751,1493.9836579008804,10764222,0.6559602753897442,0
2024-08-02,1481.4595947265625,1491.3404387261814,1475.481756476256,1487.0670219426547,10268248,-1.0542560853573302,0
2024-08-05,1430.079345703125,1466.2186085334113,1416.1721046606897,1462.3650548737628,17046704,-3.4682180470079538,1
2024-08-06,1438.7003173828125,1459.8946792000177,1434.0315221699125,1437.8110173129378,10236186,0.6028317034009634,0
2024-08-07,1447.3707275390625,1454.954323788822,1444.0853950542364,1451.4960282823629,8174568,0.6026557477948336,0
2024-08-08,1431.8577880859375,1447.5436277380477,1428.6959662921352,1440.1577210643813,12387192,-1.0718013814954852,0
2024-08-09,1456.7330322265625,1458.9067698886504,1438.6510375603623,1442.6033755756382,6249776,1.7372705828472945,0
2024-08-12,1443.220703125,1455.4482469512195,1440.3799606199186,1452.483993902439,8184584,-0.9275775864647895,0
2024-08-13,1446.1851806640625,1452.5582774619256,1440.6272053348387,1443.3444377180147,6265064,0.20540708241252315,0
2024-08-14,1444.43115234375,1454.460233101401,1436.3782403810737,1446.1109681889411,6267466,-0.12128656438776808,0
2024-08-16,1460.58642578125,1462.7602840003062,1440.676620060605,1451.1502913945535,9416902,1.118452299459638,0
2024-08-19,1475.65625,1485.47150978375,1467.8238660907393,1469.8067419652286,13797742,1.031765320610134,0
2024-08-20,1483.1416015625,1491.0484162933285,1477.2674041310693,1484.4057091952604,8411808,0.5072557760318563,0
2024-08-21,1485.8433837890625,1494.964564922092,1477.2426107826689,1480.464784262564,7769996,0.1821661683359288,0
2024-08-22,1485.2979736328125,1493.6012664349316,1477.8869991875908,1490.1312336221058,10445782,-0.03670710938989963,0
2024-08-23,1487.1322021484375,1498.3849993365056,1485.5955458508122,1490.8749048344312,9249654,0.12349229233368231,0
2024-08-26,1499.649169921875,1509.9601498448217,1490.1313888488291,1494.0723308917522,8816114,0.8416849393318548,0
2024-08-27,1487.6031494140625,1500.516654009415,1486.6117113802566,1497.5671500638725,6251156,-0.8032559047420396,0
2024-08-28,1485.4716796875,1494.5680511870519,1480.2170096090344,1492.1142662167426,9610286,-0.14328214668017925,0
2024-08-29,1507.90283203125,1523.8401488737275,1481.2083164719252,1490.2303777286736,38335358,1.5100356775882062,0
2024-08-30,1496.6995849609375,1526.5418444404818,1490.4534771750382,1520.865886117465,41620730,-0.742968766443719,0
2024-09-02,1503.2679443359375,1513.7276641806195,1493.7253530981907,1497.9389648135596,11240852,0.43885623013462105,0
2024-09-03,1496.203857421875,1509.9600595401412,1494.5927706873033,1508.2250430567562,10923800,-0.46991535611989876,0
2024-09-04,1501.5823974609375,1504.50709100704,1486.6612078847159,1487.850885016148,11983304,0.35947909186186955,0
2024-09-05,1480.192138671875,1512.7113538076746,1474.3179410781217,1506.0439573959175,16264168,-1.4245144871990911,0
2024-09-06,1452.2830810546875,1484.182646260627,1449.110527949692,1479.721175380084,19394228,-1.885502353919355,0
2024-09-09,1449.928466796875,1457.3395627288749,1443.1371406451965,1453.943839140462,9010298,-0.16213190723826099,0
2024-09-10,1449.011474609375,1459.446383962114,1445.0952218200862,1447.995226435091,10768260,-0.0632439605469437,0
2024-09-11,1439.072265625,1456.1745712275017,1435.1561339115874,1450.5234230036904,9760202,-0.6859303158420094,0
2024-09-12,1467.1298828125,1473.2767495080643,1433.4953029575859,1444.5250498204912,22349376,1.949701752838262,0
2024-09-13,1460.016357421875,1470.451266381587,1456.918113729867,1463.7590600068495,8711328,-0.48485996188615266,0
2024-09-16,1458.7523193359375,1468.2206009201684,1452.2088525514882,1464.8993077290233,5481774,-0.0865769811079109,0
2024-09-17,1459.6942138671875,1464.8248328952707,1454.0677548146177,1461.3796100548857,5935328,0.06456850273792725,0
2024-09-18,1450.9197998046875,1469.3110219373734,1448.0447266088618,1457.413766699014,8574714,-0.6011131632325806,0
2024-09-19,1457.0916748046875,1463.8581906691413,1443.0876132109174,1453.6959512825117,16955902,0.42537671626170503,0
2024-09-20,1473.2025146484375,1482.1997658201985,1458.7770437683578,1461.3795684407844,30897320,1.1056847089535138,0
2024-09-23,1480.5887451171875,1488.6441789861601,1476.2015834923338,1478.2340798324108,8832314,0.5013723772059109,0
2024-09-24,1476.6229248046875,1487.6526722077606,1475.1357678514642,1475.7554165819738,17137444,-0.2678542792911798,0
2024-09-25,1481.15869140625,1483.6869066134093,1467.5264194610884,1471.1948125268714,7069002,0.30717162285438526,0
2024-09-26,1485.12451171875,1491.122760061236,1475.309372285805,1477.8870868947113,18818998,0.267751209611089,0
2024-09-27,1513.10791015625,1520.345334807694,1479.2254687210307,1486.1655345930462,20597478,1.8842459481807738,0
2024-09-30,1463.9324951171875,1511.9181178232873,1461.7761901136828,1506.3908994638518,27008814,-3.2499608725186313,1
2024-10-01,1452.2830810546875,1475.2100841908111,1450.3002051077794,1467.9726595996829,16431642,-0.7957616967555259,0
2024-10-03,1394.928466796875,1436.9902726871705,1390.070396353704,1424.2750076222521,37757294,-3.949272356471989,1
2024-10-04,1374.653564453125,1405.2145916660443,1369.9442340651563,1391.9046094477658,37072876,-1.453472549048096,0
2024-10-07,1358.98876953125,1384.5431070803497,1349.7188488374588,1381.568793209071,22181340,-1.1395449244047784,0
2024-10-08,1385.3857421875,1389.004514771482,1353.4118695241307,1361.2194430814652,17020808,1.9423981454500971,0
2024-10-09,1362.8306884765625,1388.979866453412,1360.7486928237201,1385.5594536683957,14310610,-1.6280702929224233,0
2024-10-10,1359.31103515625,1374.132983939481,1357.699948504806,1368.209166456891,22358646,-0.25826049780599547,0
2024-10-11,1360.35205078125,1371.4314188021033,1357.1050671377104,1358.2700551936466,7980122,0.07658406340240731,0
2024-10-14,1360.7734375,1368.2587216327886,1356.5350159311083,1367.6390728953818,12221432,0.03097629900348231,0
2024-10-15,1332.5174560546875,1359.9554295521655,1329.2208521541709,1346.8933067731043,33762794,-2.0764648005787145,1
2024-10-16,1342.4814453125,1352.3215164873245,1326.1723376036346,1328.5270030007441,20034438,0.7477567526442686,0
2024-10-17,1344.811279296875,1356.7332239102464,1340.4737382347967,1354.0067695283685,15543660,0.17354682945600608,0
2024-10-18,1347.66162109375,1356.70849216764,1329.840427555484,1340.5976258716714,12082452,0.21195106263276475,0
2024-10-21,1357.4769287109375,1362.2358797577067,1346.1002013000875,1355.4197431686716,14067408,0.7283213726322124,0
2024-10-22,1331.84814453125,1364.2186177698431,1328.749900940748,1357.4767913068545,15831960,-1.8879719896252367,0
2024-10-23,1327.064453125,1345.8521531156357,1323.5696102860716,1326.048205061888,17214742,-0.3591769396453004,0
2024-10-24,1328.3287353515625,1332.1952468902052,1311.7964576126847,1323.8424540123256,22155934,0.0952690898761821,0
2024-10-25,1316.4808349609375,1332.8395608533488,1310.6809472586556,1331.996862815434,18597496,-0.8919403815719762,0
2024-10-28,1322.9251708984375,1341.4155124030337,1310.7800563182918,1325.552505604476,10824350,0.48951232455207716,0
2024-10-29,1328.52685546875,1331.6994085045892,1308.995576227512,1316.728719636798,12008361,0.4234317022260736,0
2024-10-30,1332.3935546875,1338.4413022928309,1314.0023313459362,1323.569732267355,11984423,0.29105164135998507,0
2024-10-31,1320.64501953125,1331.5012170832633,1314.7955112005386,1328.5269031210519,9331650,-0.8817616322833066,0
2024-11-01,1327.1884765625,1330.4601492824747,1321.5868277686543,1321.6364480777281,2127335,0.49547432765637556,0
2024-11-04,1291.0009765625,1328.52687951389,1274.0969107675833,1326.3952636738204,19796890,-2.726628556460031,1
2024-11-05,1294.1240234375,1298.337634786513,1275.1379622128013,1281.9292880644173,16267479,0.24190894752966763,0
2024-11-06,1314.0023193359375,1316.9271340293028,1289.0676296160968,1298.7837703539942,21625209,1.5360425692149793,0
2024-11-07,1294.4710693359375,1312.6639327180499,1291.4471349781516,1312.6639327180499,9611974,-1.4863938756113138,0
2024-11-08,1272.7584228515625,1290.505185727704,1264.0833410989228,1286.5394340693545,19814406,-1.6773373309542983,0
2024-11-11,1261.802978515625,1274.9891511168566,1256.151830843746,1267.9994654475693,9056552,-0.8607638448302146,0
2024-11-12,1263.33984375,1278.2610337323058,1256.6476373969983,1264.6287615317467,10671091,0.12179914460044294,0
2024-11-13,1241.3299560546875,1264.5295076822267,1238.8017408266169,1259.374078659472,14633633,-1.7421984911027644,0
2024-11-14,1256.746826171875,1261.7040163358736,1240.38809863068,1242.866693712679,12612633,1.2419639147505102,0
2024-11-18,1249.9554443359375,1262.0014401044657,1233.24973843027,1256.7467703539512,13620611,-0.5403937924891689,0
2024-11-19,1231.0189208984375,1270.5276979121372,1224.5745744010292,1249.9553610165642,14183746,-1.5149758756049403,0
2024-11-21,1212.5286865234375,1233.299264427905,1206.8279179645579,1231.0190296194417,19433843,-1.5020268219358646,0
2024-11-22,1254.5655517578125,1257.9859641270039,1211.983221035894,1218.8737871048172,20471957,3.4668759346967004,0
2024-11-25,1275.9805908203125,1293.2811339485756,1271.4694999174592,1278.9549045518283,28923341,1.706968522489305,0
2024-11-26,1284.606201171875,1286.737817131633,1273.2046638791435,1283.8626226527838,9247557,0.6759985546502145,0
2024-11-27,1282.1275634765625,1292.6864023015983,1274.9892583407009,1282.4250432843673,9572746,-0.19294922389845315,0
2024-11-28,1259.91943359375,1285.4984608667178,1258.184417128475,1278.905374093644,15027412,-1.732131069906484,0
2024-11-29,1281.1361083984375,1288.3736540571424,1264.3312830599236,1269.0406134614407,13202307,1.6839707555085237,0
2024-12-02,1297.941162109375,1300.1222774340952,1266.1160245478172,1276.9722229086012,11024152,1.3117305492189812,0
2024-12-03,1311.9698486328125,1315.4398813546288,1295.8093621182986,1305.7237413234882,16869482,1.0808414844197145,0
2024-12-04,1297.74267578125,1317.0262168141671,1292.884726573221,1314.6467414933138,19608540,-1.0844130958031162,0
2024-12-05,1310.7305908203125,1318.5628538088617,1294.966703202915,1303.0964459866593,16858723,1.0008081942164404,0
2024-12-06,1300.3204345703125,1312.5646685095264,1298.783657405313,1312.5646685095264,9037514,-0.7942254741674204,0
2024-12-09,1284.0609130859375,1303.7409326166044,1282.0284168341586,1291.8436769577456,14650002,-1.2504242071492144,0
2024-12-10,1273.8489990234375,1283.812998621138,1269.238788448007,1278.2113501165884,16043729,-0.7952826815636138,0
2024-12-11,1267.2559814453125,1278.9549980546296,1265.1244866020038,1273.9978081396894,11724373,-0.5175666490439101,0
2024-12-12,1252.0870361328125,1267.25596445406,1249.8066803924569,1259.1262215126183,20906813,-1.1969914156727657,0
2024-12-13,1261.951904296875,1264.2817595214547,1228.986588963027,1249.2119494931856,28630222,0.7878739959269243,0
2024-12-16,1257.44091796875,1270.0321327010022,1255.7059013940218,1264.0835044447913,9486781,-0.35746103419356245,0
2024-12-17,1234.6376953125,1253.078416496042,1232.1591005022085,1250.2528426173371,17462791,-1.8134627504476253,0
2024-12-18,1242.5196533203125,1249.162239402372,1230.027558928225,1230.027558928225,12670179,0.6384025076941802,0
2024-12-19,1219.914794921875,1234.2411461229626,1218.4772582835096,1228.3916379278016,14244653,-1.819275722362368,0
2024-12-20,1194.980224609375,1228.8873545167635,1191.2127119418244,1213.5200660980383,20312896,-2.0439599893611327,1
2024-12-23,1211.834716796875,1216.6926661807136,1202.8125341694108,1204.5971709809228,10052824,1.4104410968817094,0
2024-12-24,1212.28076171875,1222.9883400626134,1210.5457452942906,1211.834663048231,6734917,0.03680740580316311,0
2024-12-26,1206.1339111328125,1217.1883476811242,1203.8535553911518,1213.767935093776,10016178,-0.5070484313569934,0
2024-12-27,1210.595458984375,1217.3867853075249,1206.5800865394056,1207.86900439277,7000397,0.3699048513918557,0
2024-12-30,1200.333984375,1212.7269598518426,1197.756269680847,1205.9852538075309,8818766,-0.8476386172787898,0
2024-12-31,1205.043212890625,1208.6619856280877,1195.8229125326573,1197.6570485426987,6405475,0.39232651719653955,0
2025-01-01,1210.7935791015625,1215.800389087432,1201.2261788160188,1204.4483521073844,5892590,0.4771917014613658,0
2025-01-02,1231.167724609375,1233.7949384205442,1209.554328364606,1210.7936258321927,15486276,1.6827100720942623,0
2025-01-03,1240.437744140625,1251.244443122699,1224.921714407087,1233.2498182568117,15521102,0.752945301111696,0
2025-01-06,1207.5714111328125,1251.1946805005002,1204.5970973122883,1243.213556672038,14816766,-2.6495753747466266,1
2025-01-07,1230.2257080078125,1233.8444805890147,1210.7935491517349,1211.5371275851955,10070505,1.876021299125341,0
2025-01-08,1254.664794921875,1260.167324257905,1234.6872949225542,1238.3060678446636,19346579,1.9865530979382928,0
2025-01-09,1244.0067138671875,1258.8782824728921,1237.364128300027,1256.1518282285128,12794704,-0.8494763778998937,0
2025-01-10,1231.266845703125,1245.9896754309787,1225.4173374439545,1243.114481097643,8120332,-1.0240996308177985,0
2025-01-13,1229.234375,1234.5881643828388,1215.899582365329,1219.4687349455062,13764861,-0.16507150421680716,0
2025-01-14,1228.143798828125,1242.6187691440975,1216.742262047884,1233.4479678208604,13095266,-0.08871995398558319,0
2025-01-15,1241.478515625,1246.2374660533972,1231.2171573529768,1234.2905907014622,9578856,1.0857618472363662,0
2025-01-16,1255.6065673828125,1264.0834104275011,1240.586378973141,1248.1212833322295,14117603,1.1380021144143493,0
2025-01-17,1291.19921875,1314.6467509950228,1273.997794139219,1310.9288585996749,29366277,2.8346977701285025,0
2025-01-20,1294.272705078125,1304.7324245206253,1289.1172758229052,1304.7324245206253,14040244,0.23803347179069956,0
2025-01-21,1262.7945556640625,1301.7581181984158,1259.324522599558,1299.2795231523412,14562976,-2.4321110451110406,1
2025-01-22,1266.1654052734375,1271.9157939003728,1257.83730213362,1267.3552034506358,10273590,0.266935709712679,0
2025-01-23,1252.83056640625,1266.4132176584087,1250.7980702365203,1259.126173066555,8720682,-1.053167209564354,0
2025-01-24,1235.6292724609375,1262.1006196074513,1232.8531975505623,1255.1605533566642,14235970,-1.3729944340881262,0
2025-01-27,1218.82421875,1229.8291557820492,1209.5542981292017,1228.4907387555406,9536019,-1.3600401095603454,0
2025-01-28,1223.8311767578125,1234.0925365684338,1208.0672872533735,1227.400329601704,10568025,0.4108023069107958,0
2025-01-29,1224.921630859375,1232.1095562529247,1217.53546627882,1225.4173498520336,5928156,0.08910167695281856,0
2025-01-30,1242.3214111328125,1246.237542749693,1221.8481926097397,1224.971246456504,9269259,1.420481101409754,0
2025-01-31,1254.2681884765625,1256.1519448799122,1238.306060895825,1245.09738698474,6584612,0.96164947627011,0
2025-02-01,1253.7724609375,1259.6715896071485,1230.374548522757,1254.2681799336815,7118453,-0.03952324898430781,0
2025-02-03,1235.232666015625,1245.2461659154887,1226.9541826685895,1240.2889757645512,9252345,-1.4787208604033264,0
2025-02-04,1274.196044921875,1277.7653184740125,1235.9265630557768,1237.3642207434832,16691069,3.1543352097326283,0
2025-02-05,1267.2559814453125,1279.4507170461238,1265.7688244708304,1271.6679530846961,10112028,-0.5446621423933262,0
2025-02-06,1270.577392578125,1276.9721191435924,1259.4732145791813,1262.7945076095025,9956001,0.26209472919784815,0
2025-02-07,1255.8544921875,1272.7089385364054,1251.1947819010975,1265.2236540965398,8764283,-1.158756678390982,0
2025-02-10,1242.916259765625,1255.6562137259161,1234.8856362555493,1253.673337746878,6970972,-1.0302333990412138,0
2025-02-11,1224.2772216796875,1253.7230036544372,1219.567891058193,1253.7230036544372,8859714,-1.499621389573924,0
2025-02-12,1206.1339111328125,1216.3952699200001,1183.1324776076385,1209.0089844264594,21131654,-1.4819609664862288,0
2025-02-13,1205.687744140625,1217.4858807075602,1201.622872489872,1206.629682868639,8511216,-0.03699149721845263,0
2025-02-14,1206.827880859375,1213.5200872227356,1195.1288642881832,1208.56289732395,10298145,0.09456318389988727,0
2025-02-17,1214.412353515625,1216.9900679473901,1194.1869953911457,1200.7304615718228,8166683,0.6284634931411404,0
2025-02-18,1214.908203125,1219.3696743222742,1205.6877809072391,1214.362863790828,6673250,0.04083041546305566,0
2025-02-19,1216.9405517578125,1222.1952216847485,1207.125412159616,1209.0586678925579,6217338,0.16728413122777397,0
2025-02-20,1222.4429931640625,1228.738599945727,1211.5371757067999,1213.4704313005311,7795582,0.4521536732671194,0
2025-02-21,1217.634521484375,1229.3830367840985,1211.6858938870325,1218.1797397323817,6904025,-0.3933493591583903,0
2025-02-24,1204.1510009765625,1212.7764626626977,1200.1356289010387,1206.1338768607443,7172498,-1.1073536656446947,0
2025-02-25,1193.6912841796875,1210.5457292220917,1191.2126893205104,1200.6313497853835,11552182,-0.8686383010429899,0
2025-02-27,1196.7647705078125,1204.597154814102,1190.370043898487,1202.416039651657,11509215,0.2574774875932162,0
2025-02-28,1189.82470703125,1206.9270123506615,1183.0830013175257,1191.7084634163882,23007298,-0.5799020532345489,0
2025-03-03,1161.2216796875,1196.1202465389174,1146.1022512006402,1193.6912720117396,17944938,-2.4039698599903736,1
2025-03-04,1151.9517822265625,1163.948157257321,1149.6219272411693,1152.2491409974891,11377373,-0.7982883563999676,0
2025-03-05,1165.5345458984375,1172.8712116641736,1147.0938223968292,1151.0595745918054,8664095,1.179108698944109,0
2025-03-06,1199.243408203125,1203.5561393973805,1175.002796955133,1186.75131332057,14468014,2.892137553821139,0
2025-03-07,1239.0992431640625,1244.0564330934674,1201.622838887705,1205.5885908312287,16474965,3.323414970498373,0
2025-03-10,1227.7967529296875,1247.2289120927182,1224.8224391488623,1234.3402190424754,11931051,-0.9121537517458145,0
2025-03-11,1236.62060546875,1238.801720552263,1219.2208210077197,1229.3830600118497,10089838,0.7186737151737566,0
2025-03-12,1246.287109375,1252.1861167007874,1233.3487958636417,1247.2289270068015,11977555,0.7816871127249048,0
2025-03-13,1237.215576171875,1253.326444606414,1233.2002036288977,1249.2615727756533,9505270,-0.7278847012767597,0
2025-03-17,1228.2427978515625,1246.6340190017775,1222.5420300210542,1231.5145912773855,16640917,-0.7252396828106189,0
2025-03-18,1228.2427978515625,1228.2427978515625,1228.2427978515625,1228.2427978515625,0,0.0,0
2025-03-19,1236.471923828125,1242.5196714129374,1228.1934407470596,1230.4241762433128,16162399,0.6699917956740187,0
2025-03-20,1258.2835693359375,1262.1005814534499,1239.347127629136,1241.1316434245866,15971477,1.7640227074694481,0
2025-03-21,1265.4217529296875,1270.0319634187874,1259.2252659887295,1264.0833359554676,21780769,0.5672953035154915,0
2025-03-24,1290.9512939453125,1294.8179260458828,1273.254151243817,1279.9463572168718,20299319,2.0174729062875096,0
2025-03-25,1274.4439697265625,1296.50346593687,1271.6183955406093,1296.50346593687,13713899,-1.2786945794292182,0
2025-03-26,1262.150146484375,1282.7224842048433,1257.8869148358597,1279.9464094999762,12074747,-0.9646421132837424,0
2025-03-27,1267.2559814453125,1273.9978081396894,1260.4151561828103,1267.2064821612498,15028056,0.4045346724523613,0
2025-03-28,1264.1824951171875,1284.6557128160619,1258.1347478785124,1269.0405652360093,18147129,-0.2425308203808707,0
2025-04-01,1241.8751220703125,1266.9585500115554,1238.603449529153,1253.7723771839194,12099648,-1.7645690501992828,0
2025-04-02,1240.437744140625,1244.8000957785905,1233.2498182568117,1236.8685913550723,10142590,-0.11574254964470398,0
2025-04-03,1238.0086669921875,1241.08222182284,1222.4927580494818,1222.4927580494818,7434366,-0.19582418867142293,0
2025-04-04,1194.38525390625,1234.7863505024063,1182.9342181609516,1230.473619610667,17908652,-3.523675903814394,1
2025-04-07,1155.7191162109375,1161.2216449878495,1105.304523000697,1122.5059464290011,22156106,-3.2373254415905106,1
2025-04-08,1172.0780029296875,1186.3547349162204,1153.3399207865864,1161.9653833278503,19555040,1.4154725390701506,0
2025-04-09,1175.2010498046875,1179.613021672609,1157.9996241138485,1159.4867811653644,10223104,0.26645384242292014,0
2025-04-11,1208.5133056640625,1212.1816988912137,1184.917153801556,1184.917153801556,11224242,2.834600587270697,0
2025-04-15,1229.4822998046875,1240.288998738938,1226.5079856590305,1240.288998738938,13378535,1.735106601006997,0
2025-04-16,1228.689208984375,1230.2754856402491,1218.477348782242,1223.5336585713449,8248464,-0.06450607873236258,0
2025-04-17,1263.5877685546875,1269.238916912585,1217.0893007676923,1229.5813957339365,15398401,2.8403081361119353,0
2025-04-21,1284.4078369140625,1289.7616259352505,1256.1518559398821,1259.126169726638,10429964,1.6476946736505127,0
2025-04-22,1280.144775390625,1292.7361113748846,1275.2868257139828,1288.8694787336528,13051707,-0.3319087131763432,0
2025-04-23,1288.869384765625,1294.8180126953125,1274.3944143417477,1285.8950708007812,10480888,0.6815330221019433,0
2025-04-24,1290.4556884765625,1293.3308829080645,1279.2525115884996,1281.3345072026398,10468940,0.12307715038371025,0
2025-04-25,1289.2659912109375,1313.85358083958,1277.071255478384,1292.3394247863746,14431012,-0.09219202768825374,0
2025-04-28,1357.0804443359375,1362.8307123815491,1308.8964585313056,1328.5269802313521,31104496,5.259927244439733,0
2025-04-29,1387.7156982421875,1398.8198762816546,1358.2700385179512,1359.2614765022709,32538970,2.2574383142954124,0
2025-04-30,1392.9703369140625,1400.3070020394923,1357.2785702742715,1389.9960230274132,25480745,0.37865383223170124,0
2025-05-02,1407.6436767578125,1414.4845019236116,1397.0352178747166,1401.8932881277126,13007841,1.0533849468939094,0
2025-05-05,1419.0452880859375,1427.1750314493302,1414.6829365878357,1418.747808269532,12685649,0.8099785134819015,0
2025-05-06,1408.7342529296875,1419.7391903256466,1398.5223933042987,1418.7477523435755,14084117,-0.7266177649733696,0
2025-05-07,1393.9617919921875,1412.2042749259901,1390.6899982666434,1408.7342420156256,13440169,-1.04863361608325,0
2025-05-08,1394.9532470703125,1408.6351396947061,1386.030305191398,1392.0780527042998,16106175,0.07112498232164643,0
2025-05-09,1365.4083251953125,1382.8577303043132,1362.731491083779,1373.637308764333,13668904,-2.1179865301615197,1
2025-05-12,1424.2005615234375,1426.6791563050656,1388.013077711669,1388.013077711669,10674081,4.305835495745569,0
2025-05-13,1403.57861328125,1435.304626683893,1400.3069407641844,1421.226256646525,11407896,-1.4479665855579138,0
2025-05-14,1412.204345703125,1417.6572548355593,1403.3805230837922,1407.8419941921477,5570160,0.6145528537022882,0
2025-05-15,1441.7491455078125,1448.8875719918406,1400.6044669576877,1412.7992032271827,20177211,2.0921051471469054,0
2025-05-16,1443.9302978515625,1448.4908883531898,1434.9082364412498,1440.757623701411,9036695,0.15128514905287105,0
2025-05-19,1428.4638671875,1442.1456384779733,1425.886031660542,1439.667043567546,6195791,-1.0711341598050206,0
2025-05-20,1412.4024658203125,1432.6278240113834,1409.6265122020175,1425.88599760598,11270560,-1.1243827538186757,0
2025-05-21,1416.9630126953125,1423.9030780659657,1405.9580760983038,1411.708464386899,6136364,0.3228928712150969,0
2025-05-22,1397.332763671875,1411.6094953044076,1384.9397884743898,1409.031659643212,12134466,-1.3853748367148477,0
2025-05-23,1414.5838623046875,1421.5239286750705,1394.5567410207764,1394.5567410207764,6474883,1.2345734016484755,0
2025-05-26,1422.5152587890625,1428.6621258406371,1412.898237790455,1419.7391840414937,4842944,0.5606876125006099,0
2025-05-27,1409.9239501953125,1424.696400543767,1401.794207036506,1413.8897021801247,12640414,-0.8851440092437768,0
2025-05-28,1400.8028564453125,1410.4197571984832,1398.621620102477,1407.9411620533203,5944611,-0.6469209739104365,0
2025-05-29,1405.660888671875,1407.842003929875,1396.5395861721686,1400.0096192804465,13771917,0.3468034209246351,0
2025-05-30,1408.7342529296875,1418.3511529457182,1397.6300749154059,1405.8590585766528,13788484,0.21864194149390226,0
2025-06-02,1401.5958251953125,1405.3633379328091,1383.650821945961,1400.0095486308933,8098668,-0.5067263552035794,0
2025-06-03,1393.466064453125,1414.2862617875367,1391.3840689247124,1410.1222707307113,11252626,-0.5800360272230853,0
2025-06-04,1411.3118896484375,1413.493004678654,1394.0608455067168,1402.5871874772963,8126827,1.2806788518611167,0
2025-06-05,1430.0501708984375,1442.244785474372,1411.4110884077945,1415.7734397380668,13716817,1.3277207814544667,0
2025-06-06,1431.140625,1439.0721282906131,1424.6962785763767,1428.6620302216834,8182161,0.07625285628107825,0
2025-06-09,1436.3953857421875,1445.0208477095387,1432.9253528317358,1444.5251287223314,7885125,0.36717291441485944,0
2025-06-10,1426.1834716796875,1441.4516401070769,1423.704876838395,1437.5850079496329,7913181,-0.7109403277025583,0
2025-06-11,1436.4945068359375,1456.0257865422643,1430.7441181682645,1433.4210733170682,8195700,0.7229809741173154,0
2025-06-12,1429.2569580078125,1444.5251270006308,1422.1186530105915,1441.055094094315,8828114,-0.5038340761961302,0
2025-06-13,1415.67431640625,1423.2092208521976,1402.1907840779525,1411.8076840776937,9757276,-0.9503288772156671,0
2025-06-16,1425.489501953125,1430.050092219024,1412.204209506703,1414.6828043278585,8458093,0.6933222869926148,0
2025-06-17,1418.9459228515625,1435.602128554236,1413.5922548276174,1435.602128554236,10366599,-0.4590408482557651,0
2025-06-18,1417.85546875,1430.4468040463896,1413.4931173168031,1417.7563491543892,6681735,-0.07684958841638334,0
2025-06-19,1421.028076171875,1427.5715425014369,1413.4930508573852,1417.8554020854735,10007230,0.22376098916994103,0
2025-06-20,1453.6463623046875,1458.4053131642288,1415.8725983169522,1418.7477927518771,29010635,2.29540053991637,0
2025-06-23,1444.326904296875,1451.266970188698,1429.6535737155343,1440.5593915455418,5989078,-0.6411090241396078,0
2025-06-24,1438.378173828125,1462.3709229333156,1430.7440292763747,1452.4565437947847,16402744,-0.4118687016805178,0
2025-06-25,1454.737060546875,1459.7933702625824,1447.9952335758323,1451.4652666586912,7525851,1.1373147212886403,0
2025-06-26,1482.4971923828125,1485.9672251547677,1452.55569413543,1456.5214458748073,14657893,1.908257690602988,0
2025-06-27,1502.425048828125,1508.9685148979506,1484.0834473001275,1486.5620421012081,11117052,1.3442087140335568,0
2025-06-30,1487.7518310546875,1511.7447031481738,1483.191240482831,1500.838885203447,8409527,-0.9766355922302017,0
2025-07-01,1515.3138427734375,1518.2881567329412,1487.256099345396,1487.7518183386467,10368523,1.8525947099128137,0
2025-07-02,1505.796142578125,1516.9002002088087,1495.7825215605471,1515.3139235508756,6361002,-0.6281009205256427,0
2025-07-03,1504.8045654296875,1518.783816287235,1500.0456148706696,1507.7788792727886,11283291,-0.06585068990413445,0
2025-07-04,1514.223388671875,1516.900223008299,1504.2097675037892,1510.9515946827762,6603501,0.6259167109516239,0
2025-07-07,1528.3016357421875,1531.5734294639212,1511.9429091838053,1513.5291857359532,7251074,0.9297338276263556,0
2025-07-08,1524.43505859375,1531.6726044702705,1517.0983931213486,1522.8487819842126,7171261,-0.2529982994201152,0
2025-07-09,1505.9942626953125,1537.7202774459709,1497.1704406377573,1523.5426661942138,8870660,-1.2096806482165712,0
2025-07-10,1504.209716796875,1511.6455019531181,1494.5928164048603,1506.688311848956,10047129,-0.118496195014961,0
2025-07-11,1482.3980712890625,1502.0285923917668,1477.540121836759,1499.0542783474266,7234991,-1.4500401948113417,0
2025-07-14,1470.9964599609375,1487.1569471972039,1466.4358695278945,1479.4236826617216,10311846,-0.7691329035668826,0
2025-07-15,1472.6820068359375,1483.6869442622558,1469.7076928815193,1473.4750846086956,8132454,0.11458537942672375,0
2025-07-16,1472.8802490234375,1478.234038357326,1458.9009976142222,1460.388154594461,10409983,0.013461303022643811,0
2025-07-17,1463.759033203125,1476.845965908467,1461.2804382949055,1474.6648507992907,11854613,-0.6192774888766461,0
2025-07-18,1463.3624267578125,1472.0871292027396,1456.521480639079,1472.0871292027396,10296318,-0.027095063894810867,0
2025-07-21,1416.3682861328125,1463.362470991638,1410.9153771961905,1452.4566531183941,22442744,-3.211380842210021,1
2025-07-22,1400.70361328125,1419.640054314783,1398.6214967228645,1415.178583447059,20396320,-1.1059745551301958,0
2025-07-23,1412.4024658203125,1413.7905031420296,1402.2898472373465,1413.7905031420296,8354596,0.8352125623248163,0
2025-07-24,1390.8883056640625,1410.8161839876018,1384.0473596954969,1407.0486714179167,14740507,-1.5232315630201554,0
2025-07-25,1379.7841796875,1389.0046012536307,1372.2492752918665,1386.9226057137396,11854722,-0.7983477847461673,0
2025-07-28,1375.7193603515625,1395.746480796028,1373.1416457270684,1380.379191620021,7748361,-0.2945981984557977,0
2025-07-29,1404.966796875,1408.0402305383973,1371.1587845273314,1371.1587845273314,10750072,2.125974044296597,0
2025-07-30,1398.0267333984375,1411.1137879299629,1389.3021514025702,1405.9582375902166,7209849,-0.49396636931199334,0
2025-07-31,1378.2969970703125,1390.5908519212596,1370.365493427784,1376.215001569177,17065827,-1.411256012262685,0
2025-08-01,1381.76708984375,1393.8627060383,1372.4476694796913,1375.025384070285,10321171,0.2517666933043783,0
2025-08-04,1399.4146728515625,1403.975263237478,1379.7841529413568,1383.155066191865,6312820,1.2771749405182442,0
2025-08-05,1379.7841796875,1398.918980991344,1376.2150271869518,1398.918980991344,9315972,-1.4027645661354837,0
2025-08-06,1380.8748779296875,1383.9483114870873,1371.456217044825,1379.9825595355662,5834312,0.07904846701709545,0
2025-08-07,1377.50390625,1381.7670168023217,1354.3042341107182,1375.818389126872,9976705,-0.2441185464059914,0
2025-08-08,1356.0888671875,1385.2370458989403,1353.312792536344,1373.1415514013454,8793606,-1.5546263763997925,0
2025-08-11,1374.331298828125,1376.1159356273254,1349.5453489789295,1358.2700517359046,9997486,1.345223906930193,0
2025-08-12,1368.5810546875,1389.8969719255274,1363.4255044148417,1370.0682117041065,12244664,-0.4184030550368867,0
2025-08-13,1370.7620849609375,1379.8833867126677,1365.7057756228248,1376.115874093997,7457021,0.159364347911084,0
2025-08-14,1367.4774169921875,1374.3455639562076,1363.794372575189,1370.961308962897,7126128,-0.2396234915443829,0
2025-08-18,1375.3409423828125,1388.4802648218374,1370.6626218339861,1383.602791829514,11785109,0.5750387752597064,0
2025-08-19,1413.564208984375,1414.460091190419,1382.7068811681168,1383.6027633741608,14384719,2.77918481328272,0
2025-08-20,1406.4969482421875,1418.342205158243,1403.510755146132,1406.4969482421875,8725641,-0.49996036241362063,0
2025-08-21,1418.24267578125,1425.3099750709036,1413.7633861810953,1418.4417067156319,11021323,0.8351050852788644,0
2025-08-22,1402.71435546875,1416.84907536351,1401.4204113959267,1413.464698965694,5818868,-1.0948986783200665,0
2025-08-25,1406.0987548828125,1412.9670232567023,1399.230486508923,1408.1890657335161,5979407,0.2412750251587381,0
2025-08-26,1378.5262451171875,1403.5107021083375,1375.241384232256,1401.519906786198,12145259,-1.9609227068779322,0
2025-08-28,1379.521728515625,1385.7926612650012,1360.2109883890075,1383.50331940736,13161813,0.07221359781603987,0
2025-08-29,1350.9537353515625,1397.0406983353935,1343.7869203796088,1374.7437651325777,18758842,-2.070862138199292,1
2025-09-01,1347.6689453125,1356.9260708455383,1334.430107544873,1349.759256141992,11232238,-0.24314600515965568,0
2025-09-02,1360.2109375,1378.128095842481,1348.2661652716795,1348.5648331807902,11517006,0.9306434069823899,0
2025-09-03,1366.2828369140625,1370.1649121838109,1354.2385492379765,1363.3961593284287,7847563,0.4463939560155561,0
2025-09-04,1353.0440673828125,1367.6763641601647,1350.8541196588233,1365.4865379446771,13223177,-0.9689625876550978,0
2025-09-05,1368.671875,1374.6442613636364,1353.0441792852228,1356.7271022727273,5777575,1.1550109855192225,0
2025-09-08,1372.15576171875,1379.6212446443146,1366.0838599076599,1373.6488583038629,6986720,0.25454506535760313,0
2025-09-09,1369.8662109375,1374.843199236951,1362.4007284883235,1370.2643943031567,9754452,-0.1668579358936717,0
2025-09-10,1370.66259765625,1382.1096709119122,1367.7759200987732,1377.5308659113482,7790815,0.05813609478000359,0
2025-09-11,1376.9337158203125,1379.1235422027225,1368.6718661340626,1369.6672638548873,9766072,0.4575245705825681,0
2025-09-12,1388.579833984375,1389.873899637371,1374.146566892781,1376.9337291414593,7403368,0.8458009292861446,0
2025-09-15,1392.8599853515625,1394.3530818320328,1382.2091575524387,1386.5889315301856,5396697,0.30823948774383325,0
2025-09-16,1398.8323974609375,1401.5199225726963,1391.7649767809332,1398.2350616507645,8686961,0.4287876866437168,0
2025-09-17,1407.2933349609375,1409.6821922648512,1400.4250664409112,1400.5245819104894,7519417,0.6048571305152572,0
2025-09-18,1408.4876708984375,1415.4554544293837,1404.2074124117412,1413.8628424954393,9332642,0.08486758999204369,0
2025-09-19,1400.9227294921875,1410.4785229891424,1397.1401696768169,1408.3882121473878,13461373,-0.5370967430211482,0
2025-09-22,1384.199951171875,1404.2074196840813,1381.6119415772491,1397.4387885526373,7757970,-1.193697408733907,0
2025-09-23,1383.40380859375,1388.5798281670254,1370.4636381520502,1384.5982372618869,14014702,-0.05751644315916682,0
2025-09-24,1376.635009765625,1389.5751797778832,1374.0470000648747,1378.9244730635044,5922759,-0.4892858315176718,0
2025-09-25,1366.0838623046875,1378.128150477363,1362.6994857374575,1374.942926360271,11411143,-0.7664448009885971,0
2025-09-26,1371.2598876953125,1376.3363918134596,1359.7132983361805,1365.685684712474,9879109,0.37889514205171615,0
2025-09-29,1366.48193359375,1382.6073268149732,1361.7039763015719,1375.2413599514077,14231999,-0.34843534361621575,0
2025-09-30,1357.722412109375,1370.7620971908361,1356.5279835173724,1370.7620971908361,14604684,-0.6410272444172027,0
2025-10-01,1362.4007568359375,1372.255218175594,1356.4283707523282,1360.7086293823172,12045916,0.3445729911237372,0
2025-10-03,1357.125244140625,1365.287456651113,1350.6551591113212,1356.926091696157,12842347,-0.38722179717254335,0
2025-10-06,1368.671875,1371.0608538471567,1352.7455113636363,1353.740909090909,12396580,0.8508154209957652,0
2025-10-07,1378.4267578125,1389.47564777439,1369.5676941462978,1369.667209612737,11244040,0.712726183001311,0
2025-10-08,1361.1068115234375,1382.6073771032557,1358.2201339506064,1378.426755451918,8525081,-1.2565010212474692,0
2025-10-09,1371.458984375,1373.6488106871855,1362.7989515764332,1367.676424553763,8826633,0.7605702038898432,0
2025-10-10,1375.3409423828125,1381.6119964455866,1368.7713419175536,1371.45898859096,6373084,0.28305316105254885,0
2025-10-13,1368.671875,1371.3594002602317,1361.505059967041,1370.5631549835205,7600682,-0.48490284679943985,0
2025-10-14,1369.5677490234375,1381.612037149334,1363.7943936365562,1373.6488553790207,9768174,0.06545571950453688,0
2025-10-15,1367.97509765625,1377.6304066718624,1366.382364141153,1376.6350089791804,10882743,-0.1162886150263942,0
2025-10-16,1391.8646240234375,1394.0544503152107,1368.671809484766,1368.7713249510273,12315932,1.7463421964418302,0
2025-10-17,1410.279541015625,1416.7496262080865,1392.6609284325848,1394.5522084059296,19335561,1.3230393728203227,0
2025-10-20,1460.04931640625,1467.0170999313523,1426.7034952504036,1433.3726108781723,24721978,3.5290716445324666,0
2025-10-21,1458.4566650390625,1467.2162134241023,1453.2806455896807,1461.2438272093502,2066169,-0.10908202546936474,0
2025-10-23,1441.7340087890625,1476.0752283864208,1437.9514490416038,1468.2115624957596,18707090,-1.14659946029676,0
2025-10-24,1444.9193115234375,1453.0816457634617,1434.3681199531734,1443.3266994671071,9700837,0.2209355342217556,0
2025-10-27,1477.2696533203125,1478.16553552233,1451.289798512833,1456.266786847925,14113867,2.2389029988648,0
2025-10-28,1480.056884765625,1485.1333888036675,1470.79963742504,1477.26972256393,17631577,0.18867452120525652,0
2025-10-29,1497.277099609375,1501.3583271895798,1481.2512217130793,1483.1425015536738,11884745,1.163483310742941,0
2025-10-30,1481.6494140625,1496.1821955688695,1477.1701246011085,1493.0964871305005,9318663,-1.0437403705000348,0
2025-10-31,1479.5592041015625,1490.6080945575152,1475.4780977270138,1483.540795005222,8758053,-0.1410731810844834,0
2025-11-03,1477.866943359375,1488.1195884585134,1472.4918928888083,1479.1610089962214,8452085,-0.11437600722541408,0
2025-11-04,1466.3203125,1485.9297198935935,1463.334119430687,1477.07065615293,10007806,-0.7813038184024901,0
2025-11-06,1489.2144775390625,1494.6891648996161,1469.406038969176,1477.1701896475465,16772678,1.5613345081491259,0
2025-11-07,1471.19775390625,1491.5038906434634,1469.1074431042953,1487.7213309001133,7821765,-1.2098138921255441,0
2025-11-10,1482.44580078125,1494.0919049344996,1468.7092643110286,1471.0982430243503,7068438,0.7645503023053557,0
2025-11-11,1486.5269775390625,1491.9021495222175,1473.3876547459602,1490.1103850249956,7127506,0.27530023395538894,0
2025-11-12,1504.5435791015625,1517.6827797499902,1493.0965058897411,1498.0734942427068,12384459,1.211992909292925,0
2025-11-13,1503.9464111328125,1515.0948167835015,1499.8653048593553,1508.0275174062697,7196443,-0.039690971869799085,0
2025-11-14,1511.9095458984375,1513.900341239272,1498.5711928131457,1498.5711928131457,7682823,0.5294826136542197,0
2025-11-17,1511.3123779296875,1516.6874283079178,1504.5436249599409,1513.900387650411,5871416,-0.03949759893837612,0
2025-11-18,1512.4072265625,1520.7685911952462,1503.5481631005248,1514.696568271851,11045042,0.072443569496361,0
2025-11-19,1511.9095458984375,1515.2939222795571,1505.0412776708577,1510.4164493928117,5692366,-0.03290652512906167,0
2025-11-20,1541.9705810546875,1543.7623455509595,1519.6736478639639,1522.9585089376258,18171724,1.9882826481121718,0
2025-11-21,1539.4820556640625,1550.6305827884978,1533.0119706260582,1533.9078528560988,9615271,-0.1613860485537244,0
2025-11-24,1528.831298828125,1542.8663816107544,1524.7501927010492,1542.8663816107544,18433951,-0.6918402716518335,0
2025-11-25,1532.61376953125,1552.4222077972818,1518.0809876078647,1528.8313312270848,15033482,0.24740929270772316,0
2025-11-26,1562.6748046875,1564.3669320995493,1533.4100892950657,1535.2018536795324,14054299,1.9614227507197768,0
2025-11-27,1556.2047119140625,1568.2489991897637,1548.8387449947777,1567.7513003642512,9794643,-0.41403961681787393,0
2025-11-28,1560.285888671875,1574.0224254817672,1555.806599039324,1560.7835875199362,8959508,0.2622519213936192,0
2025-12-01,1558.892333984375,1570.2398922139623,1556.403839701944,1567.7513979315313,8920233,-0.08931406081523763,0
2025-12-02,1539.1834716796875,1560.2858537619331,1534.9032130787248,1553.9152843475838,11389150,-1.2642863060538412,0
2025-12-03,1531.718017578125,1545.2554018922647,1525.9446623591427,1538.0884656023031,6090883,-0.48502691452472213,0
2025-12-04,1528.53271484375,1553.3181423785347,1510.6155558800758,1528.9308982335338,11867930,-0.2079562098127874,0
2025-12-05,1533.5096435546875,1538.685784402705,1513.6016899280953,1523.356635808528,10183266,0.3256017134998901,0
2025-12-08,1535.898681640625,1543.861863398969,1527.9354998822807,1532.1161217020071,11301491,0.1557889183141814,0
2025-12-09,1522.3612060546875,1535.4008911036892,1513.1039592099478,1533.211064854301,11503971,-0.8814042063944538,0
2025-12-10,1529.8267822265625,1540.3779737710465,1524.3520947592017,1526.9401045329791,7991629,0.4903945359473916,0
2025-12-11,1537.889404296875,1542.8663926602953,1516.9860531705099,1529.826707449835,4706197,0.5270284298839245,0
2025-12-12,1549.3365478515625,1552.62140892391,1538.9843872841,1543.6628294631555,5106655,0.7443411420030577,0
2025-12-15,1549.037841796875,1551.4268205626304,1539.3825327747268,1544.060853330096,5774543,-0.019279610688960336,0
2025-12-16,1535.201904296875,1544.5585453663573,1531.7180123854912,1537.8894294536826,11731856,-0.8931955777110256,0
2025-12-17,1537.292236328125,1542.8664391614582,1532.2157323461342,1542.8664391614582,7116649,0.13616007284771303,0
2025-12-18,1537.292236328125,1544.3595357154854,1528.1345045583196,1528.1345045583196,6580829,0.0,0
2025-12-19,1557.8968505859375,1566.9549449740825,1543.8617679066683,1547.2461442463334,13937275,1.3403186310904314,0
2025-12-22,1568.1495361328125,1570.2398469681211,1558.0960438231807,1566.2582562309594,10184852,0.658110679344337,0
2025-12-23,1563.4710693359375,1573.6241984599117,1560.8830596994947,1573.6241984599117,7506564,-0.2983431547231463,0
2025-12-24,1551.0286865234375,1568.448146711295,1546.4498812900458,1565.4619535362338,8815745,-0.7958179116025921,0
2025-12-26,1552.0240478515625,1553.8158123179846,1547.1466963201515,1547.5447581940155,2311495,0.06417426942348925,0
2025-12-29,1538.4866943359375,1550.9291658570105,1536.495898892566,1547.7439417510202,5972105,-0.8722386443924313,0
2025-12-30,1532.71337890625,1546.449793829553,1530.7225835687998,1539.8801935176687,8815884,-0.37525936694431383,0
2025-12-31,1563.172607421875,1569.7422080874378,1533.9078900841737,1533.9078900841737,5771830,1.9872749161595316,0
2026-01-01,1568.3485107421875,1585.1707553042595,1563.8692213237453,1566.457230908256,6408128,0.33111527772029525,0
2026-01-02,1584.9718017578125,1587.2611435561273,1570.9365970213464,1572.7283614795997,6602230,1.0599232824698213,0
2026-01-05,1570.8370361328125,1604.3820104615531,1568.049995566515,1585.6684856930358,8704973,-0.8917991859113128,0
2026-01-06,1500.6614990234375,1561.77894010158,1489.4135782872731,1561.77894010158,27417125,-4.467397667305939,1
2026-01-07,1497.277099609375,1513.004431115157,1491.1056827700695,1503.0504545946628,11199340,-0.22552717026890212,0
2026-01-08,1463.831787109375,1496.9785780764303,1462.040144211037,1493.0965028672745,16518684,-2.2337423385908717,1
2026-01-09,1468.51025390625,1473.0890589574892,1458.2576091430024,1458.2576091430024,8335311,0.3196041265173921,0
2026-01-12,1476.373779296875,1478.4642116159973,1444.322022844729,1468.5102348906719,8883745,0.5354763693142806,0
2026-01-13,1446.11376953125,1478.9618923221497,1438.050951275772,1478.165525590484,13499760,-2.0496171220296455,1
2026-01-14,1452.086181640625,1460.2483939989072,1433.5716876182923,1437.3542473990606,8321764,0.4129973889475558,0
2026-01-15,1452.086181640625,1452.086181640625,1452.086181640625,1452.086181640625,0,0.0,0
2026-01-16,1451.1903076171875,1473.1885721290346,1448.4031454989463,1452.0861898343726,17167161,-0.06169565104086061,0
2026-01-19,1407.0941162109375,1443.9238298491432,1396.8415931572963,1443.9238298491432,20392765,-3.038622238226951,1
2026-01-20,1387.5843505859375,1409.4830993039366,1383.6027599099377,1404.207443054835,13189498,-1.3865288327362557,0
2026-01-21,1398.1356201171875,1406.3974698374059,1366.681076311502,1383.105138772638,17352720,0.7604056306050433,0
2026-01-22,1396.0452880859375,1412.9670491536458,1388.5798052619484,1403.610286379211,15721693,-0.14950853130218933,0
2026-01-23,1379.720703125,1400.5245389866304,1374.6441992470054,1395.348519642108,9837802,-1.1693449417618407,0
2026-01-27,1374.146484375,1385.195374217857,1361.7040134914885,1373.6487855396595,26302396,-0.404010662257559,0
2026-01-28,1390.2718505859375,1403.4111724845945,1378.526231208921,1378.6257466723232,11121657,1.1734823320726173,0
2026-01-29,1384.59814453125,1396.4434009824272,1377.6303609139109,1396.4434009824272,20846683,-0.40810047706111297,0
2026-01-30,1388.9779052734375,1391.5659148620384,1372.1556606847782,1376.236766748553,11239835,0.31631999215702145,0
2026-02-02,1384.0009765625,1386.4894707948447,1329.35361891851,1333.8329085367304,15711165,-0.3583159020774884,0
2026-02-03,1430.4859619140625,1482.6448239290096,1423.6176937150067,1467.1166446366906,25456171,3.3587393461975035,0
2026-02-04,1450.095458984375,1457.2622740237098,1433.6713964697635,1437.3543194605445,8333387,1.3708276482541581,0
2026-02-05,1436.757080078125,1454.7737543419996,1432.8750047042822,1450.2944646433757,11763658,-0.9198276446980902,0
2026-02-06,1444.123046875,1446.113842295832,1426.9026178813986,1434.865799564727,8277304,0.5126800416723531,0
2026-02-09,1454.873291015625,1459.153549837875,1446.3128948796364,1451.2898835062008,5775864,0.7444133077086468,0
2026-02-10,1451.7874755859375,1464.2299462371711,1445.5164217743147,1464.2299462371711,10259630,-0.2121020056346845,0
2026-02-11,1461.9405517578125,1463.234617369774,1446.91007080626,1452.882456999606,7106877,0.699350031779078,0
2026-02-12,1442.231689453125,1466.2207486838624,1438.8473131178025,1463.2345557130195,11135399,-1.348130215075427,0
2026-02-13,1413.0665283203125,1444.0233720001163,1409.7817888672503,1438.8473526451965,10755693,-2.022224400288386,1
2026-02-16,1430.4859619140625,1432.9744560797708,1402.8139796964888,1413.564201587246,5896514,1.2327398069824858,0
2026-02-17,1416.450927734375,1425.2104761017015,1412.0711535507119,1424.5136248062843,10731630,-0.9811374982602317,0
2026-02-18,1434.666748046875,1435.4629932986807,1412.6683617554224,1420.4325123887006,5521096,1.2860184532927255,0
2026-02-19,1403.0130615234375,1436.3588845536149,1393.5567833507007,1436.3588845536149,11884664,-2.2063441957186347,1
2026-02-20,1412.8675537109375,1420.8307355027325,1399.6287153786739,1403.013091941889,8177670,0.7023806447532088,0
2026-02-23,1421.4278564453125,1428.2961245911818,1411.772547760535,1418.4416634695872,7758856,0.6058814721798367,0
2026-02-24,1422.2242431640625,1426.7035326906043,1408.4877066792656,1418.7403513100855,12529409,0.05602723452611258,0
2026-02-25,1392.063720703125,1433.8704252219175,1387.0867320699354,1428.395737725409,10728792,-2.120658722132207,1
2026-02-26,1400.3255615234375,1406.397463315574,1385.4941111892442,1392.0637118415314,16683858,0.593495879350936,0
2026-02-27,1387.48486328125,1403.9089251530934,1381.711508080472,1391.5659695052796,12031440,-0.9169794935556141,0
2026-03-02,1351.75,1372.2551671563263,1335.3259388807069,1369.1694587628867,23728722,-2.5755137390645833,1
2026-03-04,1338.8099365234375,1346.5740873609554,1300.9848230751916,1323.8789706886037,32495007,-0.9572822989874274,0
2026-03-05,1383.005615234375,1392.5614090361375,1346.8726294272453,1346.8726294272453,25957532,3.301116723536035,0
2026-03-06,1398.334716796875,1417.7449716586152,1383.9014503612218,1390.0728674061675,19311971,1.1083904066363504,0
2026-03-09,1417.4462890625,1422.8214608086796,1363.6948146177142,1368.6718029922313,24870822,1.3667380231682458,0
2026-03-10,1402.3162841796875,1424.9117626543534,1394.1539503917586,1424.015880450879,18071259,-1.0674129241834973,0
2026-03-11,1383.8017578125,1427.4002232775151,1377.2321576556008,1418.34212900751,21848087,-1.320281777802923,0
2026-03-12,1385.7926025390625,1404.4066120742223,1374.7437125844203,1383.6027762448114,20939959,0.14386776973818183,0
2026-03-13,1374.3455810546875,1394.3531723993444,1372.0562392077015,1378.8248707870416,17265090,-0.8260270305528894,0
2026-03-16,1388.6793212890625,1390.8692691567512,1357.224777946389,1373.6488401657623,22837802,1.0429502180503425,0
2026-03-17,1391.167724609375,1399.429573667814,1381.8109624429321,1392.5613056143347,19007744,0.17919207711702967,0
2026-03-18,1401.6195068359375,1406.3974645008152,1390.7696473738063,1390.7696473738063,9559327,0.7512956232144763,0
2026-03-19,1378.4267578125,1409.1844489610974,1369.7667250791762,1381.6119817895922,16498373,-1.6547107763784985,0
2026-03-20,1407.8905029296875,1423.4186824363833,1389.6746767818195,1391.5659566755692,22994918,2.13749079885428,0
2026-03-23,1401.3209228515625,1409.0849519631759,1384.598192981382,1393.5567722314413,18979554,-0.4666257826481779,0
2026-03-24,1405.302490234375,1415.8536813182018,1400.1263494042955,1413.4647025895886,18620893,0.28412958929566745,0
2026-03-25,1406.596435546875,1423.9163794589117,1401.9181150601291,1413.464703831985,19041331,0.09207592824262978,0
2026-03-27,1341.8956298828125,1398.235116023098,1338.809921280448,1394.552193095842,23266517,-4.599812997457741,1
2026-03-30,1337.7149658203125,1358.7178325566667,1327.960019957529,1328.855902170806,24393861,-0.3115491227037581,0
2026-04-01,1362.8984375,1378.028554948465,1356.6275051009459,1377.8294025098971,14404619,1.882573816032962,0
2026-04-02,1344.2845458984375,1351.9490593116357,1321.8880984473344,1350.7546307176451,21280051,-1.3657577915861752,0
2026-04-06,1298.6953125,1352.7454554606609,1284.0630151171836,1352.7454554606609,29274881,-3.3913380569266627,1
2026-04-07,1298.5958251953125,1302.2788696189978,1285.058440671965,1289.040031502862,28388922,-0.007660557771316245,0
2026-04-08,1341.5970458984375,1344.3840865060406,1320.0963587364665,1342.7914745147666,21817543,3.3113629251547483,0
2026-04-09,1323.87890625,1343.7868597274437,1320.195983460075,1339.8052690319548,20725390,-1.3206752133664734,0
2026-04-10,1343.9859619140625,1346.0763943468285,1325.3720730291864,1330.8467605257397,19364461,1.518798703502089,0
2026-04-13,1309.0474853515625,1321.4899565481755,1303.970981405046,1315.1193869938081,28753269,-2.599616182950437,1
2026-04-15,1337.9140625,1340.8007402141902,1328.059600686701,1330.8467629297493,15313779,2.205158901526394,0
2026-04-16,1337.1177978515625,1347.5694738488123,1323.8789596516422,1345.7777093601655,30211012,-0.059515380752450664,0
2026-04-17,1358.7178955078125,1362.1022720767137,1333.832952366644,1333.832952366644,13869105,1.6154221932395352,0
2026-04-20,1357.0257568359375,1366.6810660920328,1346.5740808024586,1356.9261198573818,13614733,-0.12453936740434157,0
2026-04-21,1347.07177734375,1363.4958396538184,1343.8864317482064,1352.7454957201878,27293629,-0.733514411354752,0
2026-04-22,1355.8311767578125,1359.7132520720183,1342.8910067161314,1344.085556855853,9525953,0.6502548387833373,0
2026-04-23,1337.21728515625,1349.261572940554,1334.529638479888,1339.8052948565,16385079,-1.3728767947403075,0
2026-04-24,1321.6890869140625,1339.7057606040942,1318.9019248091768,1333.8328899956957,11744802,-1.1612322406057696,0
2026-04-27,1359.51416015625,1365.2873936261717,1304.9663202853897,1306.9571155871217,24673098,2.861873765675349,0
2026-04-28,1382.5078125,1388.7787447541255,1350.75460334444,1351.7500009887617,41027699,1.6913139279922884,0
2026-04-29,1418.83984375,1427.2012083655534,1384.896807968084,1385.5935377241706,30542143,2.6279801764230504,0
2026-04-30,1424.215087890625,1430.386505071105,1386.6885214286783,1402.5153692729207,30957881,0.3788478427852793,0
2026-05-01,1424.215087890625,1424.215087890625,1424.215087890625,1424.215087890625,0,0.0,0
2026-05-04,1456.3663330078125,1460.6465916696056,1426.8030702776819,1426.8030702776819,24035700,2.2574711776720546,0
2026-05-05,1456.864013671875,1466.6189594959255,1443.3266295857375,1453.280606341501,23543341,0.03417276634201105,0
2026-05-06,1431.2823486328125,1466.519450812893,1420.9301884572374,1456.2668061036345,14221786,-1.7559404857963812,0
2026-05-07,1429.590087890625,1442.828925531327,1423.717338832762,1432.1782190445704,19816903,-0.11823388612344221,0
2026-05-08,1428.5947265625,1436.1598462687914,1410.9762359236815,1419.4371163507371,8663105,-0.06962564559982454,0
2026-05-11,1381.81103515625,1421.427912122738,1375.6396180347506,1413.4647305422184,15261787,-3.27480499097329,1
2026-05-12,1357.722412109375,1387.0866431630602,1354.0394893602804,1385.593546668805,24357500,-1.7432646312707356,0
2026-05-13,1352.54638671875,1366.0837705701026,1346.1758174038478,1355.1343963286624,13797989,-0.381228544543466,0
2026-05-14,1355.5325927734375,1371.6579863902991,1352.148216400817,1358.9168476375535,17303059,0.22078400297471656,0
2026-05-15,1330.24951171875,1358.5188307246153,1323.082575367519,1350.5556491178086,19976192,-1.8651769193507861,0
2026-05-18,1329.7518310546875,1335.8237328112184,1312.6309174607939,1327.860551095503,13022473,-0.03741258009706261,0
2026-05-19,1316.6124267578125,1337.8144453658963,1312.3322897558653,1332.5387892026445,21665501,-0.9881095096107906,0
2026-05-20,1353.442138671875,1356.6274840630256,1306.558933569541,1312.6308349443716,13248515,2.7973085446836077,0
2026-05-21,1343.388671875,1364.590690861155,1339.0088978228712,1360.9076465750106,17150630,-0.7428072844503308,0
2026-05-22,1348.26611328125,1361.106767233248,1342.8909416840763,1343.7868238683554,7105813,0.36307001155833074,0
2026-05-25,1360.7086181640625,1364.7897243191815,1350.7546414401118,1360.5095872329855,6750071,0.9228523034322533,0
2026-05-26,1350.0579833984375,1362.2017870434288,1346.1759079681497,1353.8404218493883,13769747,-0.782727074955647,0
2026-05-27,1344.2845458984375,1354.736221375619,1342.393266034199,1346.7730400596713,13215138,-0.4276436694568342,0
2026-05-28,1344.2845458984375,1344.2845458984375,1344.2845458984375,1344.2845458984375,0,0.0,0
2026-05-29,1315.119384765625,1362.6994431442622,1310.9387630540493,1357.7224546740495,42634247,-2.1695675384946322,1
2026-06-01,1313.9249267578125,1329.353590670499,1312.4318302501333,1326.3673976551404,10700603,-0.09082506285353897,0
2026-06-02,1308.5498046875,1321.689127358814,1294.3156903458798,1301.6815361898255,23302785,-0.4090889791988239,0
2026-06-03,1307.15625,1317.906594083847,1295.0124463014238,1308.9480145168118,20012293,-0.1064961136754583,0
2026-06-04,1297.699951171875,1305.1654340270677,1287.1487597049047,1295.0124259474096,23474327,-0.7234252850892964,0
2026-06-05,1291.0,1306.0,1288.0,1304.5,17785223,-0.5162943225685335,0
2026-06-08,1263.300048828125,1282.5999755859375,1259.199951171875,1277.0,16494759,-2.1456197654434517,1
2026-06-09,1269.199951171875,1274.199951171875,1257.5,1269.0,23620214,0.46702304406802675,0
2026-06-10,1258.800048828125,1300.5,1254.4000244140625,1275.0,21012796,-0.819406141179535,0
2026-06-11,1263.0,1276.0,1253.199951171875,1258.0,13117486,0.3336472043979466,0
2026-06-12,1293.0,1297.0,1262.5,1277.0,11988785,2.375296912114022,0
2026-06-15,1307.0,1325.0,1303.300048828125,1315.300048828125,18633321,1.0827532869296164,0
2026-06-16,1328.800048828125,1333.4000244140625,1306.4000244140625,1313.4000244140625,18513223,1.66794558746175,0
2026-06-17,1332.699951171875,1334.0,1317.0,1333.0,10029170,0.2934905328449755,0
2026-06-18,1328.0999755859375,1333.9000244140625,1322.0,1330.0,15494549,-0.3451621335989863,0
2026-06-19,1309.5,1338.199951171875,1305.300048828125,1328.0,24887034,-1.4004951380058195,0
2026-06-22,1326.5,1344.9000244140625,1314.0999755859375,1316.699951171875,12931213,1.298205421916765,0
2026-06-23,1309.5,1333.0,1304.0,1328.9000244140625,15400184,-1.2815680361854542,0
2026-06-24,1313.5999755859375,1322.0,1297.5,1305.699951171875,11030917,0.31309473737590743,0
2026-06-25,1318.0999755859375,1328.0,1314.5999755859375,1318.0,12694362,0.342570042907675,0
2026-06-26,1318.0999755859375,1318.0999755859375,1318.0999755859375,1318.0999755859375,0,0.0,0
2026-06-29,1301.0,1313.699951171875,1292.5999755859375,1308.0,13757656,-1.297320074551711,0
2026-06-30,1293.9000244140625,1306.9000244140625,1290.0,1306.9000244140625,15695263,-0.5457321741689114,0
2026-07-01,1308.0,1312.199951171875,1296.5,1298.9000244140625,7001401,1.0897268196839782,0
2026-07-02,1303.5,1313.199951171875,1299.0,1310.0,17795024,-0.34403669724770714,0
2026-07-03,1304.0,1312.0,1302.0,1312.0,7839550,0.03835826620637306,0
2026-07-06,1321.300048828125,1325.5999755859375,1299.4000244140625,1304.0,7610709,1.3266908610525263,0
2026-07-07,1308.4000244140625,1328.0,1304.0999755859375,1323.5,14335554,-0.9763130203093273,0
2026-07-08,1275.9000244140625,1302.300048828125,1271.5999755859375,1297.0,19960868,-2.483949816078179,1
2026-07-09,1279.800048828125,1296.5,1274.199951171875,1277.0999755859375,14651963,0.30566849591946443,0
2026-07-10,1307.800048828125,1311.0999755859375,1287.800048828125,1291.9000244140625,8412537,2.187841766816523,0
2026-07-13,1296.9000244140625,1306.4000244140625,1295.0,1300.0,9488352,-0.8334626095043873,0
2026-07-14,1293.0,1308.0,1286.9000244140625,1290.0,13511284,-0.30071897144303694,0
2026-07-15,1295.5,1310.9000244140625,1294.0999755859375,1294.0999755859375,9577965,0.19334880123742515,0
2026-07-16,1296.5999755859375,1309.4000244140625,1291.800048828125,1295.5,15631046,0.0849074168998376,0
2026-07-17,1327.199951171875,1330.300048828125,1296.0999755859375,1300.0,18302218,2.3600166714571547,0
2026-07-20,1323.0999755859375,1345.9000244140625,1314.9000244140625,1317.199951171875,14305844,-0.3089192086179193,0
2026-07-21,1303.699951171875,1326.9000244140625,1302.699951171875,1321.0,12753410,-1.4662553678508772,0
2026-07-22,1288.5999755859375,1304.5999755859375,1280.699951171875,1302.0,10840383,-1.1582400975289064,0
2026-07-23,1272.199951171875,1287.300048828125,1268.0,1283.0,12580741,-1.272700971968066,0
2026-07-24,1278.0,1283.4000244140625,1249.800048828125,1265.0,9817000,0.45590701546422974,0
